stock,market,relative_day,expected_return,abnormal_return,event_id,alignment_rule
-0.0005120225603264,-0.0013757239543792,-5,0.0004563433824024,-0.0009683659427288,0001628280-16-020309_acceptance,acceptance
-0.0039297735116662,-8.414160005176807e-05,-4,0.0015568963038873,-0.0054866698155536,0001628280-16-020309_acceptance,acceptance
0.0090052185245996,0.0047498395416929,-3,0.005675915157099,0.0033293033675006,0001628280-16-020309_acceptance,acceptance
0.005099994342792,-0.0037977277864983,-2,-0.0016074378270229,0.006707432169815,0001628280-16-020309_acceptance,acceptance
-0.0224948966125865,-0.0017404116452881,-1,0.0001455942440957,-0.0226404908566822,0001628280-16-020309_acceptance,acceptance
-0.0096027039357859,-0.0029867267366989,0,-0.0009163865969611,-0.0086863173388247,0001628280-16-020309_acceptance,acceptance
-0.0066387990056119,-0.0031082993435224,1,-0.0010199782008289,-0.0056188208047829,0001628280-16-020309_acceptance,acceptance
-0.0015828727622448,-0.0001222764078291,2,0.001524401764171,-0.0031072745264159,0001628280-16-020309_acceptance,acceptance
-0.0180555215809805,-0.0067868834764276,3,-0.0041544872012287,-0.0139010343797517,0001628280-16-020309_acceptance,acceptance
0.0008972622728147,-0.0065255002974123,4,-0.0039317634853709,0.0048290257581856,0001628280-16-020309_acceptance,acceptance
-0.0107189280055501,-0.0044234008389461,5,-0.0021405717022719,-0.0085783563032782,0001628280-16-020309_acceptance,acceptance
0.0358299978162983,0.0080730224980496,-5,0.0123748028753203,0.023455194940978,0000320193-17-000070_acceptance,acceptance
0.0225082192850873,-0.0031924705707864,-4,-0.0061468192712293,0.0286550385563167,0000320193-17-000070_acceptance,acceptance
0.0139156495433108,0.0009444586571358,-3,0.0006547152500209,0.0132609342932898,0000320193-17-000070_acceptance,acceptance
-0.0127188881641988,0.0015921101716727,-2,0.0017195205418616,-0.0144384087060605,0000320193-17-000070_acceptance,acceptance
0.0073104649261217,0.0001899658108865,-1,-0.0005857481123117,0.0078962130384334,0000320193-17-000070_acceptance,acceptance
0.0261136097155492,0.0030970753849743,0,0.0041938371877601,0.021919772527789,0000320193-17-000070_acceptance,acceptance
0.0101446861174743,0.0012712512404724,1,0.0011919956612617,0.0089526904562125,0000320193-17-000070_acceptance,acceptance
0.0032138330659998,-0.0001891029228697,2,-0.0012089758584304,0.0044228089244303,0000320193-17-000070_acceptance,acceptance
0.0081807228701009,0.0014436550000984,3,0.0014754450649342,0.0067052778051667,0000320193-17-000070_acceptance,acceptance
-0.0020427459684529,-0.003761887644002,4,-0.0070829991445337,0.0050402531760807,0000320193-17-000070_acceptance,acceptance
-0.0033098655410228,-0.0008976438525517,5,-0.0023738895727922,-0.0009359759682306,0000320193-17-000070_acceptance,acceptance
-0.0187701150635198,-0.0065595995737004,-5,-0.0061519711969964,-0.0126181438665233,0000320193-18-000145_acceptance,acceptance
0.0049944098672407,0.0156667800520586,-4,0.0187918673132568,-0.013797457446016,0000320193-18-000145_acceptance,acceptance
0.0260665559369355,0.0108513319740386,-3,0.0133876691831468,0.0126788867537886,0000320193-18-000145_acceptance,acceptance
0.0153522346949481,0.0105578436930637,-2,0.013058298210071,0.0022939364848771,0000320193-18-000145_acceptance,acceptance
-0.0663305609370209,-0.0063166863793988,-1,-0.0058793587611121,-0.0604512021759088,0000320193-18-000145_acceptance,acceptance
-0.0283884626229588,0.0056003171696019,0,0.0074946507292993,-0.0358831133522581,0000320193-18-000145_acceptance,acceptance
0.0108137866909063,0.0062592957741707,1,0.008234197887714,0.0025795888031923,0000320193-18-000145_acceptance,acceptance
0.0303286503210951,0.0212088560641052,2,0.0250115329260867,0.0053171173950083,0000320193-18-000145_acceptance,acceptance
-0.0034891879858288,-0.0025089163835961,3,-0.0016060402333653,-0.0018831477524635,0000320193-18-000145_acceptance,acceptance
-0.0192816539450082,-0.0091990137061033,4,-0.009114087429549,-0.0101675665154591,0000320193-18-000145_acceptance,acceptance
-0.0503744090711271,-0.0197014893402406,5,-0.0209006248947951,-0.0294737841763319,0000320193-18-000145_acceptance,acceptance
0.0016450178576439,0.0019204463587332,-5,0.0040204846988822,-0.0023754668412382,0000320193-19-000119_acceptance,acceptance
0.0123163924348481,0.0040727005061091,-4,0.0073074144495143,0.0050089779853338,0000320193-19-000119_acceptance,acceptance
0.0100167798618957,0.0055813378684714,-3,0.0096114104879512,0.0004053693739444,0000320193-19-000119_acceptance,acceptance
-0.0231278793090193,-0.0008324053147991,-2,-0.0001836796075695,-0.0229441997014498,0000320193-19-000119_acceptance,acceptance
-0.0001231996430937,0.0032533701591457,-1,0.0060561303963213,-0.006179330039415,0000320193-19-000119_acceptance,acceptance
0.0226094297970964,-0.0030228605633046,0,-0.0035289502079395,0.026138380005036,0000320193-19-000119_acceptance,acceptance
0.0283809374539372,0.009662312168146,1,0.0158438881223977,0.0125370493315394,0000320193-19-000119_acceptance,acceptance
0.0065669151442009,0.0037040890497046,2,0.006744469797296,-0.000177554653095,0000320193-19-000119_acceptance,acceptance
-0.001436764308223,-0.0011856992143612,3,-0.0007232312356166,-0.0007135330726064,0000320193-19-000119_acceptance,acceptance
0.0004280565662961,0.0007024972279667,4,0.00216042870245,-0.0017323721361538,0000320193-19-000119_acceptance,acceptance
0.0115408375563321,0.0027300951851503,5,0.0052569831014334,0.0062838544548986,0000320193-19-000119_acceptance,acceptance
-0.0061339733504397,0.0034457613537031,-5,0.0064429794668748,-0.0125769528173146,0000320193-20-000096_acceptance,acceptance
8.697635495469314e-05,-0.0185895162945356,-4,-0.0210144123469146,0.0211013887018693,0000320193-20-000096_acceptance,acceptance
0.0134722936318179,-0.0030256189119989,-3,-0.0016207820326589,0.0150930756644768,0000320193-20-000096_acceptance,acceptance
-0.0463121875364586,-0.0352878787606047,-2,-0.0418216600793336,-0.0044905274571249,0000320193-20-000096_acceptance,acceptance
0.0370503936070263,0.0119473308942383,-1,0.0170364890941662,0.02001390451286,0000320193-20-000096_acceptance,acceptance
-0.0560179466703402,-0.0121295501301756,0,-0.0129648735614194,-0.0430530731089207,0000320193-20-000096_acceptance,acceptance
-0.0008269368364889,0.0123182026012718,1,0.0174986194078943,-0.0183255562443832,0000320193-20-000096_acceptance,acceptance
0.0153537308129931,0.0177992900964345,2,0.0243284115858192,-0.008974680772826,0000320193-20-000096_acceptance,acceptance
0.0408364337905222,0.0220470477016834,3,0.0296213943545952,0.0112150394359269,0000320193-20-000096_acceptance,acceptance
0.0354938006331166,0.0194601941389629,4,0.0263980062507385,0.0090957943823781,0000320193-20-000096_acceptance,acceptance
-0.0011361769481013,-0.0002877151874185,5,0.0017908244156149,-0.0029270013637162,0000320193-20-000096_acceptance,acceptance
-0.0052847452692288,-0.001072553627413,-5,-0.0006709201160021,-0.0046138251532266,0000320193-21-000105_acceptance,acceptance
-0.0003366807465853,0.0047481965694935,-4,0.0068602398295361,-0.0071969205761214,0000320193-21-000105_acceptance,acceptance
0.0045750326295634,0.0018197952535197,-3,0.0030713366900328,0.0015036959395306,0000320193-21-000105_acceptance,acceptance
-0.003147570483766,-0.0050515680684628,-2,-0.0058191558532234,0.0026715853694574,0000320193-21-000105_acceptance,acceptance
0.0249918574041498,0.0098292815764611,-1,0.0134343862178634,0.0115574711862864,0000320193-21-000105_acceptance,acceptance
-0.0181560329066048,0.0019493347191492,0,0.0032389409338009,-0.0213949738404058,0000320193-21-000105_acceptance,acceptance
-0.0056073294530846,0.0018000771431341,1,0.003045824472859,-0.0086531539259437,0000320193-21-000105_acceptance,acceptance
0.0071159789997909,0.0036803630854131,2,0.005478626722675,0.0016373522771159,0000320193-21-000105_acceptance,acceptance
0.0097989825817996,0.0064612791953579,3,0.0090767065767543,0.0007222760050452,0000320193-21-000105_acceptance,acceptance
-0.0034987223157658,0.0041819423611504,4,0.0061275935436445,-0.0096263158594104,0000320193-21-000105_acceptance,acceptance
0.0035822006071719,0.0037327996529492,5,0.0055464716161595,-0.0019642710089875,0000320193-21-000105_acceptance,acceptance
0.0270589769522517,0.0237248198222648,-5,0.0303413881409657,-0.0032824111887139,0000320193-22-000108_acceptance,acceptance
0.0148028866326126,0.0118819766546198,-4,0.0154791798809221,-0.0006762932483095,0000320193-22-000108_acceptance,acceptance
0.0193374099479277,0.0162666545796699,-3,0.0209817433745724,-0.0016443334266447,0000320193-22-000108_acceptance,acceptance
-0.0196270957000262,-0.0073877160723645,-2,-0.0087033734435969,-0.0109237222564293,0000320193-22-000108_acceptance,acceptance
-0.0304652959016107,-0.0060826106182112,-1,-0.0070655278024473,-0.0233997680991633,0000320193-22-000108_acceptance,acceptance
0.0755523267088615,0.0246263778959276,0,0.0314728008988335,0.044079525810028,0000320193-22-000108_acceptance,acceptance
-0.015410273355746,-0.0074544041076575,1,-0.0087870637749596,-0.0066232095807864,0000320193-22-000108_acceptance,acceptance
-0.017542868250589,-0.0041012306087846,2,-0.0045789895678756,-0.0129638786827133,0000320193-22-000108_acceptance,acceptance
-0.0373048918724752,-0.0250019848573428,3,-0.0308084479873469,-0.0064964438851282,0000320193-22-000108_acceptance,acceptance
-0.0424051632258318,-0.0105859923154296,4,-0.0127170589179977,-0.0296881043078341,0000320193-22-000108_acceptance,acceptance
-0.0019473027437433,0.0136187246700705,5,0.0176587165289598,-0.0196060192727031,0000320193-22-000108_acceptance,acceptance
0.0079693465571357,-0.0048002802297685,-5,-0.0054848024438321,0.0134541490009678,0000320193-23-000106_acceptance,acceptance
0.0123050202765397,0.0120100223258599,-4,0.0132187562301151,-0.0009137359535753,0000320193-23-000106_acceptance,acceptance
0.0028190400769398,0.0064749573072333,-3,0.0070603058989917,-0.0042412658220518,0000320193-23-000106_acceptance,acceptance
0.0187385054983428,0.0105059994863139,-2,0.0115453431946676,0.0071931623036752,0000320193-23-000106_acceptance,acceptance
0.0206932060917308,0.0188585570201276,-1,0.0208386054303849,-0.0001453993386541,0000320193-23-000106_acceptance,acceptance
-0.0051810967004507,0.0093937302530313,0,0.0103078049173472,-0.015488901617798,0000320193-23-000106_acceptance,acceptance
0.0146052818998527,0.0017529924220356,1,0.0018065309003351,0.0127987509995176,0000320193-23-000106_acceptance,acceptance
0.0144510383785141,0.0028401189192852,2,0.0030160947472691,0.0114349436312449,0000320193-23-000106_acceptance,acceptance
0.0058846204749816,0.0010049156221052,3,0.000974202138029,0.0049104183369525,0000320193-23-000106_acceptance,acceptance
-0.0026245711543073,-0.0080838393067328,4,-0.0091381715400838,0.0065136003857764,0000320193-23-000106_acceptance,acceptance
0.0232202171549826,0.0156164410948524,5,0.0172313470104097,0.0059888701445729,0000320193-23-000106_acceptance,acceptance
0.0036431749261158,-0.0002994471699301,-5,0.0008989520000841,0.0027442229260316,0000320193-24-000123_acceptance,acceptance
0.0085993400876005,0.0026514435020339,-4,0.0040008901631039,0.0045984499244966,0000320193-24-000123_acceptance,acceptance
0.0011568830752404,0.0016141272481633,-3,0.002910476714184,-0.0017535936389436,0000320193-24-000123_acceptance,acceptance
-0.0152779161476013,-0.0033002338893437,-2,-0.0022554362435969,-0.0130224799040043,0000320193-24-000123_acceptance,acceptance
-0.0182095503531156,-0.0186147008716995,-1,-0.0183538061460157,0.0001442557929001,0000320193-24-000123_acceptance,acceptance
-0.0132796264592964,0.0040925095436261,0,0.0055157201743667,-0.0187953466336632,0000320193-24-000123_acceptance,acceptance
-0.0040374975867026,-0.0028120834782999,1,-0.0017422988360688,-0.0022951987506338,0000320193-24-000123_acceptance,acceptance
0.0064861286472346,0.0122656445452913,2,0.0141072141304281,-0.0076210854831935,0000320193-24-000123_acceptance,acceptance
-0.0032669229763897,0.0252959277864259,3,0.0278044795847695,-0.0310714025611593,0000320193-24-000123_acceptance,acceptance
0.0213722332641801,0.0074312297274883,4,0.0090253397113972,0.0123468935527828,0000320193-24-000123_acceptance,acceptance
-0.0011882751173445,0.0037568333092317,5,0.0051628616520976,-0.0063511367694421,0000320193-24-000123_acceptance,acceptance
0.0124817513769361,0.0079024225878738,-5,0.0112169752637416,0.0012647761131945,0000320193-25-000079_acceptance,acceptance
0.0227913882702301,0.0122900508656711,-4,0.0172292385516511,0.005562149718579,0000320193-25-000079_acceptance,acceptance
0.0007067041980304,0.0022879438603986,-3,0.0035235878123108,-0.0028168836142804,0000320193-25-000079_acceptance,acceptance
0.00260220986863,-4.3578255173426506e-05,-2,0.0003287581838901,0.0022734516847398,0000320193-25-000079_acceptance,acceptance
0.0063033475055775,-0.0099048124395192,-1,-0.0131838578597336,0.0194872053653112,0000320193-25-000079_acceptance,acceptance
-0.0037951561451634,0.0026179217059763,0,0.0039757486521042,-0.0077709047972676,0000320193-25-000079_acceptance,acceptance
-0.0048823604449951,0.0017207127269924,1,0.0027463244018267,-0.0076286848468218,0000320193-25-000079_acceptance,acceptance
0.0036798499780619,-0.0117368300845838,2,-0.0156942283225099,0.0193740783005718,0000320193-25-000079_acceptance,acceptance
0.0003703449539222,0.0036535556982648,3,0.0053948534251898,-0.0050245084712675,0000320193-25-000079_acceptance,acceptance
-0.0013698257358518,-0.011178189042419,4,-0.0149287357109496,0.0135589099750977,0000320193-25-000079_acceptance,acceptance
-0.0048189630202891,0.001261841800771,5,0.0021175444211773,-0.0069365074414664,0000320193-25-000079_acceptance,acceptance
-0.0069033286425965,0.0035660501028451,-5,0.0031268509774391,-0.0100301796200357,0001551152-17-000004_acceptance,acceptance
0.0014895476775695,0.0052458450979924,-4,0.0049513308080759,-0.0034617831305063,0001551152-17-000004_acceptance,acceptance
0.0051233439748035,0.0040073351766347,-3,0.0036061450097562,0.0015171989650472,0001551152-17-000004_acceptance,acceptance
0.0136464684464487,0.0049923089198982,-2,0.0046759569412613,0.0089705115051874,0001551152-17-000004_acceptance,acceptance
-0.0027573335978362,-0.0008641180363413,-1,-0.0016848983369865,-0.0010724352608496,0001551152-17-000004_acceptance,acceptance
0.0047170538439094,0.0016785565287558,0,0.0010767829832308,0.0036402708606785,0001551152-17-000004_acceptance,acceptance
0.0009714200495363,0.0060480661608284,1,0.00582264912554,-0.0048512290760037,0001551152-17-000004_acceptance,acceptance
-0.0076016008633115,-0.001082200145408,2,-0.0019217643894301,-0.0056798364738813,0001551152-17-000004_acceptance,acceptance
0.0094522815839419,0.0004189867216857,3,-0.0002912766400667,0.0097435582240087,0001551152-17-000004_acceptance,acceptance
0.0024219306903234,0.0014933641914423,4,0.0008756395787124,0.001546291111611,0001551152-17-000004_acceptance,acceptance
0.0020937292966558,0.0010179830611165,5,0.00035931271344,0.0017344165832158,0001551152-17-000004_acceptance,acceptance
0.0259957024029249,0.0149360902084947,-5,0.0198269475268339,0.0061687548760909,0001551152-18-000014_acceptance,acceptance
0.0056599452405741,0.0139145847540425,-4,0.0186267661539758,-0.0129668209134017,0001551152-18-000014_acceptance,acceptance
-0.0006250724772951,0.002612929746329,-3,0.0053482899954715,-0.0059733624727666,0001551152-18-000014_acceptance,acceptance
0.0109064271955288,0.0134024582572458,-2,0.0180250614060242,-0.0071186342104953,0001551152-18-000014_acceptance,acceptance
0.0160950974064151,0.0120691127622993,-1,0.0164584947081722,-0.0003633973017571,0001551152-18-000014_acceptance,acceptance
0.0322013286107352,0.0003734693722488,0,0.002717115962567,0.0294842126481681,0001551152-18-000014_acceptance,acceptance
-0.0052274404171938,-0.0058413894593534,1,-0.0045848105931079,-0.0006426298240858,0001551152-18-000014_acceptance,acceptance
-0.0005932037778503,-0.0054965031281792,2,-0.0041795987084092,0.0035863949305589,0001551152-18-000014_acceptance,acceptance
-0.0029684274750358,0.0009735510790762,3,0.003422160545137,-0.0063905880201729,0001551152-18-000014_acceptance,acceptance
0.0101224419146799,0.0160283763505131,4,0.021110290142155,-0.0109878482274751,0001551152-18-000014_acceptance,acceptance
0.0234944981826081,0.0117570153438109,5,0.0160918069860906,0.0074026911965174,0001551152-18-000014_acceptance,acceptance
-0.0155020315985785,-0.0035264367908802,-5,-0.0039027006599472,-0.0115993309386312,0001551152-19-000008_acceptance,acceptance
0.0161270527942107,0.0064111023949868,-4,0.0051181354433836,0.0110089173508271,0001551152-19-000008_acceptance,acceptance
0.0033742333492434,0.0012318625699112,-3,0.0004166622991774,0.002957571050066,0001551152-19-000008_acceptance,acceptance
0.0027403850692175,-0.0007904570968998,-2,-0.001419105482125,0.0041594905513426,0001551152-19-000008_acceptance,acceptance
-0.0136631809378466,-0.0005440493877303,-1,-0.0011954280185758,-0.0124677529192708,0001551152-19-000008_acceptance,acceptance
-0.0021406954686593,-0.0028255083152146,0,-0.0032664303740268,0.0011257349053674,0001551152-19-000008_acceptance,acceptance
0.0108529587287695,0.0068953205934343,1,0.0055576862139261,0.0052952725148433,0001551152-19-000008_acceptance,acceptance
-0.0079900080036464,-0.003880558492514,2,-0.0042241558785202,-0.0037658521251262,0001551152-19-000008_acceptance,acceptance
-0.0069217351812519,-0.0011315328231061,3,-0.0017287181706775,-0.0051930170105744,0001551152-19-000008_acceptance,acceptance
-0.0103915444277821,-0.0065240986535923,4,-0.0066238387456404,-0.0037677056821416,0001551152-19-000008_acceptance,acceptance
0.0019206512784306,-0.0081257175586835,5,-0.0080777139327059,0.0099983652111366,0001551152-19-000008_acceptance,acceptance
-0.0249515694098355,-0.0016304457368023,-5,-0.0001663675328349,-0.0247852018770006,0001551152-20-000007_acceptance,acceptance
-0.0136336438613207,0.0018435333204338,-4,0.0033056523163429,-0.0169392961776636,0001551152-20-000007_acceptance,acceptance
-0.0046785365986417,-0.0029199426368901,-3,-0.0014551371997769,-0.0032233993988647,0001551152-20-000007_acceptance,acceptance
0.0056618750994363,0.0047057858811645,-2,0.0061662906623102,-0.0005044155628738,0001551152-20-000007_acceptance,acceptance
0.0009559345257283,-0.0038155197636281,-1,-0.0023502092509533,0.0033061437766817,0001551152-20-000007_acceptance,acceptance
0.0077469387866402,-0.0105181030271228,0,-0.0090490124815448,0.016795951268185,0001551152-20-000007_acceptance,acceptance
-0.0191660104057467,-0.0335136266712231,1,-0.032031567419016,0.0128655570132693,0001551152-20-000007_acceptance,acceptance
-0.0425164315223784,-0.0302799955650561,2,-0.0287997599726974,-0.013716671549681,0001551152-20-000007_acceptance,acceptance
-0.0086342122209442,-0.003778540605322,3,-0.0023132509476563,-0.0063209612732879,0001551152-20-000007_acceptance,acceptance
-0.0338197542911852,-0.0441632425840791,4,-0.042675177304498,0.0088554230133128,0001551152-20-000007_acceptance,acceptance
0.0033946112672031,-0.0082383404443618,5,-0.0067705356086714,0.0101651468758746,0001551152-20-000007_acceptance,acceptance
-0.002883023986251,0.0016624551635393,-5,0.002404979753734,-0.0052880037399851,0001551152-21-000008_acceptance,acceptance
0.0066504802838318,0.0047110331133788,-4,0.0044409229262423,0.0022095573575895,0001551152-21-000008_acceptance,acceptance
-0.0022980219352229,-0.0005692724183511,-3,0.0009145568063767,-0.0032125787415997,0001551152-21-000008_acceptance,acceptance
0.02005749464617,-0.0003204020092266,-2,0.0010807608590968,0.0189767337870732,0001551152-21-000008_acceptance,acceptance
-0.0021636755459297,-0.0044158356273545,-1,-0.0016543078353832,-0.0005093677105465,0001551152-21-000008_acceptance,acceptance
-0.0099002789909764,-0.0018548966445751,0,5.597358860803445e-05,-0.0099562525795844,0001551152-21-000008_acceptance,acceptance
0.0195220359248484,-0.0077328394581538,1,-0.0038695148642391,0.0233915507890875,0001551152-21-000008_acceptance,acceptance
-0.0073790313606204,0.0012563181187927,2,0.0021337477377057,-0.0095127790983262,0001551152-21-000008_acceptance,acceptance
0.0227722573001041,0.011351613765979,3,0.0088757266490283,0.0138965306510757,0001551152-21-000008_acceptance,acceptance
-0.0125126735992884,-0.0244788075251262,4,-0.0150530371208336,0.0025403635215452,0001551152-21-000008_acceptance,acceptance
0.003819993147524,-0.0047502141699028,5,-0.0018776171034865,0.0056976102510105,0001551152-21-000008_acceptance,acceptance
-0.0049052123518293,-0.0189694543445634,-5,-0.0074981127818507,0.0025929004300213,0001551152-22-000007_acceptance,acceptance
0.0069715128754788,-0.0038405967262932,-4,-0.0004141471575183,0.0073856600329971,0001551152-22-000007_acceptance,acceptance
0.0123076122688126,0.0157667211707204,-3,0.0087668213909636,0.0035407908778489,0001551152-22-000007_acceptance,acceptance
0.0076679220945359,0.000881207755895,-2,0.0017967997282693,0.0058711223662665,0001551152-22-000007_acceptance,acceptance
-0.0061697276682725,-0.021173138152195,-1,-0.0085299699606312,0.0023602422923587,0001551152-22-000007_acceptance,acceptance
-0.0064843445201028,-0.0071661613961429,0,-0.0019713160064246,-0.0045130285136781,0001551152-22-000007_acceptance,acceptance
0.0106228290474117,-0.0101429452648328,1,-0.0033651710567492,0.0139880001041609,0001551152-22-000007_acceptance,acceptance
0.0082442136065454,-0.0184121228454876,2,-0.0072371468001204,0.0154813604066659,0001551152-22-000007_acceptance,acceptance
-0.0101528277397962,0.0149568560673292,3,0.0083876085847144,-0.0185404363245106,0001551152-22-000007_acceptance,acceptance
0.0293935917708827,0.0223726776556034,4,0.011860007263652,0.0175335845072306,0001551152-22-000007_acceptance,acceptance
-0.0118361230392882,-0.0024426034406476,5,0.000240451929104,-0.0120765749683923,0001551152-22-000007_acceptance,acceptance
0.0225288650103048,0.0021952617756952,-5,0.0022635628349666,0.0202653021753381,0001551152-23-000011_acceptance,acceptance
0.0110486752072924,0.0114486093427661,-4,0.0066749819603906,0.0043736932469017,0001551152-23-000011_acceptance,acceptance
-0.0074155255573439,-0.0002804145319874,-3,0.0010833147428129,-0.0084988403001568,0001551152-23-000011_acceptance,acceptance
-0.010026650514291,0.002773175690496,-2,0.0025390761535923,-0.0125657266678834,0001551152-23-000011_acceptance,acceptance
-0.0101287740683995,-0.0137887414891306,-1,-0.0053566132356068,-0.0047721608327926,0001551152-23-000011_acceptance,acceptance
0.0119041528255126,-0.0027674058253277,0,-0.0001023276289538,0.0120064804544664,0001551152-23-000011_acceptance,acceptance
0.0045602850486312,-0.0200412342553273,1,-0.0083374119109458,0.012897696959577,0001551152-23-000011_acceptance,acceptance
-0.0087501387517782,-0.0015735561458868,2,0.00046682545544,-0.0092169642072182,0001551152-23-000011_acceptance,acceptance
0.0092918095612293,0.0053294294160743,3,0.0037577385341758,0.0055340710270535,0001551152-23-000011_acceptance,acceptance
0.0042087315536534,-0.0105375514855581,4,-0.0038066485705827,0.0080153801242361,0001551152-23-000011_acceptance,acceptance
0.0102806780022892,0.0030730045671669,5,0.0026820158660924,0.0075986621361968,0001551152-23-000011_acceptance,acceptance
-0.0058018842918344,-0.0009489536011326,-5,0.000663591685078,-0.0064654759769124,0001551152-24-000011_acceptance,acceptance
0.0012710122697328,-0.0136742556536254,-4,-0.0044241621041703,0.0056951743739031,0001551152-24-000011_acceptance,acceptance
0.0065208385714115,0.0095797632750176,-3,0.0048731199903069,0.0016477185811045,0001551152-24-000011_acceptance,acceptance
0.0124413151124498,0.0058212506847294,-2,0.0033704140746206,0.0090709010378291,0001551152-24-000011_acceptance,acceptance
0.0050966266805549,-0.0048034698371121,-1,-0.0008774978312593,0.0059741245118143,0001551152-24-000011_acceptance,acceptance
-0.0098034136512759,-0.0060053220011653,0,-0.0013580151405188,-0.008445398510757,0001551152-24-000011_acceptance,acceptance
-0.003471001699377,0.0012641999229821,1,0.0015484414263301,-0.0050194431257072,0001551152-24-000011_acceptance,acceptance
0.0091928103865934,0.021122884217414,2,0.0094882212328684,-0.0002954108462749,0001551152-24-000011_acceptance,acceptance
0.0075812995112891,0.0003479475462115,3,0.0011821109076051,0.006399188603684,0001551152-24-000011_acceptance,acceptance
0.004042940786235,-0.0037867513501905,4,-0.0004709995561618,0.0045139403423968,0001551152-24-000011_acceptance,acceptance
0.0010066885146076,0.0017063496993998,5,0.0017252190926759,-0.0007185305780682,0001551152-24-000011_acceptance,acceptance
-0.012281770148402,-0.0094647701115428,-5,-0.0031670104487364,-0.0091147596996655,0001551152-25-000020_acceptance,acceptance
-0.001364021033853,0.0067125410858628,-4,0.0005030366119843,-0.0018670576458373,0001551152-25-000020_acceptance,acceptance
0.0078282139462206,0.0003395827888592,-3,-0.0009427572273382,0.0087709711735589,0001551152-25-000020_acceptance,acceptance
0.0060989868165011,-0.0027238667143857,-2,-0.001637743168318,0.0077367299848191,0001551152-25-000020_acceptance,acceptance
0.0023316717613555,0.0104262921222306,-1,0.0013455524608144,0.0009861193005411,0001551152-25-000020_acceptance,acceptance
-0.0029983760141839,-7.194380749464546e-05,0,-0.0010361177343426,-0.0019622582798413,0001551152-25-000020_acceptance,acceptance
0.0175249017712726,0.0024449877750611,1,-0.0004651169515873,0.01799001872286,0001551152-25-000020_acceptance,acceptance
0.0056051804506109,0.0023769693899173,2,-0.0004805478641429,0.0060857283147539,0001551152-25-000020_acceptance,acceptance
0.0178869446937963,-0.0043341850761716,3,-0.0020030661875997,0.0198900108813961,0001551152-25-000020_acceptance,acceptance
0.0059737769908976,-0.0170641267025635,4,-0.0048910297236278,0.0108648067145255,0001551152-25-000020_acceptance,acceptance
0.0098970394074695,-0.0049691065044024,5,-0.0021471069056791,0.0120441463131486,0001551152-25-000020_acceptance,acceptance
0.0299244482966354,-0.0156610121277019,-5,-0.0003266841913987,0.0302511324880341,0001551152-26-000008_acceptance,acceptance
0.017582373722957,0.0004990891480125,-4,0.0007374516760291,0.0168449220469279,0001551152-26-000008_acceptance,acceptance
0.0058747383773272,0.0010313220779065,-3,0.0007724989904526,0.0051022393868745,0001551152-26-000008_acceptance,acceptance
-0.0177789314621643,0.0055660701474107,-2,0.0010711102422126,-0.0188500417043769,0001551152-26-000008_acceptance,acceptance
-0.0191062987890519,-0.0028221256867719,-1,0.0005187510770149,-0.0196250498660668,0001551152-26-000008_acceptance,acceptance
0.0020502842467777,0.0069397247635067,0,0.001161564820529,0.0008887194262487,0001551152-26-000008_acceptance,acceptance
0.0207731192707467,-0.0103856522472848,1,2.06960363958842e-05,0.0207524232343508,0001551152-26-000008_acceptance,acceptance
-0.0045319244156194,0.0076516140863223,2,0.0012084424328114,-0.0057403668484308,0001551152-26-000008_acceptance,acceptance
-0.0066538352020487,0.0081363556573399,3,0.0012403624612414,-0.0078941976632902,0001551152-26-000008_acceptance,acceptance
-0.0098272912575489,-0.0053655805693283,4,0.0003512656435059,-0.0101785569010549,0001551152-26-000008_acceptance,acceptance
0.0328897979506113,-0.0043393528110311,5,0.0004188423094638,0.0324709556411474,0001551152-26-000008_acceptance,acceptance
0.0112307726020122,0.0052458450979924,-5,0.0052283805605166,0.0060023920414955,0001047469-17-000744_acceptance,acceptance
0.0099490277873035,0.0040073351766347,-4,0.0037710815789025,0.0061779462084009,0001047469-17-000744_acceptance,acceptance
0.0080182815527862,0.0049923089198982,-3,0.004930055930437,0.0030882256223492,0001047469-17-000744_acceptance,acceptance
0.0045453991240678,-0.0008641180363413,-2,-0.0019609385557998,0.0065063376798676,0001047469-17-000744_acceptance,acceptance
0.0110863011663966,0.0016785565287558,-1,0.0010309123695688,0.0100553887968278,0001047469-17-000744_acceptance,acceptance
0.0071599424111932,0.0060480661608284,0,0.0061723180435678,0.0009876243676253,0001047469-17-000744_acceptance,acceptance
0.0,-0.001082200145408,1,-0.0022175459757087,0.0022175459757087,0001047469-17-000744_acceptance,acceptance
0.0086652940161622,0.0004189867216857,2,-0.0004511668334003,0.0091164608495625,0001047469-17-000744_acceptance,acceptance
0.0061675239626453,0.0014933641914423,3,0.0008130048664348,0.0053545190962104,0001047469-17-000744_acceptance,acceptance
-0.0048165488473037,0.0010179830611165,4,0.0002536452479483,-0.0050701940952521,0001047469-17-000744_acceptance,acceptance
-0.008358794921397,-0.0025783763780462,5,-0.0039780293295673,-0.0043807655918296,0001047469-17-000744_acceptance,acceptance
0.0041980573124662,0.0139145847540425,-5,0.0134749946490919,-0.0092769373366257,0001047469-18-000856_acceptance,acceptance
0.0040063065779263,0.002612929746329,-4,0.0030530567250382,0.000953249852888,0001047469-18-000856_acceptance,acceptance
0.0111033551367156,0.0134024582572458,-3,0.0130027319092334,-0.0018993767725178,0001047469-18-000856_acceptance,acceptance
0.0209334000794998,0.0120691127622993,-2,0.0117731735861237,0.009160226493376,0001047469-18-000856_acceptance,acceptance
0.0112605794444327,0.0003734693722488,-1,0.0009879152049587,0.0102726642394739,0001047469-18-000856_acceptance,acceptance
-0.017450435800433,-0.0058413894593534,0,-0.0047431810730207,-0.0127072547274122,0001047469-18-000856_acceptance,acceptance
-0.0021991070019022,-0.0054965031281792,1,-0.0044251405796683,0.0022260335777661,0001047469-18-000856_acceptance,acceptance
0.0,0.0009735510790762,2,0.0015412867504224,-0.0015412867504224,0001047469-18-000856_acceptance,acceptance
0.0122053057860367,0.0160283763505131,3,0.0154242494076001,-0.0032189436215634,0001047469-18-000856_acceptance,acceptance
0.0137333370305008,0.0117570153438109,4,0.0114853697273504,0.0022479673031503,0001047469-18-000856_acceptance,acceptance
0.0003302961091382,-0.0127068884438292,5,-0.0110742718898105,0.0114045679989488,0001047469-18-000856_acceptance,acceptance
0.0173043445475713,0.0108787526085869,-5,0.0131393958566989,0.0041649486908724,0001047469-19-000624_acceptance,acceptance
-0.0033222996643195,0.0014987433214488,-4,0.0032401089437851,-0.0065624086081047,0001047469-19-000624_acceptance,acceptance
0.0072000461608672,0.0017771107537685,-3,0.0035338868064065,0.0036661593544607,0001047469-19-000624_acceptance,acceptance
-0.0052952029648414,-0.0035264367908802,-2,-0.002063265306518,-0.0032319376583233,0001047469-19-000624_acceptance,acceptance
0.0131755478864961,0.0064111023949868,-1,0.0084244163788415,0.0047511315076545,0001047469-19-000624_acceptance,acceptance
0.0095885954315992,0.0012318625699112,0,0.0029584536649756,0.0066301417666236,0001047469-19-000624_acceptance,acceptance
-0.0014309363897588,-0.0007904570968998,1,0.0008241783142207,-0.0022551147039796,0001047469-19-000624_acceptance,acceptance
0.0062543385444087,-0.0005440493877303,2,0.0010842271623564,0.0051701113820522,0001047469-19-000624_acceptance,acceptance
0.0050495982916471,-0.0028255083152146,3,-0.0013235334071521,0.0063731316987993,0001047469-19-000624_acceptance,acceptance
0.0124965379378374,0.0068953205934343,4,0.0089354409128426,0.0035610970249947,0001047469-19-000624_acceptance,acceptance
0.0003821197758051,-0.003880558492514,5,-0.0024369911973195,0.0028191109731247,0001047469-19-000624_acceptance,acceptance
0.0110508820410093,0.0018435333204338,-5,0.001517873833553,0.0095330082074562,0001104659-20-023904_acceptance,acceptance
-0.0086998216107652,-0.0029199426368901,-4,-0.0040135958069631,-0.004686225803802,0001104659-20-023904_acceptance,acceptance
0.0054009674059258,0.0047057858811645,-3,0.0048415944285587,0.0005593729773671,0001104659-20-023904_acceptance,acceptance
-0.0100717030701884,-0.0038155197636281,-2,-0.0050535627831112,-0.0050181402870771,0001104659-20-023904_acceptance,acceptance
-0.0114176931743206,-0.0105181030271228,-1,-0.0128367732301063,0.0014190800557856,0001104659-20-023904_acceptance,acceptance
-0.0322469476268589,-0.0335136266712231,0,-0.0395397611416005,0.0072928135147415,0001104659-20-023904_acceptance,acceptance
-0.0413561828671599,-0.0302799955650561,1,-0.035784786318039,-0.0055713965491209,0001104659-20-023904_acceptance,acceptance
0.0028347480385975,-0.003778540605322,2,-0.0050106216423697,0.0078453696809672,0001104659-20-023904_acceptance,acceptance
-0.0266715745744855,-0.0441632425840791,3,-0.0519063664594145,0.025234791884929,0001104659-20-023904_acceptance,acceptance
-0.0272761998379509,-0.0082383404443618,4,-0.0101894548375911,-0.0170867450003597,0001104659-20-023904_acceptance,acceptance
0.0594576386508547,0.04603922900611,5,0.0528390416355947,0.00661859701526,0001104659-20-023904_acceptance,acceptance
0.0109587860839666,0.0047110331133788,-5,0.0028213851785242,0.0081374009054423,0001104659-21-025751_acceptance,acceptance
-0.0016376364099662,-0.0005692724183511,-4,-0.0007683811788509,-0.0008692552311153,0001104659-21-025751_acceptance,acceptance
-0.0060929768077777,-0.0003204020092266,-3,-0.0005991889575575,-0.0054937878502202,0001104659-21-025751_acceptance,acceptance
-0.014382154075352,-0.0044158356273545,-2,-0.0033834312202211,-0.0109987228551308,0001104659-21-025751_acceptance,acceptance
-0.018898074059423,-0.0018548966445751,-1,-0.0016424007915027,-0.0172556732679203,0001104659-21-025751_acceptance,acceptance
-0.0039822875714524,-0.0077328394581538,0,-0.0056384652684472,0.0016561776969948,0001104659-21-025751_acceptance,acceptance
-0.0142799223695602,0.0012563181187927,1,0.0004727294828714,-0.0147526518524316,0001104659-21-025751_acceptance,acceptance
0.0130795106274441,0.011351613765979,2,0.007335921861467,0.0057435887659771,0001104659-21-025751_acceptance,acceptance
-0.0065371453286285,-0.0244788075251262,3,-0.0170230551235729,0.0104859097949443,0001104659-21-025751_acceptance,acceptance
-0.0148051004938659,-0.0047502141699028,4,-0.0036107553467238,-0.0111943451471421,0001104659-21-025751_acceptance,acceptance
0.0202872933428523,0.0237907635068002,5,0.0157925615361266,0.0044947318067257,0001104659-21-025751_acceptance,acceptance
-0.0215951728531054,-0.0038405967262932,-5,-0.0017861761630327,-0.0198089966900726,0001104659-22-025141_acceptance,acceptance
0.0097733490444023,0.0157667211707204,-4,0.0077733557370107,0.0019999933073915,0001104659-22-025141_acceptance,acceptance
-0.0024196214739857,0.000881207755895,-3,0.0005159357734561,-0.0029355572474419,0001104659-22-025141_acceptance,acceptance
-0.0250646814269738,-0.021173138152195,-2,-0.0102366426439669,-0.0148280387830068,0001104659-22-025141_acceptance,acceptance
-0.0314315353271553,-0.0071661613961429,-1,-0.0034075525141515,-0.0280239828130038,0001104659-22-025141_acceptance,acceptance
0.0061649536951307,-0.0101429452648328,0,-0.0048588810692218,0.0110238347643525,0001104659-22-025141_acceptance,acceptance
-0.0022126775892007,-0.0184121228454876,1,-0.0088905118758725,0.0066778342866718,0001104659-22-025141_acceptance,acceptance
0.0125373853860684,0.0149568560673292,2,0.0073785066642684,0.0051588787217999,0001104659-22-025141_acceptance,acceptance
0.0310816350793619,0.0223726776556034,3,0.0109940844506079,0.0200875506287539,0001104659-22-025141_acceptance,acceptance
-0.0146231259293513,-0.0024426034406476,4,-0.0011045856731773,-0.0135185402561739,0001104659-22-025141_acceptance,acceptance
-0.0203118618527394,-0.0154735036804118,5,-0.0074577904910217,-0.0128540713617177,0001104659-22-025141_acceptance,acceptance
0.0033285793032122,0.0114486093427661,-5,0.010604629867651,-0.0072760505644387,0001628280-23-004026_acceptance,acceptance
-0.0116110003166397,-0.0002804145319874,-4,0.0010940756095182,-0.012705075926158,0001628280-23-004026_acceptance,acceptance
0.0001865576782436,0.002773175690496,-3,0.0035700988321791,-0.0033835411539355,0001628280-23-004026_acceptance,acceptance
-0.0111858689042275,-0.0137887414891306,-2,-0.0098592379683523,-0.0013266309358751,0001628280-23-004026_acceptance,acceptance
0.0062217934860884,-0.0027674058253277,-1,-0.0009225172363474,0.0071443107224358,0001628280-23-004026_acceptance,acceptance
-0.0289488267860776,-0.0200412342553273,0,-0.0149291118416157,-0.0140197149444619,0001628280-23-004026_acceptance,acceptance
-0.0092617464426603,-0.0015735561458868,1,4.552343554654285e-05,-0.0093072698782068,0001628280-23-004026_acceptance,acceptance
-0.0013633810636496,0.0053294294160743,2,0.0056428535655884,-0.007006234629238,0001628280-23-004026_acceptance,acceptance
-0.0203803534004188,-0.0105375514855581,3,-0.0072229896954648,-0.013157363704954,0001628280-23-004026_acceptance,acceptance
-0.0068684709607141,0.0030730045671669,4,0.0038132170004242,-0.0106816879611384,0001628280-23-004026_acceptance,acceptance
0.0195451164128805,-0.0030360018281855,5,-0.001140310028482,0.0206854264413626,0001628280-23-004026_acceptance,acceptance
0.006439517426177,-0.0009489536011326,-5,0.0003016246190225,0.0061378928071545,0001628280-24-005348_acceptance,acceptance
-0.0105749091240509,-0.0136742556536254,-4,-0.004783521967108,-0.0057913871569428,0001628280-24-005348_acceptance,acceptance
0.0064667001290972,0.0095797632750176,-3,0.0045089957649674,0.0019577043641297,0001628280-24-005348_acceptance,acceptance
0.0140996260919399,0.0058212506847294,-2,0.0030070599061098,0.01109256618583,0001628280-24-005348_acceptance,acceptance
0.0032557188149864,-0.0048034698371121,-1,-0.0012386751709329,0.0044943939859194,0001628280-24-005348_acceptance,acceptance
0.0230682890812721,-0.0060053220011653,0,-0.0017189462406379,0.02478723532191,0001628280-24-005348_acceptance,acceptance
0.0105453856357777,0.0012641999229821,1,0.0011860209218616,0.0093593647139161,0001628280-24-005348_acceptance,acceptance
0.0097562991389847,0.021122884217414,2,0.0091217320136933,0.0006345671252914,0001628280-24-005348_acceptance,acceptance
0.0036969565344231,0.0003479475462115,3,0.0008198781280364,0.0028770784063866,0001628280-24-005348_acceptance,acceptance
-0.0064455747984873,-0.0037867513501905,4,-0.0008323852045732,-0.0056131895939141,0001628280-24-005348_acceptance,acceptance
0.0059817961939219,0.0017063496993998,5,0.001362707999059,0.0046190881948628,0001628280-24-005348_acceptance,acceptance
-0.0089535553145625,-7.194380749464546e-05,-5,0.0009467631018794,-0.0099003184164419,0001628280-25-007110_acceptance,acceptance
-0.0032924463349098,0.0024449877750611,-4,0.001543427330511,-0.0048358736654209,0001628280-25-007110_acceptance,acceptance
0.0149794341075777,0.0023769693899173,-3,0.0015273028805713,0.0134521312270064,0001628280-25-007110_acceptance,acceptance
0.0078711344520681,-0.0043341850761716,-2,-6.364453750285241e-05,0.0079347789895709,0001628280-25-007110_acceptance,acceptance
0.0131410321248495,-0.0170641267025635,-1,-0.0030814066624961,0.0162224387873456,0001628280-25-007110_acceptance,acceptance
0.0002222074317468,-0.0049691065044024,0,-0.0002141591191635,0.0004363665509103,0001628280-25-007110_acceptance,acceptance
0.0064469033465317,-0.0046797309154723,1,-0.0001455596928817,0.0065924630394135,0001628280-25-007110_acceptance,acceptance
0.0010309473266878,0.0001360242800469,2,0.0009960640520494,3.48832746383703e-05,0001628280-25-007110_acceptance,acceptance
-0.0006623341485049,-0.0158645536555098,3,-0.002797035672133,0.0021347015236281,0001628280-25-007110_acceptance,acceptance
0.0157506015802431,0.0158541446349889,4,0.0047222043341768,0.0110283972460662,0001628280-25-007110_acceptance,acceptance
0.0160133184052251,-0.0175967394669998,5,-0.0032076679349336,0.0192209863401587,0001628280-25-007110_acceptance,acceptance
0.0108549248710623,0.0004990891480125,-5,-0.001792430841869,0.0126473557129313,0001628280-26-010185_acceptance,acceptance
-0.0037273966536045,0.0010313220779065,-4,-0.0017728148617526,-0.0019545817918518,0001628280-26-010185_acceptance,acceptance
0.0091751731920437,0.0055660701474107,-3,-0.0016056821591937,0.0107808553512375,0001628280-26-010185_acceptance,acceptance
-0.0097096198099557,-0.0028221256867719,-2,-0.0019148375561139,-0.0077947822538418,0001628280-26-010185_acceptance,acceptance
0.0001782243602099,0.0069397247635067,-1,-0.0015550547362693,0.0017332790964792,0001628280-26-010185_acceptance,acceptance
0.0274485513651199,-0.0103856522472848,0,-0.0021935989372445,0.0296421503023645,0001628280-26-010185_acceptance,acceptance
-0.0061583835158719,0.0076516140863223,1,-0.0015288173390376,-0.0046295661768342,0001628280-26-010185_acceptance,acceptance
0.0015709662758482,0.0081363556573399,2,-0.0015109517007342,0.0030819179765825,0001628280-26-010185_acceptance,acceptance
0.0130707843892259,-0.0053655805693283,3,-0.002008579144807,0.0150793635340329,0001628280-26-010185_acceptance,acceptance
0.0007740660795316,-0.0043393528110311,4,-0.0019707564882765,0.0027448225678082,0001628280-26-010185_acceptance,acceptance
-0.0191662940214007,0.0003983547353176,5,-0.0017961435099988,-0.0173701505114019,0001628280-26-010185_acceptance,acceptance
-0.0005525146018705,0.0018498402425362,-5,0.0025794040628247,-0.0031319186646953,0000796343-17-000031_acceptance,acceptance
-0.0048834311734828,-0.002967502689997,-4,-0.0033605938677678,-0.001522837305715,0000796343-17-000031_acceptance,acceptance
0.0073148232919197,0.0017637540575008,-3,0.0024732559707905,0.0048415673211292,0000796343-17-000031_acceptance,acceptance
0.0091920212481335,-0.0036093083554193,-2,-0.004151968776684,0.0133439900248176,0000796343-17-000031_acceptance,acceptance
0.0083796170987662,0.0033662371547078,-1,0.0044491888480071,0.003930428250759,0000796343-17-000031_acceptance,acceptance
0.0023484973207532,-0.0026901247580694,0,-0.0030185745503314,0.0053670718710847,0000796343-17-000031_acceptance,acceptance
0.0247814721974333,0.0065645936376641,1,0.0083929045344608,0.0163885676629725,0000796343-17-000031_acceptance,acceptance
0.0046605590362971,0.0080260905496174,2,0.0101949951794805,-0.0055344361431833,0000796343-17-000031_acceptance,acceptance
-0.0119912713048756,-0.0007353844075136,3,-0.0006082928245417,-0.0113829784803339,0000796343-17-000031_acceptance,acceptance
0.00983345709922,-0.0008664638929263,4,-0.000769919655556,0.010603376754776,0000796343-17-000031_acceptance,acceptance
-0.0014913428557868,-0.0060095435176958,5,-0.00711156540423,0.0056202225484432,0000796343-17-000031_acceptance,acceptance
-0.0132786275179055,-0.0035244876226721,-5,-0.0049502644930705,-0.0083283630248349,0000796343-18-000015_acceptance,acceptance
0.0209394089094487,0.0094150515607511,-4,0.0154051778742184,0.0055342310352303,0000796343-18-000015_acceptance,acceptance
-0.0014759455280893,-0.0016163897301626,-3,-0.0019485983493581,0.0004726528212687,0000796343-18-000015_acceptance,acceptance
-0.0023955210398252,0.0043852351128388,-2,0.0074926751666502,-0.0098881962064754,0000796343-18-000015_acceptance,acceptance
0.0107801596914598,0.0080667264993476,-1,0.0132841013280822,-0.0025039416366223,0000796343-18-000015_acceptance,acceptance
0.0113728267370023,0.0021743654797181,0,0.0040147128713444,0.0073581138656578,0000796343-18-000015_acceptance,acceptance
-0.0115447928475789,-0.0005599757022828,1,-0.0002867327639089,-0.01125806008367,0000796343-18-000015_acceptance,acceptance
-0.0013651748110394,0.0006026209018938,2,0.001542170710725,-0.0029073455217645,0000796343-18-000015_acceptance,acceptance
0.0191889456246765,0.011841196508761,3,0.0192217939811638,-3.284835648731041e-05,0000796343-18-000015_acceptance,acceptance
-0.0152509055026165,-0.0067319743328871,4,-0.0099960246200827,-0.0052548808825337,0000796343-18-000015_acceptance,acceptance
-0.0067093873768865,-0.0108988156202839,5,-0.0165509642108144,0.0098415768339279,0000796343-18-000015_acceptance,acceptance
0.0101260466176666,0.007591400382211,-5,0.0156868751460759,-0.0055608285284092,0000796343-19-000019_acceptance,acceptance
0.0127250437316654,0.01318305304897,-4,0.0260541125440584,-0.0133290688123929,0000796343-19-000019_acceptance,acceptance
-0.0147872347967721,-0.0141573061645666,-3,-0.0246364455798142,0.0098492107830421,0000796343-19-000019_acceptance,acceptance
0.0052901097143513,0.0022029127742235,-2,0.0056963171523382,-0.0004062074379868,0000796343-19-000019_acceptance,acceptance
-0.0105246056844188,0.0013757255543636,-1,0.0041626656915017,-0.0146872713759205,0000796343-19-000019_acceptance,acceptance
0.009853229772857,0.0084886940607138,0,0.017350507909972,-0.0074972781371149,0000796343-19-000019_acceptance,acceptance
-0.0126556067905631,-0.0078468274939378,1,-0.0129364644879568,0.0002808576973936,0000796343-19-000019_acceptance,acceptance
-0.0148025707699275,-0.0014562465775435,2,-0.0010879693435547,-0.0137146014263727,0000796343-19-000019_acceptance,acceptance
0.0184664196818205,0.0155492609197442,3,0.0304411945377456,-0.0119747748559251,0000796343-19-000019_acceptance,acceptance
0.0212222738456857,0.0085973959487253,4,0.0175520473019523,0.0036702265437333,0000796343-19-000019_acceptance,acceptance
-0.0017754920038824,0.0008986100931438,5,0.003278066889055,-0.0050535588929374,0000796343-19-000019_acceptance,acceptance
0.0171272398282373,0.0069762152525698,-5,0.0082910391958442,0.0088362006323931,0000796343-20-000013_acceptance,acceptance
-0.0028932673259634,-0.0015145327728022,-4,-0.0017853018965077,-0.0011079654294556,0000796343-20-000013_acceptance,acceptance
-0.0049038168977216,0.0018701968845122,-3,0.0022315044473604,-0.0071353213450821,0000796343-20-000013_acceptance,acceptance
0.0071149542894843,0.0083665530264682,-2,0.0099410136859031,-0.0028260593964187,0000796343-20-000013_acceptance,acceptance
0.0126237341187189,0.0038621622485013,-1,0.0045954566447082,0.0080282774740107,0000796343-20-000013_acceptance,acceptance
0.0007434373331192,-0.0026519776473655,0,-0.0031351573504205,0.0038785946835397,0000796343-20-000013_acceptance,acceptance
0.000171421595982,0.000289076071118,1,0.0003551194013822,-0.0001836978054001,0000796343-20-000013_acceptance,acceptance
0.0048563452519214,0.0011409766124783,2,0.0013661069381522,0.0034902383137692,0000796343-20-000013_acceptance,acceptance
-0.0011087520969121,-0.0090421609742074,3,-0.0107186666774561,0.0096099145805439,0000796343-20-000013_acceptance,acceptance
-0.0127216361181105,-0.0157307116591823,4,-0.0186562615647262,0.0059346254466157,0000796343-20-000013_acceptance,acceptance
0.0222831107591048,0.010053584595046,5,0.0119430876454362,0.0103400231136685,0000796343-20-000013_acceptance,acceptance
-0.0223871691043088,-0.0065547508985924,-5,-0.0092433183822396,-0.0131438507220691,0000796343-21-000004_acceptance,acceptance
-0.0054613621609822,0.0004157884466327,-4,0.0001410984470513,-0.0056024606080335,0000796343-21-000004_acceptance,acceptance
0.0008480735750253,0.0022756417379066,-3,0.0026450135190749,-0.0017969399440495,0000796343-21-000004_acceptance,acceptance
-0.0185997225004646,-0.0037534511943366,-2,-0.0054719367449616,-0.0131277857555029,0000796343-21-000004_acceptance,acceptance
-0.0112029757257879,-0.0071900279753709,-1,-0.0100985900614199,-0.001104385664368,0000796343-21-000004_acceptance,acceptance
-0.0034491499707035,0.0081363795155244,0,0.0105353077285199,-0.0139844576992234,0000796343-21-000004_acceptance,acceptance
0.0289814041321536,0.0139356254219462,1,0.0183428156107759,0.0106385885213777,0000796343-21-000004_acceptance,acceptance
0.0048750941472428,0.0003167233075522,2,7.727338685183593e-06,0.0048673668085576,0000796343-21-000004_acceptance,acceptance
0.0008898212734849,-0.0030106116552376,3,-0.0044718540358727,0.0053616753093576,0000796343-21-000004_acceptance,acceptance
0.0021166708890703,0.0036158389430824,4,0.0044493171150996,-0.0023326462260293,0000796343-21-000004_acceptance,acceptance
0.0059986404259155,-0.0014888337468982,5,-0.002423088867759,0.0084217292936746,0000796343-21-000004_acceptance,acceptance
0.0071579628499129,0.0008199802697488,-5,-0.000495776100682,0.007653738950595,0000796343-22-000032_acceptance,acceptance
-0.0139453497328685,-0.0183879456940073,-4,-0.0320420629409939,0.0180967132081254,0000796343-22-000032_acceptance,acceptance
0.0063115869888852,-0.0096895418683388,-3,-0.0177561716555328,0.0240677586444181,0000796343-22-000032_acceptance,acceptance
-0.0110922041053933,-0.0110373784941483,-2,-0.0199698016378586,0.0088775975324653,0000796343-22-000032_acceptance,acceptance
-0.0214152927683227,-0.0189148218679086,-1,-0.0329073821296756,0.0114920893613528,0000796343-22-000032_acceptance,acceptance
0.0395070499444754,0.0027717389433818,0,0.0027097099615651,0.0367973399829103,0000796343-22-000032_acceptance,acceptance
-0.0325981849656845,-0.0121719062536467,1,-0.021833102141878,-0.0107650828238065,0000796343-22-000032_acceptance,acceptance
-0.0037993389112657,-0.0014966358477518,2,-0.0043004886281804,0.0005011497169147,0000796343-22-000032_acceptance,acceptance
-0.0154949178400078,-0.0053840887577105,3,-0.0106850771989176,-0.0048098406410902,0000796343-22-000032_acceptance,acceptance
0.0509278693301704,0.0243476468880761,4,0.0381450704553425,0.0127827988748278,0000796343-22-000032_acceptance,acceptance
0.0311487098289151,0.0188859517327795,5,0.0291750128693003,0.0019736969596147,0000796343-22-000032_acceptance,acceptance
-0.0095912002863465,0.0069782331590619,-5,0.0092764747273309,-0.0188676750136775,0000796343-23-000007_acceptance,acceptance
0.0124888701396457,0.0128494246148815,-4,0.0175761362695212,-0.0050872661298755,0000796343-23-000007_acceptance,acceptance
0.0046948820561834,0.0034159058663651,-3,0.0042406807059004,0.0004542013502829,0000796343-23-000007_acceptance,acceptance
-0.0004643979164715,0.0039968583635343,-2,0.0050619295333109,-0.0055263274497824,0000796343-23-000007_acceptance,acceptance
0.0,-0.0020304911890052,-1,-0.0034584809590032,0.0034584809590032,0000796343-23-000007_acceptance,acceptance
-0.0089145922547492,-0.015562598500411,0,-0.0225878027469927,0.0136732104922435,0000796343-23-000007_acceptance,acceptance
0.0035744667001549,-0.0076383502962943,1,-0.011385889376362,0.0149603560765169,0000796343-23-000007_acceptance,acceptance
0.0404344324668615,0.0189184010459815,2,0.0261553915475503,0.0142790409193111,0000796343-23-000007_acceptance,acceptance
0.0241315617758732,0.0118813449836652,3,0.0162076349447995,0.0079239268310737,0000796343-23-000007_acceptance,acceptance
-0.0100279564686801,-0.0007115031258156,4,-0.0015939267905625,-0.0084340296781176,0000796343-23-000007_acceptance,acceptance
-0.0087180168067966,-0.0001817250594663,5,-0.0008450194050236,-0.0078729974017729,0000796343-23-000007_acceptance,acceptance
0.0097321928048637,-0.0014779006799081,-5,-0.0016673161486675,0.0113995089535312,0000796343-24-000006_acceptance,acceptance
0.008239537682128,0.0056659718937244,-4,0.0096566937130093,-0.0014171560308813,0000796343-24-000006_acceptance,acceptance
0.0109300045975415,-0.0006710555783868,-3,-0.0003883569018025,0.011318361499344,0000796343-24-000006_acceptance,acceptance
-0.001590005226127,0.0007509755941104,-2,0.0018657559557541,-0.0034557611818811,0000796343-24-000006_acceptance,acceptance
0.0019110448426395,-0.0037313402367431,-1,-0.0052393243978735,0.0071503692405131,0000796343-24-000006_acceptance,acceptance
-0.0026435837056718,-0.0056168971839904,0,-0.0082281886651605,0.0055846049594887,0000796343-24-000006_acceptance,acceptance
-0.0040261088361012,0.008805260963896,1,0.0146328939493471,-0.0186590027854483,0000796343-24-000006_acceptance,acceptance
0.0300656480022321,0.0123135027649361,2,0.0201939344554104,0.0098717135468216,0000796343-24-000006_acceptance,acceptance
-0.0130160429995703,0.002194325202627,3,0.0041536614345019,-0.0171697044340722,0000796343-24-000006_acceptance,acceptance
-0.0106198477351953,0.002921374261968,4,0.0053061330992804,-0.0159259808344757,0000796343-24-000006_acceptance,acceptance
0.0155731737617301,0.0008119284117831,5,0.0019623744636164,0.0136107992981137,0000796343-24-000006_acceptance,acceptance
0.0014166926195191,0.0055380450854503,-5,0.0047510244745935,-0.0033343318550743,0000796343-25-000004_acceptance,acceptance
-0.0198292776524949,-0.0111039128821078,-4,-0.0167159972966205,-0.0031132803558744,0000796343-25-000004_acceptance,acceptance
-0.0072167576256034,0.0015603601909253,-3,-0.0003799251646409,-0.0068368324609625,0000796343-25-000004_acceptance,acceptance
-0.0325563029259942,-0.0154116438030668,-2,-0.022272684415109,-0.0102836185108851,0000796343-25-000004_acceptance,acceptance
0.0063558989133827,0.0015754440882007,-1,-0.0003604679378027,0.0067163668511854,0000796343-25-000004_acceptance,acceptance
0.0103059766342181,0.001146279811244,0,-0.0009140613848488,0.011220038019067,0000796343-25-000004_acceptance,acceptance
0.0110731686143734,0.0183127922796391,1,0.0212296008941471,-0.0101564322797737,0000796343-25-000004_acceptance,acceptance
0.0231259440297026,-0.0021126894641922,2,-0.0051179155541653,0.028243859583868,0000796343-25-000004_acceptance,acceptance
0.0071674457430717,0.0099910589693537,3,0.010495116977388,-0.0033276712343163,0000796343-25-000004_acceptance,acceptance
0.0148142869877399,0.0087682271055828,4,0.0089177449942791,0.0058965419934607,0000796343-25-000004_acceptance,acceptance
0.0022000687617651,0.0061379415222275,5,0.0055248510816475,-0.0033247823198824,0000796343-25-000004_acceptance,acceptance
-0.0150129666399422,0.0064754870318832,-5,0.0035301515339935,-0.0185431181739357,0000796343-26-000003_acceptance,acceptance
-0.0188651537064211,0.0015776332151369,-4,0.000387552615862,-0.0192527063222831,0000796343-26-000003_acceptance,acceptance
-0.0540821045346988,-0.0019391230550597,-3,-0.0018688957926766,-0.0522132087420222,0000796343-26-000003_acceptance,acceptance
-0.017713646191442,-0.0053333604454995,-2,-0.0040467326882178,-0.0136669135032241,0000796343-26-000003_acceptance,acceptance
-0.0011496718588517,0.0025799262171273,-1,0.0010306516183141,-0.0021803234771658,0000796343-26-000003_acceptance,acceptance
-0.0262093502472446,-0.0006423023039563,0,-0.0010368196136175,-0.0251725306336271,0000796343-26-000003_acceptance,acceptance
-0.0194178039133239,-0.0206267580562774,1,-0.013859400967916,-0.0055584029454078,0000796343-26-000003_acceptance,acceptance
0.0132934391777732,0.0115877413232745,2,0.0068103157460017,0.0064831234317714,0000796343-26-000003_acceptance,acceptance
0.0186928586297594,0.0054875021926288,3,0.0028962330457864,0.015796625583973,0000796343-26-000003_acceptance,acceptance
0.0044706779060297,0.0003268698377891,4,-0.0004149718741609,0.0048856497801907,0000796343-26-000003_acceptance,acceptance
0.0121234058780015,0.0050060830312763,5,0.002587341153084,0.0095360647249174,0000796343-26-000003_acceptance,acceptance
-0.0170496327752912,0.0040073351766347,-5,0.0116307926075979,-0.0286804253828891,0000002488-17-000043_acceptance,acceptance
0.0030165883229702,0.0049923089198982,-4,0.0138011532011385,-0.0107845648781682,0000002488-17-000043_acceptance,acceptance
-0.0248120239829726,-0.0008641180363413,-3,0.0008966891261285,-0.0257087131091012,0000002488-17-000043_acceptance,acceptance
0.0123361483514266,0.0016785565287558,-2,0.006499397539452,0.0058367508119745,0000002488-17-000043_acceptance,acceptance
0.0662604629075531,0.0060480661608284,-1,0.0161274831441766,0.0501329797633765,0000002488-17-000043_acceptance,acceptance
0.0199999809265136,-0.001082200145408,0,0.0004161516306757,0.0195838292958379,0000002488-17-000043_acceptance,acceptance
0.0028011178292022,0.0004189867216857,1,0.00372397261795,-0.0009228547887478,0000002488-17-000043_acceptance,acceptance
-0.0139664674250954,0.0014933641914423,2,0.0060913316860423,-0.0200577991111378,0000002488-17-000043_acceptance,acceptance
0.076487247341312,0.0010179830611165,3,0.0050438433857417,0.0714434039555703,0000002488-17-000043_acceptance,acceptance
-0.0486841960792063,-0.0025783763780462,4,-0.0028806285713538,-0.0458035675078524,0000002488-17-000043_acceptance,acceptance
0.0345781465201209,0.0136738546598662,5,0.0329306831951246,0.0016474633249962,0000002488-17-000043_acceptance,acceptance
-0.0249584175798507,-0.0054965031281792,-5,-0.0178937648028816,-0.0070646527769691,0000002488-18-000042_acceptance,acceptance
0.0102388978519625,0.0009735510790762,-4,-0.0006743561714477,0.0109132540234103,0000002488-18-000042_acceptance,acceptance
0.0194256367628558,0.0160283763505131,-3,0.0393925706145751,-0.0199669338517193,0000002488-18-000042_acceptance,acceptance
0.0289975468367085,0.0117570153438109,-2,0.02802476622983,0.0009727806068784,0000002488-18-000042_acceptance,acceptance
0.0088566550725877,-0.0127068884438292,-1,-0.0370834913744202,0.0459401464470079,0000002488-18-000042_acceptance,acceptance
-0.0335195598758686,-0.011095788639207,0,-0.0327957087696464,-0.0007238511062222,0000002488-18-000042_acceptance,acceptance
-0.0173410441040916,-0.0133243995419872,1,-0.0387269360184703,0.0213858919143786,0000002488-18-000042_acceptance,acceptance
-0.0075629581343371,0.005071602744632,2,0.010232202562295,-0.0177951606966322,0000002488-18-000042_acceptance,acceptance
0.0084673517563393,0.011032026532745,3,0.0260952802949269,-0.0176279285385875,0000002488-18-000042_acceptance,acceptance
-0.0125944265702796,0.0026388586061694,4,0.0037576949192312,-0.0163521214895108,0000002488-18-000042_acceptance,acceptance
0.0408162868107331,-0.0004838747205661,5,-0.0045531506282072,0.0453694374389403,0000002488-18-000042_acceptance,acceptance
-0.015503919402965,0.006776236617404,-5,0.0184426946163133,-0.0339466140192783,0000002488-19-000011_acceptance,acceptance
-0.0339825828157288,0.0047084203769747,-4,0.0139175517630507,-0.0479001345787795,0000002488-19-000011_acceptance,acceptance
-0.0021449694640103,-0.0022244379802809,-3,-0.001254093489868,-0.0008908759741422,0000002488-19-000011_acceptance,acceptance
-0.025365440532339,-0.0093571401439401,-2,-0.0168630705301261,-0.0085023700022129,0000002488-19-000011_acceptance,acceptance
0.0167622037709636,0.000676201086956,-1,0.0050935721722784,0.0116686315986851,0000002488-19-000011_acceptance,acceptance
-0.003904562063637,0.0007091030986317,0,0.0051655738811735,-0.0090701359448106,0000002488-19-000011_acceptance,acceptance
-0.006097534635492,0.0128902247439735,1,0.0318223504749667,-0.0379198851104587,0000002488-19-000011_acceptance,acceptance
0.0013146663911793,0.0030239946687606,2,0.0102314084750987,-0.0089167420839193,0000002488-19-000011_acceptance,acceptance
0.0122537756946359,-0.0026516415551012,3,-0.0021889721148105,0.0144427478094464,0000002488-19-000011_acceptance,acceptance
0.0237786927957222,0.0108787526085869,4,0.0274205092571554,-0.0036418164614332,0000002488-19-000011_acceptance,acceptance
0.0114020462113193,0.0014987433214488,5,0.006893597262104,0.0045084489492153,0000002488-19-000011_acceptance,acceptance
-0.0597664858642551,-0.0008668741908683,-5,0.0003752199543422,-0.0601417058185974,0000002488-20-000008_acceptance,acceptance
0.026731225060643,0.0031343587926053,-4,0.0086744491955154,0.0180567758651276,0000002488-20-000008_acceptance,acceptance
-0.0364903407921434,-0.0177058203755262,-3,-0.0345515826446224,-0.001938758147521,0000002488-20-000008_acceptance,acceptance
0.0217021373992269,0.0072546138923517,-2,0.0172205502963868,0.0044815871028401,0000002488-20-000008_acceptance,acceptance
0.0297792647135342,0.0149804141640821,-1,0.0332451576590261,-0.0034658929454919,0000002488-20-000008_acceptance,acceptance
0.0078867418327872,0.0112505958978537,0,0.0255088881273102,-0.0176221462945229,0000002488-20-000008_acceptance,acceptance
-0.0104333959906032,0.0033256728767856,1,0.0090712667385665,-0.0195046627291698,0000002488-20-000008_acceptance,acceptance
0.008313054540735,-0.0054008536727301,2,-0.0090290150027729,0.0173420695435079,0000002488-20-000008_acceptance,acceptance
0.0508746994286237,0.0073263978048905,3,0.0173694421875734,0.0335052572410502,0000002488-20-000008_acceptance,acceptance
0.029468062858563,0.0016884725532351,4,0.0056754382889389,0.0237926245696241,0000002488-20-000008_acceptance,acceptance
0.0016728653134607,0.0064626464661976,5,0.0155778768383948,-0.013905011524934,0000002488-20-000008_acceptance,acceptance
0.0144411717283039,0.0036158389430824,-5,0.0043710700253768,0.0100701017029271,0001628280-21-001185_acceptance,acceptance
0.006161710910213,-0.0014888337468982,-4,-0.0023768830516475,0.0085385939618605,0001628280-21-001185_acceptance,acceptance
-0.0619787013338108,-0.025677883699462,-3,-0.0343527968801824,-0.0276259044536284,0001628280-21-001185_acceptance,acceptance
-0.0148581691719547,0.0097606259756297,-2,0.0124939678255281,-0.0273521369974828,0001628280-21-001185_acceptance,acceptance
-0.0214807738291533,-0.0193114751731245,-1,-0.025936933882891,0.0044561600537377,0001628280-21-001185_acceptance,acceptance
0.0235871588843694,0.0160517676144393,0,0.0208103342524932,0.0027768246318761,0001628280-21-001185_acceptance,acceptance
0.0136892185502026,0.0138982234844169,1,0.0179635278809083,-0.0042743093307056,0001628280-21-001185_acceptance,acceptance
-0.0109160613779033,0.0010087690809532,2,0.0009247403257856,-0.011840801703689,0001628280-21-001185_acceptance,acceptance
-0.0005689276607697,0.0108533222304207,3,0.0139384214668443,-0.0145073491276141,0001628280-21-001185_acceptance,acceptance
0.0006831191995666,0.0038974951646253,4,0.0047433961434751,-0.0040602769439085,0001628280-21-001185_acceptance,acceptance
0.0406143302941031,0.0073993483603735,5,0.0093725550499644,0.0312417752441386,0001628280-21-001185_acceptance,acceptance
0.0257309885858751,0.0243476468880761,-5,0.0522872672403817,-0.0265562786545065,0000002488-22-000016_acceptance,acceptance
0.0856138570802111,0.0188859517327795,-4,0.0408709606089873,0.0447428964712238,0000002488-22-000016_acceptance,acceptance
0.0221444094467997,0.0068630035578014,-3,0.015739996855764,0.0064044125910356,0000002488-22-000016_acceptance,acceptance
0.0512074278082093,0.0094225154473364,-2,0.0210900158016757,0.0301174120065335,0000002488-22-000016_acceptance,acceptance
-0.0218312174856573,-0.024391082077444,-1,-0.0495888461042466,0.0277576286185893,0000002488-22-000016_acceptance,acceptance
0.0293137624033255,0.0051569298644233,0,0.0121738768388914,0.017139885564434,0000002488-22-000016_acceptance,acceptance
0.0005663405800031,-0.0037017126347429,1,-0.0063428979412443,0.0069092385212474,0000002488-22-000016_acceptance,acceptance
0.0368723023054009,0.0084012071916632,2,0.0189552265319684,0.0179170757734324,0000002488-22-000016_acceptance,acceptance
0.0360290924893507,0.0145172078875055,3,0.0317391951197879,0.0042898973695627,0000002488-22-000016_acceptance,acceptance
-0.0532932565688595,-0.0181157256684597,4,-0.0364717842856692,-0.0168214722831903,0000002488-22-000016_acceptance,acceptance
-0.1001033368365339,-0.0189694543445634,5,-0.0382562903903283,-0.0618470464462056,0000002488-22-000016_acceptance,acceptance
-0.0220382593239948,-0.0200412342553273,-5,-0.0403248116809298,0.018286552356935,0000002488-23-000047_acceptance,acceptance
-0.0020840958670185,-0.0015735561458868,-4,-0.0041153778799823,0.0020312820129638,0000002488-23-000047_acceptance,acceptance
0.0409868080489763,0.0053294294160743,-3,0.0094192525837659,0.0315675554652103,0000002488-23-000047_acceptance,acceptance
-0.0208150929418103,-0.0105375514855581,-2,-0.0216910142929814,0.000875921351171,0000002488-23-000047_acceptance,acceptance
0.0087079054560774,0.0030730045671669,-1,0.0049950978140572,0.0037128076420201,0000002488-23-000047_acceptance,acceptance
-0.0024120200597779,-0.0030360018281855,0,-0.0069827838314433,0.0045707637716654,0000002488-23-000047_acceptance,acceptance
-0.0036905180551005,-0.00472526484568,1,-0.0102949087797923,0.0066043907246917,0000002488-23-000047_acceptance,acceptance
0.027462019424405,0.0075821940867943,2,0.0138362308703785,0.0136257885540265,0000002488-23-000047_acceptance,acceptance
0.0134260836509403,0.0161477371607488,3,0.0306306250041472,-0.0172045413532069,0000002488-23-000047_acceptance,acceptance
-0.0044160082897605,0.0006871667698291,4,0.0003172040761141,-0.0047332123658746,0000002488-23-000047_acceptance,acceptance
0.0117052354038484,-0.0153269191153376,5,-0.0310814904054199,0.0427867258092684,0000002488-23-000047_acceptance,acceptance
0.0114420810014161,0.0052603655277063,-5,0.0134247342839759,-0.0019826532825597,0000002488-24-000012_acceptance,acceptance
-0.0170798081283237,-0.0006517852510764,-4,-0.0004233872663521,-0.0166564208619716,0000002488-24-000012_acceptance,acceptance
0.0032722247168106,0.0075567748961808,-3,0.0188036492091623,-0.0155314244923516,0000002488-24-000012_acceptance,acceptance
-0.0324467424678016,-0.0006006499345398,-2,-0.0003036122292448,-0.0321431302385568,0000002488-24-000012_acceptance,acceptance
-0.0253980889177877,-0.0161057446115979,-1,-0.0366214335723347,0.011223344654547,0000002488-24-000012_acceptance,acceptance
0.0166378033604459,0.0124936882116097,0,0.0303674570742871,-0.0137296537138411,0000002488-24-000012_acceptance,acceptance
0.0421164248856822,0.0106844460775146,1,0.0261296414426494,0.0159867834430328,0000002488-24-000012_acceptance,acceptance
-0.0193065848467155,-0.0031863375266721,2,-0.0063601079795772,-0.0129464768671382,0000002488-24-000012_acceptance,acceptance
-0.0364460253712952,0.0023104108269635,3,0.0065150100918168,-0.0429610354631121,0000002488-24-000012_acceptance,acceptance
0.018227290145302,0.00824145796339,4,0.0204073928708075,-0.0021801027255055,0000002488-24-000012_acceptance,acceptance
-0.0093014877453019,0.0005705832608251,5,0.0024397852685662,-0.0117412730138681,0000002488-24-000012_acceptance,acceptance
0.0128675087845311,0.0052754144053117,-5,0.0088928793436912,0.0039746294408399,0000002488-25-000012_acceptance,acceptance
-0.0244826152378122,-0.0050468257540199,-4,-0.0134299710857915,-0.0110526441520206,0000002488-25-000012_acceptance,acceptance
-0.0144890068942883,-0.0076085976846667,-3,-0.0189700525758135,0.0044810456815252,0000002488-25-000012_acceptance,acceptance
0.0457688239308349,0.0072248818286797,-2,0.0131087926568155,0.0326600312740194,0000002488-25-000012_acceptance,acceptance
-0.0626778063913767,0.0039086729306143,-1,0.0059371676915205,-0.0686149740828973,0000002488-25-000012_acceptance,acceptance
-0.0165163685281523,0.0036442987226186,0,0.0053654326987857,-0.021881801226938,0000002488-25-000012_acceptance,acceptance
-0.0236020880272529,-0.0094647701115428,1,-0.0229842063657763,-0.0006178816614766,0000002488-25-000012_acceptance,acceptance
0.0271476930514911,0.0067125410858628,2,0.012000805863804,0.015146887187687,0000002488-25-000012_acceptance,acceptance
0.0056118310857073,0.0003395827888592,3,-0.0017813376110046,0.007393168696712,0000002488-25-000012_acceptance,acceptance
0.0055805828541612,-0.0027238667143857,4,-0.0084063457491256,0.0139869286032869,0000002488-25-000012_acceptance,acceptance
0.0008055526038963,0.0104262921222306,5,0.0200321544506928,-0.0192266018467965,0000002488-25-000012_acceptance,acceptance
0.0028171515982466,-8.172305219089626e-05,-5,0.0003422416760659,0.0024749099221807,0000002488-26-000018_acceptance,acceptance
-0.0022157664208722,-0.0012926312740076,-4,-0.0031740985283828,0.0009583321075105,0000002488-26-000018_acceptance,acceptance
-0.061265752228432,-0.0043018996208942,-3,-0.0119126726692503,-0.0493530795591816,0000002488-26-000018_acceptance,acceptance
0.0402991117184059,0.0053912661291679,-2,0.0162351818264358,0.02406392989197,0000002488-26-000018_acceptance,acceptance
-0.0168920436510282,-0.0084039830206983,-1,-0.0238246578394323,0.006932614188404,0000002488-26-000018_acceptance,acceptance
-0.1731444304789821,-0.0050723919062231,0,-0.0141500949208349,-0.1589943355581471,0000002488-26-000018_acceptance,acceptance
-0.0384135188951658,-0.0122510155676747,1,-0.0349960042462309,-0.0034175146489349,0000002488-26-000018_acceptance,acceptance
0.0828052074878247,0.0196957966973359,2,0.0577739169975851,0.0250312904902395,0000002488-26-000018_acceptance,acceptance
0.0362694179142457,0.0046910867168872,3,0.0142019401873329,0.0220674777269128,0000002488-26-000018_acceptance,acceptance
-0.0112499660915799,-0.0033037129754581,4,-0.0090140518079398,-0.00223591428364,0000002488-26-000018_acceptance,acceptance
4.679733339507664e-05,-4.895607156218951e-05,5,0.0004373932732614,-0.0003905959398664,0000002488-26-000018_acceptance,acceptance
0.007793212138915,0.00069332238554,-5,-0.0005356434938714,0.0083288556327865,0000318154-17-000004_acceptance,acceptance
-0.0038667167716515,0.0057525464497805,-4,0.005857856240841,-0.0097245730124926,0000318154-17-000004_acceptance,acceptance
0.0025084700497273,0.0035660501028451,-3,0.0030947123996955,-0.0005862423499682,0000318154-17-000004_acceptance,acceptance
0.0055174154544197,0.0052458450979924,-2,0.0052175218897429,0.0002998935646768,0000318154-17-000004_acceptance,acceptance
0.0023258725802655,0.0040073351766347,-1,0.0036523781536494,-0.0013265055733839,0000318154-17-000004_acceptance,acceptance
0.0222556117281895,0.0049923089198982,0,0.0048971202892597,0.0173584914389297,0000318154-17-000004_acceptance,acceptance
0.0018627430955302,-0.0008641180363413,1,-0.0025038296816529,0.0043665727771831,0000318154-17-000004_acceptance,acceptance
0.0068557773078543,0.0016785565287558,2,0.0007094277173054,0.0061463495905488,0000318154-17-000004_acceptance,acceptance
-0.0008656651746153,0.0060480661608284,3,0.0062313137454299,-0.0070969789200453,0000318154-17-000004_acceptance,acceptance
-0.003060919789469,-0.001082200145408,4,-0.002779426865877,-0.000281492923592,0000318154-17-000004_acceptance,acceptance
0.0081108609274946,0.0004189867216857,5,-0.00088233005525,0.0089931909827447,0000318154-17-000004_acceptance,acceptance
0.0046416521506089,-0.0050015884169394,-5,-0.0067927173165231,0.0114343694671321,0000318154-18-000004_acceptance,acceptance
-0.0245110627270336,-0.037536419758088,-4,-0.0473956164986494,0.0228845537716157,0000318154-18-000004_acceptance,acceptance
0.0019639234356747,0.0149360902084947,-3,0.0180891561029428,-0.0161252326672681,0000318154-18-000004_acceptance,acceptance
0.0081285691265096,0.0139145847540425,-2,0.0168143352026526,-0.0086857660761429,0000318154-18-000004_acceptance,acceptance
0.0061190991966169,0.002612929746329,-1,0.0027100678696608,0.003409031326956,0000318154-18-000004_acceptance,acceptance
0.0280608771001535,0.0134024582572458,0,0.0161752103121654,0.0118856667879881,0000318154-18-000004_acceptance,acceptance
0.0227272902008632,0.0120691127622993,1,0.0145112185078562,0.008216071693007,0000318154-18-000004_acceptance,acceptance
-0.0002724566515238,0.0003734693722488,2,-8.473941972402947e-05,-0.0001877172317998,0000318154-18-000004_acceptance,acceptance
-0.0031055847243474,-0.0058413894593534,3,-0.0078407742958459,0.0047351895714984,0000318154-18-000004_acceptance,acceptance
-0.0030056703971476,-0.0054965031281792,4,-0.0074103622003559,0.0044046918032083,0000318154-18-000004_acceptance,acceptance
0.0001097032467729,0.0009735510790762,5,0.0006641520310374,-0.0005544487842645,0000318154-18-000004_acceptance,acceptance
-0.034231450304944,-0.0093571401439401,-5,-0.0076876460247236,-0.0265438042802203,0000318154-19-000008_acceptance,acceptance
0.0096074553317018,0.000676201086956,-4,0.0016645508617499,0.0079429044699518,0000318154-19-000008_acceptance,acceptance
-0.0011293230536297,0.0007091030986317,-3,0.0016952192187878,-0.0028245422724175,0000318154-19-000008_acceptance,acceptance
0.0142097829921381,0.0128902247439735,-2,0.0130493878156377,0.0011603951765003,0000318154-19-000008_acceptance,acceptance
0.0029189202033441,0.0030239946687606,-1,0.0038529572281379,-0.0009340370247937,0000318154-19-000008_acceptance,acceptance
-0.0045323543886305,-0.0026516415551012,0,-0.0014373709088247,-0.0030949834798057,0000318154-19-000008_acceptance,acceptance
0.0088920828178249,0.0108787526085869,1,0.0111744706759851,-0.0022823878581602,0000318154-19-000008_acceptance,acceptance
-0.007274511743903,0.0014987433214488,2,0.0024312522772991,-0.0097057640212022,0000318154-19-000008_acceptance,acceptance
-0.0002671365593281,0.0017771107537685,3,0.002690721877099,-0.0029578584364271,0000318154-19-000008_acceptance,acceptance
-0.0075966766627162,-0.0035264367908802,4,-0.0022527779693523,-0.0053438986933639,0000318154-19-000008_acceptance,acceptance
0.010781491391119,0.0064111023949868,5,0.0070101206896794,0.0037713707014396,0000318154-19-000008_acceptance,acceptance
-0.0021128117434996,0.0033256728767856,-5,0.0033088785736842,-0.0054216903171839,0000318154-20-000017_acceptance,acceptance
-0.0091596617846532,-0.0054008536727301,-4,-0.0028561294239567,-0.0063035323606964,0000318154-20-000017_acceptance,acceptance
-0.0083283887931743,0.0073263978048905,-3,0.0061352609880593,-0.0144636497812336,0000318154-20-000017_acceptance,acceptance
0.0067716061649931,0.0016884725532351,-2,0.0021522496410662,0.0046193565239269,0000318154-20-000017_acceptance,acceptance
-0.0085604250452355,0.0064626464661976,-1,0.0055250486795538,-0.0140854737247894,0000318154-20-000017_acceptance,acceptance
-0.0104704330874233,-0.0016304457368023,0,-0.0001924584951547,-0.0102779745922685,0000318154-20-000017_acceptance,acceptance
0.0019727590977556,0.0018435333204338,1,0.0022617950443233,-0.0002890359465677,0000318154-20-000017_acceptance,acceptance
-0.0080095655085126,-0.0029199426368901,2,-0.0011034462354505,-0.006906119273062,0000318154-20-000017_acceptance,acceptance
0.0057287341047929,0.0047057858811645,3,0.0042838836528949,0.0014448504518979,0000318154-20-000017_acceptance,acceptance
-0.0036778432217146,-0.0038155197636281,4,-0.0017361424310692,-0.0019417007906453,0000318154-20-000017_acceptance,acceptance
0.0029259599600015,-0.0105181030271228,5,-0.0064713001355505,0.0093972600955521,0000318154-20-000017_acceptance,acceptance
0.0002497043762472,0.0138982234844169,-5,0.011437465685121,-0.0111877613088737,0000318154-21-000010_acceptance,acceptance
-0.0141791979669709,0.0010087690809532,-4,-0.0001963335500419,-0.013982864416929,0000318154-21-000010_acceptance,acceptance
0.0005904918587309,0.0108533222304207,-3,0.0086891903298532,-0.0080986984711222,0000318154-21-000010_acceptance,acceptance
-0.0037941740301414,0.0038974951646253,-2,0.0024109807901048,-0.0062051548202463,0000318154-21-000010_acceptance,acceptance
0.0052894864746508,0.0073993483603735,-1,0.0055716930867713,-0.0002822066121204,0000318154-21-000010_acceptance,acceptance
-0.0038724381615138,-0.0011135249921484,0,-0.0021118795763971,-0.0017605585851166,0000318154-21-000010_acceptance,acceptance
0.0076483691032009,-0.0003451849323593,1,-0.0014183890902896,0.0090667581934905,0000318154-21-000010_acceptance,acceptance
-0.0070131006089035,0.0016624551635393,2,0.0003936722337236,-0.0074067728426272,0000318154-21-000010_acceptance,acceptance
0.0092325457416926,0.0047110331133788,3,0.0031452661112462,0.0060872796304463,0000318154-21-000010_acceptance,acceptance
-0.0184227756802033,-0.0005692724183511,4,-0.0016206465902222,-0.016802129089981,0000318154-21-000010_acceptance,acceptance
0.0118967524157254,-0.0003204020092266,5,-0.0013960204513107,0.0132927728670361,0000318154-21-000010_acceptance,acceptance
-0.0352884170035541,-0.0181157256684597,-5,-0.0099253097352333,-0.0253631072683207,0000318154-22-000010_acceptance,acceptance
-0.0027095733700626,-0.0189694543445634,-4,-0.0104134472142146,0.007703873844152,0000318154-22-000010_acceptance,acceptance
-0.0087952155291861,-0.0038405967262932,-3,-0.0017632019731227,-0.0070320135560634,0000318154-22-000010_acceptance,acceptance
-0.0014715814318435,0.0157667211707204,-2,0.0094476979248572,-0.0109192793567008,0000318154-22-000010_acceptance,acceptance
-0.0057157523526737,0.000881207755895,-1,0.0009365898936531,-0.0066523422463268,0000318154-22-000010_acceptance,acceptance
-0.0044012426167377,-0.021173138152195,0,-0.0116734501735138,0.007272207556776,0000318154-22-000010_acceptance,acceptance
-0.0041048841265529,-0.0071661613961429,1,-0.0036646641115838,-0.000440220014969,0000318154-22-000010_acceptance,acceptance
0.0028989905221461,-0.0101429452648328,2,-0.0053667034290005,0.0082656939511466,0000318154-22-000010_acceptance,acceptance
-0.0018519162131417,-0.0184121228454876,3,-0.0100947811080726,0.0082428648949309,0000318154-22-000010_acceptance,acceptance
-0.0078280601234996,0.0149568560673292,4,0.0089846403739635,-0.0168127004974632,0000318154-22-000010_acceptance,acceptance
0.0353899232514047,0.0223726776556034,5,0.013224793663878,0.0221651295875267,0000318154-22-000010_acceptance,acceptance
-0.0055164339401909,-0.0103546106913104,-5,-0.0033502743201746,-0.0021661596200162,0000318154-23-000017_acceptance,acceptance
-0.0053840234801945,-0.0061404630177543,-4,-0.0014722525304287,-0.0039117709497658,0000318154-23-000017_acceptance,acceptance
0.0006150193329439,0.0128725105980265,-3,0.0070008199635332,-0.0063858006305892,0000318154-23-000017_acceptance,acceptance
-0.015573582349575,-0.0110807244761647,-2,-0.0036738646676008,-0.0118997176819742,0000318154-23-000017_acceptance,acceptance
-0.0008327719447747,-0.0088297961777351,-1,-0.0026707454797914,0.0018379735350167,0000318154-23-000017_acceptance,acceptance
0.0104166830308398,0.0021952617756952,0,0.0022425372700469,0.0081741457607929,0000318154-23-000017_acceptance,acceptance
0.0047835176801889,0.0114486093427661,1,0.0063662628025192,-0.0015827451223302,0000318154-23-000017_acceptance,acceptance
-0.0020703721141498,-0.0002804145319874,2,0.0011392598316787,-0.0032096319458286,0000318154-23-000017_acceptance,acceptance
-0.0039827187165085,0.002773175690496,3,0.0025000828068119,-0.0064828015233205,0000318154-23-000017_acceptance,acceptance
-0.0243678967774075,-0.0137887414891306,4,-0.0048806840178732,-0.0194872127595343,0000318154-23-000017_acceptance,acceptance
0.0269404126716019,-0.0027674058253277,5,3.093990518214778e-05,0.0269094727664198,0000318154-23-000017_acceptance,acceptance
-0.0034475388182615,0.0005705832608251,-5,0.0016750728860011,-0.0051226117042627,0000318154-24-000011_acceptance,acceptance
-0.0126505138807807,0.0057423415255595,-4,0.0056987323817663,-0.0183492462625471,0000318154-24-000011_acceptance,acceptance
0.0113699363398267,-0.0009489536011326,-3,0.000492863932912,0.0108770724069147,0000318154-24-000011_acceptance,acceptance
-0.0134156481390845,-0.0136742556536254,-2,-0.0094074987327476,-0.0040081494063369,0000318154-24-000011_acceptance,acceptance
-0.0014112866897475,0.0095797632750176,-1,0.0086842699245301,-0.0100955566142776,0000318154-24-000011_acceptance,acceptance
0.0043428562031169,0.0058212506847294,0,0.0057601241892222,-0.0014172679861053,0000318154-24-000011_acceptance,acceptance
-0.0185768057886941,-0.0048034698371121,1,-0.0025059732247013,-0.0160708325639927,0000318154-24-000011_acceptance,acceptance
-0.0006695727444615,-0.0060053220011653,2,-0.0034410215438337,0.0027714487993721,0000318154-24-000011_acceptance,acceptance
-0.0001765777038127,0.0012641999229821,3,0.0022147108826452,-0.002391288586458,0000318154-24-000011_acceptance,acceptance
0.0060680170346985,0.021122884217414,4,0.017664888471098,-0.0115968714363995,0000318154-24-000011_acceptance,acceptance
0.0140262056871773,0.0003479475462115,5,0.0015018609411758,0.0125243447460015,0000318154-24-000011_acceptance,acceptance
0.0042581057755495,0.0067125410858628,-5,0.0017654563703249,0.0024926494052246,0000318154-25-000010_acceptance,acceptance
0.0063435511538598,0.0003395827888592,-4,-0.0017865109438778,0.0081300620977376,0000318154-25-000010_acceptance,acceptance
-0.0053932841975807,-0.0027238667143857,-3,-0.003493924047358,-0.0018993601502227,0000318154-25-000010_acceptance,acceptance
0.0064732078636646,0.0104262921222306,-2,0.0038353149320022,0.0026378929316624,0000318154-25-000010_acceptance,acceptance
-0.0116432750855567,-7.194380749464546e-05,-1,-0.0020158752282575,-0.0096273998572991,0000318154-25-000010_acceptance,acceptance
0.0056325458673482,0.0024449877750611,0,-0.0006130638027495,0.0062456096700978,0000318154-25-000010_acceptance,acceptance
0.0050205588535103,0.0023769693899173,1,-0.000650973839115,0.0056715326926254,0000318154-25-000010_acceptance,acceptance
0.0124374792826111,-0.0043341850761716,2,-0.0043914347354812,0.0168289140180924,0000318154-25-000010_acceptance,acceptance
0.0170512421625419,-0.0170641267025635,3,-0.0114864657181745,0.0285377078807164,0000318154-25-000010_acceptance,acceptance
0.022144270624218,-0.0049691065044024,4,-0.0047453080946122,0.0268895787188303,0000318154-25-000010_acceptance,acceptance
0.019081746929719,-0.0046797309154723,5,-0.0045840246551943,0.0236657715849134,0000318154-25-000010_acceptance,acceptance
-0.0221168992810885,0.0046910867168872,-5,0.0036200037299769,-0.0257369030110654,0000318154-26-000010_acceptance,acceptance
-0.0297218132874066,-0.0033037129754581,-4,-0.0008909649938319,-0.0288308482935747,0000318154-26-000010_acceptance,acceptance
0.0052927354827039,-4.895607156218951e-05,-3,0.0009454920985368,0.004347243384167,0000318154-26-000010_acceptance,acceptance
-0.0010365101152122,-0.0156610121277019,-2,-0.007863421106759,0.0068269109915467,0000318154-26-000010_acceptance,acceptance
0.0151506544332313,0.0004990891480125,-1,0.0012547199641332,0.013895934469098,0000318154-26-000010_acceptance,acceptance
0.0112949558384232,0.0010313220779065,0,0.0015550259371311,0.009739929901292,0000318154-26-000010_acceptance,acceptance
0.0170612748474425,0.0055660701474107,1,0.0041137025142906,0.0129475723331519,0000318154-26-000010_acceptance,acceptance
-0.0111395350750256,-0.0028221256867719,2,-0.0006192352093912,-0.0105202998656343,0000318154-26-000010_acceptance,acceptance
-0.0019973297554364,0.0069397247635067,3,0.0048887704645805,-0.006886100220017,0000318154-26-000010_acceptance,acceptance
0.0124617890956146,-0.0103856522472848,4,-0.0048868633012917,0.0173486523969064,0000318154-26-000010_acceptance,acceptance
0.0090927105315561,0.0076516140863223,5,0.0052904453774754,0.0038022651540807,0000318154-26-000010_acceptance,acceptance
-0.0354188464341312,0.0072647580986477,-5,0.0096122636565783,-0.0450311100907096,0001018724-17-000011_acceptance,acceptance
-0.0031596731018066,-0.0021153569858851,-4,-0.0025203618545318,-0.0006393112472747,0001018724-17-000011_acceptance,acceptance
0.0060175333242835,0.0002268291856959,-3,0.0005091177884153,0.0055084155358682,0001018724-17-000011_acceptance,acceptance
0.0088738544170672,0.00069332238554,-2,0.0011124992230974,0.0077613551939698,0001018724-17-000011_acceptance,acceptance
0.002012918156127,0.0057525464497805,-1,0.0076563070969943,-0.0056433889408673,0001018724-17-000011_acceptance,acceptance
0.0074267142125987,0.0035660501028451,0,0.0048282030577891,0.0025985111548096,0001018724-17-000011_acceptance,acceptance
0.0109612266040575,0.0052458450979924,1,0.0070009187897277,0.0039603078143297,0001018724-17-000011_acceptance,acceptance
-0.0001673572852771,0.0040073351766347,2,0.0053989792684947,-0.0055663365537719,0001018724-17-000011_acceptance,acceptance
0.0075442880063369,0.0049923089198982,3,0.0066729846999416,0.0008713033063953,0001018724-17-000011_acceptance,acceptance
0.001708850451096,-0.0008641180363413,4,-0.0009019580862495,0.0026108085373455,0001018724-17-000011_acceptance,acceptance
0.0011017404426045,0.0016785565287558,5,0.002386841466521,-0.0012851010239165,0001018724-17-000011_acceptance,acceptance
0.0174897760741254,0.011841196508761,-5,0.0222334236798089,-0.0047436476056834,0001018724-18-000005_acceptance,acceptance
0.0111479870163437,-0.0067319743328871,-4,-0.0119984904566096,0.0231464774729534,0001018724-18-000005_acceptance,acceptance
0.0142062541142373,-0.0108988156202839,-3,-0.0196783289928706,0.033884583107108,0001018724-18-000005_acceptance,acceptance
0.0090901980569244,0.0004889853730833,-2,0.0013103448922277,0.0077798531646967,0001018724-18-000005_acceptance,acceptance
-0.0419673740052771,-0.0006480882520516,-1,-0.0007853773209727,-0.0411819966843044,0001018724-18-000005_acceptance,acceptance
0.0287409720660971,-0.021208547923968,0,-0.0386800317176304,0.0674210037837276,0001018724-18-000005_acceptance,acceptance
-0.0279380065988569,-0.0409792248042282,1,-0.0751190500820294,0.0471810434831725,0001018724-18-000005_acceptance,acceptance
0.0380143638995054,0.0174409205923138,2,0.0325541855814855,0.0054601783180198,0001018724-18-000005_acceptance,acceptance
-0.0180616206187189,-0.0050015884169394,3,-0.0088092438490909,-0.009252376769628,0001018724-18-000005_acceptance,acceptance
-0.0467820763555533,-0.037536419758088,4,-0.0687736711624739,0.0219915948069206,0001018724-18-000005_acceptance,acceptance
-0.008071057484337,0.0149360902084947,5,0.0279375727609695,-0.0360086302453065,0001018724-18-000005_acceptance,acceptance
0.0094506151672881,0.0084886940607138,-5,0.0181036074507928,-0.0086529922835046,0001018724-19-000004_acceptance,acceptance
-0.0195622167126648,-0.0078468274939378,-4,-0.0146656982387242,-0.0048965184739406,0001018724-19-000004_acceptance,acceptance
-0.0268699420425195,-0.0014562465775435,-3,-0.0018460953333436,-0.0250238467091759,0001018724-19-000004_acceptance,acceptance
0.048027447209614,0.0155492609197442,-2,0.0322672123880932,0.0157602348215207,0001018724-19-000004_acceptance,acceptance
0.0289147216718597,0.0085973959487253,-1,0.0183216650980714,0.0105930565737882,0001018724-19-000004_acceptance,acceptance
-0.0538188077293867,0.0008986100931438,0,0.0028777831077936,-0.0566965908371803,0001018724-19-000004_acceptance,acceptance
0.0043535818975664,0.006776236617404,1,0.0146683916695048,-0.0103148097719384,0001018724-19-000004_acceptance,acceptance
0.0156124872244736,0.0047084203769747,2,0.0105203207147039,0.0050921665097696,0001018724-19-000004_acceptance,acceptance
-0.0111826897860277,-0.0022244379802809,3,-0.003387099017869,-0.0077955907681587,0001018724-19-000004_acceptance,acceptance
-0.0157841104531439,-0.0093571401439401,4,-0.0176954084777939,0.0019112980246499,0001018724-19-000004_acceptance,acceptance
-0.0161982091572395,0.000676201086956,5,0.0024316272450937,-0.0186298364023333,0001018724-19-000004_acceptance,acceptance
-0.0121724266388618,-0.0090421609742074,-5,-0.0109964258563612,-0.0011760007825005,0001018724-20-000004_acceptance,acceptance
-0.0178874637677122,-0.0157307116591823,-4,-0.0185566323618041,0.0006691685940918,0001018724-20-000004_acceptance,acceptance
0.0136243659245136,0.010053584595046,-3,0.0105878883962398,0.0030364775282738,0001018724-20-000004_acceptance,acceptance
0.0025630978623367,-0.0008668741908683,-2,-0.0017557309383872,0.0043188288007239,0001018724-20-000004_acceptance,acceptance
0.0068244891898707,0.0031343587926053,-1,0.0027669450576852,0.0040575441321854,0001018724-20-000004_acceptance,acceptance
0.0737913558648475,-0.0177058203755262,0,-0.0207891383963032,0.0945804942611507,0001018724-20-000004_acceptance,acceptance
-0.0022501685803328,0.0072546138923517,1,0.0074241542015377,-0.0096743227818706,0001018724-20-000004_acceptance,acceptance
0.0226873421407756,0.0149804141640821,2,0.0161567852639435,0.006530556876832,0001018724-20-000004_acceptance,acceptance
-0.0047812367371395,0.0112505958978537,3,0.0119408949091312,-0.0167221316462708,0001018724-20-000004_acceptance,acceptance
0.0050787328892443,0.0033256728767856,4,0.0029831913047312,0.002095541584513,0001018724-20-000004_acceptance,acceptance
0.0141691363906086,-0.0054008536727301,5,-0.0068805812667724,0.0210497176573811,0001018724-20-000004_acceptance,acceptance
-0.0281258122831292,-0.025677883699462,-5,-0.0359889185932437,0.0078631063101145,0001018724-21-000004_acceptance,acceptance
0.0015591193708615,0.0097606259756297,-4,0.01241017764648,-0.0108510582756185,0001018724-21-000004_acceptance,acceptance
-0.0097046545146951,-0.0193114751731245,-3,-0.0272941844807601,0.0175895299660649,0001018724-21-000004_acceptance,acceptance
0.0426299029247456,0.0160517676144393,-2,0.0210021182338826,0.021627784690863,0001018724-21-000004_acceptance,acceptance
0.011104214562255,0.0138982234844169,-1,0.0180609790448747,-0.0069567644826196,0001018724-21-000004_acceptance,acceptance
-0.0199615659093009,0.0010087690809532,0,0.0004575879917447,-0.0204191539010457,0001018724-21-000004_acceptance,acceptance
0.0055758451473297,0.0108533222304207,1,0.0139024952321032,-0.0083266500847734,0001018724-21-000004_acceptance,acceptance
0.0063494151774878,0.0038974951646253,2,0.004402780185651,0.0019466349918368,0001018724-21-000004_acceptance,acceptance
-0.0087137807739665,0.0073993483603735,3,0.0091853325952273,-0.0178991133691939,0001018724-21-000004_acceptance,acceptance
-0.0053988525624483,-0.0011135249921484,4,-0.002440872356469,-0.0029579802059792,0001018724-21-000004_acceptance,acceptance
-0.0055734054403838,-0.0003451849323593,5,-0.0013915346490003,-0.0041818707913834,0001018724-21-000004_acceptance,acceptance
0.0310840567382737,0.0243476468880761,-5,0.0257570563727851,0.0053270003654886,0001018724-22-000005_acceptance,acceptance
0.0388636103021893,0.0188859517327795,-4,0.0198550681493606,0.0190085421528286,0001018724-22-000005_acceptance,acceptance
0.0108307628022343,0.0068630035578014,-3,0.0068628932802179,0.0039678695220164,0001018724-22-000005_acceptance,acceptance
-0.0038427158906232,0.0094225154473364,-2,0.0096287395239616,-0.0134714554145848,0001018724-22-000005_acceptance,acceptance
-0.0781276325178123,-0.024391082077444,-1,-0.0269107319603326,-0.0512169005574796,0001018724-22-000005_acceptance,acceptance
0.1353590173571186,0.0051569298644233,0,0.0050192849204861,0.1303397324366325,0001018724-22-000005_acceptance,acceptance
0.0018777353189827,-0.0037017126347429,1,-0.0045534946321961,0.0064312299511788,0001018724-22-000005_acceptance,acceptance
0.022021627828944,0.0084012071916632,2,0.0085250987812842,0.0134965290476597,0001018724-22-000005_acceptance,acceptance
-0.0013877341505965,0.0145172078875055,3,0.0151341392082863,-0.0165218733588829,0001018724-22-000005_acceptance,acceptance
-0.0135617062747338,-0.0181157256684597,4,-0.0201294894027544,0.0065677831280205,0001018724-22-000005_acceptance,acceptance
-0.0359111067436319,-0.0189694543445634,5,-0.0210520411836749,-0.014859065559957,0001018724-22-000005_acceptance,acceptance
0.0304373776044284,0.002494840970949,-5,0.0001665404282274,0.0302708371762009,0001018724-23-000004_acceptance,acceptance
-0.0165296835614527,-0.0129687409846833,-4,-0.022671206626341,0.0061415230648882,0001018724-23-000004_acceptance,acceptance
0.0256588177360086,0.0146424702855101,-3,0.018107046476217,0.0075517712597916,0001018724-23-000004_acceptance,acceptance
0.0195869710681486,0.0104523039445902,-2,0.011918702838562,0.0076682682295866,0001018724-23-000004_acceptance,acceptance
0.0737993535294492,0.0146993732443099,-1,0.0181910849210905,0.0556082686083586,0001018724-23-000004_acceptance,acceptance
-0.0843149762083984,-0.0103546106913104,0,-0.0188104681131669,-0.0655045080952315,0001018724-23-000004_acceptance,acceptance
-0.011703250716856,-0.0061404630177543,1,-0.0125867070922465,0.0008834563753904,0001018724-23-000004_acceptance,acceptance
-0.0006850625818668,0.0128725105980265,2,0.0154930407590739,-0.0161781033409407,0001018724-23-000004_acceptance,acceptance
-0.0201742977796528,-0.0110807244761647,3,-0.0198828459748366,-0.0002914518048162,0001018724-23-000004_acceptance,acceptance
-0.0180910058248766,-0.0088297961777351,4,-0.0165585106904894,-0.0015324951343872,0001018724-23-000004_acceptance,acceptance
-0.0064128386310795,0.0021952617756952,5,-0.0002759000039859,-0.0061369386270936,0001018724-23-000004_acceptance,acceptance
0.0086845966224247,-0.0006517852510764,-5,-0.0012633305428668,0.0099479271652915,0001018724-24-000008_acceptance,acceptance
0.0134489659082277,0.0075567748961808,-4,0.0118611392639018,0.0015878266443259,0001018724-24-000008_acceptance,acceptance
-0.0140146011647056,-0.0006006499345398,-3,-0.0011815715125491,-0.0128330296521564,0001018724-24-000008_acceptance,acceptance
-0.0238993902626277,-0.0161057446115979,-2,-0.025972295255754,0.0020729049931262,0001018724-24-000008_acceptance,acceptance
0.0262886721087716,0.0124936882116097,-1,0.0197546514736685,0.006534020635103,0001018724-24-000008_acceptance,acceptance
0.0786664921856183,0.0106844460775146,0,0.0168618976488702,0.0618045945367481,0001018724-24-000008_acceptance,acceptance
-0.008730574595861,-0.0031863375266721,1,-0.0053157653448274,-0.0034148092510335,0001018724-24-000008_acceptance,acceptance
-0.006811130754143,0.0023104108269635,2,0.0034728536709937,-0.0102839844251368,0001018724-24-000008_acceptance,acceptance
0.008158468416245,0.00824145796339,3,0.0129558625870652,-0.0047973941708201,0001018724-24-000008_acceptance,acceptance
-0.0040462232237464,0.0005705832608251,4,0.0006910851328906,-0.004737308356637,0001018724-24-000008_acceptance,acceptance
0.027143197772921,0.0057423415255595,5,0.008960085295616,0.018183112477305,0001018724-24-000008_acceptance,acceptance
0.0129559891495079,-0.0050468257540199,-5,-0.0066766190771575,0.0196326082266654,0001018724-25-000004_acceptance,acceptance
-0.0010938846972727,-0.0076085976846667,-4,-0.0108044813872975,0.0097105966900247,0001018724-25-000004_acceptance,acceptance
0.0195434227336934,0.0072248818286797,-3,0.0130971627360019,0.0064462599976915,0001018724-25-000004_acceptance,acceptance
-0.0243328077710265,0.0039086729306143,-2,0.0077536528165146,-0.0320864605875412,0001018724-25-000004_acceptance,acceptance
0.0112630888035427,0.0036442987226186,-1,0.0073276584819279,0.0039354303216147,0001018724-25-000004_acceptance,acceptance
-0.0405309544879449,-0.0094647701115428,0,-0.0137953894030977,-0.0267355650848472,0001018724-25-000004_acceptance,acceptance
0.0174121998666361,0.0067125410858628,1,0.012271612257865,0.005140587608771,0001018724-25-000004_acceptance,acceptance
-0.0016299428832774,0.0003395827888592,2,0.0020026675311369,-0.0036326104144144,0001018724-25-000004_acceptance,acceptance
-0.0164547255604193,-0.0027238667143857,3,-0.00293356336131,-0.0135211621991093,0001018724-25-000004_acceptance,acceptance
0.0062901432205331,0.0104262921222306,4,0.0182556941149864,-0.0119655508944533,0001018724-25-000004_acceptance,acceptance
-0.0073360354092405,-7.194380749464546e-05,5,0.0013395620039089,-0.0086755974131494,0001018724-25-000004_acceptance,acceptance
-0.0100525078340717,-0.0043018996208942,-5,-0.0077582484575773,-0.0022942593764943,0001018724-26-000004_acceptance,acceptance
0.0152946243854319,0.0053912661291679,-4,0.0088787929841839,0.006415831401248,0001018724-26-000004_acceptance,acceptance
-0.0178630699569863,-0.0084039830206983,-3,-0.014798933954951,-0.0030641360020353,0001018724-26-000004_acceptance,acceptance
-0.023593955826118,-0.0050723919062231,-2,-0.0090806969137478,-0.0145132589123701,0001018724-26-000004_acceptance,acceptance
-0.0442079179746619,-0.0122510155676747,-1,-0.0214018582793844,-0.0228060596952774,0001018724-26-000004_acceptance,acceptance
-0.0555480487744045,0.0196957966973359,0,0.0334306343540712,-0.0889786831284757,0001018724-26-000004_acceptance,acceptance
-0.0076074840614147,0.0046910867168872,1,0.0076770273072988,-0.0152845113687136,0001018724-26-000004_acceptance,acceptance
-0.0084323231915608,-0.0033037129754581,2,-0.0060449926426104,-0.0023873305489504,0001018724-26-000004_acceptance,acceptance
-0.0139157556502897,-4.895607156218951e-05,3,-0.0004586313970463,-0.0134571242532434,0001018724-26-000004_acceptance,acceptance
-0.021952154485219,-0.0156610121277019,4,-0.0272546679339674,0.0053025134487484,0001018724-26-000004_acceptance,acceptance
-0.0040581803237155,0.0004990891480125,5,0.0004820159894862,-0.0045401963132018,0001018724-26-000004_acceptance,acceptance
0.0038380222153286,0.0035660501028451,-5,0.0048437197171514,-0.0010056975018227,0001193125-17-047588_acceptance,acceptance
0.0054784412923807,0.0052458450979924,-4,0.0065115353464267,-0.0010330940540459,0001193125-17-047588_acceptance,acceptance
0.0063364278815138,0.0040073351766347,-3,0.0052818577906415,0.0010545700908723,0001193125-17-047588_acceptance,acceptance
0.0023928890768605,0.0049923089198982,-2,0.0062598072476802,-0.0038669181708197,0001193125-17-047588_acceptance,acceptance
-0.0011306590022457,-0.0008641180363413,-1,0.000445145079057,-0.0015758040813027,0001193125-17-047588_acceptance,acceptance
0.002515552977105,0.0016785565287558,0,0.0029696866999576,-0.0004541337228525,0001193125-17-047588_acceptance,acceptance
0.003261828112377,0.0060480661608284,1,0.0073080354137545,-0.0040462073013774,0001193125-17-047588_acceptance,acceptance
-0.001375980559692,-0.001082200145408,2,0.0002286182105894,-0.0016045987702814,0001193125-17-047588_acceptance,acceptance
0.0023794056666719,0.0004189867216857,3,0.0017190994458798,0.000660306220792,0001193125-17-047588_acceptance,acceptance
-0.0036226701808723,0.0014933641914423,4,0.0027858150516399,-0.0064084852325123,0001193125-17-047588_acceptance,acceptance
0.0051401815800191,0.0010179830611165,5,0.0023138240757707,0.0028263575042484,0001193125-17-047588_acceptance,acceptance
0.0324900920931685,0.0139145847540425,-5,0.0123571605304027,0.0201329315627658,0000004962-18-000032_acceptance,acceptance
-0.0014783327459273,0.002612929746329,-4,0.0024831005827334,-0.0039614333286608,0000004962-18-000032_acceptance,acceptance
0.0176608285084034,0.0134024582572458,-3,0.0119097244932286,0.0057511040151748,0000004962-18-000032_acceptance,acceptance
0.003429516389541,0.0120691127622993,-2,0.0107448036618043,-0.0073152872722632,0000004962-18-000032_acceptance,acceptance
0.0023818046474297,0.0003734693722488,-1,0.0005265228984025,0.0018552817490271,0000004962-18-000032_acceptance,acceptance
0.0041327026131066,-0.0058413894593534,0,-0.0049032914630922,0.0090359940761988,0000004962-18-000032_acceptance,acceptance
0.0031892582715562,-0.0054965031281792,1,-0.0046019702577624,0.0077912285293187,0000004962-18-000032_acceptance,acceptance
-0.0015384785228083,0.0009735510790762,2,0.0010508038769557,-0.002589282399764,0000004962-18-000032_acceptance,acceptance
0.0148952255089984,0.0160283763505131,3,0.0142039435835206,0.0006912819254778,0000004962-18-000032_acceptance,acceptance
0.0287447755833214,0.0117570153438109,4,0.0104721295607487,0.0182726460225726,0000004962-18-000032_acceptance,acceptance
-0.0202677777692794,-0.0127068884438292,5,-0.0109015588404904,-0.009366218928789,0000004962-18-000032_acceptance,acceptance
-0.0054304739620113,-0.0093571401439401,-5,-0.009186616523663,0.0037561425616517,0000004962-19-000018_acceptance,acceptance
0.0012451771152794,0.000676201086956,-4,0.0012204188267025,2.4758288576941147e-05,0000004962-19-000018_acceptance,acceptance
0.0085152245467772,0.0007091030986317,-3,0.0012545462814283,0.0072606782653488,0000004962-19-000018_acceptance,acceptance
0.0150840656379316,0.0128902247439735,-2,0.0138893566255445,0.001194709012387,0000004962-19-000018_acceptance,acceptance
0.0052336614127399,0.0030239946687606,-1,0.0036556565245855,0.0015780048881544,0000004962-19-000018_acceptance,acceptance
-0.0087393721149865,-0.0026516415551012,0,-0.0022313700858181,-0.0065080020291683,0000004962-19-000018_acceptance,acceptance
0.0071278200853504,0.0108787526085869,1,0.0118029667442973,-0.0046751466589469,0000004962-19-000018_acceptance,acceptance
-0.0081949322877917,0.0014987433214488,2,0.0020735968373511,-0.0102685291251429,0000004962-19-000018_acceptance,acceptance
0.0026291560150804,0.0017771107537685,3,0.0023623321292019,0.0002668238858784,0000004962-19-000018_acceptance,acceptance
-0.001592208478985,-0.0035264367908802,4,-0.0031387472728961,0.0015465387939111,0000004962-19-000018_acceptance,acceptance
0.0077854754586625,0.0064111023949868,5,0.0071689178630702,0.0006165575955923,0000004962-19-000018_acceptance,acceptance
-0.0107318856533572,-0.0054008536727301,-5,-0.0080395482077903,-0.0026923374455668,0000004962-20-000030_acceptance,acceptance
0.0031862979179426,0.0073263978048905,-4,0.0087841969245584,-0.0055978990066157,0000004962-20-000030_acceptance,acceptance
0.0029491868053856,0.0016884725532351,-3,0.0013316045344522,0.0016175822709334,0000004962-20-000030_acceptance,acceptance
0.0045993644173321,0.0064626464661976,-2,0.0076424317598293,-0.0030430673424972,0000004962-20-000030_acceptance,acceptance
0.0091561159437512,-0.0016304457368023,-1,-0.0030555670025339,0.0122116829462851,0000004962-20-000030_acceptance,acceptance
0.0104865658157238,0.0018435333204338,0,0.0015365743845384,0.0089499914311853,0000004962-20-000030_acceptance,acceptance
-0.0019872993880333,-0.0029199426368901,1,-0.0047601115567274,0.002772812168694,0000004962-20-000030_acceptance,acceptance
0.0098081750827185,0.0047057858811645,2,0.0053200941547589,0.0044880809279596,0000004962-20-000030_acceptance,acceptance
-0.0025559872606099,-0.0038155197636281,3,-0.0059439462089377,0.0033879589483278,0000004962-20-000030_acceptance,acceptance
-0.0123006397440975,-0.0105181030271228,4,-0.0148038758450937,0.0025032361009961,0000004962-20-000030_acceptance,acceptance
-0.0497404503699764,-0.0335136266712231,5,-0.0452009203015114,-0.0045395300684649,0000004962-20-000030_acceptance,acceptance
0.0110487327052672,0.0038974951646253,-5,0.0060897945228432,0.0049589381824239,0000004962-21-000013_acceptance,acceptance
0.0135411937401443,0.0073993483603735,-4,0.0102373484989383,0.003303845241206,0000004962-21-000013_acceptance,acceptance
-0.0102350564538461,-0.0011135249921484,-3,0.0001548008455658,-0.010389857299412,0000004962-21-000013_acceptance,acceptance
0.0122356393873621,-0.0003451849323593,-2,0.0010648138277892,0.0111708255595729,0000004962-21-000013_acceptance,acceptance
0.0006237983489021,0.0016624551635393,-1,0.0034426392810156,-0.0028188409321135,0000004962-21-000013_acceptance,acceptance
0.0102095929188918,0.0047110331133788,0,0.0070533393562342,0.0031562535626576,0000004962-21-000013_acceptance,acceptance
0.0081779055340736,-0.0005692724183511,1,0.0007994072297494,0.0073784983043241,0000004962-21-000013_acceptance,acceptance
-0.0162229525952157,-0.0003204020092266,2,0.0010941664321482,-0.017317119027364,0000004962-21-000013_acceptance,acceptance
-0.000544382902597,-0.0044158356273545,3,-0.0037564172551757,0.0032120343525786,0000004962-21-000013_acceptance,acceptance
0.0250603928532018,-0.0018548966445751,4,-0.0007232710703328,0.0257836639235346,0000004962-21-000013_acceptance,acceptance
0.0321916121612855,-0.0077328394581538,5,-0.0076850378049627,0.0398766499662482,0000004962-21-000013_acceptance,acceptance
0.0098348388101268,0.0051569298644233,-5,0.0069963911127759,0.0028384476973508,0000004962-22-000008_acceptance,acceptance
0.0108689311032748,-0.0037017126347429,-4,-0.0043588370793341,0.0152277681826089,0000004962-22-000008_acceptance,acceptance
0.0326289212833297,0.0084012071916632,-3,0.0111549864475312,0.0214739348357985,0000004962-22-000008_acceptance,acceptance
0.0123709718036648,0.0145172078875055,-2,0.0189946281907135,-0.0066236563870486,0000004962-22-000008_acceptance,acceptance
-0.0045313897318836,-0.0181157256684597,-1,-0.0228350773359318,0.0183036876040482,0000004962-22-000008_acceptance,acceptance
-0.0189247865891449,-0.0189694543445634,0,-0.0239294079776997,0.0050046213885547,0000004962-22-000008_acceptance,acceptance
0.0028152697999834,-0.0038405967262932,1,-0.0045368621607115,0.007352131960695,0000004962-22-000008_acceptance,acceptance
0.029269450630565,0.0157667211707204,2,0.0205962853815656,0.0086731652489994,0000004962-22-000008_acceptance,acceptance
0.0020204068260933,0.000881207755895,3,0.0015156642143873,0.000504742611706,0000004962-22-000008_acceptance,acceptance
-0.013458811404546,-0.021173138152195,4,-0.0267541446685944,0.0132953332640484,0000004962-22-000008_acceptance,acceptance
-0.0042410188733749,-0.0071661613961429,5,-0.0087996536321267,0.0045586347587518,0000004962-22-000008_acceptance,acceptance
0.0330965379952337,-0.0103546106913104,-5,-0.0114573142646055,0.0445538522598392,0000004962-23-000006_acceptance,acceptance
-0.0133065711431681,-0.0061404630177543,-4,-0.0066489584061368,-0.0066576127370312,0000004962-23-000006_acceptance,acceptance
0.0125792253973544,0.0128725105980265,-3,0.015044904779062,-0.0024656793817075,0000004962-23-000006_acceptance,acceptance
0.0016788690545359,-0.0110807244761647,-2,-0.0122858123956101,0.013964681450146,0000004962-23-000006_acceptance,acceptance
0.0020670221164789,-0.0088297961777351,-1,-0.009717496069473,0.0117845181859519,0000004962-23-000006_acceptance,acceptance
-0.0006689859243267,0.0021952617756952,0,0.0028621300155329,-0.0035311159398597,0000004962-23-000006_acceptance,acceptance
0.0116040808384105,0.0114486093427661,1,0.01342022893166,-0.0018161480932494,0000004962-23-000006_acceptance,acceptance
-0.0017098913330492,-0.0002804145319874,2,3.737549816854626e-05,-0.0017472668312177,0000004962-23-000006_acceptance,acceptance
-0.0019332846693769,0.002773175690496,3,0.003521531624869,-0.005454816294246,0000004962-23-000006_acceptance,acceptance
-0.0151105563571831,-0.0137887414891306,4,-0.0153756683944483,0.0002651120372652,0000004962-23-000006_acceptance,acceptance
-0.0035966282068868,-0.0027674058253277,5,-0.0028002894537106,-0.0007963387531762,0000004962-23-000006_acceptance,acceptance
0.0156972874484677,0.0106844460775146,-5,0.0123239000182875,0.0033733874301802,0000004962-24-000013_acceptance,acceptance
-0.0022771446423767,-0.0031863375266721,-4,-0.0029605898513774,0.0006834452090007,0000004962-24-000013_acceptance,acceptance
-0.0014081854338791,0.0023104108269635,-3,0.0030963855095448,-0.0045045709434239,0000004962-24-000013_acceptance,acceptance
0.0166787638358274,0.00824145796339,-2,0.0096319232599753,0.0070468405758521,0000004962-24-000013_acceptance,acceptance
0.0101875590794184,0.0005705832608251,-1,0.0011792352195222,0.0090083238598962,0000004962-24-000013_acceptance,acceptance
0.0059656719894782,0.0057423415255595,0,0.0068780975953889,-0.0009124256059106,0000004962-24-000013_acceptance,acceptance
-0.0009883576940977,-0.0009489536011326,1,-0.0004951724012675,-0.0004931852928302,0000004962-24-000013_acceptance,acceptance
-0.0122021002080346,-0.0136742556536254,2,-0.0145174335697745,0.0023153333617398,0000004962-24-000013_acceptance,acceptance
0.0058663883542657,0.0095797632750176,3,0.011106628263081,-0.0052402399088152,0000004962-24-000013_acceptance,acceptance
0.0077287114808235,0.0058212506847294,4,0.006965049153309,0.0007636623275144,0000004962-24-000013_acceptance,acceptance
0.0001412489938592,-0.0048034698371121,5,-0.0047425398206182,0.0048837888144775,0000004962-24-000013_acceptance,acceptance
-0.004702947977705,-0.0050468257540199,-5,-0.0046407011951348,-6.224678257023882e-05,0000004962-25-000016_acceptance,acceptance
-0.0028979037206378,-0.0076085976846667,-4,-0.0076718537720666,0.0047739500514288,0000004962-25-000016_acceptance,acceptance
-0.0022115991928309,0.0072248818286797,-3,0.0098794899341597,-0.0120910891269906,0000004962-25-000016_acceptance,acceptance
0.0148814224900413,0.0039086729306143,-2,0.0059556686810799,0.0089257538089613,0000004962-25-000016_acceptance,acceptance
-0.0011855005385954,0.0036442987226186,-1,0.0056428545104452,-0.0068283550490407,0000004962-25-000016_acceptance,acceptance
-0.0105576440465215,-0.0094647701115428,0,-0.0098681233804758,-0.0006895206660457,0000004962-25-000016_acceptance,acceptance
-0.0205510980767863,0.0067125410858628,1,0.0092732755618816,-0.0298243736386679,0000004962-25-000016_acceptance,acceptance
-0.0022239948050457,0.0003395827888592,2,0.001732632019986,-0.0039566268250318,0000004962-25-000016_acceptance,acceptance
-0.0102400906292817,-0.0027238667143857,3,-0.0018921179997071,-0.0083479726295746,0000004962-25-000016_acceptance,acceptance
0.0035901990815359,0.0104262921222306,4,0.0136674786091167,-0.0100772795275808,0000004962-25-000016_acceptance,acceptance
0.0115120691486898,-7.194380749464546e-05,5,0.0012457034655385,0.0102663656831513,0000004962-25-000016_acceptance,acceptance
-0.0176567917749261,-0.0043018996208942,-5,-0.0030334176002309,-0.0146233741746952,0000004962-26-000080_acceptance,acceptance
0.0018740187638972,0.0053912661291679,-4,0.0073714614384697,-0.0054974426745725,0000004962-26-000080_acceptance,acceptance
-0.0090695407441127,-0.0084039830206983,-3,-0.0074366933392587,-0.0016328474048539,0000004962-26-000080_acceptance,acceptance
0.0115551362961014,-0.0050723919062231,-2,-0.0038604826928759,0.0154156189889774,0000004962-26-000080_acceptance,acceptance
0.0026860515580244,-0.0122510155676747,-1,-0.0115661913114745,0.014252242869499,0000004962-26-000080_acceptance,acceptance
0.0127742113752955,0.0196957966973359,0,0.0227262912334961,-0.0099520798582006,0000004962-26-000080_acceptance,acceptance
0.0014200591084432,0.0046910867168872,1,0.0066198718878502,-0.005199812779407,0000004962-26-000080_acceptance,acceptance
0.0098426724121376,-0.0033037129754581,2,-0.0019619398630693,0.011804612275207,0000004962-26-000080_acceptance,acceptance
-0.0253029110138279,-4.895607156218951e-05,3,0.0015317950795314,-0.0268347060933594,0000004962-26-000080_acceptance,acceptance
-0.031439788589651,-0.0156610121277019,4,-0.0152265642633392,-0.0162132243263117,0000004962-26-000080_acceptance,acceptance
-0.0156905733277979,0.0004990891480125,5,0.0021200801005914,-0.0178106534283894,0000004962-26-000080_acceptance,acceptance
0.0,-0.0008641180363413,-5,0.0020655576674282,-0.0020655576674282,0000070858-17-000013_acceptance,acceptance
-0.0024410332499327,0.0016785565287558,-4,0.0052406337476611,-0.0076816669975938,0000070858-17-000013_acceptance,acceptance
0.0106034040682294,0.0060480661608284,-3,0.0106969063299178,-9.350226168835726e-05,0000070858-17-000013_acceptance,acceptance
0.0004036991535356,-0.001082200145408,-2,0.0017932352485354,-0.0013895360949997,0000070858-17-000013_acceptance,acceptance
-0.0084710988126202,0.0004189867216857,-1,0.0036677899316618,-0.012138888744282,0000070858-17-000013_acceptance,acceptance
-0.0142394089485031,0.0014933641914423,0,0.0050093812828282,-0.0192487902313314,0000070858-17-000013_acceptance,acceptance
0.0140321378026309,0.0010179830611165,1,0.004415765695285,0.0096163721073458,0000070858-17-000013_acceptance,acceptance
0.0044770984882382,-0.0025783763780462,2,-7.506257977157741e-05,0.0045521610680098,0000070858-17-000013_acceptance,acceptance
0.0363746410726559,0.0136738546598662,3,0.0202193434473414,0.0161552976253145,0000070858-17-000013_acceptance,acceptance
-0.0105884412643083,-0.0058598805035984,4,-0.004172726275805,-0.0064157149885033,0000070858-17-000013_acceptance,acceptance
0.0083237967447338,0.00050387727206,5,0.0037737940423062,0.0045500027024275,0000070858-17-000013_acceptance,acceptance
0.0065624758369777,0.0120691127622993,-5,0.0165129288826737,-0.0099504530456959,0000070858-18-000009_acceptance,acceptance
-0.0074510852585584,0.0003734693722488,-4,0.0016908632505729,-0.0091419485091313,0000070858-18-000009_acceptance,acceptance
-0.0012510360073356,-0.0058413894593534,-3,-0.0061853212759331,0.0049342852685975,0000070858-18-000009_acceptance,acceptance
-0.0018790510744464,-0.0054965031281792,-2,-0.005748241615944,0.0038691905414976,0000070858-18-000009_acceptance,acceptance
-0.0056478390444389,0.0009735510790762,-1,0.0024513558670617,-0.0080991949115007,0000070858-18-000009_acceptance,acceptance
0.0107287181838489,0.0160283763505131,0,0.0215305634669509,-0.010801845283102,0000070858-18-000009_acceptance,acceptance
0.012176101697972,0.0117570153438109,1,0.0161174031072913,-0.0039413014093193,0000070858-18-000009_acceptance,acceptance
-0.0027760845838723,-0.0127068884438292,2,-0.0148860719017251,0.0121099873178528,0000070858-18-000009_acceptance,acceptance
-0.007114043294783,-0.011095788639207,3,-0.0128443007697248,0.0057302574749417,0000070858-18-000009_acceptance,acceptance
-0.0156349401786117,-0.0133243995419872,4,-0.0156686530492689,3.371287065716613e-05,0000070858-18-000009_acceptance,acceptance
0.0047649156551459,0.005071602744632,5,0.0076448786793492,-0.0028799630242033,0000070858-18-000009_acceptance,acceptance
0.0096122949333461,0.0017771107537685,-5,0.0023738973641272,0.0072383975692189,0000070858-19-000012_acceptance,acceptance
-0.0040804005299985,-0.0035264367908802,-4,-0.0029054210106491,-0.0011749795193494,0000070858-19-000012_acceptance,acceptance
-0.0071698984223228,0.0064111023949868,-3,0.0069867186906237,-0.0141566171129465,0000070858-19-000012_acceptance,acceptance
0.0065339321849857,0.0012318625699112,-2,0.0018311401376448,0.0047027920473409,0000070858-19-000012_acceptance,acceptance
0.0006832804207483,-0.0007904570968998,-1,-0.0001819405949753,0.0008652210157237,0000070858-19-000012_acceptance,acceptance
0.0081939232153107,-0.0005440493877303,0,6.334140462088851e-05,0.0081305818106898,0000070858-19-000012_acceptance,acceptance
-0.0102112249986079,-0.0028255083152146,1,-0.0022076947152152,-0.0080035302833927,0000070858-19-000012_acceptance,acceptance
0.0079091580564305,0.0068953205934343,2,0.0074687247461825,0.000440433310248,0000070858-19-000012_acceptance,acceptance
-0.0095526791520998,-0.003880558492514,3,-0.0032579249131037,-0.0062947542389961,0000070858-19-000012_acceptance,acceptance
0.0017220350519133,-0.0011315328231061,4,-0.000521458122327,0.0022434931742404,0000070858-19-000012_acceptance,acceptance
-0.0082528944371039,-0.0065240986535923,5,-0.0058893881043636,-0.0023635063327403,0000070858-19-000012_acceptance,acceptance
0.0043137548918013,0.0064626464661976,-5,0.0095912541431479,-0.0052774992513466,0000070858-20-000011_acceptance,acceptance
-0.0002861983896887,-0.0016304457368023,-4,-0.0014542916474258,0.001168093257737,0000070858-20-000011_acceptance,acceptance
-0.0017190969364082,0.0018435333204338,-3,0.0032870351272738,-0.005006132063682,0000070858-20-000011_acceptance,acceptance
-0.0166423876858212,-0.0029199426368901,-2,-0.0032142119225763,-0.0134281757632449,0000070858-20-000011_acceptance,acceptance
0.0131311283534776,0.0047057858811645,-1,0.0071934705083039,0.0059376578451737,0000070858-20-000011_acceptance,acceptance
0.0037437560951634,-0.0038155197636281,0,-0.0044365059375522,0.0081802620327156,0000070858-20-000011_acceptance,acceptance
-0.0140598815666805,-0.0105181030271228,1,-0.013584269053932,-0.0004756125127485,0000070858-20-000011_acceptance,acceptance
-0.047438999024162,-0.0335136266712231,2,-0.0449688255396443,-0.0024701734845177,0000070858-20-000011_acceptance,acceptance
-0.0504122989956643,-0.0302799955650561,3,-0.0405555284268607,-0.0098567705688036,0000070858-20-000011_acceptance,acceptance
-0.0144788125950462,-0.003778540605322,4,-0.0043860363548362,-0.0100927762402099,0000070858-20-000011_acceptance,acceptance
-0.0489715416923389,-0.0441632425840791,5,-0.0595035444415084,0.0105320027491695,0000070858-20-000011_acceptance,acceptance
-0.0063938682311799,-0.0044158356273545,-5,-0.0029493469645348,-0.0034445212666451,0000070858-21-000023_acceptance,acceptance
0.0102372820650575,-0.0018548966445751,-4,-0.0005165298345331,0.0107538118995907,0000070858-21-000023_acceptance,acceptance
0.0176607664073686,-0.0077328394581538,-3,-0.0061004035863882,0.0237611699937569,0000070858-21-000023_acceptance,acceptance
0.0105259137123667,0.0012563181187927,-2,0.0024390331922832,0.0080868805200834,0000070858-21-000023_acceptance,acceptance
0.0242120261109253,0.011351613765979,-1,0.0120292687847966,0.0121827573261286,0000070858-21-000023_acceptance,acceptance
-0.0123691817105733,-0.0244788075251262,0,-0.0220085834554673,0.009639401744894,0000070858-21-000023_acceptance,acceptance
-0.0339550029675381,-0.0047502141699028,1,-0.0032669967998829,-0.0306880061676552,0000070858-21-000023_acceptance,acceptance
0.0311148174260162,0.0237907635068002,2,0.023846097212033,0.0072687202139832,0000070858-21-000023_acceptance,acceptance
-0.0072648784900881,-0.0080808516908706,3,-0.0064310050286314,-0.0008338734614567,0000070858-21-000023_acceptance,acceptance
0.0250493039350336,-0.0130662218719981,4,-0.0111669608860737,0.0362162648211073,0000070858-21-000023_acceptance,acceptance
0.0071745752468208,-0.0134172139301002,5,-0.0115003930752774,0.0186749683220982,0000070858-21-000023_acceptance,acceptance
0.0078022596303757,0.0157667211707204,-5,0.016414508845935,-0.0086122492155593,0000070858-22-000062_acceptance,acceptance
-0.002301448342123,0.000881207755895,-4,0.0022244751030946,-0.0045259234452177,0000070858-22-000062_acceptance,acceptance
-0.0337669553360396,-0.021173138152195,-3,-0.0187994495604903,-0.0149675057755493,0000070858-22-000062_acceptance,acceptance
-0.0023877440377882,-0.0071661613961429,-2,-0.0054469055625383,0.00305916152475,0000070858-22-000062_acceptance,acceptance
-0.0087029780578896,-0.0101429452648328,-1,-0.0082846083924442,-0.0004183696654453,0000070858-22-000062_acceptance,acceptance
-0.017120365535838,-0.0184121228454876,0,-0.0161674341724516,-0.0009529313633863,0000070858-22-000062_acceptance,acceptance
-0.0263509830283251,0.0149568560673292,1,0.0156424821899498,-0.041993465218275,0000070858-22-000062_acceptance,acceptance
0.0325684843373341,0.0223726776556034,2,0.0227118224025414,0.0098566619347927,0000070858-22-000062_acceptance,acceptance
-0.0182138125057067,-0.0024426034406476,3,-0.0009440412738276,-0.017269771231879,0000070858-22-000062_acceptance,acceptance
-0.0391402897884973,-0.0154735036804118,4,-0.0133661129181742,-0.0257741768703231,0000070858-22-000062_acceptance,acceptance
0.0162468625955516,0.018642691757321,5,0.0191561085832094,-0.0029092459876577,0000070858-22-000062_acceptance,acceptance
-0.0016844487906495,0.002773175690496,-5,0.0030404700754887,-0.0047249188661382,0000070858-23-000092_acceptance,acceptance
-0.0078739851078797,-0.0137887414891306,-4,-0.0130351810691555,0.0051611959612758,0000070858-23-000092_acceptance,acceptance
0.0019840300615081,-0.0027674058253277,-3,-0.0023374372416915,0.0043214673031997,0000070858-23-000092_acceptance,acceptance
-0.0234793798046494,-0.0200412342553273,-2,-0.019104097572218,-0.0043752822324314,0000070858-23-000092_acceptance,acceptance
-0.006662669469887,-0.0015735561458868,-1,-0.0011786395760779,-0.005484029893809,0000070858-23-000092_acceptance,acceptance
-0.000875136012021,0.0053294294160743,0,0.0055216709342965,-0.0063968069463176,0000070858-23-000092_acceptance,acceptance
-0.0014595315950038,-0.0105375514855581,1,-0.0098794476033054,0.0084199160083015,0000070858-23-000092_acceptance,acceptance
0.0,0.0030730045671669,2,0.0033314958288586,-0.0033314958288586,0000070858-23-000092_acceptance,acceptance
0.0026309968941,-0.0030360018281855,3,-0.0025981471337865,0.0052291440278866,0000070858-23-000092_acceptance,acceptance
-0.0046649318191221,-0.00472526484568,4,-0.0042378125581612,-0.0004271192609609,0000070858-23-000092_acceptance,acceptance
-0.0126766030724985,0.0075821940867943,5,0.007708293326179,-0.0203848963986775,0000070858-23-000092_acceptance,acceptance
-0.0258775805732507,-0.0136742556536254,-5,-0.0159562293571508,-0.0099213512160998,0000070858-24-000122_acceptance,acceptance
0.0116030232552795,0.0095797632750176,-4,0.0119351706118808,-0.0003321473566012,0000070858-24-000122_acceptance,acceptance
0.0283731966179487,0.0058212506847294,-3,0.0074271250019564,0.0209460716159923,0000070858-24-000122_acceptance,acceptance
0.0005868272471416,-0.0048034698371121,-2,-0.0053164067954159,0.0059032340425576,0000070858-24-000122_acceptance,acceptance
-0.003813183815238,-0.0060053220011653,-1,-0.006757935656045,0.0029447518408069,0000070858-24-000122_acceptance,acceptance
-0.0076561584135178,0.0012641999229821,0,0.001961294520563,-0.0096174529340808,0000070858-24-000122_acceptance,acceptance
-0.0026707113377653,0.021122884217414,1,0.0257802527924374,-0.0284509641302027,0000070858-24-000122_acceptance,acceptance
0.0092236096481959,0.0003479475462115,2,0.0008623205500204,0.0083612890981754,0000070858-24-000122_acceptance,acceptance
-0.0091393122000099,-0.0037867513501905,3,-0.0040969314840018,-0.0050423807160081,0000070858-24-000122_acceptance,acceptance
0.0199346387238064,0.0017063496993998,4,0.0024916190334193,0.017443019690387,0000070858-24-000122_acceptance,acceptance
0.0008752340669853,-0.0016581550604305,5,-0.0015438446101812,0.0024190786771665,0000070858-24-000122_acceptance,acceptance
-0.0111755478746593,0.0023769693899173,-5,0.0031418883991493,-0.0143174362738087,0000070858-25-000139_acceptance,acceptance
-0.0154312525528631,-0.0043341850761716,-4,-0.0031580884530195,-0.0122731640998436,0000070858-25-000139_acceptance,acceptance
-0.0108167347784534,-0.0170641267025635,-3,-0.0151080946674445,0.0042913598889911,0000070858-25-000139_acceptance,acceptance
-0.0078109153160845,-0.0049691065044024,-2,-0.0037541096474371,-0.0040568056686473,0000070858-25-000139_acceptance,acceptance
-0.011695865747024,-0.0046797309154723,-1,-0.0034824634618138,-0.0082134022852102,0000070858-25-000139_acceptance,acceptance
0.0,0.0001360242800469,0,0.0010382410474901,-0.0010382410474901,0000070858-25-000139_acceptance,acceptance
0.0040963211267393,-0.0158645536555098,1,-0.0139820168119712,0.0180783379387105,0000070858-25-000139_acceptance,acceptance
0.0448777743961794,0.0158541446349889,2,0.0157933468785507,0.0290844275176286,0000070858-25-000139_acceptance,acceptance
-0.0117136844169802,-0.0175967394669998,3,-0.0156080754239706,0.0038943910069903,0000070858-25-000139_acceptance,acceptance
-0.0634328790171555,-0.0122348266022004,4,-0.0105746751197054,-0.05285820389745,0000070858-25-000139_acceptance,acceptance
-0.0089053520216759,0.0111592778931879,5,0.0113861242543633,-0.0202914762760393,0000070858-25-000139_acceptance,acceptance
-0.0110569769456249,-0.0028221256867719,-5,-0.0024261944541414,-0.0086307824914835,0000070858-26-000157_acceptance,acceptance
0.0054955519316142,0.0069397247635067,-4,0.0055119849856809,-1.6433054066778557e-05,0000070858-26-000157_acceptance,acceptance
-0.0375047672239683,-0.0103856522472848,-3,-0.0085767323404802,-0.028928034883488,0000070858-26-000157_acceptance,acceptance
-0.0129234853923291,0.0076516140863223,-2,0.0060908819084096,-0.0190143673007387,0000070858-26-000157_acceptance,acceptance
0.0253917503721712,0.0081363556573399,-1,0.0064850659406562,0.018906684431515,0000070858-26-000157_acceptance,acceptance
0.0118011943587013,-0.0053655805693283,0,-0.0044944909679697,0.016295685326671,0000070858-26-000157_acceptance,acceptance
-0.0472274306017446,-0.0043393528110311,1,-0.0036599790961701,-0.0435674515055745,0000070858-26-000157_acceptance,acceptance
-0.0004013542751074,0.0003983547353176,2,0.0001926483158021,-0.0005940025909096,0000070858-26-000157_acceptance,acceptance
0.003212123400319,-0.0094440310956254,3,-0.0078110211974672,0.0110231445977863,0000070858-26-000157_acceptance,acceptance
0.0066039474451684,0.0077560492642863,4,0.0061758069117919,0.0004281405333765,0000070858-26-000157_acceptance,acceptance
-0.0097414540936037,-0.005646704863891,5,-0.0047230967130073,-0.0050183573805963,0000070858-26-000157_acceptance,acceptance
0.0034469453684202,0.0060480661608284,-5,0.0072396975482566,-0.0037927521798364,0001564590-17-002816_acceptance,acceptance
0.0015637253892981,-0.001082200145408,-4,-0.0017995904685487,0.0033633158578469,0001564590-17-002816_acceptance,acceptance
-0.0002558456562681,0.0004189867216857,-3,0.0001035166351561,-0.0003593622914242,0001564590-17-002816_acceptance,acceptance
-0.0037123499315085,0.0014933641914423,-2,0.001465542535844,-0.0051778924673526,0001564590-17-002816_acceptance,acceptance
0.0047280249357115,0.0010179830611165,-1,0.0008628852478532,0.0038651396878583,0001564590-17-002816_acceptance,acceptance
-0.0090535144360296,-0.0025783763780462,0,-0.0036963454156798,-0.0053571690203498,0001564590-17-002816_acceptance,acceptance
0.0267123009274286,0.0136738546598662,1,0.0169071763824981,0.0098051245449304,0001564590-17-002816_acceptance,acceptance
-0.0092586281625057,-0.0058598805035984,2,-0.0078564229843475,-0.0014022051781582,0001564590-17-002816_acceptance,acceptance
-0.0037787276157826,0.00050387727206,3,0.0002111353553808,-0.0039898629711635,0001564590-17-002816_acceptance,acceptance
-0.0064329097844544,-0.0032772408480052,4,-0.0045823203508861,-0.0018505894335682,0001564590-17-002816_acceptance,acceptance
-0.0059591009454655,-0.0029133737680216,5,-0.004121033325333,-0.0018380676201325,0001564590-17-002816_acceptance,acceptance
0.0017693194820322,-0.0054965031281792,-5,-0.0061980587077475,0.0079673781897798,0001564590-18-003744_acceptance,acceptance
-0.0074139460286311,0.0009735510790762,-4,0.0025914293804497,-0.0100053754090809,0001564590-18-003744_acceptance,acceptance
0.0189421788832568,0.0160283763505131,-3,0.0230432220786928,-0.004101043195436,0001564590-18-003744_acceptance,acceptance
0.0258664752990165,0.0117570153438109,-2,0.0172406313296542,0.0086258439693622,0001564590-18-003744_acceptance,acceptance
-0.0198590585043593,-0.0127068884438292,-1,-0.0159932773895552,-0.003865781114804,0001564590-18-003744_acceptance,acceptance
-0.006042524699416,-0.011095788639207,0,-0.0138046183632144,0.0077620936637983,0001564590-18-003744_acceptance,acceptance
-0.0252081107540648,-0.0133243995419872,1,-0.0168321585283721,-0.0083759522256927,0001564590-18-003744_acceptance,acceptance
0.0037344384543163,0.005071602744632,2,0.0081585815472472,-0.0044241430929309,0001564590-18-003744_acceptance,acceptance
0.0142862388846571,0.011032026532745,3,0.0162557430559526,-0.0019695041712954,0001564590-18-003744_acceptance,acceptance
0.011578623468232,0.0026388586061694,4,0.0048537289228796,0.0067248945453523,0001564590-18-003744_acceptance,acceptance
-0.0022418738341963,-0.0004838747205661,5,0.0006115345766284,-0.0028534084108247,0001564590-18-003744_acceptance,acceptance
-0.0050319565715547,-0.0035264367908802,-5,-0.0042240894816048,-0.0008078670899499,0001564590-19-005479_acceptance,acceptance
0.0039079756310733,0.0064111023949868,-4,0.0063293188295047,-0.0024213431984314,0001564590-19-005479_acceptance,acceptance
0.0050604816410719,0.0012318625699112,-3,0.0008291007581217,0.0042313808829501,0001564590-19-005479_acceptance,acceptance
0.0036450720927261,-0.0007904570968998,-2,-0.001318550162319,0.0049636222550451,0001564590-19-005479_acceptance,acceptance
0.0033595217643671,-0.0005440493877303,-1,-0.0010568715800027,0.0044163933443698,0001564590-19-005479_acceptance,acceptance
0.002737664394268,-0.0028255083152146,0,-0.0034797216595284,0.0062173860537964,0001564590-19-005479_acceptance,acceptance
0.0012408135521086,0.0068953205934343,1,0.0068435459700783,-0.0056027324179696,0001564590-19-005479_acceptance,acceptance
-0.0145119609148004,-0.003880558492514,2,-0.0046001575241319,-0.0099118033906684,0001564590-19-005479_acceptance,acceptance
-0.0034791722052921,-0.0011315328231061,3,-0.0016807637180434,-0.0017984084872486,0001564590-19-005479_acceptance,acceptance
-0.0061499826455889,-0.0065240986535923,4,-0.0074075284622363,0.0012575458166473,0001564590-19-005479_acceptance,acceptance
-0.0155166423376099,-0.0081257175586835,5,-0.0091084061089134,-0.0064082362286965,0001564590-19-005479_acceptance,acceptance
-0.0174981220086416,-0.0105181030271228,-5,-0.0145897423513414,-0.0029083796573002,0001564590-20-007807_acceptance,acceptance
-0.0520644527727375,-0.0335136266712231,-4,-0.0487415537167821,-0.0033228990559553,0001564590-20-007807_acceptance,acceptance
-0.0416668761091678,-0.0302799955650561,-3,-0.0439391251540574,0.0022722490448896,0001564590-20-007807_acceptance,acceptance
0.0048813393725555,-0.003778540605322,-2,-0.004580478458192,0.0094618178307475,0001564590-20-007807_acceptance,acceptance
-0.0642124244864159,-0.0441632425840791,-1,-0.0645578351548247,0.0003454106684088,0001564590-20-007807_acceptance,acceptance
-0.0269216853575181,-0.0082383404443618,0,-0.0112039520171248,-0.0157177333403932,0001564590-20-007807_acceptance,acceptance
0.0538435922416358,0.04603922900611,1,0.0694064024995336,-0.0155628102578977,0001564590-20-007807_acceptance,acceptance
-0.0120304233654975,-0.0281078961210758,2,-0.0407132307745301,0.0286828074090325,0001564590-20-007807_acceptance,acceptance
0.0352606073727372,0.0422025907744911,3,0.0637084176572836,-0.0284478102845463,0001564590-20-007807_acceptance,acceptance
-0.0461125855851511,-0.0339220770468885,4,-0.0493481639596172,0.003235578374466,0001564590-20-007807_acceptance,acceptance
-0.0466909143619188,-0.0170538520003701,5,-0.0242963126178323,-0.0223946017440864,0001564590-20-007807_acceptance,acceptance
-0.0247578470884253,-0.0044158356273545,-5,-0.0036053972054299,-0.0211524498829954,0001564590-21-008796_acceptance,acceptance
0.0093528166614109,-0.0018548966445751,-4,-0.0008794925929816,0.0102323092543925,0001564590-21-008796_acceptance,acceptance
-0.0098154550646093,-0.0077328394581538,-3,-0.0071360693935158,-0.0026793856710935,0001564590-21-008796_acceptance,acceptance
2.8349151330875344e-05,0.0012563181187927,-2,0.0024321344043072,-0.0024037852529764,0001564590-21-008796_acceptance,acceptance
0.0127140847323159,0.011351613765979,-1,0.0131777293418436,-0.0004636446095277,0001564590-21-008796_acceptance,acceptance
-0.0243082501016322,-0.0244788075251262,0,-0.0249607469436733,0.000652496842041,0001564590-21-008796_acceptance,acceptance
-0.0004176638067081,-0.0047502141699028,1,-0.0039613151002197,0.0035436512935115,0001564590-21-008796_acceptance,acceptance
0.035565100902567,0.0237907635068002,2,0.0264181602468543,0.0091469406557126,0001564590-21-008796_acceptance,acceptance
-0.0040179608177828,-0.0080808516908706,3,-0.0075064992072405,0.0034885383894576,0001564590-21-008796_acceptance,acceptance
-0.0206894255457592,-0.0130662218719981,4,-0.0128130073524476,-0.0078764181933116,0001564590-21-008796_acceptance,acceptance
-0.0202908963359632,-0.0134172139301002,5,-0.0131866089402038,-0.0071042873957594,0001564590-21-008796_acceptance,acceptance
-0.0267036740205679,-0.021173138152195,-5,-0.0249883855776447,-0.0017152884429231,0001564590-22-007117_acceptance,acceptance
-0.0084985267433237,-0.0071661613961429,-4,-0.0092431969174834,0.0007446701741596,0001564590-22-007117_acceptance,acceptance
-0.0139411675742585,-0.0101429452648328,-3,-0.0125893882069632,-0.0013517793672953,0001564590-22-007117_acceptance,acceptance
-0.0174249493454891,-0.0184121228454876,-2,-0.02188473889822,0.0044597895527309,0001564590-22-007117_acceptance,acceptance
-0.0009556771257097,0.0149568560673292,-1,0.0156252018641384,-0.0165808789898482,0001564590-22-007117_acceptance,acceptance
0.026073065168463,0.0223726776556034,0,0.0239612983688338,0.0021117667996292,0001564590-22-007117_acceptance,acceptance
-0.0092958909540334,-0.0024426034406476,1,-0.0039334636001675,-0.0053624273538659,0001564590-22-007117_acceptance,acceptance
-0.039091903634165,-0.0154735036804118,2,-0.0185814484051811,-0.0205104552289839,0001564590-22-007117_acceptance,acceptance
0.0324981682226059,0.018642691757321,3,0.019768435576881,0.0127297326457248,0001564590-22-007117_acceptance,acceptance
-0.0004470154700808,-0.0052546664300883,4,-0.0070944927832758,0.006647477313195,0001564590-22-007117_acceptance,acceptance
-0.0494520728293503,-0.0079340425503344,5,-0.0101063691674198,-0.0393457036619305,0001564590-22-007117_acceptance,acceptance
-0.0154517992765302,-0.0137887414891306,-5,-0.0181060305018418,0.0026542312253115,0000950170-23-004343_acceptance,acceptance
0.0044317478929298,-0.0027674058253277,-4,-0.002665154727381,0.0070969026203108,0000950170-23-004343_acceptance,acceptance
-0.0284990252031727,-0.0200412342553273,-3,-0.0268657640793822,-0.0016332611237904,0000950170-23-004343_acceptance,acceptance
-0.0119870325796802,-0.0015735561458868,-2,-0.0009925730044443,-0.0109944595752359,0000950170-23-004343_acceptance,acceptance
0.0064444017788511,0.0053294294160743,-1,0.0086785000656922,-0.002234098286841,0000950170-23-004343_acceptance,acceptance
-0.0121558973959552,-0.0105375514855581,0,-0.013551117876396,0.0013952204804407,0000950170-23-004343_acceptance,acceptance
-0.0005413806885956,0.0030730045671669,1,0.0055172520237862,-0.0060586327123818,0000950170-23-004343_acceptance,acceptance
0.0093255202627842,-0.0030360018281855,2,-0.0030414573498721,0.0123669776126563,0000950170-23-004343_acceptance,acceptance
-0.0128657449588835,-0.00472526484568,3,-0.0054081124631166,-0.0074576324957669,0000950170-23-004343_acceptance,acceptance
0.0078612736021699,0.0075821940867943,4,0.011834620203102,-0.0039733466009321,0000950170-23-004343_acceptance,acceptance
0.0136023540168659,0.0161477371607488,5,0.0238349340108105,-0.0102325799939445,0000950170-23-004343_acceptance,acceptance
0.0161064649440318,0.0058212506847294,-5,0.0078912301282148,0.008215234815817,0000950170-24-019271_acceptance,acceptance
-0.0050748107961992,-0.0048034698371121,-4,-0.0057251271800246,0.0006503163838254,0000950170-24-019271_acceptance,acceptance
0.0051762931732282,-0.0060053220011653,-3,-0.0072653887298496,0.0124416819030778,0000950170-24-019271_acceptance,acceptance
0.0091966566059029,0.0012641999229821,-2,0.0020510359022887,0.0071456207036141,0000950170-24-019271_acceptance,acceptance
0.0099198825149575,0.021122884217414,-1,0.0275013939111071,-0.0175815113961496,0000950170-24-019271_acceptance,acceptance
0.0001843969574024,0.0003479475462115,0,0.0008767913919523,-0.0006923944345499,0000950170-24-019271_acceptance,acceptance
-0.0092922438167498,-0.0037867513501905,1,-0.0044221279932359,-0.0048701158235138,0000950170-24-019271_acceptance,acceptance
-0.0068111022881295,0.0017063496993998,2,0.0026176832157014,-0.009428785503831,0000950170-24-019271_acceptance,acceptance
0.0113923040024925,-0.0016581550604305,3,-0.0016941759885896,0.0130864799910821,0000950170-24-019271_acceptance,acceptance
0.0020749839540605,0.0052290946971491,4,0.0071323388714959,-0.0050573549174353,0000950170-24-019271_acceptance,acceptance
0.0043015616759705,0.0080078289488876,5,0.0106934902785878,-0.0063919286026173,0000950170-24-019271_acceptance,acceptance
0.0040454940948229,0.0024449877750611,-5,0.003026762507668,0.0010187315871549,0000950170-25-026584_acceptance,acceptance
0.00867208359778,0.0023769693899173,-4,0.0029685887389637,0.0057034948588163,0000950170-25-026584_acceptance,acceptance
0.0030820844231052,-0.0043341850761716,-3,-0.0027712292061906,0.0058533136292958,0000950170-25-026584_acceptance,acceptance
-0.0153227588849416,-0.0170641267025635,-2,-0.013658707322979,-0.0016640515619625,0000950170-25-026584_acceptance,acceptance
-0.0219867413330434,-0.0049691065044024,-1,-0.0033142555105226,-0.0186724858225207,0000950170-25-026584_acceptance,acceptance
0.0054679966745374,-0.0046797309154723,0,-0.0030667625930785,0.008534759267616,0000950170-25-026584_acceptance,acceptance
-0.0044258516045454,0.0001360242800469,1,0.0010519860112611,-0.0054778376158065,0000950170-25-026584_acceptance,acceptance
-0.0093103628640628,-0.0158645536555098,2,-0.0126327540482045,0.0033223911841416,0000950170-25-026584_acceptance,acceptance
0.0348081905298045,0.0158541446349889,3,0.0144951498861595,0.0203130406436449,0000950170-25-026584_acceptance,acceptance
-0.0115670265897159,-0.0175967394669998,4,-0.0141142325710682,0.0025472059813522,0000950170-25-026584_acceptance,acceptance
-0.0151892543478393,-0.0122348266022004,5,-0.0095283742307125,-0.0056608801171267,0000950170-25-026584_acceptance,acceptance
-0.0100525739564781,-0.0028221256867719,-5,-0.0034231369503803,-0.0066294370060978,0001193125-26-071966_acceptance,acceptance
0.0114308854108156,0.0069397247635067,-4,0.0068894946343262,0.0045413907764893,0001193125-26-071966_acceptance,acceptance
-0.0206924171293596,-0.0103856522472848,-3,-0.0114134112633292,-0.0092790058660303,0001193125-26-071966_acceptance,acceptance
0.0093743592119972,0.0076516140863223,-2,0.0076415500312692,0.001732809180728,0001193125-26-071966_acceptance,acceptance
0.0117755701365416,0.0081363556573399,-1,0.0081536415923066,0.003621928544235,0001193125-26-071966_acceptance,acceptance
-0.0032090185115526,-0.0053655805693283,0,-0.0061100981253876,0.002901079613835,0001193125-26-071966_acceptance,acceptance
-0.0248012473627771,-0.0043393528110311,1,-0.0050259687538896,-0.0197752786088874,0001193125-26-071966_acceptance,acceptance
0.0047780166423043,0.0003983547353176,2,-2.0951238979418133e-05,0.0047989678812837,0001193125-26-071966_acceptance,acceptance
-0.0147148901476041,-0.0094440310956254,3,-0.0104186621551667,-0.0042962279924374,0001193125-26-071966_acceptance,acceptance
-0.003192081751241,0.0077560492642863,4,0.0077518776295367,-0.0109439593807778,0001193125-26-071966_acceptance,acceptance
-0.0135623713697959,-0.005646704863891,5,-0.0064070839575413,-0.0071552874122546,0001193125-26-071966_acceptance,acceptance
0.0073570411397325,0.0052458450979924,-5,0.0016393746841879,0.0057176664555445,0000014272-17-000047_acceptance,acceptance
0.0322888935873157,0.0040073351766347,-4,0.0008946857658902,0.0313942078214255,0000014272-17-000047_acceptance,acceptance
0.0245769155597221,0.0049923089198982,-3,0.0014869289274294,0.0230899866322927,0000014272-17-000047_acceptance,acceptance
-0.0136290029104116,-0.0008641180363413,-2,-0.0020344124683267,-0.0115945904420849,0000014272-17-000047_acceptance,acceptance
0.0057106181599926,0.0016785565287558,-1,-0.0005055578836258,0.0062161760436184,0000014272-17-000047_acceptance,acceptance
0.0034807548460509,0.0060480661608284,0,0.0021217326574403,0.0013590221886106,0000014272-17-000047_acceptance,acceptance
0.0104051641682181,-0.001082200145408,1,-0.0021655404690802,0.0125707046372983,0000014272-17-000047_acceptance,acceptance
0.0075879882353202,0.0004189867216857,2,-0.0012629096504322,0.0088508978857524,0000014272-17-000047_acceptance,acceptance
0.0120137593548841,0.0014933641914423,3,-0.0006169099842208,0.012630669339105,0000014272-17-000047_acceptance,acceptance
0.0021260728174248,0.0010179830611165,4,-0.0009027462570004,0.0030288190744253,0000014272-17-000047_acceptance,acceptance
0.0026521420670599,-0.0025783763780462,5,-0.003065158502858,0.005717300569918,0000014272-17-000047_acceptance,acceptance
-0.0009841249892599,0.0174409205923138,-5,0.0151624363824226,-0.0161465613716825,0000014272-18-000055_acceptance,acceptance
0.0284069368586212,-0.0050015884169394,-4,-0.0049136750347167,0.033320611893338,0000014272-18-000055_acceptance,acceptance
0.0009581335418802,-0.037536419758088,-3,-0.0340179475861248,0.034976081128005,0000014272-18-000055_acceptance,acceptance
0.0001597023367918,0.0149360902084947,-2,0.0129217219486731,-0.0127620196118812,0000014272-18-000055_acceptance,acceptance
0.0073361573108592,0.0139145847540425,-1,0.0120079267349408,-0.0046717694240816,0000014272-18-000055_acceptance,acceptance
0.0112414530572193,0.002612929746329,0,0.001897948165282,0.0093435048919373,0000014272-18-000055_acceptance,acceptance
0.0231718541922343,0.0134024582572458,1,0.0115498002124063,0.011622053979828,0000014272-18-000055_acceptance,acceptance
0.0555473589147215,0.0120691127622993,2,0.0103570461980022,0.0451903127167192,0000014272-18-000055_acceptance,acceptance
-0.0002901283598885,0.0003734693722488,3,-0.0001053775754258,-0.0001847507844626,0000014272-18-000055_acceptance,acceptance
-0.0233466934397829,-0.0058413894593534,4,-0.005664925230886,-0.0176817682088968,0000014272-18-000055_acceptance,acceptance
-0.0121752581587608,-0.0054965031281792,5,-0.0053564046279514,-0.0068188535308094,0000014272-18-000055_acceptance,acceptance
-0.005999567591662,0.0014987433214488,-5,0.0004367975967842,-0.0064363651884463,0000014272-19-000047_acceptance,acceptance
-0.001168174032568,0.0017771107537685,-4,0.0007100605325262,-0.0018782345650942,0000014272-19-000047_acceptance,acceptance
-0.0228071712963972,-0.0035264367908802,-3,-0.0044962344705239,-0.0183109368258732,0000014272-19-000047_acceptance,acceptance
0.0169558103657363,0.0064111023949868,-2,0.0052590774542645,0.0116967329114717,0000014272-19-000047_acceptance,acceptance
-0.006472998682135,0.0012318625699112,-1,0.0001748107075477,-0.0066478093896827,0000014272-19-000047_acceptance,acceptance
-0.0096742364275185,-0.0007904570968998,0,-0.001810425153402,-0.0078638112741165,0000014272-19-000047_acceptance,acceptance
0.0159489183528513,-0.0005440493877303,1,-0.0015685358869888,0.0175174542398402,0000014272-19-000047_acceptance,acceptance
0.0137365364397619,-0.0028255083152146,2,-0.003808159104058,0.01754469554382,0000014272-19-000047_acceptance,acceptance
0.0301974166847116,0.0068953205934343,3,0.0057344164166741,0.0244630002680375,0000014272-19-000047_acceptance,acceptance
-0.0031945151331368,-0.003880558492514,4,-0.0048438625496853,0.0016493474165485,0000014272-19-000047_acceptance,acceptance
0.0141376203502088,-0.0011315328231061,5,-0.0021452464846072,0.0162828668348161,0000014272-19-000047_acceptance,acceptance
-0.0046701612717933,-0.0029199426368901,-5,-3.052472654661983e-05,-0.0046396365452466,0000014272-20-000082_acceptance,acceptance
-0.0054485776106851,0.0047057858811645,-4,0.0058126280604309,-0.0112612056711161,0000014272-20-000082_acceptance,acceptance
-0.0082178647657032,-0.0038155197636281,-3,-0.0007167534549445,-0.0075011113107587,0000014272-20-000082_acceptance,acceptance
0.0070583247529214,-0.0105181030271228,-2,-0.005852553658599,0.0129108784115204,0000014272-20-000082_acceptance,acceptance
-0.025293386198256,-0.0335136266712231,-1,-0.0234726876236239,-0.0018206985746321,0000014272-20-000082_acceptance,acceptance
-0.0286069974979858,-0.0302799955650561,0,-0.0209949439476823,-0.0076120535503035,0000014272-20-000082_acceptance,acceptance
-0.0016093272795731,-0.003778540605322,1,-0.0006884184740434,-0.0009209088055297,0000014272-20-000082_acceptance,acceptance
-0.0396518275095506,-0.0441632425840791,2,-0.0316328696644762,-0.0080189578450743,0000014272-20-000082_acceptance,acceptance
-0.0087277131932891,-0.0082383404443618,3,-0.0041057040221914,-0.0046220091710977,0000014272-20-000082_acceptance,acceptance
0.0216727744608895,0.04603922900611,4,0.0374840444790837,-0.0158112700181942,0000014272-20-000082_acceptance,acceptance
-0.0188929875263418,-0.0281078961210758,5,-0.0193305903204011,0.0004376027940593,0000014272-20-000082_acceptance,acceptance
-0.0144580191168097,0.0010087690809532,-5,0.0004975443246927,-0.0149555634415025,0000014272-21-000066_acceptance,acceptance
-0.0075771176655434,0.0108533222304207,-4,0.0079437741227607,-0.0155208917883042,0000014272-21-000066_acceptance,acceptance
-0.0103963773777434,0.0038974951646253,-3,0.0026825209220163,-0.0130788982997598,0000014272-21-000066_acceptance,acceptance
-0.0113263778185844,0.0073993483603735,-2,0.0053312550208363,-0.0166576328394208,0000014272-21-000066_acceptance,acceptance
-0.0078033280089544,-0.0011135249921484,-1,-0.0011077179078797,-0.0066956101010746,0000014272-21-000066_acceptance,acceptance
0.0040161399593954,-0.0003451849323593,0,-0.0005265603315645,0.0045427002909599,0000014272-21-000066_acceptance,acceptance
-0.0001666730964668,0.0016624551635393,1,0.0009919798478528,-0.0011586529443197,0000014272-21-000066_acceptance,acceptance
0.0,0.0047110331133788,2,0.0032978653082869,-0.0032978653082869,0000014272-21-000066_acceptance,acceptance
-0.0098350350582886,-0.0005692724183511,3,-0.0006960557764295,-0.009138979281859,0000014272-21-000066_acceptance,acceptance
0.0200338041638989,-0.0003204020092266,4,-0.0005078150073317,0.0205416191712307,0000014272-21-000066_acceptance,acceptance
0.0070968402399032,-0.0044158356273545,5,-0.0036055218692184,0.0107023621091216,0000014272-21-000066_acceptance,acceptance
-0.0059825437875895,0.0094225154473364,-5,0.0013232988748797,-0.0073058426624692,0000014272-22-000051_acceptance,acceptance
-0.0112655912620305,-0.024391082077444,-4,-0.004273058063218,-0.0069925331988124,0000014272-22-000051_acceptance,acceptance
0.01435944754233,0.0051569298644233,-3,0.0006173184049078,0.0137421291374222,0000014272-22-000051_acceptance,acceptance
0.018464274383434,-0.0037017126347429,-2,-0.0008488410410371,0.0193131154244711,0000014272-22-000051_acceptance,acceptance
-0.0045324683977709,0.0084012071916632,-1,0.0011542661199832,-0.0056867345177542,0000014272-22-000051_acceptance,acceptance
0.0189710271486469,0.0145172078875055,0,0.0021665015942626,0.0168045255543842,0000014272-22-000051_acceptance,acceptance
-0.0093833759021403,-0.0181157256684597,1,-0.0032344482450016,-0.0061489276571386,0000014272-22-000051_acceptance,acceptance
0.0055632807000665,-0.0189694543445634,2,-0.0033757455558324,0.0089390262558989,0000014272-22-000051_acceptance,acceptance
-0.0010470709031233,-0.0038405967262932,3,-0.0008718272065514,-0.0001752436965719,0000014272-22-000051_acceptance,acceptance
0.0143692506029966,0.0157667211707204,4,0.00237330367519,0.0119959469278066,0000014272-22-000051_acceptance,acceptance
-0.0025085122244883,0.000881207755895,5,-9.033972197159328e-05,-0.0024181725025167,0000014272-22-000051_acceptance,acceptance
-0.0116746238072834,-0.0110807244761647,-5,-0.0029306841237175,-0.0087439396835658,0000014272-23-000046_acceptance,acceptance
-0.0293281623566936,-0.0088297961777351,-4,-0.0022797953448513,-0.0270483670118422,0000014272-23-000046_acceptance,acceptance
0.009931707982995,0.0021952617756952,-3,0.0009082611175619,0.009023446865433,0000014272-23-000046_acceptance,acceptance
0.013434652574167,0.0114486093427661,-2,0.0035840016565019,0.0098506509176651,0000014272-23-000046_acceptance,acceptance
-0.0125732290219915,-0.0002804145319874,-1,0.0001923831707167,-0.0127656121927082,0000014272-23-000046_acceptance,acceptance
-0.010795849394462,0.002773175690496,0,0.0010753733630105,-0.0118712227574726,0000014272-23-000046_acceptance,acceptance
-0.0086752536156945,-0.0137887414891306,1,-0.0037137467774449,-0.0049615068382495,0000014272-23-000046_acceptance,acceptance
0.0036699156039876,-0.0027674058253277,2,-0.0005267666694192,0.0041966822734069,0000014272-23-000046_acceptance,acceptance
0.0015470059044875,-0.0200412342553273,3,-0.0055217463411355,0.007068752245623,0000014272-23-000046_acceptance,acceptance
0.0012636515463919,-0.0015735561458868,4,-0.0001815476055586,0.0014451991519506,0000014272-23-000046_acceptance,acceptance
0.0012621194106208,0.0053294294160743,5,0.0018145514465926,-0.0005524320359718,0000014272-23-000046_acceptance,acceptance
0.0266778070224562,0.0023104108269635,-5,-0.0008589698761296,0.0275367768985859,0000014272-24-000044_acceptance,acceptance
-0.0125863495720069,0.00824145796339,-4,0.0029077957837295,-0.0154941453557365,0000014272-24-000044_acceptance,acceptance
0.0014393484546382,0.0005705832608251,-3,-0.0019639219325645,0.0034032703872028,0000014272-24-000044_acceptance,acceptance
0.0225827223533929,0.0057423415255595,-2,0.0013206247898936,0.0212620975634993,0000014272-24-000044_acceptance,acceptance
-0.0012047845456152,-0.0009489536011326,-1,-0.00292896893672,0.0017241843911047,0000014272-24-000044_acceptance,acceptance
-0.0209044061510437,-0.0136742556536254,0,-0.0110107173497914,-0.0098936888012522,0000014272-24-000044_acceptance,acceptance
0.0036952695184084,0.0095797632750176,1,0.0037577439251438,-6.247440673533538e-05,0000014272-24-000044_acceptance,acceptance
0.0112497022370405,0.0058212506847294,2,0.0013707394330877,0.0098789628039527,0000014272-24-000044_acceptance,acceptance
0.008495130012984,-0.0048034698371121,3,-0.0053769446582222,0.0138720746712063,0000014272-24-000044_acceptance,acceptance
0.0,-0.0060053220011653,4,-0.0061402323805502,0.0061402323805502,0000014272-24-000044_acceptance,acceptance
0.0210590991566428,0.0012641999229821,5,-0.0015234109462207,0.0225825101028636,0000014272-24-000044_acceptance,acceptance
0.009979820816161,0.0039086729306143,-5,0.0017536272718219,0.008226193544339,0000014272-25-000039_acceptance,acceptance
-0.0383521162002646,0.0036442987226186,-4,0.0017408871434047,-0.0400930033436694,0000014272-25-000039_acceptance,acceptance
-0.0099268115755496,-0.0094647701115428,-3,0.0011091643227744,-0.0110359758983241,0000014272-25-000039_acceptance,acceptance
-0.02321903939624,0.0067125410858628,-2,0.001888744992395,-0.0251077843886351,0000014272-25-000039_acceptance,acceptance
0.0073834625539435,0.0003395827888592,-1,0.0015816336908928,0.0058018288630506,0000014272-25-000039_acceptance,acceptance
0.0037540055888856,-0.0027238667143857,0,0.0014340068086534,0.0023199987802321,0000014272-25-000039_acceptance,acceptance
-0.0032056849170926,0.0104262921222306,1,0.0020677097464513,-0.0052733946635439,0000014272-25-000039_acceptance,acceptance
-0.0369840816983424,-7.194380749464546e-05,2,0.0015618023248742,-0.0385458840232166,0000014272-25-000039_acceptance,acceptance
0.0098330058677924,0.0024449877750611,3,0.0016830926421942,0.0081499132255981,0000014272-25-000039_acceptance,acceptance
0.010104727216597,0.0023769693899173,4,0.0016798148528515,0.0084249123637455,0000014272-25-000039_acceptance,acceptance
0.0147325649493206,-0.0043341850761716,5,0.001356405960684,0.0133761589886365,0000014272-25-000039_acceptance,acceptance
0.0291123440507097,-0.0050723919062231,-5,0.0008099592313719,0.0283023848193377,0000014272-26-000004_acceptance,acceptance
0.0329746274613256,-0.0122510155676747,-4,-0.0004424719073533,0.0334170993686789,0000014272-26-000004_acceptance,acceptance
0.0414987387686367,0.0196957966973359,-3,0.0051311845971052,0.0363675541715314,0000014272-26-000004_acceptance,acceptance
-0.0196807001002582,0.0046910867168872,-2,0.002513361614133,-0.0221940617143913,0000014272-26-000004_acceptance,acceptance
0.0014810252142425,-0.0033037129754581,-1,0.0011185348959791,0.0003624903182633,0000014272-26-000004_acceptance,acceptance
-0.0152810177192511,-4.895607156218951e-05,0,0.0016863817546061,-0.0169673994738572,0000014272-26-000004_acceptance,acceptance
-0.0011679601331416,-0.0156610121277019,1,-0.0010374029242358,-0.0001305572089058,0000014272-26-000004_acceptance,acceptance
0.0147009894636309,0.0004990891480125,2,0.0017819974228449,0.0129189920407859,0000014272-26-000004_acceptance,acceptance
-0.0064209238507242,0.0010313220779065,3,0.0018748543722952,-0.0082957782230195,0000014272-26-000004_acceptance,acceptance
-0.010273285421516,0.0055660701474107,4,0.0026660171294432,-0.0129393025509592,0000014272-26-000004_acceptance,acceptance
0.0095429266610758,-0.0028221256867719,5,0.001202555865013,0.0083403707960627,0000014272-26-000004_acceptance,acceptance
-0.0034783529236325,0.0016785565287558,-5,0.00346151569033,-0.0069398686139625,0000831001-17-000038_acceptance,acceptance
0.0063160186746455,0.0060480661608284,-4,0.0093113775273937,-0.0029953588527481,0000831001-17-000038_acceptance,acceptance
0.0011559699129775,-0.001082200145408,-3,-0.0002345615516257,0.0013905314646032,0000831001-17-000038_acceptance,acceptance
0.0,0.0004189867216857,-2,0.0017752144881509,-0.0017752144881509,0000831001-17-000038_acceptance,acceptance
-0.017486056888722,0.0014933641914423,-1,0.0032135817852036,-0.0206996386739257,0000831001-17-000038_acceptance,acceptance
0.0077230588988796,0.0010179830611165,0,0.0025771456249671,0.0051459132739125,0000831001-17-000038_acceptance,acceptance
-0.0034986195475884,-0.0025783763780462,1,-0.0022376293971772,-0.0012609901504112,0000831001-17-000038_acceptance,acceptance
0.0289249789961536,0.0136738546598662,2,0.0195207174475075,0.009404261548646,0000831001-17-000038_acceptance,acceptance
-0.0147871090079579,-0.0058598805035984,3,-0.0066308788390211,-0.0081562301689368,0000831001-17-000038_acceptance,acceptance
0.0061025239224596,0.00050387727206,4,0.0018888652253679,0.0042136586970917,0000831001-17-000038_acceptance,acceptance
-0.0118034771722669,-0.0032772408480052,5,-0.0031732631264371,-0.0086302140458298,0000831001-17-000038_acceptance,acceptance
0.0048234643596072,0.0120691127622993,-5,0.0158071196177306,-0.0109836552581234,0000831001-18-000040_acceptance,acceptance
-0.0033730389247722,0.0003734693722488,-4,0.0002150822802508,-0.003588121205023,0000831001-18-000040_acceptance,acceptance
-0.0046861985106614,-0.0058413894593534,-3,-0.0080702516443405,0.003384053133679,0000831001-18-000040_acceptance,acceptance
0.0070620638061416,-0.0054965031281792,-2,-0.0076104667164392,0.0146725305225808,0000831001-18-000040_acceptance,acceptance
-0.0094804134626429,0.0009735510790762,-1,0.0010150807126886,-0.0104954941753315,0000831001-18-000040_acceptance,acceptance
0.0106203477882593,0.0160283763505131,0,0.0210854086042835,-0.0104650608160241,0000831001-18-000040_acceptance,acceptance
0.0073948851117899,0.0117570153438109,1,0.015391047201728,-0.007996162089938,0000831001-18-000040_acceptance,acceptance
-0.0163554736715102,-0.0127068884438292,2,-0.0172229859520095,0.0008675122804992,0000831001-18-000040_acceptance,acceptance
-0.0116521420068951,-0.011095788639207,3,-0.0150751495765052,0.00342300756961,0000831001-18-000040_acceptance,acceptance
-0.0242416364664277,-0.0133243995419872,4,-0.0180462203631217,-0.0061954161033059,0000831001-18-000040_acceptance,acceptance
0.0002714218218216,0.005071602744632,5,0.0064783949100609,-0.0062069730882393,0000831001-18-000040_acceptance,acceptance
0.0296378560198895,0.0108787526085869,-5,0.0113320399076262,0.0183058161122633,0000831001-19-000027_acceptance,acceptance
0.0017114112090355,0.0014987433214488,-4,0.0014252899876479,0.0002861212213875,0000831001-19-000027_acceptance,acceptance
0.0040387010607167,0.0017771107537685,-3,0.0017192893274608,0.0023194117332559,0000831001-19-000027_acceptance,acceptance
-0.0049504570041851,-0.0035264367908802,-2,-0.0038820824414982,-0.0010683745626868,0000831001-19-000027_acceptance,acceptance
-0.0027986196698197,0.0064111023949868,-1,0.0066135058378612,-0.0094121255076809,0000831001-19-000027_acceptance,acceptance
0.0060803356419503,0.0012318625699112,0,0.0011434223707828,0.0049369132711675,0000831001-19-000027_acceptance,acceptance
-0.006353271919032,-0.0007904570968998,1,-0.000992461996072,-0.00536080992296,0000831001-19-000027_acceptance,acceptance
0.0043668162466918,-0.0005440493877303,2,-0.000732217098826,0.0050990333455179,0000831001-19-000027_acceptance,acceptance
-0.0065221269785116,-0.0028255083152146,3,-0.0031417928631359,-0.0033803341153757,0000831001-19-000027_acceptance,acceptance
0.0076588070861762,0.0068953205934343,4,0.0071249156298855,0.0005338914562907,0000831001-19-000027_acceptance,acceptance
-0.0111680523834274,-0.003880558492514,5,-0.004256090081782,-0.0069119623016453,0000831001-19-000027_acceptance,acceptance
-0.0026582047270646,0.0018435333204338,-5,0.0032414779157803,-0.005899682642845,0000831001-20-000031_acceptance,acceptance
-0.015357052378661,-0.0029199426368901,-4,-0.0045870224722903,-0.0107700299063707,0000831001-20-000031_acceptance,acceptance
0.0060581788436262,0.0047057858811645,-3,0.0079454263524224,-0.0018872475087962,0000831001-20-000031_acceptance,acceptance
0.0021779724051571,-0.0038155197636281,-2,-0.006058852276204,0.0082368246813612,0000831001-20-000031_acceptance,acceptance
-0.0227564379380884,-0.0105181030271228,-1,-0.0170741646551127,-0.0056822732829757,0000831001-20-000031_acceptance,acceptance
-0.0511512111354282,-0.0335136266712231,0,-0.0548659930141792,0.003714781878751,0000831001-20-000031_acceptance,acceptance
-0.0427411239035986,-0.0302799955650561,1,-0.0495517051713731,0.0068105812677745,0000831001-20-000031_acceptance,acceptance
-0.0180036679485329,-0.003778540605322,2,-0.0059980791437806,-0.0120055888047522,0000831001-20-000031_acceptance,acceptance
-0.0547080427477393,-0.0441632425840791,3,-0.0723680278839915,0.0176599851362522,0000831001-20-000031_acceptance,acceptance
-0.0153605804563655,-0.0082383404443618,4,-0.0133275051938819,-0.0020330752624836,0000831001-20-000031_acceptance,acceptance
0.0650802206084637,0.04603922900611,5,0.0758745769229049,-0.0107943563144412,0000831001-20-000031_acceptance,acceptance
-0.0039526248847123,-0.0077328394581538,-5,-0.0065593766535972,0.0026067517688848,0000831001-21-000042_acceptance,acceptance
0.0186205051845214,0.0012563181187927,-4,0.0021826040697472,0.0164379011147741,0000831001-21-000042_acceptance,acceptance
0.0278693665996772,0.011351613765979,-3,0.0120003071402215,0.0158690594594556,0000831001-21-000042_acceptance,acceptance
-0.0173470022743651,-0.0244788075251262,-2,-0.0228448771337146,0.0054978748593494,0000831001-21-000042_acceptance,acceptance
-0.0226968192339942,-0.0047502141699028,-1,-0.0036587652724241,-0.0190380539615701,0000831001-21-000042_acceptance,acceptance
0.0555554781384346,0.0237907635068002,0,0.0240974148300381,0.0314580633083964,0000831001-21-000042_acceptance,acceptance
-0.0090593733318469,-0.0080808516908706,1,-0.0068978195169975,-0.0021615538148493,0000831001-21-000042_acceptance,acceptance
0.0213321456902833,-0.0130662218719981,2,-0.0117461058718749,0.0330782515621582,0000831001-21-000042_acceptance,acceptance
-0.0080990109122299,-0.0134172139301002,3,-0.0120874466237429,0.0039884357115129,0000831001-21-000042_acceptance,acceptance
0.0060163985325509,0.0194959681977822,4,0.0199207144573099,-0.0139043159247589,0000831001-21-000042_acceptance,acceptance
0.0283354163488549,-0.0053592310301612,5,-0.0042510358614083,0.0325864522102633,0000831001-21-000042_acceptance,acceptance
-0.0088085382215427,-0.0071661613961429,-5,-0.0057728542222375,-0.0030356839993051,0000831001-22-000036_acceptance,acceptance
-0.0038977418655459,-0.0101429452648328,-4,-0.0079081510955874,0.0040104092300415,0000831001-22-000036_acceptance,acceptance
-0.0104867617390682,-0.0184121228454876,-3,-0.0138397705251561,0.0033530087860879,0000831001-22-000036_acceptance,acceptance
-0.0403352992260557,0.0149568560673292,-2,0.0100963563427903,-0.050431655568846,0000831001-22-000036_acceptance,acceptance
0.0215921847773536,0.0223726776556034,-1,0.0154158492415919,0.0061763355357617,0000831001-22-000036_acceptance,acceptance
-0.0443691421036765,-0.0024426034406476,0,-0.002384567071281,-0.0419845750323955,0000831001-22-000036_acceptance,acceptance
-0.0108053130788143,-0.0154735036804118,1,-0.0117318498322393,0.0009265367534249,0000831001-22-000036_acceptance,acceptance
0.0165557966702638,0.018642691757321,2,0.0127402679506508,0.0038155287196129,0000831001-22-000036_acceptance,acceptance
-0.0325724072609422,-0.0052546664300883,3,-0.0044017069020134,-0.0281707003589288,0000831001-22-000036_acceptance,acceptance
-0.0178755970083677,-0.0079340425503344,4,-0.0063236682214988,-0.0115519287868689,0000831001-22-000036_acceptance,acceptance
-0.0183778462120078,-0.0295181583134491,5,-0.021806315580538,0.0034284693685301,0000831001-22-000036_acceptance,acceptance
-0.0007773289203255,-0.0027674058253277,-5,-0.0022846433755853,0.0015073144552597,0000831001-23-000037_acceptance,acceptance
-0.0307273804195252,-0.0200412342553273,-4,-0.0198184451494203,-0.0109089352701049,0000831001-23-000037_acceptance,acceptance
0.0040130622081702,-0.0015735561458868,-3,-0.0010728261046253,0.0050858883127955,0000831001-23-000037_acceptance,acceptance
0.0067945355888006,0.0053294294160743,-2,0.0059340502795854,0.0008604853092151,0000831001-23-000037_acceptance,acceptance
-0.0039697926350362,-0.0105375514855581,-1,-0.0101717307292894,0.0062019380942531,0000831001-23-000037_acceptance,acceptance
0.0057790901808387,0.0030730045671669,0,0.0036436659459314,0.0021354242349073,0000831001-23-000037_acceptance,acceptance
0.0043590021464983,-0.0030360018281855,1,-0.0025572817828983,0.0069162839293966,0000831001-23-000037_acceptance,acceptance
0.0159795563454985,-0.00472526484568,2,-0.0042719684264902,0.0202515247719887,0000831001-23-000037_acceptance,acceptance
-0.0019416466389119,0.0075821940867943,3,0.0082207193488986,-0.0101623659878105,0000831001-23-000037_acceptance,acceptance
0.018482318048822,0.0161477371607488,4,0.0169151749499009,0.0015671430989211,0000831001-23-000037_acceptance,acceptance
-0.003247278386647,0.0006871667698291,5,0.0012219209822965,-0.0044691993689436,0000831001-23-000037_acceptance,acceptance
-0.0065204318021577,-0.0048034698371121,-5,-0.0025931554011336,-0.0039272764010241,0000831001-24-000033_acceptance,acceptance
0.0103920119501093,-0.0060053220011653,-4,-0.0037478834909953,0.0141398954411046,0000831001-24-000033_acceptance,acceptance
-0.0016239677003737,0.0012641999229821,-3,0.0032366038001613,-0.0048605715005351,0000831001-24-000033_acceptance,acceptance
0.0103018586547423,0.021122884217414,-2,0.0223166381574168,-0.0120147795026744,0000831001-24-000033_acceptance,acceptance
0.0005365280512736,0.0003479475462115,-1,0.0023562772604218,-0.0018197492091481,0000831001-24-000033_acceptance,acceptance
-0.0101911983769059,-0.0037867513501905,0,-0.0016163019815161,-0.0085748963953898,0000831001-24-000033_acceptance,acceptance
0.0063221023863579,0.0017063496993998,1,0.0036614170858768,0.0026606853004811,0000831001-24-000033_acceptance,acceptance
-0.0118469583654409,-0.0016581550604305,2,0.0004288330203397,-0.0122757913857806,0000831001-24-000033_acceptance,acceptance
0.0079928095167394,0.0052290946971491,3,0.0070460368619086,0.0009467726548307,0000831001-24-000033_acceptance,acceptance
0.0019822472410022,0.0080078289488876,4,0.0097158182133206,-0.0077335709723183,0000831001-24-000033_acceptance,acceptance
0.0097122621188536,-0.0011932620709189,5,0.0008754977681556,0.008836764350698,0000831001-24-000033_acceptance,acceptance
0.0305725728401184,-7.194380749464546e-05,-5,0.0016286955636573,0.0289438772764611,0000831001-25-000067_acceptance,acceptance
0.0002362733498608,0.0024449877750611,-4,0.0052825906506947,-0.0050463173008339,0000831001-25-000067_acceptance,acceptance
-0.0081531944989428,0.0023769693899173,-3,0.0051838465906545,-0.0133370410895973,0000831001-25-000067_acceptance,acceptance
-0.0309744576272799,-0.0043341850761716,-2,-0.0045589110202183,-0.0264155466070615,0000831001-25-000067_acceptance,acceptance
-0.0207769134133467,-0.0170641267025635,-1,-0.0230392986037829,0.0022623851904362,0000831001-25-000067_acceptance,acceptance
-0.0139360626075303,-0.0049691065044024,0,-0.0054806429827976,-0.0084554196247326,0000831001-25-000067_acceptance,acceptance
-0.0050927911355783,-0.0046797309154723,1,-0.0050605489087162,-3.224222686211333e-05,0000831001-25-000067_acceptance,acceptance
0.0119016210888025,0.0001360242800469,2,0.0019306082491652,0.0099710128396373,0000831001-25-000067_acceptance,acceptance
-0.0025292771325955,-0.0158645536555098,3,-0.0212978471898669,0.0187685700572713,0000831001-25-000067_acceptance,acceptance
0.0136932303475458,0.0158541446349889,4,0.0247490126668432,-0.0110557823192973,0000831001-25-000067_acceptance,acceptance
-0.0347716666783664,-0.0175967394669998,5,-0.0238125064163254,-0.0109591602620409,0000831001-25-000067_acceptance,acceptance
-0.0026091182378134,0.0004990891480125,-5,0.0015937435692311,-0.0042028618070446,0000831001-26-000011_acceptance,acceptance
0.0263395026447847,0.0010313220779065,-4,0.0022825964629201,0.0240569061818646,0000831001-26-000011_acceptance,acceptance
0.0218843717795815,0.0055660701474107,-3,0.0081517829682542,0.0137325888113273,0000831001-26-000011_acceptance,acceptance
-0.0061924571853264,-0.0028221256867719,-2,-0.0027048037791255,-0.0034876534062009,0000831001-26-000011_acceptance,acceptance
0.0038943683181498,0.0069397247635067,-1,0.0099296623591732,-0.0060352940410233,0000831001-26-000011_acceptance,acceptance
-0.0452585768882994,-0.0103856522472848,0,-0.0124940461673034,-0.032764530720996,0000831001-26-000011_acceptance,acceptance
-0.0107449880154812,0.0076516140863223,1,0.0108510390581035,-0.0215960270735847,0000831001-26-000011_acceptance,acceptance
0.0436291317407504,0.0081363556573399,2,0.0114784253304134,0.0321507064103369,0000831001-26-000011_acceptance,acceptance
0.0161798328508671,-0.0053655805693283,3,-0.0059967200763098,0.0221765529271769,0000831001-26-000011_acceptance,acceptance
-0.0516394931860738,-0.0043393528110311,4,-0.0046685047007077,-0.046970988485366,0000831001-26-000011_acceptance,acceptance
0.0114346756223608,0.0003983547353176,5,0.0014633660826432,0.0099713095397176,0000831001-26-000011_acceptance,acceptance
-0.0042862566815103,0.00069332238554,-5,0.0017154217079048,-0.0060016783894151,0000018230-17-000041_acceptance,acceptance
0.0113010139788398,0.0057525464497805,-4,0.008639315222507,0.0026616987563328,0000018230-17-000041_acceptance,acceptance
0.0250108776009694,0.0035660501028451,-3,0.0056469457041745,0.0193639318967948,0000018230-17-000041_acceptance,acceptance
0.0227387253395898,0.0052458450979924,-2,0.0079458598311391,0.0147928655084507,0000018230-17-000041_acceptance,acceptance
-0.004162348567842,0.0040073351766347,-1,0.0062508744532684,-0.0104132230211105,0000018230-17-000041_acceptance,acceptance
0.0094812010930662,0.0049923089198982,0,0.0075988782630303,0.0018823228300358,0000018230-17-000041_acceptance,acceptance
-0.0076753041389612,-0.0008641180363413,1,-0.0004160418326536,-0.0072592623063076,0000018230-17-000041_acceptance,acceptance
0.0060044477038336,0.0016785565287558,2,0.0030637818927783,0.0029406658110553,0000018230-17-000041_acceptance,acceptance
-0.0075870232846354,0.0060480661608284,3,0.0090437541215912,-0.0166307774062266,0000018230-17-000041_acceptance,acceptance
0.00101943204867,-0.001082200145408,4,-0.0007145020869227,0.0017339341355928,0000018230-17-000041_acceptance,acceptance
-0.0269857729226125,0.0004189867216857,5,0.0013399746235957,-0.0283257475462082,0000018230-17-000041_acceptance,acceptance
-0.0541012745312268,-0.037536419758088,-5,-0.0336118908589718,-0.020489383672255,0000018230-18-000042_acceptance,acceptance
0.0220564007451682,0.0149360902084947,-4,0.0170640500066893,0.0049923507384788,0000018230-18-000042_acceptance,acceptance
0.0206418545052129,0.0139145847540425,-3,0.0160775191539297,0.0045643353512832,0000018230-18-000042_acceptance,acceptance
0.0110314124772099,0.002612929746329,-2,0.0051628135067303,0.0058685989704796,0000018230-18-000042_acceptance,acceptance
0.0265636200123691,0.0134024582572458,-1,0.0155829269935025,0.0109806930188665,0000018230-18-000042_acceptance,acceptance
0.0121475755111233,0.0120691127622993,0,0.0142952329705097,-0.0021476574593863,0000018230-18-000042_acceptance,acceptance
-0.023065448426065,0.0003734693722488,1,0.0030000284301224,-0.0260654768561874,0000018230-18-000042_acceptance,acceptance
-0.0046707890814234,-0.0058413894593534,2,-0.0030020442521121,-0.0016687448293113,0000018230-18-000042_acceptance,acceptance
-0.0021213065357558,-0.0054965031281792,3,-0.0026689662397379,0.000547659703982,0000018230-18-000042_acceptance,acceptance
0.0233843282182117,0.0009735510790762,4,0.0035795643644453,0.0198047638537664,0000018230-18-000042_acceptance,acceptance
0.0223466970593937,0.0160283763505131,5,0.0181189381371896,0.0042277589222041,0000018230-18-000042_acceptance,acceptance
-0.0134822512755449,-0.0093571401439401,-5,-0.0127465643954673,-0.0007356868800775,0000018230-19-000034_acceptance,acceptance
-0.0013977814609152,0.000676201086956,-4,0.001901457582729,-0.0032992390436443,0000018230-19-000034_acceptance,acceptance
0.0025662208587424,0.0007091030986317,-3,0.0019494923678579,0.0006167284908845,0000018230-19-000034_acceptance,acceptance
0.0290080365581906,0.0128902247439735,-2,0.0197331332780865,0.009274903280104,0000018230-19-000034_acceptance,acceptance
0.0032410701465253,0.0030239946687606,-1,0.0053290826574789,-0.0020880125109536,0000018230-19-000034_acceptance,acceptance
-0.0036063701970416,-0.0026516415551012,0,-0.0029569750210308,-0.0006493951760108,0000018230-19-000034_acceptance,acceptance
0.0269943592526231,0.0108787526085869,1,0.0167965155183973,0.0101978437342257,0000018230-19-000034_acceptance,acceptance
-0.0029368299732797,0.0014987433214488,2,0.0031023154476785,-0.0060391454209582,0000018230-19-000034_acceptance,acceptance
0.0332107522006208,0.0017771107537685,3,0.0035087136925699,0.0297020385080508,0000018230-19-000034_acceptance,acceptance
-0.0101916620122167,-0.0035264367908802,4,-0.0042341188503121,-0.0059575431619045,0000018230-19-000034_acceptance,acceptance
-0.0014403981983825,0.0064111023949868,5,0.010274038407962,-0.0117144366063446,0000018230-19-000034_acceptance,acceptance
0.013921810431319,0.0016884725532351,-5,0.0030986269942448,0.0108231834370741,0000018230-20-000056_acceptance,acceptance
0.0249651152254866,0.0064626464661976,-4,0.0113109971459543,0.0136541180795323,0000018230-20-000056_acceptance,acceptance
0.0009312748945449,-0.0016304457368023,-3,-0.0026104623682231,0.003541737262768,0000018230-20-000056_acceptance,acceptance
-0.0123818363063366,0.0018435333204338,-2,0.0033653572054728,-0.0157471935118095,0000018230-20-000056_acceptance,acceptance
-0.0102179940953661,-0.0029199426368901,-1,-0.0048286106900196,-0.0053893834053465,0000018230-20-000056_acceptance,acceptance
0.0020498378484117,0.0047057858811645,0,0.0082889058496848,-0.0062390680012731,0000018230-20-000056_acceptance,acceptance
0.0005119632446481,-0.0038155197636281,1,-0.0063691517340331,0.0068811149786813,0000018230-20-000056_acceptance,acceptance
0.0020443455937311,-0.0105181030271228,2,-0.0178987054821735,0.0199430510759046,0000018230-20-000056_acceptance,acceptance
-0.0367318938973179,-0.0335136266712231,3,-0.0574548162231315,0.0207229223258136,0000018230-20-000056_acceptance,acceptance
-0.0239843639746812,-0.0302799955650561,4,-0.0518924349479495,0.0279080709732682,0000018230-20-000056_acceptance,acceptance
-0.0058138044284387,-0.003778540605322,5,-0.0063055414547586,0.0004917370263199,0000018230-20-000056_acceptance,acceptance
-0.0008609161178347,-0.0011135249921484,-5,0.0017960948658561,-0.0026570109836909,0000018230-21-000063_acceptance,acceptance
0.0022302485860152,-0.0003451849323593,-4,0.0023701402156552,-0.0001398916296399,0000018230-21-000063_acceptance,acceptance
0.0031864418872502,0.0016624551635393,-3,0.0038700964478438,-0.0006836545605936,0000018230-21-000063_acceptance,acceptance
-0.0018150283193355,0.0047110331133788,-2,0.0061477624022727,-0.0079627907216082,0000018230-21-000063_acceptance,acceptance
0.0221726334118161,-0.0005692724183511,-1,0.0022027190619058,0.0199699143499103,0000018230-21-000063_acceptance,acceptance
-0.0003950775052278,-0.0003204020092266,0,0.0023886561339618,-0.0027837336391896,0000018230-21-000063_acceptance,acceptance
-0.0117646970925464,-0.0044158356273545,1,-0.0006711408842263,-0.01109355620832,0000018230-21-000063_acceptance,acceptance
0.0499699226860568,-0.0018548966445751,2,0.0012421982622282,0.0487277244238285,0000018230-21-000063_acceptance,acceptance
0.0388259900910292,-0.0077328394581538,3,-0.0031493542743479,0.0419753443653771,0000018230-21-000063_acceptance,acceptance
0.0097220741821462,0.0012563181187927,4,0.0035666616874828,0.0061554124946633,0000018230-21-000063_acceptance,acceptance
0.0104007350327686,0.011351613765979,5,0.0111091000222809,-0.0007083649895123,0000018230-21-000063_acceptance,acceptance
0.0104219076095548,0.0145172078875055,-5,0.0134960278666753,-0.0030741202571204,0000018230-22-000050_acceptance,acceptance
-0.0026027118547065,-0.0181157256684597,-4,-0.0158506392337059,0.0132479273789994,0000018230-22-000050_acceptance,acceptance
-0.0090121807363716,-0.0189694543445634,-3,-0.0166183940299058,0.0076062132935341,0000018230-22-000050_acceptance,acceptance
-0.0067082961699753,-0.0038405967262932,-2,-0.0030130726642671,-0.0036952235057082,0000018230-22-000050_acceptance,acceptance
0.0176096206667151,0.0157667211707204,-1,0.014619710182797,0.0029899104839181,0000018230-22-000050_acceptance,acceptance
0.0011309612329013,0.000881207755895,0,0.0012332272895578,-0.0001022660566564,0000018230-22-000050_acceptance,acceptance
-0.043704563734263,-0.021173138152195,1,-0.0186001580961414,-0.0251044056381215,0000018230-22-000050_acceptance,acceptance
-0.0143271941093603,-0.0071661613961429,2,-0.0060037397190538,-0.0083234543903065,0000018230-22-000050_acceptance,acceptance
-0.0038549010445358,-0.0101429452648328,3,-0.0086807495892945,0.0048258485447586,0000018230-22-000050_acceptance,acceptance
-0.0237434385870685,-0.0184121228454876,4,-0.0161171880338257,-0.0076262505532427,0000018230-22-000050_acceptance,acceptance
-0.0106070562121608,0.0149568560673292,5,0.0138914017227354,-0.0244984579348962,0000018230-22-000050_acceptance,acceptance
-0.003164207992118,-0.0110807244761647,-5,-0.0074234906774088,0.0042592826852908,0000018230-23-000011_acceptance,acceptance
-0.0104071060235314,-0.0088297961777351,-4,-0.0052892826034886,-0.0051178234200427,0000018230-23-000011_acceptance,acceptance
0.0056438533556681,0.0021952617756952,-3,0.0051640791122381,0.00047977424343,0000018230-23-000011_acceptance,acceptance
0.0019381672067562,0.0114486093427661,-2,0.0139376011752069,-0.0119994339684507,0000018230-23-000011_acceptance,acceptance
-0.0152729590140571,-0.0002804145319874,-1,0.0028167771710986,-0.0180897361851557,0000018230-23-000011_acceptance,acceptance
0.017760664615114,0.002773175690496,0,0.0057120257278007,0.0120486388873132,0000018230-23-000011_acceptance,acceptance
-0.0087655510436334,-0.0137887414891306,1,-0.0099910854681525,0.0012255344245191,0000018230-23-000011_acceptance,acceptance
0.0051516542561764,-0.0027674058253277,2,0.0004587469745262,0.0046929072816501,0000018230-23-000011_acceptance,acceptance
-0.0285725930408269,-0.0200412342553273,3,-0.0159193598396884,-0.0126532332011385,0000018230-23-000011_acceptance,acceptance
-0.011715454504398,-0.0015735561458868,4,0.0015906904605482,-0.0133061449649462,0000018230-23-000011_acceptance,acceptance
0.0002522817061896,0.0053294294160743,5,0.0081357268043407,-0.007883445098151,0000018230-23-000011_acceptance,acceptance
-0.0150309063369077,0.0057423415255595,-5,0.0069514238830604,-0.0219823302199681,0000018230-24-000009_acceptance,acceptance
0.0140937766326183,-0.0009489536011326,-4,-0.0017645521625726,0.0158583287951909,0000018230-24-000009_acceptance,acceptance
-0.0273294939903848,-0.0136742556536254,-3,-0.0183403309562068,-0.008989163034178,0000018230-24-000009_acceptance,acceptance
0.0123705417211692,0.0095797632750176,-2,0.0119499892447712,0.0004205524763979,0000018230-24-000009_acceptance,acceptance
0.0200815156240932,0.0058212506847294,-1,0.0070542097157108,0.0130273059083824,0000018230-24-000009_acceptance,acceptance
-0.0035905360494697,-0.0048034698371121,0,-0.0067853845342137,0.0031948484847439,0000018230-24-000009_acceptance,acceptance
-0.0253798189371589,-0.0060053220011653,1,-0.0083508983060533,-0.0170289206311055,0000018230-24-000009_acceptance,acceptance
0.0108369407238573,0.0012641999229821,2,0.0011182668935685,0.0097186738302887,0000018230-24-000009_acceptance,acceptance
0.0156083267733753,0.021122884217414,3,0.0269858774728112,-0.0113775506994359,0000018230-24-000009_acceptance,acceptance
0.005557406306236,0.0003479475462115,4,-7.522907641627994e-05,0.0056326353826523,0000018230-24-000009_acceptance,acceptance
0.0046314004022633,-0.0037867513501905,5,-0.005461022985459,0.0100924233877224,0000018230-24-000009_acceptance,acceptance
-0.004296219668289,-0.0094647701115428,-5,-0.0115089786485805,0.0072127589802914,0000018230-25-000008_acceptance,acceptance
-0.0018137527742231,0.0067125410858628,-4,0.0089960210560349,-0.010809773830258,0000018230-25-000008_acceptance,acceptance
-0.0027255299282918,0.0003395827888592,-3,0.0009181948707699,-0.0036437247990617,0000018230-25-000008_acceptance,acceptance
-0.02813136061174,-0.0027238667143857,-2,-0.0029647761862013,-0.0251665844255387,0000018230-25-000008_acceptance,acceptance
0.0047153325802444,0.0104262921222306,-1,0.0137032596678476,-0.0089879270876031,0000018230-25-000008_acceptance,acceptance
-0.0010742872815922,-7.194380749464546e-05,0,0.000396578352814,-0.0014708656344062,0000018230-25-000008_acceptance,acceptance
0.0019244762600612,0.0024449877750611,1,0.0035868292373443,-0.0016623529772831,0000018230-25-000008_acceptance,acceptance
-0.002824851570726,0.0023769693899173,2,0.0035006148504006,-0.0063254664211267,0000018230-25-000008_acceptance,acceptance
-0.0109064261764082,-0.0043341850761716,3,-0.0050058803678438,-0.0059005458085643,0000018230-25-000008_acceptance,acceptance
-0.0260919380135363,-0.0170641267025635,4,-0.0211412842123836,-0.0049506538011526,0000018230-25-000008_acceptance,acceptance
-0.0032937908567463,-0.0049691065044024,5,-0.005810653394675,0.0025168625379287,0000018230-25-000008_acceptance,acceptance
0.070601874640866,0.0196957966973359,-5,0.0332341283901927,0.0373677462506733,0000018230-26-000008_acceptance,acceptance
0.0219223717087886,0.0046910867168872,-4,0.0103919743484305,0.011530397360358,0000018230-26-000008_acceptance,acceptance
0.0003369019124239,-0.0033037129754581,-3,-0.001778767128315,0.002115669040739,0000018230-26-000008_acceptance,acceptance
0.0439538221032418,-4.895607156218951e-05,-2,0.0031760543020327,0.0407777678012091,0000018230-26-000008_acceptance,acceptance
-0.0215613353512508,-0.0156610121277019,-1,-0.0205906822631952,-0.0009706530880555,0000018230-26-000008_acceptance,acceptance
0.0209814713344334,0.0004990891480125,0,0.00401036121924,0.0169711101151933,0000018230-26-000008_acceptance,acceptance
-0.0121932140729876,0.0010313220779065,1,0.004820596577776,-0.0170138106507637,0000018230-26-000008_acceptance,acceptance
-0.0167242896701093,0.0055660701474107,2,0.0117239898508994,-0.0284482795210087,0000018230-26-000008_acceptance,acceptance
0.0113835684015808,-0.0028221256867719,3,-0.0010456312631728,0.0124291996647536,0000018230-26-000008_acceptance,acceptance
-0.0010388423609883,0.0069397247635067,4,0.0138151485858519,-0.0148539909468403,0000018230-26-000008_acceptance,acceptance
-0.0043041154520607,-0.0103856522472848,5,-0.0125598317388442,0.0082557162867835,0000018230-26-000008_acceptance,acceptance
-0.008775789015329,0.0052458450979924,-5,0.0078893581420596,-0.0166651471573886,0001193125-17-050077_acceptance,acceptance
0.0088534853346764,0.0040073351766347,-4,0.0063483845594863,0.00250510077519,0001193125-17-050077_acceptance,acceptance
-0.0155568475632308,0.0049923089198982,-3,0.007573904429552,-0.0231307519927828,0001193125-17-050077_acceptance,acceptance
-0.0206644442445264,-0.0008641180363413,-2,0.0002872456210844,-0.0209516898656108,0001193125-17-050077_acceptance,acceptance
-0.0171701038841628,0.0016785565287558,-1,0.0034508814275708,-0.0206209853117336,0001193125-17-050077_acceptance,acceptance
0.0130502187206531,0.0060480661608284,0,0.0088874942440773,0.0041627244765758,0001193125-17-050077_acceptance,acceptance
-0.0214005503053568,-0.001082200145408,1,1.5904420575282244e-05,-0.021416454725932,0001193125-17-050077_acceptance,acceptance
0.0042463011818474,0.0004189867216857,2,0.0018837048029586,0.0023625963788887,0001193125-17-050077_acceptance,acceptance
-0.0054968285229202,0.0014933641914423,3,0.0032204621999377,-0.0087172907228579,0001193125-17-050077_acceptance,acceptance
0.0068028132527626,0.0010179830611165,4,0.0026289854980936,0.0041738277546689,0001193125-17-050077_acceptance,acceptance
0.0044340625949559,-0.0025783763780462,5,-0.001845661651372,0.0062797242463279,0001193125-17-050077_acceptance,acceptance
0.0267208941191792,0.0139145847540425,-5,0.0161287396886448,0.0105921544305343,0001193125-18-049729_acceptance,acceptance
-0.0016854158317297,0.002612929746329,-4,0.0045659688349367,-0.0062513846666665,0001193125-18-049729_acceptance,acceptance
0.0410727919510911,0.0134024582572458,-3,0.0156047809121178,0.0254680110389732,0001193125-18-049729_acceptance,acceptance
-0.0174743299773008,0.0120691127622993,-2,0.0142406295186832,-0.031714959495984,0001193125-18-049729_acceptance,acceptance
0.0020168846241919,0.0003734693722488,-1,0.0022747674910825,-0.0002578828668905,0001193125-18-049729_acceptance,acceptance
0.0034768063924828,-0.0058413894593534,0,-0.004083680763524,0.0075604871560068,0001193125-18-049729_acceptance,acceptance
-0.0198757686560093,-0.0054965031281792,1,-0.0037308261050496,-0.0161449425509597,0001193125-18-049729_acceptance,acceptance
0.0215808724731179,0.0009735510790762,2,0.0028887136135585,0.0186921588595593,0001193125-18-049729_acceptance,acceptance
0.038973034010425,0.0160283763505131,3,0.018291368776668,0.020681665233757,0001193125-18-049729_acceptance,acceptance
-0.0080632152978384,0.0117570153438109,4,0.0139213213349213,-0.0219845366327598,0001193125-18-049729_acceptance,acceptance
-0.0134300196939992,-0.0127068884438292,5,-0.0111078016997657,-0.0023222179942335,0001193125-18-049729_acceptance,acceptance
0.0072437898893,0.0007091030986317,-5,0.0011707858155576,0.0060730040737424,0001193125-19-043841_acceptance,acceptance
0.0106383892404373,0.0128902247439735,-4,0.0153515284455912,-0.0047131392051538,0001193125-19-043841_acceptance,acceptance
0.004892468907782,0.0030239946687606,-3,0.0038656839151088,0.0010267849926731,0001193125-19-043841_acceptance,acceptance
0.0194749612900031,-0.0026516415551012,-2,-0.0027416498670851,0.0222166111570882,0001193125-19-043841_acceptance,acceptance
0.0156295744655594,0.0108787526085869,-1,0.0130098583194818,0.0026197161460775,0001193125-19-043841_acceptance,acceptance
-0.0098318344824789,0.0014987433214488,0,0.0020900513065458,-0.0119218857890248,0001193125-19-043841_acceptance,acceptance
0.01669304832608,0.0017771107537685,1,0.0024141148065453,0.0142789335195347,0001193125-19-043841_acceptance,acceptance
-0.0058035113845719,-0.0035264367908802,2,-0.0037600491946467,-0.0020434621899251,0001193125-19-043841_acceptance,acceptance
-0.0038438011688708,0.0064111023949868,3,0.007808810363089,-0.0116526115319599,0001193125-19-043841_acceptance,acceptance
-0.0102902293986194,0.0012318625699112,4,0.0017793601107222,-0.0120695895093417,0001193125-19-043841_acceptance,acceptance
-0.0047652285948251,-0.0007904570968998,5,-0.0005749382491229,-0.0041902903457022,0001193125-19-043841_acceptance,acceptance
-0.0020692300369412,0.0073263978048905,-5,0.0082631960023157,-0.010332426039257,0001193125-20-039954_acceptance,acceptance
0.0145153156019379,0.0016884725532351,-4,0.0028793022952397,0.0116360133066982,0001193125-20-039954_acceptance,acceptance
0.0178842552410236,0.0064626464661976,-3,0.0074383632510298,0.0104458919899937,0001193125-20-039954_acceptance,acceptance
-0.0087630774450587,-0.0016304457368023,-2,-0.0002900734056506,-0.0084730040394081,0001193125-20-039954_acceptance,acceptance
-0.0033998450197219,0.0018435333204338,-1,0.0030273763919103,-0.0064272214116322,0001193125-20-039954_acceptance,acceptance
-0.0054588522551968,-0.0029199426368901,0,-0.0015214686327579,-0.0039373836224388,0001193125-20-039954_acceptance,acceptance
0.0164661138681205,0.0047057858811645,1,0.0057606626385231,0.0107054512295974,0001193125-20-039954_acceptance,acceptance
-0.0064120603423903,-0.0038155197636281,2,-0.0023766931775371,-0.0040353671648532,0001193125-20-039954_acceptance,acceptance
-0.0074730336286513,-0.0105181030271228,3,-0.008777273930694,0.0013042403020426,0001193125-20-039954_acceptance,acceptance
-0.0352496752656139,-0.0335136266712231,4,-0.0307366738007151,-0.0045130014648987,0001193125-20-039954_acceptance,acceptance
-0.0452289551509778,-0.0302799955650561,5,-0.027648742445402,-0.0175802127055757,0001193125-20-039954_acceptance,acceptance
0.0531293327804465,0.0073993483603735,-5,0.0112175462345782,0.0419117865458682,0001562762-21-000027_acceptance,acceptance
0.0021374610682436,-0.0011135249921484,-4,-0.0007498310237142,0.0028872920919578,0001562762-21-000027_acceptance,acceptance
0.0078925641065468,-0.0003451849323593,-3,0.0003302996181249,0.0075622644884218,0001562762-21-000027_acceptance,acceptance
-0.0081160674504734,0.0016624551635393,-2,0.0031526353244791,-0.0112687027749526,0001562762-21-000027_acceptance,acceptance
0.0155038188345373,0.0047110331133788,-1,0.0074383190080302,0.008065499826507,0001562762-21-000027_acceptance,acceptance
0.0358355879982321,-0.0005692724183511,0,1.527795943535111e-05,0.0358203100387968,0001562762-21-000027_acceptance,acceptance
0.01044002835264,-0.0003204020092266,1,0.0003651393929471,0.0100748889596928,0001562762-21-000027_acceptance,acceptance
-0.0338330927868476,-0.0044158356273545,2,-0.0053922115172375,-0.02844088126961,0001562762-21-000027_acceptance,acceptance
0.0153069453681269,-0.0018548966445751,3,-0.0017920495421614,0.0170989949102883,0001562762-21-000027_acceptance,acceptance
0.0508057417127221,-0.0077328394581538,4,-0.010055247670432,0.0608609893831541,0001562762-21-000027_acceptance,acceptance
0.0239778439485625,0.0012563181187927,5,0.0025816888259493,0.0213961551226131,0001562762-21-000027_acceptance,acceptance
-0.0111890493801289,-0.0181157256684597,-5,-0.0157350332763482,0.0045459838962192,0001562762-22-000031_acceptance,acceptance
0.0226356447787772,-0.0189694543445634,-4,-0.0166928889904028,0.0393285337691801,0001562762-22-000031_acceptance,acceptance
-0.0210648049403154,-0.0038405967262932,-3,0.000281195543007,-0.0213460004833225,0001562762-22-000031_acceptance,acceptance
-0.0204264279867031,0.0157667211707204,-2,0.0222799663593461,-0.0427063943460492,0001562762-22-000031_acceptance,acceptance
0.005910114442154,0.000881207755895,-1,0.0055789060809202,0.0003312083612338,0001562762-22-000031_acceptance,acceptance
0.01053096141101,-0.021173138152195,0,-0.019165350307672,0.029696311718682,0001562762-22-000031_acceptance,acceptance
-0.016783686165974,-0.0071661613961429,1,-0.0034499794902737,-0.0133337066757002,0001562762-22-000031_acceptance,acceptance
-0.0200825786314458,-0.0101429452648328,2,-0.0067898338467463,-0.0132927447846994,0001562762-22-000031_acceptance,acceptance
0.0045543132985763,-0.0184121228454876,3,-0.0160675812363646,0.020621894534941,0001562762-22-000031_acceptance,acceptance
-0.0056672092523072,0.0149568560673292,4,0.0213713241424334,-0.0270385333947406,0001562762-22-000031_acceptance,acceptance
0.0403511963029898,0.0223726776556034,5,0.0296916339569722,0.0106595623460176,0001562762-22-000031_acceptance,acceptance
-0.0077623406571547,-0.0088297961777351,-5,-0.0053809455680152,-0.0023813950891395,0001163165-23-000006_acceptance,acceptance
0.0466658891938553,0.0021952617756952,-4,0.0034911583189201,0.0431747308749352,0001163165-23-000006_acceptance,acceptance
-0.0195547824231072,0.0114486093427661,-3,0.0109375283301933,-0.0304923107533006,0001163165-23-000006_acceptance,acceptance
0.0110409618564446,-0.0002804145319874,-2,0.0014989277578688,0.0095420340985758,0001163165-23-000006_acceptance,acceptance
-0.0167326067547548,0.002773175690496,-1,0.0039562182135234,-0.0206888249682783,0001163165-23-000006_acceptance,acceptance
-0.0294669943656546,-0.0137887414891306,0,-0.0093715166977245,-0.0200954776679301,0001163165-23-000006_acceptance,acceptance
-0.0391290299900541,-0.0027674058253277,1,-0.0005024082181976,-0.0386266217718565,0001163165-23-000006_acceptance,acceptance
0.0114291337799368,-0.0200412342553273,2,-0.0144030335939009,0.0258321673738377,0001163165-23-000006_acceptance,acceptance
-0.0116798346055824,-0.0015735561458868,3,0.0004583085804009,-0.0121381431859833,0001163165-23-000006_acceptance,acceptance
0.0129707997036816,0.0053294294160743,4,0.0060132911749984,0.0069575085286831,0001163165-23-000006_acceptance,acceptance
-0.0017072570889492,-0.0105375514855581,5,-0.0067552134012066,0.0050479563122573,0001163165-23-000006_acceptance,acceptance
0.0140669226557743,0.0005705832608251,-5,-0.0006502742998746,0.014717196955649,0001163165-24-000010_acceptance,acceptance
-0.0240561040175953,0.0057423415255595,-4,0.0013818894406136,-0.025437993458209,0001163165-24-000010_acceptance,acceptance
-0.0005398520241429,-0.0009489536011326,-3,-0.001247353195511,0.000707501171368,0001163165-24-000010_acceptance,acceptance
-0.0119712428013509,-0.0136742556536254,-2,-0.0062475670674881,-0.0057236757338628,0001163165-24-000010_acceptance,acceptance
0.0031885609507056,0.0095797632750176,-1,0.002889745944539,0.0002988150061665,0001163165-24-000010_acceptance,acceptance
0.0151820241026898,0.0058212506847294,0,0.0014128955943913,0.0137691285082984,0001163165-24-000010_acceptance,acceptance
-0.003873927474024,-0.0048034698371121,1,-0.0027619267178841,-0.0011120007561399,0001163165-24-000010_acceptance,acceptance
-0.0093154120902855,-0.0060053220011653,2,-0.0032341762439051,-0.0060812358463803,0001163165-24-000010_acceptance,acceptance
0.0304000223716405,0.0012641999229821,3,-0.0003777281833545,0.0307777505549951,0001163165-24-000010_acceptance,acceptance
-0.0057589016494838,0.021122884217414,4,0.0074254397319233,-0.0131843413814072,0001163165-24-000010_acceptance,acceptance
-0.006326892606606,0.0003479475462115,5,-0.000737755617333,-0.0055891369892729,0001163165-24-000010_acceptance,acceptance
0.0113867580546842,0.0067125410858628,-5,0.0005845584073362,0.0108021996473479,0001163165-25-000012_acceptance,acceptance
0.0224163993239934,0.0003395827888592,-4,-0.000230411243135,0.0226468105671285,0001163165-25-000012_acceptance,acceptance
-0.0325433851256483,-0.0027238667143857,-3,-0.0006221631195078,-0.0319212220061405,0001163165-25-000012_acceptance,acceptance
-0.015243946930837,0.0104262921222306,-2,0.0010594704094231,-0.0163034173402602,0001163165-25-000012_acceptance,acceptance
0.0014566125765207,-7.194380749464546e-05,-1,-0.0002830369894149,0.0017396495659356,0001163165-25-000012_acceptance,acceptance
0.0123622840476367,0.0024449877750611,0,3.882654028370536e-05,0.012323457507353,0001163165-25-000012_acceptance,acceptance
0.0217548060045502,0.0023769693899173,1,3.0128394621534648e-05,0.0217246776099287,0001163165-25-000012_acceptance,acceptance
0.0244049593359176,-0.0043341850761716,2,-0.0008280895560685,0.0252330488919862,0001163165-25-000012_acceptance,acceptance
-0.0398039794251047,-0.0170641267025635,3,-0.0024559859888224,-0.0373479934362822,0001163165-25-000012_acceptance,acceptance
0.0089850666683664,-0.0049691065044024,4,-0.0009092828842416,0.009894349552608,0001163165-25-000012_acceptance,acceptance
-0.0176077409762706,-0.0046797309154723,5,-0.0008722777272055,-0.016735463249065,0001163165-25-000012_acceptance,acceptance
0.0100352615138983,0.0046910867168872,-5,0.0015779389959292,0.008457322517969,0001163165-26-000009_acceptance,acceptance
-0.0110395540621009,-0.0033037129754581,-4,-0.0007797306573591,-0.0102598234047418,0001163165-26-000009_acceptance,acceptance
0.0345116903010465,-4.895607156218951e-05,-3,0.0001800984661264,0.0343315918349201,0001163165-26-000009_acceptance,acceptance
-0.003416950325733,-0.0156610121277019,-2,-0.0044239031606111,0.0010069528348781,0001163165-26-000009_acceptance,acceptance
0.0054136237634907,0.0004990891480125,-1,0.0003417172223859,0.0050719065411047,0001163165-26-000009_acceptance,acceptance
-0.0237817894682187,0.0010313220779065,0,0.0004986729280421,-0.0242804623962608,0001163165-26-000009_acceptance,acceptance
0.0239021608980785,0.0055660701474107,1,0.00183597196244,0.0220661889356384,0001163165-26-000009_acceptance,acceptance
0.009681570417916,-0.0028221256867719,2,-0.0006377103717187,0.0103192807896348,0001163165-26-000009_acceptance,acceptance
-0.0094990138143645,0.0069397247635067,3,0.0022410632626724,-0.011740077077037,0001163165-26-000009_acceptance,acceptance
-0.0058808264784125,-0.0103856522472848,4,-0.0028681974045128,-0.0030126290738997,0001163165-26-000009_acceptance,acceptance
0.0064616243046025,0.0076516140863223,5,0.0024509997110501,0.0040106245935523,0001163165-26-000009_acceptance,acceptance
-0.0033215843928743,0.0042966906501935,-5,0.0019967265844928,-0.0053183109773671,0000909832-16-000032_acceptance,acceptance
-0.0034005789510956,0.0004815597652971,-4,0.0002043148481005,-0.0036048937991961,0000909832-16-000032_acceptance,acceptance
0.0034785867310143,-0.0032534833570118,-3,-0.0015504703297453,0.0050290570607596,0000909832-16-000032_acceptance,acceptance
0.0019336833440282,0.0046059050395961,-2,0.0021420006307439,-0.0002083172867157,0000909832-16-000032_acceptance,acceptance
0.0048578717637,-0.0124464715965323,-1,-0.0058694886046534,0.0107273603683534,0000909832-16-000032_acceptance,acceptance
-0.0036423864625683,0.0011465890375803,0,0.0005167566249747,-0.004159143087543,0000909832-16-000032_acceptance,acceptance
-0.0015954041986759,-0.0030992637479612,1,-0.0014780154007838,-0.0001173887978921,0000909832-16-000032_acceptance,acceptance
-0.0004656364227844,0.000201604478573,2,7.27872133407372e-05,-0.0005384236361251,0000909832-16-000032_acceptance,acceptance
-0.0096570886337559,-0.0030379940403031,3,-0.001449229876406,-0.0082078587573498,0000909832-16-000032_acceptance,acceptance
0.0027575105295516,0.0061604033182458,4,0.0028723296922931,-0.0001148191627414,0000909832-16-000032_acceptance,acceptance
0.0022798560385475,0.002191971018971,5,0.0010078944100179,0.0012719616285296,0000909832-16-000032_acceptance,acceptance
0.0063742591180133,0.0018035072962026,-5,0.0003519576229099,0.0060223014951033,0000909832-17-000014_acceptance,acceptance
-0.0041169221988318,-0.001686752950886,-4,-0.0014202236145585,-0.0026966985842732,0000909832-17-000014_acceptance,acceptance
0.0167280415945447,0.0008781073155288,-3,-0.0001179146407046,0.0168459562352494,0000909832-17-000014_acceptance,acceptance
-0.0065063622200174,0.0017507533144689,-2,0.0003251717645465,-0.0068315339845639,0000909832-17-000014_acceptance,acceptance
-0.0027073752072447,0.0006725789853143,-1,-0.0002222717444129,-0.0024851034628317,0000909832-17-000014_acceptance,acceptance
-0.0052407483676011,0.0007423349056041,0,-0.0001868531439681,-0.0050538952236329,0000909832-17-000014_acceptance,acceptance
0.005776028772773,0.0003279978945605,1,-0.0003972329509103,0.0061732617236833,0000909832-17-000014_acceptance,acceptance
0.0145779072013414,0.0051168427389869,2,0.002034305210039,0.0125436019913023,0000909832-17-000014_acceptance,acceptance
0.0078997423062163,-0.0039724840397191,3,-0.0025808046207765,0.0104805469269929,0000909832-17-000014_acceptance,acceptance
0.0015429590700275,0.0016179082781735,4,0.0002577196365827,0.0012852394334448,0000909832-17-000014_acceptance,acceptance
-0.0006782662601015,-0.0046630497542752,5,-0.0029314396783188,0.0022531734182172,0000909832-17-000014_acceptance,acceptance
0.0047684730263481,-0.0003611698977235,-5,0.0015652328045435,0.0032032402218046,0000909832-18-000013_acceptance,acceptance
-0.0026560346473997,-0.0042995275485813,-4,8.540976047947827e-05,-0.0027414444078791,0000909832-18-000013_acceptance,acceptance
-0.001353258862612,-0.0055118299970128,-3,-0.0003701083154813,-0.0009831505471307,0000909832-18-000013_acceptance,acceptance
-0.0218141136000548,-0.0308644339777438,-2,-0.0098962537100074,-0.0119178598900473,0000909832-18-000013_acceptance,acceptance
0.0117984327046472,0.0186250400528118,-1,0.008699229636477,0.0030992030681701,0000909832-18-000013_acceptance,acceptance
-0.0362636524203178,-0.0173272640399783,0,-0.0048097131260273,-0.0314539392942904,0000909832-18-000013_acceptance,acceptance
0.0193871708851736,-0.0065595995737004,1,-0.000763803784991,0.0201509746701646,0000909832-18-000013_acceptance,acceptance
0.0247276633853756,0.0156667800520586,2,0.0075876745905572,0.0171399887948183,0000909832-18-000013_acceptance,acceptance
0.0031154519627638,0.0108513319740386,3,0.0057782881241463,-0.0026628361613825,0000909832-18-000013_acceptance,acceptance
0.0042425641759822,0.0105578436930637,4,0.0056680110086957,-0.0014254468327135,0000909832-18-000013_acceptance,acceptance
0.0024391233493292,-0.0063166863793988,5,-0.0006725300677458,0.0031116534170751,0000909832-18-000013_acceptance,acceptance
0.0092386399862531,0.0142168975854601,-5,0.012870429814663,-0.0036317898284098,0000909832-19-000019_acceptance,acceptance
0.0059655121170685,-0.0044782946735923,-4,-0.0019261941723826,0.0078917062894511,0000909832-19-000019_acceptance,acceptance
-0.0051805235948635,-0.0155608192014078,-3,-0.0106976443930077,0.0055171207981442,0000909832-19-000019_acceptance,acceptance
0.0171638382388219,0.0091044925499415,-2,0.0088241309624316,0.0083397072763902,0000909832-19-000019_acceptance,acceptance
0.0008084755945956,0.006415695380997,-1,0.0066960372720852,-0.0058875616774895,0000909832-19-000019_acceptance,acceptance
0.001548477208245,0.0109389775131329,0,0.0102760649053463,-0.0087275876971012,0000909832-19-000019_acceptance,acceptance
-0.0002697234267948,-0.001387118733451,1,0.0005203689562701,-0.000790092383065,0000909832-19-000019_acceptance,acceptance
0.0029246178809489,0.0099556766411372,2,0.0094978149110458,-0.0065731970300968,0000909832-19-000019_acceptance,acceptance
0.0013068746946336,-0.0019995427986508,3,3.565564132730842e-05,0.0012712190533063,0000909832-19-000019_acceptance,acceptance
0.0121162776706005,0.002762831573678,4,0.003804916844767,0.0083113608258334,0000909832-19-000019_acceptance,acceptance
0.0015209869871113,-0.0039193449495069,5,-0.0014838040230676,0.0030047910101789,0000909832-19-000019_acceptance,acceptance
0.0081218505541662,0.0082537182282207,-5,0.0037238148563967,0.0043980356977695,0000909832-20-000017_acceptance,acceptance
0.009746421525389,0.0052929077692909,-4,0.0023576719827674,0.0073887495426216,0000909832-20-000017_acceptance,acceptance
-0.009624562342499,-0.0095776521786163,-3,-0.0045037295765386,-0.0051208327659604,0000909832-20-000017_acceptance,acceptance
0.0100559547138172,0.017972708676142,-2,0.0082082388759262,0.001847715837891,0000909832-20-000017_acceptance,acceptance
-0.0006413113963469,-0.0139735156922267,-1,-0.0065320180117046,0.0058907066153577,0000909832-20-000017_acceptance,acceptance
0.0130318834242983,0.0173967548692179,0,0.0079424889402976,0.0050893944840007,0000909832-20-000017_acceptance,acceptance
0.0057023100191113,0.0080101236424949,1,0.0036114182636529,0.0020908917554584,0000909832-20-000017_acceptance,acceptance
0.0119692846082102,0.0087935331206152,2,0.0039728899925979,0.0079963946156123,0000909832-20-000017_acceptance,acceptance
0.0190010298336209,0.0164158129636475,3,0.0074898740862472,0.0115111557473736,0000909832-20-000017_acceptance,acceptance
0.0111558648425122,-0.0063069189940844,4,-0.0029945857479917,0.014150450590504,0000909832-20-000017_acceptance,acceptance
-0.006146590885924,-0.0066231417535027,5,-0.0031404935915538,-0.0030060972943701,0000909832-20-000017_acceptance,acceptance
0.0099249833227887,0.0015691842194003,-5,0.0029340765843902,0.0069909067383985,0000909832-21-000014_acceptance,acceptance
-0.0054006582945499,-0.0119097141251951,-4,-0.0066148076969083,0.0012141494023583,0000909832-21-000014_acceptance,acceptance
-0.00227005986964,0.0114914776301819,-3,0.0099633477579231,-0.0122334076275631,0000909832-21-000014_acceptance,acceptance
-0.0182677362626911,-0.0129858981367484,-2,-0.007377210997904,-0.0108905252647871,0000909832-21-000014_acceptance,acceptance
0.0138592013427163,0.0105245146606092,-1,0.0092783201492348,0.0045808811934814,0000909832-21-000014_acceptance,acceptance
0.006946837898456,0.0041027928541854,0,0.0047289662741224,0.0022178716243336,0000909832-21-000014_acceptance,acceptance
0.0078560912011778,0.0082982806564053,1,0.007701184515019,0.0001549066861588,0000909832-21-000014_acceptance,acceptance
-0.0022520600685879,-0.0019137230947889,2,0.0004666732361769,-0.0027187333047648,0000909832-21-000014_acceptance,acceptance
-0.00475823850887,-0.0068657638480568,3,-0.0030415114017901,-0.0017167271070799,0000909832-21-000014_acceptance,acceptance
-0.0062932304681636,-0.0024167805585421,4,0.0001102911799127,-0.0064035216480764,0000909832-21-000014_acceptance,acceptance
-0.0035134168131639,0.0030225144837938,5,0.0039636623978901,-0.0074770792110541,0000909832-21-000014_acceptance,acceptance
0.0208864068549161,0.0196721399262347,-5,0.0208998327983097,-1.3425943393558654e-05,0000909832-22-000021_acceptance,acceptance
-0.0190665123711908,-0.0211264378802388,-4,-0.0218607473615589,0.002794234990368,0000909832-22-000021_acceptance,acceptance
-0.0140088857918642,-0.0150666957719832,-3,-0.0155095924414705,0.0015007066496063,0000909832-22-000021_acceptance,acceptance
0.0115612042854513,0.0258838949525761,-2,0.0274103109330449,-0.0158491066475935,0000909832-22-000021_acceptance,acceptance
0.0175830771480003,0.0305837006795515,-1,0.0323361301730541,-0.0147530530250537,0000909832-22-000021_acceptance,acceptance
-0.0119514685816536,-0.0020179487570848,0,-0.0018333315834786,-0.0101181369981749,0000909832-22-000021_acceptance,acceptance
0.0045178279148796,-0.0102450808466399,1,-0.0104561062024858,0.0149739341173654,0000909832-22-000021_acceptance,acceptance
-0.0297208658580027,-0.0280036177867735,2,-0.0290686506385342,-0.0006522152194684,0000909832-22-000021_acceptance,acceptance
-0.0039304553186897,-0.0074924636339018,3,-0.0075711157125466,0.0036406603938568,0000909832-22-000021_acceptance,acceptance
0.0122451771694331,-0.0065191757777544,4,-0.006551022473296,0.0187961996427292,0000909832-22-000021_acceptance,acceptance
-0.0119487389264836,-0.0032907731480149,5,-0.0031673660602678,-0.0087813728662157,0000909832-22-000021_acceptance,acceptance
0.0119640325945198,0.0081097549571607,-5,0.0063691706035265,0.0055948619909932,0000909832-23-000042_acceptance,acceptance
-0.0039874379045402,-0.0013040301597772,-4,-0.0001330095968781,-0.003854428307662,0000909832-23-000042_acceptance,acceptance
-0.0210526491866348,0.0118148930146444,-3,0.0089283404823662,-0.029980989669001,0000909832-23-000042_acceptance,acceptance
0.0025826476877601,0.0063038542996403,-2,0.0051218198988562,-0.0025391722110961,0000909832-23-000042_acceptance,acceptance
0.0055814735617401,0.0052079907813922,-1,0.0043648977913102,0.0012165757704299,0000909832-23-000042_acceptance,acceptance
0.0061023340908146,0.0042930081710337,0,0.0037329116413307,0.0023694224494838,0000909832-23-000042_acceptance,acceptance
-0.0030766839555131,-0.0062464343461184,1,-0.0035467695503536,0.0004700855948404,0000909832-23-000042_acceptance,acceptance
0.0054276243900526,-0.0050188588887675,2,-0.0026988729036659,0.0081264972937185,0000909832-23-000042_acceptance,acceptance
0.0095266458020943,0.0105943693839298,3,0.0080853145913801,0.0014413312107142,0000909832-23-000042_acceptance,acceptance
0.0036697282325683,-9.824505308242416e-05,4,0.0006998362721641,0.0029698919604042,0000909832-23-000042_acceptance,acceptance
0.0005223774721287,-0.0133998205065164,5,-0.0084876732655128,0.0090100507376416,0000909832-23-000042_acceptance,acceptance
0.0013106737838024,0.0001383909021239,-5,0.0016281181477029,-0.0003174443639005,0000909832-24-000049_acceptance,acceptance
-0.0032553275461312,-0.001681413492255,-4,9.90218325929294e-05,-0.0033543493787241,0000909832-24-000049_acceptance,acceptance
0.0084962719145256,0.0089702493952743,-3,0.0090491147774302,-0.0005528428629046,0000909832-24-000049_acceptance,acceptance
-0.0107800020962163,-0.0095860221658826,-2,-0.0065428502458374,-0.0042371518503788,0000909832-24-000049_acceptance,acceptance
0.0192652908882831,0.0096893474955819,-1,0.0096533391978016,0.0096119516904814,0000909832-24-000049_acceptance,acceptance
0.0209789143632712,0.0071134119874882,0,0.0074889013573648,0.0134900130059064,0000909832-24-000049_acceptance,acceptance
-0.0170168516408069,-0.0020701228399899,1,-0.0002275924085344,-0.0167892592322724,0000909832-24-000049_acceptance,acceptance
-0.0051475674676111,0.0060518475879536,2,0.0065969185615246,-0.0117444860291358,0000909832-24-000049_acceptance,acceptance
0.0008211035979399,0.0077076668832223,3,0.0079882258859294,-0.0071671222879894,0000909832-24-000049_acceptance,acceptance
0.0054509004582687,-0.0076094663324381,4,-0.0048820430454237,0.0103329435036925,0000909832-24-000049_acceptance,acceptance
-0.0080817405760447,0.0046791459565738,5,0.0054435017367429,-0.0135252423127876,0000909832-24-000049_acceptance,acceptance
-0.0089559637370817,0.0033999208349619,-5,0.0005929363699812,-0.009548900107063,0000909832-25-000101_acceptance,acceptance
-0.0006215151035129,0.0006183547238911,-4,-0.0007464122523371,0.0001248971488242,0000909832-25-000101_acceptance,acceptance
-0.0015162158488151,6.551280273581206e-05,-3,-0.0010126105147161,-0.0005036053340989,0000909832-25-000101_acceptance,acceptance
-0.0048503788046455,0.0036465919796933,-2,0.0007117107023786,-0.0055620895070242,0000909832-25-000101_acceptance,acceptance
0.0042373549577829,-0.0038114057910215,-1,-0.002879381020987,0.00711673597877,0000909832-25-000101_acceptance,acceptance
0.0,0.005827663640568,0,0.0017619159491796,-0.0017619159491796,0000909832-25-000101_acceptance,acceptance
0.0307061720978278,-0.0027555704071953,1,-0.0023709869687679,0.0330771590665958,0000909832-25-000101_acceptance,acceptance
-0.0136600771758125,-0.0271116732114136,2,-0.0140986653460826,0.00043858817027,0000909832-25-000101_acceptance,acceptance
0.005967695205796,0.0155986717875575,3,0.0064667425748157,-0.0004990473690196,0000909832-25-000101_acceptance,acceptance
0.0117042113676999,-0.0015643266604626,4,-0.0017973925951948,0.0135016039628947,0000909832-25-000101_acceptance,acceptance
0.0089592036148145,0.0040260011595036,5,0.0008943995697226,0.0080648040450918,0000909832-25-000101_acceptance,acceptance
-0.028256115985938,-0.0081209763419023,-5,-0.0119459573077609,-0.0163101586781771,0001108524-16-000053_acceptance,acceptance
0.0335055548229992,0.0238687918018944,-4,0.0309233190687498,0.0025822357542494,0001108524-16-000053_acceptance,acceptance
0.0058557104530787,0.0040943087350047,-3,0.0044236653048787,0.0014320451482,0001108524-16-000053_acceptance,acceptance
0.0052534234794956,0.0034987406745825,-2,0.0036255484923875,0.0016278749871081,0001108524-16-000053_acceptance,acceptance
0.003672169155009,0.0033058923144386,-1,0.0033671136824631,0.0003050554725458,0001108524-16-000053_acceptance,acceptance
-0.0080215539119695,0.0008850141950174,0,0.0001229109514895,-0.0081444648634591,0001108524-16-000053_acceptance,acceptance
-0.0095046562017023,-0.011240108649505,1,-0.0161258858508021,0.0066212296490997,0001108524-16-000053_acceptance,acceptance
0.0174734635803028,0.0050523932937867,2,0.0057075880753679,0.0117658755049349,0001108524-16-000053_acceptance,acceptance
-0.0047860719942116,0.0001558049334506,3,-0.0008542975493627,-0.0039317744448488,0001108524-16-000053_acceptance,acceptance
0.0131542265818662,0.0163955005341884,4,0.0209084109469609,-0.0077541843650946,0001108524-16-000053_acceptance,acceptance
0.0082367893497892,-0.0012609729212872,5,-0.0027529121671951,0.0109897015169843,0001108524-16-000053_acceptance,acceptance
-0.0023301283778017,-0.0025783763780462,-5,-0.0031338872048813,0.0008037588270796,0001108524-17-000006_acceptance,acceptance
0.0302395075661132,0.0136738546598662,-4,0.0172560185796124,0.0129834889865007,0001108524-17-000006_acceptance,acceptance
-0.0136022880016194,-0.0058598805035984,-3,-0.0072508333518659,-0.0063514546497535,0001108524-17-000006_acceptance,acceptance
-0.0054432823000734,0.00050387727206,-2,0.0007330810521519,-0.0061763633522253,0001108524-17-000006_acceptance,acceptance
0.0034057182022801,-0.0032772408480052,-1,-0.0040106764078747,0.0074163946101549,0001108524-17-000006_acceptance,acceptance
0.0056967958444904,-0.0029133737680216,0,-0.0035541719770899,0.0092509678215804,0001108524-17-000006_acceptance,acceptance
0.006146846806746,-0.0022842151650487,1,-0.0027648351403075,0.0089116819470536,0001108524-17-000006_acceptance,acceptance
-0.0023957522268955,0.0007998953585612,2,0.0011044627338537,-0.0035002149607493,0001108524-17-000006_acceptance,acceptance
0.0027615961129274,0.0032686701956989,3,0.004201765880415,-0.0014401697674875,0001108524-17-000006_acceptance,acceptance
0.0011977718185565,0.0003666328125562,4,0.0005608953631718,0.0006368764553846,0001108524-17-000006_acceptance,acceptance
-0.0011963388775635,-0.0033790271755046,5,-0.0041383766370321,0.0029420377594686,0001108524-17-000006_acceptance,acceptance
0.0047571747265757,0.011032026532745,-5,0.012610541491526,-0.0078533667649503,0001108524-18-000011_acceptance,acceptance
0.0161632639382851,0.0026388586061694,-4,0.0035991645265343,0.0125640994117508,0001108524-18-000011_acceptance,acceptance
0.0068283951909668,-0.0004838747205661,-3,0.0002464224612581,0.0065819727297087,0001108524-18-000011_acceptance,acceptance
0.0082182927440557,0.0044630782078172,-2,0.0055577492517755,0.0026605434922801,0001108524-18-000011_acceptance,acceptance
0.0083096834279441,0.0173788315189269,-1,0.0194248281535003,-0.0111151447255562,0001108524-18-000011_acceptance,acceptance
-0.0049446965811787,-0.0012739851290425,0,-0.0006018844947125,-0.0043428120864662,0001108524-18-000011_acceptance,acceptance
-0.0003943941450347,-0.0063635765510888,1,-0.0060663559914195,0.0056719618463848,0001108524-18-000011_acceptance,acceptance
0.009942396104148,-0.0057245219485623,2,-0.0053802310413461,0.0153226271454941,0001108524-18-000011_acceptance,acceptance
-0.0060160437146972,-0.0007819305319631,3,-7.35870150923453e-05,-0.0059424566996048,0001108524-18-000011_acceptance,acceptance
-0.0098255688348103,0.0017034471678114,4,0.0025948542157971,-0.0124204230506074,0001108524-18-000011_acceptance,acceptance
-0.0078589207413009,-0.014204195388793,5,-0.0144844851892938,0.0066255644479929,0001108524-18-000011_acceptance,acceptance
0.0053772983767288,0.0068953205934343,-5,0.0141292512481943,-0.0087519528714655,0001108524-19-000009_acceptance,acceptance
-0.0366497367032967,-0.003880558492514,-4,-0.0057193521138885,-0.0309303845894081,0001108524-19-000009_acceptance,acceptance
-0.0096529231067478,-0.0011315328231061,-3,-0.0006557912007551,-0.0089971319059926,0001108524-19-000009_acceptance,acceptance
-0.0011466662968275,-0.0065240986535923,-2,-0.0105886142604361,0.0094419479636085,0001108524-19-000009_acceptance,acceptance
-0.007589578598628,-0.0081257175586835,-1,-0.0135387121717816,0.0059491335731535,0001108524-19-000009_acceptance,acceptance
-0.0034704858300403,-0.0021316888487414,0,-0.0024980260750234,-0.0009724597550169,0001108524-19-000009_acceptance,acceptance
0.0167031484148114,0.0146660418677571,1,0.0284425117424085,-0.011739363327597,0001108524-19-000009_acceptance,acceptance
0.0039960699180554,0.0029533182046204,2,0.0068682898691845,-0.002872219951129,0001108524-19-000009_acceptance,acceptance
0.0096665358054703,0.0069495838138418,3,0.0142292012504565,-0.0045626654449861,0001108524-19-000009_acceptance,acceptance
0.0053813730056786,-0.0008680223820187,4,-0.0001704188069861,0.0055517918126648,0001108524-19-000009_acceptance,acceptance
0.005227815898344,0.0049849029002739,5,0.0106103621863366,-0.0053825462879925,0001108524-19-000009_acceptance,acceptance
-0.0101657702900119,-0.0082383404443618,-5,-0.0078630577734228,-0.0023027125165891,0001108524-20-000014_acceptance,acceptance
0.0373242208371329,0.04603922900611,-4,0.0493520251991222,-0.0120278043619893,0001108524-20-000014_acceptance,acceptance
-0.0418082186526552,-0.0281078961210758,-3,-0.0288079579998074,-0.0130002606528478,0001108524-20-000014_acceptance,acceptance
0.0373149669070684,0.0422025907744911,-2,0.0453077472961108,-0.0079927803890424,0001108524-20-000014_acceptance,acceptance
-0.0346634291391987,-0.0339220770468885,-1,-0.034936803625279,0.0002733744860803,0001108524-20-000014_acceptance,acceptance
-0.0325472565245474,-0.0170538520003701,0,-0.0171556666766767,-0.0153915898478707,0001108524-20-000014_acceptance,acceptance
-0.0784374137580706,-0.0759696974774509,1,-0.079260050153994,0.0008226363959233,0001108524-20-000014_acceptance,acceptance
0.0669930871488595,0.0493963062815614,2,0.0528907882057353,0.0141022989431242,0001108524-20-000014_acceptance,acceptance
-0.0419610297635547,-0.0488684451312739,3,-0.0506920723070619,0.0087310425435071,0001108524-20-000014_acceptance,acceptance
-0.0904445922849584,-0.0951126809783365,4,-0.0994390559649424,0.0089944636799839,0001108524-20-000014_acceptance,acceptance
0.051141624329493,0.0928712497297183,5,0.0987186047752073,-0.0475769804457142,0001108524-20-000014_acceptance,acceptance
-0.0553036294471025,-0.021173138152195,-5,-0.0354730394390458,-0.0198305900080566,0001108524-22-000008_acceptance,acceptance
-0.0159476389069092,-0.0071661613961429,-4,-0.0127925343730475,-0.0031551045338616,0001108524-22-000008_acceptance,acceptance
-0.008687238480089,-0.0101429452648328,-3,-0.0176126295863156,0.0089253911062266,0001108524-22-000008_acceptance,acceptance
-0.0235228377351659,-0.0184121228454876,-2,-0.0310023229709816,0.0074794852358156,0001108524-22-000008_acceptance,acceptance
0.0721632766982962,0.0149568560673292,-1,0.0230297003885435,0.0491335763097527,0001108524-22-000008_acceptance,acceptance
0.0186011104506629,0.0223726776556034,0,0.0350376148750668,-0.0164365044244039,0001108524-22-000008_acceptance,acceptance
0.011725669900034,-0.0024426034406476,1,-0.0051440116400561,0.0168696815400902,0001108524-22-000008_acceptance,acceptance
-0.0077898141006825,-0.0154735036804118,2,-0.0262440251583046,0.018454211057622,0001108524-22-000008_acceptance,acceptance
0.0071807749790837,0.018642691757321,3,0.028997912979685,-0.0218171380006012,0001108524-22-000008_acceptance,acceptance
-0.026807282367385,-0.0052546664300883,4,-0.0096973860040393,-0.0171098963633457,0001108524-22-000008_acceptance,acceptance
-0.0084983572353984,-0.0079340425503344,5,-0.0140359099216077,0.0055375526862092,0001108524-22-000008_acceptance,acceptance
-0.0084983572353984,-0.0079340425503344,-5,-0.0150481159196708,0.0065497586842723,0001108524-22-000013_acceptance,acceptance
-0.0333971034146148,-0.0295181583134491,-4,-0.0510243954285139,0.017627292013899,0001108524-22-000013_acceptance,acceptance
-0.021148680501587,-0.0072337535181997,-3,-0.0138808782049756,-0.0072678022966114,0001108524-22-000013_acceptance,acceptance
0.0576841793709324,0.0256982478914358,-2,0.0410099915671061,0.0166741878038262,0001108524-22-000013_acceptance,acceptance
-0.0148158245899197,-0.0042918136516678,-1,-0.0089772698247133,-0.0058385547652063,0001108524-22-000013_acceptance,acceptance
-0.011241664119012,-0.0129615451234751,0,-0.0234279281754885,0.0121862640564764,0001108524-22-000013_acceptance,acceptance
-0.0241535458747097,-0.0074210024659636,1,-0.0141929836697731,-0.0099605622049366,0001108524-22-000013_acceptance,acceptance
0.0156380103206099,0.0214085741708709,2,0.0338599881819078,-0.0182219778612979,0001108524-22-000013_acceptance,acceptance
0.0480778477622161,0.0223837613571822,3,0.0354854245524879,0.0125924232097281,0001108524-22-000013_acceptance,acceptance
0.0235442628541016,0.0123478175714519,4,0.0187575714065425,0.004786691447559,0001108524-22-000013_acceptance,acceptance
0.0398745321709559,0.0116622948279487,5,0.0176149460564651,0.0222595861144908,0001108524-22-000013_acceptance,acceptance
0.1149685825154633,0.0075821940867943,-5,0.0107651818653498,0.1042034006501135,0001108524-23-000011_acceptance,acceptance
-0.0008573838475316,0.0161477371607488,-4,0.0226847824114736,-0.0235421662590052,0001108524-23-000011_acceptance,acceptance
-0.0141072591094925,0.0006871667698291,-3,0.0011702302477759,-0.0152774893572684,0001108524-23-000011_acceptance,acceptance
-0.0026115339817947,-0.0153269191153376,-2,-0.0211145805592502,0.0185030465774555,0001108524-23-000011_acceptance,acceptance
-0.0020182364839101,0.0014147940136839,-1,0.0021827785495408,-0.0042010150334509,0001108524-23-000011_acceptance,acceptance
-0.0231211303289732,-0.0184593578738486,0,-0.0254736058322864,0.0023524755033131,0001108524-23-000011_acceptance,acceptance
-0.0309981904932026,-0.0144781384570513,1,-0.0199334381248829,-0.0110647523683196,0001108524-23-000011_acceptance,acceptance
0.0134539902822314,-0.0015097610031894,2,-0.0018869607857608,0.0153409510679923,0001108524-23-000011_acceptance,acceptance
0.0420491097751303,0.0164766554806239,3,0.0231424971122653,0.0189066126628649,0001108524-23-000011_acceptance,acceptance
0.0001093411616843,-0.0069808835654376,4,-0.0095004413225854,0.0096097824842698,0001108524-23-000011_acceptance,acceptance
0.0240009065992758,0.0175620062171666,5,0.0246528446898016,-0.0006519380905257,0001108524-23-000011_acceptance,acceptance
0.030189892886655,0.0052290946971491,-5,0.0084468276551802,0.0217430652314747,0001108524-24-000005_acceptance,acceptance
0.0260993845728401,0.0080078289488876,-4,0.0122193387967643,0.0138800457760757,0001108524-24-000005_acceptance,acceptance
-0.0070689862630476,-0.0011932620709189,-3,-0.0002723985348041,-0.0067965877282434,0001108524-24-000005_acceptance,acceptance
-0.0505021850376812,-0.0101931008834446,-2,-0.012490908516992,-0.0380112765206892,0001108524-24-000005_acceptance,acceptance
0.0168033547163675,0.0051411032032746,-1,0.0083273671883153,0.0084759875280521,0001108524-24-000005_acceptance,acceptance
-0.0044442410482467,0.0103041279259514,0,0.0153368781836135,-0.0197811192318602,0001108524-24-000005_acceptance,acceptance
0.0094570551424852,-0.0065285190034379,1,-0.0075157382707106,0.0169727934131959,0001108524-24-000005_acceptance,acceptance
0.0023586943145208,-0.0011222380873464,2,-0.0001759737798354,0.0025346680943563,0001108524-24-000005_acceptance,acceptance
0.0020258808231623,0.0112017879813663,3,0.0165555742709738,-0.0145296934478114,0001108524-24-000005_acceptance,acceptance
-0.0050288514886231,-0.0019245297153407,4,-0.0012651942058314,-0.0037636572827917,0001108524-24-000005_acceptance,acceptance
-0.0044637204840598,-0.0028710915621273,5,-0.0025502811517914,-0.0019134393322684,0001108524-24-000005_acceptance,acceptance
-0.040445053786121,-0.0158645536555098,-5,-0.0175518950837001,-0.0228931587024209,0001108524-25-000006_acceptance,acceptance
0.0100032217373302,0.0158541446349889,-4,0.0223402535714726,-0.0123370318341423,0001108524-25-000006_acceptance,acceptance
-0.0160819495253208,-0.0175967394669998,-3,-0.0197304401569396,0.0036484906316188,0001108524-25-000006_acceptance,acceptance
-0.0195180699496355,-0.0122348266022004,-2,-0.0129868398010974,-0.0065312301485381,0001108524-25-000006_acceptance,acceptance
0.0161132795682259,0.0111592778931879,-1,0.0164355874888719,-0.000322307920646,0001108524-25-000006_acceptance,acceptance
-0.0202760683265453,-0.0178190070857499,0,-0.0200099829303285,-0.0002660853962168,0001108524-25-000006_acceptance,acceptance
-0.0110468368019152,0.005520617802748,1,0.0093439261450268,-0.020390762946942,0001108524-25-000006_acceptance,acceptance
-0.0353141501492308,-0.0269730913054258,2,-0.0315229424203044,-0.0037912077289264,0001108524-25-000006_acceptance,acceptance
0.0152069071616414,-0.0075678653236531,3,-0.0071172700165293,0.0223241771781707,0001108524-25-000006_acceptance,acceptance
0.0271791833708805,0.0048868699294464,4,0.008546870599427,0.0186323127714534,0001108524-25-000006_acceptance,acceptance
-0.0451190680866315,-0.0138909842068353,5,-0.0150697652968224,-0.0300493027898091,0001108524-25-000006_acceptance,acceptance
0.0044528205768756,-4.1384533048027805e-05,-5,0.0002511424062128,0.0042016781706628,0000858877-16-000117_acceptance,acceptance
0.0079166047946976,0.0042010413364248,-4,0.0054711457340258,0.0024454590606718,0000858877-16-000117_acceptance,acceptance
0.0012565885624393,0.0029816787577114,-3,0.00397080679717,-0.0027142182347307,0000858877-16-000117_acceptance,acceptance
-0.0025103452074997,-0.0001463852229309,-2,0.0001219465245462,-0.002632291732046,0000858877-16-000117_acceptance,acceptance
-0.0100659249414374,-0.0022230136296667,-1,-0.0024331970483308,-0.0076327278931065,0000858877-16-000117_acceptance,acceptance
-0.0197013598973897,-0.024522068966675,0,-0.0298705988197688,0.010169238922379,0000858877-16-000117_acceptance,acceptance
0.0191248619711221,0.0146770527484909,1,0.018361132764014,0.0007637292071081,0000858877-16-000117_acceptance,acceptance
-0.0120866121483311,-0.0148306742588959,2,-0.0179460268455644,0.0058594146972332,0000858877-16-000117_acceptance,acceptance
-0.0019315695179916,-0.0005876766502063,3,-0.0004210311938124,-0.0015105383241792,0000858877-16-000117_acceptance,acceptance
0.0099996969613169,0.0101092733630299,4,0.0127408050726347,-0.0027411081113178,0000858877-16-000117_acceptance,acceptance
-0.015011019032845,-0.0037722947474507,5,-0.0043394772850095,-0.0106715417478354,0000858877-16-000117_acceptance,acceptance
0.0068774896589285,0.0057209762207304,-5,0.004707323989417,0.0021701656695114,0000858877-17-000016_acceptance,acceptance
0.0027940698267319,0.0019825406825328,-4,0.0009734099170626,0.0018206599096692,0000858877-17-000016_acceptance,acceptance
-0.0210527479170212,-0.0075508068899006,-3,-0.0085484075099452,-0.012504340407076,0000858877-17-000016_acceptance,acceptance
0.0079063868741042,0.0031287267736885,-2,0.0021182097488571,0.005788177125247,0000858877-17-000016_acceptance,acceptance
-0.0034512255747889,-0.0001784361232346,-1,-0.0011849532866471,-0.0022662722881417,0000858877-17-000016_acceptance,acceptance
-0.0088162415294867,-0.0014888507039184,0,-0.002493782981165,-0.0063224585483217,0000858877-17-000016_acceptance,acceptance
0.0225539313710767,0.0108392993187771,1,0.0098194567110816,0.0127344746599951,0000858877-17-000016_acceptance,acceptance
0.0068346804719301,0.0033639480109453,2,0.0023531464968458,0.0044815339750842,0000858877-17-000016_acceptance,acceptance
-0.0070968465879169,0.0007571207193879,3,-0.000250527956997,-0.0068463186309199,0000858877-17-000016_acceptance,acceptance
0.0003107673411104,-0.0011007176162897,4,-0.0021061193226545,0.0024168866637649,0000858877-17-000016_acceptance,acceptance
0.0077663848039009,0.0018471814878802,5,0.0008382144331304,0.0069281703707704,0000858877-17-000016_acceptance,acceptance
-0.0069503276493438,-0.0044303290541448,-5,-0.0063218033251374,-0.0006285243242064,0000858877-18-000011_acceptance,acceptance
0.013149418580725,0.0001344775085945,-4,-0.0003517699862166,0.0135011885669417,0000858877-18-000011_acceptance,acceptance
-0.0008372125757835,-0.0016543221469484,-3,-0.0026912324439277,0.0018540198681442,0000858877-18-000011_acceptance,acceptance
-0.0096377729698595,-0.002803126684318,-2,-0.0041936841456015,-0.005444088824258,0000858877-18-000011_acceptance,acceptance
0.0002117456877388,-0.0036523050860121,-1,-0.0053042730170306,0.0055160187047695,0000858877-18-000011_acceptance,acceptance
-0.0048648532788083,-0.0022133448270275,0,-0.0034223442646401,-0.0014425090141681,0000858877-18-000011_acceptance,acceptance
0.0004254715787945,0.00189782681274,1,0.001954407502188,-0.0015289359233934,0000858877-18-000011_acceptance,acceptance
-0.0008499690368422,0.0037398415100768,2,0.004363466681967,-0.0052134357188092,0000858877-18-000011_acceptance,acceptance
-0.0029770138501455,0.0003566719422101,3,-6.11753776224452e-05,-0.0029158384725231,0000858877-18-000011_acceptance,acceptance
0.007464501239184,0.0052822543297499,4,0.0063806947570819,0.0010838064821021,0000858877-18-000011_acceptance,acceptance
0.0033869299863324,0.0002754818389207,5,-0.0001673589840394,0.0035542889703719,0000858877-18-000011_acceptance,acceptance
0.0085340316015993,0.0126872917935088,-5,0.0177189224129483,-0.0091848908113489,0000858877-19-000012_acceptance,acceptance
-0.0097311156279047,0.0006427872591217,-4,0.0005341751924112,-0.010265290820316,0000858877-19-000012_acceptance,acceptance
-0.0066227639046632,-0.0068991005090608,-3,-0.0102263699584376,0.0036036060537744,0000858877-19-000012_acceptance,acceptance
0.0176344522304618,0.010842079212828,-2,0.0150862270059582,0.0025482252245036,0000858877-19-000012_acceptance,acceptance
0.0232458316740904,0.0130098136422667,-1,0.0181790871651124,0.005066744508978,0000858877-19-000012_acceptance,acceptance
0.0086740580641031,0.0009106051537297,0,0.0009162899408292,0.0077577681232739,0000858877-19-000012_acceptance,acceptance
-0.0053230640649434,-9.401025965849465e-05,1,-0.0005170659837456,-0.0048059980811977,0000858877-19-000012_acceptance,acceptance
0.0129681813003075,0.0003223043548219,2,7.691954663764346e-05,0.0128912617536698,0000858877-19-000012_acceptance,acceptance
0.0166629381218297,0.0072296811894803,3,0.0099321630331342,0.0067307750886954,0000858877-19-000012_acceptance,acceptance
-0.0019985416224393,0.002879153101061,4,0.0037249566460318,-0.0057234982684712,0000858877-19-000012_acceptance,acceptance
0.0020025437895536,-0.0007244143620946,5,-0.0014165081414721,0.0034190519310257,0000858877-19-000012_acceptance,acceptance
-0.0021285165882464,0.0067325653552858,-5,0.0068169254745205,-0.0089454420627669,0000858877-20-000010_acceptance,acceptance
0.0004743463577987,-0.0021949627140287,-4,-0.0015011772952691,0.0019755236530678,0000858877-20-000010_acceptance,acceptance
-0.0045005084314706,0.0075250030166134,-3,0.0075552684799298,-0.0120557769114005,0000858877-20-000010_acceptance,acceptance
0.0092790876737756,0.0153659101548075,-2,0.0148609269866842,-0.0055818393129086,0000858877-20-000010_acceptance,acceptance
-0.0346533306341981,-0.0351258437153412,-1,-0.032184077460002,-0.0024692531741961,0000858877-20-000010_acceptance,acceptance
-0.0031743820865626,-0.0081330272642748,0,-0.0070338881194854,0.0038595060329228,0000858877-20-000010_acceptance,acceptance
-0.0200882643814983,-0.0277563421023609,1,-0.0253176446352653,0.0052293802537669,0000858877-20-000010_acceptance,acceptance
0.0032497731801819,0.0201449863367746,2,0.0193137661732551,-0.0160639929930731,0000858877-20-000010_acceptance,acceptance
-0.0139545009743344,-0.0175847965901794,3,-0.0158404455448776,0.0018859445705431,0000858877-20-000010_acceptance,acceptance
0.0078344020890213,0.000533072190594,4,0.0010406320969882,0.006793769992033,0000858877-20-000010_acceptance,acceptance
0.0122867701551943,0.0127418290893575,5,0.0124159751692043,-0.00012920501401,0000858877-20-000010_acceptance,acceptance
0.0082993095574845,0.0028426384105229,-5,0.0032899722101242,0.0050093373473602,0000858877-21-000013_acceptance,acceptance
-0.0018476818049033,-0.0003350311257153,-4,-0.0002600800887045,-0.0015876017161987,0000858877-21-000013_acceptance,acceptance
-0.0090877652136341,-0.0033955744059817,-3,-0.0036792804126744,-0.0054084848009597,0000858877-21-000013_acceptance,acceptance
-0.0033969199351835,-0.0013185667397751,-2,-0.0013588736630064,-0.0020380462721771,0000858877-21-000013_acceptance,acceptance
-0.0013633694274349,-0.0046056086573933,-1,-0.005031115405866,0.003667745978431,0000858877-21-000013_acceptance,acceptance
-0.012115936209077,-0.0077225787599254,0,-0.0085133550634782,-0.0036025811455987,0000858877-21-000013_acceptance,acceptance
0.0036277213688702,0.0022764876184568,1,0.0026574756909182,0.0009702456779519,0000858877-21-000013_acceptance,acceptance
-0.0039589289251066,-0.0057466385065755,2,-0.006305859551828,0.0023469306267214,0000858877-21-000013_acceptance,acceptance
-0.0053566618762977,0.0084739969795697,3,0.0095812549270933,-0.0149379168033911,0000858877-21-000013_acceptance,acceptance
-0.0039959174997147,-0.001551140448935,4,-0.0016187020754433,-0.0023772154242713,0000858877-21-000013_acceptance,acceptance
-0.0083726132374263,-0.009110872450405,5,-0.0100643392520894,0.0016917260146631,0000858877-21-000013_acceptance,acceptance
0.0127462316363848,0.0029962320243361,-5,0.0011330054572251,0.0116132261791597,0000858877-22-000013_acceptance,acceptance
-0.0154560134075898,-0.010736500458081,-4,-0.0101665105242253,-0.0052895028833645,0000858877-22-000013_acceptance,acceptance
-0.0026912903829833,-0.0040950569838349,-3,-0.0047018226499637,0.0020105322669804,0000858877-22-000013_acceptance,acceptance
0.0123679682471737,0.018341016392734,-2,0.0137589439894597,-0.0013909757422859,0000858877-22-000013_acceptance,acceptance
0.0077742601206418,0.006610721877456,-1,0.004107066585439,0.0036671935352027,0000858877-22-000013_acceptance,acceptance
0.0088164894029469,0.0152714498163328,0,0.0112332546096819,-0.0024167652067349,0000858877-22-000013_acceptance,acceptance
0.0137645872752683,0.0105842727693497,1,0.0073765689851651,0.0063880182901031,0000858877-22-000013_acceptance,acceptance
-0.0493535887829544,-0.0432366134006168,2,-0.0369081328534535,-0.0124454559295008,0000858877-22-000013_acceptance,acceptance
-0.0034006726520258,0.0033870120853238,3,0.0014545456568915,-0.0048552183089173,0000858877-22-000013_acceptance,acceptance
-0.0152409269884148,-0.0113177391843534,4,-0.010644763216103,-0.0045961637723117,0000858877-22-000013_acceptance,acceptance
0.0002308942176463,-0.0071821340894484,5,-0.0072419199784096,0.0074728141960559,0000858877-22-000013_acceptance,acceptance
0.0095054006802135,-0.0015969365120942,-5,-0.0014037649199693,0.0109091656001829,0000858877-23-000023_acceptance,acceptance
0.0085439576480383,0.001799129260001,-4,0.0012948245837839,0.0072491330642544,0000858877-23-000023_acceptance,acceptance
-0.0100277177105233,-0.004194177587506,-3,-0.0034675905273571,-0.0065601271831662,0000858877-23-000023_acceptance,acceptance
-0.0017462629525739,-0.0069715993514528,-2,-0.0056745917230549,0.003928328770481,0000858877-23-000023_acceptance,acceptance
-0.0064730606732327,-0.003211265936186,-1,-0.002686547036632,-0.0037865136366006,0000858877-23-000023_acceptance,acceptance
-0.0021130469580207,0.0014266227216406,0,0.0009988225914907,-0.0031118695495115,0000858877-23-000023_acceptance,acceptance
0.0029998523133936,0.0067234531062752,1,0.0052078019924749,-0.0022079496790813,0000858877-23-000023_acceptance,acceptance
-0.0079170099596243,-0.0056958856048289,2,-0.0046608811657623,-0.0032561287938619,0000858877-23-000023_acceptance,acceptance
-0.0019508398320445,0.0012416323054647,3,0.0008518250864691,-0.0028026649185137,0000858877-23-000023_acceptance,acceptance
0.0015992015583814,0.0084299188671679,4,0.0065637976945306,-0.0049645961361491,0000858877-23-000023_acceptance,acceptance
-0.0058540837291748,-0.0121596129386778,5,-0.0097971028731194,0.0039430191439445,0000858877-23-000023_acceptance,acceptance
0.0108325525003827,-3.937906806072977e-05,-5,-0.0007951937999593,0.0116277463003421,0000858877-24-000017_acceptance,acceptance
0.0029767299032228,0.0100930517744244,-4,0.0044707947443777,-0.0014940648411549,0000858877-24-000017_acceptance,acceptance
-0.0094974232067485,-0.0211510743977116,-3,-0.0117672840600109,0.0022698608532624,0000858877-24-000017_acceptance,acceptance
-0.0071912469894622,-0.0016025435809103,-2,-0.0016075957344552,-0.005583651255007,0000858877-24-000017_acceptance,acceptance
-0.0114688561843556,-0.0030180176155847,-1,-0.0023432405335441,-0.0091256156508115,0000858877-24-000017_acceptance,acceptance
-0.0128232270239557,-0.0172602498592846,0,-0.0097451594814278,-0.0030780675425279,0000858877-24-000017_acceptance,acceptance
0.0041237781776042,0.0115800702824842,1,0.0052436223659418,-0.0011198441883375,0000858877-24-000017_acceptance,acceptance
0.001848017502813,0.0044726726528396,2,0.0015497926147606,0.0002982248880523,0000858877-24-000017_acceptance,acceptance
0.0065587451315312,0.0106650258888965,3,0.0047680589627366,0.0017906861687945,0000858877-24-000017_acceptance,acceptance
0.0101813495096232,0.0074953023589392,4,0.0031207022665051,0.007060647243118,0000858877-24-000017_acceptance,acceptance
0.0038296723159414,0.0054077114053645,5,0.0020357474103918,0.0017939249055495,0000858877-24-000017_acceptance,acceptance
0.0007312545980964,0.0023909843081744,-5,0.0025776571813183,-0.0018464025832219,0000858877-25-000111_acceptance,acceptance
0.0144650068401195,0.0031567194195349,-4,0.0032975050577329,0.0111675017823865,0000858877-25-000111_acceptance,acceptance
-0.0048970828590771,-0.0063981842935716,-3,-0.0056848140826351,0.0007877312235579,0000858877-25-000111_acceptance,acceptance
-0.0186710970569952,-0.0069222799368615,-2,-0.0061775029123142,-0.0124935941446809,0000858877-25-000111_acceptance,acceptance
-0.001917554021155,0.0051000736279842,-1,0.005124402348087,-0.0070419563692421,0000858877-25-000111_acceptance,acceptance
0.0047288119774782,0.0083464864096993,0,0.0081762714764735,-0.0034474594989953,0000858877-25-000111_acceptance,acceptance
-0.0160317478316136,-0.0031651529783888,1,-0.0026455245266408,-0.0133862233049728,0000858877-25-000111_acceptance,acceptance
-0.0002989233521181,0.0021059789159529,2,0.0023097309450605,-0.0026086542971786,0000858877-25-000111_acceptance,acceptance
0.0068779915100409,0.0026881536531127,3,0.0028570184365561,0.0040209730734848,0000858877-25-000111_acceptance,acceptance
0.0117314783644852,0.0029834699435626,4,0.0031346376829471,0.0085968406815381,0000858877-25-000111_acceptance,acceptance
-0.006458272634387,0.0084858903879598,5,0.0083073215696791,-0.0147655942040661,0000858877-25-000111_acceptance,acceptance
0.0004439594246026,0.0049923089198982,-5,0.0056312851137051,-0.0051873256891024,0000093410-17-000013_acceptance,acceptance
-0.0167889943678959,-0.0008641180363413,-4,0.0002530420432587,-0.0170420364111546,0000093410-17-000013_acceptance,acceptance
-0.0031624717680621,0.0016785565287558,-3,0.0025881043538309,-0.0057505761218931,0000093410-17-000013_acceptance,acceptance
0.0125987200794743,0.0060480661608284,-2,0.006600838581636,0.0059978814978383,0000093410-17-000013_acceptance,acceptance
-0.0119945224262045,-0.001082200145408,-1,5.276658509277923e-05,-0.0120472890112973,0000093410-17-000013_acceptance,acceptance
0.0057982083357448,0.0004189867216857,0,0.001431379846339,0.0043668284894057,0000093410-17-000013_acceptance,acceptance
-0.0081065365340793,0.0014933641914423,1,0.0024180331803494,-0.0105245697144287,0000093410-17-000013_acceptance,acceptance
0.0148023490826292,0.0010179830611165,2,0.001981467457068,0.0128208816255611,0000093410-17-000013_acceptance,acceptance
0.0067109914752105,-0.0025783763780462,3,-0.0013212451656693,0.0080322366408798,0000093410-17-000013_acceptance,acceptance
0.012266573106626,0.0136738546598662,4,0.0136039728234015,-0.0013373997167755,0000093410-17-000013_acceptance,acceptance
-0.0045660856298828,-0.0058598805035984,5,-0.004334810767318,-0.0002312748625647,0000093410-17-000013_acceptance,acceptance
0.00300097177397,0.0134024582572458,-5,0.0068081193067458,-0.0038071475327757,0000093410-18-000010_acceptance,acceptance
0.0001777083711074,0.0120691127622993,-4,0.0062804330589486,-0.0061027246878412,0000093410-18-000010_acceptance,acceptance
-0.0034656234384445,0.0003734693722488,-3,0.0016517526460619,-0.0051173760845065,0000093410-18-000010_acceptance,acceptance
-0.0103443200228467,-0.0058413894593534,-2,-0.0008078465724952,-0.0095364734503515,0000093410-18-000010_acceptance,acceptance
-0.0173001394028072,-0.0054965031281792,-1,-0.0006713539869624,-0.0166287854158448,0000093410-18-000010_acceptance,acceptance
0.0076104555392193,0.0009735510790762,0,0.0018892416280607,0.0057212139111585,0000093410-18-000010_acceptance,acceptance
0.0245696964628063,0.0160283763505131,1,0.0078473554768987,0.0167223409859076,0000093410-18-000010_acceptance,acceptance
0.017852604500455,0.0117570153438109,2,0.006156917048782,0.0116956874516729,0000093410-18-000010_acceptance,acceptance
-0.0086387693605726,-0.0127068884438292,3,-0.0035249438380608,-0.0051138255225117,0000093410-18-000010_acceptance,acceptance
-0.0148756462698514,-0.011095788639207,4,-0.002887333245795,-0.0119883130240564,0000093410-18-000010_acceptance,acceptance
0.0010724592006885,-0.0133243995419872,5,-0.0037693306947271,0.0048417898954156,0000093410-18-000010_acceptance,acceptance
-0.0018586932845673,-0.0026516415551012,-5,-0.0019272237466465,6.853046207920478e-05,0000093410-19-000008_acceptance,acceptance
0.0100712547979207,0.0108787526085869,-4,0.0100687229131616,2.5318847590178467e-06,0000093410-19-000008_acceptance,acceptance
-0.0003353987502746,0.0014987433214488,-3,0.0017524765632221,-0.0020878753134968,0000093410-19-000008_acceptance,acceptance
0.0081305950444336,0.0017771107537685,-2,0.0019992750547913,0.0061313199896423,0000093410-19-000008_acceptance,acceptance
-0.0094782373728408,-0.0035264367908802,-1,-0.0027028106851869,-0.0067754266876538,0000093410-19-000008_acceptance,acceptance
0.0020984527710752,0.0064111023949868,0,0.0061077375191915,-0.0040092847481163,0000093410-19-000008_acceptance,acceptance
0.0019266364027441,0.0012318625699112,1,0.001515862077255,0.0004107743254891,0000093410-19-000008_acceptance,acceptance
0.0026752794888942,-0.0007904570968998,2,-0.0002771114724183,0.0029523909613125,0000093410-19-000008_acceptance,acceptance
0.0011668441935503,-0.0005440493877303,3,-5.8648233284029584e-05,0.0012254924268344,0000093410-19-000008_acceptance,acceptance
-0.004163699975475,-0.0028255083152146,4,-0.0020813727208007,-0.0020823272546743,0000093410-19-000008_acceptance,acceptance
0.0204884047299247,0.0068953205934343,5,0.0065370417663563,0.0139513629635684,0000093410-19-000008_acceptance,acceptance
-0.0033916376925593,-0.0016304457368023,-5,-0.0029824421507512,-0.0004091955418081,0000093410-20-000010_acceptance,acceptance
-0.0026273978160242,0.0018435333204338,-4,0.0002328692973512,-0.0028602671133755,0000093410-20-000010_acceptance,acceptance
0.0014534079808139,-0.0029199426368901,-3,-0.0041759249198854,0.0056293329006994,0000093410-20-000010_acceptance,acceptance
0.0045355724850757,0.0047057858811645,-2,0.0028820025460702,0.0016535699390055,0000093410-20-000010_acceptance,acceptance
-0.0083981515888179,-0.0038155197636281,-1,-0.0050048186296104,-0.0033933329592074,0000093410-20-000010_acceptance,acceptance
-0.0072853705570841,-0.0105181030271228,0,-0.0112083369421588,0.0039229663850746,0000093410-20-000010_acceptance,acceptance
-0.0394456199820808,-0.0335136266712231,1,-0.0324916461417278,-0.0069539738403529,0000093410-20-000010_acceptance,acceptance
-0.0382011442609323,-0.0302799955650561,2,-0.0294987866732915,-0.0087023575876408,0000093410-20-000010_acceptance,acceptance
-0.0265115473874369,-0.003778540605322,3,-0.0049705928875769,-0.02154095449986,0000093410-20-000010_acceptance,acceptance
-0.0398820173605388,-0.0441632425840791,4,-0.0423483065873844,0.0024662892268455,0000093410-20-000010_acceptance,acceptance
-0.0083926253122534,-0.0082383404443618,5,-0.00909832228446,0.0007056969722065,0000093410-20-000010_acceptance,acceptance
-0.0095912597013639,-0.0044158356273545,-5,-0.0044100844135138,-0.0051811752878501,0000093410-21-000009_acceptance,acceptance
0.0084211732297962,-0.0018548966445751,-4,-0.0016654510666837,0.01008662429648,0000093410-21-000009_acceptance,acceptance
0.0270352593188936,-0.0077328394581538,-3,-0.0079650146116922,0.0350002739305858,0000093410-21-000009_acceptance,acceptance
0.0126028115788781,0.0012563181187927,-2,0.0016689289580298,0.0109338826208482,0000093410-21-000009_acceptance,acceptance
0.0369369908161025,0.011351613765979,-1,0.0124883531089733,0.0244486377071291,0000093410-21-000009_acceptance,acceptance
-0.0092926084339005,-0.0244788075251262,0,-0.0259121592686423,0.0166195508347418,0000093410-21-000009_acceptance,acceptance
-0.0229601939328878,-0.0047502141699028,1,-0.0047684476953075,-0.0181917462375802,0000093410-21-000009_acceptance,acceptance
0.0204997701259797,0.0237907635068002,2,0.0258197543701692,-0.0053199842441895,0000093410-21-000009_acceptance,acceptance
0.0038218129276976,-0.0080808516908706,3,-0.0083379895187253,0.012159802446423,0000093410-21-000009_acceptance,acceptance
0.011226003996323,-0.0130662218719981,4,-0.0136809568199472,0.0249069608162702,0000093410-21-000009_acceptance,acceptance
0.0087846223361165,-0.0134172139301002,5,-0.0140571252931585,0.0228417476292751,0000093410-21-000009_acceptance,acceptance
0.0002977447212977,0.000881207755895,-5,0.0042737889585739,-0.0039760442372762,0000093410-22-000019_acceptance,acceptance
-0.0051377764702549,-0.021173138152195,-4,-0.0107165628604836,0.0055787863902287,0000093410-22-000019_acceptance,acceptance
-0.0014219019177109,-0.0071661613961429,-3,-0.0011960125630676,-0.0002258893546433,0000093410-22-000019_acceptance,acceptance
-0.007645043467359,-0.0101429452648328,-2,-0.003219334300512,-0.004425709166847,0000093410-22-000019_acceptance,acceptance
0.0237916577200909,-0.0184121228454876,-1,-0.0088398991408779,0.0326315568609689,0000093410-22-000019_acceptance,acceptance
-0.0051642082440011,0.0149568560673292,0,0.013841015352367,-0.0190052235963681,0000093410-22-000019_acceptance,acceptance
0.0410085575907455,0.0223726776556034,1,0.0188815536253618,0.0221270039653836,0000093410-22-000019_acceptance,acceptance
0.0257870502626775,-0.0024426034406476,2,0.0020145925433213,0.0237724577193562,0000093410-22-000019_acceptance,acceptance
0.0397221156930782,-0.0154735036804118,3,-0.0068425179748125,0.0465646336678908,0000093410-22-000019_acceptance,acceptance
0.0295218473537075,0.018642691757321,4,0.0163462800276593,0.0131755673260481,0000093410-22-000019_acceptance,acceptance
0.0134941472266514,-0.0052546664300883,5,0.0001032316838907,0.0133909155427606,0000093410-22-000019_acceptance,acceptance
-0.0105379816985101,0.002773175690496,-5,0.0032783416181871,-0.0138163233166972,0000093410-23-000009_acceptance,acceptance
-0.0144369792023186,-0.0137887414891306,-4,-0.0091985584857131,-0.0052384207166055,0000093410-23-000009_acceptance,acceptance
-0.0223330366337989,-0.0027674058253277,-3,-0.0008956487079743,-0.0214373879258245,0000093410-23-000009_acceptance,acceptance
-0.0113603026179637,-0.0200412342553273,-2,-0.0139088662839044,0.0025485636659407,0000093410-23-000009_acceptance,acceptance
-0.0040369439412047,-0.0015735561458868,-1,3.7364916920629935e-06,-0.0040406804328968,0000093410-23-000009_acceptance,acceptance
0.0098532510207229,0.0053294294160743,0,0.0052040922440565,0.0046491587766664,0000093410-23-000009_acceptance,acceptance
0.0029641954981518,-0.0105375514855581,1,-0.006749278462548,0.0097134739606999,0000093410-23-000009_acceptance,acceptance
0.0025246670832819,0.0030730045671669,2,0.0035042173366751,-0.0009795502533932,0000093410-23-000009_acceptance,acceptance
-0.0125906794398197,-0.0030360018281855,3,-0.0010979951790753,-0.0114926842607444,0000093410-23-000009_acceptance,acceptance
0.0079615907736418,-0.00472526484568,4,-0.0023705994126249,0.0103321901862668,0000093410-23-000009_acceptance,acceptance
0.0031472276558155,0.0075821940867943,5,0.0069012097606653,-0.0037539821048498,0000093410-23-000009_acceptance,acceptance
-0.0040744909596787,-0.0060053220011653,-5,-0.002907610545428,-0.0011668804142506,0000093410-24-000013_acceptance,acceptance
0.0093505638939621,0.0012641999229821,-4,-0.0006382354468982,0.0099887993408603,0000093410-24-000013_acceptance,acceptance
-6.416799333175405e-05,0.021122884217414,-3,0.0055611823549312,-0.0056253503482629,0000093410-24-000013_acceptance,acceptance
-0.0049541087692225,0.0003479475462115,-2,-0.0009242680566775,-0.004029840712545,0000093410-24-000013_acceptance,acceptance
-0.0013578275897295,-0.0037867513501905,-1,-0.00221502456217,0.0008571969724404,0000093410-24-000013_acceptance,acceptance
-0.0148268145521606,0.0017063496993998,0,-0.0005002066049891,-0.0143266079471715,0000093410-24-000013_acceptance,acceptance
0.0011828154323803,-0.0016581550604305,1,-0.0015505264747843,0.0027333419071646,0000093410-24-000013_acceptance,acceptance
-0.0021660812748465,0.0052290946971491,2,0.0005995121742895,-0.002765593449136,0000093410-24-000013_acceptance,acceptance
0.0052629743742622,0.0080078289488876,3,0.0014669681613717,0.0037960062128905,0000093410-24-000013_acceptance,acceptance
-0.0257183119256945,-0.0011932620709189,4,-0.0014053977324974,-0.024312914193197,0000093410-24-000013_acceptance,acceptance
0.0047689563655335,-0.0101931008834446,5,-0.004214937383803,0.0089838937493366,0000093410-24-000013_acceptance,acceptance
0.0063266126494534,0.0104262921222306,-5,0.0037561377428105,0.0025704749066428,0000093410-25-000009_acceptance,acceptance
0.0075891209228782,-7.194380749464546e-05,-4,0.0004744227221562,0.0071146982007219,0000093410-25-000009_acceptance,acceptance
0.0052785684124556,0.0024449877750611,-3,0.0012612074958767,0.0040173609165789,0000093410-25-000009_acceptance,acceptance
0.006851905845153,0.0023769693899173,-2,0.0012399451659289,0.005611960679224,0000093410-25-000009_acceptance,acceptance
0.0099217938783378,-0.0043341850761716,-1,-0.0008579402849909,0.0107797341633287,0000093410-25-000009_acceptance,acceptance
-0.0117764663057046,-0.0170641267025635,0,-0.0048372793784376,-0.0069391869272669,0000093410-25-000009_acceptance,acceptance
0.0061814206302714,-0.0049691065044024,1,-0.0010564146955402,0.0072378353258117,0000093410-25-000009_acceptance,acceptance
-0.009310263115014,-0.0046797309154723,2,-0.0009659568106957,-0.0083443063043183,0000093410-25-000009_acceptance,acceptance
-0.0081830090074739,0.0001360242800469,3,0.0005394328820794,-0.0087224418895533,0000093410-25-000009_acceptance,acceptance
0.0098621038101542,-0.0158645536555098,4,-0.0044622966753206,0.0143244004854749,0000093410-25-000009_acceptance,acceptance
0.0124462854990221,0.0158541446349889,5,0.0054528671019383,0.0069934183970837,0000093410-25-000009_acceptance,acceptance
-0.0077490514719151,0.0010313220779065,-5,0.0006573299914416,-0.0084063814633568,0000093410-26-000078_acceptance,acceptance
0.0183883087040344,0.0055660701474107,-4,0.0013839276950223,0.017004381009012,0000093410-26-000078_acceptance,acceptance
0.0049490472171749,-0.0028221256867719,-3,3.98962875689001e-05,0.004909150929606,0000093410-26-000078_acceptance,acceptance
-0.0046000282111302,0.0069397247635067,-2,0.0016040268657525,-0.0062040550768828,0000093410-26-000078_acceptance,acceptance
0.0053281348015064,-0.0103856522472848,-1,-0.0011719992677317,0.0065001340692381,0000093410-26-000078_acceptance,acceptance
0.0023254458189521,0.0076516140863223,0,0.0017180921102233,0.0006073537087287,0000093410-26-000078_acceptance,acceptance
-0.0060429596984329,0.0081363556573399,1,0.0017957617198539,-0.0078387214182869,0000093410-26-000078_acceptance,acceptance
-0.000325633421085,-0.0053655805693283,2,-0.0003676386953014,4.200527421637477e-05,0000093410-26-000078_acceptance,acceptance
0.0141181332816018,-0.0043393528110311,3,-0.0002032073484876,0.0143213406300895,0000093410-26-000078_acceptance,acceptance
0.0152066547089588,0.0003983547353176,4,0.0005559103291985,0.0146507443797603,0000093410-26-000078_acceptance,acceptance
-0.0043775672657523,-0.0094440310956254,5,-0.0010211243445932,-0.003356442921159,0000093410-26-000078_acceptance,acceptance
0.014534295370431,-0.0015822634216101,-5,-0.0016391804681002,0.0161734758385313,0001001039-16-000516_acceptance,acceptance
0.0025223176618207,0.0046763696083751,-4,0.0025183279586492,3.989703171493504e-06,0001001039-16-000516_acceptance,acceptance
-0.0113719948938932,-0.0023867984216902,-3,-0.0021736200216613,-0.0091983748722319,0001001039-16-000516_acceptance,acceptance
-0.0062090870555897,0.0074614006258433,-2,0.0043683788992314,-0.0105774659548211,0001001039-16-000516_acceptance,acceptance
0.000819310764573,0.0021654322729041,-1,0.0008503530060923,-3.104224151927225e-05,0001001039-16-000516_acceptance,acceptance
0.0056291248737929,0.0008080244329033,0,-5.135100919356013e-05,0.0056804758829865,0001001039-16-000516_acceptance,acceptance
0.0056990774519356,0.0039143868916706,1,0.0020121551968722,0.0036869222550633,0001001039-16-000516_acceptance,acceptance
0.0015179179679085,-0.0052545356315027,2,-0.0040786113445871,0.0055965293124957,0001001039-16-000516_acceptance,acceptance
0.0070727416861717,0.0013352930642269,3,0.0002989049919788,0.0067738366941928,0001001039-16-000516_acceptance,acceptance
-0.0055180962318764,-0.0026534040390964,4,-0.0023507218098113,-0.0031673744220651,0001001039-16-000516_acceptance,acceptance
-0.0018159885182879,-0.0035155289737457,5,-0.0029234174229816,0.0011074289046937,0001001039-16-000516_acceptance,acceptance
0.0050402933322011,-0.0055256757232663,-5,-0.0048788489757648,0.0099191423079659,0001001039-17-000198_acceptance,acceptance
-0.0008681923263502,0.0081960580632411,-4,0.0044881627109032,-0.0053563550372535,0001001039-17-000198_acceptance,acceptance
-0.0015442168472845,-0.0026259630899742,-3,-0.0028993875937976,0.001355170746513,0001001039-17-000198_acceptance,acceptance
-0.0066704936220475,0.0012756828808564,-2,-0.0002359659027319,-0.0064345277193155,0001001039-17-000198_acceptance,acceptance
0.002433046567241,0.0065411392958598,-1,0.0033584480789382,-0.0009254015116971,0001001039-17-000198_acceptance,acceptance
-0.0025243060573605,-0.0007502611166068,0,-0.0016189573960834,-0.000905348661277,0001001039-17-000198_acceptance,acceptance
-0.0009733134288355,0.0020560951489239,1,0.0002967751450935,-0.0012700885739291,0001001039-17-000198_acceptance,acceptance
0.0014613925362336,-0.0003842577408796,2,-0.0013691086560381,0.0028305011922718,0001001039-17-000198_acceptance,acceptance
0.0060316872870125,0.0098485127187901,3,0.00561619524025,0.0004154920467625,0001001039-17-000198_acceptance,acceptance
0.0176965491642366,-0.0003692257021979,4,-0.0013588471771174,0.0190553963413541,0001001039-17-000198_acceptance,acceptance
-0.0039907296584664,0.0081909504338029,5,0.0044846760360133,-0.0084754056944798,0001001039-17-000198_acceptance,acceptance
0.002310647084224,-0.0075674106903027,-5,-0.0058559703567749,0.0081666174409989,0001001039-18-000187_acceptance,acceptance
-8.546346039550734e-05,0.0105937533662663,-4,0.0119331917257626,-0.0120186551861581,0001001039-18-000187_acceptance,acceptance
-0.0078557708599388,0.0022233054237545,-3,0.0037341988259146,-0.0115899696858534,0001001039-18-000187_acceptance,acceptance
-0.0066272105957997,-0.0166431085884942,-2,-0.0147457673114297,0.0081185567156299,0001001039-18-000187_acceptance,acceptance
-0.0307570497467178,-0.0181512408324661,-1,-0.0162230079137584,-0.0145340418329594,0001001039-18-000187_acceptance,acceptance
0.0103691783375976,0.0030432907461763,0,0.0045373880796666,0.005831790257931,0001001039-18-000187_acceptance,acceptance
-0.0084049332272461,-0.0065548423901612,1,-0.004864142875081,-0.003540790352165,0001001039-18-000187_acceptance,acceptance
0.0041933983607409,0.0155323683669224,2,0.0167706472124413,-0.0125772488517003,0001001039-18-000187_acceptance,acceptance
0.0119946303195528,0.0032616921440038,3,0.0047513158792781,0.0072433144402747,0001001039-18-000187_acceptance,acceptance
0.0193151793574517,0.0229739796442216,4,0.0240598291588613,-0.0047446498014095,0001001039-18-000187_acceptance,acceptance
0.0043929198899663,-0.0021831080910337,5,-0.0005819564586856,0.004974876348652,0001001039-18-000187_acceptance,acceptance
-0.0105565716159334,0.0008370427393644,-5,-0.0001236463275477,-0.0104329252883856,0001744489-19-000225_acceptance,acceptance
-0.0168534526537224,0.0076954880069026,-4,0.0058036182767416,-0.022657070930464,0001744489-19-000225_acceptance,acceptance
0.0205984543498727,0.0005031528617669,-3,-0.0004122035115762,0.021010657861449,0001744489-19-000225_acceptance,acceptance
0.0049441362676827,-0.000592594446206,-2,-0.001359179681895,0.0063033159495777,0001744489-19-000225_acceptance,acceptance
-0.0097722966428249,-0.0037561842457471,-1,-0.0040932444895656,-0.0056790521532593,0001744489-19-000225_acceptance,acceptance
-0.0002040834138694,-0.0015827522106851,0,-0.0022149023480563,0.0020108189341868,0001744489-19-000225_acceptance,acceptance
0.0094622856296056,0.0021749356911917,1,0.0010325990354104,0.0084296865941951,0001744489-19-000225_acceptance,acceptance
0.0094410651153664,0.0075072913530158,2,0.0056409733445864,0.00380009177078,0001744489-19-000225_acceptance,acceptance
0.0130267520873676,0.0021955703874654,3,0.0010504321302406,0.011976319957127,0001744489-19-000225_acceptance,acceptance
-0.0010551244584343,0.0041744243627546,4,0.0027606143460708,-0.0038157388045052,0001744489-19-000225_acceptance,acceptance
0.000660123197216,-0.0040112197099262,5,-0.0043136534336774,0.0049737766308935,0001744489-19-000225_acceptance,acceptance
-0.0151492996569947,0.0039464424674215,-5,0.0032043137627118,-0.0183536134197065,0001744489-20-000197_acceptance,acceptance
-0.0045865263487065,-0.0067925629151801,-4,-0.007087199962215,0.0025006736135085,0001744489-20-000197_acceptance,acceptance
0.0348054445841425,0.0056359306172162,-3,0.0048234013655434,0.0299820432185991,0001744489-20-000197_acceptance,acceptance
0.0377449476366245,0.0161616682734162,-2,0.0149105341766751,0.0228344134599493,0001744489-20-000197_acceptance,acceptance
-0.0158426182939704,-0.0015844182375249,-1,-0.0020960773654865,-0.0137465409284839,0001744489-20-000197_acceptance,acceptance
-0.0131464276922725,0.0023969791981541,0,0.0017194162387967,-0.0148658439310693,0001744489-20-000197_acceptance,acceptance
0.0059809616838726,-0.0045955486401709,1,-0.0049817347203642,0.0109626964042368,0001744489-20-000197_acceptance,acceptance
0.0096616112758387,0.0112711871947761,2,0.0102238382165576,-0.0005622269407189,0001744489-20-000197_acceptance,acceptance
0.0279041548774481,0.0017911667548251,3,0.0011388478478587,0.0267653070295894,0001744489-20-000197_acceptance,acceptance
-0.0024086688308827,-0.0006241572130915,4,-0.0011758301768148,-0.0012328386540679,0001744489-20-000197_acceptance,acceptance
0.0058730205026811,0.0088362751296118,5,0.0078903883257301,-0.0020173678230489,0001744489-20-000197_acceptance,acceptance
-0.0111229914000778,0.0033847802152713,-5,0.002743393896833,-0.0138663852969109,0001744489-21-000220_acceptance,acceptance
-0.0101557240696334,-0.0013986655593032,-4,-0.003055588795159,-0.0071001352744744,0001744489-21-000220_acceptance,acceptance
0.0010390013323988,-0.0031971365563219,-3,-0.0052358794632786,0.0062748807956775,0001744489-21-000220_acceptance,acceptance
-0.0203034548939439,0.0016571329129451,-2,0.0006489629622736,-0.0209524178562175,0001744489-21-000220_acceptance,acceptance
0.0020524887768034,0.0022938506357221,-1,0.0014208573723021,0.0006316314045012,0001744489-21-000220_acceptance,acceptance
-0.0213427376052363,-0.0227248226375824,0,-0.0289093397545594,0.0075666021493231,0001744489-21-000220_acceptance,acceptance
-0.0020254805495638,0.0132001995370349,1,0.0146426500907877,-0.0166681306403515,0001744489-21-000220_acceptance,acceptance
-0.0196873138716006,-0.0189613103345052,2,-0.0243468248364122,0.0046595109648116,0001744489-21-000220_acceptance,acceptance
-0.0189787614690956,-0.0118151874178892,3,-0.0156835630244833,-0.0032951984446122,0001744489-21-000220_acceptance,acceptance
0.035525797479605,0.0141944361315831,4,0.0158479654795761,0.0196778320000288,0001744489-21-000220_acceptance,acceptance
-0.0066573458692605,-0.0084485637302975,5,-0.011602197119059,0.0049448512497984,0001744489-21-000220_acceptance,acceptance
-0.0140398299453579,0.013579987927526,-5,0.0165909680056286,-0.0306307979509865,0001744489-22-000213_acceptance,acceptance
0.0277518325593932,0.0059146891478476,-4,0.0076321451153666,0.0201196874440266,0001744489-22-000213_acceptance,acceptance
-0.0001013056975422,-0.0002830441976333,-3,0.0003885402724038,-0.0004898459699461,0001744489-22-000213_acceptance,acceptance
-0.032163321011466,-0.0154441929131232,-2,-0.0173310620626139,-0.014832258948852,0001744489-22-000213_acceptance,acceptance
-0.0104503643055777,-0.0015918653377758,-1,-0.0011411452788826,-0.0093092190266951,0001744489-22-000213_acceptance,acceptance
0.0335831342147818,0.030947872397389,0,0.0368896941761646,-0.0033065599613827,0001744489-22-000213_acceptance,acceptance
0.0073566609302844,-0.0008676332180498,1,-0.0002946985220692,0.0076513594523536,0001744489-22-000213_acceptance,acceptance
0.0085203444054231,-0.0011946604880656,2,-0.0006769118547215,0.0091972562601447,0001744489-22-000213_acceptance,acceptance
-0.0352007146665475,-0.0178942122835648,3,-0.0201945237812474,-0.0150061908853001,0001744489-22-000213_acceptance,acceptance
-0.0379443645177566,-0.014399194981406,4,-0.0161097200562508,-0.0218346444615057,0001744489-22-000213_acceptance,acceptance
-0.0015169947406529,-0.0018623708845491,5,-0.0014572988110579,-5.9695929594929696e-05,0001744489-22-000213_acceptance,acceptance
0.0314045730687844,0.0015970120755575,-5,0.0006424081491816,0.0307621649196027,0001744489-23-000216_acceptance,acceptance
0.00617473528232,0.0011904273935798,-4,0.0002787815021276,0.0058959537801924,0001744489-23-000216_acceptance,acceptance
-0.0038091431925614,0.001282049060336,-3,0.0003607228072401,-0.0041698659998016,0001744489-23-000216_acceptance,acceptance
0.0093468145167188,0.0073902780973298,-2,0.0058235819424063,0.0035232325743124,0001744489-23-000216_acceptance,acceptance
-0.006103426958021,-0.0020209310950652,-1,-0.0025932782961773,-0.0035101486618437,0001744489-23-000216_acceptance,acceptance
0.0065643868019433,0.0040611292209464,0,0.0028461769954841,0.0037182098064591,0001744489-23-000216_acceptance,acceptance
0.0104135653959143,0.000596873667884,1,-0.0002520598224185,0.0106656252183328,0001744489-23-000216_acceptance,acceptance
-0.0092651640725763,-0.00195415746009,2,-0.0025335596838588,-0.0067316043887175,0001744489-23-000216_acceptance,acceptance
-0.0280550996531466,0.0009801185306033,3,9.069299294436308e-05,-0.028145792646091,0001744489-23-000216_acceptance,acceptance
0.0,-0.0009462486392383,4,-0.0016321422883981,0.0016321422883981,0001744489-23-000216_acceptance,acceptance
0.0020540803473272,0.0037840728581564,5,0.0025983932478124,-0.0005443129004852,0001744489-23-000216_acceptance,acceptance
0.0004044583420144,0.0074312297274883,-5,0.0045138121372112,-0.0041093537951968,0001744489-24-000276_acceptance,acceptance
0.0009096830780008,0.0037568333092317,-4,0.0017480197115918,-0.0008383366335909,0001744489-24-000276_acceptance,acceptance
0.018582236199667,0.0009690634297987,-3,-0.0003503910038649,0.0189326272035319,0001744489-24-000276_acceptance,acceptance
0.001288834259862,-0.0028926596513724,-2,-0.0032571879936166,0.0045460222534786,0001744489-24-000276_acceptance,acceptance
0.0171303319497551,0.0002322277248243,-1,-0.0009050221268483,0.0180353540766035,0001744489-24-000276_acceptance,acceptance
0.0623053918453508,-0.006049734794859,0,-0.0056335822431814,0.0679389740885323,0001744489-24-000276_acceptance,acceptance
0.0546187379048113,-0.0132034898513612,1,-0.0110183582166454,0.0656370961214567,0001744489-24-000276_acceptance,acceptance
-0.0133820053679718,0.003917814394541,2,0.0018691934271453,-0.0152511987951172,0001744489-24-000276_acceptance,acceptance
-0.0098643538743348,0.00396358482847,3,0.0019036457575605,-0.0117679996318953,0001744489-24-000276_acceptance,acceptance
0.0163671708759418,2.195086225209586e-05,4,-0.0010633017699744,0.0174304726459163,0001744489-24-000276_acceptance,acceptance
0.0040259001237308,0.0053404615405816,5,0.0029400486787175,0.0010858514450133,0001744489-24-000276_acceptance,acceptance
-0.0078125005429933,-0.011178189042419,-5,-0.0110840376250544,0.0032715370820611,0001744489-25-000155_acceptance,acceptance
0.0022626982829383,0.001261841800771,-4,-2.3644102863832435e-05,0.0022863423858021,0001744489-25-000155_acceptance,acceptance
0.0135451907656942,0.0154010186217099,-3,0.0125474549314306,0.0009977358342636,0001744489-25-000155_acceptance,acceptance
0.0232537436034363,0.0020753505173405,-2,0.0006996440185572,0.0225540995848791,0001744489-25-000155_acceptance,acceptance
0.0156726802680358,0.0006295171887717,-1,-0.000585841988917,0.0162585222569528,0001744489-25-000155_acceptance,acceptance
-0.0774968260896163,-0.0165568549615969,0,-0.0158661931068528,-0.0616306329827635,0001744489-25-000155_acceptance,acceptance
-0.0168199931886845,-0.0005017255648851,1,-0.0015916264746863,-0.0152283667139981,0001744489-25-000155_acceptance,acceptance
-0.0010396883393012,-0.0091622661768078,2,-0.0092916867470622,0.0082519984077609,0001744489-25-000155_acceptance,acceptance
0.0055823140503492,-0.0082564366909679,3,-0.0084863165109524,0.0140686305613017,0001744489-25-000155_acceptance,acceptance
-0.0151486760693316,0.0037538357962292,4,0.0021919801662505,-0.0173406562355822,0001744489-25-000155_acceptance,acceptance
-0.0188210389290983,-0.0155672835632704,5,-0.0149863681914839,-0.0038346707376143,0001744489-25-000155_acceptance,acceptance
-0.0068445410614994,0.0016785565287558,-5,0.0008424574210049,-0.0076869984825044,0001326160-17-000016_acceptance,acceptance
0.0093165374576398,0.0060480661608284,-4,0.0046678478797954,0.0046486895778443,0001326160-17-000016_acceptance,acceptance
0.0098618165098953,-0.001082200145408,-3,-0.0015745122459961,0.0114363287558914,0001326160-17-000016_acceptance,acceptance
0.0130214287126046,0.0004189867216857,-2,-0.0002602627301944,0.0132816914427991,0001326160-17-000016_acceptance,acceptance
0.0129775487914682,0.0014933641914423,-1,0.000680326413214,0.0122972223782542,0001326160-17-000016_acceptance,acceptance
-0.0012204578209189,0.0010179830611165,0,0.0002641427694273,-0.0014846005903462,0001326160-17-000016_acceptance,acceptance
0.0084288437717248,-0.0025783763780462,1,-0.0028843750834624,0.0113132188551872,0001326160-17-000016_acceptance,acceptance
-0.0075101975938073,0.0136738546598662,2,0.0113440246184507,-0.018854222212258,0001326160-17-000016_acceptance,acceptance
0.0052484082595452,-0.0058598805035984,3,-0.0057572454120294,0.0110056536715746,0001326160-17-000016_acceptance,acceptance
-0.0054639939518841,0.00050387727206,4,-0.0001859432919079,-0.0052780506599762,0001326160-17-000016_acceptance,acceptance
-0.000488166890612,-0.0032772408480052,5,-0.0034962124978363,0.0030080456072242,0001326160-17-000016_acceptance,acceptance
-0.0207576872483189,0.0134024582572458,-5,-0.0016697721153524,-0.0190879151329664,0001326160-18-000034_acceptance,acceptance
0.0215846429469335,0.0120691127622993,-4,-0.0016075778955841,0.0231922208425176,0001326160-18-000034_acceptance,acceptance
0.0065615264838638,0.0003734693722488,-3,-0.0010620318101244,0.0076235582939883,0001326160-18-000034_acceptance,acceptance
-0.0131681857014017,-0.0058413894593534,-2,-0.000772138232303,-0.0123960474690987,0001326160-18-000034_acceptance,acceptance
-0.0047562200622839,-0.0054965031281792,-1,-0.0007882255377744,-0.0039679945245094,0001326160-18-000034_acceptance,acceptance
0.0027879640810564,0.0009735510790762,0,-0.0010900227649781,0.0038779868460345,0001326160-18-000034_acceptance,acceptance
0.0222397857486544,0.0160283763505131,1,-0.0017922586933665,0.024032044442021,0001326160-18-000034_acceptance,acceptance
0.0090648527094325,0.0117570153438109,2,-0.0015930200367934,0.010657872746226,0001326160-18-000034_acceptance,acceptance
-0.0204054186565245,-0.0127068884438292,3,-0.0004518953888102,-0.0199535232677143,0001326160-18-000034_acceptance,acceptance
-0.0129700936667283,-0.011095788639207,4,-0.0005270455248381,-0.0124430481418901,0001326160-18-000034_acceptance,acceptance
0.002919990618996,-0.0133243995419872,5,-0.0004230914358259,0.0033430820548219,0001326160-18-000034_acceptance,acceptance
0.0083284586499565,-0.0035264367908802,-5,0.0003278851590011,0.0080005734909554,0001326160-19-000057_acceptance,acceptance
0.0035721046072645,0.0064111023949868,-4,0.001703457307207,0.0018686473000574,0001326160-19-000057_acceptance,acceptance
-0.0047826557057623,0.0012318625699112,-3,0.0009865375628919,-0.0057691932686542,0001326160-19-000057_acceptance,acceptance
-0.0067055700629394,-0.0007904570968998,-2,0.0007066044168279,-0.0074121744797674,0001326160-19-000057_acceptance,acceptance
0.0045005973539022,-0.0005440493877303,-1,0.0007407126176105,0.0037598847362917,0001326160-19-000057_acceptance,acceptance
0.0042559914160396,-0.0028255083152146,0,0.0004249089463771,0.0038310824696624,0001326160-19-000057_acceptance,acceptance
-0.0014493656291854,0.0068953205934343,1,0.001770483666045,-0.0032198492952304,0001326160-19-000057_acceptance,acceptance
0.0039087281590211,-0.003880558492514,2,0.0002788669925585,0.0036298611664625,0001326160-19-000057_acceptance,acceptance
-0.0038935094888447,-0.0011315328231061,3,0.0006593920979003,-0.004552901586745,0001326160-19-000057_acceptance,acceptance
0.0004467117896023,-0.0065240986535923,4,-8.705661792789946e-05,0.0005337684075302,0001326160-19-000057_acceptance,acceptance
0.0001111696502729,-0.0081257175586835,5,-0.0003087556036301,0.000419925253903,0001326160-19-000057_acceptance,acceptance
0.0095890253716333,0.0064626464661976,-5,0.0019931559448537,0.0075958694267796,0001326160-20-000034_acceptance,acceptance
0.0323276645309935,-0.0016304457368023,-4,-0.0004770370181928,0.0328047015491864,0001326160-20-000034_acceptance,acceptance
0.0116868468642106,0.0018435333204338,-3,0.0005832991803463,0.0111035476838643,0001326160-20-000034_acceptance,acceptance
0.0073069197912607,-0.0029199426368901,-2,-0.00087062034686,0.0081775401381207,0001326160-20-000034_acceptance,acceptance
-0.005881081477493,0.0047057858811645,-1,0.0014569227542082,-0.0073380042317012,0001326160-20-000034_acceptance,acceptance
9.842478604005224e-05,-0.0038155197636281,0,-0.0011439705399436,0.0012423953259837,0001326160-20-000034_acceptance,acceptance
0.0098590771478295,-0.0105181030271228,1,-0.0031897490380041,0.0130488261858336,0001326160-20-000034_acceptance,acceptance
-0.0012690201653493,-0.0335136266712231,2,-0.0102084977761157,0.0089394776107664,0001326160-20-000034_acceptance,acceptance
-0.0296189045191371,-0.0302799955650561,3,-0.0092215211541787,-0.0203973833649584,0001326160-20-000034_acceptance,acceptance
-0.0033245126580194,-0.003778540605322,4,-0.0011326836727814,-0.002191828985238,0001326160-20-000034_acceptance,acceptance
-0.0399230475326256,-0.0441632425840791,5,-0.0134589990217748,-0.0264640485108507,0001326160-20-000034_acceptance,acceptance
0.0036996944167171,-0.0044158356273545,-5,-0.0010428112385179,0.004742505655235,0001326160-21-000063_acceptance,acceptance
-0.0122865061629936,-0.0018548966445751,-4,0.0003115993886286,-0.0125981055516222,0001326160-21-000063_acceptance,acceptance
-0.0009044371783905,-0.0077328394581538,-3,-0.0027970838974645,0.0018926467190739,0001326160-21-000063_acceptance,acceptance
0.0078096327338834,0.0012563181187927,-2,0.0019570358348603,0.0058525968990231,0001326160-21-000063_acceptance,acceptance
-0.0190926760277104,0.011351613765979,-1,0.0072961617572966,-0.0263888377850071,0001326160-21-000063_acceptance,acceptance
-0.0025184855501135,-0.0244788075251262,0,-0.011653568672884,0.0091350831227704,0001326160-21-000063_acceptance,acceptance
-0.0175622528414777,-0.0047502141699028,1,-0.0012196549097504,-0.0163425979317272,0001326160-21-000063_acceptance,acceptance
0.0169414210873513,0.0237907635068002,2,0.0138748880428212,0.00306653304453,0001326160-21-000063_acceptance,acceptance
0.0022975804147731,-0.0080808516908706,3,-0.0029811380547631,0.0052787184695362,0001326160-21-000063_acceptance,acceptance
0.0003439118738519,-0.0130662218719981,4,-0.0056177640731816,0.0059616759470336,0001326160-21-000063_acceptance,acceptance
-0.0092815641822112,-0.0134172139301002,5,-0.0058033941786758,-0.0034781700035353,0001326160-21-000063_acceptance,acceptance
0.0021148514529962,0.000881207755895,-5,-2.9938564654733856e-05,0.002144790017651,0001326160-22-000072_acceptance,acceptance
0.0020806528468331,-0.021173138152195,-4,-0.0040390014561972,0.0061196543030303,0001326160-22-000072_acceptance,acceptance
0.0109389413394895,-0.0071661613961429,-3,-0.0014927980471544,0.012431739386644,0001326160-22-000072_acceptance,acceptance
-0.0036067373989107,-0.0101429452648328,-2,-0.0020339210436759,-0.0015728163552347,0001326160-22-000072_acceptance,acceptance
-0.0178985901604268,-0.0184121228454876,-1,-0.0035371011026237,-0.014361489057803,0001326160-22-000072_acceptance,acceptance
-0.0064502942044768,0.0149568560673292,0,0.00252874803412,-0.0089790422385968,0001326160-22-000072_acceptance,acceptance
0.0327699550965521,0.0223726776556034,1,0.0038768041162976,0.0288931509802544,0001326160-22-000072_acceptance,acceptance
0.0018960425654768,-0.0024426034406476,2,-0.0006341445647821,0.0025301871302589,0001326160-22-000072_acceptance,acceptance
-0.0057763669934274,-0.0154735036804118,3,-0.0030029157272706,-0.0027734512661567,0001326160-22-000072_acceptance,acceptance
0.0096163718091781,0.018642691757321,4,0.0031987632388624,0.0064176085703157,0001326160-22-000072_acceptance,acceptance
0.018354822525743,-0.0052546664300883,5,-0.0011453244214248,0.0195001469471678,0001326160-22-000072_acceptance,acceptance
0.0122087074977779,-0.0027674058253277,-5,-0.0026192561007197,0.0148279635984976,0001326160-23-000073_acceptance,acceptance
-0.0181926064441887,-0.0200412342553273,-4,-0.014841974118281,-0.0033506323259076,0001326160-23-000073_acceptance,acceptance
-0.0021500177642013,-0.0015735561458868,-3,-0.0017745048606402,-0.000375512903561,0001326160-23-000073_acceptance,acceptance
-0.0064636823203721,0.0053294294160743,-2,0.0031099506232765,-0.0095736329436487,0001326160-23-000073_acceptance,acceptance
0.000826124865241,-0.0105375514855581,-1,-0.0081173018724048,0.0089434267376459,0001326160-23-000073_acceptance,acceptance
-0.0114526607389875,0.0030730045671669,0,0.0015133361398238,-0.0129659968788114,0001326160-23-000073_acceptance,acceptance
-0.0161776945200545,-0.0030360018281855,1,-0.0028093108541797,-0.0133683836658747,0001326160-23-000073_acceptance,acceptance
-0.0249311743874108,-0.00472526484568,2,-0.0040046096036146,-0.0209265647837962,0001326160-23-000073_acceptance,acceptance
0.0202371999480091,0.0075821940867943,3,0.004703975216129,0.01553322473188,0001326160-23-000073_acceptance,acceptance
0.0172763569414757,0.0161477371607488,4,0.0107648330094366,0.0065115239320391,0001326160-23-000073_acceptance,acceptance
0.0061852829528648,0.0006871667698291,5,-0.0001748491255718,0.0063601320784366,0001326160-23-000073_acceptance,acceptance
0.022643088943741,0.0058212506847294,-5,0.0036877687591289,0.018955320184612,0001326160-24-000037_acceptance,acceptance
-0.0051972704748285,-0.0048034698371121,-4,-0.0024692945696397,-0.0027279759051888,0001326160-24-000037_acceptance,acceptance
0.0006532346336298,-0.0060053220011653,-3,-0.0031657721730441,0.0038190068066739,0001326160-24-000037_acceptance,acceptance
0.0114203749710668,0.0012641999229821,-2,0.0010469416357413,0.0103734333353254,0001326160-24-000037_acceptance,acceptance
-0.0092481820877702,0.021122884217414,-1,0.0125551198109211,-0.0218033018986913,0001326160-24-000037_acceptance,acceptance
0.0065126253932763,0.0003479475462115,0,0.0005159701247906,0.0059966552684856,0001326160-24-000037_acceptance,acceptance
-0.022430710443431,-0.0037867513501905,1,-0.0018801025905531,-0.0205506078528778,0001326160-24-000037_acceptance,acceptance
0.0022060414941733,0.0017063496993998,2,0.0013031690036621,0.0009028724905112,0001326160-24-000037_acceptance,acceptance
-0.0012107301847119,-0.0016581550604305,3,-0.000646573470376,-0.0005641567143358,0001326160-24-000037_acceptance,acceptance
0.0120123974485237,0.0052290946971491,4,0.0033446122583488,0.0086677851901749,0001326160-24-000037_acceptance,acceptance
-0.0105629048970352,0.0080078289488876,5,0.0049548986396801,-0.0155178035367154,0001326160-24-000037_acceptance,acceptance
0.0122549597639329,-0.0043341850761716,-5,-0.0002662143717172,0.0125211741356502,0001326160-25-000072_acceptance,acceptance
0.0211206403927275,-0.0170641267025635,-4,-0.0001943763646484,0.021315016757376,0001326160-25-000072_acceptance,acceptance
0.0032020690463527,-0.0049691065044024,-3,-0.0002626313631388,0.0034647004094916,0001326160-25-000072_acceptance,acceptance
0.0118185486255919,-0.0046797309154723,-2,-0.000264264376566,0.012082813002158,0001326160-25-000072_acceptance,acceptance
-0.0083554336394263,0.0001360242800469,-1,-0.0002914407977885,-0.0080639928416377,0001326160-25-000072_acceptance,acceptance
-0.0036110623328944,-0.0158645536555098,0,-0.000201145833006,-0.0034099164998883,0001326160-25-000072_acceptance,acceptance
0.013806210623884,0.0158541446349889,1,-0.000380141789066,0.0141863524129501,0001326160-25-000072_acceptance,acceptance
0.0100434683796235,-0.0175967394669998,2,-0.0001913707075402,0.0102348390871638,0001326160-25-000072_acceptance,acceptance
-0.0190443994758012,-0.0122348266022004,3,-0.0002216292229041,-0.0188227702528971,0001326160-25-000072_acceptance,acceptance
-0.0101365774431962,0.0111592778931879,4,-0.0003536475693687,-0.0097829298738275,0001326160-25-000072_acceptance,acceptance
-0.0033846511420911,-0.0178190070857499,5,-0.0001901163999216,-0.0031945347421695,0001326160-25-000072_acceptance,acceptance
0.0090226992823456,-0.0028221256867719,-5,0.0008773450131023,0.0081453542692433,0001326160-26-000014_acceptance,acceptance
0.0032443941532838,0.0069397247635067,-4,-0.0014311136113431,0.004675507764627,0001326160-26-000014_acceptance,acceptance
0.0079666388959545,-0.0103856522472848,-3,0.002665949356999,0.0053006895389554,0001326160-26-000014_acceptance,acceptance
0.0052429735880048,0.0076516140863223,-2,-0.0015994594649571,0.006842433052962,0001326160-26-000014_acceptance,acceptance
0.0036586205256576,0.0081363556573399,-1,-0.0017140899713291,0.0053727104969868,0001326160-26-000014_acceptance,acceptance
0.0023269075737932,-0.0053655805693283,0,0.0014788150304347,0.0008480925433585,0001326160-26-000014_acceptance,acceptance
0.0125358060978719,-0.0043393528110311,1,0.0012361351890099,0.011299670908862,0001326160-26-000014_acceptance,acceptance
0.0059609728210821,0.0003983547353176,2,0.0001157736447334,0.0058451991763486,0001326160-26-000014_acceptance,acceptance
-0.00151945192159,-0.0094440310956254,3,0.0024432770798954,-0.0039627290014855,0001326160-26-000014_acceptance,acceptance
0.0034240284459565,0.0077560492642863,4,-0.0016241560415431,0.0050481844874997,0001326160-26-000014_acceptance,acceptance
-0.002047288960886,-0.005646704863891,5,0.0015452946190772,-0.0035925835799632,0001326160-26-000014_acceptance,acceptance
-0.0139442598089699,-0.0008664638929263,-5,-0.00124247303711,-0.0127017867718599,0001652044-17-000008_acceptance,acceptance
-0.0250878292314458,-0.0060095435176958,-4,-0.0067866763065364,-0.0183011529249093,0001652044-17-000008_acceptance,acceptance
-0.0044184346731521,-0.000889905407144,-3,-0.0012677428227731,-0.003150691850379,0001652044-17-000008_acceptance,acceptance
-0.0060350860982014,0.0002983634896507,-2,1.3202599661876444e-05,-0.0060482886978633,0001652044-17-000008_acceptance,acceptance
0.0037043709782516,0.0005703094032936,-1,0.000306358361098,0.0033980126171535,0001652044-17-000008_acceptance,acceptance
0.0022853909209175,0.0072647580986477,0,0.0075229264587488,-0.0052375355378313,0001652044-17-000008_acceptance,acceptance
0.001816818730306,-0.0021153569858851,1,-0.0025887709119862,0.0044055896422922,0001652044-17-000008_acceptance,acceptance
0.0092621331319264,0.0002268291856959,2,-6.391087140946816e-05,0.0093260440033359,0001652044-17-000008_acceptance,acceptance
0.0007838249879208,0.00069332238554,3,0.0004389654813666,0.0003448595065542,0001652044-17-000008_acceptance,acceptance
0.0002167078906638,0.0057525464497805,4,0.0058927730527357,-0.0056760651620718,0001652044-17-000008_acceptance,acceptance
0.0057707896145271,0.0035660501028451,5,0.0035357455362093,0.0022350440783177,0001652044-17-000008_acceptance,acceptance
-0.0076782346954136,-0.0108988156202839,-5,-0.0145252907609182,0.0068470560655046,0001652044-18-000007_acceptance,acceptance
0.004119435365482,0.0004889853730833,-4,0.000940386865563,0.003179048499919,0001652044-18-000007_acceptance,acceptance
-0.0005328500873608,-0.0006480882520516,-3,-0.0006038633486929,7.101326133218265e-05,0001652044-18-000007_acceptance,acceptance
-0.0528019234808089,-0.021208547923968,-2,-0.0285268522842507,-0.0242750711965581,0001652044-18-000007_acceptance,acceptance
-0.0507593229264192,-0.0409792248042282,-1,-0.0553772437922795,0.0046179208658602,0001652044-18-000007_acceptance,acceptance
0.0207455547466517,0.0174409205923138,0,0.0239626688143179,-0.0032171140676661,0001652044-18-000007_acceptance,acceptance
-0.0267605643806116,-0.0050015884169394,1,-0.0065163156418269,-0.0202442487387847,0001652044-18-000007_acceptance,acceptance
-0.0451956221505027,-0.037536419758088,2,-0.0507015989504493,0.0055059767999465,0001652044-18-000007_acceptance,acceptance
0.0382648529978699,0.0149360902084947,3,0.0205608795445787,0.0177039734532911,0001652044-18-000007_acceptance,acceptance
0.0079235717665639,0.0139145847540425,4,0.0191735814998156,-0.0112500097332516,0001652044-18-000007_acceptance,acceptance
-0.0003982605661201,0.002612929746329,5,0.0038248980185353,-0.0042231585846555,0001652044-18-000007_acceptance,acceptance
-0.0090754084404536,-0.0014562465775435,-5,-0.0019490061054628,-0.0071264023349907,0001652044-19-000004_acceptance,acceptance
0.0261015322223312,0.0155492609197442,-4,0.0200818737325553,0.0060196584897759,0001652044-19-000004_acceptance,acceptance
0.0254100752529475,0.0085973959487253,-3,0.0110756325573905,0.014334442695557,0001652044-19-000004_acceptance,acceptance
-0.0064571720497867,0.0008986100931438,-2,0.0011017446207911,-0.0075589166705779,0001652044-19-000004_acceptance,acceptance
0.0203821706922968,0.006776236617404,-1,0.0087162944194005,0.0116658762728962,0001652044-19-000004_acceptance,acceptance
0.0091553204706298,0.0047084203769747,0,0.0060374087038601,0.0031179117667696,0001652044-19-000004_acceptance,acceptance
-0.025158941760337,-0.0022244379802809,1,-0.0029442091294834,-0.0222147326308535,0001652044-19-000004_acceptance,acceptance
-0.0151218028626234,-0.0093571401439401,2,-0.0121847274917264,-0.0029370753708969,0001652044-19-000004_acceptance,acceptance
-0.0031918516583964,0.000676201086956,3,0.0008136105506379,-0.0040054622090343,0001652044-19-000004_acceptance,acceptance
-0.0002358708241134,0.0007091030986317,4,0.0008562355805448,-0.0010921064046583,0001652044-19-000004_acceptance,acceptance
0.0231008775053125,0.0128902247439735,5,0.0166370540773528,0.0064638234279596,0001652044-19-000004_acceptance,acceptance
0.0131097354652078,0.010053584595046,-5,0.0126247493223647,0.0004849861428431,0001652044-20-000008_acceptance,acceptance
0.0042745671590562,-0.0008668741908683,-4,-0.0007509969261779,0.0050255640852342,0001652044-20-000008_acceptance,acceptance
-0.0016819922249364,0.0031343587926053,-3,0.0041498481864171,-0.0058318404113536,0001652044-20-000008_acceptance,acceptance
-0.0147633601063137,-0.0177058203755262,-2,-0.0213759061607022,0.0066125460543885,0001652044-20-000008_acceptance,acceptance
0.0347713667678704,0.0072546138923517,-1,0.009196475601426,0.0255748911664443,0001652044-20-000008_acceptance,acceptance
-0.0250842071107904,0.0149804141640821,0,0.0186592963516748,-0.0437435034624652,0001652044-20-000008_acceptance,acceptance
0.0004425924171438,0.0112505958978537,1,0.0140908891390951,-0.0136482967219513,0001652044-20-000008_acceptance,acceptance
0.0206909099586003,0.0033256728767856,2,0.0043841761294032,0.0163067338291971,0001652044-20-000008_acceptance,acceptance
0.0021274841521476,-0.0054008536727301,3,-0.0063043679185856,0.0084318520707333,0001652044-20-000008_acceptance,acceptance
0.0199780777692437,0.0073263978048905,4,0.0092843989586466,0.0106936788105971,0001652044-20-000008_acceptance,acceptance
0.0009280212277835,0.0016884725532351,5,0.002378877953278,-0.0014508567254945,0001652044-20-000008_acceptance,acceptance
-0.0466522133437062,-0.025677883699462,-5,-0.0325230379305627,-0.0141291754131435,0001652044-21-000010_acceptance,acceptance
0.0188351508069659,0.0097606259756297,-4,0.0127436283803772,0.0060915224265886,0001652044-21-000010_acceptance,acceptance
-0.0139433019875647,-0.0193114751731245,-3,-0.0243910342711821,0.0104477322836174,0001652044-21-000010_acceptance,acceptance
0.0359589018000987,0.0160517676144393,-2,0.0207794913974672,0.0151794104026314,0001652044-21-000010_acceptance,acceptance
0.0137607112944799,0.0138982234844169,-1,0.0180287051930426,-0.0042679938985627,0001652044-21-000010_acceptance,acceptance
0.0728249971726342,0.0010087690809532,0,0.0015646203102137,0.0712603768624205,0001652044-21-000010_acceptance,acceptance
-0.0025497740891179,0.0108533222304207,1,0.0141393619255608,-0.0166891360146788,0001652044-21-000010_acceptance,acceptance
0.0171402082687948,0.0038974951646253,2,0.0052544763705321,0.0118857318982626,0001652044-21-000010_acceptance,acceptance
-0.0020633731357372,0.0073993483603735,3,0.0097274979940473,-0.0117908711297845,0001652044-21-000010_acceptance,acceptance
-0.0043798781289857,-0.0011135249921484,4,-0.0011462492636358,-0.0032336288653498,0001652044-21-000010_acceptance,acceptance
0.0053435482781576,-0.0003451849323593,5,-0.0001648255689412,0.0055083738470988,0001652044-21-000010_acceptance,acceptance
0.0181036732503077,-0.0014966358477518,-5,-0.0020078642108794,0.0201115374611871,0001652044-22-000019_acceptance,acceptance
-0.0017642716602891,-0.0053840887577105,-4,-0.0065611644183137,0.0047968927580245,0001652044-22-000019_acceptance,acceptance
0.0336885884577617,0.0243476468880761,-3,0.0282630562781057,0.005425532179656,0001652044-22-000019_acceptance,acceptance
0.0146418227095705,0.0188859517327795,-2,0.0218658758467115,-0.0072240531371409,0001652044-22-000019_acceptance,acceptance
0.0172982422944767,0.0068630035578014,-1,0.0077836236144445,0.0095146186800321,0001652044-22-000019_acceptance,acceptance
0.0752374012784131,0.0094225154473364,0,0.0107815315730707,0.0644558697053423,0001652044-22-000019_acceptance,acceptance
-0.0331756124464646,-0.024391082077444,1,-0.0288236968862279,-0.0043519155602366,0001652044-22-000019_acceptance,acceptance
0.0014186438742047,0.0051569298644233,2,0.0057853317040638,-0.0043666878298591,0001652044-22-000019_acceptance,acceptance
-0.0285569283655892,-0.0037017126347429,3,-0.0045906290248001,-0.023966299340789,0001652044-22-000019_acceptance,acceptance
0.0014225349229279,0.0084012071916632,4,0.0095852924931071,-0.0081627575701791,0001652044-22-000019_acceptance,acceptance
0.0157317388508144,0.0145172078875055,5,0.0167488486523874,-0.0010171098015729,0001652044-22-000019_acceptance,acceptance
0.0189705818124752,0.002494840970949,-5,0.0015274316347447,0.0174431501777304,0001652044-23-000016_acceptance,acceptance
-0.0244540785449781,-0.0129687409846833,-4,-0.0187458857231267,-0.0057081928218513,0001652044-23-000016_acceptance,acceptance
0.0195996409762224,0.0146424702855101,-3,0.0174534146926466,0.0021462262835758,0001652044-23-000016_acceptance,acceptance
0.0160865222825985,0.0104523039445902,-2,0.0119599544933557,0.0041265677892427,0001652044-23-000016_acceptance,acceptance
0.0727871050072548,0.0146993732443099,-1,0.017528016537527,0.0552590884697277,0001652044-23-000016_acceptance,acceptance
-0.0274736131300191,-0.0103546106913104,0,-0.0153186660010448,-0.0121549471289743,0001652044-23-000016_acceptance,acceptance
-0.0179422356320652,-0.0061404630177543,1,-0.009793765404012,-0.0081484702280531,0001652044-23-000016_acceptance,acceptance
0.046064056930978,0.0128725105980265,2,0.0151329332829739,0.030931123648004,0001652044-23-000016_acceptance,acceptance
-0.0768300356578557,-0.0110807244761647,3,-0.0162706275349579,-0.0605594081228978,0001652044-23-000016_acceptance,acceptance
-0.0438766329433534,-0.0088297961777351,4,-0.0133195788144993,-0.030557054128854,0001652044-23-000016_acceptance,acceptance
-0.004631086549469,0.0021952617756952,5,0.0011346724333758,-0.0057657589828449,0001652044-23-000016_acceptance,acceptance
0.0112894123469278,0.0008119284117831,-5,0.0009855696962328,0.0103038426506949,0001652044-24-000022_acceptance,acceptance
0.0213179990977221,0.0052603655277063,-4,0.0069394241264805,0.0143785749712416,0001652044-24-000022_acceptance,acceptance
0.0021070814021717,-0.0006517852510764,-3,-0.0009734864507083,0.00308056785288,0001652044-24-000022_acceptance,acceptance
0.0086733592384302,0.0075567748961808,-2,0.0100129725966193,-0.001339613358189,0001652044-24-000022_acceptance,acceptance
-0.0133540365503295,-0.0006006499345398,-1,-0.0009050461821444,-0.012448990368185,0001652044-24-000022_acceptance,acceptance
-0.0750033562098018,-0.0161057446115979,0,-0.0216572956191364,-0.0533460605906653,0001652044-24-000022_acceptance,acceptance
0.0075658754082441,0.0124936882116097,1,0.0166206108409816,-0.0090547354327374,0001652044-24-000022_acceptance,acceptance
0.0086427553454548,0.0106844460775146,2,0.0141990942465545,-0.0055563389010996,0001652044-24-000022_acceptance,acceptance
0.0091305250500888,-0.0031863375266721,3,-0.0043657689313876,0.0134962939814764,0001652044-24-000022_acceptance,acceptance
0.002923198235746,0.0023104108269635,4,0.0029911608586514,-6.796262290536918e-05,0001652044-24-000022_acceptance,acceptance
0.00999302918815,0.00824145796339,5,0.0109293626020949,-0.0009363334139448,0001652044-24-000022_acceptance,acceptance
0.0005632442681229,-0.0046788957603215,-5,-0.0045974890901611,0.005160733358284,0001652044-25-000014_acceptance,acceptance
0.0279412023440142,0.0052754144053117,-4,0.0068346798650947,0.0211065224789194,0001652044-25-000014_acceptance,acceptance
0.0156817984195791,-0.0050468257540199,-3,-0.0050200435195165,0.0207018419390957,0001652044-25-000014_acceptance,acceptance
-0.0136751657082911,-0.0076085976846667,-2,-0.0079621468947053,-0.0057130188135858,0001652044-25-000014_acceptance,acceptance
0.0255926824615657,0.0072248818286797,-1,0.0090735734283728,0.0165191090331929,0001652044-25-000014_acceptance,acceptance
-0.0729236875984417,0.0039086729306143,0,0.0052650261977979,-0.0781887137962396,0001652044-25-000014_acceptance,acceptance
0.0014111365798272,0.0036442987226186,1,0.0049614018820061,-0.0035502653021788,0001652044-25-000014_acceptance,acceptance
-0.0326722729788424,-0.0094647701115428,2,-0.0100938944935894,-0.022578378485253,0001652044-25-000014_acceptance,acceptance
0.0060969393818111,0.0067125410858628,3,0.008485168422191,-0.0023882290403799,0001652044-25-000014_acceptance,acceptance
-0.006167159607582,0.0003395827888592,4,0.0011660539095975,-0.0073332135171795,0001652044-25-000014_acceptance,acceptance
-0.009227476786372,-0.0027238667143857,5,-0.0023522082024172,-0.0068752685839547,0001652044-25-000014_acceptance,acceptance
0.0066664852731355,-0.0012926312740076,-5,0.0019960450740568,0.0046704401990786,0001652044-26-000018_acceptance,acceptance
-0.0007390896812468,-0.0043018996208942,-4,-0.0022702269409829,0.0015311372597361,0001652044-26-000018_acceptance,acceptance
0.0168343257119247,0.0053912661291679,-3,0.0114718781190123,0.0053624475929123,0001652044-26-000018_acceptance,acceptance
-0.0115802529303606,-0.0084039830206983,-2,-0.0080857945788942,-0.0034944583514664,0001652044-26-000018_acceptance,acceptance
-0.0196343746019915,-0.0050723919062231,-1,-0.0033625621187692,-0.0162718124832223,0001652044-26-000018_acceptance,acceptance
-0.0053748361047742,-0.0122510155676747,0,-0.0135397738868857,0.0081649377821114,0001652044-26-000018_acceptance,acceptance
-0.0253282348678729,0.0196957966973359,1,0.0317515645465779,-0.0570797994144508,0001652044-26-000018_acceptance,acceptance
0.0045221412460498,0.0046910867168872,2,0.0104792262555749,-0.005957085009525,0001652044-26-000018_acceptance,acceptance
-0.0176986494837925,-0.0033037129754581,3,-0.0008550870264531,-0.0168435624573393,0001652044-26-000018_acceptance,acceptance
-0.0239186037840049,-4.895607156218951e-05,4,0.0037592167491525,-0.0276778205331574,0001652044-26-000018_acceptance,acceptance
-0.0063031023169292,-0.0156610121277019,5,-0.0183741625882051,0.0120710602712759,0001652044-26-000018_acceptance,acceptance
0.003768464915629,0.0016785565287558,-5,0.0049681479451631,-0.001199683029534,0001193125-17-056804_acceptance,acceptance
0.0055114866407581,0.0060480661608284,-4,0.0106826366050394,-0.0051711499642812,0001193125-17-056804_acceptance,acceptance
-0.0001190338110265,-0.001082200145408,-3,0.0013576025898244,-0.001476636400851,0001193125-17-056804_acceptance,acceptance
-0.0021452416588571,0.0004189867216857,-2,0.003320869878537,-0.0054661115373941,0001193125-17-056804_acceptance,acceptance
-0.015287285248294,0.0014933641914423,-1,0.0047259515431444,-0.0200132367914384,0001193125-17-056804_acceptance,acceptance
0.0080048462425927,0.0010179830611165,0,0.0041042433179408,0.0039006029246519,0001193125-17-056804_acceptance,acceptance
-0.002493161250437,-0.0025783763780462,1,-0.0005991117407334,-0.0018940495097036,0001193125-17-056804_acceptance,acceptance
0.0187455952247537,0.0136738546598662,2,0.0206557195296092,-0.0019101243048555,0001193125-17-056804_acceptance,acceptance
-0.0065293130614244,-0.0058598805035984,3,-0.0048906958524064,-0.0016386172090179,0001193125-17-056804_acceptance,acceptance
0.007289004676791,0.00050387727206,4,0.0034318905944278,0.0038571140823631,0001193125-17-056804_acceptance,acceptance
-0.003479610821875,-0.0032772408480052,5,-0.0015130937260476,-0.0019665170958274,0001193125-17-056804_acceptance,acceptance
-0.0002241599110427,0.0003734693722488,-5,0.0004769604255059,-0.0007011203365486,0001193125-18-056383_acceptance,acceptance
-0.0102008724315922,-0.0058413894593534,-4,-0.0073487994967883,-0.0028520729348039,0001193125-18-056383_acceptance,acceptance
-0.0056252220399796,-0.0054965031281792,-3,-0.006914518091308,0.0012892960513284,0001193125-18-056383_acceptance,acceptance
-0.0074791120422702,0.0009735510790762,-2,0.0012325842455535,-0.0087116962878238,0001193125-18-056383_acceptance,acceptance
0.020426335628028,0.0160283763505131,-1,0.0201896436798351,0.0002366919481929,0001193125-18-056383_acceptance,acceptance
0.0168309753767883,0.0117570153438109,0,0.0148111392462463,0.0020198361305419,0001193125-18-056383_acceptance,acceptance
-0.0122762744029074,-0.0127068884438292,1,-0.0159938465131517,0.0037175721102442,0001193125-18-056383_acceptance,acceptance
-0.0159067107112387,-0.011095788639207,2,-0.0139651471293914,-0.0019415635818473,0001193125-18-056383_acceptance,acceptance
-0.0233903140510391,-0.0133243995419872,3,-0.0167714174499144,-0.0066188966011247,0001193125-18-056383_acceptance,acceptance
0.0052182955151112,0.005071602744632,4,0.0063928572867884,-0.0011745617716772,0001193125-18-056383_acceptance,acceptance
0.0193708874075064,0.011032026532745,5,0.0138982322059607,0.0054726552015457,0001193125-18-056383_acceptance,acceptance
0.0008567037250086,0.0014987433214488,-5,0.001058071071734,-0.0002013673467253,0001193125-19-050198_acceptance,acceptance
-0.0003524961737242,0.0017771107537685,-4,0.001367228814312,-0.0017197249880362,0001193125-19-050198_acceptance,acceptance
-0.0112789919770813,-0.0035264367908802,-3,-0.0045229458117044,-0.0067560461653769,0001193125-19-050198_acceptance,acceptance
-0.0018332361992227,0.0064111023949868,-2,0.0065137877453839,-0.0083470239446066,0001193125-19-050198_acceptance,acceptance
0.0135202402887542,0.0012318625699112,-1,0.0007616705553541,0.0127585697334,0001193125-19-050198_acceptance,acceptance
0.0012586750053618,-0.0007904570968998,0,-0.0014843385332536,0.0027430135386154,0001193125-19-050198_acceptance,acceptance
-9.161815717195765e-08,-0.0005440493877303,1,-0.0012106755889722,0.001210583970815,0001193125-19-050198_acceptance,acceptance
-0.0070672420531777,-0.0028255083152146,2,-0.0037444874143278,-0.0033227546388499,0001193125-19-050198_acceptance,acceptance
0.0076258603279211,0.0068953205934343,3,0.0070515654728276,0.0005742948550934,0001193125-19-050198_acceptance,acceptance
-0.0112006226892391,-0.003880558492514,4,-0.0049162370274284,-0.0062843856618107,0001193125-19-050198_acceptance,acceptance
0.0001017775415212,-0.0011315328231061,5,-0.0018631407540572,0.0019649182955785,0001193125-19-050198_acceptance,acceptance
-0.0012572775082669,-0.0016304457368023,-5,-0.0025065962169368,0.0012493187086698,0001193125-20-043853_acceptance,acceptance
-0.0053281887237132,0.0018435333204338,-4,0.0028673221234951,-0.0081955108472084,0001193125-20-043853_acceptance,acceptance
-0.0163237637733713,-0.0029199426368901,-3,-0.0045013264462044,-0.0118224373271668,0001193125-20-043853_acceptance,acceptance
0.0176665034898755,0.0047057858811645,-2,0.0072949572006324,0.0103715462892431,0001193125-20-043853_acceptance,acceptance
-0.0193821226189788,-0.0038155197636281,-1,-0.0058866998947357,-0.0134954227242431,0001193125-20-043853_acceptance,acceptance
-0.0090663193249176,-0.0105181030271228,0,-0.0162549647963158,0.0071886454713982,0001193125-20-043853_acceptance,acceptance
-0.0263637638262738,-0.0335136266712231,1,-0.0518268736140912,0.0254631097878174,0001193125-20-043853_acceptance,acceptance
-0.0308629630527876,-0.0302799955650561,2,-0.0468247509123363,0.0159617878595486,0001193125-20-043853_acceptance,acceptance
-0.0084097315467904,-0.003778540605322,3,-0.0058294966204036,-0.0025802349263868,0001193125-20-043853_acceptance,acceptance
-0.046760569813432,-0.0441632425840791,4,-0.0683008261997995,0.0215402563863675,0001193125-20-043853_acceptance,acceptance
-0.0179514649691923,-0.0082383404443618,5,-0.012728386842482,-0.0052230781267102,0001193125-20-043853_acceptance,acceptance
0.0132309264485885,0.0047110331133788,-5,0.0065001997388411,0.0067307267097474,0001193125-21-049380_acceptance,acceptance
0.018412007601396,-0.0005692724183511,-4,0.0021576795056228,0.0162543280957732,0001193125-21-049380_acceptance,acceptance
0.002500322474422,-0.0003204020092266,-3,0.002362350386991,0.0001379720874309,0001193125-21-049380_acceptance,acceptance
-0.0090807982994408,-0.0044158356273545,-2,-0.00100573186576,-0.0080750664336808,0001193125-21-049380_acceptance,acceptance
0.0184575393555641,-0.0018548966445751,-1,0.0011003828811859,0.0173571564743781,0001193125-21-049380_acceptance,acceptance
0.0039603774439562,-0.0077328394581538,0,-0.0037336339089944,0.0076940113529507,0001193125-21-049380_acceptance,acceptance
0.0073848467144705,0.0012563181187927,1,0.0036590441136897,0.0037258026007808,0001193125-21-049380_acceptance,acceptance
0.0358072897464758,0.011351613765979,2,0.0119614094493304,0.0238458802971454,0001193125-21-049380_acceptance,acceptance
-0.0087104644322524,-0.0244788075251262,3,-0.0175055084186555,0.0087950439864031,0001193125-21-049380_acceptance,acceptance
-0.025262554731262,-0.0047502141699028,4,-0.0012807245868903,-0.0239818301443717,0001193125-21-049380_acceptance,acceptance
0.0367343450584018,0.0237907635068002,5,0.0221913590439044,0.0145429860144974,0001193125-21-049380_acceptance,acceptance
-0.0305234320556329,-0.021173138152195,-5,-0.0245039977295276,-0.0060194343261053,0001193125-22-052682_acceptance,acceptance
-0.0086518535331485,-0.0071661613961429,-4,-0.0091260271559792,0.0004741736228306,0001193125-22-052682_acceptance,acceptance
-0.0051151652424259,-0.0101429452648328,-3,-0.0123941767027219,0.0072790114602959,0001193125-22-052682_acceptance,acceptance
-0.008946325728555,-0.0184121228454876,-2,-0.021472736031937,0.0125264103033819,0001193125-22-052682_acceptance,acceptance
-0.0029309552240395,0.0149568560673292,-1,0.01516237693553,-0.0180933321595695,0001193125-22-052682_acceptance,acceptance
0.0291895106614599,0.0223726776556034,0,0.0233040543402484,0.0058854563212114,0001193125-22-052682_acceptance,acceptance
-0.0252200434723373,-0.0024426034406476,1,-0.003940130405585,-0.0212799130667522,0001193125-22-052682_acceptance,acceptance
-0.0326856133960721,-0.0154735036804118,2,-0.0182464867252924,-0.0144391266707797,0001193125-22-052682_acceptance,acceptance
0.0249238415971653,0.018642691757321,3,0.0192089798368404,0.0057148617603248,0001193125-22-052682_acceptance,acceptance
-0.0087997941255912,-0.0052546664300883,4,-0.0070274363000493,-0.0017723578255419,0001193125-22-052682_acceptance,acceptance
-0.0112467523550406,-0.0079340425503344,5,-0.0099690680204568,-0.0012776843345838,0001193125-22-052682_acceptance,acceptance
-0.0110594355807209,-0.0137887414891306,-5,-0.011538082157731,0.00047864657701,0000886982-23-000003_acceptance,acceptance
-0.0045920583373677,-0.0027674058253277,-4,-0.0018811861388101,-0.0027108721985575,0000886982-23-000003_acceptance,acceptance
-0.0200273820960307,-0.0200412342553273,-3,-0.0170165172897377,-0.0030108648062929,0000886982-23-000003_acceptance,acceptance
-0.0006366438753211,-0.0015735561458868,-2,-0.0008351348644218,0.0001984909891006,0000886982-23-000003_acceptance,acceptance
0.007342721131835,0.0053294294160743,-1,0.0052132621561775,0.0021294589756575,0000886982-23-000003_acceptance,acceptance
0.0008530040243091,-0.0105375514855581,0,-0.0086893889720794,0.0095423929963885,0000886982-23-000003_acceptance,acceptance
0.0046171428990908,0.0030730045671669,1,0.0032361823534116,0.0013809605456792,0000886982-23-000003_acceptance,acceptance
-0.0379722405053185,-0.0030360018281855,2,-0.002116529998195,-0.0358557105071235,0000886982-23-000003_acceptance,acceptance
-0.0083630074849595,-0.00472526484568,3,-0.0035966625162644,-0.004766344968695,0000886982-23-000003_acceptance,acceptance
0.0082891532396587,0.0075821940867943,4,0.0071871349102476,0.001102018329411,0000886982-23-000003_acceptance,acceptance
0.0228873053866855,0.0161477371607488,5,0.014692265080852,0.0081950403058335,0000886982-23-000003_acceptance,acceptance
0.0195218332609838,0.0058212506847294,-5,0.0077337154480859,0.0117881178128978,0000886982-24-000006_acceptance,acceptance
-0.0025427820305814,-0.0048034698371121,-4,-0.0051158516202679,0.0025730695896864,0000886982-24-000006_acceptance,acceptance
0.0002080052823743,-0.0060053220011653,-3,-0.0065693750288602,0.0067773803112345,0000886982-24-000006_acceptance,acceptance
0.0097524174638614,0.0012641999229821,-2,0.0022224053598262,0.0075300121040352,0000886982-24-000006_acceptance,acceptance
0.0056663461927153,0.021122884217414,-1,0.0262395543479804,-0.0205732081552651,0000886982-24-000006_acceptance,acceptance
0.0014851847434729,0.0003479475462115,0,0.0011142871422553,0.0003708976012175,0000886982-24-000006_acceptance,acceptance
-0.0021223528208399,-0.0037867513501905,1,-0.0038862294047492,0.0017638765839093,0000886982-24-000006_acceptance,acceptance
0.0015119281101445,0.0017063496993998,2,0.0027571425507629,-0.0012452144406184,0000886982-24-000006_acceptance,acceptance
0.0131938109745797,-0.0016581550604305,3,-0.0013118990277296,0.0145057100023093,0000886982-24-000006_acceptance,acceptance
-0.0105039549507557,0.0052290946971491,4,0.0070175603208335,-0.0175215152715893,0000886982-24-000006_acceptance,acceptance
-0.0024419446552015,0.0080078289488876,5,0.0103781693890386,-0.0128201140442402,0000886982-24-000006_acceptance,acceptance
-0.0387487034506018,-0.0043341850761716,-5,-0.005734642129698,-0.0330140613209038,0000886982-25-000005_acceptance,acceptance
-0.0259398358271616,-0.0170641267025635,-4,-0.0266965589311291,0.0007567231039674,0000886982-25-000005_acceptance,acceptance
0.000863340658648,-0.0049691065044024,-3,-0.006780143401002,0.00764348405965,0000886982-25-000005_acceptance,acceptance
-0.0179353750425267,-0.0046797309154723,-2,-0.0063036394862518,-0.0116317355562748,0000886982-25-000005_acceptance,acceptance
0.0046509257096394,0.0001360242800469,-1,0.001626283737846,0.0030246419717933,0000886982-25-000005_acceptance,acceptance
-0.0158148397587235,-0.0158645536555098,0,-0.0247212670446804,0.0089064272859568,0000886982-25-000005_acceptance,acceptance
0.0285785792964476,0.0158541446349889,1,0.027508722230108,0.0010698570663396,0000886982-25-000005_acceptance,acceptance
-0.0273668077015729,-0.0175967394669998,2,-0.027573592367979,0.0002067846664061,0000886982-25-000005_acceptance,acceptance
-0.0398505600103724,-0.0122348266022004,3,-0.0187443318209058,-0.0211062281894666,0000886982-25-000005_acceptance,acceptance
0.0205285614415049,0.0111592778931879,4,0.0197778614827652,0.0007506999587396,0000886982-25-000005_acceptance,acceptance
-0.0428279085469105,-0.0178190070857499,5,-0.0279395921084831,-0.0148883164384273,0000886982-25-000005_acceptance,acceptance
-0.0182922607186698,-0.0028221256867719,-5,-0.0019645735338433,-0.0163276871848264,0000886982-26-000091_acceptance,acceptance
0.0060983445034301,0.0069397247635067,-4,0.0104315077690418,-0.0043331632656117,0000886982-26-000091_acceptance,acceptance
-0.0324536253991072,-0.0103856522472848,-3,-0.0115691142567523,-0.0208845111423549,0000886982-26-000091_acceptance,acceptance
0.0111620148092586,0.0076516140863223,-2,0.0113355000980808,-0.0001734852888222,0000886982-26-000091_acceptance,acceptance
0.0211799030565114,0.0081363556573399,-1,0.0119510489590092,0.0092288540975021,0000886982-26-000091_acceptance,acceptance
0.0082702764465891,-0.0053655805693283,0,-0.0051943785462207,0.0134646549928099,0000886982-26-000091_acceptance,acceptance
-0.0747362901474326,-0.0043393528110311,1,-0.0038912236995117,-0.0708450664479209,0000886982-26-000091_acceptance,acceptance
0.007753809505695,0.0003983547353176,2,0.0021249520484127,0.0056288574572822,0000886982-26-000091_acceptance,acceptance
0.001021258841467,-0.0094440310956254,3,-0.0103733970705549,0.011394655912022,0000886982-26-000091_acceptance,acceptance
0.0054139702515167,0.0077560492642863,4,0.011468117060768,-0.0060541468092512,0000886982-26-000091_acceptance,acceptance
-0.0366561228266204,-0.005646704863891,5,-0.0055513641023267,-0.0311047587242937,0000886982-26-000091_acceptance,acceptance
0.005849809432485,-0.0013143147950017,-5,-0.0006091673602191,0.0064589767927041,0000354950-17-000005_acceptance,acceptance
-0.0120324055853804,-0.0020098935338483,-4,-0.001226101214829,-0.0108063043705513,0000354950-17-000005_acceptance,acceptance
-0.0080517559192662,-0.0124079729406268,-3,-0.0104485326243932,0.002396776705127,0000354950-17-000005_acceptance,acceptance
0.0051159328668581,0.0018898864360001,-2,0.0022327542023429,0.0028831786645152,0000354950-17-000005_acceptance,acceptance
0.0042751341001421,-0.0010602696613281,-1,-0.0003838455744755,0.0046589796746176,0000354950-17-000005_acceptance,acceptance
-0.0018915591927471,-0.0008439958489141,0,-0.0001920245349696,-0.0016995346577775,0000354950-17-000005_acceptance,acceptance
-0.0056870612155812,-0.0010195874529811,1,-0.0003477630575614,-0.0053392981580198,0000354950-17-000005_acceptance,acceptance
0.0022470141133486,0.0072514743535005,2,0.0069881397770348,-0.0047411256636862,0000354950-17-000005_acceptance,acceptance
-0.0010870465862441,0.0010853247429301,3,0.0015191594374997,-0.0026062060237438,0000354950-17-000005_acceptance,acceptance
-0.0006120718320533,0.0029351099368557,4,0.003159800598817,-0.0037718724308703,0000354950-17-000005_acceptance,acceptance
-0.0008166392641153,-0.0022550474897145,5,-0.0014435370945055,0.0006268978303901,0000354950-17-000005_acceptance,acceptance
0.0049979103127151,0.0017034471678114,-5,0.0025597521110749,0.0024381582016402,0000354950-18-000019_acceptance,acceptance
-0.0103933197448878,-0.014204195388793,-4,-0.0170781349212397,0.0066848151763518,0000354950-18-000019_acceptance,acceptance
0.0059853319343499,0.0014818054520648,-3,0.0022861367742962,0.0036991951600536,0000354950-18-000019_acceptance,acceptance
-0.0007856805985924,-0.0018439898833508,-2,-0.0018195371404333,0.0010338565418409,0000354950-18-000019_acceptance,acceptance
-0.0153355151571041,-0.0251628884058564,-1,-0.0306065741431506,0.0152710589860464,0000354950-18-000019_acceptance,acceptance
-0.0199094803929676,-0.020966880711866,0,-0.0254266284165542,0.0055171480235865,0000354950-18-000019_acceptance,acceptance
0.0266587940651719,0.0271572557615125,1,0.0339823224841897,-0.0073235284190178,0000354950-18-000019_acceptance,acceptance
-0.0096385912542432,-0.0172763088138478,2,-0.0208706400757283,0.011232048821485,0000354950-18-000019_acceptance,acceptance
0.0004581663709763,-0.0029166571662562,3,-0.00314373831292,0.0036019046838964,0000354950-18-000019_acceptance,acceptance
0.0199131918634338,0.0137697186900191,4,0.0174554901949038,0.00245770166853,0000354950-18-000019_acceptance,acceptance
-0.0299600153579895,-0.0223374235601651,5,-0.0271185551449851,-0.0028414602130044,0000354950-18-000019_acceptance,acceptance
-0.0064225778776023,-0.0189745012394827,-5,-0.0187478954764944,0.0123253175988921,0000354950-19-000010_acceptance,acceptance
0.0049274768494762,-0.0008390206584756,-4,-0.0012395187691133,0.0061669956185896,0000354950-19-000010_acceptance,acceptance
-0.0017927309613899,0.0071827258623062,-3,0.0065048450656152,-0.0082975760270052,0000354950-19-000010_acceptance,acceptance
-0.0004750503903828,-0.0046443248906916,-2,-0.0049132399967495,0.0044381896063666,0000354950-19-000010_acceptance,acceptance
0.0042799133859192,0.003589481529391,-1,0.0030358509520416,0.0012440624338776,0000354950-19-000010_acceptance,acceptance
0.0096287273811017,0.0067342800173637,0,0.006071905957603,0.0035568214234987,0000354950-19-000010_acceptance,acceptance
0.0195423441560835,0.0115686001242754,1,0.0107390608850836,0.0088032832709999,0000354950-19-000010_acceptance,acceptance
-0.0067980271780173,1.745570720723677e-05,2,-0.0004126583622792,-0.0063853688157381,0000354950-19-000010_acceptance,acceptance
0.022129415315542,0.0021483768817243,3,0.0016445780307973,0.0204848372847447,0000354950-19-000010_acceptance,acceptance
0.0092644653397804,0.0020846350796801,4,0.0015830403463002,0.0076814249934801,0000354950-19-000010_acceptance,acceptance
0.0080316741251693,0.004636432770241,5,0.0040465998338914,0.0039850742912779,0000354950-19-000010_acceptance,acceptance
0.0353399637206668,0.0047078080405855,-5,0.0036124301754068,0.0317275335452599,0000354950-20-000015_acceptance,acceptance
-0.055731435855905,-0.0433595123084619,-4,-0.0351696083900648,-0.0205618274658401,0000354950-20-000015_acceptance,acceptance
0.0673021059143603,-0.0292938678218044,-3,-0.0238210588356361,0.0911231647499965,0000354950-20-000015_acceptance,acceptance
0.1375086167469426,0.0938277397622755,-2,0.075516846812006,0.0619917699349365,0000354950-20-000015_acceptance,acceptance
-0.0160243271848167,0.0115350114482219,-1,0.0091208060101027,-0.0251451331949194,0000354950-20-000015_acceptance,acceptance
0.0739988716795001,0.0624141633038768,0,0.050171507715874,0.0238273639636261,0000354950-20-000015_acceptance,acceptance
-0.0238717306878631,-0.0336873525622525,1,-0.027365843387876,0.0034941127000128,0000354950-20-000015_acceptance,acceptance
0.0291259462946817,0.0335160094837001,2,0.0268556809174027,0.002270265377279,0000354950-20-000015_acceptance,acceptance
-0.0478835199842224,-0.0160127219145556,3,-0.0131054643521423,-0.03477805563208,0000354950-20-000015_acceptance,acceptance
-0.0432755341666417,-0.0441424303316654,4,-0.0358012882247008,-0.0074742459419408,0000354950-20-000015_acceptance,acceptance
0.0150026632421067,0.0228293472348715,5,0.018233387341213,-0.0032307240991062,0000354950-20-000015_acceptance,acceptance
0.0111770742244692,-0.0147605393194591,-5,-0.0099535962667553,0.0211306704912246,0000354950-21-000089_acceptance,acceptance
0.0209776380135169,-0.0006027039747036,-4,-0.0018059129860944,0.0227835509996114,0000354950-21-000089_acceptance,acceptance
-0.0005531365164894,0.0070251180773117,-3,0.0025838172719342,-0.0031369537884237,0000354950-21-000089_acceptance,acceptance
0.0035992547117726,-0.0076308541839406,-2,-0.0058505384927038,0.0094497932044765,0000354950-21-000089_acceptance,acceptance
0.0095522655030977,-0.0054673360183149,-1,-0.0046054568572542,0.0141577223603519,0000354950-21-000089_acceptance,acceptance
0.0151323059821406,0.0052402658469594,0,0.0015566538446467,0.0135756521374939,0000354950-21-000089_acceptance,acceptance
0.0223095457570572,0.0166312026045196,1,0.0081120164908875,0.0141975292661696,0000354950-21-000089_acceptance,acceptance
-0.0052994887367719,-0.0008680126852336,2,-0.0019585953201067,-0.0033408934166652,0000354950-21-000089_acceptance,acceptance
0.0086703762992419,-0.0031578329337678,3,-0.0032763624575535,0.0119467387567954,0000354950-21-000089_acceptance,acceptance
0.0014100982831959,0.0036224990395776,4,0.0006256462967029,0.0007844519864929,0000354950-21-000089_acceptance,acceptance
0.0081901228478296,0.0118252017749447,5,0.0053462142582408,0.0028439085895887,0000354950-21-000089_acceptance,acceptance
0.0164697472771404,0.0123478175714519,-5,0.0108625940074004,0.0056071532697399,0000354950-22-000070_acceptance,acceptance
0.0130219305940846,0.0116622948279487,-4,0.0102439552599968,0.0027779753340877,0000354950-22-000070_acceptance,acceptance
-0.0333687474230689,-0.0004346603621039,-3,-0.0006727433865399,-0.032696004036529,0000354950-22-000070_acceptance,acceptance
0.0010930597938789,0.0113041136006502,-2,0.0099207204907649,-0.008827660696886,0000354950-22-000070_acceptance,acceptance
-0.0384557626185487,-0.012272698789159,-1,-0.0113557868502828,-0.0270999757682659,0000354950-22-000070_acceptance,acceptance
-0.0040057889636982,0.0143439129205664,0,0.0126639374904246,-0.0166697264541229,0000354950-22-000070_acceptance,acceptance
-0.0161502566232069,0.005066170567449,1,0.0042913911927845,-0.0204416478159914,0000354950-22-000070_acceptance,acceptance
0.0115875011189161,0.0071449552765867,2,0.0061673563314622,0.0054201447874539,0000354950-22-000070_acceptance,acceptance
0.0109140214756187,0.0122565474275304,3,0.0107802287641666,0.000133792711452,0000354950-22-000070_acceptance,acceptance
-0.0291147906465097,-0.0062937001746978,4,-0.005960137692567,-0.0231546529539427,0000354950-22-000070_acceptance,acceptance
-0.0295987923561095,-0.0156525407131773,5,-0.0144058697164059,-0.0151929226397035,0000354950-22-000070_acceptance,acceptance
-0.0119729992602691,-0.0184593578738486,-5,-0.018835219500592,0.0068622202403228,0000354950-23-000059_acceptance,acceptance
-0.0058677527186875,-0.0144781384570513,-4,-0.0145956314807631,0.0087278787620755,0000354950-23-000059_acceptance,acceptance
0.0007331599016728,-0.0015097610031894,-3,-0.0007856471684083,0.0015188070700812,0000354950-23-000059_acceptance,acceptance
-0.0033157506200124,0.0164766554806239,-2,0.0183680311048109,-0.0216837817248233,0000354950-23-000059_acceptance,acceptance
0.0084043464359178,-0.0069808835654376,-1,-0.0066118283560262,0.015016174791944,0000354950-23-000059_acceptance,acceptance
-0.0043058491748532,0.0175620062171666,0,0.0195238176863153,-0.0238296668611685,0000354950-23-000059_acceptance,acceptance
0.0057894574942638,-0.0110194573100675,1,-0.0109124928189516,0.0167019503132154,0000354950-23-000059_acceptance,acceptance
0.0030166782688298,0.00891840371831,2,0.0103192726045485,-0.0073025943357186,0000354950-23-000059_acceptance,acceptance
0.0005876611260433,0.0129821938977849,3,0.0146467899695322,-0.0140591288434888,0000354950-23-000059_acceptance,acceptance
-0.0235637451967468,-0.0164632237757136,4,-0.0167095425854439,-0.0068542026113028,0000354950-23-000059_acceptance,acceptance
0.0046001875161882,0.0029845287333754,5,0.0040003078192493,0.0005998796969389,0000354950-23-000059_acceptance,acceptance
-0.0023577966810803,0.0103041279259514,-5,0.0116965093286621,-0.0140543060097425,0000354950-24-000062_acceptance,acceptance
-0.0084983272145953,-0.0065285190034379,-4,-0.0072560589465545,-0.0012422682680407,0000354950-24-000062_acceptance,acceptance
-0.0049015834671347,-0.0011222380873464,-3,-0.0011689052976339,-0.0037326781695008,0000354950-24-000062_acceptance,acceptance
0.0081288648550157,0.0112017879813663,-2,0.0127072216402523,-0.0045783567852366,0000354950-24-000062_acceptance,acceptance
0.011881130647773,-0.0019245297153407,-1,-0.0020722383812529,0.013953369029026,0000354950-24-000062_acceptance,acceptance
-0.0098155466249841,-0.0028710915621273,0,-0.0031380112275078,-0.0066775353974763,0000354950-24-000062_acceptance,acceptance
-0.0054360604003627,-0.0064829174844615,1,-0.0072047143240788,0.0017686539237161,0000354950-24-000062_acceptance,acceptance
-0.0035368251866599,0.0063180595049523,2,0.0072084312375825,-0.0107452564242425,0000354950-24-000062_acceptance,acceptance
0.0201662642403943,0.0056491496501236,3,0.0064552781686215,0.0137109860717728,0000354950-24-000062_acceptance,acceptance
0.0131783881331288,0.0089041739128465,4,0.0101202436274426,0.0030581445056862,0000354950-24-000062_acceptance,acceptance
0.0280689129089364,0.003236535401516,5,0.0037388167314924,0.0243300961774439,0000354950-24-000062_acceptance,acceptance
0.0116916815562277,0.0212658690830878,-5,0.0108630845065769,0.0008285970496508,0000354950-25-000085_acceptance,acceptance
0.0080272610862961,0.0064161307191059,-4,0.0029728650087705,0.0050543960775256,0000354950-25-000085_acceptance,acceptance
-0.012876620641009,-0.0106535121176365,-3,-0.0060968724795162,-0.0067797481614927,0000354950-25-000085_acceptance,acceptance
0.0110135246049445,0.0107984955678945,-2,0.0053013787999819,0.0057121458049625,0000354950-25-000085_acceptance,acceptance
0.005941821046669,-0.0021848931523151,-1,-0.0015971795662901,0.0075390006129591,0000354950-25-000085_acceptance,acceptance
-0.012291771174099,0.0008246534476661,0,1.9047192839352568e-06,-0.012293675893383,0000354950-25-000085_acceptance,acceptance
0.0359389985227576,0.0176460001466336,1,0.0089397132146496,0.026999285308108,0000354950-25-000085_acceptance,acceptance
-0.007642138877031,0.0015743334544251,2,0.0004002376502393,-0.0080423765272703,0000354950-25-000085_acceptance,acceptance
0.0031579147382374,-0.0111569349226271,3,-0.0063643597802495,0.009522274518487,0000354950-25-000085_acceptance,acceptance
0.0016569436505866,-0.0033069808607638,4,-0.0021933865901744,0.0038503302407611,0000354950-25-000085_acceptance,acceptance
-0.0126265701465565,-0.019737220708344,5,-0.0109233854373898,-0.0017031847091666,0000354950-25-000085_acceptance,acceptance
-0.0274884449811176,-0.0152276765067085,-5,-0.0065277033707123,-0.0209607416104053,0001628280-26-019436_acceptance,acceptance
0.0002949902108577,-0.0060591154705643,-4,-0.0030502136061265,0.0033452038169842,0001628280-26-019436_acceptance,acceptance
0.010471074087216,0.0101308831622519,-3,0.0030903960612281,0.0073806780259879,0001628280-26-019436_acceptance,acceptance
-0.0033568764025032,0.0024942548757938,-2,0.0001939440882941,-0.0035508204907974,0001628280-26-019436_acceptance,acceptance
-0.0307529828907481,-0.0136075678800734,-1,-0.0059132218676247,-0.0248397610231234,0001628280-26-019436_acceptance,acceptance
-0.0082192368028032,-0.0027487977418789,0,-0.0017946626015959,-0.0064245742012072,0001628280-26-019436_acceptance,acceptance
-0.0227293038191673,-0.0151381823567792,1,-0.0064937596592463,-0.016235544159921,0001628280-26-019436_acceptance,acceptance
0.0316445654719226,0.0114532004639904,2,0.0035919300385014,0.0280526354334212,0001628280-26-019436_acceptance,acceptance
3.0139994658950897e-05,-0.0037425745042546,3,-0.0021715863637676,0.0022017263584266,0001628280-26-019436_acceptance,acceptance
0.0048352641536471,0.0054191243815093,4,0.0013033006960299,0.0035319634576171,0001628280-26-019436_acceptance,acceptance
-0.012270456971569,-0.0174061723924167,5,-0.0073539723037409,-0.004916484667828,0001628280-26-019436_acceptance,acceptance
0.0101703051049879,0.0072647580986477,-5,0.0069952670185864,0.0031750380864015,0000930413-17-000391_acceptance,acceptance
0.0012587053996835,-0.0021153569858851,-4,-0.0021085547306146,0.0033672601302981,0000930413-17-000391_acceptance,acceptance
0.003184277947823,0.0002268291856959,-3,0.0001646418365231,0.0030196361112998,0000930413-17-000391_acceptance,acceptance
8.341629121799699e-05,0.00069332238554,-2,0.0006173943774379,-0.0005339780862199,0000930413-17-000391_acceptance,acceptance
0.0077674941841281,0.0057525464497805,-1,0.0055275978936037,0.0022398962905244,0000930413-17-000391_acceptance,acceptance
0.0098620781905041,0.0035660501028451,0,0.0034055052733755,0.0064565729171285,0000930413-17-000391_acceptance,acceptance
0.0145262785635507,0.0052458450979924,1,0.0050358215406286,0.009490457022922,0000930413-17-000391_acceptance,acceptance
0.0,0.0040073351766347,2,0.0038337921990858,-0.0038337921990858,0000930413-17-000391_acceptance,acceptance
0.0053390236695893,0.0049923089198982,3,0.0047897533259487,0.0005492703436406,0000930413-17-000391_acceptance,acceptance
-0.0009656122914399,-0.0008641180363413,4,-0.0008941712971866,-7.144099425329187e-05,0000930413-17-000391_acceptance,acceptance
0.003221449221483,0.0016785565287558,5,0.0015736082341157,0.0016478409873672,0000930413-17-000391_acceptance,acceptance
-0.0187912400290345,-0.021208547923968,-5,-0.0169617885812467,-0.0018294514477878,0000930413-18-000292_acceptance,acceptance
-0.0413658659071624,-0.0409792248042282,-4,-0.0332356332824214,-0.0081302326247409,0000930413-18-000292_acceptance,acceptance
0.0081902451416737,0.0174409205923138,-3,0.0148517629843503,-0.0066615178426765,0000930413-18-000292_acceptance,acceptance
-0.0013868088523188,-0.0050015884169394,-2,-0.0036213479027108,0.0022345390503919,0000930413-18-000292_acceptance,acceptance
-0.0341953001903075,-0.037536419758088,-1,-0.0304017558690868,-0.0037935443212207,0000930413-18-000292_acceptance,acceptance
0.0128751141171667,0.0149360902084947,0,0.0127899610078203,8.515310934645304e-05,0000930413-18-000292_acceptance,acceptance
0.0106150290775968,0.0139145847540425,1,0.0119491288386518,-0.001334099761055,0000930413-18-000292_acceptance,acceptance
-0.006489398458344,0.002612929746329,2,0.0026463932987565,-0.0091357917571006,0000930413-18-000292_acceptance,acceptance
0.0126597047900021,0.0134024582572458,3,0.0115275819626039,0.0011321228273981,0000930413-18-000292_acceptance,acceptance
0.0202155922503917,0.0120691127622993,4,0.0104300647835419,0.0097855274668497,0000930413-18-000292_acceptance,acceptance
0.0039761370256534,0.0003734693722488,5,0.0008030254382153,0.0031731115874381,0000930413-18-000292_acceptance,acceptance
0.0075194650955163,0.0008986100931438,-5,0.0009540128086367,0.0065654522868796,0000930413-19-000366_acceptance,acceptance
0.0222511481383673,0.006776236617404,-4,0.0059988563496304,0.0162522917887369,0000930413-19-000366_acceptance,acceptance
0.0051376009915182,0.0047084203769747,-3,0.0042240226882139,0.0009135783033043,0000930413-19-000366_acceptance,acceptance
0.0014122129440707,-0.0022244379802809,-2,-0.001726540104414,0.0031387530484848,0000930413-19-000366_acceptance,acceptance
-0.0050368261264731,-0.0093571401439401,-1,-0.0078486314437744,0.0028118053173012,0000930413-19-000366_acceptance,acceptance
0.0031050663659244,0.000676201086956,0,0.0007631162564835,0.0023419501094408,0000930413-19-000366_acceptance,acceptance
-0.0008748685932034,0.0007091030986317,1,0.0007913564824323,-0.0016662250756357,0000930413-19-000366_acceptance,acceptance
0.0126620402324093,0.0128902247439735,2,0.0112465721380913,0.001415468094318,0000930413-19-000366_acceptance,acceptance
0.0074484268418157,0.0030239946687606,3,0.002778258123335,0.0046701687184807,0000930413-19-000366_acceptance,acceptance
-0.0063376587146478,-0.0026516415551012,4,-0.0020932145071216,-0.0042444442075262,0000930413-19-000366_acceptance,acceptance
0.0186024252307064,0.0108787526085869,5,0.0095200993572487,0.0090823258734577,0000930413-19-000366_acceptance,acceptance
-0.006067418102523,-0.0054008536727301,-5,-0.0077887132847843,0.0017212951822612,0000773840-20-000009_acceptance,acceptance
0.0095272447438821,0.0073263978048905,-4,0.0093975034034488,0.0001297413404333,0000773840-20-000009_acceptance,acceptance
0.0124331526423229,0.0016884725532351,-3,0.0017843431529902,0.0106488094893326,0000773840-20-000009_acceptance,acceptance
0.011331302060118,0.0064626464661976,-2,0.0082311386390195,0.0031001634210984,0000773840-20-000009_acceptance,acceptance
-0.0058503812885654,-0.0016304457368023,-1,-0.0026973510292471,-0.0031530302593182,0000773840-20-000009_acceptance,acceptance
0.0038306482769563,0.0018435333204338,0,0.0019937291268281,0.0018369191501281,0000773840-20-000009_acceptance,acceptance
-0.0076875602919468,-0.0029199426368901,1,-0.0044386203977891,-0.0032489398941576,0000773840-20-000009_acceptance,acceptance
0.0080260722098473,0.0047057858811645,2,0.0058587657226449,0.0021673064872023,0000773840-20-000009_acceptance,acceptance
-0.0008850011229162,-0.0038155197636281,3,-0.0056479610467273,0.0047629599238111,0000773840-20-000009_acceptance,acceptance
-0.0045381275614841,-0.0105181030271228,4,-0.0146987799560493,0.0101606523945651,0000773840-20-000009_acceptance,acceptance
-0.0256279521963492,-0.0335136266712231,5,-0.0457507359028473,0.020122783706498,0000773840-20-000009_acceptance,acceptance
0.0116159465159286,0.0038974951646253,-5,0.0059216664386774,0.0056942800772512,0000773840-21-000015_acceptance,acceptance
0.0046322839153323,0.0073993483603735,-4,0.0096201275947332,-0.0049878436794009,0000773840-21-000015_acceptance,acceptance
-0.0090258714907084,-0.0011135249921484,-3,0.0006293076885897,-0.0096551791792981,0000773840-21-000015_acceptance,acceptance
0.0006931999681658,-0.0003451849323593,-2,0.0014407854139329,-0.000747585445767,0000773840-21-000015_acceptance,acceptance
9.88130521328845e-05,0.0016624551635393,-1,0.0035611424063496,-0.0034623293542167,0000773840-21-000015_acceptance,acceptance
0.0068750122111611,0.0047110331133788,0,0.0067808796421593,9.413256900183374e-05,0000773840-21-000015_acceptance,acceptance
-0.0006383043368693,-0.0005692724183511,1,0.0012041167655997,-0.0018424211024691,0000773840-21-000015_acceptance,acceptance
-0.0075699298123609,-0.0003204020092266,2,0.0014669597488967,-0.0090368895612577,0000773840-21-000015_acceptance,acceptance
0.0080236035687843,-0.0044158356273545,3,-0.0028584077942777,0.0108820113630621,0000773840-21-000015_acceptance,acceptance
0.0001968162921666,-0.0018548966445751,4,-0.0001536875157866,0.0003505038079532,0000773840-21-000015_acceptance,acceptance
0.0002946556762879,-0.0077328394581538,5,-0.0063616414071528,0.0066562970834407,0000773840-21-000015_acceptance,acceptance
-0.001251934492874,0.0051569298644233,-5,0.0031379777172198,-0.0043899122100939,0000773840-22-000018_acceptance,acceptance
0.0051175546748967,-0.0037017126347429,-4,-0.003349276874278,0.0084668315491747,0000773840-22-000018_acceptance,acceptance
0.0108062926009901,0.0084012071916632,-3,0.0055137878923352,0.0052925047086549,0000773840-22-000018_acceptance,acceptance
0.0105882411652808,0.0145172078875055,-2,0.009992584005785,0.0005956571594958,0000773840-22-000018_acceptance,acceptance
-0.0247688076832875,-0.0181157256684597,-1,-0.0139047736384481,-0.0108640340448394,0000773840-22-000018_acceptance,acceptance
-0.0248240058311601,-0.0189694543445634,0,-0.0145299659604623,-0.0102940398706978,0000773840-22-000018_acceptance,acceptance
-0.0016038512836503,-0.0038405967262932,1,-0.0034509828027744,0.0018471315191241,0000773840-22-000018_acceptance,acceptance
0.0152118835871826,0.0157667211707204,2,0.0109076125538313,0.0043042710333512,0000773840-22-000018_acceptance,acceptance
-0.0024797691336824,0.000881207755895,3,6.832298141250747e-06,-0.0024866014318236,0000773840-22-000018_acceptance,acceptance
-0.0236435348965946,-0.021173138152195,4,-0.0161437411975387,-0.0074997936990558,0000773840-22-000018_acceptance,acceptance
-0.0133266189461623,-0.0071661613961429,5,-0.0058863203475321,-0.0074402985986302,0000773840-22-000018_acceptance,acceptance
-0.0226154357110673,-0.0103546106913104,-5,-0.0072755536903596,-0.0153398820207077,0000773840-23-000013_acceptance,acceptance
0.0066605264856647,-0.0061404630177543,-4,-0.00380759173002,0.0104681182156848,0000773840-23-000013_acceptance,acceptance
0.0070082444594234,0.0128725105980265,-3,0.0118388151736154,-0.0048305707141919,0000773840-23-000013_acceptance,acceptance
-0.0158171341239951,-0.0110807244761647,-2,-0.0078730968188441,-0.0079440373051509,0000773840-23-000013_acceptance,acceptance
-0.0148354671990769,-0.0088297961777351,-1,-0.0060207332286004,-0.0088147339704764,0000773840-23-000013_acceptance,acceptance
0.0062743278059416,0.0021952617756952,0,0.0030521528102439,0.0032221749956976,0000773840-23-000013_acceptance,acceptance
0.0144660643801801,0.0114486093427661,1,0.0106670395807692,0.0037990247994109,0000773840-23-000013_acceptance,acceptance
-0.011653650647007,-0.0002804145319874,2,0.0010148366252815,-0.0126684872722885,0000773840-23-000013_acceptance,acceptance
0.003532336073676,0.002773175690496,3,0.0035277373478851,4.59872579091497e-06,0000773840-23-000013_acceptance,acceptance
-0.0116502711226009,-0.0137887414891306,4,-0.0101016138800399,-0.001548657242561,0000773840-23-000013_acceptance,acceptance
0.0103330061836972,-0.0027674058253277,5,-0.0010317910368482,0.0113647972205455,0000773840-23-000013_acceptance,acceptance
0.0071331629535351,0.0057423415255595,-5,0.00498945710925,0.0021437058442851,0000773840-24-000014_acceptance,acceptance
0.0128823217560964,-0.0009489536011326,-4,-0.00079925202918,0.0136815737852765,0000773840-24-000014_acceptance,acceptance
-0.0169243239830837,-0.0136742556536254,-3,-0.0118080434344044,-0.0051162805486793,0000773840-24-000014_acceptance,acceptance
0.004432775352998,0.0095797632750176,-2,0.0083092506512336,-0.0038764752982355,0000773840-24-000014_acceptance,acceptance
0.0158054999040588,0.0058212506847294,-1,0.0050577222450936,0.0107477776589652,0000773840-24-000014_acceptance,acceptance
-0.0039402726334092,-0.0048034698371121,0,-0.0041338341895803,0.0001935615561711,0000773840-24-000014_acceptance,acceptance
0.0089768734413884,-0.0060053220011653,1,-0.005173569020188,0.0141504424615764,0000773840-24-000014_acceptance,acceptance
0.0029657781507004,0.0012641999229821,2,0.0011153701459331,0.0018504080047672,0000773840-24-000014_acceptance,acceptance
0.0064149256987622,0.021122884217414,3,0.0182953248596038,-0.0118803991608415,0000773840-24-000014_acceptance,acceptance
-0.0008963120697936,0.0003479475462115,4,0.0003227106672977,-0.0012190227370914,0000773840-24-000014_acceptance,acceptance
-0.0071773362559532,-0.0037867513501905,5,-0.0032542604321809,-0.0039230758237723,0000773840-24-000014_acceptance,acceptance
-0.0204937743325853,-0.0094647701115428,-5,-0.00636581738573,-0.0141279569468553,0000773840-25-000010_acceptance,acceptance
0.0145971251943151,0.0067125410858628,-4,0.0057030184737879,0.0088941067205271,0000773840-25-000010_acceptance,acceptance
-0.0075772863116477,0.0003395827888592,-3,0.0009485703032895,-0.0085258566149372,0000773840-25-000010_acceptance,acceptance
-0.0093263183152894,-0.0027238667143857,-2,-0.0013368693947806,-0.0079894489205087,0000773840-25-000010_acceptance,acceptance
0.0012682957945904,0.0104262921222306,-1,0.0084736056952432,-0.0072053099006527,0000773840-25-000010_acceptance,acceptance
-0.0122766208213526,-7.194380749464546e-05,0,0.0006415571734427,-0.0129181779947953,0000773840-25-000010_acceptance,acceptance
0.0260912549315408,0.0024449877750611,1,0.0025192755265627,0.0235719794049781,0000773840-25-000010_acceptance,acceptance
0.0133148031954113,0.0023769693899173,2,0.0024685314495209,0.0108462717458903,0000773840-25-000010_acceptance,acceptance
0.0025615219916488,-0.0043341850761716,3,-0.0025382228059135,0.0050997447975623,0000773840-25-000010_acceptance,acceptance
0.0027916628025945,-0.0170641267025635,4,-0.0120352012663888,0.0148268640689834,0000773840-25-000010_acceptance,acceptance
-0.0095781966697705,-0.0049691065044024,5,-0.0030118962370234,-0.0065663004327471,0000773840-25-000010_acceptance,acceptance
0.0061246639120835,0.0046910867168872,-5,0.0028359093535455,0.0032887545585379,0000773840-26-000013_acceptance,acceptance
0.0145930520489192,-0.0033037129754581,-4,-0.0017094390906167,0.016302491139536,0000773840-26-000013_acceptance,acceptance
-0.0026300212554147,-4.895607156218951e-05,-3,0.0001410143039085,-0.0027710355593233,0000773840-26-000013_acceptance,acceptance
-0.0118253230333997,-0.0156610121277019,-2,-0.0087350348074772,-0.0030902882259225,0000773840-26-000013_acceptance,acceptance
0.0064629392422597,0.0004990891480125,-1,0.0004525989066484,0.0060103403356112,0000773840-26-000013_acceptance,acceptance
0.0052613345122931,0.0010313220779065,0,0.000755193619827,0.0045061408924661,0000773840-26-000013_acceptance,acceptance
-0.0062228982601711,0.0055660701474107,1,0.0033333707944376,-0.0095562690546088,0000773840-26-000013_acceptance,acceptance
-0.0015344015806317,-0.0028221256867719,2,-0.0014356383554396,-9.876322519217066e-05,0000773840-26-000013_acceptance,acceptance
0.0132907778562327,0.0069397247635067,3,0.0041143458172473,0.0091764320389854,0000773840-26-000013_acceptance,acceptance
-0.0037300376980833,-0.0103856522472848,4,-0.0057357915809323,0.002005753882849,0000773840-26-000013_acceptance,acceptance
0.0022627942700308,0.0076516140863223,5,0.0045190820395911,-0.0022562877695603,0000773840-26-000013_acceptance,acceptance
0.0049370579246124,-0.001082200145408,-5,-0.0005046359014176,0.00544169382603,0001047469-17-001061_acceptance,acceptance
0.0027607420600337,0.0004189867216857,-4,0.0009709155638488,0.0017898264961848,0001047469-17-001061_acceptance,acceptance
-0.0016518061975061,0.0014933641914423,-3,0.0020269461517115,-0.0036787523492176,0001047469-17-001061_acceptance,acceptance
-0.0107527657838544,0.0010179830611165,-2,0.0015596829889513,-0.0123124487728058,0001047469-17-001061_acceptance,acceptance
0.0023413338080831,-0.0025783763780462,-1,-0.0019752622976106,0.0043165961056937,0001047469-17-001061_acceptance,acceptance
0.0118450936119411,0.0136738546598662,0,0.0139994333565478,-0.0021543397446066,0001047469-17-001061_acceptance,acceptance
-0.0078046135740172,-0.0058598805035984,1,-0.0052007289779252,-0.002603884596092,0001047469-17-001061_acceptance,acceptance
-0.0026585625978018,0.00050387727206,2,0.0010543564590084,-0.0037129190568102,0001047469-17-001061_acceptance,acceptance
0.0023325506173001,-0.0032772408480052,3,-0.0026621924295449,0.0049947430468451,0001047469-17-001061_acceptance,acceptance
-0.0004987491708394,-0.0029133737680216,4,-0.0023045390188996,0.0018057898480601,0001047469-17-001061_acceptance,acceptance
-0.0051553675670795,-0.0022842151650487,5,-0.0016861244038696,-0.0034692431632098,0001047469-17-001061_acceptance,acceptance
-0.007734112988436,-0.0054965031281792,-5,-0.0041480562981728,-0.0035860566902632,0001047469-18-001117_acceptance,acceptance
-0.005066379500289,0.0009735510790762,-4,0.0011771653089834,-0.0062435448092725,0001047469-18-001117_acceptance,acceptance
0.0152763113051688,0.0160283763505131,-3,0.013568140447571,0.0017081708575977,0001047469-18-001117_acceptance,acceptance
0.0196759776602024,0.0117570153438109,-2,0.0100525680588037,0.0096234096013987,0001047469-18-001117_acceptance,acceptance
-0.0128009482397504,-0.0127068884438292,-1,-0.0100826124006182,-0.0027183358391321,0001047469-18-001117_acceptance,acceptance
-0.0045992064773048,-0.011095788639207,0,-0.0087565858765686,0.0041573793992638,0001047469-18-001117_acceptance,acceptance
-0.0129629444843745,-0.0133243995419872,1,-0.010590859060883,-0.0023720854234914,0001047469-18-001117_acceptance,acceptance
0.0044208189709866,0.005071602744632,2,0.0045500942795302,-0.0001292753085435,0001047469-18-001117_acceptance,acceptance
0.0159236298087437,0.011032026532745,3,0.0094558611444621,0.0064677686642815,0001047469-18-001117_acceptance,acceptance
-0.0078369846582143,0.0026388586061694,4,0.0025478078633984,-0.0103847925216128,0001047469-18-001117_acceptance,acceptance
0.0166967638575261,-0.0004838747205661,5,-2.2378792266759936e-05,0.0167191426497929,0001047469-18-001117_acceptance,acceptance
-0.0050467127561872,0.0017771107537685,-5,0.0019947484414719,-0.0070414611976591,0001047469-19-000712_acceptance,acceptance
-0.0011594803780853,-0.0035264367908802,-4,-0.0031158707325067,0.0019563903544214,0001047469-19-000712_acceptance,acceptance
0.0102292770635958,0.0064111023949868,-3,0.0064601683013471,0.0037691087622487,0001047469-19-000712_acceptance,acceptance
0.0015081277996578,0.0012318625699112,-2,0.0014693348763932,3.879292326454268e-05,0001047469-19-000712_acceptance,acceptance
0.0018642934370154,-0.0007904570968998,-1,-0.0004794184020697,0.0023437118390852,0001047469-19-000712_acceptance,acceptance
-0.0039361697638206,-0.0005440493877303,0,-0.0002419743228951,-0.0036941954409254,0001047469-19-000712_acceptance,acceptance
-0.0074731034103994,-0.0028255083152146,1,-0.0024404400934548,-0.0050326633169445,0001047469-19-000712_acceptance,acceptance
0.0077463616352655,0.0068953205934343,2,0.0069267719828531,0.0008195896524123,0001047469-19-000712_acceptance,acceptance
-0.005531787717911,-0.003880558492514,3,-0.0034571104674305,-0.0020746772504805,0001047469-19-000712_acceptance,acceptance
-0.0039730082485136,-0.0011315328231061,4,-0.0008080867380192,-0.0031649215104943,0001047469-19-000712_acceptance,acceptance
-0.0065272189194477,-0.0065240986535923,5,-0.0060044859591466,-0.000522732960301,0001047469-19-000712_acceptance,acceptance
-0.0015885211688793,0.0047057858811645,-5,0.0039335094167942,-0.0055220305856735,0001558370-20-001334_acceptance,acceptance
0.0023860542575988,-0.0038155197636281,-4,-0.0042466771707226,0.0066327314283215,0001558370-20-001334_acceptance,acceptance
-0.0091256659233374,-0.0105181030271228,-3,-0.0106809472226671,0.0015552812993297,0001558370-20-001334_acceptance,acceptance
-0.0227575636226522,-0.0335136266712231,-2,-0.0327559298518078,0.0099983662291555,0001558370-20-001334_acceptance,acceptance
-0.0322336150770955,-0.0302799955650561,-1,-0.0296517452460356,-0.0025818698310599,0001558370-20-001334_acceptance,acceptance
-0.0138310028798455,-0.003778540605322,0,-0.0042111783366938,-0.0096198245431516,0001558370-20-001334_acceptance,acceptance
-0.0475135973714969,-0.0441632425840791,1,-0.0429792276519268,-0.0045343697195701,0001558370-20-001334_acceptance,acceptance
-0.0222373719886967,-0.0082383404443618,2,-0.0084924465304497,-0.013744925458247,0001558370-20-001334_acceptance,acceptance
0.0318862460111235,0.04603922900611,3,0.0436123205240089,-0.0117260745128854,0001558370-20-001334_acceptance,acceptance
-0.0402083162770955,-0.0281078961210758,4,-0.0275665977957434,-0.012641718481352,0001558370-20-001334_acceptance,acceptance
0.0412723477722087,0.0422025907744911,5,0.0399292679600369,0.0013430798121718,0001558370-20-001334_acceptance,acceptance
-0.0008327690034437,-0.0003204020092266,-5,-0.0007625842895865,-7.018471385719324e-05,0001558370-21-001489_acceptance,acceptance
0.0063347148867529,-0.0044158356273545,-4,-0.0039826295076724,0.0103173443944254,0001558370-21-001489_acceptance,acceptance
-0.0144122945094569,-0.0018548966445751,-3,-0.0019690846442403,-0.0124432098652165,0001558370-21-001489_acceptance,acceptance
0.0157154637558565,-0.0077328394581538,-2,-0.0065906323028978,0.0223060960587544,0001558370-21-001489_acceptance,acceptance
-0.0012410296031681,0.0012563181187927,-1,0.0004771159673082,-0.0017181455704764,0001558370-21-001489_acceptance,acceptance
0.020710810602798,0.011351613765979,0,0.0084145681408695,0.0122962424619284,0001558370-21-001489_acceptance,acceptance
-0.0060058578591981,-0.0244788075251262,1,-0.0197571927759064,0.0137513349167083,0001558370-21-001489_acceptance,acceptance
-0.028905153856794,-0.0047502141699028,2,-0.0042455354969667,-0.0246596183598272,0001558370-21-001489_acceptance,acceptance
0.0152190412573263,0.0237907635068002,3,0.0181948816253047,-0.0029758403679784,0001558370-21-001489_acceptance,acceptance
-0.0033955949109789,-0.0080808516908706,4,-0.006864257816161,0.003468662905182,0001558370-21-001489_acceptance,acceptance
0.0168700709178386,-0.0130662218719981,5,-0.0107840179463387,0.0276540888641774,0001558370-21-001489_acceptance,acceptance
-0.0016135249002821,0.0157667211707204,-5,0.0049422749766055,-0.0065557998768876,0001558370-22-001584_acceptance,acceptance
-0.0058488706343865,0.000881207755895,-4,0.0007287866559707,-0.0065776572903572,0001558370-22-001584_acceptance,acceptance
-0.0325901464262088,-0.021173138152195,-3,-0.0055139089308961,-0.0270762374953126,0001558370-22-001584_acceptance,acceptance
-0.0049611350841802,-0.0071661613961429,-2,-0.0015490988955063,-0.0034120361886739,0001558370-22-001584_acceptance,acceptance
-0.0034581925892872,-0.0101429452648328,-1,-0.0023917063161739,-0.0010664862731132,0001558370-22-001584_acceptance,acceptance
-0.0149288308366052,-0.0184121228454876,0,-0.0047323768853626,-0.0101964539512426,0001558370-22-001584_acceptance,acceptance
-0.0008193928685517,0.0149568560673292,1,0.0047130348382687,-0.0055324277068204,0001558370-22-001584_acceptance,acceptance
0.0181193411446771,0.0223726776556034,2,0.006812154753003,0.0113071863916741,0001558370-22-001584_acceptance,acceptance
-0.0134482482473188,-0.0024426034406476,3,-0.000212050201069,-0.0132361980462497,0001558370-22-001584_acceptance,acceptance
-0.0094684383672115,-0.0154735036804118,4,-0.0039005723526073,-0.0055678660146041,0001558370-22-001584_acceptance,acceptance
0.0206838580334522,0.018642691757321,5,0.0057563462242295,0.0149275118092227,0001558370-22-001584_acceptance,acceptance
-0.0056184079225382,-0.0015735561458868,-5,-0.0005759689160309,-0.0050424390065072,0001558370-23-002376_acceptance,acceptance
-0.0013744588723317,0.0053294294160743,-4,0.0040647249532798,-0.0054391838256116,0001558370-23-002376_acceptance,acceptance
-0.0016819949132758,-0.0105375514855581,-3,-0.0066022249242391,0.0049202300109633,0001558370-23-002376_acceptance,acceptance
-0.0006127785185151,0.0030730045671669,-2,0.0025477904516943,-0.0031605689702095,0001558370-23-002376_acceptance,acceptance
-0.0091194611870074,-0.0030360018281855,-1,-0.001559132309772,-0.0075603288772353,0001558370-23-002376_acceptance,acceptance
-0.0085845938108055,-0.00472526484568,0,-0.002694778974331,-0.0058898148364744,0001558370-23-002376_acceptance,acceptance
0.0057724842552182,0.0075821940867943,1,0.0055791988142739,0.0001932854409442,0001558370-23-002376_acceptance,acceptance
0.0055069633971609,0.0161477371607488,2,0.0113375859460188,-0.0058306225488578,0001558370-23-002376_acceptance,acceptance
0.0042426524801477,0.0006871667698291,3,0.0009438550617252,0.0032987974184225,0001558370-23-002376_acceptance,acceptance
-0.0149013235962184,-0.0153269191153376,4,-0.0098219895895268,-0.0050793340066915,0001558370-23-002376_acceptance,acceptance
-0.0015595582872783,0.0014147940136839,5,0.0014330195340236,-0.002992577821302,0001558370-23-002376_acceptance,acceptance
0.0041204356177437,-0.0048034698371121,-5,-0.0008633825778941,0.0049838181956379,0000051143-24-000012_acceptance,acceptance
-0.0223831939882639,-0.0060053220011653,-4,-0.0016062539605634,-0.0207769400277005,0000051143-24-000012_acceptance,acceptance
-0.0203883234753502,0.0012641999229821,-3,0.0028870772199731,-0.0232754006953234,0000051143-24-000012_acceptance,acceptance
0.025097499732146,0.021122884217414,-2,0.0151618383769894,0.0099356613551566,0000051143-24-000012_acceptance,acceptance
0.008197216801183,0.0003479475462115,-1,0.0023207366247122,0.0058764801764707,0000051143-24-000012_acceptance,acceptance
-0.008561226207214,-0.0037867513501905,0,-0.0002349433315749,-0.008326282875639,0000051143-24-000012_acceptance,acceptance
0.0040187594955785,0.0017063496993998,1,0.0031603724101624,0.000858387085416,0000051143-24-000012_acceptance,acceptance
0.0023259702742417,-0.0016581550604305,2,0.0010807536536398,0.0012452166206019,0000051143-24-000012_acceptance,acceptance
-0.001457128481578,0.0052290946971491,3,0.0053378003214652,-0.0067949288030433,0000051143-24-000012_acceptance,acceptance
0.0171325944467306,0.0080078289488876,4,0.0070553511296259,0.0100772433171046,0000051143-24-000012_acceptance,acceptance
0.0258232803396443,-0.0011932620709189,5,0.0013681065479816,0.0244551737916626,0000051143-24-000012_acceptance,acceptance
0.0047516583761177,0.0023769693899173,-5,0.0024443898246069,0.0023072685515108,0000051143-25-000015_acceptance,acceptance
0.0015888411238111,-0.0043341850761716,-4,-0.0024220893486488,0.00401093047246,0000051143-25-000015_acceptance,acceptance
-0.012313897683303,-0.0170641267025635,-3,-0.0116529893546949,-0.000660908328608,0000051143-25-000015_acceptance,acceptance
0.0014916584720412,-0.0049691065044024,-2,-0.0028824917909933,0.0043741502630346,0000051143-25-000015_acceptance,acceptance
-0.0157331487739668,-0.0046797309154723,-1,-0.0026726560192357,-0.013060492754731,0000051143-25-000015_acceptance,acceptance
-0.0074102399209907,0.0001360242800469,0,0.0008194067072165,-0.0082296466282073,0000051143-25-000015_acceptance,acceptance
-0.0102017743801769,-0.0158645536555098,1,-0.0107831394235418,0.0005813650433648,0000051143-25-000015_acceptance,acceptance
-0.003119607727655,0.0158541446349889,2,0.0122171335419303,-0.0153367412695854,0000051143-25-000015_acceptance,acceptance
-0.0089130168347416,-0.0175967394669998,3,-0.0120392044148066,0.0031261875800649,0000051143-25-000015_acceptance,acceptance
0.0120709081430037,-0.0122348266022004,4,-0.0081511047715623,0.020222012914566,0000051143-25-000015_acceptance,acceptance
-0.0073457859292911,0.0111592778931879,5,0.0088127310154154,-0.0161585169447065,0000051143-25-000015_acceptance,acceptance
0.0096008871079924,0.0055660701474107,-5,0.0071233158619497,0.0024775712460427,0000051143-26-000010_acceptance,acceptance
-0.0172936599629264,-0.0028221256867719,-4,-0.0017251436868457,-0.0155685162760806,0000051143-26-000010_acceptance,acceptance
0.0034338314797244,0.0069397247635067,-3,0.0085723434651216,-0.0051385119853971,0000051143-26-000010_acceptance,acceptance
-0.1314746233312285,-0.0103856522472848,-2,-0.009703684023757,-0.1217709393074714,0000051143-26-000010_acceptance,acceptance
0.0267294118560379,0.0076516140863223,-1,0.0093232944444112,0.0174061174116267,0000051143-26-000010_acceptance,acceptance
0.0358450257566922,0.0081363556573399,0,0.0098346339824427,0.0260103917742494,0000051143-26-000010_acceptance,acceptance
0.0188178600675266,-0.0053655805693283,1,-0.0044081589725372,0.0232260190400639,0000051143-26-000010_acceptance,acceptance
-0.0074376538036604,-0.0043393528110311,2,-0.0033256216800554,-0.004112032123605,0000051143-26-000010_acceptance,acceptance
-0.0034970170624916,0.0003983547353176,3,0.0016720458048948,-0.0051690628673865,0000051143-26-000010_acceptance,acceptance
0.0246898473342822,-0.0094440310956254,4,-0.0087103957368056,0.0334002430710878,0000051143-26-000010_acceptance,acceptance
0.0194879677062704,0.0077560492642863,5,0.0094334600230353,0.010054507683235,0000051143-26-000010_acceptance,acceptance
-0.0033839438807118,0.0035660501028451,-5,0.0043056768857192,-0.0076896207664311,0000050863-17-000012_acceptance,acceptance
0.0130165627092524,0.0052458450979924,-4,0.0062789323088862,0.0067376304003661,0000050863-17-000012_acceptance,acceptance
0.0036312785269034,0.0040073351766347,-3,0.0048240545255702,-0.0011927759986667,0000050863-17-000012_acceptance,acceptance
0.0033396775607072,0.0049923089198982,-2,0.0059811033238977,-0.0026414257631904,0000050863-17-000012_acceptance,acceptance
0.0099861341586429,-0.0008641180363413,-1,-0.0008984422665854,0.0108845764252283,0000050863-17-000012_acceptance,acceptance
0.0019228397169743,0.0016785565287558,0,0.0020884379119014,-0.000165598194927,0000050863-17-000012_acceptance,acceptance
0.0010963570752517,0.0060480661608284,1,0.0072213015071473,-0.0061249444318955,0000050863-17-000012_acceptance,acceptance
-0.0123222085914355,-0.001082200145408,2,-0.0011546233515718,-0.0111675852398636,0000050863-17-000012_acceptance,acceptance
0.0030497842011261,0.0004189867216857,3,0.0006088210778004,0.0024409631233257,0000050863-17-000012_acceptance,acceptance
0.0096735206031652,0.0014933641914423,4,0.0018708924465389,0.0078026281566263,0000050863-17-000012_acceptance,acceptance
-0.0005470792319325,0.0010179830611165,5,0.0013124621641553,-0.0018595413960879,0000050863-17-000012_acceptance,acceptance
0.0280702639750325,0.0149360902084947,-5,0.0246034836073541,0.0034667803676784,0000050863-18-000007_acceptance,acceptance
0.0200227118639191,0.0139145847540425,-4,0.0229484940237786,-0.0029257821598595,0000050863-18-000007_acceptance,acceptance
-0.0082531127751237,0.002612929746329,-3,0.004638145083979,-0.0128912578591028,0000050863-18-000007_acceptance,acceptance
0.0206926635535695,0.0134024582572458,-2,0.0221187735225543,-0.0014261099689848,0000050863-18-000007_acceptance,acceptance
0.0118992763124328,0.0120691127622993,-1,0.0199585570539825,-0.0080592807415497,0000050863-18-000007_acceptance,acceptance
-0.0078395984791999,0.0003734693722488,0,0.0010098887924643,-0.0088494872716643,0000050863-18-000007_acceptance,acceptance
0.0166811021246822,-0.0058413894593534,1,-0.009059099664586,0.0257402017892682,0000050863-18-000007_acceptance,acceptance
-0.0082038503939787,-0.0054965031281792,2,-0.008500332911924,0.0002964825179453,0000050863-18-000007_acceptance,acceptance
-0.0030472912246423,0.0009735510790762,3,0.0019821097138163,-0.0050294009384586,0000050863-18-000007_acceptance,acceptance
0.0421398072102467,0.0160283763505131,4,0.0263731483501563,0.0157666588600904,0000050863-18-000007_acceptance,acceptance
0.028912697753771,0.0117570153438109,5,0.0194529131786533,0.0094597845751177,0000050863-18-000007_acceptance,acceptance
-0.054662356507417,0.0084886940607138,-5,0.0117330293293692,-0.0663953858367862,0000050863-19-000007_acceptance,acceptance
-0.0070155683747716,-0.0078468274939378,-4,-0.0089552929342831,0.0019397245595114,0000050863-19-000007_acceptance,acceptance
-0.0036392753257777,-0.0014562465775435,-3,-0.0008618631035921,-0.0027774122221856,0000050863-19-000007_acceptance,acceptance
0.0214870164354608,0.0155492609197442,-2,0.0206749711005575,0.0008120453349033,0000050863-19-000007_acceptance,acceptance
-0.0088345884290518,0.0085973959487253,-1,0.0118706961728994,-0.0207052846019513,0000050863-19-000007_acceptance,acceptance
0.0341680000827799,0.0008986100931438,0,0.002120474100941,0.0320475259818389,0000050863-19-000007_acceptance,acceptance
0.0100552892644376,0.006776236617404,1,0.0095642665303696,0.0004910227340679,0000050863-19-000007_acceptance,acceptance
0.0160504493639523,0.0047084203769747,2,0.006945455210456,0.0091049941534963,0000050863-19-000007_acceptance,acceptance
0.0041250272986916,-0.0022244379802809,3,-0.0018347485573457,0.0059597758560374,0000050863-19-000007_acceptance,acceptance
-0.0134267114703304,-0.0093571401439401,4,-0.0108680469726273,-0.0025586644977031,0000050863-19-000007_acceptance,acceptance
-0.0079220579367309,0.000676201086956,5,0.0018388014785544,-0.0097608594152854,0000050863-19-000007_acceptance,acceptance
0.0122158668180694,0.0083665530264682,-5,0.0121160296070136,9.983721105573384e-05,0000050863-20-000011_acceptance,acceptance
-0.001005836256874,0.0038621622485013,-4,0.0060429386417195,-0.0070487748985935,0000050863-20-000011_acceptance,acceptance
0.0159397922303707,-0.0026519776473655,-3,-0.0027398171399862,0.018679609370357,0000050863-20-000011_acceptance,acceptance
0.0360031928495709,0.000289076071118,-2,0.0012254886353331,0.0347777042142378,0000050863-20-000011_acceptance,acceptance
0.0094052708867891,0.0011409766124783,-1,0.0023740722587547,0.0070311986280343,0000050863-20-000011_acceptance,acceptance
0.081333147199621,-0.0090421609742074,0,-0.0113554472089059,0.0926885944085269,0000050863-20-000011_acceptance,acceptance
-0.0406018113940114,-0.0157307116591823,1,-0.020373354121984,-0.0202284572720273,0000050863-20-000011_acceptance,acceptance
0.0246612322860957,0.010053584595046,2,0.0143905871847911,0.0102706451013046,0000050863-20-000011_acceptance,acceptance
-0.0145596052230108,-0.0008668741908683,3,-0.0003330331356327,-0.014226572087378,0000050863-20-000011_acceptance,acceptance
0.0021106648721485,0.0031343587926053,4,0.0050616701838113,-0.0029510053116628,0000050863-20-000011_acceptance,acceptance
-0.038212595104525,-0.0177058203755262,5,-0.0230363146624804,-0.0151762804420445,0000050863-20-000011_acceptance,acceptance
0.0403863018887273,-0.0037534511943366,-5,-0.0046429341951317,0.0450292360838591,0000050863-21-000010_acceptance,acceptance
-0.0281853972862579,-0.0071900279753709,-4,-0.0077480083648932,-0.0204373889213646,0000050863-21-000010_acceptance,acceptance
0.0071203234334789,0.0081363795155244,-3,0.0060999674108426,0.0010203560226362,0000050863-21-000010_acceptance,acceptance
0.0117261837496995,0.0139356254219462,-2,0.0113398004817935,0.000386383267906,0000050863-21-000010_acceptance,acceptance
0.0645986424383548,0.0003167233075522,-1,-0.000965381060866,0.0655640234992209,0000050863-21-000010_acceptance,acceptance
-0.0928595672281558,-0.0030106116552376,0,-0.0039717512092419,-0.0888878160189138,0000050863-21-000010_acceptance,acceptance
-0.0215318377325196,0.0036158389430824,1,0.0020154918820798,-0.0235473296145995,0000050863-21-000010_acceptance,acceptance
-0.0041486666832085,-0.0014888337468982,2,-0.0025967686098785,-0.0015518980733299,0000050863-21-000010_acceptance,acceptance
-0.0293424812466528,-0.025677883699462,3,-0.0244524694960878,-0.0048900117505649,0000050863-21-000010_acceptance,acceptance
0.0462772645325801,0.0097606259756297,4,0.0075675341349248,0.0387097303976553,0000050863-21-000010_acceptance,acceptance
-0.0099876291961805,-0.0193114751731245,5,-0.0187001840303953,0.0087125548342148,0000050863-21-000010_acceptance,acceptance
-0.0294664680977384,-0.0110373784941483,-5,-0.0132077849830959,-0.0162586831146425,0000050863-22-000007_acceptance,acceptance
0.0,-0.0189148218679086,-4,-0.0218724294751051,0.0218724294751051,0000050863-22-000007_acceptance,acceptance
-0.0019215217389931,0.0027717389433818,-3,0.0019812919378707,-0.0039028136768638,0000050863-22-000007_acceptance,acceptance
-0.0180978859944757,-0.0121719062536467,-2,-0.014455687282859,-0.0036421987116166,0000050863-22-000007_acceptance,acceptance
0.013529369495848,-0.0014966358477518,-1,-0.0027136259903267,0.0162429954861748,0000050863-22-000007_acceptance,acceptance
-0.0704197121181062,-0.0053840887577105,0,-0.0069895561171517,-0.0634301560009545,0000050863-22-000007_acceptance,acceptance
-0.0066598558427927,0.0243476468880761,1,0.0257133028280807,-0.0323731586708734,0000050863-22-000007_acceptance,acceptance
0.0228367553437083,0.0188859517327795,2,0.0197058147892572,0.003130940554451,0000050863-22-000007_acceptance,acceptance
0.0026628545730253,0.0068630035578014,3,0.0064814008849897,-0.0038185463119643,0000050863-22-000007_acceptance,acceptance
0.0114402749302591,0.0094225154473364,4,0.0092966874625821,0.002143587467677,0000050863-22-000007_acceptance,acceptance
-0.0248434186486015,-0.024391082077444,5,-0.0278959380692024,0.0030525194206009,0000050863-22-000007_acceptance,acceptance
0.0281492342041091,0.0189184010459815,-5,0.0249351101872794,0.0032141240168297,0000050863-23-000006_acceptance,acceptance
0.0359342778894835,0.0118813449836652,-4,0.0150193914397544,0.020914886449729,0000050863-23-000006_acceptance,acceptance
-0.0115625554211326,-0.0007115031258156,-3,-0.0027248383884803,-0.0088377170326522,0000050863-23-000006_acceptance,acceptance
-0.0073528726360844,-0.0001817250594663,-2,-0.001978342942372,-0.0053745296937123,0000050863-23-000006_acceptance,acceptance
0.0131312382572463,0.0110078534691813,-1,0.0137885789935735,-0.0006573407363271,0000050863-23-000006_acceptance,acceptance
-0.0641408867232113,0.002494840970949,0,0.0017931313405886,-0.0659340180638,0000050863-23-000006_acceptance,acceptance
-0.0074572847675373,-0.0129687409846833,1,-0.0199961692054812,0.0125388844379438,0000050863-23-000006_acceptance,acceptance
0.011091065259873,0.0146424702855101,2,0.0189100158254805,-0.0078189505656074,0000050863-23-000006_acceptance,acceptance
0.0286624917128062,0.0104523039445902,3,0.0130057697069366,0.0156567220058696,0000050863-23-000006_acceptance,acceptance
0.0385277337464535,0.0146993732443099,4,0.0189901961921514,0.019537537554302,0000050863-23-000006_acceptance,acceptance
0.0043060152324259,-0.0103546106913104,5,-0.0163126713721645,0.0206186866045904,0000050863-23-000006_acceptance,acceptance
0.0301669500529415,0.0123135027649361,-5,0.0209509848238911,0.0092159652290504,0000050863-24-000010_acceptance,acceptance
0.0014537445181501,0.002194325202627,-4,0.0063140517056388,-0.0048603071874886,0000050863-24-000010_acceptance,acceptance
0.0138946254820606,0.002921374261968,-3,0.0073656953189399,0.0065289301631207,0000050863-24-000010_acceptance,acceptance
0.0040907442276305,0.0008119284117831,-2,0.0043144772099964,-0.0002237329823659,0000050863-24-000010_acceptance,acceptance
0.0093706555174917,0.0052603655277063,-1,0.0107489404996852,-0.0013782849821934,0000050863-24-000010_acceptance,acceptance
-0.1190716931412595,-0.0006517852510764,0,0.0021972815332107,-0.1212689746744703,0000050863-24-000010_acceptance,acceptance
0.0043527964119831,0.0075567748961808,1,0.0140705928900618,-0.0097177964780787,0000050863-24-000010_acceptance,acceptance
-0.0209854741113519,-0.0006006499345398,2,0.0022712464580791,-0.0232567205694311,0000050863-24-000010_acceptance,acceptance
0.0037280708667621,-0.0161057446115979,3,-0.0201561724090014,0.0238842432757636,0000050863-24-000010_acceptance,acceptance
0.0064995105849687,0.0124936882116097,4,0.0212116149309927,-0.0147121043460239,0000050863-24-000010_acceptance,acceptance
-0.0175278116420447,0.0106844460775146,5,0.0185946279329473,-0.0361224395749921,0000050863-24-000010_acceptance,acceptance
-0.0259241003435698,-0.0145807156908095,-5,-0.0370319271879222,0.0111078268443524,0000050863-25-000009_acceptance,acceptance
-0.0241499091353817,0.0092178694499676,-4,0.0200276724600793,-0.044177581595461,0000050863-25-000009_acceptance,acceptance
-0.0025252140902591,-0.0046788957603215,-3,-0.0132912771585987,0.0107660630683396,0000050863-25-000009_acceptance,acceptance
0.0131645685509791,0.0052754144053117,-2,0.010575223705348,0.0025893448456311,0000050863-25-000009_acceptance,acceptance
-0.0289855031020391,-0.0050468257540199,-1,-0.014173427841706,-0.0148120752603331,0000050863-25-000009_acceptance,acceptance
-0.0025733990542378,-0.0076085976846667,0,-0.0203155442695324,0.0177421452152946,0000050863-25-000009_acceptance,acceptance
-0.0046438725044659,0.0072248818286797,1,0.0152492759671189,-0.0198931484715849,0000050863-25-000009_acceptance,acceptance
0.018662451317623,0.0039086729306143,2,0.0072983179184182,0.0113641333992047,0000050863-25-000009_acceptance,acceptance
-0.0137404815778754,0.0036442987226186,3,0.0066644530740898,-0.0204049346519653,0000050863-25-000009_acceptance,acceptance
-0.0144478220547972,-0.0094647701115428,4,-0.0247659120089885,0.0103180899541913,0000050863-25-000009_acceptance,acceptance
0.0350785373252642,0.0067125410858628,5,0.0140208853928237,0.0210576519324404,0000050863-25-000009_acceptance,acceptance
-0.0082102117376164,0.0025799262171273,-5,0.0103357116648274,-0.0185459234024439,0000050863-26-000011_acceptance,acceptance
-0.0281457081734468,-0.0006423023039563,-4,0.0036349156056781,-0.031780623779125,0000050863-26-000011_acceptance,acceptance
0.0340715996595366,-0.0206267580562774,-3,-0.0379238259525897,0.0719954256121264,0000050863-26-000011_acceptance,acceptance
0.1171745977305223,0.0115877413232745,-2,0.0290679435875083,0.0881066541430139,0000050863-26-000011_acceptance,acceptance
0.0012903169552851,0.0054875021926288,-1,0.0163821709742265,-0.0150918540189413,0000050863-26-000011_acceptance,acceptance
-0.1702871879964567,0.0003268698377891,0,0.0056503607628272,-0.1759375487592839,0000050863-26-000011_acceptance,acceptance
-0.0572442430403146,0.0050060830312763,1,0.0153810341528986,-0.0726252771932133,0000050863-26-000011_acceptance,acceptance
0.0338902934767062,0.0040818961771371,2,0.0134591383005055,0.0204311551762006,0000050863-26-000011_acceptance,acceptance
0.1104028782251038,-8.172305219089626e-05,3,0.0048006700568266,0.1056022081682772,0000050863-26-000011_acceptance,acceptance
-0.0024600027652256,-0.0012926312740076,4,0.0022825218287758,-0.0047425245940014,0000050863-26-000011_acceptance,acceptance
-0.0450061371470689,-0.0043018996208942,5,-0.0039754121904284,-0.0410307249566404,0000050863-26-000011_acceptance,acceptance
0.0067301850892933,0.0060480661608284,-5,0.0024746914801618,0.0042554936091314,0000200406-17-000006_acceptance,acceptance
-0.001169825580801,-0.001082200145408,-4,-0.0012281897556494,5.836417484837773e-05,0000200406-17-000006_acceptance,acceptance
0.0182393174781485,0.0004189867216857,-3,-0.0004485952155764,0.018687912693725,0000200406-17-000006_acceptance,acceptance
0.0151368362149215,0.0014933641914423,-2,0.000109349186789,0.0150274870281325,0000200406-17-000006_acceptance,acceptance
-0.0026888168787154,0.0010179830611165,-1,-0.0001375251642856,-0.0025512917144297,0000200406-17-000006_acceptance,acceptance
-0.0015524394664431,-0.0025783763780462,0,-0.0020051821791241,0.000452742712681,0000200406-17-000006_acceptance,acceptance
0.0135018563415483,0.0136738546598662,1,0.0064349066991438,0.0070669496424044,0000200406-17-000006_acceptance,acceptance
-0.0018572548313949,-0.0058598805035984,2,-0.0037093289150064,0.0018520740836114,0000200406-17-000006_acceptance,acceptance
0.0012941468284093,0.00050387727206,3,-0.000404509958087,0.0016986567864963,0000200406-17-000006_acceptance,acceptance
-0.0006461971850321,-0.0032772408480052,4,-0.002368115626634,0.0017219184416019,0000200406-17-000006_acceptance,acceptance
0.0009698826094659,-0.0029133737680216,5,-0.002179152616708,0.0031490352261739,0000200406-17-000006_acceptance,acceptance
-0.0022317529601698,0.0134024582572458,-5,0.0068986796467997,-0.0091304326069696,0000200406-18-000005_acceptance,acceptance
0.0120310155769323,0.0120691127622993,-4,0.0062179993675848,0.0058130162093474,0000200406-18-000005_acceptance,acceptance
0.0146306860253435,0.0003734693722488,-3,0.0002473084712558,0.0143833775540877,0000200406-18-000005_acceptance,acceptance
-0.0171235898258682,-0.0058413894593534,-2,-0.0029254114732821,-0.0141981783525861,0000200406-18-000005_acceptance,acceptance
-0.0073353562839725,-0.0054965031281792,-1,-0.0027493450860698,-0.0045860111979027,0000200406-18-000005_acceptance,acceptance
0.0,0.0009735510790762,0,0.0005536535148347,-0.0005536535148347,0000200406-18-000005_acceptance,acceptance
0.01624181414328,0.0160283763505131,1,0.008239225415091,0.0080025887281889,0000200406-18-000005_acceptance,acceptance
0.0067846888785874,0.0117570153438109,2,0.0060586719023748,0.0007260169762125,0000200406-18-000005_acceptance,acceptance
-0.003028925417333,-0.0127068884438292,3,-0.0064302868288557,0.0034013614115227,0000200406-18-000005_acceptance,acceptance
-0.0135945150293145,-0.011095788639207,4,-0.0056078114321863,-0.0079867035971281,0000200406-18-000005_acceptance,acceptance
-0.0200183976813435,-0.0133243995419872,5,-0.0067455296734939,-0.0132728680078495,0000200406-18-000005_acceptance,acceptance
0.0021617017936175,0.0030239946687606,-5,0.0021878965163217,-2.6194722704191847e-05,0000200406-19-000009_acceptance,acceptance
-0.0010414598293614,-0.0026516415551012,-4,-0.0014349034385775,0.0003934436092161,0000200406-19-000009_acceptance,acceptance
0.0154119407655914,0.0108787526085869,-3,0.0072016457398025,0.0082102950257889,0000200406-19-000009_acceptance,acceptance
-0.0050590856335682,0.0014987433214488,-2,0.0012143174682107,-0.006273403101779,0000200406-19-000009_acceptance,acceptance
0.004864136610883,0.0017771107537685,-1,0.0013920014284711,0.0034721351824118,0000200406-19-000009_acceptance,acceptance
-0.0068207073769115,-0.0035264367908802,0,-0.001993291611414,-0.0048274157654975,0000200406-19-000009_acceptance,acceptance
0.0087138080868856,0.0064111023949868,1,0.0043499120567507,0.0043638960301348,0000200406-19-000009_acceptance,acceptance
0.0036843161884005,0.0012318625699112,2,0.0010439655399865,0.0026403506484139,0000200406-19-000009_acceptance,acceptance
-0.0006608402686227,-0.0007904570968998,3,-0.0002468958381462,-0.0004139444304765,0000200406-19-000009_acceptance,acceptance
-0.0017631535011811,-0.0005440493877303,4,-8.961200203411456e-05,-0.001673541499147,0000200406-19-000009_acceptance,acceptance
0.0056671119077105,-0.0028255083152146,5,-0.0015458838583672,0.0072129957660777,0000200406-19-000009_acceptance,acceptance
0.0008562281334552,0.0016884725532351,-5,0.0017486349821867,-0.0008924068487315,0000200406-20-000010_acceptance,acceptance
-0.005921983894798,0.0064626464661976,-4,0.0033197798245867,-0.0092417637193847,0000200406-20-000010_acceptance,acceptance
-0.0066179996103735,-0.0016304457368023,-3,0.000656403855126,-0.0072744034654995,0000200406-20-000010_acceptance,acceptance
0.0002663735008998,0.0018435333204338,-2,0.0017996643181691,-0.0015332908172692,0000200406-20-000010_acceptance,acceptance
-0.0065944120233772,-0.0029199426368901,-1,0.0002320400927664,-0.0068264521161437,0000200406-20-000010_acceptance,acceptance
-0.0013407824392024,0.0047057858811645,0,0.0027416101773738,-0.0040823926165762,0000200406-20-000010_acceptance,acceptance
-0.0038272876960847,-0.0038155197636281,1,-6.268762543108568e-05,-0.0037646000706536,0000200406-20-000010_acceptance,acceptance
0.0105144439058513,-0.0105181030271228,2,-0.002268457527655,0.0127829014335064,0000200406-20-000010_acceptance,acceptance
-0.0206070884446825,-0.0335136266712231,3,-0.0098361119596852,-0.0107709764849972,0000200406-20-000010_acceptance,acceptance
-0.0086350850270106,-0.0302799955650561,4,-0.0087719482054315,0.0001368631784209,0000200406-20-000010_acceptance,acceptance
-0.0067061082303475,-0.003778540605322,5,-5.051806166818406e-05,-0.0066555901686793,0000200406-20-000010_acceptance,acceptance
-0.0090648257661701,-0.0005692724183511,-5,-3.015156687121692e-05,-0.0090346741992989,0000200406-21-000008_acceptance,acceptance
0.0035745267389604,-0.0003204020092266,-4,0.0001173884033234,0.0034571383356369,0000200406-21-000008_acceptance,acceptance
0.0004828455525296,-0.0044158356273545,-3,-0.0023105424868073,0.0027933880393369,0000200406-21-000008_acceptance,acceptance
-0.0166527198547504,-0.0018548966445751,-2,-0.0007923191571681,-0.0158604006975822,0000200406-21-000008_acceptance,acceptance
-0.0006176484294262,-0.0077328394581538,-1,-0.0042769901976997,0.0036593417682734,0000200406-21-000008_acceptance,acceptance
-0.0088338924094311,0.0012563181187927,0,0.0010521288632748,-0.0098860212727059,0000200406-21-000008_acceptance,acceptance
0.0134007075107764,0.011351613765979,1,0.007037009203738,0.0063636983070384,0000200406-21-000008_acceptance,acceptance
0.0010451134447269,-0.0244788075251262,2,-0.0142046454708745,0.0152497589156014,0000200406-21-000008_acceptance,acceptance
-0.0264187404625756,-0.0047502141699028,3,-0.0025087749740477,-0.0239099654885278,0000200406-21-000008_acceptance,acceptance
0.0054271035083568,0.0237907635068002,4,0.0144114165849293,-0.0089843130765725,0000200406-21-000008_acceptance,acceptance
-0.001882985157948,-0.0080808516908706,5,-0.0044833052619255,0.0026003201039774,0000200406-21-000008_acceptance,acceptance
-0.0100929401994038,-0.0189694543445634,-5,-0.0050490018897941,-0.0050439383096097,0000200406-22-000022_acceptance,acceptance
-0.0125814978083457,-0.0038405967262932,-4,-0.0012748251073773,-0.0113066727009683,0000200406-22-000022_acceptance,acceptance
0.0103262860937656,0.0157667211707204,-3,0.0036165874393972,0.0067096986543684,0000200406-22-000022_acceptance,acceptance
-0.000597708578884,0.000881207755895,-2,-9.688257546636606e-05,-0.0005008260034177,0000200406-22-000022_acceptance,acceptance
-0.0061001277444893,-0.021173138152195,-1,-0.0055987520740054,-0.0005013756704838,0000200406-22-000022_acceptance,acceptance
-0.0107187171900353,-0.0071661613961429,0,-0.0021044494770465,-0.0086142677129888,0000200406-22-000022_acceptance,acceptance
-0.0135897658546649,-0.0101429452648328,1,-0.0028470639458293,-0.0107427019088356,0000200406-22-000022_acceptance,acceptance
0.0004965766308027,-0.0184121228454876,2,-0.004909965112729,0.0054065417435317,0000200406-22-000022_acceptance,acceptance
-0.0191044141155439,0.0149568560673292,3,0.0034145514266835,-0.0225189655422274,0000200406-22-000022_acceptance,acceptance
0.0497028089401554,0.0223726776556034,4,0.0052645669643543,0.044438241975801,0000200406-22-000022_acceptance,acceptance
-0.0086143997355675,-0.0024426034406476,5,-0.0009260695083897,-0.0076883302271777,0000200406-22-000022_acceptance,acceptance
0.0046467527137452,0.0021952617756952,-5,0.0011637909814267,0.0034829617323185,0000200406-23-000016_acceptance,acceptance
0.003700333916222,0.0114486093427661,-4,0.0045196807389127,-0.0008193468226907,0000200406-23-000016_acceptance,acceptance
-0.0043625402211138,-0.0002804145319874,-3,0.0002659432886232,-0.004628483509737,0000200406-23-000016_acceptance,acceptance
-0.0164775901629206,0.002773175690496,-2,0.0013733816591064,-0.017850971822027,0000200406-23-000016_acceptance,acceptance
-0.0070901403917498,-0.0137887414891306,-1,-0.0046330898177923,-0.0024570505739575,0000200406-23-000016_acceptance,acceptance
0.0208770393784019,-0.0027674058253277,0,-0.0006360079833659,0.0215130473617678,0000200406-23-000016_acceptance,acceptance
-0.0149012659441631,-0.0200412342553273,1,-0.006900666635884,-0.0080005993082791,0000200406-23-000016_acceptance,acceptance
-0.0013924231941885,-0.0015735561458868,2,-0.0002030373333202,-0.0011893858608682,0000200406-23-000016_acceptance,acceptance
-0.0003170079579044,0.0053294294160743,3,0.0023004521741848,-0.0026174601320893,0000200406-23-000016_acceptance,acceptance
-0.0111582414100058,-0.0105375514855581,4,-0.0034539884003272,-0.0077042530096786,0000200406-23-000016_acceptance,acceptance
-0.0021797186692471,0.0030730045671669,5,0.0014821198912894,-0.0036618385605366,0000200406-23-000016_acceptance,acceptance
0.006953412880329,-0.0009489536011326,-5,-0.0009450259176817,0.0078984387980108,0000200406-24-000013_acceptance,acceptance
-0.0087425751032264,-0.0136742556536254,-4,-0.0064423576414672,-0.0023002174617591,0000200406-24-000013_acceptance,acceptance
-0.0046653762247758,0.0095797632750176,-3,0.0036033807963795,-0.0082687570211553,0000200406-24-000013_acceptance,acceptance
0.0139976942184836,0.0058212506847294,-2,0.0019797029919858,0.0120179912264977,0000200406-24-000013_acceptance,acceptance
-0.001148353827846,-0.0048034698371121,-1,-0.0026101773063472,0.0014618234785011,0000200406-24-000013_acceptance,acceptance
0.0083677167845201,-0.0060053220011653,0,-0.003129377558058,0.0114970943425782,0000200406-24-000013_acceptance,acceptance
0.0051943917151733,0.0012641999229821,1,1.1056619890701769e-05,0.0051833350952826,0000200406-24-000013_acceptance,acceptance
0.0111545658165572,0.021122884217414,2,0.0085900101656758,0.0025645556508813,0000200406-24-000013_acceptance,acceptance
0.0086632482174278,0.0003479475462115,3,-0.0003847644959489,0.0090480127133767,0000200406-24-000013_acceptance,acceptance
-0.006487879566581,-0.0037867513501905,4,-0.0021709548211553,-0.0043169247454256,0000200406-24-000013_acceptance,acceptance
0.001181628861089,0.0017063496993998,5,0.0002020653662874,0.0009795634948016,0000200406-24-000013_acceptance,acceptance
-0.0025404138774089,-0.0094647701115428,-5,-0.0006233107294392,-0.0019171031479697,0000200406-25-000038_acceptance,acceptance
0.0073143344927155,0.0067125410858628,-4,-0.0007181178284808,0.0080324523211963,0000200406-25-000038_acceptance,acceptance
0.0122537743267976,0.0003395827888592,-3,-0.0006807691194723,0.0129345434462699,0000200406-25-000038_acceptance,acceptance
-0.0055723716475503,-0.0027238667143857,-2,-0.0006628157799513,-0.0049095558675989,0000200406-25-000038_acceptance,acceptance
0.0128173224093655,0.0104262921222306,-1,-0.0007398822588008,0.0135572046681663,0000200406-25-000038_acceptance,acceptance
-0.0069953156930633,-7.194380749464546e-05,0,-0.0006783573686997,-0.0063169583243635,0000200406-25-000038_acceptance,acceptance
0.0005164589966655,0.0024449877750611,1,-0.0006931078410691,0.0012095668377346,0000200406-25-000038_acceptance,acceptance
0.018710875182897,0.0023769693899173,2,-0.0006927092194627,0.0194035844023597,0000200406-25-000038_acceptance,acceptance
0.0113370022303533,-0.0043341850761716,3,-0.0006533785125,0.0119903807428533,0000200406-25-000038_acceptance,acceptance
0.016407754219726,-0.0170641267025635,4,-0.0005787747157479,0.0169865289354739,0000200406-25-000038_acceptance,acceptance
0.0088725852917574,-0.0049691065044024,5,-0.000649657556774,0.0095222428485315,0000200406-25-000038_acceptance,acceptance
0.0141595760782875,-0.0122510155676747,-5,0.0034148261000754,0.010744749978212,0000200406-26-000016_acceptance,acceptance
0.009251934979171,0.0196957966973359,-4,0.0003706611611907,0.0088812738179803,0000200406-26-000016_acceptance,acceptance
-0.0056252937041081,0.0046910867168872,-3,0.0018004379934364,-0.0074257316975446,0000200406-26-000016_acceptance,acceptance
-0.0012151164830424,-0.0033037129754581,-2,0.0025622507437965,-0.0037773672268389,0000200406-26-000016_acceptance,acceptance
0.0105307034556223,-4.895607156218951e-05,-1,0.0022521097266195,0.0082785937290028,0000200406-26-000016_acceptance,acceptance
0.0153200540092106,-0.0156610121277019,0,0.0037397596766602,0.0115802943325503,0000200406-26-000016_acceptance,acceptance
-0.0044980300989144,0.0004990891480125,1,0.0021998873005285,-0.006697917399443,0000200406-26-000016_acceptance,acceptance
-0.0004929252175764,0.0010313220779065,2,0.0021491716043563,-0.0026420968219328,0000200406-26-000016_acceptance,acceptance
0.0068220342249889,0.0055660701474107,3,0.0017170621041862,0.0051049721208026,0000200406-26-000016_acceptance,acceptance
0.0078370373154914,-0.0028221256867719,4,0.0025163609965795,0.0053206763189119,0000200406-26-000016_acceptance,acceptance
-0.0179012773601625,0.0069397247635067,5,0.0015861685682125,-0.019487445928375,0000200406-26-000016_acceptance,acceptance
0.0005493998635326,-0.001082200145408,-5,0.0009457293100312,-0.0003963294464985,0000019617-17-000314_acceptance,acceptance
0.0007689956613281,0.0004189867216857,-4,0.0024366216757849,-0.0016676260144568,0000019617-17-000314_acceptance,acceptance
-0.0087789276496607,0.0014933641914423,-3,0.0035036315216004,-0.0122825591712611,0000019617-17-000314_acceptance,acceptance
0.0011070714186869,0.0010179830611165,-2,0.0030315103529693,-0.0019244389342823,0000019617-17-000314_acceptance,acceptance
0.0021014129450851,-0.0025783763780462,-1,-0.0005401867820678,0.002641599727153,0000019617-17-000314_acceptance,acceptance
0.032883907925447,0.0136738546598662,0,0.0156005933646428,0.0172833145608042,0000019617-17-000314_acceptance,acceptance
-0.0155980673853005,-0.0058598805035984,1,-0.0037991877473818,-0.0117988796379187,0000019617-17-000314_acceptance,acceptance
0.0071631606450917,0.00050387727206,2,0.002520930082854,0.0046422305622376,0000019617-17-000314_acceptance,acceptance
-0.0094827770035188,-0.0032772408480052,3,-0.0012342587365978,-0.0082485182669209,0000019617-17-000314_acceptance,acceptance
-0.0055485280925807,-0.0029133737680216,4,-0.0008728869023592,-0.0046756411902215,0000019617-17-000314_acceptance,acceptance
-0.0021876617932524,-0.0022842151650487,5,-0.0002480428016133,-0.0019396189916391,0000019617-17-000314_acceptance,acceptance
0.0041845145399352,-0.0054965031281792,-5,-0.0044846400859051,0.0086691546258404,0000019617-18-000057_acceptance,acceptance
-0.0018232003070828,0.0009735510790762,-4,0.0022245407243924,-0.0040477410314752,0000019617-18-000057_acceptance,acceptance
0.0202642386255356,0.0160283763505131,-3,0.0178357769796064,0.0024284616459291,0000019617-18-000057_acceptance,acceptance
0.0124458473169575,0.0117570153438109,-2,0.0134065508275467,-0.0009607035105892,0000019617-18-000057_acceptance,acceptance
-0.0118716841372288,-0.0127068884438292,-1,-0.011961513887111,8.982974988217679e-05,0000019617-18-000057_acceptance,acceptance
-0.0158488175451586,-0.011095788639207,0,-0.0102908694772814,-0.0055579480678772,0000019617-18-000057_acceptance,acceptance
-0.017922189056179,-0.0133243995419872,1,-0.0126018475654998,-0.0053203414906791,0000019617-18-000057_acceptance,acceptance
-0.0009693293745908,0.005071602744632,2,0.0064740521988592,-0.0074433815734501,0000019617-18-000057_acceptance,acceptance
0.0153546308531451,0.011032026532745,3,0.0126547671696248,0.0026998636835202,0000019617-18-000057_acceptance,acceptance
0.0008689971043978,0.0026388586061694,4,0.0039513963188151,-0.0030823992144173,0000019617-18-000057_acceptance,acceptance
-0.0037338758213403,-0.0004838747205661,5,0.0007132499539954,-0.0044471257753358,0000019617-18-000057_acceptance,acceptance
0.0048490189016727,0.0017771107537685,-5,0.0015294012201386,0.0033196176815341,0000019617-19-000054_acceptance,acceptance
-0.0020817939392482,-0.0035264367908802,-4,-0.0029619320464093,0.000880138107161,0000019617-19-000054_acceptance,acceptance
-0.0044562518268861,0.0064111023949868,-3,0.0054537180363627,-0.0099099698632488,0000019617-19-000054_acceptance,acceptance
0.0104760398612515,0.0012318625699112,-2,0.0010676553253264,0.0094083845359251,0000019617-19-000054_acceptance,acceptance
-0.0076342946635286,-0.0007904570968998,-1,-0.0006449552468758,-0.0069893394166527,0000019617-19-000054_acceptance,acceptance
-0.0012345385532961,-0.0005440493877303,0,-0.0004362837619857,-0.0007982547913103,0000019617-19-000054_acceptance,acceptance
-0.0076075961395852,-0.0028255083152146,1,-0.0023683475911508,-0.0052392485484344,0000019617-19-000054_acceptance,acceptance
0.0006709163704579,0.0068953205934343,2,0.0058637804115269,-0.005192864041069,0000019617-19-000054_acceptance,acceptance
-0.0022982058469118,-0.003880558492514,3,-0.0032618216138289,0.000963615766917,0000019617-19-000054_acceptance,acceptance
-0.0007678332545122,-0.0011315328231061,4,-0.0009337967708984,0.0001659635163861,0000019617-19-000054_acceptance,acceptance
-0.0037461307474984,-0.0065240986535923,5,-0.0055005155761158,0.0017543848286174,0000019617-19-000054_acceptance,acceptance
0.0136389522687501,0.0047057858811645,-5,0.0068248874581498,0.0068140648106002,0000019617-20-000257_acceptance,acceptance
0.0,-0.0038155197636281,-4,-0.0041468249850525,0.0041468249850525,0000019617-20-000257_acceptance,acceptance
-0.0122192624920812,-0.0105181030271228,-3,-0.0127768189389278,0.0005575564468465,0000019617-20-000257_acceptance,acceptance
-0.0268755089185578,-0.0335136266712231,-2,-0.0423849897311711,0.0155094808126133,0000019617-20-000257_acceptance,acceptance
-0.0446429950417111,-0.0302799955650561,-1,-0.0382214880187381,-0.0064215070229729,0000019617-20-000257_acceptance,acceptance
0.0030098939729261,-0.003778540605322,0,-0.0040992120125528,0.007109105985479,0000019617-20-000257_acceptance,acceptance
-0.0416141313500754,-0.0441632425840791,1,-0.0560970343751524,0.014482903025077,0000019617-20-000257_acceptance,acceptance
-0.0433384673502089,-0.0082383404443618,2,-0.0098414824377531,-0.0334969849124557,0000019617-20-000257_acceptance,acceptance
0.0465936042748591,0.04603922900611,3,0.0600442732140745,-0.0134506689392153,0000019617-20-000257_acceptance,acceptance
-0.0375247326071465,-0.0281078961210758,4,-0.0354247745230834,-0.002099958084063,0000019617-20-000257_acceptance,acceptance
0.0247091009754572,0.0422025907744911,5,0.0551043622214859,-0.0303952612460287,0000019617-20-000257_acceptance,acceptance
0.0031110029885488,-0.0003204020092266,-5,0.0018859078260297,0.001225095162519,0000019617-21-000236_acceptance,acceptance
0.0033770922584592,-0.0044158356273545,-4,-0.00184361468504,0.0052207069434993,0000019617-21-000236_acceptance,acceptance
0.0166905037203526,-0.0018548966445751,-3,0.0004885143338446,0.0162019893865079,0000019617-21-000236_acceptance,acceptance
0.0093909392570263,-0.0077328394581538,-2,-0.0048642570906482,0.0142551963476746,0000019617-21-000236_acceptance,acceptance
0.0080310427335215,0.0012563181187927,-1,0.0033217541269138,0.0047092886066076,0000019617-21-000236_acceptance,acceptance
0.0175952721512209,0.011351613765979,0,0.0125150742689937,0.0050801978822272,0000019617-21-000236_acceptance,acceptance
-0.0135717459845285,-0.0244788075251262,1,-0.0201140378706327,0.0065422918861042,0000019617-21-000236_acceptance,acceptance
-0.0265243112518814,-0.0047502141699028,2,-0.0021481178019096,-0.0243761934499718,0000019617-21-000236_acceptance,acceptance
0.0226267209180495,0.0237907635068002,3,0.0238428342335581,-0.0012161133155086,0000019617-21-000236_acceptance,acceptance
-0.0032555721173679,-0.0080808516908706,4,-0.0051811757803567,0.0019256036629887,0000019617-21-000236_acceptance,acceptance
0.019331803420775,-0.0130662218719981,5,-0.0097211224747021,0.0290529258954771,0000019617-21-000236_acceptance,acceptance
0.014623760829749,0.0157667211707204,-5,0.0128821704941134,0.0017415903356355,0000019617-22-000272_acceptance,acceptance
0.0018096714221109,0.000881207755895,-4,0.0003808445340885,0.0014288268880224,0000019617-22-000272_acceptance,acceptance
-0.0230322647923381,-0.021173138152195,-3,-0.0181410941689179,-0.0048911706234201,0000019617-22-000272_acceptance,acceptance
0.0046886484249351,-0.0071661613961429,-2,-0.0063775911400266,0.0110662395649617,0000019617-22-000272_acceptance,acceptance
-0.0017748855713168,-0.0101429452648328,-1,-0.0088775885816985,0.0071027030103817,0000019617-22-000272_acceptance,acceptance
-0.0209391262710902,-0.0184121228454876,0,-0.0158223060043531,-0.0051168202667371,0000019617-22-000272_acceptance,acceptance
-0.0278430477587805,0.0149568560673292,1,0.0122020201117249,-0.0400450678705054,0000019617-22-000272_acceptance,acceptance
0.0236596451283725,0.0223726776556034,2,0.0184300621249801,0.0052295830033924,0000019617-22-000272_acceptance,acceptance
-0.0416975840450392,-0.0024426034406476,3,-0.0024105974564964,-0.0392869865885427,0000019617-22-000272_acceptance,acceptance
-0.0377292297648549,-0.0154735036804118,4,-0.0133543604904013,-0.0243748692744536,0000019617-22-000272_acceptance,acceptance
0.02074016973806,0.018642691757321,5,0.0152975017462239,0.005442667991836,0000019617-22-000272_acceptance,acceptance
0.0044185117835102,-0.0002804145319874,-5,0.0018895317594051,0.002528980024105,0000019617-23-000231_acceptance,acceptance
0.0041902382245782,0.002773175690496,-4,0.0045442012941965,-0.0003539630696183,0000019617-23-000231_acceptance,acceptance
-0.0137692695237284,-0.0137887414891306,-3,-0.0098540688635898,-0.0039152006601386,0000019617-23-000231_acceptance,acceptance
0.0029614863321083,-0.0027674058253277,-2,-0.0002725592674491,0.0032340455995575,0000019617-23-000231_acceptance,acceptance
-0.0183492810308548,-0.0200412342553273,-1,-0.0152897366688875,-0.0030595443619672,0000019617-23-000231_acceptance,acceptance
-0.0076631155135044,-0.0015735561458868,0,0.0007653260223965,-0.0084284415359009,0000019617-23-000231_acceptance,acceptance
0.0080110598310381,0.0053294294160743,1,0.00676650631683,0.001244553514208,0000019617-23-000231_acceptance,acceptance
0.009021102333111,-0.0105375514855581,2,-0.0070276139611757,0.0160487162942868,0000019617-23-000231_acceptance,acceptance
0.008728014915029,0.0030730045671669,3,0.0048048605597025,0.0039231543553264,0000019617-23-000231_acceptance,acceptance
0.0083706919320551,-0.0030360018281855,4,-0.0005060659183099,0.0088767578503651,0000019617-23-000231_acceptance,acceptance
-0.0055808680086119,-0.00472526484568,5,-0.0019746438027207,-0.0036062242058911,0000019617-23-000231_acceptance,acceptance
0.0044569215705301,-0.0009489536011326,-5,0.0002836654011587,0.0041732561693713,0000019617-24-000225_acceptance,acceptance
-0.0087034979753648,-0.0136742556536254,-4,-0.0085125212443162,-0.0001909767310485,0000019617-24-000225_acceptance,acceptance
0.0101572403859615,0.0095797632750176,-3,0.0075614933378119,0.0025957470481496,0000019617-24-000225_acceptance,acceptance
0.0218145402313498,0.0058212506847294,-2,0.0049634742010428,0.016851066030307,0000019617-24-000225_acceptance,acceptance
-0.0046701561412473,-0.0048034698371121,-1,-0.0023807149098018,-0.0022894412314454,0000019617-24-000225_acceptance,acceptance
0.0039098777139214,-0.0060053220011653,0,-0.0032114783692208,0.0071213560831423,0000019617-24-000225_acceptance,acceptance
0.0065099030032773,0.0012641999229821,1,0.0018134767481036,0.0046964262551737,0000019617-24-000225_acceptance,acceptance
0.0119956113877057,0.021122884217414,2,0.0155405138641436,-0.0035449024764378,0000019617-24-000225_acceptance,acceptance
0.0050253626695726,0.0003479475462115,3,0.0011801301377687,0.0038452325318038,0000019617-24-000225_acceptance,acceptance
-0.0034240974969284,-0.0037867513501905,4,-0.0016779225092777,-0.0017461749876506,0000019617-24-000225_acceptance,acceptance
0.0004907873444572,0.0017063496993998,5,0.0021191065824747,-0.0016283192380174,0000019617-24-000225_acceptance,acceptance
-0.0172589367230845,0.0067125410858628,-5,0.0087322951063952,-0.0259912318294797,0000019617-25-000270_acceptance,acceptance
0.0145734689800578,0.0003395827888592,-4,0.0015603610318539,0.0130131079482039,0000019617-25-000270_acceptance,acceptance
0.0016728674056478,-0.0027238667143857,-3,-0.0018871521722242,0.0035600195778721,0000019617-25-000270_acceptance,acceptance
0.0031585281115167,0.0104262921222306,-2,0.012911637942298,-0.0097531098307813,0000019617-25-000270_acceptance,acceptance
0.0009770405707392,-7.194380749464546e-05,-1,0.0010972414755313,-0.0001202009047921,0000019617-25-000270_acceptance,acceptance
0.0121479959637795,0.0024449877750611,0,0.0039297199790716,0.0082182759847079,0000019617-25-000270_acceptance,acceptance
-0.0025003352724849,0.0023769693899173,1,0.0038531741503726,-0.0063535094228576,0000019617-25-000270_acceptance,acceptance
-0.0445838815576495,-0.0043341850761716,2,-0.0036993556406169,-0.0408845259170326,0000019617-25-000270_acceptance,acceptance
-0.0095950523500417,-0.0170641267025635,3,-0.018025246045418,0.0084301936953763,0000019617-25-000270_acceptance,acceptance
-0.0109750197058778,-0.0049691065044024,4,-0.0044138769686359,-0.0065611427372419,0000019617-25-000270_acceptance,acceptance
-0.0150760625118324,-0.0046797309154723,5,-0.004088222453124,-0.0109878400587083,0000019617-25-000270_acceptance,acceptance
-0.0009304747294303,0.0046910867168872,-5,0.0045110116622531,-0.0054414863916834,0001628280-26-008131_acceptance,acceptance
-0.0118597745878508,-0.0033037129754581,-4,-0.0031384944467659,-0.0087212801410848,0001628280-26-008131_acceptance,acceptance
-0.0234384900095946,-4.895607156218951e-05,-3,-2.4309754488754887e-05,-0.0234141802551058,0001628280-26-008131_acceptance,acceptance
-0.0263173364412929,-0.0156610121277019,-2,-0.014962084654607,-0.0113552517866858,0001628280-26-008131_acceptance,acceptance
-0.0002974903603247,0.0004990891480125,-1,0.0005000655164976,-0.0007975558768224,0001628280-26-008131_acceptance,acceptance
0.0151380274145314,0.0010313220779065,0,0.0010093114270041,0.0141287159875272,0001628280-26-008131_acceptance,acceptance
0.0053722508346552,0.0055660701474107,1,0.0053482047570956,2.404607755957227e-05,0001628280-26-008131_acceptance,acceptance
-0.0023642313244635,-0.0028221256867719,2,-0.0026777068037236,0.0003134754792601,0001628280-26-008131_acceptance,acceptance
0.008894804889022,0.0069397247635067,3,0.0066625315422394,0.0022322733467825,0001628280-26-008131_acceptance,acceptance
-0.0422150056599429,-0.0103856522472848,4,-0.0099145663695445,-0.0323004392903984,0001628280-26-008131_acceptance,acceptance
-0.0012430563929834,0.0076516140863223,5,0.0073436745268519,-0.0085867309198354,0001628280-26-008131_acceptance,acceptance
0.0187931988668221,-0.0008641180363413,-5,-0.0014430148442391,0.0202362137110613,0000021344-17-000009_acceptance,acceptance
0.0007282974282576,0.0016785565287558,-4,0.0007952770131799,-6.697958492227977e-05,0000021344-17-000009_acceptance,acceptance
0.0055782157627686,0.0060480661608284,-3,0.004641714132831,0.0009365016299376,0000021344-17-000009_acceptance,acceptance
0.0033771384205052,-0.001082200145408,-2,-0.0016349904181774,0.0050121288386826,0000021344-17-000009_acceptance,acceptance
0.0014419068553339,0.0004189867216857,-1,-0.0003135101205397,0.0017554169758736,0000021344-17-000009_acceptance,acceptance
0.0028805899907837,0.0014933641914423,0,0.0006322539876007,0.0022483360031829,0000021344-17-000009_acceptance,acceptance
-0.0026330232217093,0.0010179830611165,1,0.0002137805707566,-0.002846803792466,0000021344-17-000009_acceptance,acceptance
0.0069597916932768,-0.0025783763780462,2,-0.0029520599027066,0.0099118515959835,0000021344-17-000009_acceptance,acceptance
0.0047666769933809,0.0136738546598662,3,0.0113546220834181,-0.0065879450900372,0000021344-17-000009_acceptance,acceptance
0.0073525584467812,-0.0058598805035984,4,-0.0058407362851008,0.0131932947318821,0000021344-17-000009_acceptance,acceptance
0.0002353443495861,0.00050387727206,5,-0.0002387817890879,0.000474126138674,0000021344-17-000009_acceptance,acceptance
0.0154195419270382,0.0120691127622993,-5,0.0009825256257813,0.0144370163012568,0000021344-18-000008_acceptance,acceptance
0.0044664878585853,0.0003734693722488,-4,0.0006717305971543,0.0037947572614309,0000021344-18-000008_acceptance,acceptance
-0.0220101660643542,-0.0058413894593534,-3,0.0005065795948483,-0.0225167456592026,0000021344-18-000008_acceptance,acceptance
-0.0147760683272076,-0.0054965031281792,-2,0.0005157444568055,-0.0152918127840132,0000021344-18-000008_acceptance,acceptance
0.0041533440025935,0.0009735510790762,-1,0.0006876769119514,0.0034656670906421,0000021344-18-000008_acceptance,acceptance
0.0119486283618523,0.0160283763505131,0,0.0010877374041507,0.0108608909577016,0000021344-18-000008_acceptance,acceptance
-0.0002271618500423,0.0117570153438109,1,0.0009742320823756,-0.0012013939324179,0000021344-18-000008_acceptance,acceptance
-0.0093117857153784,-0.0127068884438292,2,0.0003241387592091,-0.0096359244745876,0000021344-18-000008_acceptance,acceptance
-0.0091705329055352,-0.011095788639207,3,0.000366951436819,-0.0095374843423543,0000021344-18-000008_acceptance,acceptance
0.0048594077022512,-0.0133243995419872,4,0.0003077292832163,0.0045516784190348,0000021344-18-000008_acceptance,acceptance
0.0066774639354791,0.005071602744632,5,0.0007965767853688,0.0058808871501103,0000021344-18-000008_acceptance,acceptance
-0.0843543938414298,-0.0026516415551012,-5,4.0319388396306034e-05,-0.0843947132298261,0000021344-19-000014_acceptance,acceptance
-0.0076770621704405,0.0108787526085869,-4,0.0050125603592934,-0.0126896225297339,0000021344-19-000014_acceptance,acceptance
-0.0090627323329917,0.0014987433214488,-3,0.0015655309586221,-0.0106282632916138,0000021344-19-000014_acceptance,acceptance
0.0060226680302111,0.0017771107537685,-2,0.0016678273097261,0.0043548407204849,0000021344-19-000014_acceptance,acceptance
0.0168516574852977,-0.0035264367908802,-1,-0.0002811562951546,0.0171328137804524,0000021344-19-000014_acceptance,acceptance
-0.012647346694709,0.0064111023949868,0,0.0033707579722412,-0.0160181046669503,0000021344-19-000014_acceptance,acceptance
-0.0075090364063648,0.0012318625699112,1,0.0014674558108411,-0.0089764922172059,0000021344-19-000014_acceptance,acceptance
-0.0055628841143793,-0.0007904570968998,2,0.0007242800702145,-0.0062871641845938,0000021344-19-000014_acceptance,acceptance
0.0055940029042713,-0.0005440493877303,3,0.0008148316455977,0.0047791712586736,0000021344-19-000014_acceptance,acceptance
0.0089009794608136,-0.0028255083152146,4,-2.357434726686344e-05,0.0089245538080805,0000021344-19-000014_acceptance,acceptance
0.0008824472039477,0.0068953205934343,5,0.0035487017583606,-0.0026662545544129,0000021344-19-000014_acceptance,acceptance
-0.0070059685671421,-0.0029199426368901,-5,-0.0007963425504791,-0.006209626016663,0000021344-20-000006_acceptance,acceptance
0.0040314879951348,0.0047057858811645,-4,0.0019060999208283,0.0021253880743065,0000021344-20-000006_acceptance,acceptance
-0.0008363938146276,-0.0038155197636281,-3,-0.0011137214943922,0.0002773276797646,0000021344-20-000006_acceptance,acceptance
0.006865360239634,-0.0105181030271228,-2,-0.0034890152956149,0.0103543755352489,0000021344-20-000006_acceptance,acceptance
-0.0246131204930787,-0.0335136266712231,-1,-0.0116382799329068,-0.0129748405601718,0000021344-20-000006_acceptance,acceptance
-0.0141519464764798,-0.0302799955650561,0,-0.0104923301371388,-0.0036596163393409,0000021344-20-000006_acceptance,acceptance
-0.0038053293529655,-0.003778540605322,1,-0.0011006166418233,-0.0027047127111421,0000021344-20-000006_acceptance,acceptance
-0.0463537358950379,-0.0441632425840791,2,-0.0154123422113992,-0.0309413936836387,0000021344-20-000006_acceptance,acceptance
-0.0262152583489106,-0.0082383404443618,3,-0.002681102030205,-0.0235341563187056,0000021344-20-000006_acceptance,acceptance
0.045428847668282,0.04603922900611,4,0.0165540449560809,0.028874802712201,0000021344-20-000006_acceptance,acceptance
0.0025036238971567,-0.0281078961210758,5,-0.0097225710543945,0.0122261949515512,0000021344-20-000006_acceptance,acceptance
0.0127668790587676,-0.0044158356273545,-5,-0.0036043141327531,0.0163711931915207,0000021344-21-000008_acceptance,acceptance
-0.0129997175987274,-0.0018548966445751,-4,-0.001719668845186,-0.0112800487535413,0000021344-21-000008_acceptance,acceptance
0.010377019126794,-0.0077328394581538,-3,-0.006045362389113,0.016422381515907,0000021344-21-000008_acceptance,acceptance
-0.0017775662938218,0.0012563181187927,-2,0.0005699351952923,-0.0023475014891142,0000021344-21-000008_acceptance,acceptance
0.0033635446281616,0.011351613765979,-1,0.007999261507244,-0.0046357168790823,0000021344-21-000008_acceptance,acceptance
-0.0106488404281035,-0.0244788075251262,0,-0.0183690491365869,0.0077202087084834,0000021344-21-000008_acceptance,acceptance
-0.023519620119791,-0.0047502141699028,1,-0.0038503898685339,-0.019669230251257,0000021344-21-000008_acceptance,acceptance
0.0185750850006776,0.0237907635068002,2,0.0171534760738622,0.0014216089268153,0000021344-21-000008_acceptance,acceptance
0.0040079646601267,-0.0080808516908706,3,-0.0063014714252188,0.0103094360853456,0000021344-21-000008_acceptance,acceptance
-0.0023950707392581,-0.0130662218719981,4,-0.0099703032411342,0.0075752325018761,0000021344-21-000008_acceptance,acceptance
-0.0008003640616457,-0.0134172139301002,5,-0.010228605189257,0.0094282411276113,0000021344-21-000008_acceptance,acceptance
0.0064688136881505,-0.0038405967262932,-5,-0.0008386006122132,0.0073074143003638,0000021344-22-000009_acceptance,acceptance
0.0037902385632637,0.0157667211707204,-4,0.0082632867696792,-0.0044730482064155,0000021344-22-000009_acceptance,acceptance
-0.0001640237264636,0.000881207755895,-3,0.0013533020672827,-0.0015173257937463,0000021344-22-000009_acceptance,acceptance
0.0200328849570461,-0.021173138152195,-2,-0.0088845169853329,0.0289174019423791,0000021344-22-000009_acceptance,acceptance
0.0067610157832274,-0.0071661613961429,-1,-0.0023823566356101,0.0091433724188375,0000021344-22-000009_acceptance,acceptance
-0.0041573199660099,-0.0101429452648328,0,-0.003764205579732,-0.0003931143862779,0000021344-22-000009_acceptance,acceptance
-0.0110790193906584,-0.0184121228454876,1,-0.0076028296830038,-0.0034761897076545,0000021344-22-000009_acceptance,acceptance
-0.0175354843979067,0.0149568560673292,2,0.0078873403498625,-0.0254228247477692,0000021344-22-000009_acceptance,acceptance
0.0386714105771379,0.0223726776556034,3,0.0113298291846541,0.0273415813924838,0000021344-22-000009_acceptance,acceptance
-0.0097056011572344,-0.0024426034406476,4,-0.000189639978565,-0.0095159611786693,0000021344-22-000009_acceptance,acceptance
-0.0043379476359818,-0.0154735036804118,5,-0.0062386971260025,0.0019007494900207,0000021344-22-000009_acceptance,acceptance
-0.0166667368971069,-0.0002804145319874,-5,-0.0003579466536661,-0.0163087902434408,0000021344-23-000011_acceptance,acceptance
0.0,0.002773175690496,-4,0.0015129526165092,-0.0015129526165092,0000021344-23-000011_acceptance,acceptance
-0.0062089665232893,-0.0137887414891306,-3,-0.0086343417178524,0.002425375194563,0000021344-23-000011_acceptance,acceptance
0.0151973575937198,-0.0027674058253277,-2,-0.00188169733946,0.0170790549331799,0000021344-23-000011_acceptance,acceptance
-0.0053225759067199,-0.0200412342553273,-1,-0.0124651714300135,0.0071425955232935,0000021344-23-000011_acceptance,acceptance
0.0030099208105862,-0.0015735561458868,0,-0.0011502395041816,0.0041601603147679,0000021344-23-000011_acceptance,acceptance
0.0018341521702727,0.0053294294160743,1,0.0030791395902408,-0.001244987419968,0000021344-23-000011_acceptance,acceptance
-0.0041604903007003,-0.0105375514855581,2,-0.0066423753563874,0.0024818850556871,0000021344-23-000011_acceptance,acceptance
-0.0003342041797641,0.0030730045671669,3,0.0016966542875491,-0.0020308584673132,0000021344-23-000011_acceptance,acceptance
-0.0051823590480298,-0.0030360018281855,4,-0.0020462629913994,-0.0031360960566304,0000021344-23-000011_acceptance,acceptance
-0.010922475994847,-0.00472526484568,5,-0.0030812548260256,-0.0078412211688214,0000021344-23-000011_acceptance,acceptance
0.0023505830184318,-0.0009489536011326,-5,-0.0008395928375587,0.0031901758559905,0000021344-24-000009_acceptance,acceptance
-0.0058626422830359,-0.0136742556536254,-4,-0.0068083164240725,0.0009456741410366,0000021344-24-000009_acceptance,acceptance
-0.0010109770572233,0.0095797632750176,-3,0.0040988361675189,-0.0051098132247422,0000021344-24-000009_acceptance,acceptance
0.0018551828666832,0.0058212506847294,-2,0.00233592927106,-0.0004807464043767,0000021344-24-000009_acceptance,acceptance
-0.0001682964846455,-0.0048034698371121,-1,-0.0026475296454542,0.0024792331608087,0000021344-24-000009_acceptance,acceptance
0.0220575669471478,-0.0060053220011653,0,-0.0032112509095544,0.0252688178567023,0000021344-24-000009_acceptance,acceptance
0.0088962284760059,0.0012641999229821,1,0.0001984730240977,0.0086977554519081,0000021344-24-000009_acceptance,acceptance
-0.0014694958346543,0.021122884217414,2,0.0095130650751437,-0.010982560909798,0000021344-24-000009_acceptance,acceptance
0.0008175355402273,0.0003479475462115,3,-0.0002312894404684,0.0010488249806958,0000021344-24-000009_acceptance,acceptance
-0.0080065441102166,-0.0037867513501905,4,-0.0021706441783195,-0.005835899931897,0000021344-24-000009_acceptance,acceptance
-0.0060945749176709,0.0017063496993998,5,0.0004058606199591,-0.0065004355376301,0000021344-24-000009_acceptance,acceptance
0.0164202564151156,-0.0027238667143857,-5,-0.0013447192748502,0.0177649756899659,0000021344-25-000011_acceptance,acceptance
0.0114975908350229,0.0104262921222306,-4,-0.0007150751925698,0.0122126660275928,0000021344-25-000011_acceptance,acceptance
-0.0090645554785957,-7.194380749464546e-05,-3,-0.0012177422865314,-0.0078468131920642,0000021344-25-000011_acceptance,acceptance
0.0026134807426847,0.0024449877750611,-2,-0.0010972288314355,0.0037107095741202,0000021344-25-000011_acceptance,acceptance
0.0147718159313479,0.0023769693899173,-1,-0.0011004856265985,0.0158723015579464,0000021344-25-000011_acceptance,acceptance
-0.0004280634562364,-0.0043341850761716,0,-0.0014218230908333,0.0009937596345968,0000021344-25-000011_acceptance,acceptance
0.0187035006144187,-0.0170641267025635,1,-0.0020313467104655,0.0207348473248842,0000021344-25-000011_acceptance,acceptance
-0.0106517884056129,-0.0049691065044024,2,-0.0014522238278103,-0.0091995645778026,0000021344-25-000011_acceptance,acceptance
0.0127495737570215,-0.0046797309154723,3,-0.0014383682060349,0.0141879419630565,0000021344-25-000011_acceptance,acceptance
-0.0096514698465488,0.0001360242800469,4,-0.0012077845455451,-0.0084436853010037,0000021344-25-000011_acceptance,acceptance
0.0009886669722463,-0.0158645536555098,5,-0.0019739098323467,0.0029625768045931,0000021344-25-000011_acceptance,acceptance
0.0050891730863082,-0.0156610121277019,-5,0.0055747437704955,-0.0004855706841872,0001628280-26-010047_acceptance,acceptance
-0.00405064487499,0.0004990891480125,-4,0.0006717892455906,-0.0047224341205806,0001628280-26-010047_acceptance,acceptance
0.0111844793095783,0.0010313220779065,-3,0.0005103104400184,0.0106741688695598,0001628280-26-010047_acceptance,acceptance
-0.0008798173420991,0.0055660701474107,-2,-0.000865526455267,-1.4290886832110487e-05,0001628280-26-010047_acceptance,acceptance
-0.0072964883161082,-0.0028221256867719,-1,0.0016794416745304,-0.0089759299906387,0001628280-26-010047_acceptance,acceptance
0.0117855397240815,0.0069397247635067,0,-0.0012822915485506,0.0130678312726322,0001628280-26-010047_acceptance,acceptance
0.0090180633052965,-0.0103856522472848,1,0.0039742061776363,0.0050438571276602,0001628280-26-010047_acceptance,acceptance
0.0019861998068926,0.0076516140863223,2,-0.0014982778791421,0.0034844776860348,0001628280-26-010047_acceptance,acceptance
-0.0030971589078391,0.0081363556573399,3,-0.0016453478658013,-0.0014518110420377,0001628280-26-010047_acceptance,acceptance
0.0003727866697595,-0.0053655805693283,4,0.0024511227062615,-0.0020783360365019,0001628280-26-010047_acceptance,acceptance
0.013167499125867,-0.0043393528110311,5,0.0021397664873071,0.0110277326385598,0001628280-26-010047_acceptance,acceptance
0.0098820817233129,0.0072647580986477,-5,0.0040349883450286,0.0058470933782842,0001193125-17-036192_acceptance,acceptance
0.0033402907862782,-0.0021153569858851,-4,-0.0013240096178632,0.0046643004041415,0001193125-17-036192_acceptance,acceptance
0.0041518413299987,0.0002268291856959,-3,1.4115853850147551e-05,0.0041377254761486,0001193125-17-036192_acceptance,acceptance
0.0014433611582229,0.00069332238554,-2,0.0002806302926537,0.0011627308655691,0001193125-17-036192_acceptance,acceptance
0.0056867345212745,0.0057525464497805,-1,0.0031710395477368,0.0025156949735377,0001193125-17-036192_acceptance,acceptance
0.0091011538791012,0.0035660501028451,0,0.0019218619669182,0.007179291912183,0001193125-17-036192_acceptance,acceptance
0.0069086781494256,0.0052458450979924,1,0.0028815535992643,0.0040271245501612,0001193125-17-036192_acceptance,acceptance
0.0008007454069574,0.0040073351766347,2,0.0021739746318675,-0.0013732292249101,0001193125-17-036192_acceptance,acceptance
0.0034275924385105,0.0049923089198982,3,0.0027367046448878,0.0006908877936227,0001193125-17-036192_acceptance,acceptance
0.0070977086966983,-0.0008641180363413,4,-0.0006091583691026,0.007706867065801,0001193125-17-036192_acceptance,acceptance
7.555368356926273e-05,0.0016785565287558,5,0.0008435090760037,-0.0007679553924344,0001193125-17-036192_acceptance,acceptance
0.012728537500527,0.0004889853730833,-5,0.0004582090435143,0.0122703284570126,0000936468-18-000009_acceptance,acceptance
0.0071300896069159,-0.0006480882520516,-4,-0.0003745929738029,0.0075046825807189,0000936468-18-000009_acceptance,acceptance
-0.0132072372422217,-0.021208547923968,-3,-0.0154332416956127,0.002226004453391,0000936468-18-000009_acceptance,acceptance
-0.0459366609500093,-0.0409792248042282,-2,-0.0299134470452479,-0.0160232139047614,0000936468-18-000009_acceptance,acceptance
0.003358470218759,0.0174409205923138,-1,0.0128739449606419,-0.0095154747418829,0000936468-18-000009_acceptance,acceptance
0.0232233217079411,-0.0050015884169394,0,-0.0035631320794208,0.026786453787362,0000936468-18-000009_acceptance,acceptance
-0.0322205773492867,-0.037536419758088,1,-0.0273919084884853,-0.0048286688608013,0000936468-18-000009_acceptance,acceptance
0.0212978108985,0.0149360902084947,2,0.0110393867134268,0.0102584241850731,0000936468-18-000009_acceptance,acceptance
0.0128581126569335,0.0139145847540425,3,0.0102912277689544,0.0025668848879791,0000936468-18-000009_acceptance,acceptance
0.0127819840781695,0.002612929746329,4,0.0020138032632806,0.0107681808148888,0000936468-18-000009_acceptance,acceptance
0.0126487858233248,0.0134024582572458,5,0.0099161421366557,0.002732643686669,0000936468-18-000009_acceptance,acceptance
0.003072024695824,0.0008986100931438,-5,0.00029967025835,0.0027723544374739,0000936468-19-000009_acceptance,acceptance
0.0281851431779718,0.006776236617404,-4,0.0052221613810862,0.0229629817968856,0000936468-19-000009_acceptance,acceptance
0.0023095820319953,0.0047084203769747,-3,0.0034903726998984,-0.001180790667903,0000936468-19-000009_acceptance,acceptance
0.0012350714194153,-0.0022244379802809,-2,-0.0023158712963673,0.0035509427157826,0000936468-19-000009_acceptance,acceptance
0.0010008856177183,-0.0093571401439401,-1,-0.0082894837633746,0.0092903693810929,0000936468-19-000009_acceptance,acceptance
0.0045647433092594,0.000676201086956,0,0.0001134035137624,0.004451339795497,0000936468-19-000009_acceptance,acceptance
-0.0048424231496387,0.0007091030986317,1,0.0001409588304749,-0.0049833819801136,0000936468-19-000009_acceptance,acceptance
0.0135645868495994,0.0128902247439735,2,0.0103426044975941,0.0032219823520053,0000936468-19-000009_acceptance,acceptance
0.0010193574317545,0.0030239946687606,3,0.0020796722136786,-0.0010603147819241,0000936468-19-000009_acceptance,acceptance
-0.0112342849187582,-0.0026516415551012,4,-0.0026736527572978,-0.0085606321614603,0000936468-19-000009_acceptance,acceptance
0.0206978440353227,0.0108787526085869,5,0.0086580038021939,0.0120398402331287,0000936468-19-000009_acceptance,acceptance
-0.0178480797872711,-0.0177058203755262,-5,-0.0089841166630085,-0.0088639631242625,0000936468-20-000016_acceptance,acceptance
-0.009950373244679,0.0072546138923517,-4,0.0043228114752903,-0.0142731847199693,0000936468-20-000016_acceptance,acceptance
0.0163262686688698,0.0149804141640821,-3,0.0084415967465494,0.0078846719223204,0000936468-20-000016_acceptance,acceptance
0.0102372460272841,0.0112505958978537,-2,0.0064531528314734,0.0037840931958107,0000936468-20-000016_acceptance,acceptance
0.0086856349586872,0.0033256728767856,-1,0.0022282110691974,0.0064574238894898,0000936468-20-000016_acceptance,acceptance
0.0004557579925059,-0.0054008536727301,0,-0.0024240822541124,0.0028798402466184,0000936468-20-000016_acceptance,acceptance
0.0013434240404721,0.0073263978048905,1,0.004361080976349,-0.0030176569358768,0000936468-20-000016_acceptance,acceptance
0.0002046893821996,0.0016884725532351,2,0.001355385427637,-0.0011506960454373,0000936468-20-000016_acceptance,acceptance
-0.007389004710799,0.0064626464661976,3,0.0039005971213811,-0.0112896018321801,0000936468-20-000016_acceptance,acceptance
-0.0043516126465994,-0.0016304457368023,4,-0.0004139991394917,-0.0039376135071077,0000936468-20-000016_acceptance,acceptance
0.0072464261788784,0.0018435333204338,5,0.0014380515569214,0.005808374621957,0000936468-20-000016_acceptance,acceptance
0.00061832437662,-0.0030106116552376,-5,-0.0033661714760775,0.0039844958526976,0000936468-21-000013_acceptance,acceptance
0.0106802703466046,0.0036158389430824,-4,0.0012624160538906,0.009417854292714,0000936468-21-000013_acceptance,acceptance
-0.037320636325317,-0.0014888337468982,-3,-0.0023032069001843,-0.0350174294251326,0000936468-21-000013_acceptance,acceptance
0.0055036844654845,-0.025677883699462,-2,-0.0191993013192083,0.0247029857846928,0000936468-21-000013_acceptance,acceptance
-0.0137740568406312,0.0097606259756297,-1,0.0055545607263897,-0.019328617567021,0000936468-21-000013_acceptance,acceptance
-0.0186318362803719,-0.0193114751731245,0,-0.0147523536390794,-0.0038794826412925,0000936468-21-000013_acceptance,acceptance
0.0068671313427755,0.0160517676144393,1,0.0099489343516968,-0.0030818030089213,0000936468-21-000013_acceptance,acceptance
0.0267564422519055,0.0138982234844169,2,0.0084446799461806,0.0183117623057248,0000936468-21-000013_acceptance,acceptance
-0.0009314889552025,0.0010087690809532,3,-0.0005586268822276,-0.0003728620729749,0000936468-21-000013_acceptance,acceptance
0.014561141049358,0.0108533222304207,4,0.0063178110040347,0.0082433300453232,0000936468-21-000013_acceptance,acceptance
-0.0005633934423751,0.0038974951646253,5,0.0014591534256446,-0.0020225468680197,0000936468-21-000013_acceptance,acceptance
0.0105198307668095,-0.0183879456940073,-5,-0.0082335611434186,0.0187533919102281,0000936468-22-000008_acceptance,acceptance
0.0020981248732547,-0.0096895418683388,-4,-0.0046263082970046,0.0067244331702594,0000936468-22-000008_acceptance,acceptance
-0.0058306134715339,-0.0110373784941483,-3,-0.0051852599854287,-0.0006453534861051,0000936468-22-000008_acceptance,acceptance
-0.0104761933748909,-0.0189148218679086,-2,-0.008452058193694,-0.0020241351811968,0000936468-22-000008_acceptance,acceptance
0.005738061170629,0.0027717389433818,-1,0.0005414203551643,0.0051966408154647,0000936468-22-000008_acceptance,acceptance
0.0370717219110212,-0.0121719062536467,0,-0.0056557518793219,0.0427274737903432,0000936468-22-000008_acceptance,acceptance
0.0105124202801947,-0.0014966358477518,1,-0.0012286868304141,0.0117411071106088,0000936468-22-000008_acceptance,acceptance
-0.0055209072858997,-0.0053840887577105,2,-0.0028408246267035,-0.0026800826591961,0000936468-22-000008_acceptance,acceptance
0.0104603675036418,0.0243476468880761,3,0.0094890108450186,0.0009713566586232,0000936468-22-000008_acceptance,acceptance
-0.0102250912292972,0.0188859517327795,4,0.007224030304905,-0.0174491215342023,0000936468-22-000008_acceptance,acceptance
-0.0054478832770201,0.0068630035578014,5,0.00223807944591,-0.0076859627229301,0000936468-22-000008_acceptance,acceptance
0.0090370488382351,0.0189184010459815,-5,0.0112290132245199,-0.0021919643862847,0000936468-23-000009_acceptance,acceptance
-0.0045118622718371,0.0118813449836652,-4,0.0077419266447119,-0.0122537889165491,0000936468-23-000009_acceptance,acceptance
0.018015869201972,-0.0007115031258156,-3,0.0015017672292875,0.0165141019726845,0000936468-23-000009_acceptance,acceptance
0.0109742341034355,-0.0001817250594663,-2,0.0017642892227296,0.0092099448807058,0000936468-23-000009_acceptance,acceptance
0.0124404932904864,0.0110078534691813,-1,0.0073090836332651,0.0051314096572213,0000936468-23-000009_acceptance,acceptance
-0.0004565664996769,0.002494840970949,0,0.0030906133847059,-0.0035471798843829,0000936468-23-000009_acceptance,acceptance
0.0021539653935134,-0.0129687409846833,1,-0.0045720865619388,0.0067260519554523,0000936468-23-000009_acceptance,acceptance
0.0057969264146737,0.0146424702855101,2,0.0091101526329617,-0.0033132262182879,0000936468-23-000009_acceptance,acceptance
-0.0021802488477625,0.0104523039445902,3,0.0070337910571558,-0.0092140399049184,0000936468-23-000009_acceptance,acceptance
-0.010946506025432,0.0146993732443099,4,0.0091383498708726,-0.0200848558963047,0000936468-23-000009_acceptance,acceptance
0.0041339737560028,-0.0103546106913104,5,-0.0032767013066323,0.0074106750626351,0000936468-23-000009_acceptance,acceptance
-0.0029923568328348,-0.0056168971839904,-5,-0.0022035805726502,-0.0007887762601845,0000936468-24-000010_acceptance,acceptance
0.006791282939466,0.008805260963896,-4,0.0034270258223114,0.0033642571171546,0000936468-24-000010_acceptance,acceptance
-0.0039383646151988,0.0123135027649361,-3,0.0047966910636334,-0.0087350556788322,0000936468-24-000010_acceptance,acceptance
0.0021844815264138,0.002194325202627,-2,0.0008460267240914,0.0013384548023224,0000936468-24-000010_acceptance,acceptance
-0.0416122243475256,0.002921374261968,-1,0.0011298765502407,-0.0427421008977664,0000936468-24-000010_acceptance,acceptance
-0.0182410262956916,0.0008119284117831,0,0.0003063202438902,-0.0185473465395819,0000936468-24-000010_acceptance,acceptance
-0.0014130879793458,0.0052603655277063,1,0.0020430505040679,-0.0034561384834137,0000936468-24-000010_acceptance,acceptance
-0.0026216015490041,-0.0006517852510764,2,-0.0002651334474352,-0.0023564681015688,0000936468-24-000010_acceptance,acceptance
-0.0044195045482303,0.0075567748961808,3,0.0029395999069377,-0.0073591044551681,0000936468-24-000010_acceptance,acceptance
0.0085744827522213,-0.0006006499345398,4,-0.0002451695254378,0.0088196522776592,0000936468-24-000010_acceptance,acceptance
-0.0052583171590626,-0.0161057446115979,5,-0.0062985690477502,0.0010402518886876,0000936468-24-000010_acceptance,acceptance
-0.0137273256872175,0.0061379415222275,-5,3.060038191214512e-05,-0.0137579260691297,0000936468-25-000009_acceptance,acceptance
-0.0041255136473956,0.0053134862204113,-4,-0.0001310697037109,-0.0039944439436847,0000936468-25-000009_acceptance,acceptance
-0.0006434788302605,-0.0028551323193988,-3,-0.0017328803244252,0.0010894014941647,0000936468-25-000009_acceptance,acceptance
0.0135423527421036,-0.0145807156908095,-2,-0.0040321875924609,0.0175745403345646,0000936468-25-000009_acceptance,acceptance
-0.0918024939508074,0.0092178694499676,-1,0.0006345533320523,-0.0924370472828598,0000936468-25-000009_acceptance,acceptance
-0.0067549482166785,-0.0046788957603215,0,-0.0020905079495987,-0.0046644402670798,0000936468-25-000009_acceptance,acceptance
0.0116428755972406,0.0052754144053117,1,-0.0001385353280976,0.0117814109253382,0000936468-25-000009_acceptance,acceptance
0.0071793928253114,-0.0050468257540199,2,-0.0021626565226668,0.0093420493479783,0000936468-25-000009_acceptance,acceptance
-0.0162652815849363,-0.0076085976846667,3,-0.0026650026006921,-0.0136002789842442,0000936468-25-000009_acceptance,acceptance
-0.0038206774227736,0.0072248818286797,4,0.0002437419943491,-0.0040644194171227,0000936468-25-000009_acceptance,acceptance
-0.0083980486830894,0.0039086729306143,5,-0.0004065440494342,-0.0079915046336552,0000936468-25-000009_acceptance,acceptance
-0.0052028048648935,0.0003268698377891,-5,0.0013131355583036,-0.0065159404231971,0001628280-26-004195_acceptance,acceptance
-0.0155038841222232,0.0050060830312763,-4,0.001790522622702,-0.0172944067449252,0001628280-26-004195_acceptance,acceptance
0.0228484820578771,0.0040818961771371,-3,0.0016962343671749,0.0211522476907021,0001628280-26-004195_acceptance,acceptance
0.0038994079342205,-8.172305219089626e-05,-2,0.0012714497123684,0.002627958221852,0001628280-26-004195_acceptance,acceptance
0.0422589019443988,-0.0012926312740076,-1,0.001147909301328,0.0411109926430708,0001628280-26-004195_acceptance,acceptance
0.0188109466125443,-0.0043018996208942,0,0.000840894911792,0.0179700517007522,0001628280-26-004195_acceptance,acceptance
0.002806717623788,0.0053912661291679,1,0.001829820132936,0.0009768974908519,0001628280-26-004195_acceptance,acceptance
-0.0121698615928247,-0.0084039830206983,2,0.0004223883229331,-0.0125922499157578,0001628280-26-004195_acceptance,acceptance
-0.0405882426831918,-0.0050723919062231,3,0.0007622870272984,-0.0413505297104902,0001628280-26-004195_acceptance,acceptance
0.0106509750507142,-0.0122510155676747,4,2.9902770703490664e-05,0.0106210722800107,0001628280-26-004195_acceptance,acceptance
0.0236384365993758,0.0196957966973359,5,0.0032892103280739,0.0203492262713018,0001628280-26-004195_acceptance,acceptance
-0.0014839259400885,-0.001082200145408,-5,-0.0001779278382128,-0.0013059981018756,0000063908-17-000017_acceptance,acceptance
0.003285045048518,0.0004189867216857,-4,0.0005428893556847,0.0027421556928332,0000063908-17-000017_acceptance,acceptance
0.0029626055017779,0.0014933641914423,-3,0.0010587676716441,0.0019038378301337,0000063908-17-000017_acceptance,acceptance
-0.0056380269375059,0.0010179830611165,-2,0.0008305063539464,-0.0064685332914524,0000063908-17-000017_acceptance,acceptance
0.0051972566756535,-0.0025783763780462,-1,-0.0008963391014784,0.0060935957771319,0000063908-17-000017_acceptance,acceptance
0.0109676781323129,0.0136738546598662,0,0.0069074112697214,0.0040602668625915,0000063908-17-000017_acceptance,acceptance
-0.0063540631874061,-0.0058598805035984,1,-0.0024720020968009,-0.0038820610906051,0000063908-17-000017_acceptance,acceptance
-0.0025734241177484,0.00050387727206,2,0.0005836508156005,-0.003157074933349,0000063908-17-000017_acceptance,acceptance
0.0010160808106647,-0.0032772408480052,3,-0.0012319092674537,0.0022479900781184,0000063908-17-000017_acceptance,acceptance
0.0003126731449001,-0.0029133737680216,4,-0.0010571930790199,0.00136986622392,0000063908-17-000017_acceptance,acceptance
0.0001561757782635,-0.0022842151650487,5,-0.0007550932214655,0.0009112689997291,0000063908-17-000017_acceptance,acceptance
0.0049377974084687,0.0120691127622993,-5,0.0084531077668524,-0.0035153103583837,0000063908-18-000010_acceptance,acceptance
-0.018596813188994,0.0003734693722488,-4,0.0003023051084693,-0.0188991182974634,0000063908-18-000010_acceptance,acceptance
-0.0039928599221256,-0.0058413894593534,-3,-0.0040288878149735,3.602789284797708e-05,0000063908-18-000010_acceptance,acceptance
0.0094172808533838,-0.0054965031281792,-2,-0.0037885333230295,0.0132058141764134,0000063908-18-000010_acceptance,acceptance
0.0127330891599017,0.0009735510790762,-1,0.0007205076312495,0.0120125815286522,0000063908-18-000010_acceptance,acceptance
0.0149383114853784,0.0160283763505131,0,0.0112123553861416,0.0037259560992368,0000063908-18-000010_acceptance,acceptance
0.0031894467849988,0.0117570153438109,1,0.008235604173125,-0.0050461573881261,0000063908-18-000010_acceptance,acceptance
-0.0178509549164508,-0.0127068884438292,2,-0.0088135179124846,-0.0090374370039661,0000063908-18-000010_acceptance,acceptance
-0.0119637340112517,-0.011095788639207,3,-0.0076907274739862,-0.0042730065372654,0000063908-18-000010_acceptance,acceptance
-0.0129326954968534,-0.0133243995419872,4,-0.0092438671401918,-0.0036888283566616,0000063908-18-000010_acceptance,acceptance
-0.0477196420715383,0.005071602744632,5,0.0035764779524905,-0.0512961200240289,0000063908-18-000010_acceptance,acceptance
0.0098767830321155,-0.0026516415551012,-5,0.0009454184528789,0.0089313645792366,0000063908-19-000010_acceptance,acceptance
0.0233126706601385,0.0108787526085869,-4,0.0062917732376589,0.0170208974224795,0000063908-19-000010_acceptance,acceptance
-0.0040004483708311,0.0014987433214488,-3,0.0025853876788289,-0.00658583604966,0000063908-19-000010_acceptance,acceptance
0.0069174072764213,0.0017771107537685,-2,0.0026953808568328,0.0042220264195884,0000063908-19-000010_acceptance,acceptance
0.0128539295848402,-0.0035264367908802,-1,0.0005997547835187,0.0122541748013214,0000063908-19-000010_acceptance,acceptance
0.0019692003644598,0.0064111023949868,0,0.0045264408454728,-0.002557240481013,0000063908-19-000010_acceptance,acceptance
-0.0030573802472768,0.0012318625699112,1,0.0024799333095262,-0.0055373135568031,0000063908-19-000010_acceptance,acceptance
0.0032859966958584,-0.0007904570968998,2,0.0016808406669758,0.0016051560288826,0000063908-19-000010_acceptance,acceptance
0.0008187336326963,-0.0005440493877303,3,0.0017782053866571,-0.0009594717539607,0000063908-19-000010_acceptance,acceptance
0.0090011983427467,-0.0028255083152146,4,0.0008767173216627,0.008124481021084,0000063908-19-000010_acceptance,acceptance
0.0065820068922035,0.0068953205934343,5,0.0047177732080654,0.001864233684138,0000063908-19-000010_acceptance,acceptance
-0.0024057881151652,0.0047057858811645,-5,0.0017758284611468,-0.0041816165763121,0000063908-20-000022_acceptance,acceptance
-0.0025506881925851,-0.0038155197636281,-4,-0.0030129651282161,0.0004622769356309,0000063908-20-000022_acceptance,acceptance
0.0036730091091392,-0.0105181030271228,-3,-0.006779675196175,0.0104526843053143,0000063908-20-000022_acceptance,acceptance
-0.0108859629388059,-0.0335136266712231,-2,-0.019702673243805,0.008816710304999,0000063908-20-000022_acceptance,acceptance
-0.0066507782220875,-0.0302799955650561,-1,-0.0178854409372698,0.0112346627151822,0000063908-20-000022_acceptance,acceptance
-0.0094292706939022,-0.003778540605322,0,-0.0029921836231724,-0.0064370870707297,0000063908-20-000022_acceptance,acceptance
-0.0433127820945928,-0.0441632425840791,1,-0.0256875322006983,-0.0176252498938945,0000063908-20-000022_acceptance,acceptance
-0.0279348855342529,-0.0082383404443618,2,-0.0054984968302439,-0.022436388704009,0000063908-20-000022_acceptance,acceptance
0.0431581923023087,0.04603922900611,3,0.0250043495016988,0.0181538428006099,0000063908-20-000022_acceptance,acceptance
-0.0150087296155496,-0.0281078961210758,4,-0.0166647669787963,0.0016560373632467,0000063908-20-000022_acceptance,acceptance
0.037642237058767,0.0422025907744911,5,0.0228482399412456,0.0147939971175213,0000063908-20-000022_acceptance,acceptance
0.0052829224452537,-0.0005692724183511,-5,-0.0006689861054653,0.005951908550719,0000063908-21-000013_acceptance,acceptance
-0.0073478644769572,-0.0003204020092266,-4,-0.0005469356972791,-0.0068009287796781,0000063908-21-000013_acceptance,acceptance
0.0092762883865502,-0.0044158356273545,-3,-0.0025554080847778,0.0118316964713281,0000063908-21-000013_acceptance,acceptance
-0.014807599243385,-0.0018548966445751,-2,-0.0012994787467428,-0.0135081204966421,0000063908-21-000013_acceptance,acceptance
-0.0008480692312415,-0.0077328394581538,-1,-0.0041821248685389,0.0033340556372973,0000063908-21-000013_acceptance,acceptance
-0.0034895666627959,0.0012563181187927,0,0.0002263154734695,-0.0037158821362654,0000063908-21-000013_acceptance,acceptance
0.0092276758642475,0.011351613765979,1,0.0051772253017379,0.0040504505625096,0000063908-21-000013_acceptance,acceptance
-0.0108781068828028,-0.0244788075251262,2,-0.0123946409536672,0.0015165340708643,0000063908-21-000013_acceptance,acceptance
-0.0167892289279398,-0.0047502141699028,3,-0.0027193931794715,-0.0140698357484683,0000063908-21-000013_acceptance,acceptance
0.0102358994987448,0.0237907635068002,4,0.0112776022356515,-0.0010417027369067,0000063908-21-000013_acceptance,acceptance
0.0020167826345118,-0.0080808516908706,5,-0.0043527961637174,0.0063695787982293,0000063908-21-000013_acceptance,acceptance
-0.0085345282876514,-0.021173138152195,-5,-0.0103479598812078,0.0018134315935564,0000063908-22-000011_acceptance,acceptance
-0.001315128984013,-0.0071661613961429,-4,-0.003053005577958,0.0017378765939449,0000063908-22-000011_acceptance,acceptance
0.0083799182942148,-0.0101429452648328,-3,-0.0046033402912188,0.0129832585854336,0000063908-22-000011_acceptance,acceptance
-0.0194302770284106,-0.0184121228454876,-2,-0.0089099992960087,-0.0105202777324018,0000063908-22-000011_acceptance,acceptance
-0.011138331998282,0.0149568560673292,-1,0.0084688527257115,-0.0196071847239936,0000063908-22-000011_acceptance,acceptance
0.0180385435682373,0.0223726776556034,0,0.0123310765695641,0.0057074669986731,0000063908-22-000011_acceptance,acceptance
-0.013302791170066,-0.0024426034406476,1,-0.0005929358545467,-0.0127098553155193,0000063908-22-000011_acceptance,acceptance
-0.0209990575973894,-0.0154735036804118,2,-0.0073795410895567,-0.0136195165078326,0000063908-22-000011_acceptance,acceptance
0.0054665022140536,0.018642691757321,3,0.0103884677430035,-0.0049219655289498,0000063908-22-000011_acceptance,acceptance
-0.0178051444934251,-0.0052546664300883,4,-0.0020574825131942,-0.0157476619802309,0000063908-22-000011_acceptance,acceptance
-0.0035494666342826,-0.0079340425503344,5,-0.003452924705955,-9.65419283276408e-05,0000063908-22-000011_acceptance,acceptance
-0.0027385901928367,-0.0137887414891306,-5,-0.005374714946287,0.0026361247534502,0000063908-23-000012_acceptance,acceptance
0.0156489916530806,-0.0027674058253277,-4,-0.0004326751280496,0.0160816667811303,0000063908-23-000012_acceptance,acceptance
-0.0053335423441064,-0.0200412342553273,-3,-0.008178374063146,0.0028448317190396,0000063908-23-000012_acceptance,acceptance
0.0003352541573005,-0.0015735561458868,-2,0.0001026549655762,0.0002325991917242,0000063908-23-000012_acceptance,acceptance
-0.0069238843251154,0.0053294294160743,-1,0.0031979993550927,-0.0101218836802081,0000063908-23-000012_acceptance,acceptance
-0.0116200353817945,-0.0105375514855581,0,-0.0039168598419296,-0.0077031755398648,0000063908-23-000012_acceptance,acceptance
0.0041717893064578,0.0030730045671669,1,0.0021862035264995,0.0019855857799583,0000063908-23-000012_acceptance,acceptance
0.0024689313127337,-0.0030360018281855,2,-0.0005531153525047,0.0030220466652384,0000063908-23-000012_acceptance,acceptance
-0.0045092370094552,-0.00472526484568,3,-0.0013105920640934,-0.0031986449453617,0000063908-23-000012_acceptance,acceptance
0.0184611429125345,0.0075821940867943,4,0.0042081539355743,0.0142529889769601,0000063908-23-000012_acceptance,acceptance
0.0056059956082754,0.0161477371607488,5,0.0080490001113547,-0.0024430045030793,0000063908-23-000012_acceptance,acceptance
0.0036920572322827,0.0095797632750176,-5,0.0060028550163769,-0.0023107977840942,0000063908-24-000072_acceptance,acceptance
0.0128048948867789,0.0058212506847294,-4,0.0037416703168794,0.0090632245698995,0000063908-24-000072_acceptance,acceptance
0.0005482091016564,-0.0048034698371121,-3,-0.0026503411246956,0.003198550226352,0000063908-24-000072_acceptance,acceptance
0.0021573487560822,-0.0060053220011653,-2,-0.0033733956999117,0.0055307444559939,0000063908-24-000072_acceptance,acceptance
0.0043054092428891,0.0012641999229821,-1,0.0010000715567947,0.0033053376860944,0000063908-24-000072_acceptance,acceptance
0.0068387728047401,0.021122884217414,0,0.0129473916734686,-0.0061086188687285,0000063908-24-000072_acceptance,acceptance
0.0061841856421709,0.0003479475462115,1,0.0004488386407243,0.0057353470014466,0000063908-24-000072_acceptance,acceptance
-0.0021158322015926,-0.0037867513501905,2,-0.0020386660987122,-7.716610288032843e-05,0000063908-24-000072_acceptance,acceptance
-0.011308365011332,0.0017063496993998,3,0.001266076335362,-0.012574441346694,0000063908-24-000072_acceptance,acceptance
0.0048676643648555,-0.0016581550604305,4,-0.0007580665939375,0.005625730958793,0000063908-24-000072_acceptance,acceptance
-0.0042245017121953,0.0052290946971491,5,0.0033854192663196,-0.0076099209785149,0000063908-24-000072_acceptance,acceptance
-0.0120562434121355,0.0024449877750611,-5,0.0009443090628956,-0.0130005524750311,0000063908-25-000012_acceptance,acceptance
-0.0094808091513316,0.0023769693899173,-4,0.0009203552537252,-0.0104011644050568,0000063908-25-000012_acceptance,acceptance
0.0036762162517864,-0.0043341850761716,-3,-0.0014430897627124,0.0051193060144989,0000063908-25-000012_acceptance,acceptance
0.0058074464593194,-0.0170641267025635,-2,-0.0059261510971614,0.0117335975564808,0000063908-25-000012_acceptance,acceptance
0.0090550134820783,-0.0049691065044024,-1,-0.0016666879369109,0.0107217014189893,0000063908-25-000012_acceptance,acceptance
0.0102416415779507,-0.0046797309154723,0,-0.0015647794952275,0.0118064210731782,0000063908-25-000012_acceptance,acceptance
-0.0207581901674233,0.0001360242800469,1,0.000131169044587,-0.0208893592120103,0000063908-25-000012_acceptance,acceptance
0.0186676046008729,-0.0158645536555098,2,-0.005503701434553,0.0241713060354259,0000063908-25-000012_acceptance,acceptance
-0.005226864020275,0.0158541446349889,3,0.0056665673740943,-0.0108934313943694,0000063908-25-000012_acceptance,acceptance
-0.0074045341773469,-0.0175967394669998,4,-0.0061137195684518,-0.0012908146088951,0000063908-25-000012_acceptance,acceptance
0.0048636245785802,-0.0122348266022004,5,-0.0042254324931182,0.0090890570716984,0000063908-25-000012_acceptance,acceptance
0.0001221531129429,0.0010313220779065,-5,0.0001563676994269,-3.42145864840457e-05,0000063908-26-000035_acceptance,acceptance
0.0008242903424304,0.0055660701474107,-4,0.0003093498397441,0.0005149405026863,0000063908-26-000035_acceptance,acceptance
-0.002378974003524,-0.0028221256867719,-3,2.636958760125776e-05,-0.0024053435911253,0000063908-26-000035_acceptance,acceptance
0.0064811336647494,0.0069397247635067,-2,0.0003556908095193,0.0061254428552301,0000063908-26-000035_acceptance,acceptance
0.0161891335070001,-0.0103856522472848,-1,-0.00022879000756,0.0164179235145601,0000063908-26-000035_acceptance,acceptance
-0.0045134459842478,0.0076516140863223,0,0.0003797067748175,-0.0048931527590653,0000063908-26-000035_acceptance,acceptance
-0.0001199600208003,0.0081363556573399,1,0.0003960597897807,-0.0005160198105811,0000063908-26-000035_acceptance,acceptance
0.004564447096423,-0.0053655805693283,2,-5.94352169369073e-05,0.0046238823133599,0000063908-26-000035_acceptance,acceptance
0.0195198979977178,-0.0043393528110311,3,-2.481487717140381e-05,0.0195447128748892,0000063908-26-000035_acceptance,acceptance
-0.0182959700822726,0.0003983547353176,4,0.0001350142091479,-0.0184309842914206,0000063908-26-000035_acceptance,acceptance
-0.0023725771345457,-0.0094440310956254,5,-0.0001970239167119,-0.0021755532178337,0000063908-26-000035_acceptance,acceptance
-0.0029014323720489,-0.001082200145408,-5,-0.001550704942862,-0.0013507274291869,0000310158-17-000010_acceptance,acceptance
0.0085767389590369,0.0004189867216857,-4,3.076019219082316e-05,0.0085459787668461,0000310158-17-000010_acceptance,acceptance
0.004707928707597,0.0014933641914423,-3,0.0011625916433916,0.0035453370642054,0000310158-17-000010_acceptance,acceptance
-0.0046858679752364,0.0010179830611165,-2,0.0006617887787038,-0.0053476567539402,0000310158-17-000010_acceptance,acceptance
0.0003040722957843,-0.0025783763780462,-1,-0.0031268914921041,0.0034309637878885,0000310158-17-000010_acceptance,acceptance
0.0051616908865625,0.0136738546598662,0,0.0139944525035581,-0.0088327616169955,0000310158-17-000010_acceptance,acceptance
-0.0019635677555289,-0.0058598805035984,1,-0.0065838790789592,0.0046203113234302,0000310158-17-000010_acceptance,acceptance
0.0075663839895263,0.00050387727206,2,0.0001201903948226,0.0074461935947037,0000310158-17-000010_acceptance,acceptance
-0.0016517563031128,-0.0032772408480052,3,-0.0038631288104515,0.0022113725073386,0000310158-17-000010_acceptance,acceptance
-0.0076728896981606,-0.0029133737680216,4,-0.0034798033808189,-0.0041930863173416,0000310158-17-000010_acceptance,acceptance
-0.0024258275415296,-0.0022842151650487,5,-0.0028169995575037,0.000391172015974,0000310158-17-000010_acceptance,acceptance
-0.0078212843602246,-0.0054965031281792,-5,-0.0039650392913089,-0.0038562450689157,0000310158-18-000005_acceptance,acceptance
0.0003665815172242,0.0009735510790762,-4,-0.00045413271955,0.0008207142367743,0000310158-18-000005_acceptance,acceptance
0.0054977607760409,0.0160283763505131,-3,0.0077152091884195,-0.0022174484123786,0000310158-18-000005_acceptance,acceptance
0.0216873432216735,0.0117570153438109,-2,0.005397400256932,0.0162899429647414,0000310158-18-000005_acceptance,acceptance
-0.0239028518058225,-0.0127068884438292,-1,-0.0078776787188488,-0.0160251730869736,0000310158-18-000005_acceptance,acceptance
-0.0091378799438814,-0.011095788639207,0,-0.0070034324280736,-0.0021344475158078,0000310158-18-000005_acceptance,acceptance
-0.0095904819317852,-0.0133243995419872,1,-0.0082127645934348,-0.0013777173383504,0000310158-18-000005_acceptance,acceptance
0.0122908172382734,0.005071602744632,2,0.0017696317286476,0.0105211855096257,0000310158-18-000005_acceptance,acceptance
0.0007358217375983,0.011032026532745,3,0.0050039927367341,-0.0042681709991358,0000310158-18-000005_acceptance,acceptance
-0.0018383457960707,0.0026388586061694,4,0.0004495288192225,-0.0022878746152933,0000310158-18-000005_acceptance,acceptance
0.0031306742388281,-0.0004838747205661,5,-0.0012449894347963,0.0043756636736245,0000310158-18-000005_acceptance,acceptance
0.0050357282353084,-0.0035264367908802,-5,-0.0009684743538245,0.0060042025891329,0000310158-19-000014_acceptance,acceptance
0.0117750736739719,0.0064111023949868,-4,0.0058290306720762,0.0059460430018956,0000310158-19-000014_acceptance,acceptance
-0.0048286872770478,0.0012318625699112,-3,0.0022863116867397,-0.0071149989637876,0000310158-19-000014_acceptance,acceptance
0.0044786925693403,-0.0007904570968998,-2,0.0009029985906086,0.0035756939787316,0000310158-19-000014_acceptance,acceptance
-0.0014861574048731,-0.0005440493877303,-1,0.0010715471226116,-0.0025577045274847,0000310158-19-000014_acceptance,acceptance
0.0083108900177153,-0.0028255083152146,0,-0.0004890231791403,0.0087999131968556,0000310158-19-000014_acceptance,acceptance
0.0044286166687999,0.0068953205934343,1,0.0061602470402351,-0.0017316303714352,0000310158-19-000014_acceptance,acceptance
-0.0034294029666741,-0.003880558492514,2,-0.0012107017304027,-0.0022187012362714,0000310158-19-000014_acceptance,acceptance
0.0040555692973944,-0.0011315328231061,3,0.0006696949608329,0.0033858743365614,0000310158-19-000014_acceptance,acceptance
-0.0115058048284514,-0.0065240986535923,4,-0.0030189439113902,-0.0084868609170612,0000310158-19-000014_acceptance,acceptance
-0.0038382368649731,-0.0081257175586835,5,-0.0041144880248079,0.0002762511598347,0000310158-19-000014_acceptance,acceptance
0.005975211255266,-0.0038155197636281,-5,-0.0031500095946492,0.0091252208499152,0000310158-20-000005_acceptance,acceptance
-0.0018184867644407,-0.0105181030271228,-4,-0.0079159773903077,0.006097490625867,0000310158-20-000005_acceptance,acceptance
-0.0122660774331379,-0.0335136266712231,-3,-0.0242672737224243,0.0120011962892864,0000310158-20-000005_acceptance,acceptance
-0.0130331496938185,-0.0302799955650561,-2,-0.0219679540259471,0.0089348043321286,0000310158-20-000005_acceptance,acceptance
-0.0041112290837233,-0.003778540605322,-1,-0.0031237150346759,-0.0009875140490473,0000310158-20-000005_acceptance,acceptance
-0.0232676776355357,-0.0441632425840791,0,-0.0318398355961787,0.008572157960643,0000310158-20-000005_acceptance,acceptance
-0.0194670080609726,-0.0082383404443618,1,-0.0062949195646835,-0.0131720884962891,0000310158-20-000005_acceptance,acceptance
0.0628264396114552,0.04603922900611,2,0.0322999233276809,0.0305265162837743,0000310158-20-000005_acceptance,acceptance
-0.0275285066888278,-0.0281078961210758,3,-0.0204234516166506,-0.0071050550721771,0000310158-20-000005_acceptance,acceptance
0.0485275473638868,0.0422025907744911,4,0.0295718267809244,0.0189557205829624,0000310158-20-000005_acceptance,acceptance
-0.0167529200308094,-0.0339220770468885,5,-0.0245577082101461,0.0078047881793367,0000310158-20-000005_acceptance,acceptance
-0.0145867881042217,-0.0018548966445751,-5,-0.0022989025253683,-0.0122878855788534,0000310158-21-000004_acceptance,acceptance
0.0083433948108324,-0.0077328394581538,-4,-0.0057260415796822,0.0140694363905146,0000310158-21-000004_acceptance,acceptance
-0.0052049733078619,0.0012563181187927,-3,-0.0004849063773853,-0.0047200669304766,0000310158-21-000004_acceptance,acceptance
0.0004025218629872,0.011351613765979,-2,0.0054011634730037,-0.0049986416100164,0000310158-21-000004_acceptance,acceptance
0.0006705570863345,-0.0244788075251262,-1,-0.0154897910724528,0.0161603481587874,0000310158-21-000004_acceptance,acceptance
-0.0268026433366288,-0.0047502141699028,0,-0.0039870196235421,-0.0228156237130867,0000310158-21-000004_acceptance,acceptance
-0.003304852400491,0.0237907635068002,1,0.0126538192458269,-0.015958671646318,0000310158-21-000004_acceptance,acceptance
0.006493531377671,-0.0080808516908706,2,-0.0059289503782107,0.0124224817558818,0000310158-21-000004_acceptance,acceptance
0.0061772393739993,-0.0130662218719981,3,-0.0088356742763208,0.0150129136503202,0000310158-21-000004_acceptance,acceptance
-0.0154161405406068,-0.0134172139301002,4,-0.0090403204643199,-0.0063758200762868,0000310158-21-000004_acceptance,acceptance
0.0133017678173277,0.0194959681977822,5,0.0101497355552171,0.0031520322621105,0000310158-21-000004_acceptance,acceptance
0.0001312464910592,-0.0071661613961429,-5,-7.280835010463566e-05,0.0002040548411638,0000310158-22-000003_acceptance,acceptance
-0.0054999823566977,-0.0101429452648328,-4,-0.000455460136281,-0.0050445222204167,0000310158-22-000003_acceptance,acceptance
-0.0014483744544825,-0.0184121228454876,-3,-0.0015184246345534,7.005018007093982e-05,0000310158-22-000003_acceptance,acceptance
-0.0307221255832208,0.0149568560673292,-2,0.0027710031328348,-0.0334931287160557,0000310158-22-000003_acceptance,acceptance
0.0382259497215287,0.0223726776556034,-1,0.0037242726686468,0.0345016770528818,0000310158-22-000003_acceptance,acceptance
0.0034068118004189,-0.0024426034406476,0,0.0005343831587547,0.0028724286416641,0000310158-22-000003_acceptance,acceptance
-0.0031344260047878,-0.0154735036804118,1,-0.0011406787443544,-0.0019937472604334,0000310158-22-000003_acceptance,acceptance
0.0043230410102861,0.018642691757321,2,0.0032448002482931,0.0010782407619929,0000310158-22-000003_acceptance,acceptance
0.0062605754321576,-0.0052546664300883,3,0.000172905479079,0.0060876699530785,0000310158-22-000003_acceptance,acceptance
0.008814196317,-0.0079340425503344,4,-0.0001715159177964,0.0089857122347965,0000310158-22-000003_acceptance,acceptance
-0.0012849600271747,-0.0295181583134491,5,-0.0029460540818415,0.0016610940546668,0000310158-22-000003_acceptance,acceptance
0.0282602083196312,-0.0027674058253277,-5,0.0012190665998291,0.027041141719802,0001628280-23-005061_acceptance,acceptance
-0.004108742094962,-0.0200412342553273,-4,-0.0036811524193469,-0.000427589675615,0001628280-23-005061_acceptance,acceptance
0.0008252325753224,-0.0015735561458868,-3,0.0015577364510981,-0.0007325038757757,0001628280-23-005061_acceptance,acceptance
0.0130997407143502,0.0053294294160743,-2,0.0035159671511944,0.0095837735631558,0001628280-23-005061_acceptance,acceptance
-0.006329504085461,-0.0105375514855581,-1,-0.0009851590413091,-0.0053443450441519,0001628280-23-005061_acceptance,acceptance
-0.0048230603733924,0.0030730045671669,0,0.002875867244867,-0.0076989276182594,0001628280-23-005061_acceptance,acceptance
-0.0285295758384338,-0.0030360018281855,1,0.0011428716065182,-0.029672447444952,0001628280-23-005061_acceptance,acceptance
0.0038590084556857,-0.00472526484568,2,0.0006636634911741,0.0031953449645116,0001628280-23-005061_acceptance,acceptance
0.0033756725804006,0.0075821940867943,3,0.0041550287425448,-0.0007793561621442,0001628280-23-005061_acceptance,acceptance
-0.0012146747444051,0.0161477371607488,4,0.0065848917720785,-0.0077995665164837,0001628280-23-005061_acceptance,acceptance
0.0394835066274055,0.0006871667698291,5,0.0021990556278846,0.0372844509995208,0001628280-23-005061_acceptance,acceptance
-0.0032865412563226,-0.0060053220011653,-5,0.000102046609711,-0.0033885878660337,0001628280-24-006850_acceptance,acceptance
0.0058882312596018,0.0012641999229821,-4,0.0012279822127282,0.0046602490468735,0001628280-24-006850_acceptance,acceptance
0.008898033238526,0.021122884217414,-3,0.0043037827824888,0.0045942504560371,0001628280-24-006850_acceptance,acceptance
0.0014697655566937,0.0003479475462115,-2,0.001086069005351,0.0003836965513427,0001628280-24-006850_acceptance,acceptance
-0.0047121973470197,-0.0037867513501905,-1,0.0004456686126166,-0.0051578659596364,0001628280-24-006850_acceptance,acceptance
0.0014746213415264,0.0017063496993998,0,0.0012964643192999,0.0001781570222264,0001628280-24-006850_acceptance,acceptance
-0.0065101075107236,-0.0016581550604305,1,0.0007753549898088,-0.0072854625005324,0001628280-24-006850_acceptance,acceptance
-0.0081128876150939,0.0052290946971491,2,0.001842082594436,-0.0099549702095299,0001628280-24-006850_acceptance,acceptance
-0.0014944169397804,0.0080078289488876,3,0.0022724652052873,-0.0037668821450678,0001628280-24-006850_acceptance,acceptance
-0.022920445537677,-0.0011932620709189,4,0.000847359665487,-0.023767805203164,0001628280-24-006850_acceptance,acceptance
-0.0098347793731783,-0.0101931008834446,5,-0.000546575045237,-0.0092882043279413,0001628280-24-006850_acceptance,acceptance
0.027734435060214,0.0023769693899173,-5,-0.001682136058419,0.029416571118633,0001628280-25-007732_acceptance,acceptance
0.0242991456944454,-0.0043341850761716,-4,-0.0017959851567604,0.0260951308512059,0001628280-25-007732_acceptance,acceptance
0.0207572625492662,-0.0170641267025635,-3,-0.0020119379236691,0.0227692004729353,0001628280-25-007732_acceptance,acceptance
0.0197765387437172,-0.0049691065044024,-2,-0.0018067560654747,0.0215832948091919,0001628280-25-007732_acceptance,acceptance
0.0017529576180312,-0.0046797309154723,-1,-0.0018018470516756,0.0035548046697069,0001628280-25-007732_acceptance,acceptance
-0.0224214283688102,0.0001360242800469,0,-0.0017201518098788,-0.0207012765589313,0001628280-25-007732_acceptance,acceptance
0.0134257302767974,-0.0158645536555098,1,-0.0019915881745325,0.01541731845133,0001628280-25-007732_acceptance,acceptance
0.0184369083901647,0.0158541446349889,2,-0.001453507100824,0.0198904154909887,0001628280-25-007732_acceptance,acceptance
0.009755964262639,-0.0175967394669998,3,-0.0020209732518384,0.0117769375144775,0001628280-25-007732_acceptance,acceptance
-0.00633384222303,-0.0122348266022004,4,-0.0019300129039389,-0.004403829319091,0001628280-25-007732_acceptance,acceptance
0.0068063908530711,0.0111592778931879,5,-0.0015331515715463,0.0083395424246174,0001628280-25-007732_acceptance,acceptance
0.0007403194172752,0.0055660701474107,-5,0.0043802374684631,-0.0036399180511878,0000310158-26-000063_acceptance,acceptance
0.0016439727803936,-0.0028221256867719,-4,0.0012987813343712,0.0003451914460223,0000310158-26-000063_acceptance,acceptance
0.0032824213391127,0.0069397247635067,-3,0.0048848580718166,-0.0016024367327039,0000310158-26-000063_acceptance,acceptance
0.0127596756112478,-0.0103856522472848,-2,-0.0014797273909832,0.014239403002231,0000310158-26-000063_acceptance,acceptance
0.0008883646493507,0.0076516140863223,-1,0.0051463750611607,-0.00425801041181,0000310158-26-000063_acceptance,acceptance
-0.0118614506560811,0.0081363556573399,0,0.0053244479050701,-0.0171858985611512,0000310158-26-000063_acceptance,acceptance
-0.0258043823676707,-0.0053655805693283,1,0.0003644272963192,-0.02616880966399,0000310158-26-000063_acceptance,acceptance
0.0378876529111269,-0.0043393528110311,2,0.0007414184733604,0.0371462344377665,0000310158-26-000063_acceptance,acceptance
-0.0194637135176822,0.0003983547353176,3,0.0024818449332121,-0.0219455584508944,0000310158-26-000063_acceptance,acceptance
-0.0130137747598344,-0.0094440310956254,4,-0.0011338169793608,-0.0118799577804735,0000310158-26-000063_acceptance,acceptance
0.0037553463649071,0.0077560492642863,5,0.0051847399761095,-0.0014293936112023,0000310158-26-000063_acceptance,acceptance
0.0088835504552418,0.0060480661608284,-5,0.0118199986910859,-0.0029364482358441,0001193125-17-059212_acceptance,acceptance
-0.0008588782294133,-0.001082200145408,-4,0.0008240973829274,-0.0016829756123407,0001193125-17-059212_acceptance,acceptance
0.0012898548262909,0.0004189867216857,-3,0.0031391445251679,-0.001849289698877,0001193125-17-059212_acceptance,acceptance
-0.0225422007296683,0.0014933641914423,-2,0.004795989882377,-0.0273381906120454,0001193125-17-059212_acceptance,acceptance
0.0068087557527758,0.0010179830611165,-1,0.0040628834641426,0.0027458722886332,0001193125-17-059212_acceptance,acceptance
-0.0037086568711779,-0.0025783763780462,0,-0.0014832226367067,-0.0022254342344712,0001193125-17-059212_acceptance,acceptance
0.0249621681631309,0.0136738546598662,1,0.0235800668471616,0.0013821013159692,0001193125-17-059212_acceptance,acceptance
-0.0113223452185461,-0.0058598805035984,2,-0.0065437763323417,-0.0047785688862043,0001193125-17-059212_acceptance,acceptance
0.0118839378484703,0.00050387727206,3,0.003270058024583,0.0086138798238872,0001193125-17-059212_acceptance,acceptance
-0.0055519085346377,-0.0032772408480052,4,-0.0025609726686693,-0.0029909358659683,0001193125-17-059212_acceptance,acceptance
-0.0051534501311236,-0.0029133737680216,5,-0.0019998370351673,-0.0031536130959562,0001193125-17-059212_acceptance,acceptance
0.0007261902024831,-0.0054965031281792,-5,-0.0065007824558793,0.0072269726583624,0001193125-18-060831_acceptance,acceptance
-0.0043554932368347,0.0009735510790762,-4,0.0019129993133279,-0.0062684925501626,0001193125-18-060831_acceptance,acceptance
0.022056171928775,0.0160283763505131,-3,0.0214905809455453,0.0005655909832296,0001193125-18-060831_acceptance,acceptance
0.0167648486246503,0.0117570153438109,-2,0.0159360217074492,0.0008288269172011,0001193125-18-060831_acceptance,acceptance
-0.0050869261479536,-0.0127068884438292,-1,-0.0158773049044461,0.0107903787564924,0001193125-18-060831_acceptance,acceptance
-0.0123413740054409,-0.011095788639207,0,-0.0137822000211975,0.0014408260157565,0001193125-18-060831_acceptance,acceptance
-0.0273117886464764,-0.0133243995419872,1,-0.0166803281023258,-0.0106314605441506,0001193125-18-060831_acceptance,acceptance
0.0045883059115532,0.005071602744632,2,0.0072421837820232,-0.00265387787047,0001193125-18-060831_acceptance,acceptance
0.0137012418296611,0.011032026532745,3,0.0149932324438624,-0.0012919906142012,0001193125-18-060831_acceptance,acceptance
0.0192822367808487,0.0026388586061694,4,0.0040785969517322,0.0152036398291164,0001193125-18-060831_acceptance,acceptance
0.0056577941516839,-0.0004838747205661,5,1.773503420460904e-05,0.0056400591174793,0001193125-18-060831_acceptance,acceptance
0.0061667590013232,0.0017771107537685,-5,0.0018581714695489,0.0043085875317743,0001193125-19-051943_acceptance,acceptance
-0.0108438714092541,-0.0035264367908802,-4,-0.0041556348255662,-0.0066882365836879,0001193125-19-051943_acceptance,acceptance
-0.0040512477304501,0.0064111023949868,-3,0.0071127539671807,-0.0111640016976309,0001193125-19-051943_acceptance,acceptance
0.0095713988690002,0.0012318625699112,-2,0.0012399028610607,0.0083314960079395,0001193125-19-051943_acceptance,acceptance
0.0052145705695156,-0.0007904570968998,-1,-0.0010532487776522,0.0062678193471679,0001193125-19-051943_acceptance,acceptance
0.003537099300888,-0.0005440493877303,0,-0.0007738417920273,0.0043109410929154,0001193125-19-051943_acceptance,acceptance
-0.0136275659880122,-0.0028255083152146,1,-0.0033608369956426,-0.0102667289923696,0001193125-19-051943_acceptance,acceptance
0.0123865110542247,0.0068953205934343,2,0.0076618193664286,0.0047246916877961,0001193125-19-051943_acceptance,acceptance
-0.0117651365688735,-0.003880558492514,3,-0.0045571810171659,-0.0072079555517076,0001193125-19-051943_acceptance,acceptance
-0.0023807442279176,-0.0011315328231061,4,-0.0014400018579447,-0.0009407423699729,0001193125-19-051943_acceptance,acceptance
-0.0066823804159307,-0.0065240986535923,5,-0.0075547478963623,0.0008723674804316,0001193125-19-051943_acceptance,acceptance
-0.0247440349881776,-0.0105181030271228,-5,-0.0173566367318086,-0.007387398256369,0000895421-20-000265_acceptance,acceptance
-0.0522701425403234,-0.0335136266712231,-4,-0.0571954484423709,0.0049253059020474,0000895421-20-000265_acceptance,acceptance
-0.0332126799342619,-0.0302799955650561,-3,-0.0515933137498193,0.0183806338155573,0000895421-20-000265_acceptance,acceptance
-0.0164478666819785,-0.003778540605322,-2,-0.0056806182819052,-0.0107672484000732,0000895421-20-000265_acceptance,acceptance
-0.0387385515293382,-0.0441632425840791,-1,-0.0756454759219985,0.0369069243926602,0000895421-20-000265_acceptance,acceptance
-0.0083682668841623,-0.0082383404443618,0,-0.0134070405545238,0.0050387736703615,0000895421-20-000265_acceptance,acceptance
0.0322007991719885,0.04603922900611,1,0.0806266463017043,-0.0484258471297157,0000895421-20-000265_acceptance,acceptance
-0.0447501257287611,-0.0281078961210758,2,-0.04783023959223,0.0030801138634689,0000895421-20-000265_acceptance,acceptance
0.0189187095348455,0.0422025907744911,3,0.0739798262302587,-0.0550611166954132,0000895421-20-000265_acceptance,acceptance
-0.0585765698453429,-0.0339220770468885,4,-0.0579030721460571,-0.0006734976992858,0000895421-20-000265_acceptance,acceptance
-0.0176098433528199,-0.0170538520003701,5,-0.0286795566514644,0.0110697132986445,0000895421-20-000265_acceptance,acceptance
0.0184209241482953,-0.0077328394581538,-5,-0.0076871430059764,0.0261080671542717,0000895421-21-000286_acceptance,acceptance
0.0012918221275053,0.0012563181187927,-4,0.003324989490831,-0.0020331673633257,0000895421-21-000286_acceptance,acceptance
0.0307098576029429,0.011351613765979,-3,0.0156921921246311,0.0150176654783117,0000895421-21-000286_acceptance,acceptance
-0.0181525934971296,-0.0244788075251262,-2,-0.0282017259980175,0.0100491325008879,0000895421-21-000286_acceptance,acceptance
-0.0198903377968344,-0.0047502141699028,-1,-0.0040332895073146,-0.0158570482895198,0000895421-21-000286_acceptance,acceptance
0.0297905646729057,0.0237907635068002,0,0.0309307240917257,-0.0011401594188199,0000895421-21-000286_acceptance,acceptance
0.0205913571337761,-0.0080808516908706,1,-0.0081134740369304,0.0287048311707065,0000895421-21-000286_acceptance,acceptance
0.0157194571200207,-0.0130662218719981,2,-0.0142207823703612,0.0299402394903819,0000895421-21-000286_acceptance,acceptance
-0.0115769436074801,-0.0134172139301002,3,-0.0146507638248036,0.0030738202173234,0000895421-21-000286_acceptance,acceptance
-0.002958428687631,0.0194959681977822,4,0.0256694018171151,-0.0286278305047462,0000895421-21-000286_acceptance,acceptance
0.0028439930006414,-0.0053592310301612,5,-0.0047793632412042,0.0076233562418457,0000895421-21-000286_acceptance,acceptance
-0.0494316478352844,-0.021173138152195,-5,-0.0208768587699193,-0.028554789065365,0000895421-22-000400_acceptance,acceptance
-0.0075920989240404,-0.0071661613961429,-4,-0.006864518219013,-0.0007275807050273,0000895421-22-000400_acceptance,acceptance
-0.0070217652808719,-0.0101429452648328,-3,-0.0098424420094916,0.0028206767286196,0000895421-22-000400_acceptance,acceptance
-0.0126648961035816,-0.0184121228454876,-2,-0.0181147861672692,0.0054498900636875,0000895421-22-000400_acceptance,acceptance
-0.0185996291278998,0.0149568560673292,-1,0.0152669709746044,-0.0338666001025042,0000895421-22-000400_acceptance,acceptance
0.029844485152046,0.0223726776556034,0,0.0226856323581012,0.0071588527939448,0000895421-22-000400_acceptance,acceptance
-0.0402966018024031,-0.0024426034406476,1,-0.0021391514366526,-0.0381574503657504,0000895421-22-000400_acceptance,acceptance
-0.0342733895748398,-0.0154735036804118,2,-0.0151750416950961,-0.0190983478797437,0000895421-22-000400_acceptance,acceptance
0.0085586152524812,0.018642691757321,3,0.0189542181088251,-0.0103956028563439,0000895421-22-000400_acceptance,acceptance
-0.0067890091988014,-0.0052546664300883,4,-0.0049522912701015,-0.0018367179286998,0000895421-22-000400_acceptance,acceptance
-0.016176702958438,-0.0079340425503344,5,-0.007632693423595,-0.008544009534843,0000895421-22-000400_acceptance,acceptance
-0.0006025811714547,-0.0027674058253277,-5,-0.0018055680668041,0.0012029868953494,0000895421-23-000284_acceptance,acceptance
-0.0189931365973446,-0.0200412342553273,-4,-0.0196819586240837,0.000688822026739,0000895421-23-000284_acceptance,acceptance
-0.0035853153826845,-0.0015735561458868,-3,-0.0005700733863484,-0.0030152419963361,0000895421-23-000284_acceptance,acceptance
0.0068880612365476,0.0053294294160743,-2,0.0065737086893476,0.0003143525471999,0000895421-23-000284_acceptance,acceptance
-0.0024505263428756,-0.0105375514855581,-1,-0.0098467593448185,0.0073962330019428,0000895421-23-000284_acceptance,acceptance
-0.0102353330973431,0.0030730045671669,0,0.0042385730808355,-0.0144739061781787,0000895421-23-000284_acceptance,acceptance
-0.0020683061381877,-0.0030360018281855,1,-0.0020835334911261,1.5227352938394691e-05,0000895421-23-000284_acceptance,acceptance
-0.0032123381170047,-0.00472526484568,2,-0.0038317229893068,0.0006193848723021,0000895421-23-000284_acceptance,acceptance
-0.001143595295433,0.0075821940867943,3,0.0089050564418523,-0.0100486517372854,0000895421-23-000284_acceptance,acceptance
0.0234179071055242,0.0161477371607488,4,0.0177693909433623,0.0056485161621619,0000895421-23-000284_acceptance,acceptance
0.0005084401321702,0.0006871667698291,5,0.0017695102182301,-0.0012610700860599,0000895421-23-000284_acceptance,acceptance
0.0198809930268362,0.0058212506847294,-5,0.0073720505789192,0.0125089424479169,0000895421-24-000300_acceptance,acceptance
0.0096883641157647,-0.0048034698371121,-4,-0.00706085736968,0.0167492214854448,0000895421-24-000300_acceptance,acceptance
-0.0132949401280729,-0.0060053220011653,-3,-0.0086934858812673,-0.0046014542468056,0000895421-24-000300_acceptance,acceptance
0.001288878960997,0.0012641999229821,-2,0.0011816294731418,0.0001072494878551,0000895421-24-000300_acceptance,acceptance
0.0045634836666501,0.021122884217414,-1,0.028158203756919,-0.0235947200902688,0000895421-24-000300_acceptance,acceptance
0.0081539278580875,0.0003479475462115,0,-6.303255673727274e-05,0.0082169604148248,0000895421-24-000300_acceptance,acceptance
-0.0101675965400277,-0.0037867513501905,1,-0.005679719456338,-0.0044878770836896,0000895421-24-000300_acceptance,acceptance
-0.0021012659267599,0.0017063496993998,2,0.0017822576976126,-0.0038835236243725,0000895421-24-000300_acceptance,acceptance
0.0065505161382515,-0.0016581550604305,3,-0.0027881766391241,0.0093386927773756,0000895421-24-000300_acceptance,acceptance
-0.0001161052756297,0.0052290946971491,4,0.0065676498568118,-0.0066837551324416,0000895421-24-000300_acceptance,acceptance
0.0051139804036044,0.0080078289488876,5,0.0103423576796214,-0.005228377276017,0000895421-24-000300_acceptance,acceptance
0.0154194756216161,-7.194380749464546e-05,-5,0.0017228344431831,0.013696641178433,0000895421-25-000304_acceptance,acceptance
0.0126664453702618,0.0024449877750611,-4,0.0056592246303226,0.0070072207399391,0000895421-25-000304_acceptance,acceptance
-0.0001421710521501,0.0023769693899173,-3,0.0055528463299823,-0.0056950173821325,0000895421-25-000304_acceptance,acceptance
-0.0451346381305417,-0.0043341850761716,-2,-0.0049431571242968,-0.0401914810062448,0000895421-25-000304_acceptance,acceptance
-0.0197261144198819,-0.0170641267025635,-1,-0.0248523265464165,0.0051262121265346,0000895421-25-000304_acceptance,acceptance
-0.0130609219826679,-0.0049691065044024,0,-0.0059361513308196,-0.0071247706518483,0000895421-25-000304_acceptance,acceptance
-0.0028468363069124,-0.0046797309154723,1,-0.0054835783500693,0.0026367420431569,0000895421-25-000304_acceptance,acceptance
0.0111883787324742,0.0001360242800469,2,0.0020480890288504,0.0091402897036238,0000895421-25-000304_acceptance,acceptance
-0.0138115730815372,-0.0158645536555098,3,-0.0229762375800315,0.0091646644984942,0000895421-25-000304_acceptance,acceptance
0.0299443152972873,0.0158541446349889,4,0.026630662172393,0.0033136531248942,0000895421-25-000304_acceptance,acceptance
-0.0299000707176467,-0.0175967394669998,5,-0.0256853136939429,-0.0042147570237038,0000895421-25-000304_acceptance,acceptance
-0.048788732905906,-0.0156610121277019,-5,-0.01902474100166,-0.029763991904246,0000895421-26-000086_acceptance,acceptance
0.0183862848105007,0.0004990891480125,-4,0.0019714750457031,0.0164148097647976,0000895421-26-000086_acceptance,acceptance
0.0022786811858876,0.0010313220779065,-3,0.002662985413919,-0.0003843042280313,0000895421-26-000086_acceptance,acceptance
0.0294392385539949,0.0055660701474107,-2,0.0085548142189004,0.0208844243350945,0000895421-26-000086_acceptance,acceptance
-0.0125714942590583,-0.0028221256867719,-1,-0.0023436553498989,-0.0102278389091593,0000895421-26-000086_acceptance,acceptance
0.0059643307860208,0.0069397247635067,0,0.0103395523589611,-0.0043752215729402,0000895421-26-000086_acceptance,acceptance
-0.0490848976364325,-0.0103856522472848,1,-0.0121706629307951,-0.0369142347056373,0000895421-26-000086_acceptance,acceptance
0.0119302361346504,0.0076516140863223,2,0.011264483568774,0.0006657525658764,0000895421-26-000086_acceptance,acceptance
0.0292671955911909,0.0081363556573399,3,0.0118942901880876,0.0173729054031032,0000895421-26-000086_acceptance,acceptance
0.0216429241592011,-0.0053655805693283,4,-0.0056482712869988,0.0272911954461999,0000895421-26-000086_acceptance,acceptance
-0.0618627660666361,-0.0043393528110311,5,-0.0043149318877346,-0.0575478341789014,0000895421-26-000086_acceptance,acceptance
0.0137994553627369,0.0045539647130032,-5,0.0045747571726511,0.0092246981900857,0001193125-16-662209_acceptance,acceptance
0.0028282501321779,-0.0030114751244342,-4,-0.0045226328015734,0.0073508829337514,0001193125-16-662209_acceptance,acceptance
0.000528515571512,0.000322784244346,-3,-0.0005132085771016,0.0010417241486136,0001193125-16-662209_acceptance,acceptance
-0.0100425079500109,-0.0011985421207814,-2,-0.0023425931891035,-0.0076999147609074,0001193125-16-662209_acceptance,acceptance
0.0003563454649269,0.0016062090221755,-1,0.001030100993443,-0.0006737555285161,0001193125-16-662209_acceptance,acceptance
0.0083618300465406,0.0016313092573088,0,0.0010602838555579,0.0073015461909826,0001193125-16-662209_acceptance,acceptance
-0.0017647213598855,-0.0012697872845152,1,-0.0024282650141647,0.0006635436542791,0001193125-16-662209_acceptance,acceptance
0.0,-0.0063616194812253,2,-0.0085511586161413,0.0085511586161413,0001193125-16-662209_acceptance,acceptance
0.0068929682570946,0.0031339432802557,3,0.0028671910531593,0.0040257772039352,0001193125-16-662209_acceptance,acceptance
0.0073722214174949,0.0002125718896919,4,-0.0006457381843433,0.0080179596018382,0001193125-16-662209_acceptance,acceptance
0.0099322653892754,0.0086034964479611,5,0.0094442915549889,0.0004879738342865,0001193125-16-662209_acceptance,acceptance
-0.0120186355142273,-0.0009726882691745,-5,-0.0008208775318336,-0.0111977579823936,0001564590-17-014900_acceptance,acceptance
-0.0016407938804567,-0.0013411155777705,-4,-0.0012509018653684,-0.0003898920150883,0001564590-17-014900_acceptance,acceptance
-0.0046545933088503,-0.0007281456077897,-3,-0.0005354500064324,-0.0041191433024178,0001564590-17-014900_acceptance,acceptance
-0.0016504799513556,0.0024491149692504,-2,0.0031730138620975,-0.0048234938134532,0001564590-17-014900_acceptance,acceptance
-0.0044091371555307,0.0004926487188865,-1,0.0008894478077728,-0.0052985849633036,0001564590-17-014900_acceptance,acceptance
-0.0015223276275033,-0.0021836541856442,0,-0.0022343037329143,0.0007119761054109,0001564590-17-014900_acceptance,acceptance
0.00734559863794,0.0018891035295691,1,0.0025193746217314,0.0048262240162085,0001564590-17-014900_acceptance,acceptance
-0.003852064834639,0.0016471997899281,2,0.0022370272169879,-0.006089092051627,0001564590-17-014900_acceptance,acceptance
0.0053866937317794,-0.0024144327873969,3,-0.0025036659981355,0.007890359729915,0001564590-17-014900_acceptance,acceptance
-0.004396069424015,-0.0003636086710507,4,-0.0001099664724692,-0.0042861029515458,0001564590-17-014900_acceptance,acceptance
-0.0146266709062476,-0.0144744417228017,5,-0.0165799768032001,0.0019533058969524,0001564590-17-014900_acceptance,acceptance
-0.0176976677544175,-0.0065622086921236,-5,-0.0088025316271634,-0.008895136127254,0001564590-18-019062_acceptance,acceptance
-0.0214525017252138,-0.0057541702945819,-4,-0.0076257074629146,-0.0138267942622992,0001564590-18-019062_acceptance,acceptance
0.0067384772823613,0.0048847287979825,-3,0.0078687462304048,-0.0011302689480435,0001564590-18-019062_acceptance,acceptance
0.0018851411539602,-0.0010403515262938,-2,-0.0007605190643343,0.0026456602182945,0001564590-18-019062_acceptance,acceptance
0.0121374961721252,0.0049264448033816,-1,0.0079295012679612,0.0042079949041639,0001564590-18-019062_acceptance,acceptance
0.0043694744671383,0.0046441830098771,0,0.0075184162251577,-0.0031489417580193,0001564590-18-019062_acceptance,acceptance
0.0008330466281749,0.0035382274515358,1,0.0059077065984854,-0.0050746599703105,0001564590-18-019062_acceptance,acceptance
0.0069359454489197,0.0028241822564987,2,0.0048677737902898,0.0020681716586298,0001564590-18-019062_acceptance,acceptance
0.0056027638386833,-0.0002623799656497,3,0.0003725158687204,0.0052302479699628,0001564590-18-019062_acceptance,acceptance
0.0016438774744584,-0.0014416744645237,4,-0.0013450043224768,0.0029888817969352,0001564590-18-019062_acceptance,acceptance
-0.006109388284938,-0.0071138879135516,5,-0.0096059952257566,0.0034966069408186,0001564590-18-019062_acceptance,acceptance
0.0082034422077403,0.0073876910992347,-5,0.011408238492903,-0.0032047962851626,0001564590-19-027952_acceptance,acceptance
-0.0021929698250946,-0.0016161146071345,-4,-0.0008398855146053,-0.0013530843104893,0001564590-19-027952_acceptance,acceptance
-0.0048223914309645,-0.0025786549148275,-3,-0.0021492555116178,-0.0026731359193467,0001564590-19-027952_acceptance,acceptance
-0.0290698011650425,-0.0108855261126957,-2,-0.0134493203801784,-0.015620480784864,0001564590-19-027952_acceptance,acceptance
0.013135506191567,-0.008998793869673,-1,-0.0108827467295321,0.0240182529210991,0001564590-19-027952_acceptance,acceptance
-0.0084021790520559,-0.0072827399270378,0,-0.0085483514550871,0.0001461724030311,0001564590-19-027952_acceptance,acceptance
-0.0342583169495663,-0.0297778200029859,1,-0.0391490262490953,0.0048907092995289,0001564590-19-027952_acceptance,acceptance
0.0187579828228954,0.0130170171699326,2,0.0190659652410305,-0.0003079824181351,0001564590-19-027952_acceptance,acceptance
0.0043804236633782,0.0007668762331907,3,0.002401762325531,0.0019786613378471,0001564590-19-027952_acceptance,acceptance
0.0266852631832961,0.0187623034099841,4,0.0268814357900011,-0.000196172606705,0001564590-19-027952_acceptance,acceptance
-0.0084955708641225,-0.0066166063549235,5,-0.0076421916752232,-0.0008533791888993,0001564590-19-027952_acceptance,acceptance
-0.006122138955203,-0.0061904000546884,-5,-0.0046961715235023,-0.0014259674317006,0001564590-20-034944_acceptance,acceptance
0.0126679027648892,0.0073951387950395,-4,0.0099771142816512,0.002690788483238,0001564590-20-034944_acceptance,acceptance
-0.0089775556375059,-0.0064733921522979,-3,-0.0050018218164171,-0.0039757338210887,0001564590-20-034944_acceptance,acceptance
0.0100981729215976,0.01242838167815,-2,0.0154133514576331,-0.0053151785360354,0001564590-20-034944_acceptance,acceptance
-0.0007840894473604,-0.0037502519373892,-1,-0.0020606492134869,0.0012765597661265,0001564590-20-034944_acceptance,acceptance
0.0054439481974981,0.0076705049901413,0,0.0102745280925055,-0.0048305798950073,0001564590-20-034944_acceptance,acceptance
0.0562410783598026,0.0071810234393261,1,0.0097458554523618,0.0464952229074408,0001564590-20-034944_acceptance,acceptance
-0.0150088396084573,0.0036119303819721,2,0.0058909974982517,-0.0208998371067091,0001564590-20-034944_acceptance,acceptance
-0.0016408773928268,0.0064297430531994,3,0.0089344226525752,-0.010575300045402,0001564590-20-034944_acceptance,acceptance
0.0160138217347289,0.0064276955596642,4,0.0089322112233373,0.0070816105113916,0001564590-20-034944_acceptance,acceptance
-0.0178876600087483,0.0006330295486443,5,0.0026735864116458,-0.0205612464203941,0001564590-20-034944_acceptance,acceptance
0.0123364446023503,0.0101454520208228,-5,0.0124351765824047,-9.87319800543618e-05,0001564590-21-039151_acceptance,acceptance
-0.0021405075715148,0.0023821998626283,-4,0.0028713301621333,-0.0050118377336481,0001564590-21-039151_acceptance,acceptance
-0.0086836727113449,-0.0047124448070912,-3,-0.0058688331927274,-0.0028148395186175,0001564590-21-039151_acceptance,acceptance
-0.001116745862153,-0.0001862618826539,-2,-0.0002928558217385,-0.0008238900404145,0001564590-21-039151_acceptance,acceptance
0.0009783007353671,0.0042061529800074,-1,0.005118327572101,-0.0041400268367338,0001564590-21-039151_acceptance,acceptance
-0.0055493690795257,-0.0054060480514769,0,-0.0067233094831703,0.0011739404036446,0001564590-21-039151_acceptance,acceptance
-0.0003162309917551,-0.0018428056148913,1,-0.0023336152252391,0.002017384233484,0001564590-21-039151_acceptance,acceptance
0.0080752778355082,0.0082034265474622,2,0.0100427213338822,-0.001967443498374,0001564590-21-039151_acceptance,acceptance
-0.0021247875794964,-0.0046323879014122,3,-0.0057702080372908,0.0036454204577944,0001564590-21-039151_acceptance,acceptance
0.0105058953329049,0.0060054468134942,4,0.0073349462697488,0.003170949063156,0001564590-21-039151_acceptance,acceptance
-0.0002070970691032,0.0016752662417647,5,0.0020004316724933,-0.0022075287415965,0001564590-21-039151_acceptance,acceptance
-0.0169160368847856,-0.0093324669763467,-5,-0.0108757143969817,-0.0060403224878038,0001564590-22-026876_acceptance,acceptance
-0.0058764580770439,0.0013151670479691,-4,0.0022139496135293,-0.0080904076905733,0001564590-22-026876_acceptance,acceptance
-0.0267742970703895,-0.0115432026620586,-3,-0.0135934812995567,-0.0131808157708328,0001564590-22-026876_acceptance,acceptance
0.066851631058763,0.0261562737829377,-2,0.0327523527993841,0.0340992782593789,0001564590-22-026876_acceptance,acceptance
0.0285406335443516,0.0121333386971809,-1,0.0155132639750893,0.0130273695692623,0001564590-22-026876_acceptance,acceptance
0.0156652608304457,0.0142077600825818,0,0.0180634529550173,-0.0023981921245716,0001564590-22-026876_acceptance,acceptance
-0.009724116412041,-0.0028230841271976,1,-0.0028734075730844,-0.0068507088389566,0001564590-22-026876_acceptance,acceptance
-0.0114746182553596,-0.0066623955507048,2,-0.0075932633129284,-0.0038813549424312,0001564590-22-026876_acceptance,acceptance
0.0278366516584265,0.0156384771631401,3,0.0198223043426439,0.0080143473157826,0001564590-22-026876_acceptance,acceptance
0.0041773697315665,-0.0007773401640558,4,-0.0003584731690745,0.0045358429006411,0001564590-22-026876_acceptance,acceptance
-0.0026090747315696,-0.0016257460597355,5,-0.0014014605683054,-0.0012076141632641,0001564590-22-026876_acceptance,acceptance
-0.0089370330143994,0.000324094521898,-5,0.0022717401694694,-0.0112087731838688,0000950170-23-035122_acceptance,acceptance
0.003897810217649,0.0040341538771535,-4,0.0067216575649103,-0.0028238473472613,0000950170-23-035122_acceptance,acceptance
0.017009245525404,0.0028146733515561,-3,0.0052589888891194,0.0117502566362846,0000950170-23-035122_acceptance,acceptance
-0.0376374424534547,-0.0001554388967985,-2,0.0016965784544605,-0.0393340209079153,0000950170-23-035122_acceptance,acceptance
-0.0208722263111938,-0.0064246660644878,-1,-0.0058228546214423,-0.0150493716897515,0000950170-23-035122_acceptance,acceptance
0.0231311721311864,0.0098778427947523,0,0.0137306917818783,0.0094004803493081,0000950170-23-035122_acceptance,acceptance
-0.0072404495799629,0.0014687129405193,1,0.0036446177771954,-0.0108850673571584,0000950170-23-035122_acceptance,acceptance
0.001250187276526,-0.0026650876392156,2,-0.0013135430896889,0.002563730366215,0000950170-23-035122_acceptance,acceptance
-0.02628284762721,-0.0138395413363479,3,-0.0147164003299588,-0.0115664472972511,0000950170-23-035122_acceptance,acceptance
-0.0025649457666735,-0.0025479738404268,4,-0.0011730745201663,-0.0013918712465071,0000950170-23-035122_acceptance,acceptance
0.0034285944238392,-0.0053000741550505,5,-0.004473997198585,0.0079025916224242,0000950170-23-035122_acceptance,acceptance
-0.0358548481713535,-0.0231490937547349,-5,-0.032634453026768,-0.0032203951445855,0000950170-24-087843_acceptance,acceptance
-0.0244812335209796,-0.0051426202378422,-4,-0.0073750744351252,-0.0171061590858543,0000950170-24-087843_acceptance,acceptance
0.0164195757356502,0.0110904687028463,-3,0.0153966103636771,0.001022965371973,0000950170-24-087843_acceptance,acceptance
0.0034332192699892,0.0008133101292933,-2,0.0009798707943113,0.0024533484756778,0000950170-24-087843_acceptance,acceptance
-0.0089284759105811,-0.0049601718780302,-1,-0.0071191369141223,-0.0018093389964587,0000950170-24-087843_acceptance,acceptance
-0.0108057007903111,0.0157933986591674,0,0.0219938537464664,-0.0327995545367776,0000950170-24-087843_acceptance,acceptance
-0.0029640648063384,-0.013693502993456,1,-0.019370204109693,0.0164061393033545,0000950170-24-087843_acceptance,acceptance
-0.0206659187010682,-0.0183818608686967,2,-0.0259470058600587,0.0052810871589905,0000950170-24-087843_acceptance,acceptance
-0.0326569295108774,-0.0299687983886397,3,-0.042201095882704,0.0095441663718266,0000950170-24-087843_acceptance,acceptance
0.0112867995145229,0.010354085880061,4,0.0143636167299339,-0.0030768172154109,0000950170-24-087843_acceptance,acceptance
-0.0029528446348003,-0.0077346478585028,5,-0.0110111560326039,0.0080583113978035,0000950170-24-087843_acceptance,acceptance
0.0099038679690597,0.0006982236416543,-5,0.0021854487928032,0.0077184191762564,0000950170-25-100235_acceptance,acceptance
0.0055394167279225,0.0039743277792958,-4,0.0052147947932697,0.0003246219346527,0000950170-25-100235_acceptance,acceptance
-0.0023554037320739,0.0001768581088181,-3,0.0017033528259713,-0.0040587565580452,0000950170-25-100235_acceptance,acceptance
0.0001365067114698,-0.0029594423887242,-2,-0.0011967196287862,0.001333226340256,0000950170-25-100235_acceptance,acceptance
0.0013071589681477,-0.0012494327466496,-1,0.000384491056936,0.0009226679112116,0000950170-25-100235_acceptance,acceptance
0.0394746868610285,-0.003694819341153,0,-0.0018767075461664,0.0413513944071949,0000950170-25-100235_acceptance,acceptance
-0.0176007662352741,-0.0159921331401484,1,-0.0132477802619096,-0.0043529859733644,0000950170-25-100235_acceptance,acceptance
0.0219992673144016,0.014737100330916,2,0.0151669088327989,0.0068323584816026,0000950170-25-100235_acceptance,acceptance
-0.0147301089156945,-0.0048578659963033,3,-0.0029521528266305,-0.011777956089064,0000950170-25-100235_acceptance,acceptance
-0.0053244450870758,0.0072819072950924,4,0.008273245427448,-0.0135976905145238,0000950170-25-100235_acceptance,acceptance
-0.0078103139683747,-0.0007974800154801,5,0.0008024024361371,-0.0086127164045118,0000950170-25-100235_acceptance,acceptance
-0.0056347385507538,0.0049923089198982,-5,0.0034360814510376,-0.0090708200017914,0000753308-17-000060_acceptance,acceptance
0.007183201246063,-0.0008641180363413,-4,-0.0011377620213812,0.0083209632674443,0000753308-17-000060_acceptance,acceptance
0.0053092898005557,0.0016785565287558,-3,0.0008480555340933,0.0044612342664624,0000753308-17-000060_acceptance,acceptance
0.0110358598007898,0.0060480661608284,-2,0.0042606231726317,0.006775236628158,0000753308-17-000060_acceptance,acceptance
0.0014036632607721,-0.001082200145408,-1,-0.0013080831811019,0.002711746441874,0000753308-17-000060_acceptance,acceptance
0.0056833609336111,0.0004189867216857,0,-0.0001356628974983,0.0058190238311094,0000753308-17-000060_acceptance,acceptance
0.0216325689978518,0.0014933641914423,1,0.0007034211402056,0.0209291478576461,0000753308-17-000060_acceptance,acceptance
-0.0083231536010469,0.0010179830611165,2,0.0003321505863169,-0.0086553041873639,0000753308-17-000060_acceptance,acceptance
0.0087010397482507,-0.0025783763780462,3,-0.0024765901814239,0.0111776299296747,0000753308-17-000060_acceptance,acceptance
-0.0121375124050743,0.0136738546598662,4,0.0102163301606972,-0.0223538425657716,0000753308-17-000060_acceptance,acceptance
0.0118228420346122,-0.0058598805035984,5,-0.0050394303460027,0.0168622723806149,0000753308-17-000060_acceptance,acceptance
0.0193410363952193,0.0149360902084947,-5,0.0029786217042557,0.0163624146909635,0000753308-18-000013_acceptance,acceptance
0.0128291986647892,0.0139145847540425,-4,0.002765041019445,0.0100641576453441,0000753308-18-000013_acceptance,acceptance
0.0071333306658774,0.002612929746329,-3,0.0004020431465301,0.0067312875193472,0000753308-18-000013_acceptance,acceptance
-0.0065533669444762,0.0134024582572458,-2,0.0026579634434822,-0.0092113303879585,0000753308-18-000013_acceptance,acceptance
0.0289843765745079,0.0120691127622993,-1,0.0023791819228758,0.026605194651632,0000753308-18-000013_acceptance,acceptance
0.0104902790877032,0.0003734693722488,0,-6.619270891019773e-05,0.0105564717966134,0000753308-18-000013_acceptance,acceptance
-0.0143542154281256,-0.0058413894593534,1,-0.0013656217031167,-0.0129885937250089,0000753308-18-000013_acceptance,acceptance
-0.0133285106783489,-0.0054965031281792,2,-0.001293511408969,-0.0120349992693798,0000753308-18-000013_acceptance,acceptance
0.0036242981592713,0.0009735510790762,3,5.92749147113553e-05,0.0035650232445599,0000753308-18-000013_acceptance,acceptance
0.0259341797687806,0.0160283763505131,4,0.0032070015148624,0.0227271782539181,0000753308-18-000013_acceptance,acceptance
-0.0032227568696096,0.0117570153438109,5,0.0023139272733995,-0.0055366841430091,0000753308-18-000013_acceptance,acceptance
0.0,0.0007091030986317,-5,0.0007733301847303,-0.0007733301847303,0000753308-19-000039_acceptance,acceptance
0.0014204798461072,0.0128902247439735,-4,0.0038578398957688,-0.0024373600496616,0000753308-19-000039_acceptance,acceptance
-0.0022917162698213,0.0030239946687606,-3,0.0013595081850785,-0.0036512244548999,0000753308-19-000039_acceptance,acceptance
-0.0013123286469611,-0.0026516415551012,-2,-7.767925615504345e-05,-0.0012346493908061,0000753308-19-000039_acceptance,acceptance
0.0078308680976078,0.0108787526085869,-1,0.0033484939163322,0.0044823741812755,0000753308-19-000039_acceptance,acceptance
0.0072265864797247,0.0014987433214488,0,0.0009732832766065,0.0062533032031181,0000753308-19-000039_acceptance,acceptance
0.0014565489700895,0.0017771107537685,1,0.0010437716169438,0.0004127773531456,0000753308-19-000039_acceptance,acceptance
0.0049559186233254,-0.0035264367908802,2,-0.000299195342973,0.0052551139662985,0000753308-19-000039_acceptance,acceptance
0.0084151035442732,0.0064111023949868,3,0.0022171932963567,0.0061979102479164,0000753308-19-000039_acceptance,acceptance
-0.0013287581078413,0.0012318625699112,4,0.0009057035993178,-0.0022344617071592,0000753308-19-000039_acceptance,acceptance
0.0018630519312292,-0.0007904570968998,5,0.0003936108025524,0.0014694411286768,0000753308-19-000039_acceptance,acceptance
0.0045093768836526,-0.0054008536727301,-5,0.0017333158743961,0.0027760610092564,0000753308-20-000021_acceptance,acceptance
0.0081615672162749,0.0073263978048905,-4,0.0011607226543833,0.0070008445618915,0000753308-20-000021_acceptance,acceptance
0.0015091085551954,0.0016884725532351,-3,0.0014143703315517,9.473822364370948e-05,0000753308-20-000021_acceptance,acceptance
-0.0069446488634219,0.0064626464661976,-2,0.0011995824318602,-0.0081442312952821,0000753308-20-000021_acceptance,acceptance
0.0192779270221392,-0.0016304457368023,-1,0.00156368694669,0.0177142400754492,0000753308-20-000021_acceptance,acceptance
0.0110716041064207,0.0018435333204338,0,0.001407394218591,0.0096642098878297,0000753308-20-000021_acceptance,acceptance
0.0126384289191365,-0.0029199426368901,1,0.0016217008221537,0.0110167280969828,0000753308-20-000021_acceptance,acceptance
-0.0261310192846652,0.0047057858811645,2,0.0012786227856449,-0.0274096420703101,0000753308-20-000021_acceptance,acceptance
0.0085921965303077,-0.0038155197636281,3,0.0016619924272713,0.0069302041030364,0000753308-20-000021_acceptance,acceptance
0.0020215040034172,-0.0105181030271228,4,0.0019635385812069,5.796542221032149e-05,0000753308-20-000021_acceptance,acceptance
-0.0131489672321403,-0.0335136266712231,5,0.0029980966672483,-0.0161470638993886,0000753308-20-000021_acceptance,acceptance
-0.0023927207202472,0.0073993483603735,-5,0.0060225100299579,-0.0084152307502051,0000753308-21-000014_acceptance,acceptance
0.0051561728705213,-0.0011135249921484,-4,0.0002054704958321,0.0049507023746892,0000753308-21-000014_acceptance,acceptance
0.0009540820030733,-0.0003451849323593,-3,0.0007304946936984,0.0002235873093748,0000753308-21-000014_acceptance,acceptance
0.000476797458319,0.0016624551635393,-2,0.0021023607281766,-0.0016255632698575,0000753308-21-000014_acceptance,acceptance
-0.0097676846759771,0.0047110331133788,-1,0.0041855232189972,-0.0139532078949743,0000753308-21-000014_acceptance,acceptance
-0.0233371741242378,-0.0005692724183511,0,0.0005773706295737,-0.0239145447538116,0000753308-21-000014_acceptance,acceptance
-0.0062811937367014,-0.0003204020092266,1,0.0007474294274439,-0.0070286231641454,0000753308-21-000014_acceptance,acceptance
0.0006195277972744,-0.0044158356273545,2,-0.0020510732965487,0.0026706010938232,0000753308-21-000014_acceptance,acceptance
-0.0325777184019714,-0.0018548966445751,3,-0.000301125577322,-0.0322765928246494,0000753308-21-000014_acceptance,acceptance
-0.0384123299867702,-0.0077328394581538,4,-0.0043176572828933,-0.0340946727038769,0000753308-21-000014_acceptance,acceptance
-0.0051931803395957,0.0012563181187927,5,0.0018248380695241,-0.0070180184091198,0000753308-21-000014_acceptance,acceptance
-0.0064938646601406,-0.0189694543445634,-5,-0.0111048033953419,0.0046109387352012,0000753308-22-000014_acceptance,acceptance
-0.00053385549021,-0.0038405967262932,-4,-0.0021277247305872,0.0015938692403772,0000753308-22-000014_acceptance,acceptance
0.0022689960579584,0.0157667211707204,-3,0.0095067581634667,-0.0072377621055082,0000753308-22-000014_acceptance,acceptance
0.0018645657644436,0.000881207755895,-2,0.0006740737492269,0.0011904920152166,0000753308-22-000014_acceptance,acceptance
0.0019937918053585,-0.021173138152195,-1,-0.0124124132223697,0.0144062050277283,0000753308-22-000014_acceptance,acceptance
-0.0163175060989089,-0.0071661613961429,0,-0.0041010300785017,-0.0122164760204071,0000753308-22-000014_acceptance,acceptance
-0.0049898243250479,-0.0101429452648328,1,-0.0058673777850814,0.0008775534600335,0000753308-22-000014_acceptance,acceptance
-0.0197883698071463,-0.0184121228454876,2,-0.0107740970832204,-0.0090142727239258,0000753308-22-000014_acceptance,acceptance
0.0431417668110434,0.0149568560673292,3,0.009026204844477,0.0341155619665663,0000753308-22-000014_acceptance,acceptance
0.0227994771422483,0.0223726776556034,4,0.0134265644381405,0.0093729127041078,0000753308-22-000014_acceptance,acceptance
0.0200037856016297,-0.0024426034406476,5,-0.0012981911323013,0.021301976733931,0000753308-22-000014_acceptance,acceptance
0.0117737577367578,0.0114486093427661,-5,0.0099336836309993,0.0018400741057584,0000753308-23-000019_acceptance,acceptance
0.0054220610919222,-0.0002804145319874,-4,-0.0006314959886819,0.0060535570806041,0000753308-23-000019_acceptance,acceptance
0.0119689541615259,0.002773175690496,-3,0.0021190934491044,0.0098498607124215,0000753308-23-000019_acceptance,acceptance
-0.0162464950069085,-0.0137887414891306,-2,-0.0127994225090462,-0.0034470724978622,0000753308-23-000019_acceptance,acceptance
0.0050206492632776,-0.0027674058253277,-1,-0.0028717088151969,0.0078923580784745,0000753308-23-000019_acceptance,acceptance
-0.0316814663209549,-0.0200412342553273,0,-0.0184314946960434,-0.0132499716249114,0000753308-23-000019_acceptance,acceptance
0.0002713932985487,-0.0015735561458868,1,-0.0017963221132104,0.0020677154117591,0000753308-23-000019_acceptance,acceptance
-0.0109932955179146,0.0053294294160743,2,0.0044216959548719,-0.0154149914727865,0000753308-23-000019_acceptance,acceptance
0.0006860722660451,-0.0105375514855581,3,-0.0098708406652159,0.010556912931261,0000753308-23-000019_acceptance,acceptance
-0.0081707600183387,0.0030730045671669,4,0.0023891709910227,-0.0105599310093615,0000753308-23-000019_acceptance,acceptance
-0.0115502370621466,-0.0030360018281855,5,-0.0031136526500482,-0.0084365844120983,0000753308-23-000019_acceptance,acceptance
0.0171437294505836,-0.0009489536011326,-5,-0.0029708300544248,0.0201145595050085,0000753308-24-000008_acceptance,acceptance
-0.0399651507536821,-0.0136742556536254,-4,-0.013548683045249,-0.026416467708433,0000753308-24-000008_acceptance,acceptance
0.0137556441700474,0.0095797632750176,-3,0.0057811208885478,0.0079745232814995,0000753308-24-000008_acceptance,acceptance
0.0224959616573099,0.0058212506847294,-2,0.0026568733476856,0.0198390883096242,0000753308-24-000008_acceptance,acceptance
-0.0041906684440838,-0.0048034698371121,-1,-0.0061748802158077,0.0019842117717238,0000753308-24-000008_acceptance,acceptance
-0.0073644414228722,-0.0060053220011653,0,-0.0071739146949593,-0.0001905267279129,0000753308-24-000008_acceptance,acceptance
0.0086555188550716,0.0012641999229821,1,-0.0011311556382388,0.0097866744933105,0000753308-24-000008_acceptance,acceptance
-0.0075307290576228,0.021122884217414,2,0.0153762908798216,-0.0229070199374445,0000753308-24-000008_acceptance,acceptance
0.00194112917907,0.0003479475462115,3,-0.0018927865137961,0.0038339156928662,0000753308-24-000008_acceptance,acceptance
-0.0198168471722746,-0.0037867513501905,4,-0.0053297373152034,-0.0144871098570711,0000753308-24-000008_acceptance,acceptance
0.0074343308455606,0.0017063496993998,5,-0.0007636205246847,0.0081979513702454,0000753308-24-000008_acceptance,acceptance
-0.0144363935360367,-0.0094647701115428,-5,-0.0036335415255659,-0.0108028520104707,0000753308-25-000011_acceptance,acceptance
0.0209463842602846,0.0067125410858628,-4,0.0008640693753013,0.0200823148849832,0000753308-25-000011_acceptance,acceptance
0.0090386778412083,0.0003395827888592,-3,-0.0009077384583745,0.0099464162995829,0000753308-25-000011_acceptance,acceptance
-0.0149296723537417,-0.0027238667143857,-2,-0.0017594377124669,-0.0131702346412748,0000753308-25-000011_acceptance,acceptance
-0.0098152249412795,0.0104262921222306,-1,0.0018965652542799,-0.0117117901955594,0000753308-25-000011_acceptance,acceptance
-0.0078718196403734,-7.194380749464546e-05,0,-0.001022150951475,-0.0068496686888983,0000753308-25-000011_acceptance,acceptance
0.0064652550418855,0.0024449877750611,1,-0.000322394435432,0.0067876494773175,0000753308-25-000011_acceptance,acceptance
0.0081749446127492,0.0023769693899173,2,-0.0003413048851816,0.0085162494979308,0000753308-25-000011_acceptance,acceptance
0.0156385395524303,-0.0043341850761716,3,-0.0022071379099507,0.017845677462381,0000753308-25-000011_acceptance,acceptance
0.0205303982296218,-0.0170641267025635,4,-0.0057463122218998,0.0262767104515216,0000753308-25-000011_acceptance,acceptance
-0.0108967365607663,-0.0049691065044024,5,-0.0023836585629788,-0.0085130779977875,0000753308-25-000011_acceptance,acceptance
0.0001117927301788,0.0046910867168872,-5,0.0030174111836318,-0.002905618453453,0000753308-26-000015_acceptance,acceptance
0.0150871951167981,-0.0033037129754581,-4,-0.0007826743579507,0.0158698694747488,0000753308-26-000015_acceptance,acceptance
0.0058350974092631,-4.895607156218951e-05,-3,0.0007643756155093,0.0050707217937538,0000753308-26-000015_acceptance,acceptance
0.0062389959990725,-0.0156610121277019,-2,-0.0066563416977857,0.0128953376968582,0000753308-26-000015_acceptance,acceptance
0.0203416714240696,0.0004990891480125,-1,0.001024872287744,0.0193167991363255,0000753308-26-000015_acceptance,acceptance
-0.0116205757636705,0.0010313220779065,0,0.0012778530676854,-0.0128984288313559,0000753308-26-000015_acceptance,acceptance
-0.0160716254291363,0.0055660701474107,1,0.0034333080180003,-0.0195049334471366,0000753308-26-000015_acceptance,acceptance
0.0046042782055732,-0.0028221256867719,2,-0.0005537664474125,0.0051580446529858,0000753308-26-000015_acceptance,acceptance
0.0058925819244304,0.0069397247635067,3,0.0040862330751162,0.0018063488493141,0000753308-26-000015_acceptance,acceptance
0.0203949251265365,-0.0103856522472848,4,-0.0041488593868265,0.024543784513363,0000753308-26-000015_acceptance,acceptance
0.0172230109810143,0.0076516140863223,5,0.0044246080722319,0.0127984029087823,0000753308-26-000015_acceptance,acceptance
-0.0105999839946581,-0.0009289473209127,-5,-0.0028524483938936,-0.0077475356007644,0000320187-16-000336_acceptance,acceptance
-0.002246329789316,0.0023822949878407,-4,0.000230762129437,-0.002477091918753,0000320187-16-000336_acceptance,acceptance
0.0003462552672903,-0.0014351736522938,-3,-0.0033238129775048,0.0036700682447952,0000320187-16-000336_acceptance,acceptance
0.0,0.0042703001734318,-2,0.001988748079583,-0.001988748079583,0000320187-16-000336_acceptance,acceptance
-0.0133310773382485,-0.0036125289162974,-1,-0.0053512226434355,-0.0079798546948129,0000320187-16-000336_acceptance,acceptance
-0.0045621877944863,0.0045539647130032,0,0.002252877796454,-0.0068150655909403,0000320187-16-000336_acceptance,acceptance
0.0072274549705364,-0.0030114751244342,1,-0.0047915609807231,0.0120190159512596,0000320187-16-000336_acceptance,acceptance
-0.0134759563490136,0.000322784244346,2,-0.0016869184886406,-0.0117890378603729,0000320187-16-000336_acceptance,acceptance
-0.0102889800405747,-0.0011985421207814,3,-0.00310347729679,-0.0071855027437847,0000320187-16-000336_acceptance,acceptance
-0.0060943817131119,0.0016062090221755,4,-0.0004918779534172,-0.0056025037596947,0000320187-16-000336_acceptance,acceptance
0.0009015074938258,0.0016313092573088,5,-0.0004685062693528,0.0013700137631786,0000320187-16-000336_acceptance,acceptance
0.0010354856414092,0.0046735030786992,-5,0.0026715281259629,-0.0016360424845537,0000320187-17-000090_acceptance,acceptance
-0.0036206390734442,-5.291283677333336e-05,-4,-0.0004275779164493,-0.0031930611569948,0000320187-17-000090_acceptance,acceptance
-0.0024226312574752,0.0005978573436131,-3,-8.685801729302659e-07,-0.0024217626773022,0000320187-17-000090_acceptance,acceptance
0.0020816164562018,0.0053726393560888,-2,0.0031299510621744,-0.0010483346059726,0000320187-17-000090_acceptance,acceptance
0.0230222838119451,-0.0001536592818101,-1,-0.0004936372565812,0.0235159210685263,0000320187-17-000090_acceptance,acceptance
0.0143823034239694,-0.000367871647835,0,-0.0006340960841114,0.0150163995080808,0000320187-17-000090_acceptance,acceptance
-0.0166807064634377,-0.0010637348279797,1,-0.0010903728538343,-0.0155903336096034,0000320187-17-000090_acceptance,acceptance
0.0074639803400484,0.0029231716783382,2,0.0015238376314965,0.0059401427085519,0000320187-17-000090_acceptance,acceptance
-0.0173428389787351,0.0002826639480466,3,-0.0002075405646529,-0.0171352984140821,0000320187-17-000090_acceptance,acceptance
-0.0035983797225693,-0.0009726882691745,4,-0.0010306737191029,-0.0025677060034663,0000320187-17-000090_acceptance,acceptance
0.0089422516508541,-0.0013411155777705,5,-0.0012722511254674,0.0102145027763215,0000320187-17-000090_acceptance,acceptance
-0.011358953508738,0.0021605126279586,-5,0.0032420484771668,-0.0146010019859049,0000320187-18-000142_acceptance,acceptance
0.0046999630364028,-0.0039529931204791,-4,-0.0028595426798304,0.0075595057162333,0000320187-18-000142_acceptance,acceptance
0.0001300340992005,-0.0009484477101494,-3,0.0001391471817352,-9.113082534747964e-06,0000320187-18-000142_acceptance,acceptance
-0.004807385693872,0.0018380494891383,-2,0.0029202137857074,-0.0077275994795795,0000320187-18-000142_acceptance,acceptance
-0.0138399501025227,0.0047809111459209,-1,0.0058573401089924,-0.0196972902115151,0000320187-18-000142_acceptance,acceptance
0.0215805606158252,0.0091016050575996,0,0.0101696134343798,0.0114109471814454,0000320187-18-000142_acceptance,acceptance
0.0128306243776608,-0.0030322960242857,1,-0.001940639927209,0.0147712643048698,0000320187-18-000142_acceptance,acceptance
-0.0161232178796699,-0.0065622086921236,2,-0.005463673159746,-0.0106595447199239,0000320187-18-000142_acceptance,acceptance
-0.012095093215224,-0.0057541702945819,3,-0.0046572095456053,-0.0074378836696187,0000320187-18-000142_acceptance,acceptance
0.0125069739643584,0.0048847287979825,4,0.0059609554311701,0.0065460185331882,0000320187-18-000142_acceptance,acceptance
0.008191246781245,-0.0010403515262938,5,4.742247663879081e-05,0.0081438243046062,0000320187-18-000142_acceptance,acceptance
-0.0124152424835493,-0.0065312435694508,-5,-0.0101071445222126,-0.0023080979613366,0000320187-19-000051_acceptance,acceptance
-0.0006858040320829,0.0035819977840647,-4,0.0041419148736082,-0.0048277189056912,0000320187-19-000051_acceptance,acceptance
-0.0101780820340275,-0.0061767345227666,-3,-0.0096076587207783,-0.0005704233132492,0000320187-19-000051_acceptance,acceptance
-0.0067016125970992,0.0028286949150666,-2,0.0030805482011254,-0.0097821607982247,0000320187-19-000051_acceptance,acceptance
0.0084914533074789,0.0068474826737554,-1,0.0087428223890986,-0.0002513690816197,0000320187-19-000051_acceptance,acceptance
0.0,0.0046881479528901,0,0.0057004260279783,-0.0057004260279783,0000320187-19-000051_acceptance,acceptance
0.0066896255291999,-0.0052624012804535,1,-0.0083194081765781,0.0150090337057781,0000320187-19-000051_acceptance,acceptance
0.0029786240096552,0.0073876910992347,2,0.0095039494770131,-0.0065253254673579,0000320187-19-000051_acceptance,acceptance
0.0009142802998769,-0.0016161146071345,3,-0.0031819696871614,0.0040962499870383,0000320187-19-000051_acceptance,acceptance
-0.0047936635598103,-0.0025786549148275,4,-0.0045381416142184,-0.0002555219455919,0000320187-19-000051_acceptance,acceptance
-0.0134171342743911,-0.0108855261126957,5,-0.0162421143519708,0.0028249800775797,0000320187-19-000051_acceptance,acceptance
-0.0065431784520596,0.0084069387471426,-5,0.0087106233286384,-0.0152538017806981,0000320187-20-000047_acceptance,acceptance
0.0283323040303502,0.0016790373419135,-4,0.0020531771754506,0.0262791268548996,0000320187-20-000047_acceptance,acceptance
0.0055920068953088,0.0057470820687397,-3,0.0060786209336715,-0.0004866140383627,0000320187-20-000047_acceptance,acceptance
-0.0061673578530098,-0.012319859824193,-2,-0.011799122148516,0.0056317642955062,0000320187-20-000047_acceptance,acceptance
0.0013224817778607,-0.0061904000546884,-1,-0.0057338506907784,0.0070563324686392,0000320187-20-000047_acceptance,acceptance
-0.0123946968117553,0.0073951387950395,0,0.0077094190461724,-0.0201041158579277,0000320187-20-000047_acceptance,acceptance
-0.0096696580240986,-0.0064733921522979,1,-0.0060138792670219,-0.0036557787570767,0000320187-20-000047_acceptance,acceptance
0.0072712341115275,0.01242838167815,2,0.0126899533096771,-0.0054187191981496,0000320187-20-000047_acceptance,acceptance
-0.0015467557231965,-0.0037502519373892,3,-0.0033192560470317,0.0017725003238352,0000320187-20-000047_acceptance,acceptance
0.008159279433733,0.0076705049901413,4,0.0079819015791171,0.0001773778546159,0000320187-20-000047_acceptance,acceptance
0.0073763711628009,0.0071810234393261,5,0.0074975459277399,-0.0001211747649389,0000320187-20-000047_acceptance,acceptance
-0.0003093247629089,0.0011649345752446,-5,0.0001677719558423,-0.0004770967187512,0000320187-21-000028_acceptance,acceptance
0.000928676195725,-0.0032622408541723,-4,-0.0042373207999985,0.0051659969957235,0000320187-21-000028_acceptance,acceptance
-0.0113797139086508,-0.0075388542110778,-3,-0.0084926024843109,-0.0028871114243398,0000320187-21-000028_acceptance,acceptance
-0.0123868470372615,-0.0158695124274093,-2,-0.0167817075232274,0.0043948604859659,0000320187-21-000028_acceptance,acceptance
0.0118451038108433,0.0151626094378556,-1,0.0140956266611668,-0.0022505228503234,0000320187-21-000028_acceptance,acceptance
0.0083889318530363,0.0082418199908353,0,0.0072093579908098,0.0011795738622264,0000320187-21-000028_acceptance,acceptance
0.0161409054867349,0.0020166699583279,1,0.0010152588977382,0.0151256465889967,0000320187-21-000028_acceptance,acceptance
0.0163733811235671,0.0101454520208228,2,0.009103494737541,0.007269886386026,0000320187-21-000028_acceptance,acceptance
-0.0076339267464431,0.0023821998626283,3,0.0013789655452719,-0.009012892291715,0000320187-21-000028_acceptance,acceptance
-0.0031499317810715,-0.0047124448070912,4,-0.0056802911609755,0.0025303593799039,0000320187-21-000028_acceptance,acceptance
0.0054079890692095,-0.0001862618826539,5,-0.0011766847577672,0.0065846738269768,0000320187-21-000028_acceptance,acceptance
0.0143382421288107,0.0192012493594366,-5,0.0229102884078301,-0.0085720462790193,0000320187-22-000038_acceptance,acceptance
-0.0072588326441976,-0.0083635715808313,-4,-0.0115108406426578,0.0042520079984601,0000320187-22-000038_acceptance,acceptance
0.0505097916357806,0.0276282916459595,-3,0.0334334226116362,0.0170763690241444,0000320187-22-000038_acceptance,acceptance
0.0175841287440565,0.0058958061932632,-2,0.0062953291708652,0.0112887995731913,0000320187-22-000038_acceptance,acceptance
0.0045900741207813,0.0098613727091971,-1,0.0112472668997206,-0.0066571927789392,0000320187-22-000038_acceptance,acceptance
-0.0223975656463693,-0.0093324669763467,0,-0.0127207332633183,-0.0096768323830509,0000320187-22-000038_acceptance,acceptance
0.0014664997975035,0.0013151670479691,1,0.0005753293386315,0.0008911704588719,0000320187-22-000038_acceptance,acceptance
-0.0373355112128156,-0.0115432026620586,2,-0.0154813540741448,-0.0218541571386707,0000320187-22-000038_acceptance,acceptance
0.0252854042089225,0.0261562737829377,3,0.0315952638607596,-0.006309859651837,0000320187-22-000038_acceptance,acceptance
0.0405153522367904,0.0121333386971809,4,0.0140843480706874,0.0264310041661029,0000320187-22-000038_acceptance,acceptance
0.0239685226848476,0.0142077600825818,5,0.0166747485803337,0.0072937741045138,0000320187-22-000038_acceptance,acceptance
0.0010199740478176,-0.0010244071333035,-5,-0.00318544962663,0.0042054236744476,0000320187-23-000039_acceptance,acceptance
0.0070403206823836,0.0038553825145495,-4,0.0020723015817034,0.0049680191006802,0000320187-23-000039_acceptance,acceptance
0.0092907408244864,0.0071172752058423,-3,0.0055868424690641,0.0037038983554223,0000320187-23-000039_acceptance,acceptance
0.0014584159584527,0.002357910335732,-2,0.0004588434767854,0.0009995724816672,0000320187-23-000039_acceptance,acceptance
-0.0213871098021221,-0.0067568962189037,-1,-0.0093619456626493,-0.0120251641394727,0000320187-23-000039_acceptance,acceptance
0.0142285268457456,0.000324094521898,0,-0.0017325004794889,0.0159610273252345,0000320187-23-000039_acceptance,acceptance
-0.0026591267423262,0.0040341538771535,1,0.0022649195868996,-0.0049240463292259,0000320187-23-000039_acceptance,acceptance
-0.0043210289219037,0.0028146733515561,2,0.0009509848336219,-0.0052720137555257,0000320187-23-000039_acceptance,acceptance
0.0092336867542777,-0.0001554388967985,3,-0.0022491759088689,0.0114828626631466,0000320187-23-000039_acceptance,acceptance
-0.0149130763870534,-0.0064246660644878,4,-0.0090039827950095,-0.0059090935920439,0000320187-23-000039_acceptance,acceptance
0.0088233437783658,0.0098778427947523,5,0.0085612283798714,0.0002621153984943,0000320187-23-000039_acceptance,acceptance
0.0044210632933354,-0.0071402655319269,-5,-0.0042187287098388,0.0086397920031742,0000320187-24-000044_acceptance,acceptance
0.0297111020559626,0.0107920356494095,-4,0.003659366812347,0.0260517352436156,0000320187-24-000044_acceptance,acceptance
-0.0195030131144603,-0.0015581025897707,-3,-0.0017663489268981,-0.0177366641875621,0000320187-24-000044_acceptance,acceptance
-0.0314715276584256,-0.0231490937547349,-2,-0.0112517958361487,-0.0202197318222769,0000320187-24-000044_acceptance,acceptance
0.0045014025408276,-0.0051426202378422,-1,-0.0033411146051513,0.007842517145979,0000320187-24-000044_acceptance,acceptance
0.0161043060358654,0.0110904687028463,0,0.0037904757022868,0.0123138303335785,0000320187-24-000044_acceptance,acceptance
0.0136439083445891,0.0008133101292933,1,-0.0007245297128222,0.0143684380574114,0000320187-24-000044_acceptance,acceptance
0.010468893830122,-0.0049601718780302,2,-0.0032609606086324,0.0137298544387545,0000320187-24-000044_acceptance,acceptance
0.0072659226431561,0.0157933986591674,3,0.0058565870761359,0.0014093355670202,0000320187-24-000044_acceptance,acceptance
-0.0134918089614848,-0.013693502993456,4,-0.0070977251185777,-0.006394083842907,0000320187-24-000044_acceptance,acceptance
0.0021665306353217,-0.0183818608686967,5,-0.0091574346232218,0.0113239652585436,0000320187-24-000044_acceptance,acceptance
-0.0266684360551836,-0.0032975229626984,-5,-0.005101429262791,-0.0215670067923926,0000320187-25-000047_acceptance,acceptance
-0.0052318610927627,0.0014074138094573,-4,5.395583667287948e-06,-0.00523725667643,0000320187-25-000047_acceptance,acceptance
-0.0035987926249202,-0.0039562982147312,-3,-0.0058164760292475,0.0022176834043273,0000320187-25-000047_acceptance,acceptance
0.0015280399064248,0.0031936574173276,-2,0.0019442172257528,-0.000416177319328,0000320187-25-000047_acceptance,acceptance
0.012205229007361,0.0053737674089093,-1,0.0043105486797502,0.0078946803276107,0000320187-25-000047_acceptance,acceptance
-0.0069881678328267,-9.048620868445932e-05,0,-0.0016204526265418,-0.0053677152062848,0000320187-25-000047_acceptance,acceptance
0.0213880530399317,0.0013991348828683,1,-3.5905154141364307e-06,0.0213916435553458,0000320187-25-000047_acceptance,acceptance
0.0185086009732751,0.0006375316336257,2,-0.0008302486799601,0.0193388496532352,0000320187-25-000047_acceptance,acceptance
0.0180394380416888,0.0078118869515191,3,0.0069569284424968,0.0110825095991919,0000320187-25-000047_acceptance,acceptance
-0.0173290034478615,0.0006982236416543,4,-0.0007643724589626,-0.0165646309888989,0000320187-25-000047_acceptance,acceptance
0.0112702833431455,0.0039743277792958,5,0.0027915711848935,0.008478712158252,0000320187-25-000047_acceptance,acceptance
-0.0015759044895742,0.0001558049334506,-5,0.0032643075427567,-0.004840212032331,0001045810-16-000205_acceptance,acceptance
0.0170454768673149,0.0163955005341884,-4,0.0238219158925729,-0.0067764390252579,0001045810-16-000205_acceptance,acceptance
0.0024830256269028,-0.0012609729212872,-3,0.0014708278512364,0.0010121977756663,0001045810-16-000205_acceptance,acceptance
-0.0049536754095593,-0.0018369416879204,-2,0.0007417168742034,-0.0056953922837628,0001045810-16-000205_acceptance,acceptance
0.0298694873266351,0.0056003515456328,-1,0.0101564845667198,0.0197130027599153,0001045810-16-000205_acceptance,acceptance
-0.0084595027295794,0.0065952364866208,0,0.0114158957941712,-0.0198753985237506,0001045810-16-000205_acceptance,acceptance
0.030164614362498,0.0044056436889678,1,0.0086441202457623,0.0215204941167357,0001045810-16-000205_acceptance,acceptance
0.0029577649811829,0.0009855772666846,2,0.0043147049803394,-0.0013569399991565,0001045810-16-000205_acceptance,acceptance
-0.0017693678709105,-0.0008773877668368,3,0.0019564030472171,-0.0037257709181276,0001045810-16-000205_acceptance,acceptance
0.0171341580699329,-0.0063860316025012,4,-0.0050169137745016,0.0221510718444345,0001045810-16-000205_acceptance,acceptance
0.0014523934474381,-0.0003780702927851,5,0.0025884822022789,-0.0011360887548407,0001045810-16-000205_acceptance,acceptance
-0.0927228698492144,0.0004189867216857,-5,0.006651597979291,-0.0993744678285054,0001045810-17-000027_acceptance,acceptance
0.0096524243803091,0.0014933641914423,-4,0.0081571411625354,0.0014952832177736,0001045810-17-000027_acceptance,acceptance
0.0290755131543227,0.0010179830611165,-3,0.0074909816046966,0.021584531549626,0001045810-17-000027_acceptance,acceptance
-0.0280624278654216,-0.0025783763780462,-2,0.0024513427528554,-0.0305137706182771,0001045810-17-000027_acceptance,acceptance
0.0129093447370829,0.0136738546598662,-1,0.025225866921894,-0.0123165221848111,0001045810-17-000027_acceptance,acceptance
-0.0368717480434638,-0.0058598805035984,0,-0.0021470840627521,-0.0347246639807116,0001045810-17-000027_acceptance,acceptance
-0.0057572900531362,0.00050387727206,1,0.0067705565325329,-0.0125278465856692,0001045810-17-000027_acceptance,acceptance
-0.0077214614308958,-0.0032772408480052,2,0.0014720122397194,-0.0091934736706152,0001045810-17-000027_acceptance,acceptance
0.0109550510790181,-0.0029133737680216,3,0.0019819052869,0.0089731457921181,0001045810-17-000027_acceptance,acceptance
-0.0018225951147501,-0.0022842151650487,4,0.0028635557985215,-0.0046861509132716,0001045810-17-000027_acceptance,acceptance
-0.0002031534808815,0.0007998953585612,5,0.0071853716462098,-0.0073885251270913,0001045810-17-000027_acceptance,acceptance
0.0032730681301511,0.0009735510790762,-5,0.0032738190550539,-7.509249027991965e-07,0001045810-18-000010_acceptance,acceptance
0.0156103080644443,0.0160283763505131,-4,0.0366870251083482,-0.0210767170439038,0001045810-18-000010_acceptance,acceptance
0.002642841991971,0.0117570153438109,-3,0.0272070170131545,-0.0245641750211834,0001045810-18-000010_acceptance,acceptance
-0.0021088730077652,-0.0127068884438292,-2,-0.0270890271711145,0.0249801541633492,0001045810-18-000010_acceptance,acceptance
-0.0165000683897534,-0.011095788639207,-1,-0.0235132958840567,0.0070132274943032,0001045810-18-000010_acceptance,acceptance
-0.0404544773762455,-0.0133243995419872,0,-0.0284595529122598,-0.0119949244639856,0001045810-18-000010_acceptance,acceptance
0.0186469482727462,0.005071602744632,1,0.0123691783335208,0.0062777699392254,0001045810-18-000010_acceptance,acceptance
-0.0037627783398639,0.011032026532745,2,0.0255979514747828,-0.0293607298146467,0001045810-18-000010_acceptance,acceptance
0.0276258621680569,0.0026388586061694,3,0.006969860858371,0.0206560013096859,0001045810-18-000010_acceptance,acceptance
-0.0013212896859621,-0.0004838747205661,4,3.915723249335048e-05,-0.0013604469184554,0001045810-18-000010_acceptance,acceptance
-0.0027293196952563,0.0044630782078172,5,0.0110185976811066,-0.0137479173763629,0001045810-18-000010_acceptance,acceptance
0.0107927771652009,-0.0026516415551012,-5,-0.008223799856155,0.019016577021356,0001045810-19-000023_acceptance,acceptance
0.0181839685181239,0.0108787526085869,-4,0.0187914818120473,-0.0006075132939233,0001045810-19-000023_acceptance,acceptance
-0.0044489216087013,0.0014987433214488,-3,6.301094292399676e-05,-0.0045119325516253,0001045810-19-000023_acceptance,acceptance
0.0121934401721379,0.0017771107537685,-2,0.0006188095767548,0.0115746305953831,0001045810-19-000023_acceptance,acceptance
-0.0175336639965117,-0.0035264367908802,-1,-0.0099704481363652,-0.0075632158601465,0001045810-19-000023_acceptance,acceptance
0.0219554393671419,0.0064111023949868,0,0.0098712073946676,0.0120842319724742,0001045810-19-000023_acceptance,acceptance
-0.0031408876836099,0.0012318625699112,1,-0.000469852962398,-0.0026710347212119,0001045810-19-000023_acceptance,acceptance
-0.0100195670419167,-0.0007904570968998,2,-0.0045076906455505,-0.0055118763963661,0001045810-19-000023_acceptance,acceptance
-0.0107576198605761,-0.0005440493877303,3,-0.004015703968156,-0.00674191589242,0001045810-19-000023_acceptance,acceptance
-0.0063766974687534,-0.0028255083152146,4,-0.008570948611792,0.0021942511430385,0001045810-19-000023_acceptance,acceptance
0.0141969312975194,0.0068953205934343,5,0.0108380152246298,0.0033589160728895,0001045810-19-000023_acceptance,acceptance
-0.0064577762194873,-0.0016304457368023,-5,-0.001744344406718,-0.0047134318127693,0001045810-20-000010_acceptance,acceptance
0.0702046063193881,0.0018435333204338,-4,0.0055457742510486,0.0646588320683394,0001045810-20-000010_acceptance,acceptance
0.0233960981321648,-0.0029199426368901,-3,-0.0044503438544926,0.0278464419866575,0001045810-20-000010_acceptance,acceptance
0.0611322947490671,0.0047057858811645,-2,0.0115521895035412,0.0495801052455258,0001045810-20-000010_acceptance,acceptance
-0.0190657326038964,-0.0038155197636281,-1,-0.0063297056507311,-0.0127360269531653,0001045810-20-000010_acceptance,acceptance
-0.0473921316832615,-0.0105181030271228,0,-0.0203950257057435,-0.0269971059775179,0001045810-20-000010_acceptance,acceptance
-0.0706976961658663,-0.0335136266712231,1,-0.0686509573624934,-0.0020467388033729,0001045810-20-000010_acceptance,acceptance
-0.041093271150505,-0.0302799955650561,2,-0.0618652070539819,0.0207719359034768,0001045810-20-000010_acceptance,acceptance
0.0213699506307261,-0.003778540605322,3,-0.0062521051679779,0.027622055798704,0001045810-20-000010_acceptance,acceptance
-0.0556655940247747,-0.0441632425840791,4,-0.090999095444283,0.0353335014195083,0001045810-20-000010_acceptance,acceptance
0.0691608566304615,-0.0082383404443618,5,-0.0156109612465046,0.0847718178769661,0001045810-20-000010_acceptance,acceptance
-0.0382375407176895,-0.0077328394581538,-5,-0.0116623458296068,-0.0265751948880827,0001045810-21-000010_acceptance,acceptance
-0.0148893858079107,0.0012563181187927,-4,0.00100719265998,-0.0158965784678908,0001045810-21-000010_acceptance,acceptance
0.0252439951453464,0.011351613765979,-3,0.0152357491927748,0.0100082459525716,0001045810-21-000010_acceptance,acceptance
-0.0821781367824295,-0.0244788075251262,-2,-0.0352645226914308,-0.0469136140909987,0001045810-21-000010_acceptance,acceptance
0.0305842493492978,-0.0047502141699028,-1,-0.0074585608179364,0.0380428101672343,0001045810-21-000010_acceptance,acceptance
0.0092784671775953,0.0237907635068002,0,0.0327677909964741,-0.0234893238188787,0001045810-21-000010_acceptance,acceptance
-0.0314627066404379,-0.0080808516908706,1,-0.0121528427799062,-0.0193098638605316,0001045810-21-000010_acceptance,acceptance
-0.0448672447726455,-0.0130662218719981,2,-0.0191793454142151,-0.0256878993584304,0001045810-21-000010_acceptance,acceptance
-0.0339326516962844,-0.0134172139301002,3,-0.0196740422032744,-0.01425860949301,0001045810-21-000010_acceptance,acceptance
0.0073766086833546,0.0194959681977822,4,0.0267146014726807,-0.0193379927893261,0001045810-21-000010_acceptance,acceptance
-0.069674556474743,-0.0053592310301612,5,-0.0083169240723129,-0.0613576324024301,0001045810-21-000010_acceptance,acceptance
-0.02462697221218,-0.0129615451234751,-5,-0.0328202466466345,0.0081932744344545,0001045810-22-000036_acceptance,acceptance
-0.0348417885158527,-0.0074210024659636,-4,-0.0179278165336587,-0.0169139719821939,0001045810-22-000036_acceptance,acceptance
0.0770276805418055,0.0214085741708709,-3,0.0595632311471432,0.0174644493946623,0001045810-22-000036_acceptance,acceptance
0.0662953169198812,0.0223837613571822,-2,0.0621844377539583,0.0041108791659228,0001045810-22-000036_acceptance,acceptance
0.0110223430352052,0.0123478175714519,-1,0.0352088144828127,-0.0241864714476075,0001045810-22-000036_acceptance,acceptance
0.0681173308554301,0.0116622948279487,0,0.0333661972195676,0.0347511336358625,0001045810-22-000036_acceptance,acceptance
0.0106224823913094,-0.0004346603621039,1,0.0008507793473812,0.0097717030439282,0001045810-22-000036_acceptance,acceptance
-0.0078550410797842,0.0113041136006502,2,0.0324034415429025,-0.0402584826226868,0001045810-22-000036_acceptance,acceptance
-0.0335545095971012,-0.012272698789159,3,-0.0309686959003418,-0.0025858136967594,0001045810-22-000036_acceptance,acceptance
0.0981508571804268,0.0143439129205664,4,0.0405741211545739,0.0575767360258528,0001045810-22-000036_acceptance,acceptance
-0.0162699900831986,0.005066170567449,5,0.0156364682673286,-0.0319064583505273,0001045810-22-000036_acceptance,acceptance
-0.0279066235665326,-0.0027674058253277,-5,-0.0019734626419486,-0.0259331609245839,0001045810-23-000017_acceptance,acceptance
-0.0342716833330244,-0.0200412342553273,-4,-0.0373046211017893,0.0030329377687648,0001045810-23-000017_acceptance,acceptance
0.0047930697836748,-0.0015735561458868,-3,0.000468387025164,0.0043246827585107,0001045810-23-000017_acceptance,acceptance
0.1402140101052902,0.0053294294160743,-2,0.0145874618859562,0.1256265482193339,0001045810-23-000017_acceptance,acceptance
-0.0159738334596264,-0.0105375514855581,-1,-0.0178661901105662,0.0018923566509398,0001045810-23-000017_acceptance,acceptance
0.0092330739100385,0.0030730045671669,0,0.0099722658851081,-0.0007391919750695,0001045810-23-000017_acceptance,acceptance
-0.0121271304765038,-0.0030360018281855,1,-0.0025228375519232,-0.0096042929245805,0001045810-23-000017_acceptance,acceptance
-0.0223120998474194,-0.00472526484568,2,-0.0059779847182453,-0.016334115129174,0001045810-23-000017_acceptance,acceptance
0.0271386818665271,0.0075821940867943,3,0.0191951715130653,0.0079435103534618,0001045810-23-000017_acceptance,acceptance
0.0247062245018827,0.0161477371607488,4,0.0367147712281402,-0.0120085467262574,0001045810-23-000017_acceptance,acceptance
-0.0140641635707806,0.0006871667698291,5,0.0050923741101716,-0.0191565376809523,0001045810-23-000017_acceptance,acceptance
0.0245676110011214,0.0095797632750176,-5,0.0184567517641639,0.0061108592369575,0001045810-24-000029_acceptance,acceptance
-0.016806704417549,0.0058212506847294,-4,0.0116133833016019,-0.028420087719151,0001045810-24-000029_acceptance,acceptance
-0.000619424834239,-0.0048034698371121,-3,-0.0077317367681253,0.0071123119338862,0001045810-24-000029_acceptance,acceptance
-0.0435322397498678,-0.0060053220011653,-2,-0.0099200272150952,-0.0336122125347726,0001045810-24-000029_acceptance,acceptance
-0.0285086255200287,0.0012641999229821,-1,0.0033160644244965,-0.0318246899445253,0001045810-24-000029_acceptance,acceptance
0.164008658523143,0.021122884217414,0,0.0394740632455332,0.1245345952776098,0001045810-24-000029_acceptance,acceptance
0.0035524788535734,0.0003479475462115,1,0.0016477840959589,0.0019046947576145,0001045810-24-000029_acceptance,acceptance
0.0034890338133393,-0.0037867513501905,2,-0.0058805312548908,0.0093695650682301,0001045810-24-000029_acceptance,acceptance
-0.0049436062621398,0.0017063496993998,3,0.0041211152958132,-0.009064721557953,0001045810-24-000029_acceptance,acceptance
-0.013189204219262,-0.0016581550604305,4,-0.0020048574693326,-0.0111843467499294,0001045810-24-000029_acceptance,acceptance
0.0186576880352511,0.0052290946971491,5,0.010535206359799,0.008122481675452,0001045810-24-000029_acceptance,acceptance
0.006320552972018,-0.0043341850761716,-5,-0.0113753246312952,0.0176958776033132,0001045810-25-000023_acceptance,acceptance
-0.0405395843861114,-0.0170641267025635,-4,-0.0435637060622989,0.0030241216761874,0001045810-25-000023_acceptance,acceptance
-0.0308710538732409,-0.0049691065044024,-3,-0.0129807595743933,-0.0178902942988476,0001045810-25-000023_acceptance,acceptance
-0.0280166711896482,-0.0046797309154723,-2,-0.012249056939246,-0.0157676142504021,0001045810-25-000023_acceptance,acceptance
0.0367211173411541,0.0001360242800469,-1,-7.214602628916885e-05,0.0367932633674433,0001045810-25-000023_acceptance,acceptance
-0.084780529564103,-0.0158645536555098,0,-0.0405305173858589,-0.0442500121782441,0001045810-25-000023_acceptance,acceptance
0.0397003547408711,0.0158541446349889,1,0.0396720152756269,2.833946524423425e-05,0001045810-25-000023_acceptance,acceptance
-0.0869356063683991,-0.0175967394669998,2,-0.0449104477300811,-0.042025158638318,0001045810-25-000023_acceptance,acceptance
0.0169208923852866,-0.0122348266022004,3,-0.0313525460870641,0.0482734384723507,0001045810-25-000023_acceptance,acceptance
0.0112941673642892,0.0111592778931879,4,0.0278007776935535,-0.0165066103292643,0001045810-25-000023_acceptance,acceptance
-0.0573744054318778,-0.0178190070857499,5,-0.0454724640457927,-0.0119019413860851,0001045810-25-000023_acceptance,acceptance
0.0052026801839981,0.0031329906996742,-5,0.0043430225689344,0.0008596576150637,0001193125-16-628942_acceptance,acceptance
0.0269152929850895,-0.0032579654199809,-4,-0.0029059537386697,0.0298212467237592,0001193125-16-628942_acceptance,acceptance
0.0012599681663951,0.0058081852565332,-3,0.0073773763648026,-0.0061174081984075,0001193125-16-628942_acceptance,acceptance
0.006543768768189,0.0027120616074642,-2,0.0038655814850836,0.0026781872831054,0001193125-16-628942_acceptance,acceptance
0.0005006586707267,-0.0016515636618127,-1,-0.0010838839157144,0.0015845425864412,0001193125-16-628942_acceptance,acceptance
0.0204949574214226,0.0133640786593027,0,0.0159476890432153,0.0045472683782072,0001193125-16-628942_acceptance,acceptance
-0.0391870722225651,-0.0359197999944317,1,-0.0399528150470928,0.0007657428245277,0001193125-16-628942_acceptance,acceptance
-0.0191176772198378,-0.018096502176123,2,-0.0197366437592096,0.0006189665393718,0001193125-16-628942_acceptance,acceptance
0.0168914196624812,0.0177701650872592,3,0.0209453162413248,-0.0040538965788436,0001193125-16-628942_acceptance,acceptance
0.0362891508341884,0.0170326725700282,4,0.0201088113922301,0.0161803394419583,0001193125-16-628942_acceptance,acceptance
0.0093716071513139,0.0135650447059223,5,0.0161756358610784,-0.0068040287097645,0001193125-16-628942_acceptance,acceptance
0.010689271333224,-0.0005826443900691,-5,0.0008246466130114,0.0098646247202126,0001193125-17-214833_acceptance,acceptance
0.0856893918572396,-0.0004557820722176,-4,0.000912608836164,0.0847767830210756,0001193125-17-214833_acceptance,acceptance
0.0129229279361688,0.0015609155178168,-3,0.0023109216405507,0.0106120062956181,0001193125-17-214833_acceptance,acceptance
-0.0017665463747839,0.0003158017946232,-2,0.0014476001040631,-0.003214146478847,0001193125-17-214833_acceptance,acceptance
-0.0021629427171204,-0.0080728248861335,-1,-0.0043688019965221,0.0022058592794016,0001193125-17-214833_acceptance,acceptance
0.0023645631447171,0.0088080663748337,0,0.0073358613681354,-0.0049712982234183,0001193125-17-214833_acceptance,acceptance
-0.013170627813144,-0.0086000232468206,1,-0.0047343442681265,-0.0084362835450174,0001193125-17-214833_acceptance,acceptance
-0.0011956704126706,0.0015332318107057,2,0.0022917266544915,-0.0034873970671621,0001193125-17-214833_acceptance,acceptance
-0.0155562137758247,0.0023108338495552,3,0.0028308907279814,-0.0183871045038062,0001193125-17-214833_acceptance,acceptance
0.0020259290191702,0.0014532790242456,4,0.0022362899813849,-0.0002103609622147,0001193125-17-214833_acceptance,acceptance
-0.0123334197402306,-0.0093688238205867,5,-0.0052674056907361,-0.0070660140494944,0001193125-17-214833_acceptance,acceptance
0.0051856117470292,-0.0021261277624751,-5,-0.0024118769866095,0.0075974887336388,0001193125-18-201034_acceptance,acceptance
-0.0053738664124367,-0.0040234022926993,-4,-0.0044799508599011,-0.0008939155525355,0001193125-18-201034_acceptance,acceptance
-0.0745625643465702,0.0017121542893689,-3,0.0017719407494587,-0.076334505096029,0001193125-18-201034_acceptance,acceptance
0.0065393699626978,-0.0063455105155799,-2,-0.0070111034528405,0.0135504734155384,0001193125-18-201034_acceptance,acceptance
0.0232018308729238,0.0018619345065358,-1,0.0019352047099052,0.0212666261630185,0001193125-18-201034_acceptance,acceptance
0.0040815130491009,-0.0137246689734161,0,-0.0150545597742227,0.0191360728233237,0001193125-18-201034_acceptance,acceptance
0.0029356040707977,0.0022045770199778,1,0.0023086931105768,0.0006269109602208,0001193125-18-201034_acceptance,acceptance
-0.0216163540185374,-0.0086043551288214,2,-0.0094732972229313,-0.0121430567956061,0001193125-18-201034_acceptance,acceptance
0.0089758353646665,0.0061786898594677,3,0.0066405696007389,0.0023352657639275,0001193125-18-201034_acceptance,acceptance
0.005018221056209,0.0007584033300001,4,0.0007323297657681,0.0042858912904409,0001193125-18-201034_acceptance,acceptance
0.0201996679110227,0.0030679574121528,5,0.0032497980499649,0.0169498698610578,0001193125-18-201034_acceptance,acceptance
-0.0028154894791173,0.0009317492412306,-5,0.0014107659136324,-0.0042262553927497,0001564590-19-023119_acceptance,acceptance
-0.0043290761479038,0.009717399870633,-4,0.0094116034789712,-0.0137406796268751,0001564590-19-023119_acceptance,acceptance
-0.0041583648902306,0.0029851635463971,-3,0.0032807508473603,-0.007439115737591,0001564590-19-023119_acceptance,acceptance
0.0818144463977479,0.0094721851906851,-2,0.0091882935722087,0.0726261528255391,0001564590-19-023119_acceptance,acceptance
-0.0152659489470404,-0.0012592227925193,-1,-0.0005844888593685,-0.0146814600876719,0001564590-19-023119_acceptance,acceptance
0.0110481484580224,-0.0017318870104667,0,-0.0010149304726611,0.0120630789306836,0001564590-19-023119_acceptance,acceptance
-0.0118084884232613,-0.0094963973437341,1,-0.008085845146068,-0.0037226432771933,0001564590-19-023119_acceptance,acceptance
0.0105225273322924,-0.0012339337557076,2,-0.0005614588660021,0.0110839861982946,0001564590-19-023119_acceptance,acceptance
0.0019415051911835,0.0038231755541318,3,0.0040439041110754,-0.0021023989198919,0001564590-19-023119_acceptance,acceptance
0.0035230063226154,0.0057574526279098,4,0.0058053942188046,-0.0022823878961891,0001564590-19-023119_acceptance,acceptance
0.0182552300113012,0.0076723010321881,5,0.0075491911999419,0.0107060388113592,0001564590-19-023119_acceptance,acceptance
0.0251644190048947,0.0189623981938025,-5,0.0195451628598618,0.0056192561450329,0001564590-20-030125_acceptance,acceptance
-0.0562374892596202,-0.003600299556174,-4,-0.002529713998116,-0.0537077752615041,0001564590-20-030125_acceptance,acceptance
0.0421196630485141,0.0005942198825281,-3,0.0015741170735846,0.0405455459749294,0001564590-20-030125_acceptance,acceptance
0.0132240792514202,-0.0056494948094629,-2,-0.0045346042543955,0.0177586835058157,0001564590-20-030125_acceptance,acceptance
0.0132354729594501,0.0064950955376916,-1,0.0073474117782087,0.0058880611812413,0001564590-20-030125_acceptance,acceptance
0.0012699566093754,0.0043074195691641,0,0.0052070348540684,-0.0039370782446929,0001564590-20-030125_acceptance,acceptance
-0.0135895493068418,-0.0258551459390645,1,-0.0243033954452308,0.0107138461383889,0001564590-20-030125_acceptance,acceptance
0.0016532184454729,0.0109594472678098,2,0.0117152411834119,-0.0100620227379389,0001564590-20-030125_acceptance,acceptance
-0.0064186394106154,-0.0242269050447859,3,-0.022710358228023,0.0162917188174075,0001564590-20-030125_acceptance,acceptance
0.0107050832854527,0.0146856784331186,4,0.0153609086931243,-0.0046558254076716,0001564590-20-030125_acceptance,acceptance
0.0093132404211651,0.0154098757315546,5,0.0160694483527433,-0.0067562079315782,0001564590-20-030125_acceptance,acceptance
-0.0118615765703598,-0.0020116937805257,-5,0.0007775510161834,-0.0126391275865432,0001564590-21-033616_acceptance,acceptance
-0.0558550434010715,-0.0053901246128557,-4,-0.0007329634956824,-0.055122079905389,0001564590-21-033616_acceptance,acceptance
0.0062275619137617,-0.0004357155920517,-3,0.0014821793013901,0.0047453826123715,0001564590-21-033616_acceptance,acceptance
-0.0171479139730525,-0.0131244687799005,-2,-0.0041910301792704,-0.0129568837937821,0001564590-21-033616_acceptance,acceptance
0.0230875307690645,0.0140022899627207,-1,0.0079374888800811,0.0151500418889833,0001564590-21-033616_acceptance,acceptance
0.0088474038932568,0.0051244919022186,0,0.0039681778391458,0.0048792260541109,0001564590-21-033616_acceptance,acceptance
-0.0073717034073644,-0.0010832833431588,1,0.0011926482930584,-0.0085643517004228,0001564590-21-033616_acceptance,acceptance
-0.0046093573089416,0.0058112497248854,2,0.0042752309382795,-0.0088845882472211,0001564590-21-033616_acceptance,acceptance
0.0092616144771839,0.0033305973193167,3,0.0031661179673555,0.0060954965098284,0001564590-21-033616_acceptance,acceptance
0.0005102184637069,0.0023149642620619,4,0.0027120229901746,-0.0022018045264677,0001564590-21-033616_acceptance,acceptance
-0.0050960348370266,0.0002773361932608,5,0.0018009885719898,-0.0068970234090165,0001564590-21-033616_acceptance,acceptance
-0.0460232123092102,-0.0387684306652372,-5,-0.0382366920518047,-0.0077865202574055,0001564590-22-023675_acceptance,acceptance
0.1041371943988891,-0.0037736797459957,-4,-0.0041908842707524,0.1083280786696415,0001564590-22-023675_acceptance,acceptance
-0.0144226088729038,0.0145925048589832,-3,0.0136772695039505,-0.0280998783768543,0001564590-22-023675_acceptance,acceptance
-0.014204270753828,-0.0325119514881634,-2,-0.0321498681181132,0.0179455973642851,0001564590-22-023675_acceptance,acceptance
-0.0144079994633944,0.0022008656982546,-1,0.001621651050431,-0.0160296505138254,0001564590-22-023675_acceptance,acceptance
-0.0005910524034283,0.0244772422800869,0,0.0232939651901607,-0.0238850175935891,0001564590-22-023675_acceptance,acceptance
-0.0169916256815612,-0.0013015723144006,1,-0.00178581230369,-0.0152058133778711,0001564590-22-023675_acceptance,acceptance
0.0165338771692347,0.0095322174091778,2,0.0087542004919571,0.0077796766772775,0001564590-22-023675_acceptance,acceptance
0.0453943839848496,0.0305632935858357,3,0.0292149826987385,0.0161794012861111,0001564590-22-023675_acceptance,acceptance
-0.0041019147139664,-0.0029730715337762,4,-0.0034119859335686,-0.0006899287803978,0001564590-22-023675_acceptance,acceptance
-0.0259905720181846,-0.020143036075892,5,-0.0201163572193474,-0.0058742147988372,0001564590-22-023675_acceptance,acceptance
0.0021473681915935,0.0069324899514737,-5,0.0072727978856563,-0.0051254296940628,0000950170-23-028914_acceptance,acceptance
0.0479087137668439,0.0008194255259321,-4,0.0023649619278079,0.045543751839036,0000950170-23-028914_acceptance,acceptance
0.0350046428567953,0.0121781374203466,-3,0.0114842335057954,0.0235204093509999,0000950170-23-028914_acceptance,acceptance
-0.0086132985438766,-0.0036716195284263,-2,-0.0012406458119052,-0.0073726527319713,0000950170-23-028914_acceptance,acceptance
-0.0272596527073604,-0.0047351076976228,-1,-0.002094460709671,-0.0251651919976894,0000950170-23-028914_acceptance,acceptance
0.0004916437779896,-0.0052452815830036,0,-0.0025040506575481,0.0029956944355377,0000950170-23-028914_acceptance,acceptance
-0.0124488120019315,0.0037107984144384,1,0.004686282764943,-0.0171350947668746,0000950170-23-028914_acceptance,acceptance
-0.0160890467165987,-0.0076588087666845,2,-0.0044417360265788,-0.0116473106900199,0000950170-23-028914_acceptance,acceptance
-0.0156774692176134,-0.0044868382932564,3,-0.0018951391542016,-0.0137823300634117,0000950170-23-028914_acceptance,acceptance
0.0090767688751165,0.011455854954693,4,0.010904353496377,-0.0018275846212605,0000950170-23-028914_acceptance,acceptance
-0.0111166615783643,-0.0003540766884383,5,0.0014228229344351,-0.0125394845127995,0000950170-23-028914_acceptance,acceptance
-0.0037755404864667,0.0023446558536817,-5,0.003664496380712,-0.0074400368671788,0000950170-24-075605_acceptance,acceptance
-0.0122990067133066,-0.0003938606975009,-4,-0.0002611890582153,-0.0120378176550913,0000950170-24-075605_acceptance,acceptance
0.0230219064111598,0.0076643865645527,-3,0.0112903730188001,0.0117315333923597,0000950170-24-075605_acceptance,acceptance
0.0235652232902845,0.0025213273947457,-2,0.0039177564517269,0.0196474668385575,0000950170-24-075605_acceptance,acceptance
-0.0119606834670088,-0.0025259318472709,-1,-0.0033175301505467,-0.0086431533164621,0000950170-24-075605_acceptance,acceptance
-0.0098663775750775,-0.0015621303211011,0,-0.0019359129331278,-0.0079304646419496,0000950170-24-075605_acceptance,acceptance
-0.0113782108488986,-0.00306517189499,1,-0.0040905350836384,-0.0072876757652602,0000950170-24-075605_acceptance,acceptance
-0.0051468951671547,0.0039335900157368,2,0.0059422462452146,-0.0110891414123693,0000950170-24-075605_acceptance,acceptance
-0.0067541996316136,0.0015724312002203,3,0.0025575061467604,-0.009311705778374,0000950170-24-075605_acceptance,acceptance
0.0141069756644347,0.0009073212238914,4,0.0016040656615342,0.0125029100029005,0000950170-24-075605_acceptance,acceptance
0.0072761539318819,-0.0040836525834456,5,-0.0055505353187191,0.0128266892506011,0000950170-24-075605_acceptance,acceptance
0.1331216436110522,0.0038224199557175,-5,0.0057532773984403,0.1273683662126119,0000950170-25-087926_acceptance,acceptance
0.0768538322489584,-0.0112963798792506,-4,-0.0170615515671432,0.0939153838161017,0000950170-25-087926_acceptance,acceptance
-0.0191430970903638,0.0093926598961591,-3,0.0141589757955118,-0.0333020728858756,0000950170-25-087926_acceptance,acceptance
-0.0138324968949959,-0.0083521847901663,-2,-0.0126186521219497,-0.0012138447730462,0000950170-25-087926_acceptance,acceptance
0.0129216916719949,-0.000309240210107,-1,-0.0004815508323813,0.0134032425043763,0000950170-25-087926_acceptance,acceptance
-0.0270309894433163,-0.0021786584865058,0,-0.0033025722564847,-0.0237284171868316,0000950170-25-087926_acceptance,acceptance
0.0091143690726243,0.0096065041331563,1,0.014481674670133,-0.0053673055975086,0000950170-25-087926_acceptance,acceptance
0.0397508997200986,0.0111217201797018,2,0.0167681918094027,0.0229827079106958,0000950170-25-087926_acceptance,acceptance
-0.0211362250296762,-3.2861029504172024e-06,3,-1.9854751853112127e-05,-0.0211163702778231,0000950170-25-087926_acceptance,acceptance
0.0099658206099444,0.0080201212752302,4,0.012087764176404,-0.0021219435664596,0000950170-25-087926_acceptance,acceptance
-0.0121229949430837,0.0052189708852221,5,0.0078607244806274,-0.0199837194237112,0000950170-25-087926_acceptance,acceptance
0.0026490657454925,0.0057525464497805,-5,0.0032753356662198,-0.0006262699207273,0000077476-17-000010_acceptance,acceptance
0.0012264894442999,0.0035660501028451,-4,0.001786306701459,-0.0005598172571591,0000077476-17-000010_acceptance,acceptance
0.003958877799032,0.0052458450979924,-3,0.0029302662631296,0.0010286115359024,0000077476-17-000010_acceptance,acceptance
0.0037551553795238,0.0040073351766347,-2,0.0020868268726956,0.0016683285068281,0000077476-17-000010_acceptance,acceptance
-0.0017771392460916,0.0049923089198982,-1,0.0027576052324692,-0.0045347444785609,0000077476-17-000010_acceptance,acceptance
0.0130236048303609,-0.0008641180363413,0,-0.0012306883588139,0.0142542931891748,0000077476-17-000010_acceptance,acceptance
0.0002772755500253,0.0016785565287558,1,0.0005009020372536,-0.0002236264872282,0000077476-17-000010_acceptance,acceptance
0.0111882698372698,0.0060480661608284,2,0.0034765879619416,0.0077116818753282,0000077476-17-000010_acceptance,acceptance
0.0004573580413029,-0.001082200145408,3,-0.0013792047638615,0.0018365628051645,0000077476-17-000010_acceptance,acceptance
0.0011882098782671,0.0004189867216857,4,-0.0003568793756878,0.0015450892539549,0000077476-17-000010_acceptance,acceptance
0.0026473747864104,0.0014933641914423,5,0.0003747839421111,0.0022725908442993,0000077476-17-000010_acceptance,acceptance
-0.0005283928703132,-0.0050015884169394,-5,-0.0008700021446565,0.0003416092743432,0000077476-18-000012_acceptance,acceptance
-0.0295152168675369,-0.037536419758088,-4,-0.0067135547843699,-0.022801662083167,0000077476-18-000012_acceptance,acceptance
0.0093510209994764,0.0149360902084947,-3,0.0027109868987401,0.0066400341007363,0000077476-18-000012_acceptance,acceptance
0.0067457112285322,0.0139145847540425,-2,0.0025275151962974,0.0042181960322348,0000077476-18-000012_acceptance,acceptance
0.0018759924910056,0.002612929746329,-1,0.0004976348117655,0.0013783576792401,0000077476-18-000012_acceptance,acceptance
-0.0270198941904321,0.0134024582572458,0,0.0024355326035234,-0.0294554267939556,0000077476-18-000012_acceptance,acceptance
0.0170472258059291,0.0120691127622993,1,0.0021960515837835,0.0148511742221455,0000077476-18-000012_acceptance,acceptance
0.0008109522077566,0.0003734693722488,2,9.540729002822762e-05,0.0007155449177283,0000077476-18-000012_acceptance,acceptance
-0.0142265068224478,-0.0058413894593534,3,-0.0010208380763623,-0.0132056687460855,0000077476-18-000012_acceptance,acceptance
-0.0135185611218312,-0.0054965031281792,4,-0.0009588933436602,-0.0125596677781709,0000077476-18-000012_acceptance,acceptance
0.0116666651168888,0.0009735510790762,5,0.0002031874412515,0.0114634776756372,0000077476-18-000012_acceptance,acceptance
-0.0004422166388525,0.0007091030986317,-5,0.0005901518994077,-0.0010323685382603,0000077476-19-000017_acceptance,acceptance
0.0072585039392503,0.0128902247439735,-4,0.0054558815709301,0.0018026223683201,0000077476-19-000017_acceptance,acceptance
0.0029001437259021,0.0030239946687606,-3,0.0015148316560902,0.0013853120698119,0000077476-19-000017_acceptance,acceptance
-0.0134068276200289,-0.0026516415551012,-2,-0.0007522922084656,-0.0126545354115633,0000077476-19-000017_acceptance,acceptance
0.0294872495467495,0.0108787526085869,-1,0.0046524022249757,0.0248348473217738,0000077476-19-000017_acceptance,acceptance
0.0001725769376166,0.0014987433214488,0,0.0009055724307722,-0.0007329954931556,0000077476-19-000017_acceptance,acceptance
-0.000862568115465,0.0017771107537685,1,0.0010167658589686,-0.0018793339744337,0000077476-19-000017_acceptance,acceptance
0.0023311459050627,-0.0035264367908802,2,-0.0011017277743492,0.0034328736794119,0000077476-19-000017_acceptance,acceptance
0.0056846294404548,0.0064111023949868,3,0.00286780645135,0.0028168229891048,0000077476-19-000017_acceptance,acceptance
-0.0059953047504334,0.0012318625699112,4,0.0007989673389487,-0.0067942720893821,0000077476-19-000017_acceptance,acceptance
-0.0007755087957435,-0.0007904570968998,5,-8.845036184107469e-06,-0.0007666637595593,0000077476-19-000017_acceptance,acceptance
0.0002077006640273,0.0033256728767856,-5,0.0018841931292862,-0.0016764924652589,0000077476-20-000015_acceptance,acceptance
0.0072060107274247,-0.0054008536727301,-4,-0.0030578070818367,0.0102638178092615,0000077476-20-000015_acceptance,acceptance
0.0019949643416845,0.0073263978048905,-3,0.0041498807802837,-0.0021549164385991,0000077476-20-000015_acceptance,acceptance
0.0028834458723816,0.0016884725532351,-2,0.0009570150248334,0.0019264308475482,0000077476-20-000015_acceptance,acceptance
0.0,0.0064626464661976,-1,0.0036607217461643,-0.0036607217461643,0000077476-20-000015_acceptance,acceptance
0.002669662640794,-0.0016304457368023,0,-0.0009225523834586,0.0035922150242527,0000077476-20-000015_acceptance,acceptance
0.0035503304846735,0.0018435333204338,1,0.0010448289264911,0.0025055015581824,0000077476-20-000015_acceptance,acceptance
-0.0094565738832562,-0.0029199426368901,2,-0.0016528193363312,-0.007803754546925,0000077476-20-000015_acceptance,acceptance
-0.0004807399933792,0.0047057858811645,3,0.0026657777288761,-0.0031465177222554,0000077476-20-000015_acceptance,acceptance
-0.0025421096299129,-0.0038155197636281,4,-0.002160001927744,-0.0003821077021689,0000077476-20-000015_acceptance,acceptance
0.0047532334837605,-0.0105181030271228,5,-0.0059558040393068,0.0107090375230673,0000077476-20-000015_acceptance,acceptance
0.0120271217826577,0.0108533222304207,-5,0.0075656446372847,0.004461477145373,0000077476-21-000007_acceptance,acceptance
0.0091639099419127,0.0038974951646253,-4,0.0025410449201046,0.0066228650218081,0000077476-21-000007_acceptance,acceptance
-0.0039727309746907,0.0073993483603735,-3,0.0050706377938962,-0.0090433687685869,0000077476-21-000007_acceptance,acceptance
-0.0056979571186864,-0.0011135249921484,-2,-0.0010787072997746,-0.0046192498189118,0000077476-21-000007_acceptance,acceptance
-0.0136103052551604,-0.0003451849323593,-1,-0.000523690446912,-0.0130866148082484,0000077476-21-000007_acceptance,acceptance
-0.0198256702562655,0.0016624551635393,0,0.0009265451271804,-0.020752215383446,0000077476-21-000007_acceptance,acceptance
-0.0081502712419022,0.0047110331133788,1,0.0031287108451709,-0.0112789820870732,0000077476-21-000007_acceptance,acceptance
0.0038097826101852,-0.0005692724183511,2,-0.0006855619121004,0.0044953445222857,0000077476-21-000007_acceptance,acceptance
0.0005956151774431,-0.0003204020092266,3,-0.0005057882956098,0.0011014034730529,0000077476-21-000007_acceptance,acceptance
0.0067676617806315,-0.0044158356273545,4,-0.0034641589400678,0.0102318207206994,0000077476-21-000007_acceptance,acceptance
-0.0211273861350058,-0.0018548966445751,5,-0.0016142432985671,-0.0195131428364387,0000077476-21-000007_acceptance,acceptance
-0.0005700632869796,-0.024391082077444,-5,-0.009102293917201,0.0085322306302214,0000077476-22-000010_acceptance,acceptance
-0.0164225525411404,0.0051569298644233,-4,0.0028550032105105,-0.019277555751651,0000077476-22-000010_acceptance,acceptance
-0.0039419968051102,-0.0037017126347429,-3,-0.0007298545700772,-0.0032121422350329,0000077476-22-000010_acceptance,acceptance
0.0012217842988941,0.0084012071916632,-2,0.0041678762404398,-0.0029460919415456,0000077476-22-000010_acceptance,acceptance
-0.0004646170877543,0.0145172078875055,-1,0.0066428595894838,-0.0071074766772382,0000077476-22-000010_acceptance,acceptance
-0.020763130652713,-0.0181157256684597,0,-0.0065628235355002,-0.0142003071172128,0000077476-22-000010_acceptance,acceptance
0.0012470645550695,-0.0189694543445634,1,-0.0069083048987372,0.0081553694538067,0000077476-22-000010_acceptance,acceptance
-0.0111518727658376,-0.0038405967262932,2,-0.0007860572801697,-0.0103658154856678,0000077476-22-000010_acceptance,acceptance
-0.004439139142532,0.0157667211707204,3,0.007148504491138,-0.0115876436336701,0000077476-22-000010_acceptance,acceptance
0.0020489804931214,0.000881207755895,4,0.0011247318207539,0.0009242486723674,0000077476-22-000010_acceptance,acceptance
0.0027056661003961,-0.021173138152195,5,-0.0078000773169702,0.0105057434173664,0000077476-22-000010_acceptance,acceptance
-0.0092677336854647,0.0146993732443099,-5,0.0083091687429238,-0.0175769024283885,0000077476-23-000007_acceptance,acceptance
-0.0050010800641604,-0.0103546106913104,-4,-0.0051545537101348,0.0001534736459744,0000077476-23-000007_acceptance,acceptance
0.0159650072022319,-0.0061404630177543,-3,-0.0028899192791893,0.0188549264814212,0000077476-23-000007_acceptance,acceptance
-0.0015131871680272,0.0128725105980265,-2,0.0073274337943973,-0.0088406209624246,0000077476-23-000007_acceptance,acceptance
-0.002331757343027,-0.0110807244761647,-1,-0.0055447588964133,0.0032130015533863,0000077476-23-000007_acceptance,acceptance
0.0094649586784738,-0.0088297961777351,0,-0.0043351359498326,0.0138000946283064,0000077476-23-000007_acceptance,acceptance
0.0197939264652335,0.0021952617756952,1,0.0015896032331774,0.0182043232320561,0000077476-23-000007_acceptance,acceptance
0.0089102814198283,0.0114486093427661,2,0.0065622456570276,0.0023480357628006,0000077476-23-000007_acceptance,acceptance
-0.0112504405345924,-0.0002804145319874,3,0.0002592032945527,-0.0115096438291451,0000077476-23-000007_acceptance,acceptance
0.0013651101855867,0.002773175690496,4,0.0019001675159131,-0.0005350573303264,0000077476-23-000007_acceptance,acceptance
-0.0028403161964893,-0.0137887414891306,5,-0.0070000160544934,0.004159699858004,0000077476-23-000007_acceptance,acceptance
-0.0042515367077117,0.0106844460775146,-5,0.0048228274285153,-0.009074364136227,0000077476-24-000008_acceptance,acceptance
-0.0002925553545526,-0.0031863375266721,-4,-0.0027488327647144,0.0024562774101618,0000077476-24-000008_acceptance,acceptance
0.0029255210964123,0.0023104108269635,-3,0.0002516834201723,0.0026738376762399,0000077476-24-000008_acceptance,acceptance
0.0002916888944499,0.00824145796339,-2,0.0034892707684094,-0.0031975818739594,0000077476-24-000008_acceptance,acceptance
0.0138800670718348,0.0005705832608251,-1,-0.0006980382034594,0.0145781052752943,0000077476-24-000008_acceptance,acceptance
-0.0355481542468794,0.0057423415255595,0,0.0021250752773302,-0.0376732295242096,0000077476-24-000008_acceptance,acceptance
0.0175344625358122,-0.0009489536011326,1,-0.0015275094934851,0.0190619720292973,0000077476-24-000008_acceptance,acceptance
-0.0101399771040432,-0.0136742556536254,2,-0.0084738843881668,-0.0016660927158764,0000077476-24-000008_acceptance,acceptance
-0.008053007094832,0.0095797632750176,3,0.004219812988921,-0.0122728200837531,0000077476-24-000008_acceptance,acceptance
0.0020295205739915,0.0058212506847294,4,0.0021681495084924,-0.0001386289345009,0000077476-24-000008_acceptance,acceptance
-0.0091743119266054,-0.0048034698371121,5,-0.0036315785915939,-0.0055427333350115,0000077476-24-000008_acceptance,acceptance
-0.0282000376083699,0.0092178694499676,-5,-0.0008503042712354,-0.0273497333371345,0000077476-25-000007_acceptance,acceptance
0.0007985894850643,-0.0046788957603215,-4,-0.0014454346937623,0.0022440241788267,0000077476-25-000007_acceptance,acceptance
0.0101748154830574,0.0052754144053117,-3,-0.0010191403205616,0.011193955803619,0000077476-25-000007_acceptance,acceptance
-0.0079656760506661,-0.0050468257540199,-2,-0.001461191334196,-0.0065044847164701,0000077476-25-000007_acceptance,acceptance
-0.0027872276265192,-0.0076085976846667,-1,-0.001570899484865,-0.0012163281416541,0000077476-25-000007_acceptance,acceptance
-0.0451186587743989,0.0072248818286797,0,-0.0009356541744107,-0.0441830045999881,0000077476-25-000007_acceptance,acceptance
0.0151229259080558,0.0039086729306143,1,-0.0010776711670581,0.016200597075114,0000077476-25-000007_acceptance,acceptance
-0.0021280885460857,0.0036442987226186,2,-0.0010889930201462,-0.0010390955259394,0000077476-25-000007_acceptance,acceptance
-0.0052976492279197,-0.0094647701115428,3,-0.0016503902630407,-0.003647258964879,0000077476-25-000007_acceptance,acceptance
-0.0015908262728588,0.0067125410858628,4,-0.0009575952202682,-0.0006332310525906,0000077476-25-000007_acceptance,acceptance
0.0089365736734075,0.0003395827888592,5,-0.001230517825396,0.0101670914988035,0000077476-25-000007_acceptance,acceptance
0.0199493927398253,0.0040818961771371,-5,-0.0013329765369281,0.0212823692767534,0000077476-26-000007_acceptance,acceptance
-0.0018819745768569,-8.172305219089626e-05,-4,0.0002617010265274,-0.0021436756033843,0000077476-26-000007_acceptance,acceptance
0.0012794620922826,-0.0012926312740076,-3,0.0007254821905525,0.0005539799017301,0000077476-26-000007_acceptance,acceptance
0.0332235061826151,-0.0043018996208942,-2,0.0018780402057991,0.0313454659768159,0000077476-26-000007_acceptance,acceptance
0.0102193644736769,0.0053912661291679,-1,-0.0018344688131811,0.0120538332868581,0000077476-26-000007_acceptance,acceptance
0.0492912670755125,-0.0084039830206983,0,0.0034491493780822,0.0458421176974303,0000077476-26-000007_acceptance,acceptance
0.0204481805698693,-0.0050723919062231,1,0.0021731408604351,0.0182750397094341,0000077476-26-000007_acceptance,acceptance
0.008123726646533,-0.0122510155676747,2,0.0049225733754866,0.0032011532710463,0000077476-26-000007_acceptance,acceptance
0.0176684888953919,0.0196957966973359,3,-0.0073131431818993,0.0249816320772913,0000077476-26-000007_acceptance,acceptance
-0.023579110770046,0.0046910867168872,4,-0.0015662981814161,-0.0220128125886298,0000077476-26-000007_acceptance,acceptance
0.003003546167952,-0.0033037129754581,5,0.0014957319878897,0.0015078141800623,0000077476-26-000007_acceptance,acceptance
0.0032825089812615,-0.0008641180363413,-5,-0.0023938630222438,0.0056763720035054,0000078003-17-000014_acceptance,acceptance
0.0,0.0016785565287558,-4,0.0002833401714522,-0.0002833401714522,0000078003-17-000014_acceptance,acceptance
0.0,0.0060480661608284,-3,0.0048840331985693,-0.0048840331985693,0000078003-17-000014_acceptance,acceptance
-0.0008921412821667,-0.001082200145408,-2,-0.0026234834883844,0.0017313422062176,0000078003-17-000014_acceptance,acceptance
0.0139923481208619,0.0004189867216857,-1,-0.0010428713526097,0.0150352194734717,0000078003-17-000014_acceptance,acceptance
0.005871988464513,0.0014933641914423,0,8.8349619491895e-05,0.0057836388450211,0000078003-17-000014_acceptance,acceptance
0.0005835897673758,0.0010179830611165,1,-0.0004121831257524,0.0009957728931282,0000078003-17-000014_acceptance,acceptance
-0.004667172113255,-0.0025783763780462,2,-0.0041988198854738,-0.0004683522277811,0000078003-17-000014_acceptance,acceptance
0.008792129217811,0.0136738546598662,3,0.0129132893229349,-0.0041211601051238,0000078003-17-000014_acceptance,acceptance
0.0026148487956627,-0.0058598805035984,4,-0.007653942867254,0.0102687916629168,0000078003-17-000014_acceptance,acceptance
0.0002898609638672,0.00050387727206,5,-0.0009534893861967,0.001243350350064,0000078003-17-000014_acceptance,acceptance
0.0071550966997093,0.0134024582572458,-5,0.0102061400112234,-0.003051043311514,0000078003-18-000027_acceptance,acceptance
0.0147769255524974,0.0120691127622993,-4,0.0091860439060396,0.0055908816464577,0000078003-18-000027_acceptance,acceptance
0.015402093180086,0.0003734693722488,-3,0.0002381153196172,0.0151639778604687,0000078003-18-000027_acceptance,acceptance
-0.0068947052887105,-0.0058413894593534,-2,-0.0045166562774015,-0.0023780490113089,0000078003-18-000027_acceptance,acceptance
-0.0069425722785164,-0.0054965031281792,-1,-0.0042527957817571,-0.0026897764967593,0000078003-18-000027_acceptance,acceptance
-0.0005594190734236,0.0009735510790762,0,0.0006972168910005,-0.0012566359644241,0000078003-18-000027_acceptance,acceptance
0.0145497756053438,0.0160283763505131,1,0.0122151383013336,0.0023346373040102,0000078003-18-000027_acceptance,acceptance
0.0228900291909899,0.0117570153438109,2,0.0089472690631766,0.0139427601278133,0000078003-18-000027_acceptance,acceptance
-0.0078189739155059,-0.0127068884438292,3,-0.0097692099484125,0.0019502360329066,0000078003-18-000027_acceptance,acceptance
-0.0133152254692238,-0.011095788639207,4,-0.0085366137143633,-0.0047786117548604,0000078003-18-000027_acceptance,acceptance
-0.0187273726896486,-0.0133243995419872,5,-0.0102416461388269,-0.0084857265508216,0000078003-18-000027_acceptance,acceptance
-0.0014211596446491,-0.0035264367908802,-5,-0.0019704125697687,0.0005492529251195,0000078003-19-000015_acceptance,acceptance
0.0194583562125525,0.0064111023949868,-4,0.0057372157486031,0.0137211404639494,0000078003-19-000015_acceptance,acceptance
0.0027934474056554,0.0012318625699112,-3,0.0017201593328493,0.0010732880728061,0000078003-19-000015_acceptance,acceptance
-0.0013927323632865,-0.0007904570968998,-2,0.0001516333586442,-0.0015443657219307,0000078003-19-000015_acceptance,acceptance
-0.00209194504176,-0.0005440493877303,-1,0.0003427489861188,-0.0024346940278788,0000078003-19-000015_acceptance,acceptance
0.0097832565550932,-0.0028255083152146,0,-0.0014267673003365,0.0112100238554298,0000078003-19-000015_acceptance,acceptance
0.0002304542953517,0.0068953205934343,1,0.0061127789367143,-0.0058823246413626,0000078003-19-000015_acceptance,acceptance
-0.0066879607982349,-0.003880558492514,2,-0.0022450719602488,-0.0044428888379861,0000078003-19-000015_acceptance,acceptance
-0.0041791000350743,-0.0011315328231061,3,-0.0001129074775575,-0.0040661925575168,0000078003-19-000015_acceptance,acceptance
-0.024014863096451,-0.0065240986535923,4,-0.004295421108583,-0.0197194419878679,0000078003-19-000015_acceptance,acceptance
-0.0112277190024954,-0.0081257175586835,5,-0.0055376484847202,-0.0056900705177751,0000078003-19-000015_acceptance,acceptance
-0.010488776734971,-0.0038155197636281,-5,-0.002005467497206,-0.0084833092377649,0000078003-20-000014_acceptance,acceptance
-0.0036262664986791,-0.0105181030271228,-4,-0.0056004843821663,0.0019742178834871,0000078003-20-000014_acceptance,acceptance
-0.0293951033894995,-0.0335136266712231,-3,-0.0179344297475745,-0.011460673641925,0000078003-20-000014_acceptance,acceptance
-0.0213440676013209,-0.0302799955650561,-2,-0.0162000300438486,-0.0051440375574722,0000078003-20-000014_acceptance,acceptance
0.0232832510426439,-0.003778540605322,-1,-0.0019856332492339,0.0252688842918778,0000078003-20-000014_acceptance,acceptance
-0.017857520311143,-0.0441632425840791,0,-0.0236464884449396,0.0057889681337965,0000078003-20-000014_acceptance,acceptance
-0.0199411233423664,-0.0082383404443618,1,-0.0043777043499712,-0.0155634189923951,0000078003-20-000014_acceptance,acceptance
0.0436864761001658,0.04603922900611,2,0.0247347693005701,0.0189517067995957,0000078003-20-000014_acceptance,acceptance
-0.0166285029286495,-0.0281078961210758,3,-0.0150349965231982,-0.0015935064054513,0000078003-20-000014_acceptance,acceptance
0.0612244864879014,0.0422025907744911,4,0.022676938956369,0.0385475475315324,0000078003-20-000014_acceptance,acceptance
-0.0258241272322954,-0.0339220770468885,5,-0.0181535073687632,-0.0076706198635322,0000078003-20-000014_acceptance,acceptance
-0.0094580332751658,-0.0044158356273545,-5,-0.0025753445307821,-0.0068826887443836,0000078003-21-000038_acceptance,acceptance
-0.0034724506895296,-0.0018548966445751,-4,-0.0009773612753685,-0.002495089414161,0000078003-21-000038_acceptance,acceptance
-0.0052263479996315,-0.0077328394581538,-3,-0.0046450996539624,-0.000581248345669,0000078003-21-000038_acceptance,acceptance
-0.0102160217585041,0.0012563181187927,-2,0.0009639848985499,-0.011180006657054,0000078003-21-000038_acceptance,acceptance
-0.0047183844939713,0.011351613765979,-1,0.0072632811766457,-0.0119816656706171,0000078003-21-000038_acceptance,acceptance
0.0020740795207623,-0.0244788075251262,0,-0.0150943047098631,0.0171683842306255,0000078003-21-000038_acceptance,acceptance
-0.0097574157370421,-0.0047502141699028,1,-0.0027839911699854,-0.0069734245670566,0000078003-21-000038_acceptance,acceptance
0.0059717955945814,0.0237907635068002,2,0.015025103356353,-0.0090533077617715,0000078003-21-000038_acceptance,acceptance
-0.005342996085581,-0.0080808516908706,3,-0.0048622534886691,-0.0004807425969118,0000078003-21-000038_acceptance,acceptance
0.0262610422289262,-0.0130662218719981,4,-0.0079730414164758,0.0342340836454021,0000078003-21-000038_acceptance,acceptance
-0.0055247288480253,-0.0134172139301002,5,-0.0081920546125737,0.0026673257645484,0000078003-21-000038_acceptance,acceptance
-0.0022092658747775,0.000881207755895,-5,0.0013482963498276,-0.0035575622246052,0000078003-22-000027_acceptance,acceptance
-0.0157004792879418,-0.021173138152195,-4,0.0080084061417969,-0.0237088854297387,0000078003-22-000027_acceptance,acceptance
-0.0075663808225028,-0.0071661613961429,-3,0.0037784913922215,-0.0113448722147243,0000078003-22-000027_acceptance,acceptance
-0.0206057782426918,-0.0101429452648328,-2,0.0046774392673958,-0.0252832175100876,0000078003-22-000027_acceptance,acceptance
-0.013886088357076,-0.0184121228454876,-1,0.0071746174111489,-0.0210607057682249,0000078003-22-000027_acceptance,acceptance
-0.0194153649123385,0.0149568560673292,0,-0.0029023562670296,-0.0165130086453089,0000078003-22-000027_acceptance,acceptance
0.0382941527310456,0.0223726776556034,1,-0.0051418326124806,0.0434359853435262,0000078003-22-000027_acceptance,acceptance
-0.0163454460350978,-0.0024426034406476,2,0.0023520417154351,-0.0186974877505329,0000078003-22-000027_acceptance,acceptance
-0.0253514870704988,-0.0154735036804118,3,0.0062871947526963,-0.0316386818231951,0000078003-22-000027_acceptance,acceptance
0.042623156518581,0.018642691757321,4,-0.0040154280612603,0.0466385845798414,0000078003-22-000027_acceptance,acceptance
0.0027251266332029,-0.0052546664300883,5,0.0032012461456939,-0.000476119512491,0000078003-22-000027_acceptance,acceptance
-0.0091488033010534,0.002773175690496,-5,0.0015610098097472,-0.0107098131108007,0000078003-23-000024_acceptance,acceptance
-0.0085412448801647,-0.0137887414891306,-4,-0.0081087569320857,-0.0004324879480789,0000078003-23-000024_acceptance,acceptance
0.006053718203034,-0.0027674058253277,-3,-0.001673889283821,0.007727607486855,0000078003-23-000024_acceptance,acceptance
-0.0118032449621997,-0.0200412342553273,-2,-0.0117593093378479,-4.393562435183601e-05,0000078003-23-000024_acceptance,acceptance
-0.0074938775600602,-0.0015735561458868,-1,-0.0009768535602511,-0.0065170239998091,0000078003-23-000024_acceptance,acceptance
-0.0018878380940064,0.0053294294160743,0,0.0030534926540456,-0.0049413307480521,0000078003-23-000024_acceptance,acceptance
-0.0130022056374936,-0.0105375514855581,1,-0.0062105317068927,-0.0067916739306009,0000078003-23-000024_acceptance,acceptance
-0.0232336311905261,0.0030730045671669,2,0.0017360665539894,-0.0249696977445155,0000078003-23-000024_acceptance,acceptance
-0.0051496592171386,-0.0030360018281855,3,-0.0018307105423296,-0.003318948674809,0000078003-23-000024_acceptance,acceptance
-0.0096128742607095,-0.00472526484568,4,-0.0028169960772476,-0.0067958781834618,0000078003-23-000024_acceptance,acceptance
0.010950681098895,0.0075821940867943,5,0.0043687817388686,0.0065818993600264,0000078003-23-000024_acceptance,acceptance
0.0051913882000655,0.0095797632750176,-5,0.0015097001524692,0.0036816880475963,0000078003-24-000039_acceptance,acceptance
0.0147544646671011,0.0058212506847294,-4,-5.300682326530486e-05,0.0148074714903664,0000078003-24-000039_acceptance,acceptance
0.0039987111794719,-0.0048034698371121,-3,-0.0044705322341457,0.0084692434136176,0000078003-24-000039_acceptance,acceptance
-0.0010862659447362,-0.0060053220011653,-2,-0.004970235964132,0.0038839700193958,0000078003-24-000039_acceptance,acceptance
0.0028995060399652,0.0012641999229821,-1,-0.0019477284300414,0.0048472344700066,0000078003-24-000039_acceptance,acceptance
-0.0043368879757001,0.021122884217414,0,0.0063090762846767,-0.0106459642603769,0000078003-24-000039_acceptance,acceptance
0.0076226939912162,0.0003479475462115,1,-0.0023286860419468,0.0099513800331631,0000078003-24-000039_acceptance,acceptance
-0.0208935554093047,-0.0037867513501905,2,-0.0040478030204732,-0.0168457523888314,0000078003-24-000039_acceptance,acceptance
-0.0106696230650034,0.0017063496993998,3,-0.0017638922652477,-0.0089057307997556,0000078003-24-000039_acceptance,acceptance
0.0055783608767168,-0.0016581550604305,4,-0.003162779439835,0.0087411403165518,0000078003-24-000039_acceptance,acceptance
-0.0177513966248163,0.0052290946971491,5,-0.0002992122756311,-0.0174521843491852,0000078003-24-000039_acceptance,acceptance
0.0154439536194479,-0.0170641267025635,-5,-0.0027645584459894,0.0182085120654373,0000078003-25-000054_acceptance,acceptance
0.0133080127816007,-0.0049691065044024,-4,-0.0009864251666315,0.0142944379482323,0000078003-25-000054_acceptance,acceptance
0.0033771766850552,-0.0046797309154723,-3,-0.0009438829999811,0.0043210596850363,0000078003-25-000054_acceptance,acceptance
-0.0119671213365118,0.0001360242800469,-2,-0.0002359011662926,-0.0117312201702191,0000078003-25-000054_acceptance,acceptance
-0.0121119878341923,-0.0158645536555098,-1,-0.0025882048127552,-0.0095237830214371,0000078003-25-000054_acceptance,acceptance
0.0126436269093166,0.0158541446349889,0,0.0020748773552944,0.0105687495540221,0000078003-25-000054_acceptance,acceptance
-0.0068104154170871,-0.0175967394669998,1,-0.0028428598019143,-0.0039675556151728,0000078003-25-000054_acceptance,acceptance
-0.0190477034935272,-0.0122348266022004,2,-0.0020545853261621,-0.016993118167365,0000078003-25-000054_acceptance,acceptance
0.0073786116732177,0.0111592778931879,3,0.0013846677765609,0.0059939438966568,0000078003-25-000054_acceptance,acceptance
0.0115651866355741,-0.0178190070857499,4,-0.0028755361797415,0.0144407228153156,0000078003-25-000054_acceptance,acceptance
0.0186737873408211,0.005520617802748,5,0.0005557076761617,0.0181180796646594,0000078003-25-000054_acceptance,acceptance
-0.0186335896178981,-0.0028221256867719,-5,-0.0013437893523617,-0.0172898002655364,0000078003-26-000026_acceptance,acceptance
-0.0078182907314217,0.0069397247635067,-4,0.0046656654225858,-0.0124839561540075,0000078003-26-000026_acceptance,acceptance
0.0153845664146232,-0.0103856522472848,-3,-0.0059999425106206,0.0213845089252439,0000078003-26-000026_acceptance,acceptance
0.0029564283854743,0.0076516140863223,-2,0.0051039088388333,-0.002147480453359,0000078003-26-000026_acceptance,acceptance
-0.0018422756207148,0.0081363556573399,-1,0.0054023187113677,-0.0072445943320826,0000078003-26-000026_acceptance,acceptance
0.0003690623507828,-0.0053655805693283,0,-0.0029095557167097,0.0032786180674925,0000078003-26-000026_acceptance,acceptance
0.0202952355890024,-0.0043393528110311,1,-0.002277803639202,0.0225730392282045,0000078003-26-000026_acceptance,acceptance
-0.0141049163653673,0.0003983547353176,2,0.0006387580702531,-0.0147436744356205,0000078003-26-000026_acceptance,acceptance
-0.0249449460750151,-0.0094440310956254,3,-0.0054202747770435,-0.0195246712979716,0000078003-26-000026_acceptance,acceptance
0.001504945903737,0.0077560492642863,4,0.0051681997724104,-0.0036632538686734,0000078003-26-000026_acceptance,acceptance
-0.0003757266921057,-0.005646704863891,5,-0.003082617549906,0.0027068908578003,0000078003-26-000026_acceptance,acceptance
-0.0091061866136066,0.0031339432802557,-5,0.0016173377349651,-0.0107235243485717,0000080424-16-000212_acceptance,acceptance
0.0009308381866928,0.0002125718896919,-4,5.808457064006002e-05,0.0008727536160527,0000080424-16-000212_acceptance,acceptance
-0.0031379005602304,0.0086034964479611,-3,0.0045366577884632,-0.0076745583486937,0000080424-16-000212_acceptance,acceptance
-0.0002326410316181,-0.0009071655678379,-2,-0.0005395642526168,0.0003069232209987,0000080424-16-000212_acceptance,acceptance
0.0026812510776168,0.0003897939364765,-1,0.0001526750900548,0.0025285759875619,0000080424-16-000212_acceptance,acceptance
0.0037219044099563,-0.0028646859974036,0,-0.0015843714735987,0.0053062758835551,0000080424-16-000212_acceptance,acceptance
0.0048659061110636,0.0047345880120621,1,0.0024716660723655,0.0023942400386981,0000080424-16-000212_acceptance,acceptance
0.0035744078634432,-0.0007960463737501,2,-0.0004802554788134,0.0040546633422566,0000080424-16-000212_acceptance,acceptance
-0.0002299638261606,0.002792909218769,3,0.0014353141684876,-0.0016652779946483,0000080424-16-000212_acceptance,acceptance
-0.0050562234316583,-0.005479077019869,4,-0.0029797768943986,-0.0020764465372597,0000080424-16-000212_acceptance,acceptance
0.0043889403470445,0.001868589648029,5,0.0009419677147709,0.0034469726322735,0000080424-16-000212_acceptance,acceptance
0.0030829809506425,0.0024491149692504,-5,0.0009058211751926,0.0021771597754499,0000080424-17-000047_acceptance,acceptance
-0.0006585169201108,0.0004926487188865,-4,2.383979406742821e-05,-0.0006823567141783,0000080424-17-000047_acceptance,acceptance
-0.0019774926200064,-0.0021836541856442,-3,-0.0011826463038186,-0.0007948463161877,0000080424-17-000047_acceptance,acceptance
-0.0020909725929951,0.0018891035295691,-2,0.0006533661875718,-0.002744338780567,0000080424-17-000047_acceptance,acceptance
0.0084924923625409,0.0016471997899281,-1,0.0005443151909864,0.0079481771715544,0000080424-17-000047_acceptance,acceptance
0.00153103849975,-0.0024144327873969,0,-0.0012866820518772,0.0028177205516272,0000080424-17-000047_acceptance,acceptance
0.0037127795441436,-0.0003636086710507,1,-0.0003621638363223,0.0040749433804659,0000080424-17-000047_acceptance,acceptance
-0.0019586664121041,-0.0144744417228017,2,-0.0067233735027273,0.0047647070906231,0000080424-17-000047_acceptance,acceptance
-0.0043599107141438,0.0012755699762128,3,0.0003767832561488,-0.0047366939702927,0000080424-17-000047_acceptance,acceptance
0.0033940886652366,0.0100437545445353,4,0.0043295095217264,-0.0009354208564898,0000080424-17-000047_acceptance,acceptance
0.0060006557306171,-0.0004988078808476,5,-0.0004231120820493,0.0064237678126664,0000080424-17-000047_acceptance,acceptance
-0.0028433560637666,-0.0010403515262938,-5,-0.0007374456034085,-0.002105910460358,0000080424-18-000055_acceptance,acceptance
0.0167388530432133,0.0049264448033816,-4,0.0023293005525059,0.0144095524907073,0000080424-18-000055_acceptance,acceptance
0.0040244583506365,0.0046441830098771,-3,0.0021842268442102,0.0018402315064263,0000080424-18-000055_acceptance,acceptance
0.0023073267493929,0.0035382274515358,-2,0.0016158003771818,0.000691526372211,0000080424-18-000055_acceptance,acceptance
0.0014543836815783,0.0028241822564987,-1,0.0012488035440339,0.0002055801375444,0000080424-18-000055_acceptance,acceptance
-0.0035092772709844,-0.0002623799656497,0,-0.0003375926234852,-0.0031716846474992,0000080424-18-000055_acceptance,acceptance
-0.0115358892112947,-0.0014416744645237,1,-0.0009437130055612,-0.0105921762057335,0000080424-18-000055_acceptance,acceptance
0.0003689447959569,-0.0071138879135516,2,-0.0038590528008579,0.0042279975968148,0000080424-18-000055_acceptance,acceptance
0.0011049264862807,-0.0040059921853423,3,-0.0022616918803809,0.0033666183666617,0000080424-18-000055_acceptance,acceptance
-0.0025760460786713,0.0063892547772768,4,0.0030811389958537,-0.005657185074525,0000080424-18-000055_acceptance,acceptance
0.0121757141241356,-0.0076021648357581,5,-0.0041100118233322,0.0162857259474678,0000080424-18-000055_acceptance,acceptance
-0.0196829407095524,-0.0108855261126957,-5,-0.0043644511788806,-0.0153184895306718,0000080424-19-000050_acceptance,acceptance
-0.0110977920241558,-0.008998793869673,-4,-0.0034277413327627,-0.007670050691393,0000080424-19-000050_acceptance,acceptance
-0.0024843867881877,-0.0072827399270378,-3,-0.0025757684942849,9.138170609723122e-05,0000080424-19-000050_acceptance,acceptance
-0.0288559694684095,-0.0297778200029859,-2,-0.0137439472723139,-0.0151120221960955,0000080424-19-000050_acceptance,acceptance
0.010611840035543,0.0130170171699326,-1,0.007502493758799,0.003109346276744,0000080424-19-000050_acceptance,acceptance
0.0108506271143251,0.0007668762331907,0,0.0014206410347509,0.0094299860795742,0000080424-19-000050_acceptance,acceptance
0.0166205224384035,0.0187623034099841,1,0.0103548678620791,0.0062656545763243,0000080424-19-000050_acceptance,acceptance
-0.005619930461597,-0.0066166063549235,2,-0.0022450517865292,-0.0033748786750678,0000080424-19-000050_acceptance,acceptance
-0.0064225162945389,-0.0123173221779722,3,-0.0050752979229996,-0.0013472183715392,0000080424-19-000050_acceptance,acceptance
0.0105147054029381,0.0151316883221812,4,0.0085523689050673,0.0019623364978708,0000080424-19-000050_acceptance,acceptance
-0.0124519651335647,-0.0292927529117426,5,-0.0135031250135776,0.0010511598800129,0000080424-19-000050_acceptance,acceptance
-0.0022827713622056,0.0076705049901413,-5,0.0061246471985599,-0.0084074185607656,0000080424-20-000053_acceptance,acceptance
0.0012963380703279,0.0071810234393261,-4,0.0057594583168812,-0.0044631202465533,0000080424-20-000053_acceptance,acceptance
0.0190414833355119,0.0036119303819721,-3,0.0030966549894589,0.0159448283460529,0000080424-20-000053_acceptance,acceptance
-0.002615669731689,0.0064297430531994,-2,0.0051989484394816,-0.0078146181711706,0000080424-20-000053_acceptance,acceptance
-0.005470579682567,0.0064276955596642,-1,0.0051974208602028,-0.0106680005427699,0000080424-20-000053_acceptance,acceptance
0.006329495824235,0.0006330295486443,0,0.000874178039831,0.0054553177844039,0000080424-20-000053_acceptance,acceptance
0.0041183889243188,0.002742218294476,1,0.0024477864384661,0.0016706024858526,0000080424-20-000053_acceptance,acceptance
-0.0064877025994551,-0.0079691321542361,2,-0.005543661012658,-0.0009440415867971,0000080424-20-000053_acceptance,acceptance
0.0167380640929795,0.0139965494902376,3,0.0108443370675504,0.005893727025429,0000080424-20-000053_acceptance,acceptance
0.0023621822514512,-0.0020471743504979,4,-0.0011254492453418,0.003487631496793,0000080424-20-000053_acceptance,acceptance
-0.0050079797515524,-0.0001718826227681,5,0.0002736549450623,-0.0052816346966147,0000080424-20-000053_acceptance,acceptance
-0.0024607331184157,-0.0018428056148913,-5,-0.0003410162252483,-0.0021197168931674,0000080424-21-000100_acceptance,acceptance
0.0145898719456156,0.0082034265474622,-4,0.0035328687985177,0.0110570031470978,0000080424-21-000100_acceptance,acceptance
-0.0105592084170412,-0.0046323879014122,-3,-0.001416695232828,-0.0091425131842131,0000080424-21-000100_acceptance,acceptance
0.0004912849305809,0.0060054468134942,-2,0.0026853151449333,-0.0021940302143524,0000080424-21-000100_acceptance,acceptance
-0.007649043417552,0.0016752662417647,-1,0.0010155725592617,-0.0086646159768137,0000080424-21-000100_acceptance,acceptance
0.0054448942713245,-0.0009399082741974,0,7.146193217341136e-06,0.0054377480781072,0000080424-21-000100_acceptance,acceptance
0.000633460259277,0.0009926793341701,1,0.0007523631135694,-0.0001189028542923,0000080424-21-000100_acceptance,acceptance
0.0024597357675848,0.0012757437876824,2,0.0008615143982999,0.0015982213692849,0000080424-21-000100_acceptance,acceptance
0.0023139806964302,0.0041463802816776,3,0.0019684483754417,0.0003455323209885,0000080424-21-000100_acceptance,acceptance
0.004826767147446,0.0016073066558082,4,0.0009893669512284,0.0038374001962175,0000080424-21-000100_acceptance,acceptance
0.0069619195868784,0.0026208507022158,5,0.0013801953771351,0.0055817242097432,0000080424-21-000100_acceptance,acceptance
0.0287239078377172,-0.0028230841271976,-5,-0.0013321123853918,0.0300560202231091,0000080424-22-000064_acceptance,acceptance
-0.0066480163858748,-0.0066623955507048,-4,-0.0033411496223611,-0.0033068667635136,0000080424-22-000064_acceptance,acceptance
0.0206408494347087,0.0156384771631401,-3,0.0083284647321057,0.012312384702603,0000080424-22-000064_acceptance,acceptance
-0.0015874922499664,-0.0007773401640558,-2,-0.0002616142293702,-0.0013258780205962,0000080424-22-000064_acceptance,acceptance
0.0004840453634382,-0.0016257460597355,-1,-0.0007055685869273,0.0011896139503656,0000080424-22-000064_acceptance,acceptance
0.0038002360979809,-0.0012375507238541,0,-0.0005024334934237,0.0043026695914047,0000080424-22-000064_acceptance,acceptance
-0.0023404935834432,-0.004248692893594,1,-0.0020781058152303,-0.0002623877682128,0000080424-22-000064_acceptance,acceptance
0.0094532704822321,0.0212906376412902,2,0.0112861307345049,-0.0018328602522728,0000080424-22-000064_acceptance,acceptance
-0.0071090645727484,-0.0007054739583503,3,-0.0002240080371613,-0.006885056535587,0000080424-22-000064_acceptance,acceptance
0.0097069801320239,0.0173223687745669,4,0.0092096125675388,0.0004973675644851,0000080424-22-000064_acceptance,acceptance
0.0128857618189379,0.0039695418998517,5,0.0022223371290691,0.0106634246898688,0000080424-22-000064_acceptance,acceptance
-0.0007035391269738,0.0014687129405193,-5,0.0011012911058135,-0.0018048302327873,0000080424-23-000073_acceptance,acceptance
-0.0003200060514845,-0.0026650876392156,-4,-0.0004873927785279,0.0001673867270433,0000080424-23-000073_acceptance,acceptance
0.0021759768143805,-0.0138395413363479,-3,-0.0047819092077871,0.0069578860221677,0000080424-23-000073_acceptance,acceptance
0.0026185786850099,-0.0025479738404268,-2,-0.0004423841233736,0.0030609628083835,0000080424-23-000073_acceptance,acceptance
-0.0109553811333995,-0.0053000741550505,-1,-0.0015000590967062,-0.0094553220366932,0000080424-23-000073_acceptance,acceptance
0.01056140060957,0.0090240927793627,0,0.0040049411388826,0.0065564594706873,0000080424-23-000073_acceptance,acceptance
0.0010833429004946,-0.0042182830447931,1,-0.0010843099404661,0.0021676528409607,0000080424-23-000073_acceptance,acceptance
-0.0012729563112143,-0.0070387303805971,2,-0.0021682517375115,0.0008952954262972,0000080424-23-000073_acceptance,acceptance
-0.0049716992987606,0.0002507139445697,3,0.0006331951397199,-0.0056048944384806,0000080424-23-000073_acceptance,acceptance
0.0058294207674873,-0.001069692370023,4,0.0001257424476235,0.0057036783198638,0000080424-23-000073_acceptance,acceptance
-0.0078335884586602,0.005750475751703,5,0.0027468391779791,-0.0105804276366393,0000080424-23-000073_acceptance,acceptance
-0.0484316214472916,-0.0049601718780302,-5,-0.0001159575205093,-0.0483156639267823,0000080424-24-000083_acceptance,acceptance
-0.0058133171164537,0.0157933986591674,-4,0.0023976377486631,-0.0082109548651168,0000080424-24-000083_acceptance,acceptance
0.0306670935599553,-0.013693502993456,-3,-0.0011737061010008,0.0318407996609561,0000080424-24-000083_acceptance,acceptance
0.0264951829370054,-0.0183818608686967,-2,-0.0017415425681894,0.0282367255051949,0000080424-24-000083_acceptance,acceptance
-0.0118767182461669,-0.0299687983886397,-1,-0.0031449093422162,-0.0087318089039507,0000080424-24-000083_acceptance,acceptance
0.0001783338292373,0.010354085880061,0,0.0017388484167452,-0.0015605145875078,0000080424-24-000083_acceptance,acceptance
0.0114821334848915,-0.0077346478585028,1,-0.0004519917314152,0.0119341252163068,0000080424-24-000083_acceptance,acceptance
0.0049992474322473,0.0230426115191364,2,0.0032756354463307,0.0017236119859166,0000080424-24-000083_acceptance,acceptance
-0.0019312029905464,0.0046716768495385,3,0.0010506161710685,-0.002981819161615,0000080424-24-000083_acceptance,acceptance
-0.02187171283341,4.303397765514916e-05,4,0.0004900121629726,-0.0223617249963827,0000080424-24-000083_acceptance,acceptance
0.0028775229494644,0.0168475797535583,5,0.0025253162417186,0.0003522067077457,0000080424-24-000083_acceptance,acceptance
-0.0031824909410183,-0.0029594423887242,-5,-0.0012382724828805,-0.0019442184581377,0000080424-25-000076_acceptance,acceptance
-0.0238171081670176,-0.0012494327466496,-4,-0.0008263082154657,-0.0229907999515519,0000080424-25-000076_acceptance,acceptance
-0.0157640093990195,-0.003694819341153,-3,-0.0014154346578922,-0.0143485747411272,0000080424-25-000076_acceptance,acceptance
0.0011963046087999,-0.0159921331401484,-2,-0.0043780225554825,0.0055743271642825,0000080424-25-000076_acceptance,acceptance
0.0007300624754977,0.014737100330916,-1,0.003025062107693,-0.0022949996321953,0000080424-25-000076_acceptance,acceptance
-0.0016582687032934,-0.0048578659963033,0,-0.0016956282026941,3.735949940070552e-05,0000080424-25-000076_acceptance,acceptance
0.0156135756392736,0.0072819072950924,1,0.0012290060727617,0.0143845695665119,0000080424-25-000076_acceptance,acceptance
0.0041214979238888,-0.0007974800154801,2,-0.0007174267382967,0.0048389246621855,0000080424-25-000076_acceptance,acceptance
0.0001302732924912,0.0077997153489748,3,0.0013537529808086,-0.0012234796883173,0000080424-25-000076_acceptance,acceptance
0.0095759373901953,-0.0025041278217863,4,-0.0011285810943663,0.0107045184845616,0000080424-25-000076_acceptance,acceptance
0.0007096652309848,0.0113454358466127,5,0.0022079646246066,-0.0014982993936218,0000080424-25-000076_acceptance,acceptance
0.0277123566818875,-0.0029867267366989,-5,-0.0014436678702685,0.029156024552156,0001234452-16-000552_acceptance,acceptance
-0.0241118243088382,-0.0031082993435224,-4,-0.001596733863537,-0.0225150904453012,0001234452-16-000552_acceptance,acceptance
0.0046784305824603,-0.0001222764078291,-3,0.0021628183786734,0.0025156122037868,0001234452-16-000552_acceptance,acceptance
-0.0055297475142238,-0.0067868834764276,-2,-0.0062282552961789,0.0006985077819551,0001234452-16-000552_acceptance,acceptance
-0.0182906615814145,-0.0065255002974123,-1,-0.0058991607989477,-0.0123915007824668,0001234452-16-000552_acceptance,acceptance
-0.0020869092970874,-0.0044234008389461,0,-0.0032525124299888,0.0011656031329014,0001234452-16-000552_acceptance,acceptance
-0.0032864363432169,-0.0016661307322337,1,0.0002190285579117,-0.0035054649011286,0001234452-16-000552_acceptance,acceptance
0.0259257653532463,0.0222235439673372,2,0.0302973240086462,-0.0043715586553999,0001234452-16-000552_acceptance,acceptance
-0.0027753743007464,0.0037719744542996,3,0.0070658750114409,-0.0098412493121873,0001234452-16-000552_acceptance,acceptance
-0.0057127219714228,0.0110770207532533,4,0.0162632937132187,-0.0219760156846415,0001234452-16-000552_acceptance,acceptance
-0.0231288095407222,0.0019507459501284,5,0.0047728572236037,-0.0279016667643259,0001234452-16-000552_acceptance,acceptance
-0.0007432355999662,0.0012709462190783,-5,0.0006313274261112,-0.0013745630260774,0001234452-17-000190_acceptance,acceptance
0.0143124276152055,0.0080730224980496,-4,0.0106752378220407,0.0036371897931648,0001234452-17-000190_acceptance,acceptance
0.0016490722139532,-0.0031924705707864,-3,-0.0059593305522006,0.0076084027661539,0001234452-17-000190_acceptance,acceptance
-0.0667765705038896,0.0009444586571358,-2,0.0001492375930887,-0.0669258080969784,0001234452-17-000190_acceptance,acceptance
0.0480300773294439,0.0015921101716727,-1,0.0011055564453054,0.0469245208841385,0001234452-17-000190_acceptance,acceptance
0.0258136384472638,0.0001899658108865,0,-0.0009648426129102,0.026778481060174,0001234452-17-000190_acceptance,acceptance
0.1270971258227682,0.0030970753849743,1,0.0033277802386673,0.1237693455841008,0001234452-17-000190_acceptance,acceptance
0.011486801650427,0.0012712512404724,2,0.0006317778191127,0.0108550238313143,0001234452-17-000190_acceptance,acceptance
0.0252718992771334,-0.0001891029228697,3,-0.0015245735302946,0.0267964728074281,0001234452-17-000190_acceptance,acceptance
0.0216850710970188,0.0014436550000984,4,0.0008863483123837,0.0207987227846351,0001234452-17-000190_acceptance,acceptance
-0.0135898311551517,-0.003761887644002,5,-0.0068001288359499,-0.0067897023192018,0001234452-17-000190_acceptance,acceptance
0.0130385453240844,0.0105578436930637,-5,0.0159080536710558,-0.0028695083469714,0001728949-18-000095_acceptance,acceptance
-0.0059642074740955,-0.0063166863793988,-4,-0.0074229621953865,0.001458754721291,0001728949-18-000095_acceptance,acceptance
0.0022103154401988,0.0056003171696019,-3,0.0090536921285114,-0.0068433766883125,0001728949-18-000095_acceptance,acceptance
0.0025210988088018,0.0062592957741707,-2,0.0099648072951453,-0.0074437084863435,0001728949-18-000095_acceptance,acceptance
-0.0066008501408578,0.0212088560641052,-1,0.0306343267912754,-0.0372351769321333,0001728949-18-000095_acceptance,acceptance
-0.0816326920010214,-0.0025089163835961,0,-0.0021582738273939,-0.0794744181736274,0001728949-18-000095_acceptance,acceptance
-0.0229107764826441,-0.0091990137061033,1,-0.0114081175924759,-0.0115026588901681,0001728949-18-000095_acceptance,acceptance
-0.0393163617818107,-0.0197014893402406,2,-0.0259290212623713,-0.0133873405194394,0001728949-18-000095_acceptance,acceptance
-0.0060561864958108,-0.0014819196931705,3,-0.0007383305177899,-0.0053178559780208,0001728949-18-000095_acceptance,acceptance
-0.00406182984818,-0.0075674106903027,4,-0.0091522351657706,0.0050904053175906,0001728949-18-000095_acceptance,acceptance
0.026881515143228,0.0105937533662663,5,0.0159577030036091,0.0109238121396188,0001728949-18-000095_acceptance,acceptance
-0.0122789630581895,-0.0030228605633046,-5,-0.0049918995991412,-0.0072870634590483,0001728949-19-000072_acceptance,acceptance
0.0390352453866711,0.009662312168146,-4,0.012418581860352,0.026616663526319,0001728949-19-000072_acceptance,acceptance
0.0180665386561327,0.0037040890497046,-3,0.0042408821686518,0.0138256564874808,0001728949-19-000072_acceptance,acceptance
0.0043483789151579,-0.0011856992143612,-2,-0.0024703837884362,0.0068187627035941,0001728949-19-000072_acceptance,acceptance
-0.009712504279142,0.0007024972279667,-1,0.0001211780173819,-0.009833682296524,0001728949-19-000072_acceptance,acceptance
0.0632166917976146,0.0027300951851503,0,0.0029040693022066,0.060312622495408,0001728949-19-000072_acceptance,acceptance
0.0450097738726342,0.0025606760900243,1,0.0026715405005087,0.0423382333721255,0001728949-19-000072_acceptance,acceptance
-0.0232901455713541,-0.0019624672514313,2,-0.0035365029335232,-0.0197536426378308,0001728949-19-000072_acceptance,acceptance
-0.0094734649262309,0.0015646460846321,3,0.0013044828885154,-0.0107779478147463,0001728949-19-000072_acceptance,acceptance
-0.0054961658419214,0.0007115345908383,4,0.0001335818562613,-0.0056297476981828,0001728949-19-000072_acceptance,acceptance
0.000110617571394,0.0008370427393644,5,0.0003058426002961,-0.000195225028902,0001728949-19-000072_acceptance,acceptance
0.0399737036868588,0.0119473308942383,-5,0.0181487968700296,0.0218249068168291,0001728949-20-000067_acceptance,acceptance
-0.0243594881087009,-0.0121295501301756,-4,-0.0128125283799593,-0.0115469597287415,0001728949-20-000067_acceptance,acceptance
0.0049447783898992,0.0123182026012718,-3,0.0186257141059389,-0.0136809357160396,0001728949-20-000067_acceptance,acceptance
0.0119384131632536,0.0177992900964345,-2,0.0256740411915486,-0.013735628028295,0001728949-20-000067_acceptance,acceptance
0.028059107090079,0.0220470477016834,-1,0.0311363851166553,-0.0030772780265762,0001728949-20-000067_acceptance,acceptance
0.127471401282553,0.0194601941389629,0,0.027809857297364,0.099661543985189,0001728949-20-000067_acceptance,acceptance
-0.0027509773616867,-0.0002877151874185,1,0.0024153120885637,-0.0051662894502504,0001728949-20-000067_acceptance,acceptance
-0.0165504403879804,0.0116998892356872,2,0.0178306027624527,-0.0343810431504331,0001728949-20-000067_acceptance,acceptance
-0.0175303058517168,-0.001399794593191,3,0.0009852492763987,-0.0185155551281155,0001728949-20-000067_acceptance,acceptance
0.0541001373269496,0.0076518553187603,4,0.0126250906947612,0.0414750466321884,0001728949-20-000067_acceptance,acceptance
-0.025593748774968,-0.009978532303877,5,-0.0100464573730449,-0.015547291401923,0001728949-20-000067_acceptance,acceptance
0.0189785314860129,0.0098292815764611,-5,0.0096299486568872,0.0093485828291256,0001728949-21-000076_acceptance,acceptance
-0.0048618275692352,0.0019493347191492,-4,0.0014574387297486,-0.0063192662989838,0001728949-21-000076_acceptance,acceptance
0.0133041712871693,0.0018000771431341,-3,0.0013026395865853,0.012001531700584,0001728949-21-000076_acceptance,acceptance
0.0031154432683071,0.0036803630854131,-2,0.0032527359270036,-0.0001372926586965,0001728949-21-000076_acceptance,acceptance
0.0240332482787388,0.0064612791953579,-1,0.006136900620827,0.0178963476579118,0001728949-21-000076_acceptance,acceptance
0.127310835489028,0.0041819423611504,0,0.0037729376091261,0.1235378978799018,0001728949-21-000076_acceptance,acceptance
0.0443279819527937,0.0037327996529492,1,0.0033071193354825,0.0410208626173111,0001728949-21-000076_acceptance,acceptance
0.0172971318120975,0.0008877879113036,2,0.0003564792966033,0.0169406525154942,0001728949-21-000076_acceptance,acceptance
0.0053662894085275,-0.0034987758957707,3,-0.0041929468490917,0.0095592362576192,0001728949-21-000076_acceptance,acceptance
-0.041621559690825,-0.0082258233952297,4,-0.0090954980102759,-0.0325260616805491,0001728949-21-000076_acceptance,acceptance
0.0289109648268841,0.0005509400447352,5,7.12509621160159e-06,0.0289038397306725,0001728949-21-000076_acceptance,acceptance
-0.0288713806882117,-0.0060826106182112,-5,-0.007035087070904,-0.0218362936173076,0000804328-22-000021_acceptance,acceptance
0.0393202111435175,0.0246263778959276,-4,0.0303989016079832,0.0089213095355343,0000804328-22-000021_acceptance,acceptance
-0.0130023715981845,-0.0074544041076575,-3,-0.0087072913484907,-0.0042950802496938,0000804328-22-000021_acceptance,acceptance
-0.0028046740642106,-0.0041012306087846,-2,-0.0046198021517247,0.001815128087514,0000804328-22-000021_acceptance,acceptance
-0.0411660156691875,-0.0250019848573428,-1,-0.0300976389603355,-0.011068376708852,0000804328-22-000021_acceptance,acceptance
-0.0766222050475903,-0.0105859923154296,0,-0.0125246700115067,-0.0640975350360835,0000804328-22-000021_acceptance,acceptance
0.0270504780150981,0.0136187246700705,1,0.0169806685050552,0.0100698095100429,0000804328-22-000021_acceptance,acceptance
0.0318679330874414,0.0096139819205598,2,0.0120989220848494,0.0197690110025919,0000804328-22-000021_acceptance,acceptance
0.0222546426519589,0.0055978928024627,3,0.0072033445404756,0.0150512981114832,0000804328-22-000021_acceptance,acceptance
-0.0187488758188211,-0.0207778869547897,4,-0.0249485005251871,0.006199624706366,0000804328-22-000021_acceptance,acceptance
0.0928188586785869,0.0554344843603449,5,0.0679537142022165,0.0248651444763704,0000804328-22-000021_acceptance,acceptance
0.008016924255793,-0.0118325197781096,-5,-0.01765623766146,0.0256731619172531,0000804328-23-000055_acceptance,acceptance
0.0079529334249808,-0.0048002802297685,-4,-0.0069294995692169,0.0148824329941978,0000804328-23-000055_acceptance,acceptance
0.0128686741860506,0.0120100223258599,-3,0.0187123619638032,-0.0058436877777525,0000804328-23-000055_acceptance,acceptance
0.0107575214967221,0.0064749573072333,-2,0.0102693627783801,0.0004881587183419,0000804328-23-000055_acceptance,acceptance
0.0174330282984145,0.0105059994863139,-1,0.0164181768790008,0.0010148514194136,0000804328-23-000055_acceptance,acceptance
0.0583459866377296,0.0188585570201276,0,0.0291588829442182,0.0291871036935113,0000804328-23-000055_acceptance,acceptance
0.0184048935261276,0.0093937302530313,1,0.0147215593688227,0.0036833341573048,0000804328-23-000055_acceptance,acceptance
0.0034305156316531,0.0017529924220356,2,0.0030666387733036,0.0003638768583495,0000804328-23-000055_acceptance,acceptance
0.0065870327943018,0.0028401189192852,3,0.0047249044124321,0.0018621283818696,0000804328-23-000055_acceptance,acceptance
-0.005467303056208,0.0010049156221052,4,0.0019255479656633,-0.0073928510218713,0000804328-23-000055_acceptance,acceptance
0.0003332204541426,-0.0080838393067328,5,-0.0119381284685713,0.0122713489227139,0000804328-23-000055_acceptance,acceptance
-0.0289344542835983,-0.0186147008716995,-5,-0.0488782395391578,0.0199437852555595,0000804328-24-000075_acceptance,acceptance
0.0153591290508339,0.0040925095436261,-4,0.0069913541336451,0.0083677749171887,0000804328-24-000075_acceptance,acceptance
-0.0005446860345661,-0.0028120834782999,-3,-0.0099969416347652,0.0094522556001991,0000804328-24-000075_acceptance,acceptance
0.0044195488791403,0.0122656445452913,-2,0.0271008137821013,-0.022681264902961,0000804328-24-000075_acceptance,acceptance
0.0426735534885318,0.0252959277864259,-1,0.0591609663419411,-0.0164874128534093,0000804328-24-000075_acceptance,acceptance
-0.0004624665959264,0.0074312297274883,0,0.0152060549554453,-0.0156685215513717,0000804328-24-000075_acceptance,acceptance
-0.0115666458062791,0.0037568333092317,1,0.006165444896966,-0.0177320907032452,0000804328-24-000075_acceptance,acceptance
-0.0153297105295063,0.0009690634297987,2,-0.0006936790362881,-0.0146360314932182,0000804328-24-000075_acceptance,acceptance
-0.0289975650733392,-0.0028926596513724,3,-0.0101951939945632,-0.018802371078776,0000804328-24-000075_acceptance,acceptance
-0.0182975616474219,0.0002322277248243,4,-0.0025066146936222,-0.0157909469537996,0000804328-24-000075_acceptance,acceptance
0.0221294313096553,-0.006049734794859,5,-0.0179629691741183,0.0400924004837737,0000804328-24-000075_acceptance,acceptance
-0.0078916715277094,-0.0099048124395192,-5,-0.0127763927974642,0.0048847212697548,0000804328-25-000085_acceptance,acceptance
0.0205348435481917,0.0026179217059763,-4,0.0026777172571837,0.017857126291008,0000804328-25-000085_acceptance,acceptance
-0.0009949532492521,0.0017207127269924,-3,0.0015704857099723,-0.0025654389592244,0000804328-25-000085_acceptance,acceptance
-0.0436033923642499,-0.0117368300845838,-2,-0.0150372570767773,-0.0285661352874725,0000804328-25-000085_acceptance,acceptance
0.0398054571456971,0.0036535556982648,-1,0.003955776945045,0.0358496802006521,0000804328-25-000085_acceptance,acceptance
-0.0362786670485978,-0.011178189042419,0,-0.0143478469171148,-0.021930820131483,0000804328-25-000085_acceptance,acceptance
-0.0133371081591006,0.001261841800771,1,0.0010042002876107,-0.0143413084467113,0000804328-25-000085_acceptance,acceptance
0.0039792259176894,0.0154010186217099,2,0.0184531369282976,-0.0144739110106082,0000804328-25-000085_acceptance,acceptance
0.0140466764488043,0.0020753505173405,3,0.0020081386520454,0.0120385377967588,0000804328-25-000085_acceptance,acceptance
0.015461593881042,0.0006295171887717,4,0.0002238583885842,0.0152377354924577,0000804328-25-000085_acceptance,acceptance
-0.0122827894677584,-0.0165568549615969,5,-0.0209855742773222,0.0087027848095638,0000804328-25-000085_acceptance,acceptance
0.0121489330949471,0.0017637540575008,-5,0.0022485485361798,0.0099003845587672,0001564590-17-000589_acceptance,acceptance
-0.0032007752665007,-0.0036093083554193,-4,-0.0030764706041835,-0.0001243046623171,0001564590-17-000589_acceptance,acceptance
-0.0081423914290228,0.0033662371547078,-3,0.0038367030203371,-0.01197909444936,0001564590-17-000589_acceptance,acceptance
-0.0256679059161195,-0.0026901247580694,-2,-0.0021655058929554,-0.0235024000231641,0001564590-17-000589_acceptance,acceptance
0.0036791250941856,0.0065645936376641,-1,0.007006461377972,-0.0033273362837864,0001564590-17-000589_acceptance,acceptance
0.0109957289621436,0.0080260905496174,0,0.0084548903057692,0.0025408386563743,0001564590-17-000589_acceptance,acceptance
-0.0073678048138876,-0.0007353844075136,1,-0.0002282438659742,-0.0071395609479134,0001564590-17-000589_acceptance,acceptance
-0.0044772992151239,-0.0008664638929263,2,-0.0003581513033144,-0.0041191479118095,0001564590-17-000589_acceptance,acceptance
-0.0105322040702481,-0.0060095435176958,3,-0.0054552440481252,-0.0050769600221228,0001564590-17-000589_acceptance,acceptance
0.0011960198170803,-0.000889905407144,4,-0.0003813832150801,0.0015774030321605,0001564590-17-000589_acceptance,acceptance
-0.0064510076707908,0.0002983634896507,5,0.0007962607676354,-0.0072472684384263,0001564590-17-000589_acceptance,acceptance
0.0005186927879832,0.0094150515607511,-5,0.0062774211579365,-0.0057587283699533,0001564590-18-000821_acceptance,acceptance
-0.010879573151278,-0.0016163897301626,-4,-0.001746896566243,-0.0091326765850349,0001564590-18-000821_acceptance,acceptance
0.0006549980148866,0.0043852351128388,-3,0.0026187110938584,-0.0019637130789717,0001564590-18-000821_acceptance,acceptance
0.0440982457734964,0.0080667264993476,-2,0.0052966437234332,0.0388016020500631,0001564590-18-000821_acceptance,acceptance
-0.0072691897604725,0.0021743654797181,-1,0.0010105150372367,-0.0082797047977093,0001564590-18-000821_acceptance,acceptance
-0.0130033927463191,-0.0005599757022828,0,-0.0009784564699367,-0.0120249362763824,0001564590-18-000821_acceptance,acceptance
-0.01087224334169,0.0006026209018938,1,-0.0001327787120674,-0.0107394646296225,0001564590-18-000821_acceptance,acceptance
0.003621001924704,0.011841196508761,2,0.0080422094022233,-0.0044212074775192,0001564590-18-000821_acceptance,acceptance
-0.0158491565954896,-0.0067319743328871,3,-0.0054679947541103,-0.0103811618413793,0001564590-18-000821_acceptance,acceptance
-0.0240895406863201,-0.0108988156202839,4,-0.0084989729839306,-0.0155905677023895,0001564590-18-000821_acceptance,acceptance
-0.0128791446213074,0.0004889853730833,5,-0.0002154376832647,-0.0126637069380426,0001564590-18-000821_acceptance,acceptance
0.0096804690315899,0.0107216886229457,-5,0.0031775348652755,0.0065029341663143,0001564590-19-000928_acceptance,acceptance
-0.0112655495565073,0.0022219854881162,-4,-0.0032434757998786,-0.0080220737566287,0001564590-19-000928_acceptance,acceptance
0.002908966108966,0.007591400382211,-3,0.0008127917842611,0.0020961743247049,0001564590-19-000928_acceptance,acceptance
0.081218107930963,0.01318305304897,-2,0.0050369465387927,0.0761811613921703,0001564590-19-000928_acceptance,acceptance
-0.0172139802848304,-0.0141573061645666,-1,-0.0156170381139061,-0.0015969421709242,0001564590-19-000928_acceptance,acceptance
-0.0147863915345619,0.0022029127742235,0,-0.0032578840794827,-0.0115285074550792,0001564590-19-000928_acceptance,acceptance
0.0057723096931263,0.0013757255543636,1,-0.0038827738993442,0.0096550835924706,0001564590-19-000928_acceptance,acceptance
0.0330583866397118,0.0084886940607138,2,0.0014906427854134,0.0315677438542983,0001564590-19-000928_acceptance,acceptance
-0.0168894158325479,-0.0078468274939378,3,-0.010849853871871,-0.0060395619606769,0001564590-19-000928_acceptance,acceptance
-0.005425149418279,-0.0014562465775435,4,-0.0060221572370847,0.0005970078188056,0001564590-19-000928_acceptance,acceptance
0.0227280210407618,0.0155492609197442,5,0.0068244732009834,0.0159035478397784,0001564590-19-000928_acceptance,acceptance
0.0076473472502893,-0.0015145327728022,-5,-0.0028853072271808,0.0105326544774701,0001564590-20-001578_acceptance,acceptance
-0.0303564458117517,0.0018701968845122,-4,0.002384735933904,-0.0327411817456558,0001564590-20-001578_acceptance,acceptance
0.0117397767489595,0.0083665530264682,-3,0.0124995990763418,-0.0007598223273823,0001564590-20-001578_acceptance,acceptance
-0.0105727126928522,0.0038621622485013,-2,0.0054862372372422,-0.0160589499300944,0001564590-20-001578_acceptance,acceptance
-0.0370074855113783,-0.0026519776473655,-1,-0.0046563153103077,-0.0323511702010705,0001564590-20-001578_acceptance,acceptance
-0.007307531041158,0.000289076071118,0,-7.707808762945877e-05,-0.0072304529535285,0001564590-20-001578_acceptance,acceptance
-0.0068157860852788,0.0011409766124783,1,0.0012493358586714,-0.0080651219439503,0001564590-20-001578_acceptance,acceptance
-0.0181167386670699,-0.0090421609742074,2,-0.0146058667809622,-0.0035108718861077,0001564590-20-001578_acceptance,acceptance
-0.0506013307636333,-0.0157307116591823,3,-0.0250199779105609,-0.0255813528530724,0001564590-20-001578_acceptance,acceptance
0.0,0.010053584595046,4,0.0151263167408691,-0.0151263167408691,0001564590-20-001578_acceptance,acceptance
-0.0067727228372381,-0.0008668741908683,5,-0.001876899163316,-0.0048958236739221,0001564590-20-001578_acceptance,acceptance
-0.0027538594232703,0.0139356254219462,-5,0.0174656143518921,-0.0202194737751624,0001564590-21-002477_acceptance,acceptance
-0.0457592889732226,0.0003167233075522,-4,0.0007412585314725,-0.0465005475046952,0001564590-21-002477_acceptance,acceptance
0.0090948290206227,-0.0030106116552376,-3,-0.0033447928538741,0.0124396218744969,0001564590-21-002477_acceptance,acceptance
-0.0274481105701338,0.0036158389430824,-2,0.0047926558701024,-0.0322407664402362,0001564590-21-002477_acceptance,acceptance
-0.0421229302286638,-0.0014888337468982,-1,-0.0014760111411528,-0.040646919087511,0001564590-21-002477_acceptance,acceptance
-0.0408969803058805,-0.025677883699462,0,-0.0311807755169103,-0.0097162047889701,0001564590-21-002477_acceptance,acceptance
0.0380557195447075,0.0097606259756297,1,0.0123386095681178,0.0257171099765897,0001564590-21-002477_acceptance,acceptance
-0.0189927590934105,-0.0193114751731245,2,-0.0233626650261912,0.0043699059327806,0001564590-21-002477_acceptance,acceptance
-0.0022512827200252,0.0160517676144393,3,0.0200642904196532,-0.0223155731396785,0001564590-21-002477_acceptance,acceptance
0.0157940500517439,0.0138982234844169,4,0.0174196838278043,-0.0016256337760604,0001564590-21-002477_acceptance,acceptance
0.0741893715499244,0.0010087690809532,5,0.0015911082228175,0.0725982633271069,0001564590-21-002477_acceptance,acceptance
-0.0117210074544978,-0.0096895418683388,-5,-0.0132346091624333,0.0015136017079354,0001564590-22-002421_acceptance,acceptance
-0.0013476748378268,-0.0110373784941483,-4,-0.0150788137412671,0.0137311389034403,0001564590-22-002421_acceptance,acceptance
-0.0186236059231612,-0.0189148218679086,-3,-0.0258572841146086,0.0072336781914474,0001564590-22-002421_acceptance,acceptance
0.0066009838997689,0.0027717389433818,-2,0.0038157890023339,0.0027851948974349,0001564590-22-002421_acceptance,acceptance
0.0598361856615048,-0.0121719062536467,-1,-0.0166311541724557,0.0764673398339606,0001564590-22-002421_acceptance,acceptance
0.0260374966110965,-0.0014966358477518,0,-0.0020245006761422,0.0280619972872387,0001564590-22-002421_acceptance,acceptance
-0.0236181496382127,-0.0053840887577105,1,-0.0073435863273728,-0.0162745633108398,0001564590-22-002421_acceptance,acceptance
0.0211012463330944,0.0243476468880761,2,0.0333374591084589,-0.0122362127753645,0001564590-22-002421_acceptance,acceptance
-0.0153728946889574,0.0188859517327795,3,0.0258643848346813,-0.0412372795236388,0001564590-22-002421_acceptance,acceptance
0.011517822184031,0.0068630035578014,4,0.0094137441184457,0.0021040780655853,0001564590-22-002421_acceptance,acceptance
-0.0068320893836134,0.0094225154473364,5,0.0129158477531683,-0.0197479371367818,0001564590-22-002421_acceptance,acceptance
-0.0227504688065095,-0.015562598500411,-5,-0.0086636128679219,-0.0140868559385876,0001564590-23-000762_acceptance,acceptance
0.004375907318302,-0.0076383502962943,-4,-0.0019076577872363,0.0062835651055384,0001564590-23-000762_acceptance,acceptance
-0.00052290556579,0.0189184010459815,-3,0.0207337606206504,-0.0212566661864404,0001564590-23-000762_acceptance,acceptance
-0.0259807495149769,0.0118813449836652,-2,0.0147341965695677,-0.0407149460845447,0001564590-23-000762_acceptance,acceptance
-0.006981698148039,-0.0007115031258156,-1,0.0039979457639265,-0.0109796439119655,0001564590-23-000762_acceptance,acceptance
0.0140616452895887,-0.0001817250594663,0,0.0044496172319061,0.0096120280576825,0001564590-23-000762_acceptance,acceptance
0.0216887922637247,0.0110078534691813,1,0.0139894862471238,0.0076993060166009,0001564590-23-000762_acceptance,acceptance
-0.0087001117344116,0.002494840970949,2,0.0067315699681394,-0.0154316817025511,0001564590-23-000762_acceptance,acceptance
-0.0110584303729259,-0.0129687409846833,3,-0.0064521747086715,-0.0046062556642544,0001564590-23-000762_acceptance,acceptance
0.0113595565864439,0.0146424702855101,4,0.0170882417775052,-0.0057286851910613,0001564590-23-000762_acceptance,acceptance
-0.0224640062162128,0.0104523039445902,5,0.013515842875973,-0.0359798490921859,0001564590-23-000762_acceptance,acceptance
-0.0084887508619841,-0.0056168971839904,-5,-0.0039373026405653,-0.0045514482214188,0000950170-24-006884_acceptance,acceptance
0.0139904027007187,0.008805260963896,-4,0.004108684968473,0.0098817177322456,0000950170-24-006884_acceptance,acceptance
0.022240588954502,0.0123135027649361,-3,0.0060659003707196,0.0161746885837824,0000950170-24-006884_acceptance,acceptance
0.0209508295828297,0.002194325202627,-2,0.0004205055244615,0.0205303240583682,0000950170-24-006884_acceptance,acceptance
-0.0051301844692992,0.002921374261968,-1,0.0008261194182099,-0.0059563038875092,0000950170-24-006884_acceptance,acceptance
0.0247917368847754,0.0008119284117831,0,-0.0003507207605265,0.0251424576453019,0000950170-24-006884_acceptance,acceptance
0.0154828168836127,0.0052603655277063,1,0.0021310208448066,0.0133517960388061,0000950170-24-006884_acceptance,acceptance
0.0085762161857985,-0.0006517852510764,2,-0.0011673129704985,0.009743529156297,0000950170-24-006884_acceptance,acceptance
0.0052910376816051,0.0075567748961808,3,0.0034121662278042,0.0018788714538008,0000950170-24-006884_acceptance,acceptance
-0.0723684570587788,-0.0006006499345398,4,-0.0011387850540093,-0.0712296720047694,0000950170-24-006884_acceptance,acceptance
-0.0131713214947524,-0.0161057446115979,5,-0.0097889328591669,-0.0033823886355854,0000950170-24-006884_acceptance,acceptance
0.0005019923102125,0.001146279811244,-5,-0.0018720093271184,0.0023740016373309,0000950170-25-007638_acceptance,acceptance
0.0193128433413043,0.0183127922796391,-4,0.0152068755168702,0.004105967824434,0000950170-25-007638_acceptance,acceptance
0.0110726567309089,-0.0021126894641922,-3,-0.0051143429733816,0.0161869997042906,0000950170-25-007638_acceptance,acceptance
0.0605990013140194,0.0099910589693537,-2,0.0069276210573279,0.0536713802566914,0000950170-25-007638_acceptance,acceptance
0.0036713882205521,0.0087682271055828,-1,0.0057110312215443,-0.0020396430009921,0000950170-25-007638_acceptance,acceptance
-0.0482397098142184,0.0061379415222275,0,0.0030941721089182,-0.0513338819231366,0000950170-25-007638_acceptance,acceptance
0.0096085467725191,0.0053134862204113,1,0.002273925294974,0.007334621477545,0000950170-25-007638_acceptance,acceptance
0.0052343628655746,-0.0028551323193988,2,-0.005852995978799,0.0110873588443736,0000950170-25-007638_acceptance,acceptance
0.0068639438682598,-0.0145807156908095,3,-0.0175187253165201,0.02438266918478,0000950170-25-007638_acceptance,acceptance
-0.0286789758221929,0.0092178694499676,4,0.0061583783361586,-0.0348373541583515,0000950170-25-007638_acceptance,acceptance
-0.0091965971457914,-0.0046788957603215,5,-0.007667449895839,-0.0015291472499524,0000950170-25-007638_acceptance,acceptance
0.0034357251473167,-0.0006423023039563,-5,0.0003890910862901,0.0030466340610265,0001193125-26-021017_acceptance,acceptance
-0.005991890888592,-0.0206267580562774,-4,-0.0148152590559459,0.0088233681673538,0001193125-26-021017_acceptance,acceptance
0.0445641189034271,0.0115877413232745,-3,0.0096938161119713,0.0348703027914557,0001193125-26-021017_acceptance,acceptance
0.0164879823292416,0.0054875021926288,-2,0.0050527003946752,0.0114352819345664,0001193125-26-021017_acceptance,acceptance
-0.0034468260804073,0.0003268698377891,-1,0.0011264457970627,-0.00457327187747,0001193125-26-021017_acceptance,acceptance
0.0111901266808578,0.0050060830312763,0,0.004686432451975,0.0065036942288827,0001193125-26-021017_acceptance,acceptance
0.0193159476749815,0.0040818961771371,1,0.0039833029446552,0.0153326447303263,0001193125-26-021017_acceptance,acceptance
-0.0353336409579673,-8.172305219089626e-05,2,0.0008155847237425,-0.0361492256817098,0001193125-26-021017_acceptance,acceptance
-0.008594223062305,-0.0012926312740076,3,-0.0001056849281706,-0.0084885381341344,0001193125-26-021017_acceptance,acceptance
-0.0014447339834435,-0.0043018996208942,4,-0.0023951628196411,0.0009504288361975,0001193125-26-021017_acceptance,acceptance
-0.0068210635108004,0.0053912661291679,5,0.0049794831490667,-0.0118005466598672,0001193125-26-021017_acceptance,acceptance
0.0003967600890213,0.0049923089198982,-5,0.0066882429645764,-0.006291482875555,0001564590-17-002142_acceptance,acceptance
0.0076650602338765,-0.0008641180363413,-4,-0.0003303341394598,0.0079953943733363,0001564590-17-002142_acceptance,acceptance
0.0024915646270859,0.0016785565287558,-3,0.0027169091061155,-0.0002253444790295,0001564590-17-002142_acceptance,acceptance
0.0083729343210983,0.0060480661608284,-2,0.0079535048134787,0.0004194295076195,0001564590-17-002142_acceptance,acceptance
0.0019459684484648,-0.001082200145408,-1,-0.0005916924913922,0.002537660939857,0001564590-17-002142_acceptance,acceptance
-0.001165646411196,0.0004189867216857,0,0.0012073900982127,-0.0023730365094088,0001564590-17-002142_acceptance,acceptance
0.0012960045054331,0.0014933641914423,1,0.002494967176638,-0.0011989626712049,0001564590-17-002142_acceptance,acceptance
-0.0006472275570896,0.0010179830611165,2,0.0019252513512847,-0.0025724789083744,0001564590-17-002142_acceptance,acceptance
-0.0073841210194683,-0.0025783763780462,3,-0.0023847701355707,-0.0049993508838976,0001564590-17-002142_acceptance,acceptance
0.0199687865268511,0.0136738546598662,4,0.0170925558013077,0.0028762307255434,0001564590-17-002142_acceptance,acceptance
-0.0008960606934137,-0.0058598805035984,5,-0.0063174563783083,0.0054213956848946,0001564590-17-002142_acceptance,acceptance
0.0168351491539253,0.0134024582572458,-5,0.0230188725487107,-0.0061837233947853,0001564590-18-002832_acceptance,acceptance
0.0184063548334771,0.0120691127622993,-4,0.0207987421806143,-0.0023923873471372,0001564590-18-002832_acceptance,acceptance
-0.0009560333608921,0.0003734693722488,-3,0.0013245300104827,-0.0022805633713748,0001564590-18-002832_acceptance,acceptance
0.0078489348983143,-0.0058413894593534,-2,-0.0090237232200319,0.0168726581183463,0001564590-18-002832_acceptance,acceptance
-0.0154808883039442,-0.0054965031281792,-1,-0.0084494589949806,-0.0070314293089635,0001564590-18-002832_acceptance,acceptance
0.0026047136524196,0.0009735510790762,0,0.0023237156122012,0.0002809980402184,0001564590-18-002832_acceptance,acceptance
0.0299240469403008,0.0160283763505131,1,0.0273912430446491,0.0025328038956516,0001564590-18-002832_acceptance,acceptance
0.0241961381145778,0.0117570153438109,2,0.020279074203172,0.0039170639114058,0001564590-18-002832_acceptance,acceptance
-0.011766548161556,-0.0127068884438292,3,-0.0204553460404783,0.0086887978789223,0001564590-18-002832_acceptance,acceptance
9.21517541541128e-05,-0.011095788639207,4,-0.0177727318074587,0.0178648835616128,0001564590-18-002832_acceptance,acceptance
-0.0167973425669081,-0.0133243995419872,5,-0.0214835530182296,0.0046862104513214,0001564590-18-002832_acceptance,acceptance
-0.0016802863261891,-0.0026516415551012,-5,-0.0031859062559617,0.0015056199297726,0001564590-19-003839_acceptance,acceptance
0.0056089474858813,0.0108787526085869,-4,0.014321562995438,-0.0087126155095567,0001564590-19-003839_acceptance,acceptance
-0.0026958950264102,0.0014987433214488,-3,0.0021844277290363,-0.0048803227554465,0001564590-19-003839_acceptance,acceptance
0.0061519528412437,0.0017771107537685,-2,0.0025446174768714,0.0036073353643722,0001564590-19-003839_acceptance,acceptance
-0.0120432659324937,-0.0035264367908802,-1,-0.0043178356370565,-0.0077254302954371,0001564590-19-003839_acceptance,acceptance
0.0062826627569845,0.0064111023949868,0,0.0085407078485476,-0.0022580450915631,0001564590-19-003839_acceptance,acceptance
0.0082003970105015,0.0012318625699112,1,0.0018391010153568,0.0063612959951446,0001564590-19-003839_acceptance,acceptance
-0.0085033991461358,-0.0007904570968998,2,-0.0007776519746051,-0.0077257471715306,0001564590-19-003839_acceptance,acceptance
-0.0145427226896818,-0.0005440493877303,3,-0.000458816075266,-0.0140839066144158,0001564590-19-003839_acceptance,acceptance
0.0006620451438028,-0.0028255083152146,4,-0.0034108787822386,0.0040729239260414,0001564590-19-003839_acceptance,acceptance
0.0092646306000223,0.0068953205934343,5,0.0091672553916368,9.73752083855365e-05,0001564590-19-003839_acceptance,acceptance
0.0131600449224469,0.0064626464661976,-5,0.0078402814151874,0.0053197635072595,0000097476-20-000009_acceptance,acceptance
0.002945209062636,-0.0016304457368023,-4,-0.0031886291646947,0.0061338382273308,0000097476-20-000009_acceptance,acceptance
-0.0045176262430525,0.0018435333204338,-3,0.0015455569062904,-0.0060631831493429,0000097476-20-000009_acceptance,acceptance
-0.0073369049401512,-0.0029199426368901,-2,-0.0049458989013265,-0.0023910060388247,0000097476-20-000009_acceptance,acceptance
0.0144009336930317,0.0047057858811645,-1,0.0054461089768125,0.0089548247162192,0000097476-20-000009_acceptance,acceptance
-0.0124688164602408,-0.0038155197636281,0,-0.0061663520730475,-0.0063024643871933,0000097476-20-000009_acceptance,acceptance
-0.0224385967192866,-0.0105181030271228,1,-0.0153003381457498,-0.0071382585735367,0000097476-20-000009_acceptance,acceptance
-0.0550889027317927,-0.0335136266712231,2,-0.0466376277313467,-0.008451275000446,0000097476-20-000009_acceptance,acceptance
-0.0251974940451322,-0.0302799955650561,3,-0.0422309772912316,0.0170334832460994,0000097476-20-000009_acceptance,acceptance
0.0034633547254667,-0.003778540605322,4,-0.0061159585003502,0.009579313225817,0000097476-20-000009_acceptance,acceptance
-0.0476470484598715,-0.0441632425840791,5,-0.0611504565323629,0.0135034080724913,0000097476-20-000009_acceptance,acceptance
0.040859473276239,0.0160517676144393,-5,0.0190020672534204,0.0218574060228185,0000097476-21-000006_acceptance,acceptance
0.0132783338619364,0.0138982234844169,-4,0.0165727828328709,-0.0032944489709344,0000097476-21-000006_acceptance,acceptance
-0.0353074937965967,0.0010087690809532,-3,0.0020329596942606,-0.0373404534908573,0000097476-21-000006_acceptance,acceptance
0.0202872366147968,0.0108533222304207,-2,0.0131380117151935,0.0071492248996032,0000097476-21-000006_acceptance,acceptance
-0.0120351892604564,0.0038974951646253,-1,0.005291558936537,-0.0173267481969934,0000097476-21-000006_acceptance,acceptance
0.0305421617364289,0.0073993483603735,0,0.0092417902287067,0.0213003715077222,0000097476-21-000006_acceptance,acceptance
-0.0081659223660294,-0.0011135249921484,1,-0.0003610734048228,-0.0078048489612065,0000097476-21-000006_acceptance,acceptance
0.0038573877982708,-0.0003451849323593,2,0.0005056450946538,0.003351742703617,0000097476-21-000006_acceptance,acceptance
0.0278736380123831,0.0016624551635393,3,0.002770343894667,0.0251032941177161,0000097476-21-000006_acceptance,acceptance
0.0023434948255551,0.0047110331133788,4,0.0062092624731773,-0.0038657676476222,0000097476-21-000006_acceptance,acceptance
0.0062345765873066,-0.0005692724183511,5,0.0002528653949156,0.005981711192391,0000097476-21-000006_acceptance,acceptance
0.0209032287470547,0.0243476468880761,-5,0.0275075089363591,-0.0066042801893044,0000097476-22-000009_acceptance,acceptance
0.012408874469852,0.0188859517327795,-4,0.0212103917888751,-0.008801517319023,0000097476-22-000009_acceptance,acceptance
0.0100283374005527,0.0068630035578014,-3,0.0073484110368837,0.0026799263636689,0000097476-22-000009_acceptance,acceptance
0.0361299854128098,0.0094225154473364,-2,0.0102994263811124,0.0258305590316973,0000097476-22-000009_acceptance,acceptance
-0.0652151654493302,-0.024391082077444,-1,-0.0286863058388423,-0.0365288596104879,0000097476-22-000009_acceptance,acceptance
-0.023748190687008,0.0051569298644233,0,0.0053813759673735,-0.0291295666543816,0000097476-22-000009_acceptance,acceptance
-0.0085756774753814,-0.0037017126347429,1,-0.0048322862746197,-0.0037433912007616,0000097476-22-000009_acceptance,acceptance
0.015769703780049,0.0084012071916632,2,0.0091218986087267,0.0066478051713223,0000097476-22-000009_acceptance,acceptance
0.0236341220792308,0.0145172078875055,3,0.0161734040041649,0.0074607180750659,0000097476-22-000009_acceptance,acceptance
-0.0342371002342478,-0.0181157256684597,4,-0.0214510696482493,-0.0127860305859985,0000097476-22-000009_acceptance,acceptance
-0.0366813433402826,-0.0189694543445634,5,-0.0224353848347858,-0.0142459585054967,0000097476-22-000009_acceptance,acceptance
0.0065478616015504,0.002494840970949,-5,0.0033363796004901,0.0032114820010602,0000097476-23-000007_acceptance,acceptance
-0.0049999408497581,-0.0129687409846833,-4,-0.0146328518740028,0.0096329110242446,0000097476-23-000007_acceptance,acceptance
0.0235660513593054,0.0146424702855101,-3,0.017452356328649,0.0061136950306564,0000097476-23-000007_acceptance,acceptance
0.0275945651203173,0.0104523039445902,-2,0.0125832342123987,0.0150113309079185,0000097476-23-000007_acceptance,acceptance
0.0143875559991435,0.0146993732443099,-1,0.0175184795878777,-0.0031309235887342,0000097476-23-000007_acceptance,acceptance
-0.0131549994926051,-0.0103546106913104,0,-0.0115951396233175,-0.0015598598692875,0000097476-23-000007_acceptance,acceptance
-0.0070766921950352,-0.0061404630177543,1,-0.0066981503467648,-0.0003785418482704,0000097476-23-000007_acceptance,acceptance
0.0137570353560843,0.0128725105980265,2,0.0153956003056158,-0.0016385649495315,0000097476-23-000007_acceptance,acceptance
-0.0380948107351214,-0.0110807244761647,3,-0.0124389096317348,-0.0256559011033866,0000097476-23-000007_acceptance,acceptance
-0.0085551005487676,-0.0088297961777351,4,-0.0098232509995357,0.0012681504507681,0000097476-23-000007_acceptance,acceptance
0.0045715139711128,0.0021952617756952,5,0.0029882579350246,0.0015832560360882,0000097476-23-000007_acceptance,acceptance
-0.0198900989786244,-0.0006517852510764,-5,-0.0014430143988966,-0.0184470845797278,0000097476-24-000007_acceptance,acceptance
0.0118836431926994,0.0075567748961808,-4,0.0087583266615895,0.0031253165311098,0000097476-24-000007_acceptance,acceptance
-0.0163284556111137,-0.0006006499345398,-3,-0.001379465031545,-0.0149489905795686,0000097476-24-000007_acceptance,acceptance
-0.0119101766694699,-0.0161057446115979,-2,-0.020648710324052,0.0087385336545821,0000097476-24-000007_acceptance,acceptance
-0.0026852671500344,0.0124936882116097,-1,0.014893767666255,-0.0175790348162895,0000097476-24-000007_acceptance,acceptance
-0.0030685849254958,0.0106844460775146,0,0.012645298295281,-0.0157138832207768,0000097476-24-000007_acceptance,acceptance
-0.0018844809966012,-0.0031863375266721,1,-0.0045928764618093,0.0027083954652081,0000097476-24-000007_acceptance,acceptance
-0.0033353674870904,0.0023104108269635,2,0.0022383099671333,-0.0055736774542237,0000097476-24-000007_acceptance,acceptance
0.0025255345498038,0.00824145796339,3,0.0096092293000107,-0.0070836947502069,0000097476-24-000007_acceptance,acceptance
0.0090699674673835,0.0005705832608251,4,7.610684378241898e-05,0.0089938606236011,0000097476-24-000007_acceptance,acceptance
0.0136694852097909,0.0057423415255595,5,0.0065034057847022,0.0071660794250887,0000097476-24-000007_acceptance,acceptance
-0.0178960769843303,-0.0094647701115428,-5,-0.014046532901749,-0.0038495440825812,0000097476-25-000007_acceptance,acceptance
0.0017221441374746,0.0067125410858628,-4,0.0072673071807285,-0.0055451630432539,0000097476-25-000007_acceptance,acceptance
-0.0058787713738228,0.0003395827888592,-3,-0.00112915699908,-0.0047496143747428,0000097476-25-000007_acceptance,acceptance
0.0041283860004095,-0.0027238667143857,-2,-0.0051652957625712,0.0092936817629807,0000097476-25-000007_acceptance,acceptance
0.004500228421622,0.0104262921222306,-1,0.0121602275634416,-0.0076599991418196,0000097476-25-000007_acceptance,acceptance
0.0123341248077493,-7.194380749464546e-05,0,-0.0016713492062609,0.0140054740140102,0000097476-25-000007_acceptance,acceptance
0.0187400571512621,0.0024449877750611,1,0.0016447443394783,0.0170953128117838,0000097476-25-000007_acceptance,acceptance
0.0528800536387183,0.0023769693899173,2,0.0015551291391565,0.0513249244995618,0000097476-25-000007_acceptance,acceptance
0.038915927056724,-0.0043341850761716,3,-0.0072869133556411,0.0462028404123652,0000097476-25-000007_acceptance,acceptance
-0.0096097299509798,-0.0170641267025635,4,-0.0240587944657542,0.0144490645147744,0000097476-25-000007_acceptance,acceptance
-0.0062375242233853,-0.0049691065044024,5,-0.0081234314655491,0.0018859072421638,0000097476-25-000007_acceptance,acceptance
-0.0091932130755854,-0.0043018996208942,-5,-0.0055007430024637,-0.0036924700731216,0000097476-26-000059_acceptance,acceptance
0.0438876412079689,0.0053912661291679,-4,0.0051611600834106,0.0387264811245582,0000097476-26-000059_acceptance,acceptance
0.0008889516720902,-0.0084039830206983,-3,-0.0100127896120665,0.0109017412841568,0000097476-26-000059_acceptance,acceptance
-0.0101682792098122,-0.0050723919062231,-2,-0.0063482384736454,-0.0038200407361668,0000097476-26-000059_acceptance,acceptance
0.0047550763975821,-0.0122510155676747,-1,-0.014244295524756,0.0189993719223381,0000097476-26-000059_acceptance,acceptance
-0.011340349364549,0.0196957966973359,0,0.0208952889056437,-0.0322356382701927,0000097476-26-000059_acceptance,acceptance
-0.012057394951402,0.0046910867168872,1,0.0043910045708616,-0.0164483995222636,0000097476-26-000059_acceptance,acceptance
0.0098276048913181,-0.0033037129754581,2,-0.0044027973416062,0.0142304022329244,0000097476-26-000059_acceptance,acceptance
0.0255296654444525,-4.895607156218951e-05,3,-0.0008227592434032,0.0263524246878557,0000097476-26-000059_acceptance,acceptance
-0.015713328021327,-0.0156610121277019,4,-0.0179950879679723,0.0022817599466452,0000097476-26-000059_acceptance,acceptance
0.0141703883489776,0.0004990891480125,5,-0.0002199422516742,0.0143903306006519,0000097476-26-000059_acceptance,acceptance
-0.0119847007857474,0.0005703094032936,-5,0.0016161105496415,-0.013600811335389,0000731766-17-000009_acceptance,acceptance
0.0069046390396978,0.0072647580986477,-4,0.0080599683069413,-0.0011553292672434,0000731766-17-000009_acceptance,acceptance
-0.0084019848105938,-0.0021153569858851,-3,-0.0009690242363548,-0.0074329605742389,0000731766-17-000009_acceptance,acceptance
0.0001249312011593,0.0002268291856959,-2,0.0012854877059439,-0.0011605565047846,0000731766-17-000009_acceptance,acceptance
-0.001370716608451,0.00069332238554,-1,0.0017345188302887,-0.0031052354387397,0000731766-17-000009_acceptance,acceptance
0.0008111061178319,0.0057525464497805,0,0.006604362743634,-0.0057932566258021,0000731766-17-000009_acceptance,acceptance
0.0019320749278506,0.0035660501028451,1,0.0044997127436595,-0.0025676378158088,0000731766-17-000009_acceptance,acceptance
0.0077141785988417,0.0052458450979924,2,0.0061166285649227,0.001597550033919,0000731766-17-000009_acceptance,acceptance
0.0070370635525589,0.0040073351766347,3,0.0049244793488458,0.0021125842037131,0000731766-17-000009_acceptance,acceptance
0.0071112542236793,0.0049923089198982,4,0.0058725829172053,0.0012386713064739,0000731766-17-000009_acceptance,acceptance
-0.0038955434873233,-0.0008641180363413,5,0.0002353775266833,-0.0041309210140066,0000731766-17-000009_acceptance,acceptance
0.0028424182545578,-0.0050015884169394,-5,-0.0060687834859032,0.0089112017404611,0000731766-18-000005_acceptance,acceptance
-0.0414492522992384,-0.037536419758088,-4,-0.048227764438377,0.0067785121391385,0000731766-18-000005_acceptance,acceptance
0.0207891568991711,0.0149360902084947,-3,0.0197666728160671,0.001022484083104,0000731766-18-000005_acceptance,acceptance
0.0214064926125723,0.0139145847540425,-2,0.0184429951690085,0.0029634974435637,0000731766-18-000005_acceptance,acceptance
0.0042093279893042,0.002612929746329,-1,0.003798190245769,0.0004111377435351,0000731766-18-000005_acceptance,acceptance
0.0094424860762949,0.0134024582572458,0,0.0177793762002389,-0.0083368901239439,0000731766-18-000005_acceptance,acceptance
-0.012064267727365,0.0120691127622993,1,0.0160516129075668,-0.0281158806349318,0000731766-18-000005_acceptance,acceptance
0.0148217774896961,0.0003734693722488,2,0.0008962736424621,0.013925503847234,0000731766-18-000005_acceptance,acceptance
-0.0118150375069113,-0.0058413894593534,3,-0.0071570066206646,-0.0046580308862467,0000731766-18-000005_acceptance,acceptance
-0.0067498900831388,-0.0054965031281792,4,-0.0067100992396404,-3.9790843498459065e-05,0000731766-18-000005_acceptance,acceptance
0.0087056593502197,0.0009735510790762,5,0.0016738659091252,0.0070317934410944,0000731766-18-000005_acceptance,acceptance
0.0119782407992876,-0.0022244379802809,-5,-0.0014305708538133,0.013408811653101,0000731766-19-000005_acceptance,acceptance
-0.0018550416698042,-0.0093571401439401,-4,-0.0085652679257649,0.0067102262559607,0000731766-19-000005_acceptance,acceptance
-0.0263940501877724,0.000676201086956,-3,0.0014708794780461,-0.0278649296658185,0000731766-19-000005_acceptance,acceptance
-0.0181748610804159,0.0007091030986317,-2,0.0015037906919139,-0.0196786517723299,0000731766-19-000005_acceptance,acceptance
0.0247334450364984,0.0128902247439735,-1,0.0136883192116803,0.011045125824818,0000731766-19-000005_acceptance,acceptance
0.0011387662425341,0.0030239946687606,0,0.0038193297020008,-0.0026805634594667,0000731766-19-000005_acceptance,acceptance
0.0057993422168869,-0.0026516415551012,1,-0.0018578939109749,0.0076572361278618,0000731766-19-000005_acceptance,acceptance
0.0218598997120895,0.0108787526085869,2,0.0116762844981361,0.0101836152139534,0000731766-19-000005_acceptance,acceptance
-0.0026557151454603,0.0014987433214488,3,0.0022936517650893,-0.0049493669105497,0000731766-19-000005_acceptance,acceptance
-0.0033279026611541,0.0017771107537685,4,0.0025720970525453,-0.0058999997136994,0000731766-19-000005_acceptance,acceptance
-0.0115397395243604,-0.0035264367908802,5,-0.002732933813674,-0.0088068057106864,0000731766-19-000005_acceptance,acceptance
-0.0075724980076901,0.0073263978048905,-5,0.0071362852731152,-0.0147087832808053,0000731766-20-000006_acceptance,acceptance
0.0131000602313302,0.0016884725532351,-4,0.002844856363059,0.0102552038682712,0000731766-20-000006_acceptance,acceptance
0.0436396093967874,0.0064626464661976,-3,0.0064788222347611,0.0371607871620262,0000731766-20-000006_acceptance,acceptance
-0.004217839454768,-0.0016304457368023,-2,0.0003185898263043,-0.0045364292810724,0000731766-20-000006_acceptance,acceptance
-0.0113173203743337,0.0018435333204338,-1,0.0029628842242792,-0.0142802045986129,0000731766-20-000006_acceptance,acceptance
0.0112462011665108,-0.0029199426368901,0,-0.000662938666795,0.0119091398333058,0000731766-20-000006_acceptance,acceptance
0.0104914077000901,0.0047057858811645,1,0.0051415497508211,0.0053498579492689,0000731766-20-000006_acceptance,acceptance
-0.0104154161377912,-0.0038155197636281,2,-0.0013446265929944,-0.0090707895447968,0000731766-20-000006_acceptance,acceptance
-0.0023166716987116,-0.0105181030271228,3,-0.006446443006856,0.0041297713081443,0000731766-20-000006_acceptance,acceptance
-0.0784264087404303,-0.0335136266712231,4,-0.023949983859796,-0.0544764248806343,0000731766-20-000006_acceptance,acceptance
-0.0518375194943089,-0.0302799955650561,5,-0.0214886355101726,-0.0303488839841362,0000731766-20-000006_acceptance,acceptance
0.0057073277702757,0.0012563181187927,-5,0.001133505122699,0.0045738226475766,0000731766-21-000013_acceptance,acceptance
0.0081940488144762,0.011351613765979,-4,0.0108496491143785,-0.0026556002999023,0000731766-21-000013_acceptance,acceptance
-0.0100537951163333,-0.0244788075251262,-3,-0.0236350796854115,0.0135812845690781,0000731766-21-000013_acceptance,acceptance
0.0101864945403939,-0.0047502141699028,-2,-0.0046474382639273,0.0148339328043213,0000731766-21-000013_acceptance,acceptance
0.0073140686569983,0.0237907635068002,-1,0.022821618459285,-0.0155075498022867,0000731766-21-000013_acceptance,acceptance
-2.966210922816792e-05,-0.0080808516908706,0,-0.0078529861615596,0.0078233240523314,0000731766-21-000013_acceptance,acceptance
-0.0052891934602996,-0.0130662218719981,1,-0.0126511194926186,0.007361926032319,0000731766-21-000013_acceptance,acceptance
0.0028236364274456,-0.0134172139301002,2,-0.0129889292503156,0.0158125656777613,0000731766-21-000013_acceptance,acceptance
0.0398130590054006,0.0194959681977822,3,0.0186881238994858,0.0211249351059147,0000731766-21-000013_acceptance,acceptance
0.0088448109592857,-0.0053592310301612,4,-0.0052335821188901,0.0140783930781759,0000731766-21-000013_acceptance,acceptance
0.0051691657733365,0.0141546423038221,5,0.0135474035772764,-0.0083782378039398,0000731766-21-000013_acceptance,acceptance
0.0095052699349962,0.0145172078875055,-5,0.0139137583454104,-0.0044084884104142,0000731766-22-000008_acceptance,acceptance
-0.0228468178785269,-0.0181157256684597,-4,-0.0150876536613165,-0.0077591642172104,0000731766-22-000008_acceptance,acceptance
-0.0176488096480013,-0.0189694543445634,-3,-0.0158463760432678,-0.0018024336047334,0000731766-22-000008_acceptance,acceptance
-0.0078012151116056,-0.0038405967262932,-2,-0.0024011173684356,-0.00540009774317,0000731766-22-000008_acceptance,acceptance
0.0080733145760065,0.0157667211707204,-1,0.0150242208624331,-0.0069509062864266,0000731766-22-000008_acceptance,acceptance
0.0038058026933867,0.000881207755895,0,0.0017952260883456,0.002010576605041,0000731766-22-000008_acceptance,acceptance
-0.0202271550397372,-0.021173138152195,1,-0.0178048252255355,-0.0024223298142017,0000731766-22-000008_acceptance,acceptance
-0.00537916387372,-0.0071661613961429,2,-0.0053566000859155,-2.256378780452449e-05,0000731766-22-000008_acceptance,acceptance
-0.0113290958651554,-0.0101429452648328,3,-0.0080021157053678,-0.0033269801597875,0000731766-22-000008_acceptance,acceptance
-0.0062485633883281,-0.0184121228454876,4,-0.0153510665915048,0.0091025032031766,0000731766-22-000008_acceptance,acceptance
-0.0081153151753937,0.0149568560673292,5,0.0143044807418265,-0.0224197959172203,0000731766-22-000008_acceptance,acceptance
0.0240690199464408,-0.0027674058253277,-5,-0.0020625108797829,0.0261315308262238,0000731766-23-000008_acceptance,acceptance
-0.0155687350327858,-0.0200412342553273,-4,-0.0102213238580444,-0.0053474111747414,0000731766-23-000008_acceptance,acceptance
-0.0049255414412117,-0.0015735561458868,-3,-0.0014986291497896,-0.003426912291422,0000731766-23-000008_acceptance,acceptance
0.0057271113574874,0.0053294294160743,-2,0.0017618043099909,0.0039653070474965,0000731766-23-000008_acceptance,acceptance
-0.0149687929510199,-0.0105375514855581,-1,-0.005732523321586,-0.0092362696294339,0000731766-23-000008_acceptance,acceptance
-0.0020854101855359,0.0030730045671669,0,0.0006960447178807,-0.0027814549034167,0000731766-23-000008_acceptance,acceptance
-0.0152693059206674,-0.0030360018281855,1,-0.0021893747399229,-0.0130799311807444,0000731766-23-000008_acceptance,acceptance
-0.0015126107070929,-0.00472526484568,2,-0.0029872511971705,0.0014746404900776,0000731766-23-000008_acceptance,acceptance
0.0052185574442888,0.0075821940867943,3,0.0028258351186169,0.0023927223256719,0000731766-23-000008_acceptance,acceptance
0.0018002695862415,0.0161477371607488,4,0.0068715314320218,-0.0050712618457802,0000731766-23-000008_acceptance,acceptance
0.0046389042706151,0.0006871667698291,5,-0.0004308394852261,0.0050697437558413,0000731766-23-000008_acceptance,acceptance
0.0086787435931179,0.021122884217414,-5,-0.0019668296382059,0.0106455732313238,0000731766-24-000081_acceptance,acceptance
0.0014053877894089,0.0003479475462115,-4,0.0009031812515771,0.0005022065378317,0000731766-24-000081_acceptance,acceptance
-0.0036416195268057,-0.0037867513501905,-3,0.0014743806273661,-0.0051160001541719,0000731766-24-000081_acceptance,acceptance
-0.0226528064918214,0.0017063496993998,-2,0.0007155210418707,-0.0233683275336921,0000731766-24-000081_acceptance,acceptance
-0.02948851282334,-0.0016581550604305,-1,0.0011803198257257,-0.0306688326490658,0000731766-24-000081_acceptance,acceptance
-0.0093922968658414,0.0052290946971491,0,0.0002288617241803,-0.0096211585900217,0000731766-24-000081_acceptance,acceptance
-0.0082455922791809,0.0080078289488876,1,-0.0001550141782361,-0.0080905781009448,0000731766-24-000081_acceptance,acceptance
-0.0156476262305493,-0.0011932620709189,2,0.0011160959022742,-0.0167637221328235,0000731766-24-000081_acceptance,acceptance
-0.0180961581075421,-0.0101931008834446,3,0.0023594034418849,-0.020455561549427,0000731766-24-000081_acceptance,acceptance
-0.0011623994245909,0.0051411032032746,4,0.0002410175516384,-0.0014034169762293,0000731766-24-000081_acceptance,acceptance
0.0130766901852148,0.0103041279259514,5,-0.0004722427298642,0.013548932915079,0000731766-24-000081_acceptance,acceptance
-0.0716531738961666,-0.0170641267025635,-5,-0.0076179467228569,-0.0640352271733096,0000731766-25-000063_acceptance,acceptance
-0.0105056922354764,-0.0049691065044024,-4,-0.0030005450428359,-0.0075051471926405,0000731766-25-000063_acceptance,acceptance
0.019197565196964,-0.0046797309154723,-3,-0.0028900728560523,0.0220876380530163,0000731766-25-000063_acceptance,acceptance
-0.0144351974282953,0.0001360242800469,-2,-0.0010516074573966,-0.0133835899708987,0000731766-25-000063_acceptance,acceptance
0.0107206675962987,-0.0158645536555098,-1,-0.0071599970450535,0.0178806646413523,0000731766-25-000063_acceptance,acceptance
0.013658900624109,0.0158541446349889,0,0.0049489509662028,0.0087099496579061,0000731766-25-000063_acceptance,acceptance
-0.0166540505212005,-0.0175967394669998,1,-0.0078212772698934,-0.008832773251307,0000731766-25-000063_acceptance,acceptance
0.0161867303562519,-0.0122348266022004,2,-0.0057743104137475,0.0219610407699994,0000731766-25-000063_acceptance,acceptance
0.002886664764395,0.0111592778931879,3,0.0031566360112958,-0.0002699712469008,0000731766-25-000063_acceptance,acceptance
0.0246648941201816,-0.0178190070857499,4,-0.007906130280423,0.0325710244006047,0000731766-25-000063_acceptance,acceptance
0.0118099952958776,0.005520617802748,5,0.0010040179794034,0.0108059773164742,0000731766-25-000063_acceptance,acceptance
-0.0264138458573304,-0.0103856522472848,-5,-0.0077335480948854,-0.0186802977624449,0000731766-26-000062_acceptance,acceptance
-0.0297157946008899,0.0076516140863223,-4,0.0041642739092754,-0.0338800685101653,0000731766-26-000062_acceptance,acceptance
0.0374154455054127,0.0081363556573399,-3,0.0044840213046576,0.0329314242007551,0000731766-26-000062_acceptance,acceptance
0.0086558271173575,-0.0053655805693283,-2,-0.0044221860421352,0.0130780131594928,0000731766-26-000062_acceptance,acceptance
0.0230586592785273,-0.0043393528110311,-1,-0.0037452611147032,0.0268039203932305,0000731766-26-000062_acceptance,acceptance
0.0056603891715198,0.0003983547353176,0,-0.0006201533488328,0.0062805425203527,0000731766-26-000062_acceptance,acceptance
-0.019394426319667,-0.0094440310956254,1,-0.007112431754383,-0.0122819945652839,0000731766-26-000062_acceptance,acceptance
0.0095085611376786,0.0077560492642863,2,0.0042331619067916,0.0052753992308869,0000731766-26-000062_acceptance,acceptance
-0.0109260144180071,-0.005646704863891,3,-0.0046076225021779,-0.0063183919158291,0000731766-26-000062_acceptance,acceptance
-0.0079301982193911,-0.0132767958125692,4,-0.0096406170981377,0.0017104188787466,0000731766-26-000062_acceptance,acceptance
0.0031660843439655,0.0083041615131052,5,0.0045947101510839,-0.0014286258071183,0000731766-26-000062_acceptance,acceptance
-0.0109889102177408,-0.0060095435176958,-5,-0.0057556164517028,-0.005233293766038,0000100885-17-000056_acceptance,acceptance
-0.0131479781276985,-0.000889905407144,-4,-0.0001082805083817,-0.0130396976193167,0000100885-17-000056_acceptance,acceptance
0.0105087225818849,0.0002983634896507,-3,0.0012024671472716,0.0093062554346133,0000100885-17-000056_acceptance,acceptance
-0.0037144232530298,0.0005703094032936,-2,0.0015024434150452,-0.005216866668075,0000100885-17-000056_acceptance,acceptance
0.011276907941643,0.0072647580986477,-1,0.0088869108171595,0.0023899971244834,0000100885-17-000056_acceptance,acceptance
-0.0075567452383137,-0.0021153569858851,0,-0.0014600433865353,-0.0060967018517784,0000100885-17-000056_acceptance,acceptance
-0.0003714242303342,0.0002268291856959,1,0.0011235595688098,-0.001494983799144,0000100885-17-000056_acceptance,acceptance
-0.0028796512194244,0.00069332238554,2,0.00163813574742,-0.0045177869668444,0000100885-17-000056_acceptance,acceptance
0.0007451825842548,0.0057525464497805,3,0.0072188305712227,-0.0064736479869679,0000100885-17-000056_acceptance,acceptance
0.0041891574221406,0.0035660501028451,4,0.0048069648995967,-0.000617807477456,0000100885-17-000056_acceptance,acceptance
0.0041718567468678,0.0052458450979924,5,0.0066599018550338,-0.002488045108166,0000100885-17-000056_acceptance,acceptance
-0.0228132210735818,-0.021208547923968,-5,-0.0212340047524052,-0.0015792163211765,0000100885-18-000048_acceptance,acceptance
-0.0403522894279257,-0.0409792248042282,-4,-0.0427316231193767,0.0023793336914509,0000100885-18-000048_acceptance,acceptance
0.0564684769456658,0.0174409205923138,-3,0.0207914417854866,0.0356770351601792,0000100885-18-000048_acceptance,acceptance
-0.0166983052618702,-0.0050015884169394,-2,-0.0036113895793795,-0.0130869156824907,0000100885-18-000048_acceptance,acceptance
-0.0317929231784415,-0.037536419758088,-1,-0.0389880937783201,0.0071951705998785,0000100885-18-000048_acceptance,acceptance
0.0193814484538281,0.0149360902084947,0,0.0180678179059672,0.0013136305478609,0000100885-18-000048_acceptance,acceptance
0.0106852334613001,0.0139145847540425,1,0.016957085352267,-0.0062718518909668,0000100885-18-000048_acceptance,acceptance
-0.0026431742731037,0.002612929746329,2,0.0046682462931665,-0.0073114205662703,0000100885-18-000048_acceptance,acceptance
0.038113745637653,0.0134024582572458,3,0.01640022530896,0.0217135203286929,0000100885-18-000048_acceptance,acceptance
0.0052559525753563,0.0120691127622993,4,0.0149504139152845,-0.0096944613399281,0000100885-18-000048_acceptance,acceptance
0.0028381418955063,0.0003734693722488,5,0.002233172129469,0.0006049697660373,0000100885-18-000048_acceptance,acceptance
0.0037717290322727,0.0008986100931438,-5,0.0025376933258345,0.0012340357064381,0000100885-19-000060_acceptance,acceptance
0.0091438143056314,0.006776236617404,-4,0.0093016394074576,-0.0001578251018261,0000100885-19-000060_acceptance,acceptance
0.0010551197048402,0.0047084203769747,-3,0.0069220058088888,-0.0058668861040486,0000100885-19-000060_acceptance,acceptance
-0.0034715303003916,-0.0022244379802809,-2,-0.0010562963044645,-0.002415233995927,0000100885-19-000060_acceptance,acceptance
0.0051633748332853,-0.0093571401439401,-1,-0.0092645777684419,0.0144279526017273,0000100885-19-000060_acceptance,acceptance
0.0009285381625379,0.000676201086956,0,0.0022817460451232,-0.0013532078825853,0000100885-19-000060_acceptance,acceptance
0.0162625296204488,0.0007091030986317,1,0.0023196095316908,0.0139429200887579,0000100885-19-000060_acceptance,acceptance
0.0164281113020885,0.0128902247439735,2,0.0163375893544483,9.052194764021942e-05,0000100885-19-000060_acceptance,acceptance
0.0109549502413408,0.0030239946687606,3,0.0049835763047629,0.0059713739365779,0000100885-19-000060_acceptance,acceptance
0.0044408746837261,-0.0026516415551012,4,-0.0015479202506329,0.005988794934359,0000100885-19-000060_acceptance,acceptance
0.0035961100505219,0.0108787526085869,5,0.0140227962977128,-0.0104266862471908,0000100885-19-000060_acceptance,acceptance
-0.019937719936502,-0.0177058203755262,-5,-0.0289854415083991,0.0090477215718971,0000100885-20-000065_acceptance,acceptance
0.0048489682677985,0.0072546138923517,-4,0.0104204731246587,-0.0055715048568601,0000100885-20-000065_acceptance,acceptance
0.0163627507432728,0.0149804141640821,-3,0.0226174654811441,-0.0062547147378713,0000100885-20-000065_acceptance,acceptance
0.0100957166134694,0.0112505958978537,-2,0.0167290703266991,-0.0066333537132296,0000100885-20-000065_acceptance,acceptance
0.005511013183431,0.0033256728767856,-1,0.004217715889102,0.0012932972943289,0000100885-20-000065_acceptance,acceptance
-0.0122509334972685,-0.0054008536727301,0,-0.0095591582054273,-0.0026917752918412,0000100885-20-000065_acceptance,acceptance
0.0045692998607484,0.0073263978048905,1,0.0105338009097114,-0.0059645010489629,0000100885-20-000065_acceptance,acceptance
-0.0074183234178979,0.0016884725532351,2,0.0016330102107208,-0.0090513336286187,0000100885-20-000065_acceptance,acceptance
0.0085105290309028,0.0064626464661976,3,0.0091701663210086,-0.0006596372901057,0000100885-20-000065_acceptance,acceptance
-0.0011900648299613,-0.0016304457368023,4,-0.0036066827131968,0.0024166178832355,0000100885-20-000065_acceptance,acceptance
-0.003466157835578,0.0018435333204338,5,0.0018778100923892,-0.0053439679279672,0000100885-20-000065_acceptance,acceptance
0.0057227128032659,0.0160517676144393,-5,0.0141951527745362,-0.0084724399712702,0000100885-21-000068_acceptance,acceptance
0.0369078579736679,0.0138982234844169,-4,0.0123445982861207,0.0245632596875472,0000100885-21-000068_acceptance,acceptance
-0.0076238214808976,0.0010087690809532,-3,0.0012686062193558,-0.0088924277002535,0000100885-21-000068_acceptance,acceptance
0.0004404760532259,0.0108533222304207,-2,0.0097280948192027,-0.0092876187659768,0000100885-21-000068_acceptance,acceptance
-0.0012227234380915,0.0038974951646253,-1,0.0037509073458651,-0.0049736307839567,0000100885-21-000068_acceptance,acceptance
-0.0003918692766851,0.0073993483603735,0,0.0067600725906454,-0.0071519418673305,0000100885-21-000068_acceptance,acceptance
0.0025964833364806,-0.0011135249921484,1,-0.00055509489174,0.0031515782282206,0000100885-21-000068_acceptance,acceptance
-0.0056192853541519,-0.0003451849323593,2,0.0001051447227866,-0.0057244300769385,0000100885-21-000068_acceptance,acceptance
0.0183291680454242,0.0016624551635393,3,0.0018303229249855,0.0164988451204387,0000100885-21-000068_acceptance,acceptance
0.0286157140690757,0.0047110331133788,4,0.0044499858005734,0.0241657282685022,0000100885-21-000068_acceptance,acceptance
0.0038938435725086,-0.0005692724183511,5,-8.741511251870288e-05,0.0039812586850273,0000100885-21-000068_acceptance,acceptance
0.0054786203917343,0.0243476468880761,-5,0.0193157472499924,-0.0138371268582581,0001437749-22-002494_acceptance,acceptance
-0.0056113318131741,0.0188859517327795,-4,0.015166449294448,-0.0207777811076222,0001437749-22-002494_acceptance,acceptance
0.0088325344544535,0.0068630035578014,-3,0.0060325095809373,0.0028000248735162,0001437749-22-002494_acceptance,acceptance
0.0184424660938586,0.0094225154473364,-2,0.0079769933260873,0.0104654727677713,0001437749-22-002494_acceptance,acceptance
-0.0275012080745039,-0.024391082077444,-1,-0.0177114947879207,-0.0097897132865832,0001437749-22-002494_acceptance,acceptance
-0.0080214145543007,0.0051569298644233,0,0.0047363903566564,-0.0127578049109571,0001437749-22-002494_acceptance,acceptance
-0.0051155823719,-0.0037017126347429,1,-0.0019935984408771,-0.0031219839310228,0001437749-22-002494_acceptance,acceptance
0.0074642919876293,0.0084012071916632,2,0.0072010964411915,0.0002631955464377,0001437749-22-002494_acceptance,acceptance
0.0145710725906862,0.0145172078875055,3,0.0118474760837383,0.0027235965069479,0001437749-22-002494_acceptance,acceptance
-0.0177291199448651,-0.0181157256684597,4,-0.0129440512053437,-0.0047850687395214,0001437749-22-002494_acceptance,acceptance
-0.0136709445146256,-0.0189694543445634,5,-0.0135926364063891,-7.830810823658378e-05,0001437749-22-002494_acceptance,acceptance
-0.0146197550711706,-0.0103546106913104,-5,-0.0090805915059524,-0.0055391635652181,0001437749-23-002959_acceptance,acceptance
-0.0063247112393016,-0.0061404630177543,-4,-0.0055473373564928,-0.0007773738828088,0001437749-23-002959_acceptance,acceptance
0.0003827936139557,0.0128725105980265,-3,0.0103936483719065,-0.0100108547579507,0001437749-23-002959_acceptance,acceptance
-0.0090891614740715,-0.0110807244761647,-2,-0.0096893847286994,0.0006002232546279,0001437749-23-002959_acceptance,acceptance
-0.0209036651055376,-0.0088297961777351,-1,-0.0078021462248216,-0.013101518880716,0001437749-23-002959_acceptance,acceptance
0.0132636221521338,0.0021952617756952,0,0.0014415573137209,0.0118220648384129,0001437749-23-002959_acceptance,acceptance
0.0026764709854614,0.0114486093427661,1,0.0091998114662519,-0.0065233404807905,0001437749-23-002959_acceptance,acceptance
-0.0098033933476782,-0.0002804145319874,2,-0.0006341159337373,-0.0091692774139408,0001437749-23-002959_acceptance,acceptance
-0.0045091874347801,0.002773175690496,3,0.0019260958006641,-0.0064352832354443,0001437749-23-002959_acceptance,acceptance
-0.0127517775238507,-0.0137887414891306,4,-0.0119598586392151,-0.0007919188846355,0001437749-23-002959_acceptance,acceptance
0.0053360359126106,-0.0027674058253277,5,-0.0027192759678777,0.0080553118804883,0001437749-23-002959_acceptance,acceptance
-0.0037710501472021,0.0106844460775146,-5,0.0078713016406557,-0.0116423517878579,0001437749-24-003599_acceptance,acceptance
-0.0068054640851414,-0.0031863375266721,-4,-0.0023303517896832,-0.0044751122954582,0001437749-24-003599_acceptance,acceptance
0.0130959722593113,0.0023104108269635,-3,0.0017123846048671,0.0113835876544442,0001437749-24-003599_acceptance,acceptance
-0.0028414131654652,0.00824145796339,-2,0.00607453811338,-0.0089159512788453,0001437749-24-003599_acceptance,acceptance
-0.0013646392085859,0.0005705832608251,-1,0.0004327800515283,-0.0017974192601143,0001437749-24-003599_acceptance,acceptance
0.0025320227751099,0.0057423415255595,0,0.004236493449983,-0.001704470674873,0001437749-24-003599_acceptance,acceptance
-0.0082181518590837,-0.0009489536011326,1,-0.000684805579008,-0.0075333462800756,0001437749-24-003599_acceptance,acceptance
-0.0072352587737086,-0.0136742556536254,2,-0.0100439827560442,0.0028087239823355,0001437749-24-003599_acceptance,acceptance
0.0183217791503564,0.0095797632750176,3,0.0070588319617164,0.0112629471886399,0001437749-24-003599_acceptance,acceptance
0.0017592234139849,0.0058212506847294,4,0.0042945293848878,-0.0025353059709029,0001437749-24-003599_acceptance,acceptance
-0.0158052705370238,-0.0048034698371121,5,-0.0035197167061059,-0.0122855538309178,0001437749-24-003599_acceptance,acceptance
-0.008522770359167,-0.0050468257540199,-5,-0.0036546848780994,-0.0048680854810675,0000100885-25-000042_acceptance,acceptance
-0.0192500920848032,-0.0076085976846667,-4,-0.0051577929666618,-0.0140922991181414,0000100885-25-000042_acceptance,acceptance
0.0019750815385968,0.0072248818286797,-3,0.0035456840178819,-0.0015706024792851,0000100885-25-000042_acceptance,acceptance
0.0040246369551852,0.0039086729306143,-2,0.0015999134524335,0.0024247235027517,0000100885-25-000042_acceptance,acceptance
-0.0039675712900463,0.0036442987226186,-1,0.0014447930821571,-0.0054123643722034,0000100885-25-000042_acceptance,acceptance
-0.0058724863904698,-0.0094647701115428,0,-0.0062468937391492,0.0003744073486793,0000100885-25-000042_acceptance,acceptance
0.0092945258778316,0.0067125410858628,1,0.0032450704053213,0.0060494554725102,0000100885-25-000042_acceptance,acceptance
0.0139156001300531,0.0003395827888592,2,-0.0004942340384891,0.0144098341685422,0000100885-25-000042_acceptance,acceptance
0.0031484462980886,-0.0027238667143857,3,-0.0022916991727359,0.0054401454708245,0000100885-25-000042_acceptance,acceptance
0.009899114737131,0.0104262921222306,4,0.0054240970215829,0.004475017715548,0000100885-25-000042_acceptance,acceptance
-0.0069729608741978,-7.194380749464546e-05,5,-0.0007356954067858,-0.006237265467412,0000100885-25-000042_acceptance,acceptance
0.0065074545268983,-0.0043018996208942,-5,-0.0013321991137433,0.0078396536406417,0000100885-26-000037_acceptance,acceptance
0.0005529143004578,0.0053912661291679,-4,0.0023062580787811,-0.0017533437783232,0000100885-26-000037_acceptance,acceptance
0.0266122732481721,-0.0084039830206983,-3,-0.0028719700446445,0.0294842432928167,0000100885-26-000037_acceptance,acceptance
0.034245741050727,-0.0050723919062231,-2,-0.0016214135220827,0.0358671545728098,0000100885-26-000037_acceptance,acceptance
0.0067664794324551,-0.0122510155676747,-1,-0.0043160042849888,0.0110824837174439,0000100885-26-000037_acceptance,acceptance
0.0046529681529823,0.0196957966973359,0,0.0076756516776788,-0.0030226835246964,0000100885-26-000037_acceptance,acceptance
0.0068086441777817,0.0046910867168872,1,0.002043436531687,0.0047652076460946,0000100885-26-000037_acceptance,acceptance
0.0274437041759412,-0.0033037129754581,2,-0.0009575166340235,0.0284012208099647,0000100885-26-000037_acceptance,acceptance
0.0057017905229783,-4.895607156218951e-05,3,0.0002641991575199,0.0054375913654584,0000100885-26-000037_acceptance,acceptance
-0.0039572852252431,-0.0156610121277019,4,-0.0055959913222718,0.0016387060970286,0000100885-26-000037_acceptance,acceptance
-0.0041640186655967,0.0004990891480125,5,0.0004699151353961,-0.0046339338009929,0000100885-26-000037_acceptance,acceptance
0.0108069026891128,0.0052458450979924,-5,0.0045761468608924,0.0062307558282204,0001090727-17-000011_acceptance,acceptance
0.0045159380348567,0.0040073351766347,-4,0.0035456233698531,0.0009703146650035,0001090727-17-000011_acceptance,acceptance
0.0002753205077554,0.0049923089198982,-3,0.0043651877213257,-0.0040898672135702,0001090727-17-000011_acceptance,acceptance
-0.0089654070826428,-0.0008641180363413,-2,-0.0005077530988372,-0.0084576539838055,0001090727-17-000011_acceptance,acceptance
-0.0029848978763282,0.0016785565287558,-1,0.0016079230247164,-0.0045928209010446,0001090727-17-000011_acceptance,acceptance
0.007670901883847,0.0060480661608284,0,0.0052436486999998,0.0024272531838471,0001090727-17-000011_acceptance,acceptance
-0.0194949298036215,-0.001082200145408,1,-0.0006892120702133,-0.0188057177334081,0001090727-17-000011_acceptance,acceptance
-0.0050184218620598,0.0004189867216857,2,0.0005598762933937,-0.0055782981554535,0001090727-17-000011_acceptance,acceptance
0.0103723096118946,0.0014933641914423,3,0.0014538305538601,0.0089184790580345,0001090727-17-000011_acceptance,acceptance
0.0051801101165389,0.0010179830611165,4,0.0010582815045149,0.0041218286120239,0001090727-17-000011_acceptance,acceptance
-0.0090885664405331,-0.0025783763780462,5,-0.001934131249204,-0.0071544351913291,0001090727-17-000011_acceptance,acceptance
-0.0089252004193329,0.0134024582572458,-5,0.0151892085250012,-0.0241144089443342,0001090727-18-000009_acceptance,acceptance
0.0160415561532834,0.0120691127622993,-4,0.0136561384467999,0.0023854177064834,0001090727-18-000009_acceptance,acceptance
-0.0093112570707916,0.0003734693722488,-3,0.0002085804098493,-0.0095198374806409,0001090727-18-000009_acceptance,acceptance
-0.0158834930095158,-0.0058413894593534,-2,-0.006937214998082,-0.0089462780114338,0001090727-18-000009_acceptance,acceptance
-9.53464363447898e-05,-0.0054965031281792,-1,-0.0065406674290478,0.006445320992703,0001090727-18-000009_acceptance,acceptance
0.0036292642827784,0.0009735510790762,0,0.0008985495984054,0.002730714684373,0001090727-18-000009_acceptance,acceptance
0.0050435534005233,0.0160283763505131,1,0.0182084683281456,-0.0131649149276222,0001090727-18-000009_acceptance,acceptance
0.0232938511591915,0.0117570153438109,2,0.0132972913095935,0.0099965598495979,0001090727-18-000009_acceptance,acceptance
-0.0220231496524525,-0.0127068884438292,3,-0.0148311112949633,-0.0071920383574891,0001090727-18-000009_acceptance,acceptance
-0.0121108263216076,-0.011095788639207,4,-0.0129786815137673,0.0008678551921597,0001090727-18-000009_acceptance,acceptance
0.019347054928041,-0.0133243995419872,5,-0.0155411206594764,0.0348881755875174,0001090727-18-000009_acceptance,acceptance
-0.0018749324032838,-0.0026516415551012,-5,-0.003728877775697,0.0018539453724131,0001090727-19-000006_acceptance,acceptance
-0.0083183726427573,0.0108787526085869,-4,0.0104918810589921,-0.0188102537017494,0001090727-19-000006_acceptance,acceptance
-0.0009019962756404,0.0014987433214488,-3,0.0006332732220142,-0.0015352694976547,0001090727-19-000006_acceptance,acceptance
0.002708431822338,0.0017771107537685,-2,0.0009258438651573,0.0017825879571806,0001090727-19-000006_acceptance,acceptance
0.0062121695711341,-0.0035264367908802,-1,-0.0046483079066488,0.0108604774777829,0001090727-19-000006_acceptance,acceptance
-0.0125267278225821,0.0064111023949868,0,0.0057962768159272,-0.0183230046385093,0001090727-19-000006_acceptance,acceptance
0.0133454104497967,0.0012318625699112,1,0.0003527753474274,0.0129926351023693,0001090727-19-000006_acceptance,acceptance
0.0016235764229006,-0.0007904570968998,2,-0.0017727296393785,0.0033963060622792,0001090727-19-000006_acceptance,acceptance
0.0008106130465177,-0.0005440493877303,3,-0.0015137494082991,0.0023243624548168,0001090727-19-000006_acceptance,acceptance
-0.0083684569091809,-0.0028255083152146,4,-0.0039116157828112,-0.0044568411263697,0001090727-19-000006_acceptance,acceptance
0.0175133879373408,0.0068953205934343,5,0.006305201400103,0.0112081865372378,0001090727-19-000006_acceptance,acceptance
-0.0028425528673476,-0.0016304457368023,-5,-0.0034174737760549,0.0005749209087073,0001090727-20-000005_acceptance,acceptance
0.0067464721745398,0.0018435333204338,-4,0.0007016856723476,0.0060447865021921,0001090727-20-000005_acceptance,acceptance
0.0044362114960765,-0.0029199426368901,-3,-0.0049464534423596,0.0093826649384361,0001090727-20-000005_acceptance,acceptance
0.0031946657199577,0.0047057858811645,-2,0.0040955100118151,-0.0009008442918574,0001090727-20-000005_acceptance,acceptance
-0.0026227635913064,-0.0038155197636281,-1,-0.0060083553486742,0.0033855917573678,0001090727-20-000005_acceptance,acceptance
-0.0332453538611777,-0.0105181030271228,0,-0.0139557288715574,-0.0192896249896202,0001090727-20-000005_acceptance,acceptance
-0.0337487507648253,-0.0335136266712231,1,-0.0412219348356546,0.0074731840708293,0001090727-20-000005_acceptance,acceptance
-0.0466036572074237,-0.0302799955650561,2,-0.0373877602755427,-0.009215896931881,0001090727-20-000005_acceptance,acceptance
-0.0018106919238708,-0.003778540605322,3,-0.0059645084955928,0.0041538165717219,0001090727-20-000005_acceptance,acceptance
-0.03723455876116,-0.0441632425840791,4,-0.0538493759590906,0.0166148171979306,0001090727-20-000005_acceptance,acceptance
0.0027702833425575,-0.0082383404443618,5,-0.0112525733751724,0.0140228567177299,0001090727-20-000005_acceptance,acceptance
-0.0100374472745716,-0.0005692724183511,-5,-0.0012633592629974,-0.0087740880115741,0001090727-21-000013_acceptance,acceptance
-0.0046367513684805,-0.0003204020092266,-4,-0.0010325021432488,-0.0036042492252316,0001090727-21-000013_acceptance,acceptance
0.00695671243335,-0.0044158356273545,-3,-0.0048315074670594,0.0117882199004094,0001090727-21-000013_acceptance,acceptance
-0.0034760492607153,-0.0018548966445751,-2,-0.0024559297537572,-0.001020119506958,0001090727-21-000013_acceptance,acceptance
0.0066027459917219,-0.0077328394581538,-1,-0.007908425905324,0.0145111718970459,0001090727-21-000013_acceptance,acceptance
-0.0048890703034089,0.0012563181187927,0,0.0004300946704295,-0.0053191649738384,0001090727-21-000013_acceptance,acceptance
-0.0046013065070997,0.011351613765979,1,0.0097946908243854,-0.0143959973314851,0001090727-21-000013_acceptance,acceptance
-0.0159929787725695,-0.0244788075251262,2,-0.0234423174955069,0.0074493387229374,0001090727-21-000013_acceptance,acceptance
0.0020314357193793,-0.0047502141699028,3,-0.0051416836246428,0.0071731193440221,0001090727-21-000013_acceptance,acceptance
0.0230628146750389,0.0237907635068002,4,0.0213334924496595,0.0017293222253793,0001090727-21-000013_acceptance,acceptance
-0.0006193871628037,-0.0080808516908706,5,-0.0082312489438883,0.0076118617810845,0001090727-21-000013_acceptance,acceptance
0.0023417804883278,-0.0038405967262932,-5,-0.0019773957585898,0.0043191762469177,0001090727-22-000007_acceptance,acceptance
0.0152809714689465,0.0157667211707204,-4,0.012307824338378,0.0029731471305685,0001090727-22-000007_acceptance,acceptance
-0.008975379786853,0.000881207755895,-3,0.0014627492238701,-0.0104381290107231,0001090727-22-000007_acceptance,acceptance
-0.0213643646160834,-0.021173138152195,-2,-0.014605291649773,-0.0067590729663104,0001090727-22-000007_acceptance,acceptance
0.000812769462652,-0.0071661613961429,-1,-0.0044002882472529,0.0052130577099049,0001090727-22-000007_acceptance,acceptance
-0.0018629081980729,-0.0101429452648328,0,-0.0065690709929958,0.0047061627949228,0001090727-22-000007_acceptance,acceptance
-0.0214864101121978,-0.0184121228454876,1,-0.0125937104863228,-0.0088926996258749,0001090727-22-000007_acceptance,acceptance
0.0132532397700662,0.0149568560673292,2,0.0117177843690378,0.0015354554010283,0001090727-22-000007_acceptance,acceptance
0.0133210781761186,0.0223726776556034,3,0.0171206979212519,-0.0037996197451333,0001090727-22-000007_acceptance,acceptance
0.0022385758099388,-0.0024426034406476,4,-0.0009588657442133,0.0031974415541521,0001090727-22-000007_acceptance,acceptance
-0.0230015744744567,-0.0154735036804118,5,-0.010452733236157,-0.0125488412382996,0001090727-22-000007_acceptance,acceptance
0.0118235106801301,0.0114486093427661,-5,0.0105445055097437,0.0012790051703863,0001090727-23-000006_acceptance,acceptance
-0.0034147957594702,-0.0002804145319874,-4,-0.0009880645186715,-0.0024267312407986,0001090727-23-000006_acceptance,acceptance
0.0003747076428097,0.002773175690496,-3,0.0020143799690301,-0.0016396723262203,0001090727-23-000006_acceptance,acceptance
-0.006904334378282,-0.0137887414891306,-2,-0.0142701354108033,0.0073658010325213,0001090727-23-000006_acceptance,acceptance
-0.0039143950342208,-0.0027674058253277,-1,-0.0034334002564768,-0.000480994777744,0001090727-23-000006_acceptance,acceptance
-0.0259265403944021,-0.0200412342553273,0,-0.0204179028165405,-0.0055086375778615,0001090727-23-000006_acceptance,acceptance
-0.0103666025880931,-0.0015735561458868,1,-0.0022595468157664,-0.0081070557723267,0001090727-23-000006_acceptance,acceptance
0.0188550161944187,0.0053294294160743,2,0.0045278180364625,0.0143271981579562,0001090727-23-000006_acceptance,acceptance
0.0011671685936058,-0.0105375514855581,3,-0.0110734008153022,0.0122405694089081,0001090727-23-000006_acceptance,acceptance
0.0115460057198346,0.0030730045671669,4,0.0023091868987176,0.0092368188211169,0001090727-23-000006_acceptance,acceptance
0.0014269543679437,-0.0030360018281855,5,-0.0036974974435391,0.0051244518114829,0001090727-23-000006_acceptance,acceptance
-0.0172939222996354,-0.0136742556536254,-5,-0.0164080860713576,-0.0008858362282778,0001090727-24-000008_acceptance,acceptance
-0.0046928048498907,0.0095797632750176,-4,0.0091760018153216,-0.0138688066652123,0001090727-24-000008_acceptance,acceptance
0.0191372741338986,0.0058212506847294,-3,0.0050408836351828,0.0140963904987157,0001090727-24-000008_acceptance,acceptance
0.0210528604801432,-0.0048034698371121,-2,-0.006648441312746,0.0277013017928892,0001090727-24-000008_acceptance,acceptance
0.001549568504082,-0.0060053220011653,-1,-0.0079707199040849,0.0095202884081669,0001090727-24-000008_acceptance,acceptance
-0.0024889946848791,0.0012641999229821,0,2.7213200392074782e-05,-0.0025162078852712,0001090727-24-000008_acceptance,acceptance
0.0098467664410391,0.021122884217414,1,0.0218757515481764,-0.0120289851071373,0001090727-24-000008_acceptance,acceptance
-0.0073466951106746,0.0003479475462115,2,-0.0009808483052602,-0.0063658468054144,0001090727-24-000008_acceptance,acceptance
-0.0076025270116424,-0.0037867513501905,3,-0.0055298469224502,-0.0020726800891921,0001090727-24-000008_acceptance,acceptance
0.0052203644333104,0.0017063496993998,4,0.0005136666935994,0.004706697739711,0001090727-24-000008_acceptance,acceptance
-0.0033725009358438,-0.0016581550604305,5,-0.0031879637959425,-0.0001845371399012,0001090727-24-000008_acceptance,acceptance
0.0032410682649581,0.0003395827888592,-5,0.0004054492064206,0.0028356190585375,0001090727-25-000019_acceptance,acceptance
-0.0023574913869496,-0.0027238667143857,-4,-0.0010002006240343,-0.0013572907629153,0001090727-25-000019_acceptance,acceptance
0.01207768287888,0.0104262921222306,-3,0.0050336897729072,0.0070439931059727,0001090727-25-000019_acceptance,acceptance
0.0050156744442486,-7.194380749464546e-05,-2,0.0002166221048869,0.0047990523393617,0001090727-25-000019_acceptance,acceptance
0.0073311230269561,0.0024449877750611,-1,0.0013715046804079,0.0059596183465481,0001090727-25-000019_acceptance,acceptance
-0.0036388844042297,0.0023769693899173,0,0.0013402947546547,-0.0049791791588844,0001090727-25-000019_acceptance,acceptance
0.0139131005267203,-0.0043341850761716,1,-0.0017390878587758,0.0156521883854961,0001090727-25-000019_acceptance,acceptance
-0.0023157482725949,-0.0170641267025635,2,-0.0075801635056518,0.0052644152330569,0001090727-25-000019_acceptance,acceptance
-0.001461279178082,-0.0049691065044024,3,-0.0020304186598872,0.0005691394818051,0001090727-25-000019_acceptance,acceptance
0.0167871139799227,-0.0046797309154723,4,-0.0018976399909108,0.0186847539708335,0001090727-25-000019_acceptance,acceptance
-0.0103293115942932,0.0001360242800469,5,0.0003120473131964,-0.0106413589074897,0001090727-25-000019_acceptance,acceptance
0.0049429615325258,0.0046910867168872,-5,0.0045059091766681,0.0004370523558576,0001628280-26-008432_acceptance,acceptance
0.0066145617135333,-0.0033037129754581,-4,-0.0002911769782754,0.0069057386918088,0001628280-26-008432_acceptance,acceptance
0.0109520748429483,-4.895607156218951e-05,-3,0.0016617611667959,0.0092903136761523,0001628280-26-008432_acceptance,acceptance
-0.0160833812607936,-0.0156610121277019,-2,-0.0077058754018621,-0.0083775058589315,0001628280-26-008432_acceptance,acceptance
0.0099093395235654,0.0004990891480125,-1,0.0019906024431599,0.0079187370804055,0001628280-26-008432_acceptance,acceptance
-0.0177720175271219,0.0010313220779065,0,0.0023099559376125,-0.0200819734647345,0001628280-26-008432_acceptance,acceptance
0.0052808925973546,0.0055660701474107,1,0.0050309218176212,0.0002499707797334,0001628280-26-008432_acceptance,acceptance
-0.0049948852467384,-0.0028221256867719,2,-2.2121756719118302e-06,-0.0049926730710665,0001628280-26-008432_acceptance,acceptance
0.0102995494595163,0.0069397247635067,3,0.0058551500402317,0.0044443994192846,0001628280-26-008432_acceptance,acceptance
-0.0146492979937025,-0.0103856522472848,4,-0.0045405233206932,-0.0101087746730092,0001628280-26-008432_acceptance,acceptance
0.0030430390481774,0.0076516140863223,5,0.0062823020072284,-0.003239262959051,0001628280-26-008432_acceptance,acceptance
0.0018884582062765,-0.001082200145408,-5,-0.0003435905213902,0.0022320487276667,0000072971-17-000278_acceptance,acceptance
0.0022278079236632,0.0004189867216857,-4,0.0013756964294405,0.0008521114942226,0000072971-17-000278_acceptance,acceptance
-0.0116261459895019,0.0014933641914423,-3,0.0026061649370655,-0.0142323109265675,0000072971-17-000278_acceptance,acceptance
0.0043248346931812,0.0010179830611165,-2,0.0020617180117986,0.0022631166813825,0000072971-17-000278_acceptance,acceptance
-0.0031005094528163,-0.0025783763780462,-1,-0.0020571388672387,-0.0010433705855776,0000072971-17-000278_acceptance,acceptance
0.031962573178613,0.0136738546598662,0,0.0165562991782626,0.0154062740003504,0000072971-17-000278_acceptance,acceptance
-0.0170768112680873,-0.0058598805035984,1,-0.005815396647019,-0.0112614146210682,0000072971-17-000278_acceptance,acceptance
0.0030660150334618,0.00050387727206,2,0.0014729203118943,0.0015930947215675,0000072971-17-000278_acceptance,acceptance
-0.0047546664544594,-0.0032772408480052,3,-0.0028575379314311,-0.0018971285230282,0000072971-17-000278_acceptance,acceptance
-0.0052894667362729,-0.0029133737680216,4,-0.0024408063864344,-0.0028486603498384,0000072971-17-000278_acceptance,acceptance
-0.001543491768157,-0.0022842151650487,5,-0.0017202404130667,0.0001767486449096,0000072971-17-000278_acceptance,acceptance
-0.0154026334249844,0.0009735510790762,-5,0.0024655664850701,-0.0178681999100546,0000072971-18-000272_acceptance,acceptance
0.006121328384274,0.0160283763505131,-4,0.0183701980561851,-0.012248869671911,0000072971-18-000272_acceptance,acceptance
0.0135202989657265,0.0117570153438109,-3,0.0138577296685435,-0.0003374307028169,0000072971-18-000272_acceptance,acceptance
-0.0126728938668227,-0.0127068884438292,-2,-0.0119870987846853,-0.0006857950821374,0000072971-18-000272_acceptance,acceptance
-0.0135112458963135,-0.011095788639207,-1,-0.0102850565254883,-0.0032261893708252,0000072971-18-000272_acceptance,acceptance
-0.0188323403160615,-0.0133243995419872,0,-0.0126394668015969,-0.0061928735144645,0000072971-18-000272_acceptance,acceptance
0.0017450135596754,0.005071602744632,1,0.0067949426634651,-0.0050499291037896,0000072971-18-000272_acceptance,acceptance
0.003135468935318,0.011032026532745,2,0.0130918170973057,-0.0099563481619876,0000072971-18-000272_acceptance,acceptance
-0.0090295324492994,0.0026388586061694,3,0.0042248763537321,-0.0132544088030316,0000072971-18-000272_acceptance,acceptance
-0.0082355052904317,-0.0004838747205661,4,0.0009258727345536,-0.0091613780249853,0000072971-18-000272_acceptance,acceptance
0.0021201987712939,0.0044630782078172,5,0.0061520684762512,-0.0040318697049572,0000072971-18-000272_acceptance,acceptance
0.0087077717049051,0.0017771107537685,-5,0.0005022973269169,0.0082054743779881,0000072971-19-000227_acceptance,acceptance
-0.0050188647614125,-0.0035264367908802,-4,-0.0033283296681941,-0.0016905350932183,0000072971-19-000227_acceptance,acceptance
-0.0108957995626203,0.0064111023949868,-3,0.003849319923873,-0.0147451194864933,0000072971-19-000227_acceptance,acceptance
0.0130558005811396,0.0012318625699112,-2,0.000108477455494,0.0129473231256456,0000072971-19-000227_acceptance,acceptance
-0.0014097482584343,-0.0007904570968998,-1,-0.0013521962243803,-5.755203405399941e-05,0000072971-19-000227_acceptance,acceptance
0.0062513663957519,-0.0005440493877303,0,-0.001174221762079,0.0074255881578309,0000072971-19-000227_acceptance,acceptance
-0.0002001568908427,-0.0028255083152146,1,-0.0028220656028826,0.0026219087120399,0000072971-19-000227_acceptance,acceptance
0.0028058431705064,0.0068953205934343,2,0.0041990592798194,-0.0013932161093129,0000072971-19-000227_acceptance,acceptance
0.0015990526342783,-0.003880558492514,3,-0.0035841034004767,0.0051831560347551,0000072971-19-000227_acceptance,acceptance
-0.0043900251954455,-0.0011315328231061,4,-0.001598547157069,-0.0027914780383764,0000072971-19-000227_acceptance,acceptance
-0.0014035293761223,-0.0065240986535923,5,-0.0054934699553037,0.0040899405791814,0000072971-19-000227_acceptance,acceptance
0.0053089352432567,-0.0038155197636281,-5,-0.0048260343976629,0.0101349696409196,0000072971-20-000217_acceptance,acceptance
0.0076044760611058,-0.0105181030271228,-4,-0.0118704521416638,0.0194749282027696,0000072971-20-000217_acceptance,acceptance
-0.0274632390008017,-0.0335136266712231,-3,-0.0360387568717765,0.0085755178709747,0000072971-20-000217_acceptance,acceptance
-0.0273765005805551,-0.0302799955650561,-2,-0.0326402092601561,0.0052637086796009,0000072971-20-000217_acceptance,acceptance
-0.0217197025611315,-0.003778540605322,-1,-0.0047871692871988,-0.0169325332739326,0000072971-20-000217_acceptance,acceptance
-0.0378342844766412,-0.0441632425840791,0,-0.0472315075403003,0.0093972230636591,0000072971-20-000217_acceptance,acceptance
-0.0381448188125324,-0.0082383404443618,1,-0.0094744207372382,-0.0286703980752941,0000072971-20-000217_acceptance,acceptance
0.0345164184909254,0.04603922900611,2,0.0475713268957108,-0.0130549084047854,0000072971-20-000217_acceptance,acceptance
-0.040936849840293,-0.0281078961210758,3,-0.0303573318585062,-0.0105795179817867,0000072971-20-000217_acceptance,acceptance
0.0214656776309103,0.0422025907744911,4,0.0435390185492664,-0.0220733409183561,0000072971-20-000217_acceptance,acceptance
-0.0603862558029387,-0.0339220770468885,5,-0.0364680383832128,-0.0239182174197258,0000072971-20-000217_acceptance,acceptance
0.0517386470455836,-0.0003204020092266,-5,0.0015094121760685,0.050229234869515,0000072971-21-000197_acceptance,acceptance
0.0101119578832782,-0.0044158356273545,-4,-0.0030473645552012,0.0131593224384794,0000072971-21-000197_acceptance,acceptance
0.0235392726825545,-0.0018548966445751,-3,-0.000197940475837,0.0237372131583916,0000072971-21-000197_acceptance,acceptance
-0.0150676531089889,-0.0077328394581538,-2,-0.0067380228060918,-0.0083296303028971,0000072971-21-000197_acceptance,acceptance
-0.0032202610359938,0.0012563181187927,-1,0.0032637469452322,-0.006484007981226,0000072971-21-000197_acceptance,acceptance
0.0309638639897902,0.011351613765979,0,0.0144962591990666,0.0164676047907235,0000072971-21-000197_acceptance,acceptance
-0.0190650426947314,-0.0244788075251262,1,-0.025370393574452,0.0063053508797206,0000072971-21-000197_acceptance,acceptance
-0.0370073382257918,-0.0047502141699028,2,-0.0034194102295286,-0.0335879279962631,0000072971-21-000197_acceptance,acceptance
0.0254355999597357,0.0237907635068002,3,0.0283366564270565,-0.0029010564673207,0000072971-21-000197_acceptance,acceptance
0.001347866168945,-0.0080808516908706,4,-0.0071252379808713,0.0084731041498163,0000072971-21-000197_acceptance,acceptance
0.0148087892854877,-0.0130662218719981,5,-0.0126722010027044,0.0274809902881922,0000072971-21-000197_acceptance,acceptance
0.0091616378261285,0.0157667211707204,-5,0.0210877121726624,-0.0119260743465338,0000072971-22-000096_acceptance,acceptance
-0.0041111241964559,0.000881207755895,-4,0.0032721473316187,-0.0073832715280747,0000072971-22-000096_acceptance,acceptance
-0.0342274428526543,-0.021173138152195,-3,-0.0231233567133449,-0.0111040861393093,0000072971-22-000096_acceptance,acceptance
-0.0092610159059345,-0.0071661613961429,-2,-0.0063592589177053,-0.0029017569882291,0000072971-22-000096_acceptance,acceptance
-0.006291712523174,-0.0101429452648328,-1,-0.0099219903165162,0.0036302777933421,0000072971-22-000096_acceptance,acceptance
-0.0240590506533955,-0.0184121228454876,0,-0.0198188655713217,-0.0042401850820738,0000072971-22-000096_acceptance,acceptance
-0.0229845291868734,0.0149568560673292,1,0.0201184339314702,-0.0431029631183436,0000072971-22-000096_acceptance,acceptance
0.0265606281181312,0.0223726776556034,2,0.0289939793475879,-0.0024333512294567,0000072971-22-000096_acceptance,acceptance
-0.0136758199162562,-0.0024426034406476,3,-0.0007059199503882,-0.0129698999658679,0000072971-22-000096_acceptance,acceptance
-0.0577103683322318,-0.0154735036804118,4,-0.0163018111829659,-0.0414085571492659,0000072971-22-000096_acceptance,acceptance
0.038377207982243,0.018642691757321,5,0.0245297862912136,0.0138474216910294,0000072971-22-000096_acceptance,acceptance
0.007687634303727,-0.0002804145319874,-5,4.209136199751379e-05,0.0076455429417295,0000072971-23-000071_acceptance,acceptance
-0.0109278250599426,0.002773175690496,-4,0.002576952646364,-0.0135047777063066,0000072971-23-000071_acceptance,acceptance
-0.0156348638177993,-0.0137887414891306,-3,-0.0111715072302778,-0.0044633565875215,0000072971-23-000071_acceptance,acceptance
0.0057181444989542,-0.0027674058253277,-2,-0.0020224220418074,0.0077405665407616,0000072971-23-000071_acceptance,acceptance
-0.0263214238204998,-0.0200412342553273,-1,-0.0163618571754395,-0.0099595666450603,0000072971-23-000071_acceptance,acceptance
-0.0049741796861693,-0.0015735561458868,0,-0.0010313776935887,-0.0039428019925805,0000072971-23-000071_acceptance,acceptance
0.0052163247761298,0.0053294294160743,1,0.0046989625199469,0.0005173622561829,0000072971-23-000071_acceptance,acceptance
0.0080001254200829,-0.0105375514855581,2,-0.0084726134469879,0.0164727388670709,0000072971-23-000071_acceptance,acceptance
0.0034320471469386,0.0030730045671669,3,0.0028258480632448,0.0006061990836938,0000072971-23-000071_acceptance,acceptance
-0.0002138806302006,-0.0030360018281855,4,-0.002245390272373,0.0020315096421724,0000072971-23-000071_acceptance,acceptance
-0.0019242682777641,-0.00472526484568,5,-0.003647689569322,0.0017234212915579,0000072971-23-000071_acceptance,acceptance
-0.0139001792218838,-0.0136742556536254,-5,-0.01274656861899,-0.0011536106028937,0000072971-24-000064_acceptance,acceptance
0.0060115365584545,0.0095797632750176,-4,0.010353202308423,-0.0043416657499684,0000072971-24-000064_acceptance,acceptance
0.0723264380165371,0.0058212506847294,-3,0.006619620593801,0.065706817422736,0000072971-24-000064_acceptance,acceptance
-0.0024981314839369,-0.0048034698371121,-2,-0.0039346242864255,0.0014364928024886,0000072971-24-000064_acceptance,acceptance
-0.0026969192934317,-0.0060053220011653,-1,-0.0051285043534985,0.0024315850600668,0000072971-24-000064_acceptance,acceptance
0.0171914708539198,0.0012641999229821,0,0.0020927975519871,0.0150986733019326,0000072971-24-000064_acceptance,acceptance
0.0134826394453702,0.021122884217414,1,0.0218197556975381,-0.0083371162521679,0000072971-24-000064_acceptance,acceptance
0.009181261072255,0.0003479475462115,2,0.0011826228385303,0.0079986382337246,0000072971-24-000064_acceptance,acceptance
0.0050129933867593,-0.0037867513501905,3,-0.0029246498722126,0.0079376432589719,0000072971-24-000064_acceptance,acceptance
0.012562438445566,0.0017063496993998,4,0.0025320144711011,0.0100304239744648,0000072971-24-000064_acceptance,acceptance
-0.0016421331478304,-0.0016581550604305,5,-0.0008101729363642,-0.0008319602114662,0000072971-24-000064_acceptance,acceptance
-0.0053231190977256,0.0023769693899173,-5,0.0053340681902371,-0.0106571872879628,0000072971-25-000066_acceptance,acceptance
-0.0214065234704495,-0.0043341850761716,-4,-0.003726017577639,-0.0176805058928105,0000072971-25-000066_acceptance,acceptance
-0.0143709433315588,-0.0170641267025635,-3,-0.0209114904404591,0.0065405471089002,0000072971-25-000066_acceptance,acceptance
-0.0036129708839086,-0.0049691065044024,-2,-0.0045831640827149,0.0009701931988062,0000072971-25-000066_acceptance,acceptance
-0.0157989845406182,-0.0046797309154723,-1,-0.0041925058631666,-0.0116064786774515,0000072971-25-000066_acceptance,acceptance
0.0059211155608294,0.0001360242800469,0,0.002308783196557,0.0036123323642723,0000072971-25-000066_acceptance,acceptance
0.0022237724388354,-0.0158645536555098,1,-0.0192920619582128,0.0215158343970483,0000072971-25-000066_acceptance,acceptance
0.022187250519619,0.0158541446349889,2,0.0235283094710823,-0.0013410589514632,0000072971-25-000066_acceptance,acceptance
-0.0164707483620509,-0.0175967394669998,3,-0.0216305198341709,0.0051597714721199,0000072971-25-000066_acceptance,acceptance
-0.0484226840993446,-0.0122348266022004,4,-0.0143919157042214,-0.0340307683951232,0000072971-25-000066_acceptance,acceptance
0.0117325398695848,0.0111592778931879,5,0.01719022031453,-0.0054576804449451,0000072971-25-000066_acceptance,acceptance
0.0132722925837855,0.0055660701474107,-5,0.0056015769533195,0.007670715630466,0000072971-26-000133_acceptance,acceptance
-0.0111788523130935,-0.0028221256867719,-4,-0.0026330903620915,-0.008545761951002,0000072971-26-000133_acceptance,acceptance
0.0129038989641665,0.0069397247635067,-3,0.0069500896720777,0.0059538092920888,0000072971-26-000133_acceptance,acceptance
-0.040022425601657,-0.0103856522472848,-2,-0.0100581822636526,-0.0299642433380043,0000072971-26-000133_acceptance,acceptance
-0.0068114991605936,0.0076516140863223,-1,0.007648949338049,-0.0144604484986426,0000072971-26-000133_acceptance,acceptance
0.025895647619317,0.0081363556573399,0,0.0081248187204749,0.0177708288988421,0000072971-26-000133_acceptance,acceptance
-0.0053019688656091,-0.0053655805693283,1,-0.0051299925808331,-0.000171976284776,0000072971-26-000133_acceptance,acceptance
-0.0561993696150445,-0.0043393528110311,2,-0.0041225477921718,-0.0520768218228727,0000072971-26-000133_acceptance,acceptance
0.0138736637254335,0.0003983547353176,3,0.0005284458485478,0.0133452178768857,0000072971-26-000133_acceptance,acceptance
-0.0006055531466335,-0.0094440310956254,4,-0.0091337955332581,0.0085282423866245,0000072971-26-000133_acceptance,acceptance
0.0169636111339681,0.0077560492642863,5,0.0077514730467892,0.0092121380871789,0000072971-26-000133_acceptance,acceptance
-0.0060409237951928,-0.0063860316025012,-5,-0.0028458470821778,-0.003195076713015,0000104169-16-000079_acceptance,acceptance
0.0080050043604138,-0.0003780702927851,-4,6.650790722894864e-05,0.0079384964531848,0000104169-16-000079_acceptance,acceptance
0.0017646060332463,0.0005452554858313,-3,0.0005140894244156,0.0012505166088307,0000104169-16-000079_acceptance,acceptance
-0.0013212239428773,0.0088166517792884,-2,0.004523642918985,-0.0058448668618624,0000104169-16-000079_acceptance,acceptance
0.0113185018268364,0.0043503152606394,-1,0.0023585894551052,0.0089599123717312,0000104169-16-000079_acceptance,acceptance
-0.0045059584676671,-0.002039759217567,0,-0.0007389946220739,-0.0037669638455931,0000104169-16-000079_acceptance,acceptance
0.0083226154279358,0.0063309151273098,1,0.0033186838376019,0.0050039315903339,0000104169-16-000079_acceptance,acceptance
0.000579173757788,-0.003208322345054,2,-0.0013054547704224,0.0018846285282104,0000104169-16-000079_acceptance,acceptance
-0.0066567421138463,-0.0101444923872143,3,-0.0046677582854252,-0.0019889838284211,0000104169-16-000079_acceptance,acceptance
0.0058267754299439,0.0105076192699393,4,0.0053433382123547,0.0004834372175891,0000104169-16-000079_acceptance,acceptance
-0.0118768052279042,-0.011975786526205,5,-0.0055554768221833,-0.0063213284057209,0000104169-16-000079_acceptance,acceptance
0.0007183124578762,-0.0010195874529811,-5,-0.000507939951393,0.0012262524092693,0000104169-17-000021_acceptance,acceptance
0.0094742104545553,0.0072514743535005,-4,0.0027703758721128,0.0067038345824424,0000104169-17-000021_acceptance,acceptance
0.0059728292003637,0.0010853247429301,-3,0.0003263624780167,0.005646466722347,0000104169-17-000021_acceptance,acceptance
0.0120161568423491,0.0029351099368557,-2,0.0010595428378323,0.0109566140045168,0000104169-17-000021_acceptance,acceptance
0.0068441530499085,-0.0022550474897145,-1,-0.0009976265578404,0.007841779607749,0000104169-17-000021_acceptance,acceptance
-0.0034682120477808,-0.0016421255420062,0,-0.0007546889802042,-0.0027135230675765,0000104169-17-000021_acceptance,acceptance
0.002505892410308,0.0005595225490382,1,0.0001179556624711,0.0023879367478369,0000104169-17-000021_acceptance,acceptance
-0.0049991646616232,-0.0030548611983906,2,-0.0013146405033721,-0.003684524158251,0000104169-17-000021_acceptance,acceptance
-0.0030706063649894,0.0019295094059432,3,0.0006609632830244,-0.0037315696480138,0000104169-17-000021_acceptance,acceptance
0.0205794820091658,-0.0008271302020167,4,-0.0004316576473858,0.0210111396565516,0000104169-17-000021_acceptance,acceptance
0.0021949186905461,0.0006876864837839,5,0.0001687546850283,0.0020261640055177,0000104169-17-000021_acceptance,acceptance
-0.0197383191581642,-0.020966880711866,-5,-0.0179864282060691,-0.001751890952095,0000104169-18-000028_acceptance,acceptance
0.0243499833880793,0.0271572557615125,-4,0.0251979009401445,-0.0008479175520651,0000104169-18-000028_acceptance,acceptance
-0.016571416674474,-0.0172763088138478,-3,-0.0146746831388107,-0.0018967335356632,0000104169-18-000028_acceptance,acceptance
0.0199883501787467,-0.0029166571662562,-2,-0.0017890093664075,0.0217773595451543,0000104169-18-000028_acceptance,acceptance
0.0136723230933235,0.0137697186900191,-1,0.0131845569153157,0.0004877661780077,0000104169-18-000028_acceptance,acceptance
-0.0384398618096707,-0.0223374235601651,0,-0.0192162886837252,-0.0192235731259454,0000104169-18-000028_acceptance,acceptance
0.0146111062903357,0.0126148658487921,1,0.0121482464718322,0.0024628598185035,0000104169-18-000028_acceptance,acceptance
0.0048386842892296,0.0115664827398285,2,0.0112074769418924,-0.0063687926526628,0000104169-18-000028_acceptance,acceptance
0.006764766611188,0.0068628636575538,3,0.0069866711360631,-0.000221904524875,0000104169-18-000028_acceptance,acceptance
-0.0127547415913389,-0.0219202487798424,4,-0.0188419357218821,0.0060871941305431,0000104169-18-000028_acceptance,acceptance
-0.0047295446891989,0.0033365488963206,5,0.0038223226722421,-0.008551867361441,0000104169-18-000028_acceptance,acceptance
-0.0078738716924623,-0.0189745012394827,-5,-0.0102294215407451,0.0023555498482827,0000104169-19-000016_acceptance,acceptance
-0.0011194204403025,-0.0008390206584756,-4,0.0002476459393205,-0.001367066379623,0000104169-19-000016_acceptance,acceptance
0.0015280458929376,0.0071827258623062,-3,0.0048818975231595,-0.0033538516302218,0000104169-19-000016_acceptance,acceptance
-0.0112896407669885,-0.0046443248906916,-2,-0.0019507203540359,-0.0093389204129526,0000104169-19-000016_acceptance,acceptance
-0.0008228532224526,0.003589481529391,-1,0.0028060405763222,-0.0036288937987749,0000104169-19-000016_acceptance,acceptance
0.0041180471496462,0.0067342800173637,0,0.0046228254044124,-0.0005047782547661,0000104169-19-000016_acceptance,acceptance
0.0029734555602543,0.0115686001242754,1,0.0074156655364459,-0.0044422099761916,0000104169-19-000016_acceptance,acceptance
-0.0089959818576103,1.745570720723677e-05,2,0.0007424417975421,-0.0097384236551524,0000104169-19-000016_acceptance,acceptance
0.0025787502113865,0.0021483768817243,3,0.001973498501024,0.0006052517103624,0000104169-19-000016_acceptance,acceptance
0.0094658394261257,0.0020846350796801,4,0.0019366741578072,0.0075291652683185,0000104169-19-000016_acceptance,acceptance
0.0073388472990483,0.004636432770241,5,0.0034108758741643,0.0039279714248839,0000104169-19-000016_acceptance,acceptance
-0.0643295170700465,-0.1198405524039344,-5,-0.048894616869198,-0.0154349002008484,0000104169-20-000011_acceptance,acceptance
0.1170847534109742,0.0599548497440243,-4,0.0237726186766915,0.0933121347342827,0000104169-20-000011_acceptance,acceptance
0.0278383599169653,-0.0518307627291578,-3,-0.0214073544215387,0.049245714338504,0000104169-20-000011_acceptance,acceptance
-0.0212223476819553,0.0047078080405855,-2,0.0014436283648391,-0.0226659760467944,0000104169-20-000011_acceptance,acceptance
-0.0458768735097941,-0.0433595123084619,-1,-0.0179835608076044,-0.0278933127021897,0000104169-20-000011_acceptance,acceptance
0.0027199036757346,-0.0292938678218044,0,-0.0122987018578991,0.0150186055336337,0000104169-20-000011_acceptance,acceptance
0.0065628408194744,0.0938277397622755,1,0.0374628980062523,-0.0309000571867778,0000104169-20-000011_acceptance,acceptance
-0.0489437146793071,0.0115350114482219,2,0.0042029536435476,-0.0531466683228547,0000104169-20-000011_acceptance,acceptance
0.0038387829764607,0.0624141633038768,3,0.0247665902443734,-0.0209278072679126,0000104169-20-000011_acceptance,acceptance
-0.0021850719095667,-0.0336873525622525,4,-0.0140744001610108,0.011889328251444,0000104169-20-000011_acceptance,acceptance
0.0511953063824104,0.0335160094837001,5,0.0130869314466249,0.0381083749357854,0000104169-20-000011_acceptance,acceptance
-0.0051447713114822,0.0064919213014971,-5,0.0026787816124462,-0.0078235529239285,0000104169-21-000033_acceptance,acceptance
-0.000299970714285,-0.0015696837343783,-4,-0.0015483799422727,0.0012484092279877,0000104169-21-000033_acceptance,acceptance
-0.0083213945144242,0.0028793821305308,-3,0.0007845202798124,-0.0091059147942366,0000104169-21-000033_acceptance,acceptance
-0.0130569142238593,-0.0147605393194591,-2,-0.0084651015324479,-0.0045918126914114,0000104169-21-000033_acceptance,acceptance
0.0133067937710398,-0.0006027039747036,-1,-0.0010413370338075,0.0143481308048473,0000104169-21-000033_acceptance,acceptance
0.0047822787978246,0.0070251180773117,0,0.0029583672410888,0.0018239115567357,0000104169-21-000033_acceptance,acceptance
0.0118605398231106,-0.0076308541839406,1,-0.0047265989925696,0.0165871388156802,0000104169-21-000033_acceptance,acceptance
-0.0061966994988879,-0.0054673360183149,2,-0.003592142420712,-0.0026045570781758,0000104169-21-000033_acceptance,acceptance
0.0067610898972085,0.0052402658469594,3,0.0020224669215589,0.0047386229756496,0000104169-21-000033_acceptance,acceptance
0.0083578276188549,0.0166312026045196,4,0.0079953879117976,0.0003624397070573,0000104169-21-000033_acceptance,acceptance
0.01139627253562,-0.0008680126852336,5,-0.0011804535963646,0.0125767261319847,0000104169-21-000033_acceptance,acceptance
0.013936868881839,-0.0074210024659636,-5,-0.0017776625214648,0.0157145314033039,0000104169-22-000012_acceptance,acceptance
0.0120095874539296,0.0214085741708709,-4,0.0044989249981345,0.007510662455795,0000104169-22-000012_acceptance,acceptance
-0.0029496418446623,0.0223837613571822,-3,0.0047112363962511,-0.0076608782409135,0000104169-22-000012_acceptance,acceptance
0.0015195883562617,0.0123478175714519,-2,0.0025262761276208,-0.001006687771359,0000104169-22-000012_acceptance,acceptance
0.0029652987116477,0.0116622948279487,-1,0.0023770285840139,0.0005882701276338,0000104169-22-000012_acceptance,acceptance
-0.0083195929751311,-0.0004346603621039,0,-0.0002566416542797,-0.0080629513208514,0000104169-22-000012_acceptance,acceptance
-0.0029813352074191,0.0113041136006502,1,0.0022990477017645,-0.0052803829091837,0000104169-22-000012_acceptance,acceptance
-0.0128652623123917,-0.012272698789159,2,-0.0028339422225045,-0.0100313200898872,0000104169-22-000012_acceptance,acceptance
0.0061995378041781,0.0143439129205664,3,0.0029608529968549,0.0032386848073231,0000104169-22-000012_acceptance,acceptance
0.0043406192922637,0.005066170567449,4,0.0009409634023184,0.0033996558899452,0000104169-22-000012_acceptance,acceptance
0.0177763992855095,0.0071449552765867,5,0.0013935428600631,0.0163828564254464,0000104169-22-000012_acceptance,acceptance
0.0029203581424519,-0.0015097610031894,-5,-0.0001380220660037,0.0030583802084557,0000104169-23-000020_acceptance,acceptance
0.0053141083454406,0.0164766554806239,-4,0.009832884628648,-0.0045187762832073,0000104169-23-000020_acceptance,acceptance
0.0111510860133583,-0.0069808835654376,-3,-0.0031709804450268,0.0143220664583852,0000104169-23-000020_acceptance,acceptance
-0.0056805334898764,0.0175620062171666,-2,0.010434557059328,-0.0161150905492044,0000104169-23-000020_acceptance,acceptance
0.0080996708371414,-0.0110194573100675,-1,-0.0054097944980326,0.013509465335174,0000104169-23-000020_acceptance,acceptance
0.0107603858646256,0.00891840371831,0,0.005642910313056,0.0051174755515696,0000104169-23-000020_acceptance,acceptance
-0.0034068961021657,0.0129821938977849,1,0.0078957032883911,-0.0113025993905568,0000104169-23-000020_acceptance,acceptance
-0.0064092168819142,-0.0164632237757136,2,-0.0084275878169674,0.0020183709350532,0000104169-23-000020_acceptance,acceptance
0.0080989719148321,0.0029845287333754,3,0.0023534216110815,0.0057455503037505,0000104169-23-000020_acceptance,acceptance
0.0081764361609575,0.0056398072531045,4,0.0038253954415751,0.0043510407193824,0000104169-23-000020_acceptance,acceptance
0.0167137593977457,0.0016469543057482,5,0.0016119270600671,0.0151018323376786,0000104169-23-000020_acceptance,acceptance
0.0089821585938145,-0.0011222380873464,-5,-0.0004231848365466,0.0094053434303612,0000104169-24-000056_acceptance,acceptance
0.0123638257310754,0.0112017879813663,-4,0.0043213803454846,0.0080424453855907,0000104169-24-000056_acceptance,acceptance
-0.0021170001189878,-0.0019245297153407,-3,-0.0007320550793385,-0.0013849450396492,0000104169-24-000056_acceptance,acceptance
-0.0008514511247661,-0.0028710915621273,-2,-0.0010964671923821,0.0002450160676159,0000104169-24-000056_acceptance,acceptance
-0.0055718507384592,-0.0064829174844615,-1,-0.0024869659968409,-0.0030848847416182,0000104169-24-000056_acceptance,acceptance
0.0029663805480575,0.0063180595049523,0,0.0024412181356274,0.00052516241243,0000104169-24-000056_acceptance,acceptance
0.000164357895322,0.0056491496501236,1,0.0021836978748423,-0.0020193399795202,0000104169-24-000056_acceptance,acceptance
0.0062427756058216,0.0089041739128465,2,0.0034368333922029,0.0028059422136187,0000104169-24-000056_acceptance,acceptance
0.003265333942076,0.003236535401516,3,0.0012548775771737,0.0020104563649022,0000104169-24-000056_acceptance,acceptance
-0.0094385590390201,-0.0014021878490156,4,-0.0005309612956784,-0.0089075977433416,0000104169-24-000056_acceptance,acceptance
-0.0049285138168946,-0.0030549644525015,5,-0.0011672554971718,-0.0037612583197227,0000104169-24-000056_acceptance,acceptance
-0.0425207801064025,-0.0269730913054258,-5,-0.0063293137528332,-0.0361914663535693,0000104169-25-000021_acceptance,acceptance
-0.0043269493868198,-0.0075678653236531,-4,0.000164692004205,-0.0044916413910249,0000104169-25-000021_acceptance,acceptance
-0.0256177109434935,0.0048868699294464,-3,0.0043326992467895,-0.0299504101902831,0000104169-25-000021_acceptance,acceptance
-0.0082161067061251,-0.0138909842068353,-2,-0.0019513550064503,-0.0062647516996748,0000104169-25-000021_acceptance,acceptance
0.010059212090612,0.0212658690830878,-1,0.0098139708845526,0.0002452412060593,0000104169-25-000021_acceptance,acceptance
0.0247218891908851,0.0064161307191059,0,0.0048444700646811,0.019877419126204,0000104169-25-000021_acceptance,acceptance
-0.0213812493591031,-0.0106535121176365,1,-0.0008679271501988,-0.0205133222089042,0000104169-25-000021_acceptance,acceptance
0.0086458948799159,0.0107984955678945,2,0.0063110390489438,0.0023348558309721,0000104169-25-000021_acceptance,acceptance
-0.006023396465084,-0.0021848931523151,3,0.0019661166463855,-0.0079895131114696,0000104169-25-000021_acceptance,acceptance
0.004732635155753,0.0008246534476661,4,0.0029732686870117,0.0017593664687413,0000104169-25-000021_acceptance,acceptance
0.0175622575588589,0.0176460001466336,5,0.0086025729995119,0.008959684559347,0000104169-25-000021_acceptance,acceptance
0.0041050352711353,0.0049923089198982,-5,0.0042959135490708,-0.0001908782779354,0000034088-17-000017_acceptance,acceptance
-0.0103413933345363,-0.0008641180363413,-4,-0.0015195728219362,-0.0088218205126,0000034088-17-000017_acceptance,acceptance
-0.0065611260347856,0.0016785565287558,-3,0.00100532664146,-0.0075664526762456,0000034088-17-000017_acceptance,acceptance
0.0015900707862102,0.0060480661608284,-2,0.0053442902968044,-0.0037542195105942,0000034088-17-000017_acceptance,acceptance
-0.0117230351971564,-0.001082200145408,-1,-0.0017361303821201,-0.0099869048150363,0000034088-17-000017_acceptance,acceptance
0.0105025392541042,0.0004189867216857,0,-0.0002454378777736,0.0107479771318779,0000034088-17-000017_acceptance,acceptance
-0.0085593017169205,0.0014933641914423,1,0.0008214289301577,-0.0093807306470782,0000034088-17-000017_acceptance,acceptance
0.0056733894182721,0.0010179830611165,2,0.0003493710516763,0.0053240183665957,0000034088-17-000017_acceptance,acceptance
-0.0026981330651928,-0.0025783763780462,3,-0.0032218472799057,0.0005237142147128,0000034088-17-000017_acceptance,acceptance
0.0209050548489058,0.0136738546598662,4,0.0129167691163496,0.0079882857325562,0000034088-17-000017_acceptance,acceptance
0.0033724160973322,-0.0058598805035984,5,-0.0064804113602141,0.0098528274575464,0000034088-17-000017_acceptance,acceptance
0.0129523747651956,0.0009735510790762,-5,0.0008101067988734,0.0121422679663221,0000034088-18-000015_acceptance,acceptance
0.0220141064235637,0.0160283763505131,-4,0.0133659796317243,0.0086481267918393,0000034088-18-000015_acceptance,acceptance
0.0168966104411019,0.0117570153438109,-3,0.0098036224036333,0.0070929880374685,0000034088-18-000015_acceptance,acceptance
-0.0169966187385764,-0.0127068884438292,-2,-0.0105995147576784,-0.006397103980898,0000034088-18-000015_acceptance,acceptance
-0.0227095098459783,-0.011095788639207,-1,-0.0092558416227768,-0.0134536682232014,0000034088-18-000015_acceptance,acceptance
-0.0071295044200272,-0.0133243995419872,0,-0.0111145251069553,0.0039850206869281,0000034088-18-000015_acceptance,acceptance
0.0046542417167267,0.005071602744632,1,0.0042279223262841,0.0004263193904426,0000034088-18-000015_acceptance,acceptance
0.0095303032252254,0.011032026532745,2,0.0091989745812335,0.0003313286439918,0000034088-18-000015_acceptance,acceptance
-0.0011804786651291,0.0026388586061694,3,0.0021989897092213,-0.0033794683743504,0000034088-18-000015_acceptance,acceptance
-0.0252030532312012,-0.0004838747205661,4,-0.0004054006994662,-0.0247976525317349,0000034088-18-000015_acceptance,acceptance
-0.0018855464128173,0.0044630782078172,5,0.003720406857844,-0.0056059532706614,0000034088-18-000015_acceptance,acceptance
-0.0090409795588696,-0.0035264367908802,-5,-0.0031778899480907,-0.0058630896107788,0000034088-19-000010_acceptance,acceptance
0.0077099739554553,0.0064111023949868,-4,0.0050040410666832,0.0027059328887721,0000034088-19-000010_acceptance,acceptance
0.001020276292668,0.0012318625699112,-3,0.0007397878984537,0.0002804883942143,0000034088-19-000010_acceptance,acceptance
0.0020382691498133,-0.0007904570968998,-2,-0.0009252601274399,0.0029635292772532,0000034088-19-000010_acceptance,acceptance
0.0102972865195334,-0.0005440493877303,-1,-0.0007223838579505,0.011019670377484,0000034088-19-000010_acceptance,acceptance
-0.0055368409110992,-0.0028255083152146,0,-0.0026007904945014,-0.0029360504165978,0000034088-19-000010_acceptance,acceptance
0.0122739508505291,0.0068953205934343,1,0.005402715207403,0.0068712356431261,0000034088-19-000010_acceptance,acceptance
0.0038748217510062,-0.003880558492514,2,-0.0034694509954899,0.0073442727464962,0000034088-19-000010_acceptance,acceptance
-0.0014941992545657,-0.0011315328231061,3,-0.0012060799572226,-0.000288119297343,0000034088-19-000010_acceptance,acceptance
-0.0113478840800581,-0.0065240986535923,4,-0.0056459720464447,-0.0057019120336134,0000034088-19-000010_acceptance,acceptance
0.0111000194032078,-0.0081257175586835,5,-0.0069646421063374,0.0180646615095452,0000034088-19-000010_acceptance,acceptance
-0.0079548322905611,-0.0038155197636281,-5,-0.0058797421054501,-0.002075090185111,0000034088-20-000016_acceptance,acceptance
-0.0121949020102262,-0.0105181030271228,-4,-0.01311617572786,0.0009212737176338,0000034088-20-000016_acceptance,acceptance
-0.0468460355429058,-0.0335136266712231,-3,-0.0379432571562118,-0.008902778386694,0000034088-20-000016_acceptance,acceptance
-0.0383250622924802,-0.0302799955650561,-2,-0.0344520723489174,-0.0038729899435627,0000034088-20-000016_acceptance,acceptance
-0.021956118062493,-0.003778540605322,-1,-0.0058398176145523,-0.0161163004479407,0000034088-20-000016_acceptance,acceptance
-0.0601769730430966,-0.0441632425840791,0,-0.0494410984552934,-0.0107358745878031,0000034088-20-000016_acceptance,acceptance
0.0325168670164817,-0.0082383404443618,1,-0.0106548335920815,0.0431717006085632,0000034088-20-000016_acceptance,acceptance
0.0474338782927836,0.04603922900611,2,0.0479458600618596,-0.0005119817690759,0000034088-20-000016_acceptance,acceptance
-0.0478840015619328,-0.0281078961210758,3,-0.0321069685539008,-0.0157770330080319,0000034088-20-000016_acceptance,acceptance
0.0218321748629042,0.0422025907744911,4,0.0438036395470436,-0.0219714646841394,0000034088-20-000016_acceptance,acceptance
-0.0440671977895962,-0.0339220770468885,5,-0.0383842399706513,-0.0056829578189449,0000034088-20-000016_acceptance,acceptance
-0.0157048876451323,-0.0044158356273545,-5,-0.0030596993189511,-0.0126451883261812,0000034088-21-000012_acceptance,acceptance
0.00672798104862,-0.0018548966445751,-4,-0.0005165603521874,0.0072445414008074,0000034088-21-000012_acceptance,acceptance
0.0368534106499021,-0.0077328394581538,-3,-0.0063536480431236,0.0432070586930257,0000034088-21-000012_acceptance,acceptance
0.0138122599649308,0.0012563181187927,-2,0.002573029658311,0.0112392303066197,0000034088-21-000012_acceptance,acceptance
0.0299726201952676,0.011351613765979,-1,0.0125981571267895,0.0173744630684781,0000034088-21-000012_acceptance,acceptance
-0.0165784019311924,-0.0244788075251262,0,-0.022983221888369,0.0064048199571766,0000034088-21-000012_acceptance,acceptance
-0.0249282745284656,-0.0047502141699028,1,-0.0033917537360701,-0.0215365207923955,0000034088-21-000012_acceptance,acceptance
0.0373367704000568,0.0237907635068002,2,0.0249508475391778,0.012385922860879,0000034088-21-000012_acceptance,acceptance
-0.0058513040158043,-0.0080808516908706,3,-0.0066992413883318,0.0008479373725274,0000034088-21-000012_acceptance,acceptance
0.0080256947807977,-0.0130662218719981,4,-0.0116499603459568,0.0196756551267545,0000034088-21-000012_acceptance,acceptance
0.0387475223701092,-0.0134172139301002,5,-0.0119985128050299,0.0507460351751391,0000034088-21-000012_acceptance,acceptance
0.0046158863802114,0.000881207755895,-5,0.0044247579390676,0.0001911284411438,0000034088-22-000011_acceptance,acceptance
-0.0015311818352599,-0.021173138152195,-4,-0.0128297524209768,0.0112985705857169,0000034088-22-000011_acceptance,acceptance
-0.0111213243111901,-0.0071661613961429,-3,-0.0018712081704512,-0.0092501161407389,0000034088-22-000011_acceptance,acceptance
-0.0116338066095976,-0.0101429452648328,-2,-0.0042001345560251,-0.0074336720535725,0000034088-22-000011_acceptance,acceptance
0.0040542762461299,-0.0184121228454876,-1,-0.0106696354348572,0.0147239116809872,0000034088-22-000011_acceptance,acceptance
-0.0126349228435314,0.0149568560673292,0,0.0154370282927711,-0.0280719511363025,0000034088-22-000011_acceptance,acceptance
0.0269127872550336,0.0223726776556034,1,0.0212388947800553,0.0056738924749783,0000034088-22-000011_acceptance,acceptance
0.0074510990636118,-0.0024426034406476,2,0.0018243301156997,0.0056267689479121,0000034088-22-000011_acceptance,acceptance
0.0095642279005558,-0.0154735036804118,3,-0.008370567711909,0.0179347956124649,0000034088-22-000011_acceptance,acceptance
0.0171780943744594,0.018642691757321,4,0.0183206907855706,-0.0011425964111111,0000034088-22-000011_acceptance,acceptance
0.0063329552634434,-0.0052546664300883,5,-0.0003757247028203,0.0067086799662638,0000034088-22-000011_acceptance,acceptance
-0.0030062772475132,0.002773175690496,-5,0.0038235326966519,-0.0068298099441651,0000034088-23-000020_acceptance,acceptance
-0.0029291811371888,-0.0137887414891306,-4,-0.0087544844785486,0.0058253033413597,0000034088-23-000020_acceptance,acceptance
-0.038451798084668,-0.0027674058253277,-3,-0.0003842850765439,-0.0380675130081241,0000034088-23-000020_acceptance,acceptance
-0.0009882605206771,-0.0200412342553273,-2,-0.0135029662242356,0.0125147057035585,0000034088-23-000020_acceptance,acceptance
-0.0129532124399701,-0.0015735561458868,-1,0.0005223890487854,-0.0134756014887556,0000034088-23-000020_acceptance,acceptance
0.0092044444763501,0.0053294294160743,0,0.0057648902650888,0.0034395542112612,0000034088-23-000020_acceptance,acceptance
9.030805872622948e-05,-0.0105375514855581,1,-0.0062853546512916,0.0063756627100178,0000034088-23-000020_acceptance,acceptance
-0.0018059207667822,0.0030730045671669,2,0.0040512389893163,-0.0058571597560985,0000034088-23-000020_acceptance,acceptance
-0.0057891847903664,-0.0030360018281855,3,-0.0005882714327425,-0.0052009133576239,0000034088-23-000020_acceptance,acceptance
0.0089163998703392,-0.00472526484568,4,-0.0018711892868188,0.010787589157158,0000034088-23-000020_acceptance,acceptance
0.0045991719421172,0.0075821940867943,5,0.0074757618032497,-0.0028765898611325,0000034088-23-000020_acceptance,acceptance
-0.0008584975449367,0.021122884217414,-5,0.0045280338630306,-0.0053865314079673,0000034088-24-000018_acceptance,acceptance
-0.0087818902984935,0.0003479475462115,-4,-0.0010045552453821,-0.0077773350531113,0000034088-24-000018_acceptance,acceptance
0.0039483008780882,-0.0037867513501905,-3,-0.0021056700378286,0.0060539709159169,0000034088-24-000018_acceptance,acceptance
-0.0021101872676224,0.0017063496993998,-2,-0.0006427981398602,-0.0014673891277621,0000034088-24-000018_acceptance,acceptance
0.0027875359636242,-0.0016581550604305,-1,-0.0015388019488751,0.0043263379124994,0000034088-24-000018_acceptance,acceptance
0.0019172449107427,0.0052290946971491,0,0.0002953467466788,0.0016218981640638,0000034088-24-000018_acceptance,acceptance
0.0126292069213642,0.0080078289488876,1,0.0010353535683435,0.0115938533530206,0000034088-24-000018_acceptance,acceptance
-0.0139833115008433,-0.0011932620709189,2,-0.0014149959449842,-0.012568315555859,0000034088-24-000018_acceptance,acceptance
0.0122651077522837,-0.0101931008834446,3,-0.0038117498306733,0.016076857582957,0000034088-24-000018_acceptance,acceptance
0.0106967074154693,0.0051411032032746,4,0.0002719136653488,0.0104247937501205,0000034088-24-000018_acceptance,acceptance
0.0056195973227108,0.0103041279259514,5,0.0016468826868786,0.0039727146358322,0000034088-24-000018_acceptance,acceptance
-0.030086744586492,-0.0027238667143857,-5,-0.0015839907077182,-0.0285027538787738,0000034088-25-000010_acceptance,acceptance
0.0072659424163894,0.0104262921222306,-4,0.0018885954881136,0.0053773469282757,0000034088-25-000010_acceptance,acceptance
0.001017372239249,-7.194380749464546e-05,-3,-0.0008836926357863,0.0019010648750353,0000034088-25-000010_acceptance,acceptance
0.0175534624797797,0.0024449877750611,-2,-0.0002190419666933,0.017772504446473,0000034088-25-000010_acceptance,acceptance
0.0014527225533707,0.0023769693899173,-1,-0.0002370037045132,0.0016897262578839,0000034088-25-000010_acceptance,acceptance
0.0154125963192115,-0.0043341850761716,0,-0.0020092303860757,0.0174218267052872,0000034088-25-000010_acceptance,acceptance
-0.0116964446295392,-0.0170641267025635,1,-0.0053708490642063,-0.0063255955653328,0000034088-25-000010_acceptance,acceptance
0.0052397626682982,-0.0049691065044024,2,-0.0021768952344251,0.0074166579027234,0000034088-25-000010_acceptance,acceptance
-0.0138401237247353,-0.0046797309154723,3,-0.0021004792999855,-0.0117396444247497,0000034088-25-000010_acceptance,acceptance
-0.0024606880919341,0.0001360242800469,4,-0.0008287741272768,-0.0016319139646572,0000034088-25-000010_acceptance,acceptance
0.0063037261005878,-0.0158645536555098,5,-0.0050540756429993,0.0113578017435872,0000034088-25-000010_acceptance,acceptance
0.0261890394381401,-4.895607156218951e-05,-5,0.0019117060121813,0.0242773334259588,0000034088-26-000045_acceptance,acceptance
-0.0297677033121318,-0.0156610121277019,-4,0.0006601653737008,-0.0304278686858326,0000034088-26-000045_acceptance,acceptance
-0.0098712139626542,0.0004990891480125,-3,0.0019556400629915,-0.0118268540256457,0000034088-26-000045_acceptance,acceptance
-0.0152239408515433,0.0010313220779065,-2,0.0019983065214326,-0.017222247372976,0000034088-26-000045_acceptance,acceptance
0.0307133997031803,0.0055660701474107,-1,0.0023618346482756,0.0283515650549047,0000034088-26-000045_acceptance,acceptance
0.0019246224431745,-0.0028221256867719,0,0.0016893948407152,0.0002352276024593,0000034088-26-000045_acceptance,acceptance
-0.0244419218102662,0.0069397247635067,1,0.0024719536850698,-0.0269138754953361,0000034088-26-000045_acceptance,acceptance
0.0236284239010846,-0.0103856522472848,2,0.0010830646541806,0.022545359246904,0000034088-26-000045_acceptance,acceptance
-0.009949579825038,0.0076516140863223,3,0.0025290223001453,-0.0124786021251834,0000034088-26-000045_acceptance,acceptance
-0.0013399356022909,0.0081363556573399,4,0.002567881613301,-0.0039078172155919,0000034088-26-000045_acceptance,acceptance
-0.0034886106695141,-0.0053655805693283,5,0.0014854987532163,-0.0049741094227304,0000034088-26-000045_acceptance,acceptance
