accession,candidate_count,valid_candidates,word_count,start,end,first_300,last_300,extraction_method,manual_review_required,mda_source_url,mda_source_format,mda_raw_sha256
0001090872-16-000082,2,1,13189,134675,234299," ITEM 7. Management's Discussion and Analysis of Financial Condition and Results of Operations 
 
 The following discussion should be read in conjunction with the consolidated financial statements and notes thereto included elsewhere in this Annual Report on Form 10-K. This report contains forward-l","n these amounts will be realized or released. However, it is reasonably possible that there could be significant changes to our unrecognized tax benefits in the next twelve months due to either the expiration of a statute of limitations or a tax audit settlement. 
 
 
 49 
 
 
 Table of Contents 
 
",item7_block_heading,True,,,
0001090872-17-000018,2,1,12930,130861,228844," ITEM 7. Management's Discussion and Analysis of Financial Condition and Results of Operations 
 
 The following discussion should be read in conjunction with the consolidated financial statements and notes thereto included elsewhere in this Annual Report on Form 10-K. This report contains forward-l","n these amounts will be realized or released. However, it is reasonably possible that there could be significant changes to our unrecognized tax benefits in the next twelve months due to either the expiration of a statute of limitations or a tax audit settlement. 
 
 
 48 
 
 
 Table of Contents 
 
",item7_block_heading,True,,,
0001090872-18-000019,2,1,13171,128687,228666," ITEM 7. Management's Discussion and Analysis of Financial Condition and Results of Operations 
 
 The following discussion should be read in conjunction with the consolidated financial statements and notes thereto included elsewhere in this Annual Report on Form 10-K. This report contains forward-l","ne-time transition tax payable after fiscal year 2019. The transition tax is payable, beginning in fiscal year 2019 over eight years with 8 percent due in each of the first five years, 15 percent in year six, 20 percent in year seven and 25 percent in year eight. 
 
 
 48 
 
 
 Table of Contents 
 
",item7_block_heading,True,,,
0001090872-19-000022,2,1,13923,128662,234679," ITEM 7. Management's Discussion and Analysis of Financial Condition and Results of Operations 
 
 The following discussion should be read in conjunction with the consolidated financial statements and notes thereto included elsewhere in this Annual Report on Form 10-K. This report contains forward-l","cant changes to our unrecognized tax benefits in the next twelve months due to either the expiration of a statute of limitations or a tax audit settlement. The remaining $129 million in other long-term liabilities relates to the one-time transition tax payable. 
 
 
 
 50 
 
 
 Table of Contents 
 
",item7_block_heading,True,,,
0001090872-20-000020,2,1,14470,139012,246569," ITEM 7. Management's Discussion and Analysis of Financial Condition and Results of Operations 
 
 The following discussion should be read in conjunction with the consolidated financial statements and notes thereto included elsewhere in this Annual Report on Form 10-K. This report contains forward-l","sible that there could be significant changes to our unrecognized tax benefits in the next twelve months due to either the expiration of a statute of limitations or a tax audit settlement. The remaining $124 million in other long-term liabilities relates to the one-time transition tax payable. 
 
 
",item7_block_heading,True,,,
0001090872-21-000027,2,1,14724,143492,252922," ITEM 7. Management's Discussion and Analysis of Financial Condition and Results of Operations 
 
 The following discussion should be read in conjunction with the consolidated financial statements and notes thereto included elsewhere in this Annual Report on Form 10-K. This report contains forward-l","t there could be significant changes to our unrecognized tax benefits in the next twelve months due to either the expiration of a statute of limitations or a tax audit settlement. The remaining $124 million included in other long-term liabilities relates to the one-time transition tax payable. 
 
 
",item7_block_heading,True,,,
0001090872-22-000026,2,1,13905,141869,246172," ITEM 7. Management's Discussion and Analysis of Financial Condition and Results of Operations 
 
 The following discussion should be read in conjunction with the consolidated financial statements and notes thereto included elsewhere in this Annual Report on Form 10-K. This report contains forward-l","he next twelve months due to either the expiration of a statute of limitations or a tax audit settlement. As of October 31, 2022, the remaining $117 million included in other long-term liabilities relates to the U.S. transition tax payment which is due in installments over the next four years. 
 
 
",item7_block_heading,True,,,
0001090872-23-000020,2,1,14195,144060,251289," ITEM 7. Management's Discussion and Analysis of Financial Condition and Results of Operations 
 
 The following discussion should be read in conjunction with the consolidated financial statements and notes thereto included elsewhere in this Annual Report on Form 10-K. This report contains forward-l","he next twelve months due to either the expiration of a statute of limitations or a tax audit settlement. As of October 31, 2023, the remaining $94 million included in other long-term liabilities relates to the U.S. transition tax payment which is due in installments over the next three years. 
 
 
",item7_block_heading,True,,,
0001090872-24-000049,2,1,14900,151861,265727," ITEM 7. Management's Discussion and Analysis of Financial Condition and Results of Operations 
 
 The following discussion should be read in conjunction with the consolidated financial statements and notes thereto included elsewhere in this Annual Report on Form 10-K. This report contains forward-l","ax benefits in the next twelve months due to either the expiration of a statute of limitations or a tax audit settlement. As of October 31, 2024, the remaining $51 million included in other long-term liabilities relates to the U.S. transition tax payment which is due within the next two years. 
 
 
",item7_block_heading,True,,,
0001090872-25-000087,2,1,15725,162060,282462," ITEM 7. Management's Discussion and Analysis of Financial Condition and Results of Operations 
 
 The following discussion should be read in conjunction with the consolidated financial statements and notes thereto included elsewhere in this Annual Report on Form 10-K. This report contains forward-l","nable to accurately predict when these amounts will be realized or released. However, it is reasonably possible that there could be significant changes to our unrecognized tax benefits in the next twelve months due to either the expiration of a statute of limitations or a tax audit settlement. 
 
 
",item7_block_heading,True,,,
0001628280-16-020309,2,1,8087,105907,171457," ITEM 7. 
 
 Management’s Discussion and Analysis of Financial Condition and Results of Operations 
 This section and other parts of this Annual Report on Form 10-K ( “ Form 10-K ” ) contain forward-looking statements, within the meaning of the Private Securities Litigation Reform Act of 1995, that ","these legal matters were resolved against the Company in a reporting period for amounts in excess of management’s expectations, the Company’s consolidated financial statements for that reporting period could be materially adversely affected. 
 
 
 Apple Inc. | 2016 Form 10-K | 35 
 
 
 
 
 
 
 
 
 
",item7_block_heading,True,,,
0000320193-17-000070,2,1,8272,107501,174732," ITEM 7. 
 
 Management’s Discussion and Analysis of Financial Condition and Results of Operations 
 This section and other parts of this Annual Report on Form 10-K (“Form 10-K”) contain forward-looking statements, within the meaning of the Private Securities Litigation Reform Act of 1995, that invo","f these legal matters were resolved against the Company in a reporting period for amounts in excess of management’s expectations, the Company’s consolidated financial statements for that reporting period could be materially adversely affected. 
 
 
 Apple Inc. | 2017 Form 10-K | 35 
 
 
 
 
 
 
 
 
",item7_block_heading,True,,,
0000320193-18-000145,2,1,7881,104377,167750," ITEM 7. 
 
 Management’s Discussion and Analysis of Financial Condition and Results of Operations 
 This section and other parts of this Annual Report on Form 10-K (“Form 10-K”) contain forward-looking statements, within the meaning of the Private Securities Litigation Reform Act of 1995, that invo","on is inherently uncertain. If one or more legal matters were resolved against the Company in a reporting period for amounts in excess of management’s expectations, the Company’s financial condition and operating results for that reporting period could be materially adversely affected. 
 
 
 
 
 
 
",item7_block_heading,True,,,
0000320193-19-000119,2,1,4552,86427,124033," ITEM 7. 
 
 Management’s Discussion and Analysis of Financial Condition and Results of Operations 
 This section and other parts of this Annual Report on Form 10-K (“Form 10-K”) contain forward-looking statements, within the meaning of the Private Securities Litigation Reform Act of 1995, that invo","itigation is inherently uncertain. If one or more legal matters were resolved against the Company in a reporting period for amounts above management’s expectations, the Company’s financial condition and operating results for that reporting period could be materially adversely affected. 
 
 
 
 
 
 
",item7_block_heading,True,,,
0000320193-20-000096,2,1,4314,91761,126119," ITEM 7. Management’s Discussion and Analysis of Financial Condition and Results of Operations 
 The following discussion should be read in conjunction with the consolidated financial statements and accompanying notes included in Part II, ITEM 8 of this Form 10-K. This section of this Form 10-K gene","tcome of litigation is inherently uncertain. If one or more legal matters were resolved against the Company in a reporting period for amounts above management’s expectations, the Company’s financial condition and operating results for that reporting period could be materially adversely affected. 
 
",item7_block_heading,True,,,
0000320193-21-000105,2,1,2497,99549,120040," ITEM 7. Management’s Discussion and Analysis of Financial Condition and Results of Operations 
 The following discussion should be read in conjunction with the consolidated financial statements and accompanying notes included in Part II, ITEM 8 of this Form 10-K. This section of this Form 10-K gene"," reasonably estimable, the determination of which requires significant judgment. Resolution of legal matters in a manner inconsistent with management’s expectations could have a material impact on the Company’s financial condition and operating results. 
 
 
 Apple Inc. | 2021 Form 10-K | 25 
 
 
 
",item7_block_heading,True,,,
0000320193-22-000108,2,1,2311,101127,120484," ITEM 7. Management’s Discussion and Analysis of Financial Condition and Results of Operations 
 The following discussion should be read in conjunction with the consolidated financial statements and accompanying notes included in Part II, ITEM 8 of this Form 10-K. This section of this Form 10-K gene"," reasonably estimable, the determination of which requires significant judgment. Resolution of legal matters in a manner inconsistent with management’s expectations could have a material impact on the Company’s financial condition and operating results. 
 
 
 Apple Inc. | 2022 Form 10-K | 25 
 
 
 
",item7_block_heading,True,,,
0000320193-23-000106,2,1,2044,100825,117872," ITEM 7. Management’s Discussion and Analysis of Financial Condition and Results of Operations 
 The following discussion should be read in conjunction with the consolidated financial statements and accompanying notes included in Part II, ITEM 8 of this Form 10-K. This ITEM generally discusses 2023 "," reasonably estimable, the determination of which requires significant judgment. Resolution of legal matters in a manner inconsistent with management’s expectations could have a material impact on the Company’s financial condition and operating results. 
 
 
 Apple Inc. | 2023 Form 10-K | 25 
 
 
 
",item7_block_heading,True,,,
0000320193-24-000123,2,1,2001,105543,122436," ITEM 7. Management’s Discussion and Analysis of Financial Condition and Results of Operations 
 The following discussion should be read in conjunction with the consolidated financial statements and accompanying notes included in Part II, ITEM 8 of this Form 10-K. This ITEM generally discusses 2024 "," reasonably estimable, the determination of which requires significant judgment. Resolution of legal matters in a manner inconsistent with management’s expectations could have a material impact on the Company’s financial condition and operating results. 
 
 
 Apple Inc. | 2024 Form 10-K | 26 
 
 
 
",item7_block_heading,True,,,
0000320193-25-000079,2,1,2358,106178,125752," ITEM 7. Management’s Discussion and Analysis of Financial Condition and Results of Operations 
 The following discussion should be read in conjunction with the consolidated financial statements and accompanying notes included in Part II, ITEM 8 of this Form 10-K. This ITEM generally discusses 2025 "," a loss has been incurred and the amount is reasonably estimable, the determination of which requires significant judgment. Resolution of legal matters in a manner inconsistent with management’s expectations could have a material impact on the Company’s financial condition and operating results. 
 
",item7_block_heading,True,,,
0000947484-17-000015,2,1,27555,420744,663075," ITEM 7. 
 
 MANAGEMENT’S DISCUSSION AND ANALYSIS OF FINANCIAL CONDITION AND RESULTS OF OPERATIONS 
 
 
 The following discussion and analysis contains forward-looking statements which involve inherent risks and uncertainties. All statements other than statements of historical fact are forward-looki","catastrophe loss, for the development of inflationary pressures in a local economy. The anticipated effects of inflation on us are considered in our catastrophe loss models. The actual effects of inflation on our results cannot be accurately known until claims are ultimately settled. 
 
 
 
 
 
 
 
",item7_block_heading,True,,,
0000947484-18-000012,2,1,23802,311016,524153," ITEM 7. 
 
 MANAGEMENT’S DISCUSSION AND ANALYSIS OF FINANCIAL CONDITION AND RESULTS OF OPERATIONS 
 
 
 The following discussion and analysis contains forward-looking statements which involve inherent risks and uncertainties. All statements other than statements of historical fact are forward-looki","catastrophe loss, for the development of inflationary pressures in a local economy. The anticipated effects of inflation on us are considered in our catastrophe loss models. The actual effects of inflation on our results cannot be accurately known until claims are ultimately settled. 
 
 
 
 
 
 
 
",item7_block_heading,True,,,
0000947484-19-000008,2,1,22922,309849,517265," ITEM 7. 
 
 MANAGEMENT’S DISCUSSION AND ANALYSIS OF FINANCIAL CONDITION AND RESULTS OF OPERATIONS 
 
 
 The following discussion and analysis contains forward-looking statements which involve inherent risks and uncertainties. All statements other than statements of historical fact are forward-looki","catastrophe loss, for the development of inflationary pressures in a local economy. The anticipated effects of inflation on us are considered in our catastrophe loss models. The actual effects of inflation on our results cannot be accurately known until claims are ultimately settled. 
 
 
 
 
 
 
 
",item7_block_heading,True,,,
0000947484-20-000012,2,1,19129,307624,477331," ITEM 7. MANAGEMENT’S DISCUSSION AND ANALYSIS OF FINANCIAL CONDITION AND RESULTS OF OPERATIONS 
 
 
 The following is a discussion and analysis of the financial condition and results of operations for the year ended December 31, 2019 and 2018 , including comparisons between 2019 and 2018. Comparison","catastrophe loss, for the development of inflationary pressures in a local economy. The anticipated effects of inflation on us are considered in our catastrophe loss models. The actual effects of inflation on our results cannot be accurately known until claims are ultimately settled. 
 
 
 
 
 
 
 
",item7_block_heading,True,,,
0000947484-21-000028,2,1,19787,271002,440094," ITEM 7. MANAGEMENT’S DISCUSSION AND ANALYSIS OF FINANCIAL CONDITION AND RESULTS OF OPERATIONS 
 
 
 
 
 
 
 
 
 
 The following is a discussion and analysis of the financial condition and results of operations for the year ended December 31, 2020 and 2019. Comparisons between 2019 and 2018 have bee","tastrophe loss, for the development of inflationary pressures in a local economy. The anticipated effects of inflation on us are considered in our catastrophe loss models. The actual effects of inflation on our results cannot be accurately known until claims are ultimately settled. 
 
 
 
 
 
 
 
 
",item7_block_heading,True,,,
0000947484-22-000015,2,1,19432,311765,477810," ITEM 7. MANAGEMENT’S DISCUSSION AND ANALYSIS OF FINANCIAL CONDITION AND RESULTS OF OPERATIONS 
 
 
 
 
 
 
 
 
 
 The following is a discussion and analysis of the financial condition and results of operations for the year ended December 31, 2021 and 2020. Comparisons between 2020 and 2019 have bee"," local economy. The anticipated effects of inflation on us are considered in our catastrophe loss models. The actual effects of inflation on our results cannot be accurately known until claims are ultimately settled. 
 
 
 
 
 
 
 
 
 
 
 
 
 
 
 
 
 
 
 
 
 
 
 
 
 
 
 
 
 
 
 
 
 
 
 
 
 
 
 
 
 
",item7_block_heading,True,,,
0000947484-23-000015,2,1,18969,333416,494294," ITEM 7. MANAGEMENT’S DISCUSSION AND ANALYSIS OF FINANCIAL CONDITION AND RESULTS OF OPERATIONS 
 
 
 
 
 
 
 The following is a discussion and analysis of the financial condition and results of operations for the year ended December 31, 2022 and 2021. Comparisons between 2021 and 2020 have been omit","ement, across all lines of business and types of loss including natural catastrophe events. The actual effects of inflation on our results cannot be accurately known until claims are ultimately settled and will vary by the specific type of inflation affecting each line of business. 
 
 
 
 
 
 
 
 
",item7_block_heading,True,,,
0000947484-24-000020,2,1,18654,348293,504731," ITEM 7. MANAGEMENT’S DISCUSSION AND ANALYSIS OF FINANCIAL CONDITION AND RESULTS OF OPERATIONS 
 
 
 
 
 
 
 The following is a discussion and analysis of the financial condition and results of operations for the year ended December 31, 2023 and 2022. Comparisons between 2022 and 2021 have been omit","ement, across all lines of business and types of loss including natural catastrophe events. The actual effects of inflation on our results cannot be accurately known until claims are ultimately settled and will vary by the specific type of inflation affecting each line of business. 
 
 
 
 
 
 
 
 
",item7_block_heading,True,,,
0000947484-25-000017,2,1,18789,361109,520232," ITEM 7. MANAGEMENT’S DISCUSSION AND ANALYSIS OF FINANCIAL CONDITION AND RESULTS OF OPERATIONS 
 
 
 
 
 
 
 The following is a discussion and analysis of the financial condition and results of operations for the year ended December 31, 2024 and 2023. Comparisons between 2023 and 2022 have been omit"," across all lines of business and types of loss including natural catastrophe events. The actual effects of inflation on our results cannot be accurately known until claims are ultimately settled and will vary by the specific type of inflation affecting each line of business. 
 
 
 
 
 
 
 
 
 
 
 
",item7_block_heading,True,,,
0000947484-26-000017,2,1,18634,368671,526777," ITEM 7. MANAGEMENT’S DISCUSSION AND ANALYSIS OF FINANCIAL CONDITION AND RESULTS OF OPERATIONS 
 
 
 
 
 
 
 The following is a discussion and analysis of the financial condition and results of operations for the year ended December 31, 2025 and 2024. Comparisons between 2024 and 2023 have been omit","ement, across all lines of business and types of loss including natural catastrophe events. The actual effects of inflation on our results cannot be accurately known until claims are ultimately settled and will vary by the specific type of inflation affecting each line of business. 
 
 
 
 
 
 
 
 
",item7_block_heading,True,,,
0000769397-16-000067,2,1,15534,151347,273397," ITEM 7. 
 
 MANAGEMENT’S DISCUSSION AND ANALYSIS OF FINANCIAL CONDITION AND RESULTS OF OPERATIONS 
 
 The discussion in our MD&A and elsewhere in this Form 10-K contains trend analyses and other forward-looking statements within the meaning of Section 27A of the Securities Act of 1933 and Section 2","ents for further discussion. 
 
 Off-Balance Sheet Arrangements 
 
 As of January 31, 2016 , we did not have any significant off-balance sheet arrangements other than operating leases, as defined in ITEM 303(a)(4)(ii) of Regulation S-K. 
 
 
 
 2016 Form 10-K 63 
 
 
 Table of Contents 
 
 
 
 
 
 
",item7_block_heading,True,,,
0000769397-17-000014,2,1,14340,151782,267023," ITEM 7. 
 
 MANAGEMENT’S DISCUSSION AND ANALYSIS OF FINANCIAL CONDITION AND RESULTS OF OPERATIONS 
 
 The discussion in our MD&A and elsewhere in this Form 10-K contains trend analyses and other forward-looking statements within the meaning of Section 27A of the Securities Act of 1933 and Section 2","or further discussion. 
 
 Off-Balance Sheet Arrangements 
 
 As of January 31, 2017 , we did not have any significant off-balance sheet arrangements other than operating leases, as defined in ITEM 303(a)(4)(ii) of Regulation S-K. 
 
 
 
 
 2017 Form 10-K 61 
 
 
 
 Table of Contents 
 
 
 
 
 
 
 
",item7_block_heading,True,,,
0000769397-18-000011,2,1,14086,145183,258894," ITEM 7. 
 
 MANAGEMENT’S DISCUSSION AND ANALYSIS OF FINANCIAL CONDITION AND RESULTS OF OPERATIONS 
 
 The discussion in our MD&A and elsewhere in this Form 10-K contains trend analyses and other forward-looking statements within the meaning of Section 27A of the Securities Act of 1933 and Section 2"," for further discussion. 
 
 Off-Balance Sheet Arrangements 
 
 As of January 31, 2018 , we did not have any significant off-balance sheet arrangements other than operating leases, as defined in ITEM 303(a)(4)(ii) of Regulation S-K. 
 
 
 
 
 2018 Form 10-K 60 
 
 
 Table of Contents 
 
 
 
 
 
 
 
",item7_block_heading,True,,,
0000769397-19-000016,2,1,13642,133025,246966," ITEM 7. 
 
 MANAGEMENT’S DISCUSSION AND ANALYSIS OF FINANCIAL CONDITION AND RESULTS OF OPERATIONS 
 
 The discussion in our MD&A and elsewhere in this Form 10-K contains trend analyses and other forward-looking statements within the meaning of Section 27A of the Securities Act of 1933 and Section 2"," for further discussion. 
 
 OFF-BALANCE SHEET ARRANGEMENTS 
 
 As of January 31, 2019 , we did not have any significant off-balance sheet arrangements other than operating leases, as defined in ITEM 303(a)(4)(ii) of Regulation S-K. 
 
 
 
 
 2019 Form 10-K 59 
 
 
 Table of Contents 
 
 
 
 
 
 
 
",item7_block_heading,True,,,
0000769397-20-000013,2,1,12470,141175,244006," ITEM 7. 
 
 MANAGEMENT’S DISCUSSION AND ANALYSIS OF FINANCIAL CONDITION AND RESULTS OF OPERATIONS 
 
 The discussion in our MD&A and elsewhere in this Form 10-K contains trend analyses and other forward-looking statements within the meaning of Section 27A of the Securities Act of 1933 and Section 2","idated Financial Statements for further discussion. 
 
 OFF-BALANCE SHEET ARRANGEMENTS 
 
 As of January 31, 2020 , we did not have any significant off-balance sheet arrangements as defined in ITEM 303(a)(4)(ii) of Regulation S-K. 
 
 
 
 
 2020 Form 10-K 58 
 
 
 Table of Contents 
 
 
 
 
 
 
 
 
",item7_block_heading,True,,,
0000769397-21-000014,2,1,12236,155191,252274," ITEM 7. MANAGEMENT’S DISCUSSION AND ANALYSIS OF FINANCIAL CONDITION AND RESULTS OF OPERATIONS 
 
 The following discussion and analysis of our financial condition and results of operations should be read in conjunction with our consolidated financial statements and related notes appearing in Part I","ram,” in the Notes to Consolidated Financial Statements for further discussion. 
 
 OFF-BALANCE SHEET ARRANGEMENTS 
 
 As of January 31, 2021, we did not have any significant off-balance sheet arrangements as defined in ITEM 303(a)(4)(ii) of Regulation S-K. 
 
 
 
 
 61 
 
 
 Table of Contents 
 
 
",item7_block_heading,True,,,
0000769397-22-000019,2,1,12166,163776,260251," ITEM 7. MANAGEMENT’S DISCUSSION AND ANALYSIS OF FINANCIAL CONDITION AND RESULTS OF OPERATIONS 
 
 The following discussion and analysis of our financial condition and results of operations should be read in conjunction with our consolidated financial statements and related notes appearing in Part I","purchase under the repurchase program approved by the Board of Directors. This program does not have a fixed expiration date. See Part II, ITEM 8, Note 11, “Stock Repurchase Program,” in the Notes to Consolidated Financial Statements for further discussion. 
 
 
 
 
 63 
 
 
 Table of Contents 
 
 
",item7_block_heading,True,,,
0000769397-23-000036,2,1,12224,160279,256334," ITEM 7. MANAGEMENT’S DISCUSSION AND ANALYSIS OF FINANCIAL CONDITION AND RESULTS OF OPERATIONS 
 
 The following discussion and analysis of our financial condition and results of operations should be read in conjunction with our consolidated financial statements and related notes appearing in Part I","ber 2022 repurchase programs approved by the Board of Director, respectively. The plans do not have a fixed expiration dat e. See Part II, ITEM 8, Note 12, “Stock Repurchase Program,” in the Notes to Consolidated Financial Statements for further discussion. 
 
 
 
 
 62 
 
 
 Table of Contents 
 
 
",item7_block_heading,True,,,
0000769397-24-000090,2,1,12767,182336,282142," ITEM 7. MANAGEMENT’S DISCUSSION AND ANALYSIS OF FINANCIAL CONDITION AND RESULTS OF OPERATIONS 
 
 The following discussion and analysis of our financial condition and results of operations should be read in conjunction with our consolidated financial statements and related notes appearing in Part I","r the November 2022 repurchase program approved by the Board of Directors. The plan does not have a fixed expiration dat e. See Part II, ITEM 8, Note 12, “Stock Repurchase Program,” in the Notes to Consolidated Financial Statements for further discussion. 
 
 
 
 
 
 66 
 
 
 Table of Contents 
 
 
",item7_block_heading,True,,,
0000769397-25-000019,2,1,11469,183670,274627," ITEM 7. MANAGEMENT’S DISCUSSION AND ANALYSIS OF FINANCIAL CONDITION AND RESULTS OF OPERATIONS 
 
 The following discussion and analysis of our financial condition and results of operations should be read in conjunction with our consolidated financial statements and related notes appearing in Part I","022 and November 2024 repurchase programs approved by the Board of Directors. The plans do not have a fixed expiration dat e. See Part II, ITEM 8, Note 12, “Stock Repurchase Program,” in the Notes to Consolidated Financial Statements for further discussion. 
 
 
 
 
 
 65 
 
 
 Table of Contents 
 
",item7_block_heading,True,,,
0001002910-17-000054,2,1,22238,171354,360923," ITEM 7. 
 
 MANAGEMENT'S DISCUSSION AND ANALYSIS OF FINANCIAL CONDITION AND RESULTS OF OPERATIONS 
 
 
 
 Ameren, headquartered in St. Louis, Missouri, is a public utility holding company under PUHCA 2005. Ameren’s primary assets are its equity interests in its subsidiaries, including Ameren Missou"," costs are generally reflected in billings to natural gas customers through PGA clauses. 
 See Part I, ITEM 1, and Note 2 – Rate and Regulatory Matters under Part II, ITEM 8, of this report for additional information on our cost recovery mechanisms. 
 
 
 65 
 
 
 Table of Contents 
 
 
 
 
 
 
 
 
",item7_block_heading,True,,,
0001002910-18-000069,2,1,21710,181657,363694," ITEM 7. 
 
 MANAGEMENT’S DISCUSSION AND ANALYSIS OF FINANCIAL CONDITION AND RESULTS OF OPERATIONS 
 
 Ameren, headquartered in St. Louis, Missouri, is a public utility holding company whose primary assets are its equity interests in its subsidiaries. Ameren’s subsidiaries are separate, independent ","jurisdictions, changes in natural gas costs are generally reflected in billings to natural gas customers through PGA clauses. 
 See Part I, ITEM 1, and Note 2 – Rate and Regulatory Matters under Part II, ITEM 8, of this report for additional information on our cost recovery mechanisms. 
 
 
 
 
 
 
",item7_block_heading,True,,,
0001002910-19-000094,2,1,21741,180803,361228," ITEM 7. 
 
 MANAGEMENT’S DISCUSSION AND ANALYSIS OF FINANCIAL CONDITION AND RESULTS OF OPERATIONS 
 
 Ameren, headquartered in St. Louis, Missouri, is a public utility holding company whose primary assets are its equity interests in its subsidiaries. Ameren’s subsidiaries are separate, independent ","jurisdictions, changes in natural gas costs are generally reflected in billings to natural gas customers through PGA clauses. 
 See Part I, ITEM 1, and Note 2 – Rate and Regulatory Matters under Part II, ITEM 8, of this report for additional information on our cost recovery mechanisms. 
 
 
 
 
 
 
",item7_block_heading,True,,,
0001002910-20-000077,2,1,18201,169601,318583," ITEM 7. 
 
 MANAGEMENT’S DISCUSSION AND ANALYSIS OF FINANCIAL CONDITION AND RESULTS OF OPERATIONS 
 
 Ameren, headquartered in St. Louis, Missouri, is a public utility holding company whose primary assets are its equity interests in its subsidiaries. Ameren’s subsidiaries are separate, independent ","lity jurisdictions, changes in natural gas costs are generally reflected in billings to natural gas customers through PGA clauses. 
 See Part I, ITEM 1, and Note 2 – Rate and Regulatory Matters under Part II, ITEM 8, of this report for additional information on our recovery mechanisms. 
 
 
 
 
 
 
",item7_block_heading,True,,,
0001002910-21-000065,2,1,20296,189527,349496," ITEM 7. MANAGEMENT’S DISCUSSION AND ANALYSIS OF FINANCIAL CONDITION AND RESULTS OF OPERATIONS 
 
 Ameren, headquartered in St. Louis, Missouri, is a public utility holding company whose primary assets are its equity interests in its subsidiaries. Ameren’s subsidiaries are separate, independent lega","al gas utility jurisdictions, changes in natural gas costs are generally reflected in billings to natural gas customers through PGA clauses. 
 See Part I, ITEM 1, and Note 2 – Rate and Regulatory Matters under Part II, ITEM 8, of this report for additional information on our recovery mechanisms. 
 
",item7_block_heading,True,,,
0001002910-22-000038,2,1,22881,196255,374402," ITEM 7. MANAGEMENT’S DISCUSSION AND ANALYSIS OF FINANCIAL CONDITION AND RESULTS OF OPERATIONS 
 
 Ameren, headquartered in St. Louis, Missouri, is a public utility holding company whose primary assets are its equity interests in its subsidiaries. Ameren’s subsidiaries are separate, independent lega","te increased by 0.25% 
 63 
 
 
 Increase in the estimated decommissioning costs by 10% 
 94 
 
 
 
 Two-year deferral in timing of cash expenditures 
 (8) 
 
 Impact of New Accounting Pronouncements 
 See Note 1 – Summary of Significant Accounting Policies under Part II, ITEM 8, of this report. 
 
",item7_block_heading,True,,,
0001002910-23-000053,2,1,25021,201713,394819," ITEM 7. MANAGEMENT’S DISCUSSION AND ANALYSIS OF FINANCIAL CONDITION AND RESULTS OF OPERATIONS 
 
 Ameren, headquartered in St. Louis, Missouri, is a public utility holding company whose primary assets are its equity interests in its subsidiaries. Ameren’s subsidiaries are separate, independent lega","e increased by 0.25% 
 27 
 
 
 Increase in the estimated decommissioning costs by 10% 
 43 
 
 
 
 Two-year deferral in timing of cash expenditures 
 (28) 
 
 Impact of New Accounting Pronouncements 
 See Note 1 – Summary of Significant Accounting Policies under Part II, ITEM 8, of this report. 
 
",item7_block_heading,True,,,
0001002910-24-000056,2,1,24865,203989,396271," ITEM 7. MANAGEMENT’S DISCUSSION AND ANALYSIS OF FINANCIAL CONDITION AND RESULTS OF OPERATIONS 
 
 Ameren, headquartered in St. Louis, Missouri, is a public utility holding company whose primary assets are its equity interests in its subsidiaries. Ameren’s subsidiaries are separate, independent lega","e increased by 0.25% 
 28 
 
 
 Increase in the estimated decommissioning costs by 10% 
 45 
 
 
 
 Two-year deferral in timing of cash expenditures 
 (30) 
 
 Impact of New Accounting Pronouncements 
 See Note 1 – Summary of Significant Accounting Policies under Part II, ITEM 8, of this report. 
 
",item7_block_heading,True,,,
0001002910-25-000055,2,1,24421,192355,382266," ITEM 7. MANAGEMENT’S DISCUSSION AND ANALYSIS OF FINANCIAL CONDITION AND RESULTS OF OPERATIONS 
 
 Ameren, headquartered in St. Louis, Missouri, is a public utility holding company whose primary assets are its equity interests in its subsidiaries. Ameren’s subsidiaries are separate, independent lega"," Increase in the estimated decommissioning costs by 10% 
 47 
 
 
 
 Two-year deferral in timing of cash expenditures 
 (31) 
 
 Impact of New Accounting Pronouncements 
 See Note 1 – Summary of Significant Accounting Policies under Part II, ITEM 8, of this report. 
 
 
 76 
 
 
 Table of Contents 
",item7_block_heading,True,,,
0001002910-26-000009,2,1,22418,203112,377691," ITEM 7. MANAGEMENT’S DISCUSSION AND ANALYSIS OF FINANCIAL CONDITION AND RESULTS OF OPERATIONS 
 
 Ameren, headquartered in St. Louis, Missouri, is a public utility holding company whose primary assets are its equity interests in its subsidiaries. Ameren’s subsidiaries are separate, independent lega"," Increase in the estimated decommissioning costs by 10% 
 48 
 
 
 
 Two-year deferral in timing of cash expenditures 
 (33) 
 
 Impact of New Accounting Pronouncements 
 See Note 1 – Summary of Significant Accounting Policies under Part II, ITEM 8, of this report. 
 
 
 76 
 
 
 Table of Contents 
",item7_block_heading,True,,,
0001564590-17-001649,2,1,12538,363658,464034," ITEM 7. 
 
 
 
 MANAGEMENT’S DISCUSSION AND ANALYSIS OF FINANCIAL CONDITION AND RESULTS OF OPERATIONS 
 
 Overview 
 
 We are a biopharmaceutical company developing novel therapeutics based on RNAi. Our research and development strategy is focused primarily on the use of our proprietary GalNAc-conj","ng Pronouncements 
 
 Please read Note 2 to our consolidated financial statements included in Part II, ITEM 8, “Financial Statements and Supplementary Data,” of this annual report on Form 10-K for a description of recent accounting pronouncements applicable to our business. 
 
 
 
 
 
 
 
 
 
 
 
 
",item7_block_heading,True,,,
0001564590-18-002152,2,1,12895,369147,472730," ITEM 7. 
 
 
 
 MANAGEMENT’S DISCUSSION AND ANALYSIS OF FINANCIAL CONDITION AND RESULTS OF OPERATIONS 
 
 Overview 
 
 We are a global biopharmaceutical company developing novel therapeutics based on RNAi. RNAi is a naturally occurring biological pathway within cells for sequence-specific silencing","ng Pronouncements 
 
 Please read Note 2 to our consolidated financial statements included in Part II, ITEM 8, “Financial Statements and Supplementary Data,” of this annual report on Form 10-K for a description of recent accounting pronouncements applicable to our business. 
 
 
 
 
 
 
 
 
 
 
 
 
",item7_block_heading,True,,,
0001564590-19-003022,2,1,16026,392189,519717," ITEM 7. 
 
 
 
 MANAGEMENT’S DISCUSSION AND ANALYSIS OF FINANCIAL CONDITION AND RESULTS OF OPERATIONS 
 
 Overview 
 
 We are a global commercial-stage biopharmaceutical company developing novel therapeutics based on RNAi. RNAi is a naturally occurring biological pathway within cells for sequence-s","unting Pronouncements 
 
 Please read Note 2 to our consolidated financial statements included in Part II, ITEM 8, “Financial Statements and Supplementary Data,” of this annual report on Form 10-K for a description of recent accounting pronouncements applicable to our business. 
 
 
 
 
 
 
 
 
 
 
",item7_block_heading,True,,,
0001178670-20-000004,2,1,5764,362055,408505," ITEM 7. MANAGEMENT’S DISCUSSION AND ANALYSIS OF FINANCIAL CONDITION AND RESULTS OF OPERATIONS 
 
 Overview 
 We are a global commercial-stage biopharmaceutical company that discovers, develops, manufactures and commercializes novel therapeutics based on RNAi. Our commercialized products and broad p","nts. 
 
 Recent Accounting Pronouncements 
 Please read Note 2 to our consolidated financial statements included in Part II, ITEM 8, “Financial Statements and Supplementary Data,” of this annual report on Form 10-K for a description of recent accounting pronouncements applicable to our business. 
 
",item7_block_heading,True,,,
0001178670-21-000010,2,1,4514,424855,464382," ITEM 7. MANAGEMENT’S DISCUSSION AND ANALYSIS OF FINANCIAL CONDITION AND RESULTS OF OPERATIONS 
 
 Overview 
 We are a global commercial-stage biopharmaceutical company that discovers, develops, manufactures and commercializes novel therapeutics based on RNAi. Our commercial products and broad pipel","nts. 
 
 Recent Accounting Pronouncements 
 Please read Note 2 to our consolidated financial statements included in Part II, ITEM 8, “Financial Statements and Supplementary Data,” of this annual report on Form 10-K for a description of recent accounting pronouncements applicable to our business. 
 
",item7_block_heading,True,,,
0001178670-22-000013,2,1,3706,444862,478801," ITEM 7. MANAGEMENT’S DISCUSSION AND ANALYSIS OF FINANCIAL CONDITION AND RESULTS OF OPERATIONS 
 
 Overview 
 We are a global commercial-stage biopharmaceutical company that discovers, develops, manufactures and commercializes novel therapeutics based on RNAi. Our commercial products and broad pipel","tes. 
 
 Recent Accounting Pronouncements 
 Please read Note 2 to our consolidated financial statements included in Part II, ITEM 8, “Financial Statements and Supplementary Data,” of this Annual Report on Form 10-K for a description of recent accounting pronouncements applicable to our business. 
 
",item7_block_heading,True,,,
0001178670-23-000005,2,1,3667,458951,493110," ITEM 7. MANAGEMENT’S DISCUSSION AND ANALYSIS OF FINANCIAL CONDITION AND RESULTS OF OPERATIONS 
 
 
 84 
 
 
 Table of Contents 
 Overview 
 We are a global commercial-stage biopharmaceutical company that discovers, develops, manufactures and commercializes novel therapeutics based on RNAi. Our comm","ntents 
 Recent Accounting Pronouncements 
 Please read Note 2 to our consolidated financial statements included in Part II, ITEM 8, “Financial Statements and Supplementary Data,” of this Annual Report on Form 10-K for a description of recent accounting pronouncements applicable to our business. 
 
",item7_block_heading,True,,,
0001178670-24-000008,2,1,3872,458971,494943," ITEM 7. MANAGEMENT’S DISCUSSION AND ANALYSIS OF FINANCIAL CONDITION AND RESULTS OF OPERATIONS 
 
 Overview 
 We are a global commercial-stage biopharmaceutical company that discovers, develops, manufactures and commercializes novel therapeutics based on RNAi. Our commercial products and broad pipel"," 
 
 
 90 
 
 
 Table of Con tents 
 Recent Accounting Pronouncements 
 Please read Note 2 to our consolidated financial statements included in Part II, ITEM 8, “Financial Statements and Supplementary Data” of this Annual Report on Form 10-K for a description of recent accounting pronouncements. 
 
",item7_block_heading,True,,,
0001178670-25-000026,2,1,3926,429319,466678," ITEM 7. MANAGEMENT’S DISCUSSION AND ANALYSIS OF FINANCIAL CONDITION AND RESULTS OF OPERATIONS 
 
 Overview 
 We are a global commercial-stage biopharmaceutical company that discovers, develops, manufactures and commercializes novel therapeutics based on RNAi. Our commercial products and broad pipel","ccounting Pronouncements 
 Please read Note 2, Summary of Significant Accounting Policies, to our consolidated financial statements included in Part II, ITEM 8, “Financial Statements and Supplementary Data” of this Annual Report on Form 10-K for a description of recent accounting pronouncements. 
 
",item7_block_heading,True,,,
0001628280-26-007497,2,1,4219,446035,485458," ITEM 7. MANAGEMENT’S DISCUSSION AND ANALYSIS OF FINANCIAL CONDITION AND RESULTS OF OPERATIONS 
 
 Overview 
 We are a global commercial-stage biopharmaceutical company that discovers, develops, manufactures and commercializes novel therapeutics based on RNAi. Our commercial products and broad pipel","ccounting Pronouncements 
 Please read Note 2, Summary of Significant Accounting Policies, to our consolidated financial statements included in Part II, ITEM 8, “Financial Statements and Supplementary Data” of this Annual Report on Form 10-K for a description of recent accounting pronouncements. 
 
",item7_block_heading,True,,,
0000006951-16-000068,2,1,9798,107582,198162," ITEM 7: 
 
 Management’s Discussion and Analysis of Financial Condition and Results of Operations 
 Introduction 
 Management’s Discussion and Analysis of Financial Condition and Results of Operations (MD&A) is intended to facilitate an understanding of Applied’s business and results of operations.","
 Note: The reconciliation of GAAP and non-GAAP adjusted segment results above does not include certain revenues, costs of products sold and operating expenses that are reported within corporate and other and included in consolidated operating income. 
 
 
 49 
 
 
 Table of Contents 
 
 
 
 
 
 
 
",item7_block_heading,True,,,
0000006951-17-000038,2,1,8715,105384,182559," ITEM 7: 
 
 Management’s Discussion and Analysis of Financial Condition and Results of Operations 
 Introduction 
 Management’s Discussion and Analysis of Financial Condition and Results of Operations (MD&A) is intended to facilitate an understanding of Applied’s business and results of operations.","
 Note: The reconciliation of GAAP and non-GAAP adjusted segment results above does not include certain revenues, costs of products sold and operating expenses that are reported within corporate and other and included in consolidated operating income. 
 
 
 47 
 
 
 Table of Contents 
 
 
 
 
 
 
 
",item7_block_heading,True,,,
0000006951-18-000041,2,1,8586,104417,180570," ITEM 7: 
 
 Management’s Discussion and Analysis of Financial Condition and Results of Operations 
 Introduction 
 Management’s Discussion and Analysis of Financial Condition and Results of Operations (MD&A) is intended to facilitate an understanding of Applied’s business and results of operations.","
 Note: The reconciliation of GAAP and non-GAAP adjusted segment results above does not include certain revenues, costs of products sold and operating expenses that are reported within corporate and other and included in consolidated operating income. 
 
 
 47 
 
 
 Table of Contents 
 
 
 
 
 
 
 
",item7_block_heading,True,,,
0000006951-19-000046,2,1,8790,103960,180697," ITEM 7: Management’s Discussion and Analysis of Financial Condition and Results of Operations 
 Introduction 
 Management’s Discussion and Analysis of Financial Condition and Results of Operations (MD&A) is intended to facilitate an understanding of Applied’s business and results of operations. Thi","
 
 
 
 
 
 Note: The reconciliation of GAAP and non-GAAP adjusted segment results above does not include certain revenues, costs of products sold and operating expenses that are reported within corporate and other and included in consolidated operating income. 
 
 
 
 
 51 
 
 Table of Contents 
 
",item7_block_heading,True,,,
0000006951-20-000048,2,1,9413,118079,198893," ITEM 7: Management’s Discussion and Analysis of Financial Condition and Results of Operations 
 Introduction 
 Management’s Discussion and Analysis of Financial Condition and Results of Operations (MD&A) is intended to facilitate an understanding of Applied’s business and results of operations. Thi","9 pandemic. 
 Note: The reconciliation of GAAP and non-GAAP adjusted segment results above does not include certain revenues, costs of products sold and operating expenses that are reported within corporate and other and included in consolidated operating income. 
 
 
 54 
 
 
 Table of Contents 
 
",item7_block_heading,True,,,
0000006951-21-000043,2,1,9088,121675,201147," ITEM 7: Management’s Discussion and Analysis of Financial Condition and Results of Operations 
 Introduction 
 Management’s Discussion and Analysis of Financial Condition and Results of Operations (MD&A) is intended to facilitate an understanding of Applied’s business and results of operations. Thi","t business. 
 Note: The reconciliation of GAAP and non-GAAP adjusted segment results above does not include certain revenues, costs of products sold and operating expenses that are reported within corporate and other and included in consolidated operating income. 
 
 
 54 
 
 
 Table of Contents 
 
",item7_block_heading,True,,,
0000006951-22-000043,2,1,8976,127206,205008," ITEM 7: Management’s Discussion and Analysis of Financial Condition and Results of Operations 
 Introduction 
 Management’s Discussion and Analysis of Financial Condition and Results of Operations (MD&A) is intended to facilitate an understanding of Applied’s business and results of operations. Thi","s business. 
 Note: The reconciliation of GAAP and non-GAAP adjusted segment results above does not include certain revenues, costs of products sold and operating expenses that are reported within corporate and other and included in consolidated operating income. 
 
 
 55 
 
 
 Table of Contents 
 
",item7_block_heading,True,,,
0000006951-23-000041,2,1,7124,121751,180352," ITEM 7: Management’s Discussion and Analysis of Financial Condition and Results of Operations 
 Introduction 
 Management’s Discussion and Analysis of Financial Condition and Results of Operations (MD&A) is intended to facilitate an understanding of our business and results of operations. This MD&A","ficant judgment in estimating the impact of uncertainties in the application of complex tax laws. Resolution of these uncertainties in a manner inconsistent with our expectations could have a material impact on our results of operations and financial condition. 
 
 
 
 49 
 
 
 Table of Contents 
 
",item7_block_heading,True,,,
0000006951-24-000044,2,1,5332,127581,170052," ITEM 7: Management’s Discussion and Analysis of Financial Condition and Results of Operations 
 Introduction 
 Management’s Discussion and Analysis of Financial Condition and Results of Operations (MD&A) is intended to facilitate an understanding of our business and results of operations. This MD&A"," These estimates consider future operational results including realizability of our deferred tax assets. Deferred tax assets and liabilities are adjusted to reflect the effects of enacted changes in tax rates, laws and status, including changes in tax incentives. 
 
 
 43 
 
 
 Table of Contents 
 
",item7_block_heading,True,,,
0001628280-25-056742,2,1,5663,117708,162081," ITEM 7: Management’s Discussion and Analysis of Financial Condition and Results of Operations 
 Introduction 
 Management’s Discussion and Analysis of Financial Condition and Results of Operations (MD&A) is intended to facilitate an understanding of our business and results of operations. This MD&A","ferred tax asset. We reviewed potential tax-planning strategies to accelerate income recognition within a reasonable time, but none were prudent and feasible. We will continue to evaluate new strategies as additional One Big Beautiful Bill Act guidance is issued. 
 
 
 38 
 
 
 Table of Contents 
 
",item7_block_heading,True,,,
0001628280-17-001652,2,1,11316,141196,233338," ITEM 7. Management’s Discussion and Analysis of Financial Condition and Results of Operations 
 
 EXECUTIVE SUMMARY OF 2016 FINANCIAL RESULTS 
 During 2016 , we continued to face headwinds that adversely impacted our business. In our Risk Solutions segment, these headwinds included adverse changes ","unting Principles and Practices” of the Notes to Consolidated Financial Statements contains a summary of our significant accounting policies, including a discussion of recently issued accounting pronouncements and their impact or future potential impact on our financial results, if determinable. 
 
",item7_block_heading,True,,,
0001628280-18-001923,2,1,12079,137932,236601," ITEM 7. Management’s Discussion and Analysis of Financial Condition and Results of Operations 
 
 EXECUTIVE SUMMARY OF 2017 FINANCIAL RESULTS 
 Aon plc is a leading global professional services firm that provides advice and solutions to clients focused on risk, retirement, and health, delivering di","unting Principles and Practices” of the Notes to Consolidated Financial Statements contains a summary of our significant accounting policies, including a discussion of recently issued accounting pronouncements and their impact or future potential impact on our financial results, if determinable. 
 
",item7_block_heading,True,,,
0001628280-19-001558,2,1,12293,131073,232718," ITEM 7. Management’s Discussion and Analysis of Financial Condition and Results of Operations 
 
 EXECUTIVE SUMMARY OF 2018 FINANCIAL RESULTS 
 Aon is a leading global professional services firm providing a broad range of risk, retirement, and health solutions underpinned by proprietary data and an","unting Principles and Practices” of the Notes to Consolidated Financial Statements contains a summary of our significant accounting policies, including a discussion of recently issued accounting pronouncements and their impact or future potential impact on our financial results, if determinable. 
 
",item7_block_heading,True,,,
0001628280-20-001607,2,1,11437,132088,227249," ITEM 7. Management’s Discussion and Analysis of Financial Condition and Results of Operations 
 
 EXECUTIVE SUMMARY OF 2019 FINANCIAL RESULTS 
 Aon is a leading global professional services firm providing a broad range of risk, retirement, and health solutions underpinned by proprietary data and an","f the Notes to Consolidated Financial Statements in Part II, ITEM 8 of this report contains a summary of our significant accounting policies, including a discussion of recently issued accounting pronouncements and their impact or future potential impact on our financial results, if determinable. 
 
",item7_block_heading,True,,,
0001628280-21-002574,2,1,12303,150724,247084," ITEM 7. Management’s Discussion and Analysis of Financial Condition and Results of Operations 
 
 EXECUTIVE SUMMARY OF 2020 FINANCIAL RESULTS 
 Aon is a leading global professional services firm providing a broad range of risk, retirement, and health solutions underpinned by proprietary data and an","f the Notes to Consolidated Financial Statements in Part II, ITEM 8 of this report contains a summary of our significant accounting policies, including a discussion of recently issued accounting pronouncements and their impact or future potential impact on our financial results, if determinable. 
 
",item7_block_heading,True,,,
0001628280-22-003180,2,1,11408,136588,223653," ITEM 7. Management’s Discussion and Analysis of Financial Condition and Results of Operations 
 
 EXECUTIVE SUMMARY OF 2021 FINANCIAL RESULTS 
 Aon plc is a leading global professional services firm providing a broad range of risk, health, and wealth solutions. Through our experience, global reach,","f the Notes to Consolidated Financial Statements in Part II, ITEM 8 of this report contains a summary of our significant accounting policies, including a discussion of recently issued accounting pronouncements and their impact or future potential impact on our financial results, if determinable. 
 
",item7_block_heading,True,,,
0001628280-23-004087,2,1,10359,139392,219278," ITEM 7. Management’s Discussion and Analysis of Financial Condition and Results of Operations 
 
 EXECUTIVE SUMMARY OF 2022 FINANCIAL RESULTS 
 Aon plc is a leading global professional services firm providing a broad range of risk, health, and wealth solutions. Through our experience, global reach,","f the Notes to Consolidated Financial Statements in Part II, ITEM 8 of this report contains a summary of our significant accounting policies, including a discussion of recently issued accounting pronouncements and their impact or future potential impact on our financial results, if determinable. 
 
",item7_block_heading,True,,,
0001628280-24-005392,2,1,11201,164605,250720," ITEM 7. Management’s Discussion and Analysis of Financial Condition and Results of Operations 
 
 EXECUTIVE SUMMARY OF 2023 FINANCIAL RESULTS 
 Aon plc is a leading global professional services firm providing a broad range of risk and human capital solutions. Through our experience, global reach, a","f the Notes to Consolidated Financial Statements in Part II, ITEM 8 of this report contains a summary of our significant accounting policies, including a discussion of recently issued accounting pronouncements and their impact or future potential impact on our financial results, if determinable. 
 
",item7_block_heading,True,,,
0001628280-25-006093,2,1,13619,154957,263090," ITEM 7. Management’s Discussion and Analysis of Financial Condition and Results of Operations 
 
 EXECUTIVE SUMMARY OF 2024 FINANCIAL RESULTS 
 Aon plc is a leading global professional services firm providing a broad range of Risk Capital and Human Capital solutions. Through our experience, global ","f the Notes to Consolidated Financial Statements in Part II, ITEM 8 of this report contains a summary of our significant accounting policies, including a discussion of recently issued accounting pronouncements and their impact or future potential impact on our financial results, if determinable. 
 
",item7_block_heading,True,,,
0001628280-26-008116,2,1,12585,154362,252499," ITEM 7. Management’s Discussion and Analysis of Financial Condition and Results of Operations 
 
 EXECUTIVE SUMMARY OF 2025 FINANCIAL RESULTS 
 Aon plc is a leading global professional services firm providing a broad range of Risk Capital and Human Capital solutions. Through our experience, global ","f the Notes to Consolidated Financial Statements in Part II, ITEM 8 of this report contains a summary of our significant accounting policies, including a discussion of recently issued accounting pronouncements and their impact or future potential impact on our financial results, if determinable. 
 
",item7_block_heading,True,,,
0001193125-16-773346,2,1,16813,84649,235937," ITEM 7. 
 
 MANAGEMENT'S DISCUSSION AND ANALYSIS OF FINANCIAL CONDITION AND RESULTS OF OPERATIONS 
 
 


 
 
 
 
 
 
 
 
 
 
 
 


 
 
 
 
 Business Overview 
 
 
 
 
 
 22 
 
 
 
 
 
 
 2016 in Summary 
 
 
 
 
 
 23 
 
 
 
 
 
 
 2017 Outlook 
 
 
 
 
 
 24 
 
 
 
 
 
 
 Results of Operations 
 
","to disseminate any updates or revisions to any forward-looking statements contained in this document to reflect any change in the Company's assumptions, beliefs or expectations or any change in events,
conditions, or circumstances upon which any such forward-looking statements are based. 
 
 
 
 
 
",item7_block_heading,True,,,
0000002969-17-000039,2,1,17903,77670,224563," ITEM 7. MANAGEMENT’S DISCUSSION AND ANALYSIS OF FINANCIAL CONDITION AND RESULTS 
 OF OPERATIONS 
 
 
 
 
 
 
 
 
 
 Business Overview 
 
 20 
 
 
 2017 in Summary 
 
 20 
 
 
 2018 Outlook 
 
 22 
 
 
 Results of Operations 
 
 22 
 
 
 Reconciliation of Non-GAAP Financial Measures 
 
 31 
 
 
 Liq","tes or revisions to any forward-looking statements contained in this report to reflect any change in the Company’s assumptions, beliefs or expectations or any change in events, conditions, or circumstances upon which any such forward-looking statements are based. 
 
 
 53 
 
 
 Table of Contents 
 
",item7_block_heading,True,,,
0000002969-18-000044,2,1,17288,80961,224777," ITEM 7. MANAGEMENT’S DISCUSSION AND ANALYSIS OF FINANCIAL CONDITION AND RESULTS 
 OF OPERATIONS 
 
 
 
 
 
 
 
 
 
 Business Overview 
 
 20 
 
 
 2018 in Summary 
 
 21 
 
 
 2019 Outlook 
 
 23 
 
 
 Results of Operations 
 
 23 
 
 
 Reconciliation of Non-GAAP Financial Measures 
 
 33 
 
 
 Liq","h litigation could have a significant impact on our net income in the period in which it is recorded. 
 
 NEW ACCOUNTING GUIDANCE 
 See Note 2 , New Accounting Guidance , to the consolidated financial statements for information concerning the implementation and impact of new accounting guidance. 
 
",item7_block_heading,True,,,
0000002969-19-000051,2,1,13153,76820,187384," ITEM 7. MANAGEMENT’S DISCUSSION AND ANALYSIS OF FINANCIAL CONDITION AND RESULTS 
 OF OPERATIONS 
 
 
 
 
 
 
 
 
 
 Business Overview 
 
 21 
 
 
 2019 in Summary 
 
 21 
 
 
 2020 Outlook 
 
 23 
 
 
 Results of Operations 
 
 23 
 
 
 Reconciliations of Non-GAAP Financial Measures 
 
 29 
 
 
 Li","cant impact on our net income in the period in which it is recorded. 
 
 NEW ACCOUNTING GUIDANCE 
 See Note 2 , New Accounting Guidance , to the consolidated financial statements for information concerning the implementation and impact of new accounting guidance. 
 
 
 46 
 
 
 Table of Contents 
 
",item7_block_heading,True,,,
0000002969-20-000049,2,1,13338,84203,191878," ITEM 7. Management’s Discussion and Analysis of Financial Condition and Results of Operations. 
 
 
 
 
 
 
 
 
 
 
 Business Overview 
 
 22 
 
 
 2020 in Summary 
 
 22 
 
 
 2021 Outlook 
 
 24 
 
 
 Results of Operations 
 
 24 
 
 
 Reconciliations of Non-GAAP Financial Measures 
 
 31 
 
 
 L"," a significant impact on our net income in the period in which it is recorded. 
 
 
 NEW ACCOUNTING GUIDANCE 
 See Note 2, New Accounting Guidance , and Note 12, Leases , to the consolidated financial statements for information concerning the implementation and impact of new accounting guidance. 
 
",item7_block_heading,True,,,
0000002969-21-000055,2,1,12009,82682,178813," ITEM 7. Management’s Discussion and Analysis of Financial Condition and Results of Operations. 
 
 
 
 
 
 
 
 
 
 
 Business Overview 
 
 22 
 
 
 2021 in Summary 
 
 23 
 
 
 2022 Outlook 
 
 25 
 
 
 Results of Operations 
 
 25 
 
 
 Reconciliations of Non-GAAP Financial Measures 
 
 31 
 
 
 L","ncreased, a different remediation alternative is identified, or our proportionate share of the liability increases. Similarly, a future charge for regulatory fines or damage awards associated with litigation could have a significant impact on our net income in the period in which it is recorded. 
 
",item7_block_heading,True,,,
0000002969-22-000054,2,1,14121,85481,201662," ITEM 7. Management's Discussion and Analysis of Financial Condition and Results of Operations 
 
 
 
 
 
 
 
 
 
 
 Business Overview 
 
 22 
 
 
 2022 in Summary 
 
 22 
 
 
 2023 Outlook 
 
 25 
 
 
 Results of Operations 
 
 25 
 
 
 Reconciliations of Non-GAAP Financial Measures 
 
 35 
 
 
 Li","ncreased, a different remediation alternative is identified, or our proportionate share of the liability increases. Similarly, a future charge for regulatory fines or damage awards associated with litigation could have a significant impact on our net income in the period in which it is recorded. 
 
",item7_block_heading,True,,,
0000002969-23-000047,2,1,12613,88637,190341," ITEM 7. Management's Discussion and Analysis of Financial Condition and Results of Operations 
 
 
 
 
 
 
 
 
 
 
 Business Overview 
 
 23 
 
 
 2023 in Summary 
 
 23 
 
 
 Outlook 
 
 26 
 
 
 Results of Operations 
 
 26 
 
 
 Reconciliations of Non-GAAP Financial Measures 
 
 33 
 
 
 Liquidi","ncreased, a different remediation alternative is identified, or our proportionate share of the liability increases. Similarly, a future charge for regulatory fines or damage awards associated with litigation could have a significant impact on our net income in the period in which it is recorded. 
 
",item7_block_heading,True,,,
0000002969-24-000056,2,1,12716,105021,207616," ITEM 7. Management's Discussion and Analysis of Financial Condition and Results of Operations 
 
 
 
 
 
 
 
 
 
 
 Business Overview 
 
 28 
 
 
 2024 in Summary 
 
 29 
 
 
 Outlook 
 
 31 
 
 
 Results of Operations 
 
 31 
 
 
 Reconciliations of Non-GAAP Financial Measures 
 
 37 
 
 
 Liquidi","ncreased, a different remediation alternative is identified, or our proportionate share of the liability increases. Similarly, a future charge for regulatory fines or damage awards associated with litigation could have a significant impact on our net income in the period in which it is recorded. 
 
",item7_block_heading,True,,,
0000002969-25-000055,2,1,14617,102945,219542," ITEM 7. Management's Discussion and Analysis of Financial Condition and Results of Operations 
 
 
 
 
 
 
 
 
 
 
 Business Overview 
 
 29 
 
 
 2025 in Summary 
 
 30 
 
 
 Outlook 
 
 32 
 
 
 Results of Operations 
 
 33 
 
 
 Reconciliations of Non-GAAP Financial Measures 
 
 42 
 
 
 Liquidi"," alternative is identified, or our proportionate share of the liability increases. Similarly, a future charge for regulatory fines or damage awards associated with litigation could have a significant impact on our net income in the period in which it is recorded. 
 
 
 
 62 
 
 
 Table of Contents 
",item7_block_heading,True,,,
0001558370-17-000659,2,1,9502,90310,175561," ITEM 7. Management’s Discussion and Analysis of Financial Condition and Results of Operations 
 
 
 
 
 
 
 
 (dollars in millions, except per share data) 
 
 
 
 
 
 
 
 The following discussion and analysis of the results of operations for the three years ended December 31, 2016, 2015 and 2014 ha"," to the high degree of uncertainty regarding the timing of potential future cash flows; it is difficult to make a reasonably reliable estimate of the amount and period in which all of these liabilities might be paid . 
 
 
 
 
 
 
 
 
 
 
 

 
 

 33 

 

 
 
 
 
 

 
 

 Table of Contents 

 

 
 
",item7_block_heading,True,,,
0001558370-18-000871,2,1,10731,97426,198134," ITEM 7. Management’s Discussion and Analysis of Financial Condition and Results of Operations 
 
 
 
 
 
 
 
 (dollars in millions, except per share data) 
 
 
 
 
 
 
 
 The following discussion and analysis of the results of operations for the three years ended December 31, 2017, 2016 and 2015 ha"," to the high degree of uncertainty regarding the timing of potential future cash flows; it is difficult to make a reasonably reliable estimate of the amount and period in which all of these liabilities might be paid . 
 
 
 
 
 
 
 
 
 
 
 

 
 

 37 

 

 
 
 
 
 

 
 

 Table of Contents 

 

 
 
",item7_block_heading,True,,,
0001558370-19-000636,2,1,11480,109282,216445," ITEM 7. Management’s Discussion and Analysis of Financial Condition and Results of Operations 
 
 
 
 
 
 
 
 (amounts in millions, except share and per share data, unless otherwise noted) 
 
 
 
 
 
 
 
 The following discussion and analysis of the results of operations for the three years ended D"," to the high degree of uncertainty regarding the timing of potential future cash flows; it is difficult to make a reasonably reliable estimate of the amount and period in which all of these liabilities might be paid . 
 
 
 
 
 
 
 
 
 
 
 

 
 

 39 

 

 
 
 
 
 

 
 

 Table of Contents 

 

 
 
",item7_block_heading,True,,,
0001558370-20-000728,2,1,11924,96845,192063," ITEM 7. Management’s Discussion and Analysis of Financial Condition and Results of Operations 
 
 (amounts in millions, except share and per share data, unless otherwise noted) 
 
 The following discussion and analysis of the results of operations and financial condition for the three years ended D","e been excluded from the above table due to the high degree of uncertainty regarding the timing of potential future cash flows; it is difficult to make a reasonably reliable estimate of the amount and period in which all of these liabilities might be paid . 
 
 
 
 39 
 
 
 
 
 Table of Contents 
 
",item7_block_heading,True,,,
0001558370-21-000881,2,1,13196,117546,221683," ITEM 7. Management’s Discussion and Analysis of Financial Condition and Results of Operations 
 
 (amounts in millions, except share and per share data, unless otherwise noted) 
 
 The following discussion and analysis of the results of operations and financial condition for the three years ended D","e been excluded from the above table due to the high degree of uncertainty regarding the timing of potential future cash flows; it is difficult to make a reasonably reliable estimate of the amount and period in which all of these liabilities might be paid . 
 
 
 
 43 
 
 
 
 
 Table of Contents 
 
",item7_block_heading,True,,,
0001558370-22-000961,2,1,14534,124551,239407," ITEM 7. Management’s Discussion and Analysis of Financial Condition and Results of Operations 
 
 (amounts in millions, except share and per share data, unless otherwise noted) 
 
 The following discussion and analysis of the results of operations and financial condition for the years ended Decembe","ury Department has issued final interpretive guidance relating to certain provisions of the Tax Act and proposed additional guidance related to the same provisions. The Company will account for the impact of additional guidance in the period in which any new guidance is released, if appropriate. 
 
",item7_block_heading,True,,,
0001558370-23-001036,2,1,15326,121692,242520," ITEM 7. Management’s Discussion and Analysis of Financial Condition and Results of Operations 
 
 (amounts in millions, except share and per share data, unless otherwise noted) 
 
 The following discussion and analysis of the financial condition and results of operations for the years ended Decembe","etive guidance relating to certain provisions of the Tax Act and proposed additional guidance related to the same provisions. The Company will account for the impact of additional guidance in the period in which any new guidance is released, if appropriate. 
 
 
 47 
 
 
 
 
 Table of Contents 
 
 
",item7_block_heading,True,,,
0001558370-24-000866,2,1,14039,124657,236098," ITEM 7. Management’s Discussion and Analysis of Financial Condition and Results of Operations 
 
 (amounts in millions, except share and per share data, unless otherwise noted) 
 
 The following discussion and analysis of the financial condition and results of operations for the years ended Decembe","ury Department has issued final interpretive guidance relating to certain provisions of the Tax Act and proposed additional guidance related to the same provisions. The Company will account for the impact of additional guidance in the period in which any new guidance is released, if appropriate. 
 
",item7_block_heading,True,,,
0001558370-25-000714,2,1,14878,126173,244276," ITEM 7. Management’s Discussion and Analysis of Financial Condition and Results of Operations 
 
 (amounts in millions, except share and per share data, unless otherwise noted) 
 
 The following discussion and analysis of the financial condition and results of operations for the years ended Decembe","ury Department has issued final interpretive guidance relating to certain provisions of the Tax Act and proposed additional guidance related to the same provisions. The Company will account for the impact of additional guidance in the period in which any new guidance is released, if appropriate. 
 
",item7_block_heading,True,,,
0001104659-26-013549,2,1,14385,131031,245570," ITEM 7. Management’s Discussion and Analysis of Financial Condition and Results of Operations 
 
 (amounts in millions, except share and per share data, unless otherwise noted) 
 
 The following discussion and analysis of the financial condition and results of operations for the years ended Decembe","ury Department has issued final interpretive guidance relating to certain provisions of the Tax Act and proposed additional guidance related to the same provisions. The Company will account for the impact of additional guidance in the period in which any new guidance is released, if appropriate. 
 
",item7_block_heading,True,,,
0001018963-17-000007,2,1,16429,87447,219334," ITEM 7. Management’s Discussion and Analysis of Financial Condition and Results of Operations 
 Certain statements contained in this Management’s Discussion and Analysis of Financial Condition and Results of Operations are forward-looking statements. Actual results or performance could differ mater","ding the Company’s Annual Reports on Form 10-K and the Company’s subsequent reports filed with the SEC on Form 10-Q and Form 8-K, which are available on the SEC’s website at www.sec.gov and on the Company’s website at www.atimetals.com. We assume no duty to update our forward-looking statements. 
 
",item7_block_heading,True,,,
0001018963-18-000004,2,1,17146,89865,225627," ITEM 7. Management’s Discussion and Analysis of Financial Condition and Results of Operations 
 Certain statements contained in this Management’s Discussion and Analysis of Financial Condition and Results of Operations are forward-looking statements. Actual results or performance could differ mater","ding the Company’s Annual Reports on Form 10-K and the Company’s subsequent reports filed with the SEC on Form 10-Q and Form 8-K, which are available on the SEC’s website at www.sec.gov and on the Company’s website at www.atimetals.com. We assume no duty to update our forward-looking statements. 
 
",item7_block_heading,True,,,
0001018963-19-000007,2,1,15557,92506,218515," ITEM 7. Management’s Discussion and Analysis of Financial Condition and Results of Operations 
 Certain statements contained in this Management’s Discussion and Analysis of Financial Condition and Results of Operations are forward-looking statements. Actual results or performance could differ mater","ding the Company’s Annual Reports on Form 10-K and the Company’s subsequent reports filed with the SEC on Form 10-Q and Form 8-K, which are available on the SEC’s website at www.sec.gov and on the Company’s website at www.atimetals.com. We assume no duty to update our forward-looking statements. 
 
",item7_block_heading,True,,,
0001018963-20-000004,2,1,13537,92794,199017," ITEM 7. Management’s Discussion and Analysis of Financial Condition and Results of Operations 
 Certain statements contained in this Management’s Discussion and Analysis of Financial Condition and Results of Operations are forward-looking statements. Actual results or performance could differ mater","ding the Company’s Annual Reports on Form 10-K and the Company’s subsequent reports filed with the SEC on Form 10-Q and Form 8-K, which are available on the SEC’s website at www.sec.gov and on the Company’s website at www.atimetals.com. We assume no duty to update our forward-looking statements. 
 
",item7_block_heading,True,,,
0001628280-21-003434,2,1,17951,99853,240023," ITEM 7. Management’s Discussion and Analysis of Financial Condition and Results of Operations 
 Certain statements contained in this Management’s Discussion and Analysis of Financial Condition and Results of Operations are forward-looking statements. Actual results or performance could differ mater","ding the Company’s Annual Reports on Form 10-K and the Company’s subsequent reports filed with the SEC on Form 10-Q and Form 8-K, which are available on the SEC’s website at www.sec.gov and on the Company’s website at www.atimetals.com. We assume no duty to update our forward-looking statements. 
 
",item7_block_heading,True,,,
0001628280-22-003961,2,1,16911,92291,225667," ITEM 7. Management’s Discussion and Analysis of Financial Condition and Results of Operations 
 Certain statements contained in this Management’s Discussion and Analysis of Financial Condition and Results of Operations are forward-looking statements. Actual results or performance could differ mater","ding the Company’s Annual Reports on Form 10-K and the Company’s subsequent reports filed with the SEC on Form 10-Q and Form 8-K, which are available on the SEC’s website at www.sec.gov and on the Company’s website at www.atimetals.com. We assume no duty to update our forward-looking statements. 
 
",item7_block_heading,True,,,
0001628280-23-005017,2,1,11461,97608,186884," ITEM 7. Management’s Discussion and Analysis of Financial Condition and Results of Operations 
 Certain statements contained in this Management’s Discussion and Analysis of Financial Condition and Results of Operations are forward-looking statements. Actual results or performance could differ mater","ding the Company’s Annual Reports on Form 10-K and the Company’s subsequent reports filed with the SEC on Form 10-Q and Form 8-K, which are available on the SEC’s website at www.sec.gov and on the Company’s website at www.atimetals.com. We assume no duty to update our forward-looking statements. 
 
",item7_block_heading,True,,,
0001628280-24-006606,2,1,13583,99300,208260," ITEM 7. Management’s Discussion and Analysis of Financial Condition and Results of Operations 
 Certain statements contained in this Management’s Discussion and Analysis of Financial Condition and Results of Operations are forward-looking statements. Actual results or performance could differ mater","ding the Company’s Annual Reports on Form 10-K and the Company’s subsequent reports filed with the SEC on Form 10-Q and Form 8-K, which are available on the SEC’s website at www.sec.gov and on the Company’s website at www.atimetals.com. We assume no duty to update our forward-looking statements. 
 
",item7_block_heading,True,,,
0001628280-25-007092,2,1,10351,102110,184383," ITEM 7. Management’s Discussion and Analysis of Financial Condition and Results of Operations 
 Certain statements contained in this Management’s Discussion and Analysis of Financial Condition and Results of Operations are forward-looking statements. Actual results or performance could differ mater","ding the Company’s Annual Reports on Form 10-K and the Company’s subsequent reports filed with the SEC on Form 10-Q and Form 8-K, which are available on the SEC’s website at www.sec.gov and on the Company’s website at www.atimetals.com. We assume no duty to update our forward-looking statements. 
 
",item7_block_heading,True,,,
0001628280-26-010140,2,1,9381,99699,174407," ITEM 7. Management’s Discussion and Analysis of Financial Condition and Results of Operations 
 The following Management's Discussion and Analysis of Financial Condition and Results of Operations (MD&A) is intended to help the reader understand our results of operations and financial condition or t","ding the Company’s Annual Reports on Form 10-K and the Company’s subsequent reports filed with the SEC on Form 10-Q and Form 8-K, which are available on the SEC’s website at www.sec.gov and on the Company’s website at www.atimetals.com. We assume no duty to update our forward-looking statements. 
 
",item7_block_heading,True,,,
0000731802-16-000066,2,1,10274,86541,171864," ITEM 7. 
 
 Management’s Discussion and Analysis of Financial Condition and Results of Operations. 
 
 INTRODUCTION 
 This section provides management’s discussion of the financial condition, changes in financial condition and results of operations of Atmos Energy Corporation and its consolidated s"," the participants in the plans and other actuarial assumptions. 
 
 RECENT ACCOUNTING DEVELOPMENTS 
 Recent accounting developments and their impact on our financial position, results of operations and cash flows are described in Note 2 to the consolidated financial statements. 
 
 
 
 
 
 
 
 
 
 
",item7_block_heading,True,,,
0000731802-17-000041,2,1,8399,85801,156848," ITEM 7. 
 
 Management’s Discussion and Analysis of Financial Condition and Results of Operations. 
 
 INTRODUCTION 
 This section provides management’s discussion of the financial condition, changes in financial condition and results of operations of Atmos Energy Corporation and its consolidated s","he participants in the plans and other actuarial assumptions. 
 
 
 RECENT ACCOUNTING DEVELOPMENTS 
 Recent accounting developments and their impact on our financial position, results of operations and cash flows are described in Note 2 to the consolidated financial statements. 
 
 
 
 
 
 
 
 
 
 
",item7_block_heading,True,,,
0000731802-18-000039,2,1,9478,85424,164124," ITEM 7. 
 
 Management’s Discussion and Analysis of Financial Condition and Results of Operations. 
 
 INTRODUCTION 
 This section provides management’s discussion of the financial condition, changes in financial condition and results of operations of Atmos Energy Corporation and its consolidated s"," the participants in the plans and other actuarial assumptions. 
 
 RECENT ACCOUNTING DEVELOPMENTS 
 Recent accounting developments and their impact on our financial position, results of operations and cash flows are described in Note 2 to the consolidated financial statements. 
 
 
 
 
 
 
 
 
 
 
",item7_block_heading,True,,,
0000731802-19-000037,2,1,7034,87914,147749," ITEM 7. 
 
 Management’s Discussion and Analysis of Financial Condition and Results of Operations. 
 
 INTRODUCTION 
 This section provides management’s discussion of the financial condition, changes in financial condition and results of operations of Atmos Energy Corporation and its consolidated s"," 
 
 $ 
 
 — 
 
 
 
 
 
 $ 
 
 — 
 
 
 
 
 
 $ 
 
 (3,990 
 
 ) 
 
 RECENT ACCOUNTING DEVELOPMENTS 
 Recent accounting developments and their impact on our financial position, results of operations and cash flows are described in Note 2 to the consolidated financial statements. 
 
 
 
 
 
 
 
 
 
 
",item7_block_heading,True,,,
0000731802-20-000040,2,1,6062,91254,143786," ITEM 7. 
 
 Management’s Discussion and Analysis of Financial Condition and Results of Operations. 
 
 INTRODUCTION 
 This section provides management’s discussion of the financial condition, changes in financial condition and results of operations of Atmos Energy Corporation and its consolidated s","
 $ 
 
 25,620 
 
 
 
 
 
 $ 
 
 — 
 
 
 
 
 
 $ 
 
 78,663 
 
 
 
 RECENT ACCOUNTING DEVELOPMENTS 
 Recent accounting developments and their impact on our financial position, results of operations and cash flows are described in Note 2 to the consolidated financial statements. 
 
 
 
 
 
 
 
 
 
 
",item7_block_heading,True,,,
0000731802-21-000040,2,1,6489,83895,136813," ITEM 7. 
 Management’s Discussion and Analysis of Financial Condition and Results of Operations. 
 
 
 INTRODUCTION 
 This section provides management’s discussion of the financial condition, changes in financial condition and results of operations of Atmos Energy Corporation and its consolidated s","
 $ 
 94,522 
 
 
 $ 
 81,091 
 
 
 $ 
 — 
 
 
 $ 
 225,417 
 
 
 
 RECENT ACCOUNTING DEVELOPMENTS 
 Recent accounting developments and their impact on our financial position, results of operations and cash flows are described in Note 2 to the consolidated financial statements. 
 
 
 
 
 
 
 
 
 
 
",item7_block_heading,True,,,
0000731802-22-000037,2,1,6590,85198,138788," ITEM 7. 
 Management’s Discussion and Analysis of Financial Condition and Results of Operations. 
 
 
 INTRODUCTION 
 This section provides management’s discussion of the financial condition, changes in financial condition and results of operations of Atmos Energy Corporation and its consolidated s"," $ 
 290,267 
 
 
 $ 
 64,388 
 
 
 $ 
 — 
 
 
 $ 
 377,862 
 
 
 
 RECENT ACCOUNTING DEVELOPMENTS 
 Recent accounting developments and their impact on our financial position, results of operations and cash flows are described in Note 2 to the consolidated financial statements. 
 
 
 
 
 
 
 
 
 
 
",item7_block_heading,True,,,
0000731802-23-000028,2,1,6140,83854,134250," ITEM 7. 
 Management’s Discussion and Analysis of Financial Condition and Results of Operations. 
 
 
 INTRODUCTION 
 This section provides management’s discussion of the financial condition, changes in financial condition and results of operations of Atmos Energy Corporation and its consolidated s","
 
 
 $ 
 380,769 
 
 
 $ 
 — 
 
 
 $ 
 — 
 
 
 $ 
 370,256 
 
 
 
 RECENT ACCOUNTING DEVELOPMENTS 
 Recent accounting developments and their impact on our financial position, results of operations and cash flows are described in Note 2 to the consolidated financial statements. 
 
 
 
 
 
 
 
 
 
 
",item7_block_heading,True,,,
0000731802-24-000030,2,1,5958,89038,138151," ITEM 7. 
 Management’s Discussion and Analysis of Financial Condition and Results of Operations. 
 
 
 INTRODUCTION 
 This section provides management’s discussion of the financial condition, changes in financial condition, and results of operations of Atmos Energy Corporation and its consolidated ",") 
 
 
 $ 
 93,884 
 
 
 $ 
 — 
 
 
 $ 
 — 
 
 
 $ 
 88,651 
 
 
 
 RECENT ACCOUNTING DEVELOPMENTS 
 Recent accounting developments and their impact on our financial position, results of operations and cash flows are described in Note 2 to the consolidated financial statements. 
 
 
 
 
 
 
 
 
 
 
",item7_block_heading,True,,,
0000731802-25-000056,2,1,5881,88670,137153," ITEM 7. 
 Management’s Discussion and Analysis of Financial Condition and Results of Operations. 
 
 INTRODUCTION 
 This section provides management’s discussion of the financial condition, changes in financial condition, and results of operations of Atmos Energy Corporation and its consolidated su","36) 
 
 
 $ 
 4,448 
 
 
 $ 
 — 
 
 
 $ 
 — 
 
 
 $ 
 3,412 
 
 
 
 RECENT ACCOUNTING DEVELOPMENTS 
 Recent accounting developments and their impact on our financial position, results of operations and cash flows are described in Note 2 to the consolidated financial statements. 
 
 
 
 
 
 
 
 
 
 
",item7_block_heading,True,,,
0001564590-17-001899,2,1,15339,193308,349977," ITEM 7. 
 
 
 
 MANAGEMENT’S DISCUSSION AND ANALYSIS OF FINANCIAL CONDITION AND RESULTS OF OPERATIONS 
 
 The following discussion should be read together with the consolidated financial statements and the notes thereto included elsewhere in this Form 10-K. This discussion contains forward-looking ","ies, see Note 15—Commitments and Contingencies in the Notes to Consolidated Financial Statements . 
 
 New Accounting Standards 
 
 See Note 2—Significant Accounting Policies in the Notes to Consolidated Financial Statements for a description of recent accounting standards. 
 
 
 
 
 
 
 
 
 
 
 
 
",item7_block_heading,True,,,
0001410636-18-000076,2,1,18029,223078,374424," ITEM 7. 
 
 MANAGEMENT’S DISCUSSION AND ANALYSIS OF FINANCIAL CONDITION AND RESULTS OF OPERATIONS 
 The following discussion should be read together with the Consolidated Financial Statements and the notes thereto included elsewhere in this Form 10-K. This discussion contains forward-looking statem","ion of contingencies, see Note 15—Commitments and Contingencies in the Notes to Consolidated Financial Statements. 
 New Accounting Standards 
 See Note 2—Significant Accounting Policies in the Notes to Consolidated Financial Statements for a description of recent accounting standards. 
 
 
 
 
 
 
",item7_block_heading,True,,,
0001410636-19-000041,2,1,19551,220052,382943," ITEM 7. 
 
 MANAGEMENT’S DISCUSSION AND ANALYSIS OF FINANCIAL CONDITION AND RESULTS OF OPERATIONS 
 The following discussion should be read together with the Consolidated Financial Statements and the Notes thereto included elsewhere in this Form 10-K. This discussion contains forward-looking statem","ontingencies in the Notes to Consolidated Financial Statements for additional information regarding contingencies. 
 New Accounting Standards 
 See Note 2—Significant Accounting Policies in the Notes to Consolidated Financial Statements for a description of recent accounting standards. 
 
 
 
 
 
 
",item7_block_heading,True,,,
0001410636-20-000040,2,1,14083,235273,351473," ITEM 7. 
 
 MANAGEMENT’S DISCUSSION AND ANALYSIS OF FINANCIAL CONDITION AND RESULTS OF OPERATIONS 
 The following discussion should be read together with the Consolidated Financial Statements and the Notes thereto included elsewhere in this Form 10-K. This discussion contains forward-looking statem","ontingencies in the Notes to Consolidated Financial Statements for additional information regarding contingencies. 
 New Accounting Standards 
 See Note 2—Significant Accounting Policies in the Notes to Consolidated Financial Statements for a description of recent accounting standards. 
 
 
 
 
 
 
",item7_block_heading,True,,,
0001410636-21-000101,2,1,13927,252536,361371," ITEM 7. MANAGEMENT’S DISCUSSION AND ANALYSIS OF FINANCIAL CONDITION AND RESULTS OF OPERATIONS 
 The following discussion should be read together with the Consolidated Financial Statements and the Notes thereto included elsewhere in this Form 10-K. This discussion contains forward-looking statements","ents and Contingencies in the Notes to Consolidated Financial Statements for additional information regarding contingencies. 
 New Accounting Standards 
 See Note 2—Significant Accounting Policies in the Notes to Consolidated Financial Statements for a description of recent accounting standards. 
 
",item7_block_heading,True,,,
0001410636-22-000048,2,1,14799,257804,372363," ITEM 7. MANAGEMENT’S DISCUSSION AND ANALYSIS OF FINANCIAL CONDITION AND RESULTS OF OPERATIONS 
 The following discussion should be read together with the Consolidated Financial Statements and the Notes thereto included elsewhere in this Annual Report on Form 10-K. This discussion contains forward-l","s to Consolidated Financial Statements for additional information regarding contingencies. 
 
 
 77 
 
 Table of Contents 
 Recent Accounting Standards 
 See Note 2—Significant Accounting Policies in the Notes to Consolidated Financial Statements for a description of recent accounting standards. 
 
",item7_block_heading,True,,,
0001410636-23-000020,2,1,13858,256422,364247," ITEM 7. MANAGEMENT’S DISCUSSION AND ANALYSIS OF FINANCIAL CONDITION AND RESULTS OF OPERATIONS 
 The following discussion should be read together with the Consolidated Financial Statements and the Notes thereto included elsewhere in this Annual Report on Form 10-K. This discussion contains forward-l","s and Contingencies in the Notes to Consolidated Financial Statements for additional information regarding contingencies. 
 Recent Accounting Standards 
 See Note 2—Significant Accounting Policies in the Notes to Consolidated Financial Statements for a description of recent accounting standards. 
 
",item7_block_heading,True,,,
0001410636-24-000050,2,1,14603,279219,392670," ITEM 7. MANAGEMENT’S DISCUSSION AND ANALYSIS OF FINANCIAL CONDITION AND RESULTS OF OPERATIONS 
 The following discussion should be read together with the Consolidated Financial Statements and the Notes thereto included elsewhere in this Annual Report on Form 10-K. This discussion contains forward-l","s and Contingencies in the Notes to Consolidated Financial Statements for additional information regarding contingencies. 
 Recent Accounting Standards 
 See Note 2—Significant Accounting Policies in the Notes to Consolidated Financial Statements for a description of recent accounting standards. 
 
",item7_block_heading,True,,,
0001410636-25-000022,2,1,13909,277828,385691," ITEM 7. MANAGEMENT’S DISCUSSION AND ANALYSIS OF FINANCIAL CONDITION AND RESULTS OF OPERATIONS 
 The following discussion should be read together with the Consolidated Financial Statements and the Notes thereto included elsewhere in this Annual Report on Form 10-K. This discussion contains forward-l","s to Consolidated Financial Statements for additional information regarding contingencies. 
 
 
 73 
 
 Table of Contents 
 Recent Accounting Standards 
 See Note 2—Significant Accounting Policies in the Notes to Consolidated Financial Statements for a description of recent accounting standards. 
 
",item7_block_heading,True,,,
0001410636-26-000034,2,1,14424,323518,434092," ITEM 7. MANAGEMENT’S DISCUSSION AND ANALYSIS OF FINANCIAL CONDITION AND RESULTS OF OPERATIONS 
 The following discussion should be read together with the Consolidated Financial Statements and the Notes thereto included elsewhere in this Annual Report on Form 10-K. This discussion contains forward-l","s and Contingencies in the Notes to Consolidated Financial Statements for additional information regarding contingencies. 
 Recent Accounting Standards 
 See Note 2—Significant Accounting Policies in the Notes to Consolidated Financial Statements for a description of recent accounting standards. 
 
",item7_block_heading,True,,,
0001069183-17-000042,2,1,9943,102479,198430," ITEM 7. Management’s Discussion and Analysis of Financial Condition and Results of Operations 
 Management’s Discussion and Analysis of Financial Condition and Results of Operations (“MD&A”) is designed to provide a reader of our consolidated financial statements with a narrative from the perspecti"," an asset has been impaired or a liability has been incurred and the amount of loss can be reasonably estimated. We regularly evaluate current information available to us to determine whether such accruals should be adjusted and whether new accruals are required. 
 
 
 44 
 
 
 Table of Contents 
 
",item7_block_heading,True,,,
0001069183-18-000020,2,1,10663,112097,213045," ITEM 7. Management’s Discussion and Analysis of Financial Condition and Results of Operations 
 Management’s Discussion and Analysis of Financial Condition and Results of Operations (“MD&A”) is designed to provide a reader of our consolidated financial statements with a narrative from the perspecti","een incurred and the amount of loss can be reasonably estimated. We regularly evaluate current information available to us to determine whether such accruals should be adjusted and whether new accruals are required. Refer to Note 9 of our consolidated financial statements for further discussion. 
 
",item7_block_heading,True,,,
0001069183-19-000023,2,1,11071,89924,196176," ITEM 7. Management’s Discussion and Analysis of Financial Condition and Results of Operations (""MD&A"") 
 Management’s Discussion and Analysis of Financial Condition and Results of Operations (""MD&A"") is designed to provide a reader of our consolidated financial statements with a narrative from the ","ably estimated. We regularly evaluate current information available to us to determine whether such accruals should be adjusted and whether new accruals are required. Refer to Note 9 of our consolidated financial statements within this Annual Report on Form 10-K. 
 
 
 50 
 
 
 Table of Contents 
 
",item7_block_heading,True,,,
0001069183-20-000016,2,1,8461,99697,173222," ITEM 7. Management’s Discussion and Analysis of Financial Condition and Results of Operations (""MD&A"") 
 Management’s Discussion and Analysis of Financial Condition and Results of Operations (""MD&A"") is designed to provide a reader of our consolidated financial statements with a narrative from the "," the amount of loss can be reasonably estimated. We regularly evaluate current information available to us to determine whether such accruals should be adjusted and whether new accruals are required. Refer to Note 9 of our consolidated financial statements within this Annual Report on Form 10-K. 
 
",item7_block_heading,True,,,
0001558370-21-001873,2,1,8651,106261,182135," ITEM 7. Management’s Discussion and Analysis of Financial Condition and Results of Operations (""MD&A"") 
 Management’s Discussion and Analysis of Financial Condition and Results of Operations (""MD&A"") is designed to provide a reader of our consolidated financial statements with a narrative from the ",".9 million during the year ended December 31, 2020. 
 Based on the balances of our financial instruments as of December 31, 2020, a hypothetical 25 percent increase in expected credit loss rates across all pools would result in a $0.7 million increase in the allowance for expected credit losses. 
 
",item7_block_heading,True,,,
0001558370-22-002006,2,1,8617,107073,182654," ITEM 7. Management’s Discussion and Analysis of Financial Condition and Results of Operations (""MD&A"") 
 Management’s Discussion and Analysis of Financial Condition and Results of Operations (""MD&A"") is designed to provide a reader of our consolidated financial statements with a narrative from the ","er 31, 2021. 
 Based on the balances of our financial instruments as of December 31, 2021, a hypothetical 25 percent increase in expected credit loss rates across all pools would result in a $0.7 million increase in the allowance for expected credit losses. 
 
 
 
 45 
 
 
 
 
 Table of Contents 
 
",item7_block_heading,True,,,
0001558370-23-002413,2,1,8194,147468,217625," ITEM 7. Management’s Discussion and Analysis of Financial Condition and Results of Operations (""MD&A"") 
 Management’s Discussion and Analysis of Financial Condition and Results of Operations (""MD&A"") is designed to provide a reader of our consolidated financial statements with a narrative from the "," accounts and notes receivable and contract assets. 
 Based on the balances of our financial instruments as of December 31, 2022, a hypothetical 25 percent increase in expected credit loss rates across all pools would result in a $0.8 million increase in the allowance for expected credit losses. 
 
",item7_block_heading,True,,,
0001069183-24-000006,2,1,8269,193230,261142," ITEM 7. Management’s Discussion and Analysis of Financial Condition and Results of Operations 
 Management’s Discussion and Analysis of Financial Condition and Results of Operations (“MD&A”) is designed to provide a reader of our consolidated financial statements with a narrative from the perspecti","nd contract assets. 
 Based on the balances of our financial instruments as of December 31, 2023, a hypothetical 25% increase in expected credit loss rates across all pools would result in a $0.8 million increase in the allowance for expected credit losses. 
 
 
 
 60 
 
 
 
 
 Table of Contents 
 
",item7_block_heading,True,,,
0001069183-25-000019,2,1,6598,200627,252931," ITEM 7. Management’s Discussion and Analysis of Financial Condition and Results of Operations 
 Management’s Discussion and Analysis of Financial Condition and Results of Operations (“MD&A”) is designed to provide a reader of our consolidated financial statements with a narrative from the perspecti","ates of fair value are based upon assumptions believed to be reasonable, but which are inherently uncertain and unpredictable and, as a result, actual results may vary. For additional details, r efer to Note 21 in Part II, ITEM 8 of this Annual Report on Form 10-K. 
 
 
 55 
 
 
 Table of Contents 
",item7_block_heading,True,,,
0001628280-26-011360,2,1,6572,175456,227222," ITEM 7. Management’s Discussion and Analysis of Financial Condition and Results of Operations 
 Management’s Discussion and Analysis of Financial Condition and Results of Operations (“MD&A”) provides the perspective of our management on our financial condition, results of operations, liquidity and ","tes of fair value are based upon assumptions believed to be reasonable, but which are inherently uncertain and unpredictable and, as a result, actual results may vary. For additional details, r efer to Note 19 in Part II, ITEM 8 of this Annual Report on Form 10-K. 
 
 
 53 
 
 
 Table o f Contents 
",item7_block_heading,True,,,
0000875045-17-000009,2,1,15116,197946,313266," ITEM 7. Management’s Discussion and Analysis of Financial Condition and Results of Operations 
 The following discussion should be read in conjunction with our consolidated financial statements and related notes beginning on page F-1 of this report. Certain totals may not sum due to rounding. 
 Exe","were repatriated, would be between $1.8 billion to $2.3 billion as of December 31, 2016 . 
 
 New Accounting Standards 
 For a discussion of new accounting standards please read Note 1, Summary of Significant Accounting Principles to our consolidated financial statements included in this report. 
 
",item7_block_heading,True,,,
0000875045-18-000005,2,1,17769,223832,358843," ITEM 7. Management’s Discussion and Analysis of Financial Condition and Results of Operations 
 The following discussion should be read in conjunction with our consolidated financial statements and related notes beginning on page F-1 of this report. Certain totals may not sum due to rounding. 
 Exe","terest. 
 
 New Accounting Standards 
 For a discussion of new accounting standards and their expected impact on our consolidated financial statements or disclosures, please read Note 1, Summary of Significant Accounting Policies, to our consolidated financial statements included in this report. 
 
",item7_block_heading,True,,,
0000875045-19-000006,2,1,20157,233412,385385," ITEM 7. Management’s Discussion and Analysis of Financial Condition and Results of Operations 
 The following discussion should be read in conjunction with our consolidated financial statements and the accompanying notes beginning on page F-1 of this report. 
 Executive Summary 
 Introduction 
 Bio","nts 
 
 
 
 New Accounting Standards 
 For a discussion of new accounting standards and their expected impact on our consolidated financial statements or disclosures, please read Note 1, Summary of Significant Accounting Policies, to our consolidated financial statements included in this report. 
 
",item7_block_heading,True,,,
0000875045-20-000005,2,1,15430,238435,357428," ITEM 7. Management’s Discussion and Analysis of Financial Condition and Results of Operations 
 The following discussion should be read in conjunction with our consolidated financial statements and the accompanying notes beginning on page F-1 of this report. 
 For our discussion of the year ended D"," no plans to appeal or litigate any aspect of the tax position and we believe that it is highly unlikely that the taxing authority would examine or re-examine the related tax position. We also accrue for potential interest and penalties related to unrecognized tax benefits in income tax expense. 
 
",item7_block_heading,True,,,
0000875045-21-000010,2,1,14468,229336,340332," ITEM 7. Management’s Discussion and Analysis of Financial Condition and Results of Operations 
 The following discussion should be read in conjunction with our consolidated financial statements and the accompanying notes beginning on page F-1 of this report. 
 For our discussion of the year ended D"," no plans to appeal or litigate any aspect of the tax position and we believe that it is highly unlikely that the taxing authority would examine or re-examine the related tax position. We also accrue for potential interest and penalties related to unrecognized tax benefits in income tax expense. 
 
",item7_block_heading,True,,,
0000875045-22-000007,2,1,15170,237604,353604," ITEM 7. MANAGEMENT'S DISCUSSION AND ANALYSIS OF FINANCIAL CONDITION AND RESULTS OF OPERATIONS 
 The following discussion should be read in conjunction with our consolidated financial statements and the accompanying notes beginning on page F-1 of this report. 
 For our discussion of the year ended D","ct of the tax position and we believe that it is highly unlikely that the taxing authority would examine or re-examine the related tax 
 
 
 86 
 
 T a ble of Content s 
 
 
 position. We also accrue for potential interest and penalties related to unrecognized tax benefits in income tax expense. 
 
",item7_block_heading,True,,,
0000875045-23-000009,2,1,16630,244534,371040," ITEM 7. MANAGEMENT'S DISCUSSION AND ANALYSIS OF FINANCIAL CONDITION AND RESULTS OF OPERATIONS 
 The following discussion should be read in conjunction with our consolidated financial statements and the accompanying notes beginning on page F-1 of this report. 
 For our discussion of the year ended D"," no plans to appeal or litigate any aspect of the tax position and we believe that it is highly unlikely that the taxing authority would examine or re-examine the related tax position. We also accrue for potential interest and penalties related to unrecognized tax benefits in income tax expense. 
 
",item7_block_heading,True,,,
0000875045-24-000009,2,1,15019,262015,377633," ITEM 7. MANAGEMENT'S DISCUSSION AND ANALYSIS OF FINANCIAL CONDITION AND RESULTS OF OPERATIONS 
 The following discussion should be read in conjunction with our consolidated financial statements and the accompanying notes beginning on page F-1 of this report. 
 For our discussion of the year ended D","ased on the final determination of fair value during a period of time not to exceed 12 months from the acquisition date. If we determine the assets acquired do not meet the definition of a business, the transaction will be accounted for as an asset acquisition rather than a business combination. 
 
",item7_block_heading,True,,,
0000875045-25-000009,2,1,15161,257075,374313," ITEM 7. MANAGEMENT'S DISCUSSION AND ANALYSIS OF FINANCIAL CONDITION AND RESULTS OF OPERATIONS 
 The following discussion should be read in conjunction with our consolidated financial statements and the accompanying notes beginning on page F-1 of this report. 
 For our discussion of the year ended D","ased on the final determination of fair value during a period of time not to exceed 12 months from the acquisition date. If we determine the assets acquired do not meet the definition of a business, the transaction will be accounted for as an asset acquisition rather than a business combination. 
 
",item7_block_heading,True,,,
0000875045-26-000013,2,1,16710,269874,397507," ITEM 7. MANAGEMENT'S DISCUSSION AND ANALYSIS OF FINANCIAL CONDITION AND RESULTS OF OPERATIONS 
 The following discussion should be read in conjunction with our consolidated financial statements and the accompanying notes beginning on page F-1 of this report. 
 For our discussion of the year ended D","on of a business, the transaction will be accounted for as an asset acquisition rather than a business combination. 
 
 
 92 
 
 Table of Contents 
 For additional information on our acquisitions, please read Note 2, Acquisitions, to our consolidated financial statements included in this report. 
 
",item7_block_heading,True,,,
0001075531-17-000009,2,1,14719,176685,290797," ITEM 7. Management's Discussion and Analysis of Financial Condition and Results of Operations 
 
 The following discussion should be read in conjunction with our Consolidated Financial Statements, including the notes to those statements, included elsewhere in this Annual Report on Form 10-K, and th"," 
 
 Off-Balance Sheet Arrangements. 
 
 As of December 31, 2016 , we did not have any off-balance sheet arrangements that have, or are reasonably likely to have, a current or future effect on our financial condition, results of operations, liquidity, capital expenditures or capital resources. 
 
 
",item7_block_heading,True,,,
0001075531-18-000015,2,1,15294,190320,308485," ITEM 7. Management's Discussion and Analysis of Financial Condition and Results of Operations 
 
 The following discussion should be read in conjunction with our Consolidated Financial Statements, including the notes to those statements, included elsewhere in this Annual Report on Form 10-K, and th"," 
 Off-Balance Sheet Arrangements. 
 
 As of December 31, 2017 , we did not have any off-balance sheet arrangements that have, or are reasonably likely to have, a current or future effect on our financial condition, results of operations, liquidity, capital expenditures or capital resources. 
 
 
 
",item7_block_heading,True,,,
0001075531-19-000009,2,1,14821,185395,299554," ITEM 7. Management's Discussion and Analysis of Financial Condition and Results of Operations 
 
 The following discussion should be read in conjunction with our Consolidated Financial Statements, including the notes to those statements, included elsewhere in this Annual Report on Form 10-K, and th",". 
 
 Off-Balance Sheet Arrangements. 
 
 At December 31, 2018 , we did not have any off-balance sheet arrangements that have, or are reasonably likely to have, a current or future effect on our financial condition, results of operations, liquidity, capital expenditures or capital resources. 
 
 
 
",item7_block_heading,True,,,
0001075531-20-000011,2,1,11684,185129,271721," ITEM 7. Management's Discussion and Analysis of Financial Condition and Results of Operations 
 
 The following discussion should be read in conjunction with our Consolidated Financial Statements, including the notes to those statements, included elsewhere in this Annual Report on Form 10-K, and th","ess. 
 
 Off-Balance Sheet Arrangements 
 
 At December 31, 2019 , we did not have any off-balance sheet arrangements that have, or are reasonably likely to have, a current or future effect on our financial condition, results of operations, liquidity, capital expenditures or capital resources. 
 
 
",item7_block_heading,True,,,
0001075531-21-000019,2,1,18079,221023,350184," ITEM 7. Management's Discussion and Analysis of Financial Condition and Results of Operations 
 
 The following discussion should be read in conjunction with our Consolidated Financial Statements, including the notes to those statements, included elsewhere in this Annual Report on Form 10-K, and th","Sheet Arrangements 
 
 At December 31, 2020, we did not have any off-balance sheet arrangements that have, or are reasonably likely to have, a material current or future effect on our financial condition, results of operations, liquidity, capital expenditures or capital resources. 
 
 
 65 
 
 
 
 
",item7_block_heading,True,,,
0001075531-22-000008,2,1,13840,198260,297780," ITEM 7. Management's Discussion and Analysis of Financial Condition and Results of Operations 
 
 The following discussion should be read in conjunction with our Consolidated Financial Statements, including the notes to those statements, and the Section entitled ""Special Note Regarding Forward-Look",".com continues not to contribute to the BPF and depends on Booking.com’s applicable 
 
 
 59 
 
 
 employee compensation after December 31, 2021. For additional information related to the pension matter and our other contingent liabilities, see Note 16 to our Consolidated Financial Statements. 
 
 
",item7_block_heading,True,,,
0001075531-23-000016,2,1,11552,184606,268456," ITEM 7. Management's Discussion and Analysis of Financial Condition and Results of Operations 
 
 The following discussion should be read in conjunction with our Consolidated Financial Statements, including the notes to those statements, and the Section entitled ""Special Note Regarding Forward-Look","ote 16 to our Consolidated Financial Statements and Part I, ITEM IA, Risk Factors - "" We may have exposure to additional tax liabilities ."" 
 
 For information related to the pension matter and our other contingent liabilities, see Note 16 to our Consolidated Financial Statements. 
 
 
 
 56 
 
 
 
",item7_block_heading,True,,,
0001075531-24-000014,2,1,11690,157987,246045," ITEM 7. Management's Discussion and Analysis of Financial Condition and Results of Operations 
 
 The following discussion should be read in conjunction with our Consolidated Financial Statements and accompanying notes. 
 
 We evaluate certain operating and financial measures on both an as-reported","rt I, ITEM IA, Risk Factors - ""Our business is subject to various competition/anti-trust, consumer protection, and online commerce laws and regulations around the world, and as the size of our business grows, scrutiny of our business by legislators and regulators in these areas may intensify."" 
 
 
",item7_block_heading,True,,,
0001075531-25-000010,2,1,8443,143835,206521," ITEM 7. Management's Discussion and Analysis of Financial Condition and Results of Operations 
 
 The following discussion should be read in conjunction with our Consolidated Financial Statements and accompanying notes. 
 
 We evaluate certain operating and financial measures on both an as-reported","scal years ended December 31, 2023 and 2022, see Cash Flow Analysis in Part II, ITEM 7. Management's Discussion and Analysis of Financial Condition and Results of Operations, of our Annual Report on Form 10-K for the fiscal year ended December 31, 2023, filed with the SEC on February 22, 2024. 
 
 
",item7_block_heading,True,,,
0001075531-26-000009,2,1,7431,131473,186266," ITEM 7. Management's Discussion and Analysis of Financial Condition and Results of Operations 
 
 The following discussion should be read in conjunction with Part I, ITEM 1A ""Risk Factors"" and our Consolidated Financial Statements and accompanying notes. 
 
 We evaluate certain operating and financ","ded December 31, 2024 and 2023, see Cash Flow Analysis in Part II, ITEM 7. Management's Discussion and Analysis of Financial Condition and Results of Operations, of our Annual Report on Form 10-K for the fiscal year ended December 31, 2024, filed with the SEC on February 20, 2025. 
 
 
 
 35 
 
 
 
",item7_block_heading,True,,,
0000721371-16-000277,1,1,6680,8405,63949," Management's Discussion and Analysis of Financial Condition and Results of Operations (MD&A) 
 
 About Cardinal Health 
 
 
 
 
 
 
 
 
 
 Cardinal Health, Inc. is an Ohio corporation formed in 1979 and is a global integrated healthcare services and products company providing customized solutions f","ing periods could be higher or lower than our current estimates. See Note 16 of the ""Notes to Consolidated Financial Statements"" for additional information regarding share-based compensation. 
 
 
 
 
 
 
 
 
 
 
 
 
 
 
 
 Cardinal Health | Fiscal 2016 Form 10-K 
 
 22 
 
 
 
 
 
 
 
 
 
 
 
 
 
 
",issuer_heading_boundaries_CAH,True,,,
0000721371-17-000083,1,1,6973,8838,66524," Management's Discussion and Analysis of Financial Condition and Results of Operations (MD&A) 
 About Cardinal Health 
 
 
 
 
 
 
 
 
 
 Cardinal Health, Inc. is an Ohio corporation formed in 1979 and is a global, integrated healthcare services and products company providing customized solutions fo","y over time, of the number of shares that ultimately will be issued. See Note 16 of the ""Notes to Consolidated Financial Statements"" for additional information regarding share-based compensation. 
 
 
 
 
 
 
 
 
 
 
 
 
 17 
 
 Cardinal Health | Fiscal 2017 Form 10-K 
 
 
 
 
 
 
 
 
 
 
 
 
 
 
 
",issuer_heading_boundaries_CAH,True,,,
0000721371-18-000077,1,1,7853,8783,72833," Management's Discussion and Analysis of Financial Condition and Results of Operations (MD&A) 
 About Cardinal Health 
 
 
 
 
 
 
 
 
 
 Cardinal Health, Inc. is an Ohio corporation formed in 1979 and is a global, integrated healthcare services and products company providing customized solutions fo","over time, of the number of shares that ultimately will be issued. See Note 17 of the ""Notes to Consolidated Financial Statements"" for additional information regarding share-based compensation. 
 
 
 
 
 
 
 
 
 
 
 
 
 
 
 Cardinal Health | Fiscal 2018 Form 10-K 
 
 18 
 
 
 
 
 
 
 
 
 
 
 
 
 
 
",issuer_heading_boundaries_CAH,True,,,
0000721371-19-000090,1,1,7202,8211,67758," Management's Discussion and Analysis of Financial Condition and Results of Operations (MD&A) 
 About Cardinal Health 
 
 
 
 
 
 
 
 
 
 Cardinal Health, Inc. is an Ohio corporation formed in 1979 and is a globally integrated healthcare services and products company providing customized solutions f","ch is subject to further interpretation by the Internal Revenue Service (""IRS""). See Note 7 of the “Notes to Consolidated Financial Statements” for additional information regarding the Tax Act. 
 
 
 
 
 
 
 
 
 
 
 
 
 
 19 
 
 Cardinal Health | Fiscal 2019 Form 10-K 
 
 
 
 
 
 
 
 
 
 
 
 
 
 
 
",issuer_heading_boundaries_CAH,True,,,
0000721371-20-000089,2,2,9130,6557,78131," Management's Discussion and Analysis of Financial Condition and Results of Operations 
 Our MD&A within this Form 10-K generally discusses fiscal 2020 and fiscal 2019 items and year-to-year comparisons between fiscal 2020 and fiscal 2019. Fiscal 2018 items and discussions of year-to-year comparison","ch is subject to further interpretation by the Internal Revenue Service (""IRS""). See Note 8 of the “Notes to Consolidated Financial Statements” for additional information regarding the Tax Act. 
 
 
 
 
 
 
 
 
 
 
 
 
 
 19 
 
 Cardinal Health | Fiscal 2020 Form 10-K 
 
 
 
 
 
 
 
 
 
 
 
 
 
 
 
",issuer_heading_boundaries_CAH,True,,,
0000721371-21-000080,2,2,11637,6446,95262," Management's Discussion and Analysis of Financial Condition and Results of Operations 
 Our MD&A within this Form 10-K generally discusses fiscal 2021 and fiscal 2020 items and year-to-year comparisons between fiscal 2021 and fiscal 2020. Fiscal 2019 items and discussions of year-to-year comparison","rent understanding of the Tax Act which is subject to further interpretation by the IRS. See Note 8 of the “Notes to Consolidated Financial Statements” for additional information. 
 
 
 
 
 
 
 
 
 
 
 
 
 
 
 
 
 
 
 
 Cardinal Health | Fiscal 2021 Form 10-K 
 
 25 
 
 
 
 
 
 
 
 
 
 
 
 
 
 
 
 
",issuer_heading_boundaries_CAH,True,,,
0000721371-22-000058,2,2,11301,6464,92790," Management's Discussion and Analysis of Financial Condition and Results of Operations 
 Our MD&A within this Form 10-K generally discusses fiscal 2022 and fiscal 2021 items and year-to-year comparisons between fiscal 2022 and fiscal 2021. Fiscal 2020 items and discussions of year-to-year comparison","nt understanding of the Tax Act which is subject to further interpretation by the IRS. See Note 8 of the “Notes to Consolidated Financial Statements” for additional information. 
 
 
 
 
 
 
 
 
 
 
 
 
 
 
 
 
 
 
 
 
 22 
 
 Cardinal Health | Fiscal 2022 Form 10-K 
 
 
 
 
 
 
 
 
 
 
 
 
 
 
 
 
",issuer_heading_boundaries_CAH,True,,,
0000721371-23-000060,2,2,7986,6834,70231," Management's Discussion and Analysis of Financial Condition and Results of Operations 
 Our MD&A within this Form 10-K generally discusses fiscal 2023 and fiscal 2022 items and year-over-year comparisons between fiscal 2023 and fiscal 2022. Fiscal 2021 items and discussions of year-over-year compar"," current understanding of the Tax Act which is subject to further interpretation by the IRS. See Note 8 of the “Notes to Consolidated Financial Statements” for additional information. 
 
 
 
 
 
 
 
 
 
 
 
 
 
 
 
 
 
 20 
 
 Cardinal Health | Fiscal 2023 Form 10-K 
 
 
 
 
 
 
 
 
 
 
 
 
 
 
 
 
",issuer_heading_boundaries_CAH,True,,,
0000721371-24-000056,1,1,9361,9634,84888," Management's Discussion and Analysis of Financial Condition and Results of Operations 
 About Cardinal Health 
 
 
 
 
 
 
 
 Cardinal Health, Inc., an Ohio corporation formed in 1979, is a global healthcare services and products company providing customized solutions for hospitals, healthcare syst","l effect on our ability to utilize deferred tax assets. For a further discussion on Provision for Income Taxes, see Note 9 of the “Notes to the Consolidated Financial Statements.” 
 
 
 
 
 
 
 
 
 
 
 
 
 
 
 
 
 
 
 
 Cardinal Health | Fiscal 2024 Form 10-K 
 
 21 
 
 
 
 
 
 
 
 
 
 
 
 
 
 
 
 
",issuer_heading_boundaries_CAH,True,,,
0000721371-25-000079,1,1,7927,9608,72889," Management's Discussion and Analysis of Financial Condition and Results of Operations 
 About Cardinal Health 
 
 
 
 
 
 
 
 Cardinal Health, Inc., an Ohio corporation formed in 1979, is a global healthcare services and products company providing customized solutions for hospitals, healthcare syst","s Act (""Tax Act""). We are in the process of evaluating the impact of the OBBBA on our consolidated financial statements and will reflect any impact in the period of enactment. 
 
 
 
 
 
 
 
 
 
 
 
 
 
 
 
 
 
 
 
 
 
 Cardinal Health | Fiscal 2025 Form 10-K 
 
 19 
 
 
 
 
 
 
 
 
 
 
 
 
 
 
 
 
",issuer_heading_boundaries_CAH,True,,,
0000815097-17-000001,1,1,12542,127274,232486," MANAGEMENT’S DISCUSSION AND ANALYSIS OF FINANCIAL CONDITION AND RESULTS OF OPERATIONS 
 Cautionary Note Concerning Factors That May Affect Future Results 
 Some of the statements, estimates or projections contained in this 2016 Annual Report are “forward-looking statements” that involve risks, unce"," or increase $70 million, respectively. In addition, a 10% change in our December 20, 2016 guidance's Brent price would result in a $0.06 per share change in realized losses on fuel derivatives for 2017 and a $0.01 per share change for the 2017 first quarter. 
 
 
 
 F-57 
 
 
 Table of Contents 
 
",incorporated_Exhibit_13_CCL,True,https://www.sec.gov/Archives/edgar/data/815097/000081509717000001/a2016ex-13.htm,HTML,697113038e93dc68be29e1ea28c1530500fa5dc1ca7f9690992654f6e3fb777b
0000815097-18-000005,1,1,11559,105746,203226," MANAGEMENT’S DISCUSSION AND ANALYSIS OF FINANCIAL CONDITION AND RESULTS OF OPERATIONS 
 
 Cautionary Note Concerning Factors That May Affect Future Results 
 
 Some of the statements, estimates or projections contained in this document are “forward-looking statements” that involve risks, uncertaint","erivative contracts were $94 million. Based on a 10% increase or decrease in the November 30, 2017 Brent forward price curve, we estimate the fair value of our fuel derivatives’ net liability would decrease $31.5 million or increase $34 million, respectively. 
 
 
 
 F-53 
 
 
 Table of Contents 
 
",incorporated_Exhibit_13_CCL,True,https://www.sec.gov/Archives/edgar/data/815097/000081509718000005/a2017ex-13.htm,HTML,6d4afaaf4f2a36d3bff5f238a965188ec2ca41e120c567624ee143d3738cb998
0000815097-19-000004,1,1,10188,102778,189641," MANAGEMENT’S DISCUSSION AND ANALYSIS OF FINANCIAL CONDITION AND RESULTS OF OPERATIONS 
 
 Cautionary Note Concerning Factors That May Affect Future Results 
 
 Some of the statements, estimates or projections contained in this document are “forward-looking statements” that involve risks, uncertaint","2018 guidance, we estimate that our adjusted diluted earnings per share December 20, 2018 guidance would change by the following: 
 
 
 
 
 
 
 • 
 
 $0.21 per share on an annualized basis for 2019 
 
 
 
 
 
 • 
 
 $0.05 per share for the first quarter of 2019 
 
 
 F-52 
 
 
 Table of Contents 
 
",incorporated_Exhibit_13_CCL,True,https://www.sec.gov/Archives/edgar/data/815097/000081509719000004/a2018ex-13.htm,HTML,250804c699456d1e234fdd04f5aa4793a2831d0227d605bac0025cb5ff3fb7bd
0000815097-20-000003,1,1,10194,113242,200651," MANAGEMENT’S DISCUSSION AND ANALYSIS OF FINANCIAL CONDITION AND RESULTS OF OPERATIONS 
 
 Cautionary Note Concerning Factors That May Affect Future Results 
 
 Some of the statements, estimates or projections contained in this document are “forward-looking statements” that involve risks, uncertaint","nal $0.05 to $0.06 per share. Five percent of our capacity was scheduled to be deployed in China in fiscal year 2020. If these travel restrictions continue for an extended period of time, they could have a material impact on our financial performance. 
 
 
 
 
 
 
 
 F-53 
 
 
 Table of Contents 
 
",incorporated_Exhibit_13_CCL,True,https://www.sec.gov/Archives/edgar/data/815097/000081509720000003/a2019ex-13.htm,HTML,372bec6dae44cc2152fdac9d26e7f3486c5753c19ce7acf509e822e2d9ea5ff6
0000815097-21-000027,4,1,8754,355265,423062," MANAGEMENT’S DISCUSSION AND ANALYSIS OF FINANCIAL CONDITION AND RESULTS OF OPERATIONS 
 
 Cautionary Note Concerning Factors That May Affect Future Results 
 
 Some of the statements, estimates or projections contained in this document are “forward-looking statements” that involve risks, uncertaint","euro debt to fixed rate euro debt. Based on a 10% change in the November 30, 2020 market interest rates, our 2020 interest expense on floating rate debt, including the effect of our interest rate swaps, would have changed by an insignificant amount. 
 
 
 
 
 
 
 
 
 F-62 
 
 
 Table of Conten t s 
",issuer_heading_boundaries_CCL,True,,,
0000815097-22-000009,1,1,7616,142928,203389," MANAGEMENT’S DISCUSSION AND ANALYSIS OF FINANCIAL CONDITION AND RESULTS OF OPERATIONS 
 
 Cautionary Note Concerning Factors That May Affect Future Results 
 
 Some of the statements, estimates or projections contained in this document are “forward-looking statements” that involve risks, uncertaint","ng rate euro debt to fixed rate euro debt. Based on a 10% change in the November 30, 2021 market interest rates, our 2021 interest expense on floating rate debt, including the effect of our interest rate swaps, would have changed by an insignificant amount. 
 
 
 
 
 
 F-54 
 
 
 Table of Contents 
",incorporated_Exhibit_13_CCL,True,https://www.sec.gov/Archives/edgar/data/815097/000081509722000009/ccl-20211130_d2.htm,HTML,6ea173844b9451d986fa23b49809c1c796c9a959b3a3ebce251c7eab283bb32f
0000815097-23-000012,1,1,8339,153735,218202," MANAGEMENT’S DISCUSSION AND ANALYSIS OF FINANCIAL CONDITION AND RESULTS OF OPERATIONS 
 
 Cautionary Note Concerning Factors That May Affect Future Results 
 
 Some of the statements, estimates or projections contained in this document are “forward-looking statements” that involve risks, uncertaint","ively changed $89 million of EURIBOR-based floating rate euro debt to fixed rate euro debt. Based on a 10% change in the November 30, 2022 market interest rates, our 2022 interest expense on floating rate debt, including the effect of our interest rate swaps, would have changed by $48 million. 
 
 
",incorporated_Exhibit_13_CCL,True,https://www.sec.gov/Archives/edgar/data/815097/000081509723000012/ccl-20221130_d2.htm,HTML,2f055c2da7ad0e5fc086d6e981eb664875c0bbd4089f124d1114c477ac6942aa
0000815097-24-000011,2,1,5502,176841,218465," ITEM 7. Management’s Discussion and Analysis of Financial Condition and Results of Operations . 
 
 2023 Executive Overview 
 
 We consistently set records and achieved other significant milestones during this past year, including: 
 
 • Full year revenues hit an all-time high of $21.6 billion. 
 •","hased the same 
 
 
 58 
 
 
 amount of Carnival plc ordinary shares, resulting in net proceeds of $19 million. In addition, during 2021 we sold 0.6 million shares of Carnival Corporation common stock at an average price per share of $21.32, resulting in net proceeds of $13 million. 
 
 
 59 
 
 
 
",item7_block_heading,True,,,
0000815097-25-000007,2,1,5084,146337,184294," ITEM 7. Management’s Discussion and Analysis of Financial Condition and Results of Operations . 
 
 2024 Executive Overview 
 
 We had a strong year, setting records and achieving milestones, including: 
 
 • Full year revenues hit an all-time high of $25 billion, over 15 percent higher than the pr","
 $ 
 0.7 
 
 
 $ 
 — 
 
 
 $ 
 1.2 
 
 
 $ 
 1.2 
 
 
 $ 
 1.6 
 
 
 $ 
 3.1 
 
 
 
 
 
 
 
 
 Our export credit facilities contain various financial covenants as described in Note 5 - “Debt.” At November 30, 2024, we were in compliance with the applicable covenants under our debt agreements. 
 
 
",item7_block_heading,True,,,
0000815097-26-000007,2,1,4558,133284,167746," ITEM 7. Management’s Discussion and Analysis of Financial Condition and Results of Operations . 
 
 2025 Executive Overview 
 
 2025 was another strong year that exceeded expectations, setting new records across our business and achieving more milestones, including: 
 
 • Record revenues of $26.6 b","me in consideration of the liquidity needs of the business. In December 2025, the Boards of Directors approved the reinstatement of the company’s quarterly dividend and declared an initial $0.15 per share dividend with a record date of February 13, 2026 and a payment date of February 27, 2026. 
 
 
",item7_block_heading,True,,,
0001058090-17-000009,2,1,4372,145915,192278," ITEM 7 . MANAGEMENT’S DISCUSSION AND ANALYSIS OF FINANCIAL CONDITION AND RESULTS OF OPERATIONS 
 
 
 
 You should read the following discussion together with ITEM 6. “Selected Financial Data” and our consolidated financial statements and related notes included in ITEM 8. “Financial Statements and S","ult, in the event legal actions for which we have not accrued a liability or for which our accrued liabilities are not accurate are resolved, such resolution may affect our operating results and cash flows. 
 
 
 

 
 
 
 

 
 

 36 

 

 
 

 

 

 
 
 

 
 

 Table of Contents 

 

 
 

 

 

 
 
",item7_block_heading,True,,,
0001058090-18-000018,2,1,4550,151036,197855," ITEM 7 . MANAGEMENT’S DISCUSSION AND ANALYSIS OF FINANCIAL CONDITION AND RESULTS OF OPERATIONS 
 
 
 
 You should read the following discussion together with ITEM 6. “Selected Financial Data” and our consolidated financial statements and related notes included in ITEM 8. “Financial Statements and S","ult, in the event legal actions for which we have not accrued a liability or for which our accrued liabilities are not accurate are resolved, such resolution may affect our operating results and cash flows. 
 
 
 

 
 
 
 

 
 

 38 

 

 
 

 

 

 
 
 

 
 

 Table of Contents 

 

 
 

 

 

 
 
",item7_block_heading,True,,,
0001058090-19-000007,2,1,4617,155922,203358," ITEM 7 . MANAGEMENT’S DISCUSSION AND ANALYSIS OF FINANCIAL CONDITION AND RESULTS OF OPERATIONS 
 
 
 
 You should read the following discussion together with ITEM 6. “Selected Financial Data” and our consolidated financial statements and related notes included in ITEM 8. “Financial Statements and S","es raised by a tax authority may be finally resolved at an amount different than the related reserve and could materially increase or decrease our income tax provision in the current and/or future periods. 
 
 
 
 

 
 

 

 

 
 

 39 

 

 
 
 

 
 

 Table of Contents 

 

 
 

 

 

 
 
 
 
 
 
",item7_block_heading,True,,,
0001058090-20-000010,2,1,4025,88678,122104," ITEM 7 . MANAGEMENT’S DISCUSSION AND ANALYSIS OF FINANCIAL CONDITION AND RESULTS OF OPERATIONS 
 You should read the following discussion together with ITEM 6. “Selected Financial Data” and our consolidated financial statements and related notes included in ITEM 8. “Financial Statements and Supplem","rmation is available. While we believe that our reserves are adequate, issues raised by a tax authority may be resolved at an amount different than the related reserve and could materially increase or decrease our income tax provision in future periods. ‎ 
 
 
 
 
 26 
 
 Table of Contents 
 
 
 
 
",item7_block_heading,True,,,
0001058090-21-000010,2,1,4468,96883,133276," ITEM 7 . MANAGEMENT’S DISCUSSION AND ANALYSIS OF FINANCIAL CONDITION AND RESULTS OF OPERATIONS 
 You should read the following discussion together with ITEM 6. “Selected Financial Data” and our consolidated financial statements and related notes included in ITEM 8. “Financial Statements and Supplem","rmation is available. While we believe that our reserves are adequate, issues raised by a tax authority may be resolved at an amount different than the related reserve and could materially increase or decrease our income tax provision in future periods. ‎ 
 
 
 
 
 28 
 
 Table of Contents 
 
 
 
 
",item7_block_heading,True,,,
0001058090-22-000011,2,1,4478,92088,127112," ITEM 7 . MANAGEMENT’S DISCUSSION AND ANALYSIS OF FINANCIAL CONDITION AND RESULTS OF OPERATIONS 
 You should read the following discussion together with our consolidated financial statements and related notes included in ITEM 8. “Financial Statements and Supplementary Data.” This section of the Form","atute of limitations. While we believe that our reserves are adequate, issues raised by a tax authority may be resolved at an amount different than the related reserve and could materially increase or decrease our income tax provision in future periods. ‎ 
 
 
 
 
 28 
 
 Table of Contents 
 
 
 
 
",item7_block_heading,True,,,
0001058090-23-000010,2,1,4564,93744,129677," ITEM 7 . MANAGEMENT’S DISCUSSION AND ANALYSIS OF FINANCIAL CONDITION AND RESULTS OF OPERATIONS 
 You should read the following discussion together with our consolidated financial statements and related notes included in ITEM 8. “Financial Statements and Supplementary Data.” This section of the Form","atute of limitations. While we believe that our reserves are adequate, issues raised by a tax authority may be resolved at an amount different than the related reserve and could materially increase or decrease our income tax provision in future periods. ‎ 
 
 
 
 
 
 29 
 
 Table of Contents 
 
 
 
",item7_block_heading,True,,,
0001562762-24-000023,2,1,4303,106558,141274," ITEM 7 . MANAGEMENT’S DISCUSSION AND ANALYSIS OF FINANCIAL CONDITION AND RESULTS OF OPERATIONS 
 You should read the following discussion together with our consolidated financial statements and related notes included in ITEM 8. “Financial Statements and Supplementary Data.” This section of the Form","atute of limitations. While we believe that our reserves are adequate, issues raised by a tax authority may be resolved at an amount different than the related reserve and could materially increase or decrease our income tax provision in future periods. ‎ 
 
 
 
 
 
 31 
 
 Table of Contents 
 
 
 
",item7_block_heading,True,,,
0001058090-25-000014,2,1,3498,108272,135867," ITEM 7. MANAGEMENT’S DISCUSSION AND ANALYSIS OF FINANCIAL CONDITION AND RESULTS OF OPERATIONS 
 You should read the following discussion together with our consolidated financial statements and related notes included in ITEM 8. “Financial Statements and Supplementary Data.” This section of the Form "," due to the expiration of any applicable statute of limitations. While we believe that our reserves are adequate, issues raised by a tax authority may be resolved at an amount different than the related reserve and could materially increase or decrease our income tax provision in future periods. 
 
",item7_block_heading,True,,,
0001058090-26-000009,2,1,3519,101993,130018," ITEM 7. MANAGEMENT’S DISCUSSION AND ANALYSIS OF FINANCIAL CONDITION AND RESULTS OF OPERATIONS 
 You should read the following discussion together with our consolidated financial statements and related notes included in ITEM 8. “Financial Statements and Supplementary Data.” This section of the Form "," due to the expiration of any applicable statute of limitations. While we believe that our reserves are adequate, issues raised by a tax authority may be resolved at an amount different than the related reserve and could materially increase or decrease our income tax provision in future periods. 
 
",item7_block_heading,True,,,
0001130310-17-000006,2,1,12963,227393,330805," ITEM 7. 
 
 Management’s Discussion and Analysis of Financial Condition and Results of Operations 
 
 The following discussion and analysis should be read in combination with our consolidated financial statements included in ITEM 8 herein. 
 
 
 OVERVIEW 
 
 Background 
 
 We are a public utility h","e income in 2016 of $9 million, net of tax. 
 
 Future changes in plan asset returns, assumed discount rates and various other factors related to the pension plans will impact our future pension expense and liabilities. We cannot predict with certainty what these factors will be in the future. 
 
 
",item7_block_heading,True,,,
0001130310-18-000003,2,1,14221,232058,344644," ITEM 7. 
 
 Management’s Discussion and Analysis of Financial Condition and Results of Operations 
 
 The following discussion and analysis should be read in combination with our consolidated financial statements included in ITEM 8 herein. 
 
 
 OVERVIEW 
 
 Background 
 
 We are a public utility h"," income in 2017 of $13 million, net of tax. 
 
 Future changes in plan asset returns, assumed discount rates and various other factors related to the pension plans will impact our future pension expense and liabilities. We cannot predict with certainty what these factors will be in the future. 
 
 
",item7_block_heading,True,,,
0001130310-19-000016,2,1,17901,251509,402565," ITEM 7. 
 
 Management’s Discussion and Analysis of Financial Condition and Results of Operations 
 
 No Registrant makes any representations as to the information related solely to CenterPoint Energy or the subsidiaries of CenterPoint Energy other than itself. 
 
 The following combined discussion","bligation. 
 
 Future changes in plan asset returns, assumed discount rates and various other factors related to the pension plans will impact CenterPoint Energy’s future pension expense and liabilities. CenterPoint Energy cannot predict with certainty what these factors will be in the future. 
 
 
",item7_block_heading,True,,,
0001130310-20-000016,2,1,24934,290163,495645," ITEM 7. 
 
 Management’s Discussion and Analysis of Financial Condition and Results of Operations 
 
 No Registrant makes any representations as to the information related solely to CenterPoint Energy or the subsidiaries of CenterPoint Energy other than itself. 
 
 The following combined discussion","bligation. 
 
 Future changes in plan asset returns, assumed discount rates and various other factors related to the pension plans will impact CenterPoint Energy’s future pension expense and liabilities. CenterPoint Energy cannot predict with certainty what these factors will be in the future. 
 
 
",item7_block_heading,True,,,
0001130310-21-000009,2,1,25372,262211,463447," ITEM 7. Management’s Discussion and Analysis of Financial Condition and Results of Operations 
 
 No Registrant makes any representations as to the information related solely to CenterPoint Energy or the subsidiaries of CenterPoint Energy other than itself. 
 
 The following combined discussion and","bligation. 
 
 Future changes in plan asset returns, assumed discount rates and various other factors related to the pension plans will impact CenterPoint Energy’s future pension expense and liabilities. CenterPoint Energy cannot predict with certainty what these factors will be in the future. 
 
 
",item7_block_heading,True,,,
0001130310-22-000023,2,1,20397,243202,409823," ITEM 7. Management’s Discussion and Analysis of Financial Condition and Results of Operations 
 
 No Registrant makes any representations as to the information related solely to CenterPoint Energy or the subsidiaries of CenterPoint Energy other than itself. 
 
 The following combined discussion and","
 Future changes in plan asset returns, assumed discount rates and various other factors related to the pension plans will impact CenterPoint Energy’s future pension expense and liabilities. CenterPoint Energy cannot predict with certainty what these factors will be in the future. 
 
 
 
 76 
 
 
 
",item7_block_heading,True,,,
0001130310-23-000013,2,1,20134,242053,406353," ITEM 7. Management’s Discussion and Analysis of Financial Condition and Results of Operations 
 
 No Registrant makes any representations as to the information related solely to CenterPoint Energy or the subsidiaries of CenterPoint Energy other than itself. 
 
 The following combined discussion and","bligation. 
 
 Future changes in plan asset returns, assumed discount rates and various other factors related to the pension plans will impact CenterPoint Energy’s future pension expense and liabilities. CenterPoint Energy cannot predict with certainty what these factors will be in the future. 
 
 
",item7_block_heading,True,,,
0001130310-24-000010,2,1,21514,262542,437041," ITEM 7. Management’s Discussion and Analysis of Financial Condition and Results of Operations 
 
 No Registrant makes any representations as to the information related solely to CenterPoint Energy or the subsidiaries of CenterPoint Energy other than itself. 
 
 The following combined discussion and","
 Future changes in plan asset returns, assumed discount rates and various other factors related to the pension plans will impact CenterPoint Energy’s future pension expense and liabilities. CenterPoint Energy cannot predict with certainty what these factors will be in the future. 
 
 
 
 81 
 
 
 
",item7_block_heading,True,,,
0001130310-25-000040,2,1,22254,302858,482889," ITEM 7. Management’s Discussion and Analysis of Financial Condition and Results of Operations 
 
 The following combined discussion and analysis should be read in combination with the consolidated financial statements included in ITEM 8 herein. The discussion of CenterPoint Energy’s consolidated fi","bligation. 
 
 Future changes in plan asset returns, assumed discount rates and various other factors related to the pension plans will impact CenterPoint Energy’s future pension expense and liabilities. CenterPoint Energy cannot predict with certainty what these factors will be in the future. 
 
 
",item7_block_heading,True,,,
0001130310-26-000008,2,1,20628,308644,476284," ITEM 7. Management’s Discussion and Analysis of Financial Condition and Results of Operations 
 
 The following combined discussion and analysis should be read in combination with the consolidated financial statements included in ITEM 8 herein. The discussion of CenterPoint Energy’s consolidated fi","bligation. 
 
 Future changes in plan asset returns, assumed discount rates and various other factors related to the pension plans will impact CenterPoint Energy’s future pension expense and liabilities. CenterPoint Energy cannot predict with certainty what these factors will be in the future. 
 
 
",item7_block_heading,True,,,
0000909832-16-000032,13,11,5630,68962,113231," ITEM 7—Management’s Discussion and Analysis of Financial Condition and Results of Operations (amounts in millions, except per share, share, membership fee, and warehouse count data) 
 
 OVERVIEW 
 We believe that the most important driver of our profitability is sales growth, particularly comparabl","ly reinvested, we may repatriate such earnings to the extent we can do so without an adverse tax consequence. 
 Recent Accounting Pronouncements 
 See Note 1 to the consolidated financial statements included in ITEM 8 of this Report for a detailed description of recent accounting pronouncements. 
 
",item7_block_heading,True,,,
0000909832-17-000014,13,11,5782,68830,114098," ITEM 7—Management’s Discussion and Analysis of Financial Condition and Results of Operations (amounts in millions, except per share, share, membership fee, and warehouse count data) 
 
 
 
 
 OVERVIEW 
 We believe that the most important driver of our profitability is sales growth, particularly com","ly reinvested, we may repatriate such earnings to the extent we can do so without an adverse tax consequence. 
 Recent Accounting Pronouncements 
 See Note 1 to the consolidated financial statements included in ITEM 8 of this Report for a detailed description of recent accounting pronouncements. 
 
",item7_block_heading,True,,,
0000909832-18-000013,2,1,4954,70787,110009," ITEM 7—Management's Discussion and Analysis of Financial Conditions and Results of Operations (amounts in millions, except per share, share, membership fee, and warehouse count data) 
 
 Overview 
 We believe that the most important driver of our profitability is sales growth, particularly comparab","x rate for fiscal 2018 reflects the provisional impact (see Note 8 to our Consolidated Financial Statements). 
 Recent Accounting Pronouncements 
 See Note 1 to the consolidated financial statements included in ITEM 8 of this Report for a detailed description of recent accounting pronouncements. 
 
",item7_block_heading,True,,,
0000909832-19-000019,2,1,4073,68711,101838," ITEM 7—Management's Discussion and Analysis of Financial Conditions and Results of Operations (amounts in millions, except per share, share, membership fee, and warehouse count data) 
 
 Overview 
 We believe that the most important driver of our profitability is sales growth, particularly comparab","ny of which impact our business (see Note 8 to the consolidated financial statements for further discussion). 
 Recent Accounting Pronouncements 
 See Note 1 to the consolidated financial statements included in ITEM 8 of this Report for a detailed description of recent accounting pronouncements. 
 
",item7_block_heading,True,,,
0000909832-20-000017,2,1,4611,75403,111026," ITEM 7—Management's Discussion and Analysis of Financial Conditions and Results of Operations (amounts in millions, except per share, share, membership fee, and warehouse count data) 
 
 Overview 
 We believe that the most important driver of our profitability is increasing net sales, particularly ","r significantly from recorded liabilities. Historically, adjustments to our estimates have not been material. 
 Recent Accounting Pronouncements 
 See Note 1 to the consolidated financial statements included in ITEM 8 of this Report for a detailed description of recent accounting pronouncements. 
 
",item7_block_heading,True,,,
0000909832-21-000014,2,1,4087,74762,105826," ITEM 7—Management's Discussion and Analysis of Financial Conditions and Results of Operations (amounts in millions, except per share, share, membership fee, and warehouse count data) 
 
 The following Management's Discussion and Analysis of Financial Condition and Results of Operations (MD&A) is in","antly from recorded liabilities. Historically, adjustments to our estimates have not been material. 
 Recent Accounting Pronouncements 
 We do not expect that any recently issued accounting pronouncements will have a material effect on our financial statements. 
 
 
 30 
 
 
 Table of Contents 
 
 
",item7_block_heading,True,,,
0000909832-22-000021,2,1,3960,74226,104213," ITEM 7—Management's Discussion and Analysis of Financial Conditions and Results of Operations (amounts in millions, except per share, share, membership fee, and warehouse count data) 
 
 The following Management's Discussion and Analysis of Financial Condition and Results of Operations (MD&A) is in","ims and costs could differ significantly from recorded liabilities. Historically, adjustments to our estimates have not been material. 
 Recent Accounting Pronouncements 
 We do not expect that any recently issued accounting pronouncements will have a material effect on our financial statements. 
 
",item7_block_heading,True,,,
0000909832-23-000042,2,1,3832,73921,103029," ITEM 7—Management's Discussion and Analysis of Financial Conditions and Results of Operations (amounts in millions, except per share, share, membership fee, and warehouse count data) 
 
 The following Management's Discussion and Analysis of Financial Condition and Results of Operations (MD&A) is in","ims and costs could differ significantly from recorded liabilities. Historically, adjustments to our estimates have not been material. 
 Recent Accounting Pronouncements 
 We do not expect that any recently issued accounting pronouncements will have a material effect on our financial statements. 
 
",item7_block_heading,True,,,
0000909832-24-000049,2,1,3877,80858,110305," ITEM 7—Management's Discussion and Analysis of Financial Conditions and Results of Operations (amounts in millions, except per share, share, membership fee, and warehouse count data) 
 Management's Discussion and Analysis of Financial Condition and Results of Operations (MD&A) is intended to promot","sts could differ significantly from recorded liabilities. Historically, adjustments to our estimates have been immaterial. 
 Recent Accounting Pronouncements 
 See discussion of Recent Accounting Pronouncements in Note 1 to the consolidated financial statements included in ITEM 8 of this Report. 
 
",item7_block_heading,True,,,
0000909832-25-000101,2,1,3752,83029,111633," ITEM 7—Management's Discussion and Analysis of Financial Condition and Results of Operations (amounts in millions, except per share, share, percentages and warehouse count data) 
 
 Overview 
 Management's Discussion and Analysis of Financial Condition and Results of Operations (MD&A) is intended t","sts could differ significantly from recorded liabilities. Historically, adjustments to our estimates have been immaterial. 
 Recent Accounting Pronouncements 
 See discussion of Recent Accounting Pronouncements in Note 1 to the consolidated financial statements included in ITEM 8 of this Report. 
 
",item7_block_heading,True,,,
0000016875-17-000015,2,1,16952,103161,254131," ITEM 7. MANAGEMENT'S DISCUSSION AND ANALYSIS OF FINANCIAL CONDITION AND RESULTS OF OPERATIONS 
 
 
 
 INDEX TO MANAGEMENT'S DISCUSSION AND ANALYSIS 
 
 
 
 
 
 
 
 
 
 
 
 Page 
 
 
 Executive Summary 
 
 32 
 
 
 2017 Outlook 
 
 32 
 
 
 Performance Indicators 
 
 33 
 
 
 Results of Operations 
","escribed in the forward-looking statements contained in this MD&A. These more specific factors are identified and discussed in ITEM 1A. Risk Factors. Other risks are detailed from time to time in reports filed by CP with securities regulators in Canada and the United States. 
 
 
 
 63 
 
 
 
 
 
 
",item7_block_heading,True,,,
0000016875-18-000029,2,1,17000,102857,251388," ITEM 7. MANAGEMENT'S DISCUSSION AND ANALYSIS OF FINANCIAL CONDITION AND RESULTS OF OPERATIONS 
 
 
 
 INDEX TO MANAGEMENT'S DISCUSSION AND ANALYSIS 
 
 
 
 
 
 
 
 
 
 
 
 Page 
 
 
 Executive Summary 
 
 30 
 
 
 2018 Outlook 
 
 30 
 
 
 Performance Indicators 
 
 31 
 
 
 Results of Operations 
","escribed in the forward-looking statements contained in this MD&A. These more specific factors are identified and discussed in ITEM 1A. Risk Factors. Other risks are detailed from time to time in reports filed by CP with securities regulators in Canada and the United States. 
 
 
 
 61 
 
 
 
 
 
 
",item7_block_heading,True,,,
0000016875-19-000017,2,1,18514,105793,266649," ITEM 7. MANAGEMENT'S DISCUSSION AND ANALYSIS OF FINANCIAL CONDITION AND RESULTS OF OPERATIONS 
 
 
 
 INDEX TO MANAGEMENT'S DISCUSSION AND ANALYSIS 
 
 
 
 
 
 
 
 
 
 
 
 Page 
 
 
 Executive Summary 
 
 32 
 
 
 2019 Outlook 
 
 32 
 
 
 Performance Indicators 
 
 33 
 
 
 Results of Operations 
","aw, CP undertakes no obligation to update publicly or otherwise revise any forward-looking statements, or the foregoing assumptions and risks affecting such forward-looking information, whether as a result of new information, future events or otherwise. 
 
 
 
 
 
 65 / CP 2018 ANNUAL REPORT 
 
 
 
",item7_block_heading,True,,,
0000016875-20-000007,2,1,18906,110327,275637," ITEM 7. MANAGEMENT'S DISCUSSION AND ANALYSIS OF FINANCIAL CONDITION AND RESULTS OF OPERATIONS 
 
 
 
 INDEX TO MANAGEMENT'S DISCUSSION AND ANALYSIS 
 
 
 
 
 
 
 
 
 
 
 
 Page 
 
 
 Executive Summary 
 
 33 
 
 
 2020 Outlook 
 
 33 
 
 
 Performance Indicators 
 
 34 
 
 
 Results of Operations 
","ble law, CP undertakes no obligation to update publicly or otherwise revise any forward-looking statements, or the foregoing assumptions and risks affecting such forward-looking information, whether as a result of new information, future events or otherwise. 
 
 
 
 
 69 / SERVICE EXCELLENCE 
 
 
 
",item7_block_heading,True,,,
0000016875-21-000008,2,1,20278,133215,298986," ITEM 7. MANAGEMENT'S DISCUSSION AND ANALYSIS OF FINANCIAL CONDITION AND RESULTS OF OPERATIONS 
 
 
 
 INDEX TO MANAGEMENT'S DISCUSSION AND ANALYSIS 
 
 
 
 
 
 
 
 
 
 
 Page 
 
 Executive Summary 
 
 37 
 
 2021 Outlook 
 
 37 
 
 Performance Indicators 
 
 38 
 
 Results of Operations 
 
 41 
 
 ","ed by law, CP undertakes no obligation to update publicly or otherwise revise any forward-looking statements, or the foregoing assumptions and risks affecting such forward-looking statements, whether as a result of new information, future events or otherwise. 
 
 
 
 
 
 
 CP 2020 ANNUAL REPORT 76 
",item7_block_heading,True,,,
0000016875-22-000010,2,1,22318,157155,336544," ITEM 7. MANAGEMENT'S DISCUSSION AND ANALYSIS OF FINANCIAL CONDITION AND RESULTS OF OPERATIONS 
 
 
 
 INDEX TO MANAGEMENT'S DISCUSSION AND ANALYSIS 
 
 
 
 
 
 
 
 
 
 
 Page 
 
 Executive Summary 
 
 43 
 
 
 
 
 Performance Indicators 
 
 44 
 
 Results of Operations 
 
 47 
 
 Impact of Foreign ","law, CP undertakes no obligation to update publicly or otherwise revise any forward-looking statements, or the foregoing assumptions and risks affecting such forward-looking statements, whether as a result of new information, future events or otherwise. 
 
 
 
 
 
 
 85 CP 2021 ANNUAL REPORT 
 
 
 
",item7_block_heading,True,,,
0000016875-23-000008,2,1,16728,130708,265607," ITEM 7. MANAGEMENT'S DISCUSSION AND ANALYSIS OF FINANCIAL CONDITION AND RESULTS OF OPERATIONS 
 
 
 
 INDEX TO MANAGEMENT'S DISCUSSION AND ANALYSIS 
 
 
 
 
 
 
 
 
 
 
 Page 
 
 Executive Summary 
 
 35 
 
 
 
 
 Performance Indicators 
 
 35 
 
 Results of Operations 
 
 36 
 
 Operating Revenues",", the Company undertakes no obligation to update publicly or otherwise revise any forward-looking statements, or the foregoing assumptions and risks affecting such forward-looking statements, whether as a result of new information, future events or otherwise. 
 
 
 
 
 
 
 63 CP 2022 ANNUAL REPORT 
",item7_block_heading,True,,,
0000016875-24-000009,2,1,17000,145724,275503," ITEM 7. MANAGEMENT'S DISCUSSION AND ANALYSIS OF FINANCIAL CONDITION AND RESULTS OF OPERATIONS 
 
 
 
 INDEX TO MANAGEMENT'S DISCUSSION AND ANALYSIS 
 
 
 
 
 
 
 
 
 
 
 Page 
 
 Executive Summary 
 
 36 
 
 
 
 
 Performance Indicators 
 
 36 
 
 Results of Operations 
 
 37 
 
 Operating Revenues","Company undertakes no obligation to update publicly or otherwise revise any forward-looking statements, or the foregoing assumptions and risks affecting such forward-looking statements, whether as a result of new information, future events or otherwise. 
 
 
 
 
 
 
 CPKC 2023 ANNUAL REPORT / 63 
 
",item7_block_heading,True,,,
0000016875-25-000008,2,1,15054,144799,260901," ITEM 7. MANAGEMENT'S DISCUSSION AND ANALYSIS OF FINANCIAL CONDITION AND RESULTS OF OPERATIONS 
 
 
 
 INDEX TO MANAGEMENT'S DISCUSSION AND ANALYSIS 
 
 
 
 
 
 
 
 
 
 
 Page 
 
 Executive Summary 
 
 35 
 
 
 
 
 Performance Indicators 
 
 35 
 
 Results of Operations 
 
 36 
 
 Operating Revenues","e Company undertakes no obligation to update publicly or otherwise revise any forward-looking statements, or the foregoing assumptions and risks affecting such forward-looking statements, whether as a result of new information, future events or otherwise. 
 
 
 
 
 
 
 60 / CPKC 2024 ANNUAL REPORT 
",item7_block_heading,True,,,
0000016875-26-000008,2,1,11992,145017,238539," ITEM 7. MANAGEMENT'S DISCUSSION AND ANALYSIS OF FINANCIAL CONDITION AND RESULTS OF OPERATIONS 
 
 
 
 INDEX TO MANAGEMENT'S DISCUSSION AND ANALYSIS 
 
 
 
 
 
 
 
 
 
 
 Page 
 
 Executive Summary 
 
 36 
 
 
 
 
 Performance Indicators 
 
 36 
 
 Results of Operations 
 
 37 
 
 Operating Revenues","e Company undertakes no obligation to update publicly or otherwise revise any forward-looking statements, or the foregoing assumptions and risks affecting such forward-looking statements, whether as a result of new information, future events or otherwise. 
 
 
 
 
 
 
 CPKC 2025 ANNUAL REPORT / 57 
",item7_block_heading,True,,,
0001175454-17-000005,2,1,17318,182809,323759," ITEM 7. MANAGEMENT’S DISCUSSION AND ANALYSIS OF FINANCIAL CONDITION AND 
 RESULTS OF OPERATIONS 
 The following discussion and analysis of our financial condition and results of operations should be read in conjunction with the consolidated financial statements and related notes appearing elsewhere","tment on our effective tax rate, as results from our equity method investment are reported within the Consolidated Income Statements on a post-tax basis and no tax-over-book outside basis differences related to our equity method investment reversed during 2016. 
 
 
 
 71 
 
 
 Table of Contents 
 
",item7_block_heading,True,,,
0001175454-18-000007,2,1,18291,221740,372362," ITEM 7. MANAGEMENT’S DISCUSSION AND ANALYSIS OF FINANCIAL CONDITION AND 
 RESULTS OF OPERATIONS 
 The following discussion and analysis of our financial condition and results of operations should be read in conjunction with the consolidated financial statements and related notes appearing elsewhere"," Accounting Standards Update 2016-09, "" Compensation-Stock Compensation (Topic 718): Improvements to Employee Share-Based Payment Accounting"", to simplify several aspects of the accounting for share-based compensation, including the income tax consequences. 
 
 
 
 
 
 79 
 
 
 Table of Contents 
 
",item7_block_heading,True,,,
0001175454-19-000004,2,1,20586,231776,409484," ITEM 7. MANAGEMENT’S DISCUSSION AND ANALYSIS OF FINANCIAL CONDITION AND 
 RESULTS OF OPERATIONS 
 The following discussion and analysis of our financial condition and results of operations should be read in conjunction with the consolidated financial statements and related notes appearing elsewhere","d in our effective tax rate. Also excludes the net gain realized upon our disposition of Nextraq, representing a pretax gain of $175.0 million and tax on gain of $65.8 million. The tax on the gain is included in ""Net gain on disposition of assets/business"". 
 
 
 
 
 
 87 
 
 
 Table of Contents 
 
",item7_block_heading,True,,,
0001175454-20-000008,2,1,15017,229123,350105," ITEM 7. MANAGEMENT’S DISCUSSION AND ANALYSIS OF FINANCIAL CONDITION AND 
 RESULTS OF OPERATIONS 
 The following discussion and analysis of our financial condition and results of operations should be read in conjunction with the consolidated financial statements and related notes appearing elsewhere"," $22.7 million in the third quarter of 2018. Also, includes the impact of a discrete tax ITEM for a Section 199 adjustment related to a prior tax year in the third quarter of 2019 results of $1.8 million. 
 
 
 * Columns may not calculate due to rounding. 
 
 
 
 
 
 
 75 
 
 
 Table of Contents 
 
",item7_block_heading,True,,,
0001175454-21-000022,2,1,14385,162372,273844," ITEM 7. MANAGEMENT’S DISCUSSION AND ANALYSIS OF FINANCIAL CONDITION AND 
 RESULTS OF OPERATIONS 
 The following discussion and analysis of our financial condition and results of operations should be read in conjunction with the consolidated financial statements and related notes appearing elsewhere"," 2020 and the impact from the disposition of our investment in Masternaut of $64 million in 2019, as well as the impact of a discrete tax ITEM from a prior year for a Section 199 adjustment of $2 million. 
 
 
 * Columns may not calculate due to rounding. 
 
 
 
 
 
 
 54 
 
 
 
 Table of Contents 
",item7_block_heading,True,,,
0001628280-22-004531,2,1,11282,161968,251229," ITEM 7. MANAGEMENT’S DISCUSSION AND ANALYSIS OF FINANCIAL CONDITION AND 
 RESULTS OF OPERATIONS 
 The following discussion and analysis of our financial condition and results of operations should be read in conjunction with the consolidated financial statements and related notes appearing elsewhere","ustments. 2021 year includes remeasurement of deferreds due to the increase in UK corporate tax rate from 19% to 25% of $6.5 million. 2020 year includes a tax reserve adjustment related to prior year tax positions of $9.8 million. 
 
 * Columns may not calculate due to rounding. 
 
 
 
 
 48 
 
 
 
",item7_block_heading,True,,,
0001628280-23-005444,2,1,11914,173399,267314," ITEM 7. MANAGEMENT’S DISCUSSION AND ANALYSIS OF FINANCIAL CONDITION AND 
 RESULTS OF OPERATIONS 
 The following discussion and analysis of our financial condition and results of operations should be read in conjunction with the consolidated financial statements and related notes appearing elsewhere","on related to intangible assets, premium on receivables, deferred financing costs and debt discounts. 
 
 
 
 2 Includes $9 million adjustment for tax benefit of certain income determined to be permanently invested in Q2 2022. 
 
 
 * Columns may not calculate due to rounding. 
 
 
 
 
 
 53 
 
 
 
",item7_block_heading,True,,,
0001628280-24-008060,2,1,12334,193880,290541," ITEM 7. MANAGEMENT’S DISCUSSION AND ANALYSIS OF FINANCIAL CONDITION AND 
 RESULTS OF OPERATIONS 
 The following discussion and analysis of our financial condition and results of operations should be read in conjunction with the consolidated financial statements and related notes appearing elsewhere",".2 
 
 
 
 
 
 
 
 
 
 Revenues, net 
 
 
 $ 
 3,757.7 
 
 
 $ 
 3,427.1 
 
 
 EBITDA margin 
 
 
 53.1 
 % 
 
 51.6 
 % 
 
 
 
 
 
 
 
 
 * Columns may not calculate due to rounding. 
 
 
 
 
 
 
 
 
 
 
 
 
 
 
 
 
 
 
 
 
 
 
 
 
 
 
 
 
 
 
 
 
 
 
 
 
 
 
 
 
 
 
 
 
 
 
 
 
 
 
 
 
 55 
 
 
 
",item7_block_heading,True,,,
0001628280-25-008746,2,1,12344,191727,292055," ITEM 7. MANAGEMENT’S DISCUSSION AND ANALYSIS OF FINANCIAL CONDITION AND 
 RESULTS OF OPERATIONS 
 The following discussion and analysis of our financial condition and results of operations should be read in conjunction with 
 the consolidated financial statements and related notes appearing elsewhe","rgin 
 
 
 
 
 
 53.6 % 
 
 
 
 
 53.1 % 
 
 
 
 
 
 
 
 
 
 
 
 1 2024 EBITDA and EBITDA margin are adjusted for a material modification impacting stock-based 
 compensation expense and a deal related termination expense. 
 
 
 
 
 * Columns may not calculate due to rounding. 
 
 
 
 
 56 
 
 
 
 
",item7_block_heading,True,,,
0001175454-26-000018,2,1,13012,195049,300258," ITEM 7. MANAGEMENT’S DISCUSSION AND ANALYSIS OF FINANCIAL CONDITION AND 
 RESULTS OF OPERATIONS 
 The following discussion and analysis of our financial condition and results of operations should be read in conjunction with 
 the consolidated financial statements and related notes appearing elsewhe","
 
 
 $ 4,528.4 
 
 
 
 
 $ 3,974.6 
 
 
 
 
 Adjusted EBITDA margin 
 
 
 
 
 
 56.6 % 
 
 
 
 
 57.1 % 
 
 
 
 
 
 
 
 
 
 
 
 1 Includes certain legal expenses, restructuring costs and integration and deal related costs 
 
 
 
 
 * Columns may not calculate due to rounding. 
 
 
 
 
 58 
 
 
 
 
",item7_block_heading,True,,,
0000900075-16-000081,2,1,10854,146896,234261," ITEM 7. Management’s Discussion and Analysis of Financial Condition and Results of Operations 
 
 CAUTION REGARDING FORWARD-LOOKING STATEMENTS 
 
 This Annual Report on Form 10-K for the fiscal year ended July 31, 2016 , or this Form 10-K, including the information incorporated by reference herein,","hich are included under in Part II, ITEM 8 of this 10-K. 
 
 Recently Issued Accounting Standards 
 
 For a description of the new accounting standards that affect us, refer to the Notes to Consolidated Financial Statements — Note 1 — Summary of Significant Accounting Policies . 
 
 
 
 47 
 
 
 
 
",item7_block_heading,True,,,
0000900075-17-000044,2,1,11787,147525,242258," ITEM 7. Management’s Discussion and Analysis of Financial Condition and Results of Operations 
 
 CAUTION REGARDING FORWARD-LOOKING STATEMENTS 
 
 This Annual Report on Form 10-K for the fiscal year ended July 31, 2017 , or this Form 10-K, including the information incorporated by reference herein,","which are included under in Part II, ITEM 8 of this 10-K. 
 
 Recently Issued Accounting Standards 
 
 For a description of the new accounting standards that affect us, refer to the Notes to Consolidated Financial Statements, Note 1 — Summary of Significant Accounting Policies . 
 
 
 
 48 
 
 
 
 
",item7_block_heading,True,,,
0000900075-18-000048,2,1,11622,149091,242472," ITEM 7. Management’s Discussion and Analysis of Financial Condition and Results of Operations 
 
 CAUTION REGARDING FORWARD-LOOKING STATEMENTS 
 
 This Annual Report on Form 10-K for the fiscal year ended July 31, 2018 , or this Form 10-K, including the information incorporated by reference herein,","ial Statements, which are included in Part II, ITEM 8 of this Form 10-K. 
 
 Recently Issued Accounting Standards 
 
 For a description of the new accounting standards that affect us, refer to the Notes to Consolidated Financial Statements, Note 1 — Summary of Significant Accounting Policies . 
 
 
",item7_block_heading,True,,,
0000900075-19-000022,2,1,10438,148043,233698," ITEM 7. Management’s Discussion and Analysis of Financial Condition and Results of Operations 
 
 CAUTION REGARDING FORWARD-LOOKING STATEMENTS 
 
 This Annual Report on Form 10-K for the fiscal year ended July 31, 2019 , or this Form 10-K, including the information incorporated by reference herein,","d in Part II, ITEM 8 of this Form 10-K. 
 
 Recently Issued Accounting Standards 
 
 For a description of the new accounting standards that affect us, refer to the Notes to Consolidated Financial Statements, Note 1 — Summary of Significant Accounting Policies . 
 
 
 47 
 
 Table of Contents 
 
 
 
",item7_block_heading,True,,,
0000900075-20-000021,2,1,10902,150287,235224," ITEM 7. Management’s Discussion and Analysis of Financial Condition and Results of Operations 
 
 CAUTION REGARDING FORWARD-LOOKING STATEMENTS 
 
 This Annual Report on Form 10-K for the fiscal year ended July 31, 2020, or this Form 10-K, including the information incorporated by reference herein, ","uded in Part II, ITEM 8 of this Form 10-K. 
 
 
 
 49 
 
 Table of Contents 
 Recently Issued Accounting Standards 
 
 For a description of the new accounting standards that affect us, refer to the Notes to Consolidated Financial Statements, Note 1 — Summary of Significant Accounting Policies. 
 
 
",item7_block_heading,True,,,
0000900075-21-000022,2,1,7402,153223,212779," ITEM 7. Management’s Discussion and Analysis of Financial Condition and Results of Operations 
 
 CAUTION REGARDING FORWARD-LOOKING STATEMENTS 
 
 This Annual Report on Form 10-K for the fiscal year ended July 31, 2021, or this Form 10-K, including the information incorporated by reference herein, ","gnized tax benefits in income tax expense. 
 
 Recently Issued Accounting Standards 
 
 For a description of the new accounting standards that affect us, refer to the Notes to Consolidated Financial Statements, Note 1 — Summary of Significant Accounting Policies. 
 
 
 
 45 
 
 
 Table of Contents 
",item7_block_heading,True,,,
0000900075-22-000050,2,1,7483,143789,203456," ITEM 7. Management’s Discussion and Analysis of Financial Condition and Results of Operations 
 
 CAUTION REGARDING FORWARD-LOOKING STATEMENTS 
 
 This Annual Report on Form 10-K for the fiscal year ended July 31, 2022, or this Form 10-K, including the information incorporated by reference herein, ","ties, if any, related to unrecognized tax benefits in income tax expense. 
 
 Recently Issued Accounting Standards 
 
 For a description of the new accounting standards that affect us, refer to the Notes to Consolidated Financial Statements, Note 1 — Summary of Significant Accounting Policies. 
 
 
",item7_block_heading,True,,,
0000900075-23-000034,2,1,6754,143417,198196," ITEM 7. Management’s Discussion and Analysis of Financial Condition and Results of Operations 
 
 CAUTION REGARDING FORWARD-LOOKING STATEMENTS 
 
 This Annual Report on Form 10-K for the fiscal year ended July 31, 2023, or this Form 10-K, including the information incorporated by reference herein, ","e year in which the liability arises and not as a deferred tax liability. 
 
 Recently Issued Accounting Standards 
 
 For a description of the new accounting standards that affect us, refer to the Notes to Consolidated Financial Statements, Note 1 — Summary of Significant Accounting Policies. 
 
 
",item7_block_heading,True,,,
0000900075-24-000024,2,1,5964,149355,198134," ITEM 7. Management’s Discussion and Analysis of Financial Condition and Results of Operations 
 
 The following is a discussion and analysis of our financial condition and results of operations as of, and for, the periods presented and should be read in conjunction with our audited Consolidated Fin","e year in which the liability arises and not as a deferred tax liability. 
 
 Recently Issued Accounting Standards 
 
 For a description of the new accounting standards that affect us, refer to the Notes to Consolidated Financial Statements, Note 1 — Summary of Significant Accounting Policies. 
 
 
",item7_block_heading,True,,,
0001628280-25-042946,2,1,5569,150546,196415," ITEM 7. Management’s Discussion and Analysis of Financial Condition and Results of Operations 
 
 The following is a discussion and analysis of our financial condition and results of operations as of, and for, the periods presented and should be read in conjunction with our audited Consolidated Fin","e year in which the liability arises and not as a deferred tax liability. 
 
 Recently Issued Accounting Standards 
 
 For a description of the new accounting standards that affect us, refer to the Notes to Consolidated Financial Statements, Note 1 — Summary of Significant Accounting Policies. 
 
 
",item7_block_heading,True,,,
0001383650-17-000011,2,1,7759,201873,263995," ITEM 7. 
 
 MANAGEMENT’S DISCUSSION AND ANALYSIS OF FINANCIAL CONDITION AND RESULTS OF OPERATIONS 
 
 
 Introduction 
 
 The following discussion and analysis presents management’s view of our business, financial condition and overall performance and should be read in conjunction with our Consolida","cal experience and other factors, including the current economic and commodity price environment. 
 
 
 Recent Accounting Standards 
 
 For descriptions of recently issued accounting standards, see Note 17—Recent Accounting Standards of our Notes to Consolidated Financial Statements. 
 
 
 
 
 
 
 
",item7_block_heading,True,,,
0001383650-18-000005,2,1,8220,202458,265602," ITEM 7. 
 
 MANAGEMENT’S DISCUSSION AND ANALYSIS OF FINANCIAL CONDITION AND RESULTS OF OPERATIONS 
 
 
 Introduction 
 
 The following discussion and analysis presents management’s view of our business, financial condition and overall performance and should be read in conjunction with our Consolida","nce and other factors, including the current economic and commodity price environment. 
 
 
 Recent Accounting Standards 
 
 For descriptions of recently issued accounting standards, see Note 18—Recent Accounting Standards of our Notes to Consolidated Financial Statements. 
 
 
 
 55 
 
 
 
 
 
 
 
",item7_block_heading,True,,,
0001383650-19-000005,2,1,7708,194527,255658," ITEM 7. 
 
 MANAGEMENT’S DISCUSSION AND ANALYSIS OF FINANCIAL CONDITION AND RESULTS OF OPERATIONS 
 
 
 Introduction 
 
 The following discussion and analysis presents management’s view of our business, financial condition and overall performance and should be read in conjunction with our Consolida","stimated fair value could occur in the near future as interest rates and commodity prices change. 
 
 
 Recent Accounting Standards 
 
 For descriptions of recently issued accounting standards, see Note 19—Recent Accounting Standards of our Notes to Consolidated Financial Statements. 
 
 
 
 
 
 
 
",item7_block_heading,True,,,
0001383650-20-000006,2,1,7302,187034,245255," ITEM 7. 
 
 MANAGEMENT’S DISCUSSION AND ANALYSIS OF FINANCIAL CONDITION AND RESULTS OF OPERATIONS 
 
 
 Introduction 
 
 The following discussion and analysis presents management’s view of our business, financial condition and overall performance and should be read in conjunction with our Consolida","ld occur in the near future as interest rates and commodity prices change. 
 
 
 Recent Accounting Standards 
 
 For descriptions of recently issued accounting standards, see Note 3—Summary of Significant Accounting Policies of our Notes to Consolidated Financial Statements. 
 
 
 54 
 
 
 
 
 
 
 
",item7_block_heading,True,,,
0001383650-21-000005,2,1,8868,184574,253210," ITEM 7. MANAGEMENT’S DISCUSSION AND ANALYSIS OF FINANCIAL CONDITION AND RESULTS OF OPERATIONS 
 
 
 Introduction 
 
 The following discussion and analysis presents management’s view of our business, financial condition and overall performance and should be read in conjunction with our Consolidated ","ed fair value could occur in the near future as interest rates and commodity prices change. 
 
 
 Recent Accounting Standards 
 
 For descriptions of recently issued accounting standards, see Note 3 — Summary of Significant Accounting Policies of our Notes to Consolidated Financial Statements. 
 
 
",item7_block_heading,True,,,
0001383650-22-000005,2,1,7238,130216,188593," ITEM 7. MANAGEMENT’S DISCUSSION AND ANALYSIS OF FINANCIAL CONDITION AND RESULTS OF OPERATIONS 
 
 
 Introduction 
 
 The following discussion and analysis presents management’s view of our business, financial condition and overall performance and should be read in conjunction with our Consolidated ","e sensitivity of the fair value of our derivatives to hypothetical changes in underlying prices. 
 
 
 Recent Accounting Standards 
 
 For a summary of recently issued accounting standards, see Note 3—Summary of Significant Accounting Policies of our Notes to Consolidated Financial Statements. 
 
 
",item7_block_heading,True,,,
0001383650-23-000008,2,1,7807,133660,194751," ITEM 7. MANAGEMENT’S DISCUSSION AND ANALYSIS OF FINANCIAL CONDITION AND RESULTS OF OPERATIONS 
 
 
 Introduction 
 
 The following discussion and analysis presents management’s view of our business, financial condition and overall performance and should be read in conjunction with our Consolidated "," of our derivatives to hypothetical changes in underlying prices. 
 
 
 Recent Accounting Standards 
 
 For a summary of recently issued accounting standards, see Note 3—Summary of Significant Accounting Policies of our Notes to Consolidated Financial Statements. 
 
 
 
 44 
 
 
 Table of Contents 
",item7_block_heading,True,,,
0001383650-24-000013,2,1,7491,138581,196912," ITEM 7. MANAGEMENT’S DISCUSSION AND ANALYSIS OF FINANCIAL CONDITION AND RESULTS OF OPERATIONS 
 
 
 Introduction 
 
 The following discussion and analysis presents management’s view of our business, financial condition and overall performance and should be read in conjunction with our Consolidated ","e sensitivity of the fair value of our derivatives to hypothetical changes in underlying prices. 
 
 
 Recent Accounting Standards 
 
 For a summary of recently issued accounting standards, see Note 3—Summary of Significant Accounting Policies of our Notes to Consolidated Financial Statements. 
 
 
",item7_block_heading,True,,,
0001383650-25-000007,2,1,6086,140191,189239," ITEM 7. MANAGEMENT’S DISCUSSION AND ANALYSIS OF FINANCIAL CONDITION AND RESULTS OF OPERATIONS 
 
 
 Introduction 
 
 The following discussion and analysis presents management’s view of our business, financial condition and overall performance and should be read in conjunction with our Consolidated ","e sensitivity of the fair value of our derivatives to hypothetical changes in underlying prices. 
 
 
 Recent Accounting Standards 
 
 For a summary of recently issued accounting standards, see Note 3—Summary of Significant Accounting Policies of our Notes to Consolidated Financial Statements. 
 
 
",item7_block_heading,True,,,
0001383650-26-000005,2,1,6529,160899,213424," ITEM 7. MANAGEMENT’S DISCUSSION AND ANALYSIS OF FINANCIAL CONDITION AND RESULTS OF OPERATIONS 
 
 
 Introduction 
 
 The following discussion and analysis presents management’s view of our business, financial condition and overall performance and should be read in conjunction with our Consolidated ","e sensitivity of the fair value of our derivatives to hypothetical changes in underlying prices. 
 
 
 Recent Accounting Standards 
 
 For a summary of recently issued accounting standards, see Note 3—Summary of Significant Accounting Policies of our Notes to Consolidated Financial Statements. 
 
 
",item7_block_heading,True,,,
0000277948-17-000009,1,1,12746,66271,169457," ITEM 7. Management's Discussion and Analysis of Financial Condition and Results of Operations 
 
 TERMS USED BY CSX 
 
 When used in this report, unless otherwise indicated by the context, these terms are used to mean the following: 
 
 Car hire - A charge paid by one railroad for its use of cars b"," those in the forward-looking statements are specified elsewhere in this report and in CSX's other SEC reports, which are accessible on the SEC's website at www.sec.gov and the Company's website at www.csx.com . The information on the CSX website is not part of this annual report on Form 10-K. 
 
 
",item7_block_heading,True,,,
0000277948-18-000009,1,1,10521,68096,156500," ITEM 7. Management's Discussion and Analysis of Financial Condition and Results of Operations 
 
 
 TERMS USED BY CSX 
 
 When used in this report, unless otherwise indicated by the context, these terms are used to mean the following: 
 
 Car hire - A charge paid by one railroad for its use of cars"," those in the forward-looking statements are specified elsewhere in this report and in CSX's other SEC reports, which are accessible on the SEC's website at www.sec.gov and the Company's website at www.csx.com . The information on the CSX website is not part of this annual report on Form 10-K. 
 
 
",item7_block_heading,True,,,
0000277948-19-000011,1,1,10004,65850,150709," ITEM 7. Management's Discussion and Analysis of Financial Condition and Results of Operations 
 
 
 TERMS USED BY CSX 
 
 When used in this report, unless otherwise indicated by the context, these terms are used to mean the following: 
 
 Car hire - A charge paid by one railroad for its use of cars"," those in the forward-looking statements are specified elsewhere in this report and in CSX's other SEC reports, which are accessible on the SEC's website at www.sec.gov and the Company's website at www.csx.com . The information on the CSX website is not part of this annual report on Form 10-K. 
 
 
",item7_block_heading,True,,,
0000277948-20-000008,1,1,7894,63851,128656," ITEM 7. Management's Discussion and Analysis of Financial Condition and Results of Operations 
 
 
 TERMS USED BY CSX 
 
 When used in this report, unless otherwise indicated by the context, these terms are used to mean the following: 
 
 Car hire - A charge paid by one railroad for its use of cars"," those in the forward-looking statements are specified elsewhere in this report and in CSX's other SEC reports, which are accessible on the SEC's website at www.sec.gov and the Company's website at www.csx.com . The information on the CSX website is not part of this annual report on Form 10-K. 
 
 
",item7_block_heading,True,,,
0000277948-21-000014,1,1,8501,62077,127333," ITEM 7. Management's Discussion and Analysis of Financial Condition and Results of Operations 
 
 
 TERMS USED BY CSX 
 
 When used in this report, unless otherwise indicated by the context, these terms are used to mean the following: 
 
 Car hire - A charge paid by one railroad for its use of cars"," in this report and in CSX's other SEC reports, which are accessible on the SEC's website at www.sec.gov and the Company's website at www.csx.com . The information on the CSX website is not part of this annual report on Form 10-K. 
 
 
 
 CSX 2020 Form 10-K p.44 
 
 
 CSX CORPORATION 
 PART II 
 
 
",item7_block_heading,True,,,
0000277948-22-000009,1,1,9708,63838,137416," ITEM 7. Management's Discussion and Analysis of Financial Condition and Results of Operations 
 
 
 TERMS USED BY CSX 
 
 When used in this report, unless otherwise indicated by the context, these terms are used to mean the following: 
 
 Car hire - A charge paid by one railroad for its use of cars","re in this report and in CSX's other SEC reports, which are accessible on the SEC's website at www.sec.gov and the Company's website at www.csx.com . The information on the CSX website is not part of this annual report on Form 10-K. 
 
 
 
 CSX 2021 Form 10-K p.46 
 
 
 
 CSX CORPORATION 
 PART II 
",item7_block_heading,True,,,
0000277948-23-000006,1,1,8360,65439,129506," ITEM 7. Management's Discussion and Analysis of Financial Condition and Results of Operations 
 
 
 TERMS USED BY CSX 
 
 When used in this report, unless otherwise indicated by the context, these terms are used to mean the following: 
 
 Car hire - A charge paid by one railroad for its use of cars","re in this report and in CSX's other SEC reports, which are accessible on the SEC's website at www.sec.gov and the Company's website at www.csx.com . The information on the CSX website is not part of this annual report on Form 10-K. 
 
 
 
 CSX 2022 Form 10-K p.43 
 
 
 
 CSX CORPORATION 
 PART II 
",item7_block_heading,True,,,
0000277948-24-000010,1,1,8097,75369,137999," ITEM 7. Management's Discussion and Analysis of Financial Condition and Results of Operations 
 
 
 TERMS USED BY CSX 
 
 When used in this report, unless otherwise indicated by the context, these terms are used to mean the following: 
 
 Car hire - A charge paid by one railroad for its use of cars","re in this report and in CSX's other SEC reports, which are accessible on the SEC's website at www.sec.gov and the Company's website at www.csx.com . The information on the CSX website is not part of this annual report on Form 10-K. 
 
 
 
 CSX 2023 Form 10-K p.47 
 
 
 
 CSX CORPORATION 
 PART II 
",item7_block_heading,True,,,
0000277948-25-000008,1,1,8623,76586,143418," ITEM 7. Management's Discussion and Analysis of Financial Condition and Results of Operations 
 
 
 TERMS USED BY CSX 
 
 When used in this report, unless otherwise indicated by the context, these terms are used to mean the following: 
 
 Car hire - A charge paid by one railroad for its use of cars","re in this report and in CSX's other SEC reports, which are accessible on the SEC's website at www.sec.gov and the Company's website at www.csx.com . The information on the CSX website is not part of this annual report on Form 10-K. 
 
 
 
 CSX 2024 Form 10-K p.49 
 
 
 
 CSX CORPORATION 
 PART II 
",item7_block_heading,True,,,
0000277948-26-000006,1,1,8590,76011,142775," ITEM 7. Management's Discussion and Analysis of Financial Condition and Results of Operations 
 
 
 TERMS USED BY CSX 
 
 When used in this report, unless otherwise indicated by the context, these terms are used to mean the following: 
 
 Car hire - A charge paid by one railroad for its use of cars","re in this report and in CSX's other SEC reports, which are accessible on the SEC's website at www.sec.gov and the Company's website at www.csx.com . The information on the CSX website is not part of this annual report on Form 10-K. 
 
 
 
 CSX 2025 Form 10-K p.48 
 
 
 
 CSX CORPORATION 
 PART II 
",item7_block_heading,True,,,
0000723254-16-000050,2,1,7844,51280,110762," ITEM 7. Management's Discussion and Analysis 
 of Financial Condition and Results of Operations 
 Business Strategy 
 Cintas helps more than 900,000 businesses of all types and sizes, primarily in North America, as well as Latin America, Europe and Asia, get ReadyTM to open their doors with confide","ions and the allocation of income among various tax jurisdictions. In evaluating the exposure associated with various filing positions, Cintas records reserves as deemed appropriate. Based on Cintas' evaluation of current tax positions, Cintas believes its tax related accruals are appropriate. 
 
 
",item7_block_heading,True,,,
0000723254-17-000020,2,1,8613,54980,121635," ITEM 7. Management's Discussion and Analysis 
 of Financial Condition and Results of Operations 
 Business Strategy 
 Cintas helps more than one million businesses of all types and sizes, primarily in North America, as well as Latin America, Europe and Asia, get ReadyTM to open their doors with con","ions and the allocation of income among various tax jurisdictions. In evaluating the exposure associated with various filing positions, Cintas records reserves as deemed appropriate. Based on Cintas' evaluation of current tax positions, Cintas believes its tax related accruals are appropriate. 
 
 
",item7_block_heading,True,,,
0000723254-18-000015,2,1,9009,55569,124800," ITEM 7. Management's Discussion and Analysis 
 of Financial Condition and Results of Operations 
 Business Strategy 
 Cintas helps more than one million businesses of all types and sizes, primarily in North America, as well as Latin America, Europe and Asia, get ReadyTM to open their doors with con","ions and the allocation of income among various tax jurisdictions. In evaluating the exposure associated with various filing positions, Cintas records reserves as deemed appropriate. Based on Cintas' evaluation of current tax positions, Cintas believes its tax related accruals are appropriate. 
 
 
",item7_block_heading,True,,,
0000723254-19-000021,2,1,8734,53541,123817," ITEM 7. Management's Discussion and Analysis 
 of Financial Condition and Results of Operations 
 Business Strategy 
 Cintas helps more than one million businesses of all types and sizes, primarily in North America, as well as Latin America, Europe and Asia, get ReadyTM to open their doors with con","allocation of income among various tax jurisdictions. In evaluating the exposure associated with various filing positions, Cintas records reserves as deemed appropriate. Based on Cintas' evaluation of current tax positions, Cintas believes its tax related accruals are appropriate. 
 
 
 29 
 
 
 
 
",item7_block_heading,True,,,
0000723254-20-000025,2,1,8194,58758,120408," ITEM 7. Management's Discussion and 
 Analysis of Financial Condition and Results of Operations 
 Business Strategy 
 Cintas helps more than one million businesses of all types and sizes, primarily in the U.S., as well as Canada, Latin America, Europe and Asia, get READYTM to open their doors with ","allocation of income among various tax jurisdictions. In evaluating the exposure associated with various filing positions, Cintas records reserves as deemed appropriate. Based on Cintas' evaluation of current tax positions, Cintas believes its tax related accruals are appropriate. 
 
 
 
 29 
 
 
 
",item7_block_heading,True,,,
0000723254-21-000021,2,1,6555,67468,118310," ITEM 7. Management's Discussion and 
 Analysis of Financial Condition and Results of Operations 
 Business Strategy 
 Cintas helps more than one million businesses of all types and sizes, primarily in the U.S., as well as Canada and Latin America, get READYTM to open their doors with confidence eve","ions and the allocation of income among various tax jurisdictions. In evaluating the exposure associated with various filing positions, Cintas records reserves as deemed appropriate. Based on Cintas' evaluation of current tax positions, Cintas believes its tax related accruals are appropriate. 
 
 
",item7_block_heading,True,,,
0000723254-22-000019,2,1,6373,70327,120342," ITEM 7. Management's Discussion and 
 Analysis of Financial Condition and Results of Operations 
 Business Strategy 
 Cintas helps more than one million businesses of all types and sizes, primarily in the U.S., as well as Canada and Latin America, get READYTM to open their doors with confidence eve","ions and the allocation of income among various tax jurisdictions. In evaluating the exposure associated with various filing positions, Cintas records reserves as deemed appropriate. Based on Cintas' evaluation of current tax positions, Cintas believes its tax related accruals are appropriate. 
 
 
",item7_block_heading,True,,,
0000723254-23-000025,2,1,5451,67110,110688," ITEM 7. Management's Discussion and 
 Analysis of Financial Condition and Results of Operations 
 Business Strategy 
 Cintas helps more than one million businesses of all types and sizes, primarily in the U.S., as well as Canada and Latin America, get READYTM to open their doors with confidence eve","ed upon projected future taxable income and the expected timing of the reversals of existing temporary differences. Although realization is not assured, management believes it is more likely than not that the recorded deferred tax assets, as adjusted for valuation allowances, will be realized. 
 
 
",item7_block_heading,True,,,
0000723254-24-000036,2,1,5467,79231,123113," ITEM 7. Management's Discussion and 
 Analysis of Financial Condition and Results of Operations 
 Business Strategy 
 Cintas helps more than one million businesses of all types and sizes, primarily in the U.S., as well as Canada and Latin America, get READYTM to open their doors with confidence eve","as records an increase or decrease in selling and administrative expenses related to development of prior claims, higher claims activity and other environmental factors in the period in which it becomes known. These changes in estimates may be material to the consolidated financial statements. 
 
 
",item7_block_heading,True,,,
0000723254-25-000017,2,1,5447,75340,119242," ITEM 7. Management's Discussion and 
 Analysis of Financial Condition and Results of Operations 
 Business Strategy 
 Cintas helps more than one million businesses of all types and sizes, primarily in the U.S., as well as Canada and Latin America, get READYTM to open their doors with confidence eve"," Cintas records an increase or decrease in selling and administrative expenses related to development of prior claims, higher claims activity and other industry factors in the period in which it becomes known. These changes in estimates may be material to the consolidated financial statements. 
 
 
",item7_block_heading,True,,,
0001047469-16-017244,3,1,9364,105842,179228," MANAGEMENT'S DISCUSSION AND ANALYSIS 
 
 
 
 
 
 
 


 
 
 
 
 
 
 
 
 
 
 
 


 





 


 RESULTS OF OPERATIONS FOR THE YEARS ENDED 
OCTOBER 31, 2016, 2015 AND 2014 
 
 
 
 
 

 
 


 


OVERVIEW 

 
 


 


Organization 

 
 The company's equipment operations generate revenues and cash primarily","lio. As a result,
a hypothetical 10 percent adverse change in the value of the U.S. dollar relative to all other foreign currencies would not have a material effect on the financial services cash flows. 


 

 
 
 
 
 31 
 
 
 
 
 
 

 
 

 




 




 




 





 




 




 


 

 

 
 
 

 
 
 
",issuer_substantive_heading_DE,True,,,
0001047469-17-007719,3,1,9314,108305,181502," MANAGEMENT'S DISCUSSION AND ANALYSIS 
 
 
 
 
 
 
 


 
 
 
 
 
 
 
 
 
 
 
 


 





 


 RESULTS OF OPERATIONS FOR THE YEARS ENDED 
OCTOBER 29, 2017, OCTOBER 30, 2016, AND NOVEMBER 1, 2015 
 
 
 
 
 

 
 


 


OVERVIEW 

 
 


 


Organization 

 
 The company's equipment operations generate re","a result,
a hypothetical 10 percent adverse change in the value of the U.S. dollar relative to all other foreign currencies would not have a material effect on the financial services cash flows. 

 

 
 
 
 
 28 
 
 
 
 
 
 

 
 

 




 




 




 





 




 




 


 Table of Contents 

 
 

 
",issuer_substantive_heading_DE,True,,,
0001047469-18-007694,3,1,9426,110294,184441," MANAGEMENT'S DISCUSSION AND ANALYSIS 
 
 
 
 
 
 
 


 
 
 
 
 
 
 
 
 
 
 
 


 





 


 RESULTS OF OPERATIONS FOR THE YEARS ENDED 
OCTOBER 28, 2018, OCTOBER 29, 2017, AND OCTOBER 30, 
2016 
 
 
 
 
 

 
 


 


OVERVIEW 

 
 


 


Organization 

 
 The company's equipment operations generate r","lt,
a hypothetical 10 percent adverse change in the value of the U.S. dollar relative to all other foreign
currencies would not have a material effect on the financial services cash flows. 


 

 
 

 
 30 

 
 
 
 
 

 
 

 




 




 




 





 




 




 


 

 

 
 Table of Contents 

 
 
 
",issuer_substantive_heading_DE,True,,,
0001558370-19-011614,3,1,8632,108750,177201," MANAGEMENT’S DISCUSSION AND ANALYSIS 
 
 
 
 RESULTS OF OPERATIONS FOR THE YEARS ENDED 
 NOVEMBER 3, 2019, OCTOBER 28, 2018, AND OCTOBER 29, 2017 
 OVERVIEW 
 Organization 
 The company’s equipment operations generate revenues and cash primarily from the sale of equipment to John Deere dealers and ","s not match the currency of the receivable portfolio. As a result, a hypothetical 10 percent adverse change in the value of the U.S. dollar relative to all other foreign currencies would not have a material effect on the financial services cash flows. 
 
 
 
 
 
 32 
 
 
 
 
 Table of Contents 
 
 
",issuer_substantive_heading_DE,True,,,
0001558370-20-014436,3,1,10460,121531,226331," MANAGEMENT’S DISCUSSION AND ANALYSIS 
 
 
 
 RESULTS OF OPERATIONS FOR THE YEARS ENDED 
 NOVEMBER 1, 2020, NOVEMBER 3, 2019, AND OCTOBER 28, 2018 
 OVERVIEW 
 Organization 
 The company’s equipment operations generate revenues and cash primarily from the sale of equipment to John Deere dealers and ","not match the currency of the receivable portfolio. As a result, a hypothetical 10 percent adverse change in the value of the U.S. dollar relative to all other foreign currencies would not have a material effect on the financial services cash flows. 
 
 
 
 
 
 
 
 38 
 
 
 
 
 Table of Contents 
 
",issuer_substantive_heading_DE,True,,,
0001558370-21-016864,3,1,11581,139784,255581," MANAGEMENT’S DISCUSSION AND ANALYSIS 
 
 
 
 The following Management's Discussion and Analysis of Financial Condition and Results of Operations (MD&A) is intended to promote understanding of the financial condition and results of operations. The MD&A is provided as a supplement to, and should be r","not match the currency of the receivable portfolio. As a result, a hypothetical 10 percent adverse change in the value of the U.S. dollar relative to all other foreign currencies would not have a material effect on the financial services cash flows. 
 
 
 
 
 
 
 
 43 
 
 
 
 
 Table of Contents 
 
",issuer_substantive_heading_DE,True,,,
0001558370-22-018703,3,1,8963,146456,239528," MANAGEMENT’S DISCUSSION AND ANALYSIS 
 
 
 
 The following Management's Discussion and Analysis of Financial Condition and Results of Operations (MD&A) is intended to promote understanding of the financial condition and results of operations. The MD&A is provided as a supplement to, and should be r","not match the currency of the receivable portfolio. As a result, a hypothetical 10 percent adverse change in the value of the U.S. dollar relative to all other foreign currencies would not have a material effect on the financial services cash flows. 
 
 
 
 
 
 
 
 42 
 
 
 
 
 Table of Contents 
 
",issuer_substantive_heading_DE,True,,,
0001558370-23-019812,3,1,6757,139469,225937," MANAGEMENT’S DISCUSSION AND ANALYSIS 
 
 
 
 Management’s Discussion and Analysis of Financial Condition and Results of Operations (MD&A) is intended to promote understanding of our financial condition and results of operations. The MD&A is provided as a supplement to, and should be read in conjunc"," does not match the currency of the receivable portfolio. As a result, a hypothetical 10 percent adverse change in the value of the U.S. dollar relative to all other foreign currencies would not have a material effect on the financial services cash flows. 
 
 
 
 
 43 
 
 
 
 
 Table of Contents 
 
",issuer_substantive_heading_DE,True,,,
0001558370-24-016169,3,1,7152,136162,226435," MANAGEMENT’S DISCUSSION AND ANALYSIS 
 
 
 
 
 Management’s Discussion and Analysis of Financial Condition and Results of Operations (MD&A) is intended to promote understanding of our financial condition and results of operations. The MD&A is provided as a supplement to, and should be read in conju","oes not match the currency of the receivable portfolio. As a result, a hypothetical 10 percent adverse change in the value of the U.S. dollar relative to all other foreign currencies would not have a material effect on the financial services cash flows. 
 
 
 
 
 43 
 
 
 
 
 Table of Contents 
 
 
",issuer_substantive_heading_DE,True,,,
0001104659-25-122321,3,1,7048,144761,234192," MANAGEMENT’S DISCUSSION AND ANALYSIS 
 
 
 
 Management’s Discussion and Analysis of Financial Condition and Results of Operations (MD&A) is intended to promote understanding of our financial condition and results of operations. The MD&A is provided as a supplement to, and should be read in conjunc","rrowing does not match the currency of the receivable portfolio. As a result, a hypothetical 10% adverse change in the value of the U.S. dollar relative to all other foreign currencies would not have a material effect on the financial services cash flows. 
 
 
 
 
 46 
 
 
 
 
 Table of Contents 
 
",issuer_substantive_heading_DE,True,,,
0001558370-17-002116,2,1,9158,113013,191604," ITEM 7. MANAGEMENT’S DISCUSSION AND ANALYSIS OF FINANCIAL CONDITION AND RESULTS OF OPERATIONS 
 
 
 
 
 
 
 
 This discussion and analysis should be read with, and is qualified in its entirety by, the Consolidated Financial Statements and the notes thereto. It also should be read in conjunction wit","outstanding debt instruments. We use various valuation models in determining the values of these liabilities. We believe that in recent years these methodologies have produced materially accurate valuations. 
 
 
 
 
 
 
 
 
 
 
 
 

 
 

 40 

 

 
 
 
 
 

 
 

 Table of Contents 

 

 
 
 
 
 
 
",item7_block_heading,True,,,
0001558370-18-002366,2,1,9583,117924,200200," ITEM 7. MANAGEMENT’S DISCUSSION AND ANALYSIS OF FINANCIAL CONDITION AND RESULTS OF OPERATIONS 
 
 
 
 
 
 
 
 This discussion and analysis should be read with, and is qualified in its entirety by, the Consolidated Financial Statements and the notes thereto. It also should be read in conjunction wit","ith our outstanding debt instruments. We use various valuation models in determining the values of these liabilities. We believe that in recent years these methodologies have produced materially accurate valuations. 
 
 
 
 
 
 
 
 

 
 

 42 

 

 
 
 
 
 

 
 

 Table of Contents 

 

 
 
 
 
 
 
",item7_block_heading,True,,,
0001558370-19-002383,2,1,8785,108707,185529," ITEM 7. MANAGEMENT’S DISCUSSION AND ANALYSIS OF FINANCIAL CONDITION AND RESULTS OF OPERATIONS 
 
 
 
 
 
 
 
 This discussion and analysis should be read with, and is qualified in its entirety by, the Consolidated Financial Statements and the notes thereto. It also should be read in conjunction wit","ing debt instruments. We use various valuation models in determining the values of these liabilities. We believe that in recent years these methodologies have produced materially accurate valuations. 
 
 
 
 
 
 
 
 
 
 
 
 
 
 
 
 

 
 

 39 

 

 
 
 
 
 

 
 

 Table of Contents 

 

 
 
 
 
 
 
",item7_block_heading,True,,,
0001558370-20-002915,2,1,8114,95568,157785," ITEM 7. MANAGEMENT’S DISCUSSION AND ANALYSIS OF FINANCIAL CONDITION AND RESULTS OF OPERATIONS 
 
 This discussion and analysis should be read with, and is qualified in its entirety by, the Consolidated Financial Statements and the notes thereto. It also should be read in conjunction with the Cautio","alue measurements are primarily associated with our outstanding debt instruments. We use various valuation models in determining the values of these liabilities. We believe that in recent years these methodologies have produced materially accurate valuations. 
 
 
 38 
 
 
 
 
 Table of Contents 
 
",item7_block_heading,True,,,
0001558370-21-003245,2,1,9221,112314,182148," ITEM 7. MANAGEMENT’S DISCUSSION AND ANALYSIS OF FINANCIAL CONDITION AND RESULTS OF OPERATIONS 
 
 This discussion and analysis should be read with, and is qualified in its entirety by, the Consolidated Financial Statements and the notes thereto. It also should be read in conjunction with the Cautio"," solely on Level 3 inputs. Our fair value measurements are primarily associated with our outstanding debt instruments. We use various valuation models in determining the values of these liabilities. We believe that in recent years these methodologies have produced materially accurate valuations. 
 
",item7_block_heading,True,,,
0001558370-22-003921,2,1,8561,110943,176157," ITEM 7. MANAGEMENT’S DISCUSSION AND ANALYSIS OF FINANCIAL CONDITION AND RESULTS OF OPERATIONS 
 
 This discussion and analysis should be read with, and is qualified in its entirety by, the Consolidated Financial Statements and the notes thereto. It also should be read in conjunction with the Cautio"," measurements are primarily associated with our outstanding debt instruments. We use various valuation models in determining the values of these liabilities. We believe that in recent years these methodologies have produced materially accurate valuations. 
 
 
 
 
 39 
 
 
 
 
 Table of Contents 
 
",item7_block_heading,True,,,
0001558370-23-004574,2,1,8935,107301,175403," ITEM 7. MANAGEMENT’S DISCUSSION AND ANALYSIS OF FINANCIAL CONDITION AND RESULTS OF OPERATIONS 
 
 This discussion and analysis should be read with, and is qualified in its entirety by, the Consolidated Financial Statements and the notes thereto. It also should be read in conjunction with the Cautio","orically, these estimates have been materially accurate; however, if our estimates differ materially from actual experience, we may be required to record additional expense or reductions of expense, which could be material to our future financial results. 
 
 
 
 
 40 
 
 
 
 
 Table of Contents 
 
",item7_block_heading,True,,,
0001558370-24-003813,2,1,8121,112795,176203," ITEM 7. MANAGEMENT’S DISCUSSION AND ANALYSIS OF FINANCIAL CONDITION AND RESULTS OF OPERATIONS 
 
 This discussion and analysis should be read with, and is qualified in its entirety by, the Consolidated Financial Statements and the notes thereto. It also should be read in conjunction with the Cautio","orically, these estimates have been materially accurate; however, if our estimates differ materially from actual experience, we may be required to record additional expense or reductions of expense, which could be material to our future financial results. 
 
 
 
 
 40 
 
 
 
 
 Table of Contents 
 
",item7_block_heading,True,,,
0001558370-25-003413,2,1,7716,118551,180876," ITEM 7. MANAGEMENT’S DISCUSSION AND ANALYSIS OF FINANCIAL CONDITION AND RESULTS OF OPERATIONS 
 
 This discussion and analysis should be read with, and is qualified in its entirety by, the Consolidated Financial Statements and the notes thereto. It also should be read in conjunction with the Cautio","ally, these estimates have been materially accurate; 
 
 
 40 
 
 
 
 
 Table of Contents 
 
 
 however, if our estimates differ materially from actual experience, we may be required to record additional expense or reductions of expense, which could be material to our future financial results. 
 
 
",item7_block_heading,True,,,
0001104659-26-032325,2,1,7114,120442,178770," ITEM 7. MANAGEMENT’S DISCUSSION AND ANALYSIS OF FINANCIAL CONDITION AND RESULTS OF OPERATIONS 
 
 This discussion and analysis should be read with, and is qualified in its entirety by, the Consolidated Financial Statements and the notes thereto. It also should be read in conjunction with the Cautio","l possession of the property from the landlord. Tenant allowances, to the extent received, are recorded as a reduction of the right of use asset. Improvements of leased properties are amortized over the shorter of the life of the applicable lease term or the estimated useful life of the asset. 
 
 
",item7_block_heading,True,,,
0000029905-17-000011,2,1,13174,91602,201361," ITEM 7. MANAGEMENT'S DISCUSSION AND ANALYSIS OF FINANCIAL CONDITION AND RESULTS OF OPERATIONS 
 
 The following Management’s Discussion and Analysis of Financial Condition and Results of Operations (""MD&A"") is intended to help the reader understand our results of operations and financial condition ","anges caused solely by revenue. We believe that reporting organic revenue and organic revenue growth, which exclude the impact of foreign currency exchange rates and the impact of acquisitions and divestitures, provides a useful comparison of our revenue performance and trends between periods. 
 
 
",item7_block_heading,True,,,
0000029905-18-000013,2,1,12430,101782,207523," ITEM 7. MANAGEMENT'S DISCUSSION AND ANALYSIS OF FINANCIAL CONDITION AND RESULTS OF OPERATIONS 
 
 The following Management’s Discussion and Analysis of Financial Condition and Results of Operations (""MD&A"") is intended to help the reader understand our results of operations and financial condition ","anges caused solely by revenue. We believe that reporting organic revenue and organic revenue growth, which exclude the impact of foreign currency exchange rates and the impact of acquisitions and divestitures, provides a useful comparison of our revenue performance and trends between periods. 
 
 
",item7_block_heading,True,,,
0000029905-19-000019,2,1,12423,95532,194309," ITEM 7. MANAGEMENT'S DISCUSSION AND ANALYSIS OF FINANCIAL CONDITION AND RESULTS OF OPERATIONS 
 
 The following Management’s Discussion and Analysis of Financial Condition and Results of Operations (""MD&A"") is intended to help the reader understand our results of operations and financial condition ","anges caused solely by revenue. We believe that reporting organic revenue and organic revenue growth, which exclude the impact of foreign currency exchange rates and the impact of acquisitions and divestitures, provides a useful comparison of our revenue performance and trends between periods. 
 
 
",item7_block_heading,True,,,
0000029905-20-000011,2,1,13299,100729,208789," ITEM 7. MANAGEMENT'S DISCUSSION AND ANALYSIS OF FINANCIAL CONDITION AND RESULTS OF OPERATIONS 
 
 The following Management’s Discussion and Analysis of Financial Condition and Results of Operations (""MD&A"") is intended to help the reader understand our results of operations and financial condition ","ch include restructuring and other charges, is important as it enables management and investors to better understand the financial impact of our broad-based cost reduction and operational improvement initiatives. 
 
 Reconciliations of non-GAAP measures can be found above in this ITEM 7, MD&A. 
 
 
",item7_block_heading,True,,,
0000029905-21-000010,2,1,14904,102609,221646," ITEM 7. MANAGEMENT'S DISCUSSION AND ANALYSIS OF FINANCIAL CONDITION AND RESULTS OF OPERATIONS 
 
 The following Management’s Discussion and Analysis of Financial Condition and Results of Operations (""MD&A"") is intended to help the reader understand our results of operations and financial condition ","is important as it enables management and investors to better understand the financial impact of our broad-based cost reduction, footprint consolidation, IT centralization and operational improvement initiatives. 
 
 Reconciliations of non-GAAP measures can be found above in this ITEM 7, MD&A. 
 
 
",item7_block_heading,True,,,
0000029905-22-000009,2,1,13097,100981,206710," ITEM 7. MANAGEMENT'S DISCUSSION AND ANALYSIS OF FINANCIAL CONDITION AND RESULTS OF OPERATIONS 
 
 The following Management’s Discussion and Analysis of Financial Condition and Results of Operations (""MD&A"") is intended to help the reader understand our results of operations and financial condition ","es management and investors to better understand the financial impact of our broad-based cost reduction, footprint consolidation, IT centralization and operational improvement initiatives. 
 
 Reconciliations and comparisons of GAAP to non-GAAP measures can be found above in this ITEM 7, MD&A. 
 
 
",item7_block_heading,True,,,
0000029905-23-000008,2,1,12632,102428,205984," ITEM 7. MANAGEMENT'S DISCUSSION AND ANALYSIS OF FINANCIAL CONDITION AND RESULTS OF OPERATIONS 
 
 The following Management's Discussion and Analysis of Financial Condition and Results of Operations (""MD&A"") is intended to help the reader understand our results of operations and financial condition "," excludes the impact of foreign currency exchange rates and the impact of acquisitions and divestitures, provides a useful comparison of our revenue performance and trends between periods. 
 
 Reconciliations and comparisons of GAAP to non-GAAP measures can be found above in this ITEM 7, MD&A. 
 
 
",item7_block_heading,True,,,
0000029905-24-000008,2,1,9141,109884,184958," ITEM 7. MANAGEMENT'S DISCUSSION AND ANALYSIS OF FINANCIAL CONDITION AND RESULTS OF OPERATIONS 
 
 The following Management's Discussion and Analysis of Financial Condition and Results of Operations (""MD&A"") is intended to help the reader understand our results of operations and financial condition "," excludes the impact of foreign currency exchange rates and the impact of acquisitions and divestitures, provides a useful comparison of our revenue performance and trends between periods. 
 
 Reconciliations and comparisons of GAAP to non-GAAP measures can be found above in this ITEM 7, MD&A. 
 
 
",item7_block_heading,True,,,
0000029905-25-000006,2,1,10600,111777,200650," ITEM 7. MANAGEMENT'S DISCUSSION AND ANALYSIS OF FINANCIAL CONDITION AND RESULTS OF OPERATIONS 
 
 The following Management's Discussion and Analysis of Financial Condition and Results of Operations (""MD&A"") is intended to help the reader understand our results of operations and financial condition "," of liquidity by showing changes caused by operational results. We believe that reporting organic revenue growth provides a useful comparison of our revenue performance and trends between periods. 
 
 Reconciliations and comparisons to non-GAAP measures can be found above in this ITEM 7, MD&A. 
 
 
",item7_block_heading,True,,,
0000029905-26-000009,2,1,8696,114032,185106," ITEM 7. MANAGEMENT'S DISCUSSION AND ANALYSIS OF FINANCIAL CONDITION AND RESULTS OF OPERATIONS 
 
 The following Management's Discussion and Analysis of Financial Condition and Results of Operations (""MD&A"") is intended to help the reader understand our results of operations and financial condition ","rom operating activities, debt or equity, working capital or revenue as determined in accordance with GAAP, and they may not be comparable to similarly titled measures reported by other companies. 
 
 Reconciliations and comparisons to non-GAAP measures can be found above in this ITEM 7, MD&A. 
 
 
",item7_block_heading,True,,,
0001564590-17-001607,2,1,10711,112845,240609," ITEM 7. Management’s Discussion and Analy sis of Financial Condition and Results of Operations 
 
 Introduction 
 
 The following discussion and analysis presents management’s perspective of our business, financial condition and overall performance. This information is intended to provide investors","
 
 
 
 
 
 
 
 
 Core earnings attributable to Devon (Non-GAAP) 
 
 
 
 $ 
 
 
 
 3,206 
 
 
 
 
 
 
 
 
 
 
 
 $ 
 
 
 
 2,094 
 
 
 
 
 
 
 
 
 
 
 
 $ 
 
 
 
 2,017 
 
 
 
 
 
 
 
 
 
 
 
 $ 
 
 
 
 4.91 
 
 
 
 
 
 
 
 
 
 
 
 53 
 
 
 Table of Contents 
 
 
 
 Index to Financial Statements 
 
",item7_block_heading,True,,,
0001564590-18-002582,2,1,10206,111295,241407," ITEM 7. Management’s Discussion and Analy sis of Financial Condition and Results of Operations 
 
 Introduction 
 
 The following discussion and analysis presents management’s perspective of our business, financial condition and overall performance. This information is intended to provide investors","
 
 
 $ 
 
 
 
 0.26 
 
 
 
 
 
 
 
 
 
 
 
 
 
 
 
 
 * 
 
 
 
 Prior year amounts have been recast due to change in accounting principle. See Note 2 in “ITEM 8. Financial Statements and Supplementary Data” of this report. 
 
 
 
 48 
 
 
 Table of Contents 
 
 
 
 Index to Financial Statements 
 
",item7_block_heading,True,,,
0001564590-19-003382,2,1,10296,110649,245860," ITEM 7. Management’s Discussion and Analysis of Financial Condition and Results of Operations 
 
 Introduction 
 
 The following discussion and analysis presents management’s perspective of our business, financial condition and overall performance. This information is intended to provide investors "," 
 
 
 
 ) 
 
 
 
 
 
 
 
 
 
 
 
 (148 
 
 
 
 ) 
 
 
 
 
 
 
 Adjusted field-level cash margin (non-GAAP) 
 
 
 
 $ 
 
 
 
 2,810 
 
 
 
 
 
 
 
 
 
 
 
 $ 
 
 
 
 1,988 
 
 
 
 
 
 
 
 
 
 
 
 $ 
 
 
 
 1,394 
 
 
 
 
 
 
 
 
 
 48 
 
 
 Table of Contents 
 
 
 
 Index to Financial Statements 
 
",item7_block_heading,True,,,
0001564590-20-005182,2,1,9138,94427,217958," ITEM 7. Management’s Discussion and Analysis of Financial Condition and Results of Operations 
 
 Introduction 
 
 The following discussion and analysis presents management’s perspective of our business, financial condition and overall performance. This information is intended to provide investors "," 
 
 
 470 
 
 
 
 
 
 
 
 
 
 
 
 
 
 
 
 524 
 
 
 
 
 
 
 
 
 
 
 Field-level cash margin (non-GAAP) 
 
 
 
 $ 
 
 
 
 2,612 
 
 
 
 
 
 
 
 
 
 
 
 $ 
 
 
 
 2,932 
 
 
 
 
 
 
 
 
 
 
 
 $ 
 
 
 
 2,130 
 
 
 
 
 
 
 
 
 
 
 
 45 
 
 
 Table of Contents 
 
 
 
 Index to Financial Statements 
 
",item7_block_heading,True,,,
0001564590-21-006239,2,1,9494,104653,207258," ITEM 7. Management’s Discussion and Analysis of Financial Condition and Results of Operations 
 
 Introduction 
 
 The following discussion and analysis presents management’s perspective of our business, financial condition and overall performance. This information is intended to provide investors ","92 
 
 
 
 
 
 
 
 
 
 
 
 
 
 
 
 470 
 
 
 
 
 
 
 
 
 
 
 Field-level cash margin (non-GAAP) 
 
 
 
 
 
 
 
 $ 
 
 
 
 1,572 
 
 
 
 
 
 
 
 
 
 
 
 $ 
 
 
 
 2,612 
 
 
 
 
 
 
 
 
 
 
 
 $ 
 
 
 
 2,932 
 
 
 
 
 
 
 
 
 
 47 
 
 
 Table of Contents 
 
 
 
 Index to Financial Statements 
 
 
 
",item7_block_heading,True,,,
0001564590-22-005321,2,1,8385,107300,199129," ITEM 7. Management’s Discussion and Analysis of Financial Condition and Results of Operations 
 
 Introduction 
 
 The following discussion and analysis presents management’s perspective of our business, financial condition and overall performance. This information is intended to provide investors ","cash-based 
 
 
 
 
 
 
 
 314 
 
 
 
 
 
 
 
 
 
 
 
 
 
 
 
 262 
 
 
 
 
 
 
 
 
 
 
 
 
 
 
 
 392 
 
 
 
 
 
 
 
 
 
 
 Field-level cash margin (Non-GAAP) 
 
 
 
 $ 
 
 
 
 7,400 
 
 
 
 
 
 
 
 
 
 
 
 $ 
 
 
 
 1,572 
 
 
 
 
 
 
 
 
 
 
 
 $ 
 
 
 
 2,612 
 
 
 
 
 
 
 
 
 
 42 
 
 
 
 
 
 
",item7_block_heading,True,,,
0000950170-23-002852,2,1,8174,110459,192170," ITEM 7. Management’s Discussion and Analy sis of Financial Condition and Results of Operations 
 
 Introduction 
 
 The following discussion and analysis presents management’s perspective of our business, financial condition and overall performance. This information is intended to provide investors","
 
 
 308 
 
 
 
 
 
 
 
 
 
 
 
 314 
 
 
 
 
 
 
 
 
 
 
 
 262 
 
 
 
 
 
 
 
 
 Field-level cash margin (Non-GAAP) 
 
 
 
 
 
 $ 
 
 
 11,285 
 
 
 
 
 
 
 
 
 $ 
 
 
 7,400 
 
 
 
 
 
 
 
 
 $ 
 
 
 1,572 
 
 
 
 
 
 
 
 
 45 
 
 
 Table of Contents 
 
 
 
 Index to Financial Statements 
 
 
 
",item7_block_heading,True,,,
0000950170-24-021781,2,1,6740,117150,185699," ITEM 7. Management’s Discussion and Analy sis of Financial Condition and Results of Operations 
 
 Introduction 
 
 The following discussion and analysis presents management’s perspective of our business, financial condition and overall performance. This information is intended to provide investors","
 
 
 
 316 
 
 
 
 
 
 
 
 
 
 
 
 308 
 
 
 
 
 
 
 
 
 
 
 
 314 
 
 
 
 
 
 
 
 
 Field-level cash margin (Non-GAAP) 
 
 
 
 
 
 $ 
 
 
 7,863 
 
 
 
 
 
 
 
 
 $ 
 
 
 11,285 
 
 
 
 
 
 
 
 
 $ 
 
 
 7,400 
 
 
 
 
 
 
 
 
 
 43 
 
 
 
 Table of Contents 
 
 Index to Financial Statements 
 
 
",item7_block_heading,True,,,
0000950170-25-022844,2,1,6696,121871,189389," ITEM 7. Management’s Discussion and Analy sis of Financial Condition and Results of Operations 
 
 Introduction 
 
 The following discussion and analysis presents management’s perspective of our business, financial condition and overall performance. This information is intended to provide investors"," cash-based 
 
 
 
 
 
 
 
 
 402 
 
 
 
 
 
 
 
 
 
 
 
 316 
 
 
 
 
 
 
 
 
 
 
 
 308 
 
 
 
 
 
 
 
 
 Field-level cash margin (Non-GAAP) 
 
 
 
 
 
 $ 
 
 
 7,993 
 
 
 
 
 
 
 
 
 $ 
 
 
 7,863 
 
 
 
 
 
 
 
 
 $ 
 
 
 11,285 
 
 
 
 
 
 
 
 
 
 
 44 
 
 
 
 Table of Contents 
 
 
 
 
 
 
 
",item7_block_heading,True,,,
0001193125-26-056485,2,1,7184,130157,200923," ITEM 7. Management’s Discussion and Analy sis of Financial Condition and Results of Operations 
 Introduction 
 The following discussion and analysis presents management’s perspective of our business, financial condition and overall performance. This information is intended to provide investors wit","es, cash-based 
 
 
 
 
 
 
 
 
 403 
 
 
 
 
 
 
 
 
 
 
 
 402 
 
 
 
 
 
 
 
 
 
 
 
 316 
 
 
 
 
 
 
 
 
 Field-level cash margin (Non-GAAP) 
 
 
 
 
 
 $ 
 
 
 7,656 
 
 
 
 
 
 
 
 
 $ 
 
 
 7,993 
 
 
 
 
 
 
 
 
 $ 
 
 
 7,863 
 
 
 
 
 
 
 
 
 47 
 
 
 
 Table of Contents 
 
 
 
 
 
 
 
 
",item7_block_heading,True,,,
0001415404-17-000010,32,30,17116,218377,355810," ITEM 7. MANAGEMENT’S DISCUSSION AND ANALYSIS OF FINANCIAL CONDITION AND RESULTS OF OPERATIONS 
 
 Unless the context indicates otherwise, as used herein, the terms “we,” “us,” “ EchoStar ,” the “Company” and “our” refer to EchoStar Corporation and its subsidiaries. References to “$” are to United S","erested parties to evaluate the performance of companies in our industry. 
 
 Subscribers. “Subscribers” include customers that subscribe to our Hughes segment’s HughesNet broadband services, through retail, wholesale and small/medium enterprise service channels. 
 
 
 71 
 
 
 Table of Contents 
 
",item7_block_heading,True,,,
0001415404-18-000005,28,26,14843,191590,312085," ITEM 7. MANAGEMENT’S DISCUSSION AND ANALYSIS OF FINANCIAL CONDITION AND RESULTS OF OPERATIONS 
 
 Unless the context indicates otherwise, as used herein, the terms “we,” “us,” “ EchoStar ,” the “Company” and “our” refer to EchoStar Corporation and its subsidiaries. References to “$” are to United S","erested parties to evaluate the performance of companies in our industry. 
 
 Subscribers. “Subscribers” include customers that subscribe to our Hughes segment’s HughesNet broadband services, through retail, wholesale and small/medium enterprise service channels. 
 
 
 62 
 
 
 Table of Contents 
 
",item7_block_heading,True,,,
0001415404-19-000003,27,25,14095,204906,319965," ITEM 7. MANAGEMENT’S DISCUSSION AND ANALYSIS OF FINANCIAL CONDITION AND RESULTS OF OPERATIONS 
 
 Unless the context indicates otherwise, as used herein, the terms “we,” “us,” “ EchoStar ,” the “Company” and “our” refer to EchoStar Corporation and its subsidiaries. References to “$” are to United S","lysts, investors and other interested parties to evaluate the performance of companies in our industry. 
 
 Subscribers. Subscribers include customers that subscribe to our HughesNet service, through retail, wholesale and small/medium enterprise service channels. 
 
 
 64 
 
 
 Table of Contents 
 
",item7_block_heading,True,,,
0001415404-20-000005,27,25,12172,183605,288863," ITEM 7. MANAGEMENT’S DISCUSSION AND ANALYSIS OF FINANCIAL CONDITION AND RESULTS OF OPERATIONS 
 
 The following management’s discussion and analysis of our financial condition and results of operations should be read in conjunction with our Accompanying Consolidated Financial Statements and notes t","equently used by securities analysts, investors and other interested parties to evaluate the performance of companies in our industry. 
 
 Subscribers. Subscribers include customers that subscribe to our HughesNet service, through retail, wholesale and small/medium enterprise service channels. 
 
 
",item7_block_heading,True,,,
0001415404-21-000005,27,25,12232,124607,224146," ITEM 7. MANAGEMENT’S DISCUSSION AND ANALYSIS OF FINANCIAL CONDITION AND RESULTS OF OPERATIONS 
 The following Management’s Discussion and Analysis of our Financial Condition and Results of Operations (“Management’s Discussion and Analysis”) should be read in conjunction with our Accompanying Consol","sts, investors and other interested parties to evaluate the performance of companies in our industry. 
 
 Subscribers. Subscribers include customers that subscribe to our HughesNet service, through retail, wholesale and small/medium enterprise service channels. 
 
 
 
 53 
 
 
 Table of Contents 
 
",item7_block_heading,True,,,
0001415404-22-000005,26,23,10955,118883,210490," ITEM 7. MANAGEMENT’S DISCUSSION AND ANALYSIS OF FINANCIAL CONDITION AND RESULTS OF OPERATIONS 
 The following Management’s Discussion and Analysis of our Financial Condition and Results of Operations (“Management’s Discussion and Analysis”) should be read in conjunction with our Consolidated Financ","equently used by securities analysts, investors and other interested parties to evaluate the performance of companies in our industry. 
 
 Subscribers. Subscribers include customers that subscribe to our HughesNet service, through retail, wholesale and small/medium enterprise service channels. 
 
 
",item7_block_heading,True,,,
0001415404-23-000005,25,22,10251,113788,199757," ITEM 7. MANAGEMENT’S DISCUSSION AND ANALYSIS OF FINANCIAL CONDITION AND RESULTS OF OPERATIONS 
 The following Management’s Discussion and Analysis of our Financial Condition and Results of Operations (“Management’s Discussion and Analysis”) should be read in conjunction with our Consolidated Financ","nts, materials and parts, although not materially impacting our operations during 2022, may impact our ability to timely provide equipment deliveries in the future. These interruptions and delays could also increase the cost of our equipment which we may not be able to pass onto our customers. 
 
 
",item7_block_heading,True,,,
0001558370-24-002209,2,1,21932,263974,442916," ITEM 7. 
 
 MANAGEMENT’S DISCUSSION AND ANALYSIS OF FINANCIAL CONDITION AND RESULTS OF OPERATIONS 
 
 You should read the following management’s discussion and analysis of our financial condition and results of operations together with the audited consolidated financial statements and notes to our "," results of operations and financial condition. 
 
 Backlog 
 See “Broadband and Satellite Services Segment” above for further information. 
 New Accounting Pronouncements 
 See Note 2 in the Notes to our Consolidated Financial Statements in this Annual Report on Form 10-K for further information. 
",item7_block_heading,True,,,
0001558370-25-001663,2,1,20677,238850,407487," ITEM 7. 
 
 MANAGEMENT’S DISCUSSION AND ANALYSIS OF FINANCIAL CONDITION AND RESULTS OF OPERATIONS 
 
 You should read the following management’s discussion and analysis of our financial condition and results of operations together with the audited consolidated financial statements and notes to our ","s of Operations and Comprehensive Income (Loss) that would be material to our consolidated results of operations and financial condition. 
 
 New Accounting Pronouncements 
 See Note 2 in the Notes to our Consolidated Financial Statements in this Annual Report on Form 10-K for further information. 
",item7_block_heading,True,,,
0001104659-26-021817,2,1,25892,262201,470273," ITEM 7. MANAGEMENT’S DISCUSSION AND ANALYSIS OF FINANCIAL CONDITION AND RESULTS OF OPERATIONS 
 
 You should read the following Management’s Discussion and Analysis of our Financial Condition and Results of Operations together with the audited consolidated financial statements and notes to our fina","cantly impact the amounts provided for income taxes in our consolidated financial statements. 
 
 
 
 117 
 
 
 
 
 
 Table of Contents 
 
 New Accounting Pronouncements 
 
 See Note 2 in the Notes to our Consolidated Financial Statements in this Annual Report on Form 10-K for further information. 
",item7_block_heading,True,,,
0001156039-17-000002,2,1,21244,213979,374514," ITEM 7. MANAGEMENT’S DISCUSSION AND ANALYSIS OF FINANCIAL CONDITION AND RESULTS OF OPERATIONS. 
 (In Millions, Except Per Share Data or As Otherwise Stated Herein) 
 References in this Annual Report on Form 10-K to the terms “we,” “our,” “us,” “Anthem” or the “Company” refer to Anthem, Inc., an Ind","k only as of the date hereof. We do not undertake to update or revise any forward-looking statements, except as required by applicable securities laws. Investors are also advised to carefully review and consider the various risks and other disclosures discussed in our SEC reports. 
 
 
 - 77 - 
 
 
",item7_block_heading,True,,,
0001156039-18-000003,2,1,19618,205860,354851," ITEM 7. MANAGEMENT’S DISCUSSION AND ANALYSIS OF FINANCIAL CONDITION AND RESULTS OF OPERATIONS. 
 (In Millions, Except Per Share Data or As Otherwise Stated Herein) 
 References in this Annual Report on Form 10-K to the terms “we,” “our,” “us,” “Anthem” or the “Company” refer to Anthem, Inc., an Ind","see of the BCBSA and with the tangible net worth requirements applicable to certain of our California subsidiaries. 
 For additional information, see Note 21, “Statutory Information,"" to our audited consolidated financial statements included in Part II, ITEM 8 of this Annual Report on Form 10-K. 
 
",item7_block_heading,True,,,
0001156039-19-000004,2,1,16537,205153,331692," ITEM 7. MANAGEMENT’S DISCUSSION AND ANALYSIS OF FINANCIAL CONDITION AND RESULTS OF OPERATIONS. 
 (In Millions, Except Per Share Data or As Otherwise Stated Herein) 
 This Management’s Discussion and Analysis of Financial Condition and Results of Operations, or MD&A, should be read in conjunction wi","ee of the BCBSA and with the tangible net worth requirements applicable to certain of our California subsidiaries. 
 For additional information, see Note 21, “Statutory Information,” of the Notes to Consolidated Financial Statements included in Part II, ITEM 8 of this Annual Report on Form 10-K. 
 
",item7_block_heading,True,,,
0001156039-20-000003,2,1,14643,212430,326244," ITEM 7. MANAGEMENT’S DISCUSSION AND ANALYSIS OF FINANCIAL CONDITION AND RESULTS OF OPERATIONS. 
 (In Millions, Except Per Share Data or As Otherwise Stated Herein) 
 This Management’s Discussion and Analysis of Financial Condition and Results of Operations, or MD&A, should be read in conjunction wi","ee of the BCBSA and with the tangible net worth requirements applicable to certain of our California subsidiaries. 
 For additional information, see Note 21, “Statutory Information,” of the Notes to Consolidated Financial Statements included in Part II, ITEM 8 of this Annual Report on Form 10-K. 
 
",item7_block_heading,True,,,
0001156039-21-000012,2,1,17135,209524,337083," ITEM 7. MANAGEMENT’S DISCUSSION AND ANALYSIS OF FINANCIAL CONDITION AND RESULTS OF OPERATIONS. 
 (In Millions, Except Per Share Data or As Otherwise Stated Herein) 
 This Management’s Discussion and Analysis of Financial Condition and Results of Operations (“MD&A”), should be read in conjunction wi","ee of the BCBSA and with the tangible net worth requirements applicable to certain of our California subsidiaries. 
 For additional information, see Note 22, “Statutory Information,” of the Notes to Consolidated Financial Statements included in Part II, ITEM 8 of this Annual Report on Form 10-K. 
 
",item7_block_heading,True,,,
0001156039-22-000009,2,1,15674,195233,312354," ITEM 7. MANAGEMENT’S DISCUSSION AND ANALYSIS OF FINANCIAL CONDITION AND RESULTS OF OPERATIONS. 
 (In Millions, Except Per Share Data or As Otherwise Stated Herein) 
 This Management’s Discussion and Analysis of Financial Condition and Results of Operations (“MD&A”), should be read in conjunction wi","with financing, liquidity, market risk or credit risk support. See Note 2 “Subsidiary Transactions” of the Notes to Condensed Financial Statements included in Part III, ITEM 15 of this Annual Report on Form 10-K for additional detail on the Anthem, Inc. parent guarantees of certain subsidiaries. 
 
",item7_block_heading,True,,,
0001156039-23-000007,2,1,16080,190399,310268," ITEM 7. MANAGEMENT’S DISCUSSION AND ANALYSIS OF FINANCIAL CONDITION AND RESULTS OF OPERATIONS. 
 (In Millions, Except Per Share Data or As Otherwise Stated Herein) 
 On May 18, 2022, our shareholders approved a proposal to amend our amended and restated articles of incorporation to change our name ","ancing, liquidity, market risk or credit risk support. See Note 2 “Subsidiary Transactions” of the Notes to Condensed Financial Statements included in Part IV, ITEM 15 of this Annual Report on Form 10-K for additional detail on the Elevance Health, Inc. parent guarantees of certain subsidiaries. 
 
",item7_block_heading,True,,,
0001156039-24-000015,2,1,13450,203820,306429," ITEM 7. MANAGEMENT’S DISCUSSION AND ANALYSIS OF FINANCIAL CONDITION AND RESULTS OF OPERATIONS. 
 (In Millions, Except Per Share Data or As Otherwise Stated Herein) 
 References to the terms “we,” “our,” “us,” “Elevance Health” or the “Company” used throughout this Management’s Discussion and Analys"," risk support. 
 
 
 -63- 
 
 
 See Note 2 “Subsidiary Transactions,” of the Notes to Condensed Financial Statements (Parent Company Only) included in Part IV, ITEM 15 of this Annual Report on Form 10-K for additional detail on the Elevance Health, Inc. parent guarantees of certain subsidiaries. 
 
",item7_block_heading,True,,,
0001156039-25-000010,2,1,13664,214250,318297," ITEM 7. MANAGEMENT’S DISCUSSION AND ANALYSIS OF FINANCIAL CONDITION AND RESULTS OF OPERATIONS. 
 (In Millions, Except Per Share Data or as Otherwise Stated Herein) 
 This Management's Discussion and Analysis of Financial Condition and Results of Operations (“MD&A”) should be read in conjunction wit","64- 
 
 
 credit risk support. See Note 2, “Subsidiary Transactions,” of the Notes to Condensed Financial Statements (Parent Company Only) included in Part IV, ITEM 15 of this Annual Report on Form 10-K for additional detail on the Elevance Health, Inc. parent guarantees of certain subsidiaries. 
 
",item7_block_heading,True,,,
0001156039-26-000013,2,1,13625,217512,321927," ITEM 7. MANAGEMENT’S DISCUSSION AND ANALYSIS OF FINANCIAL CONDITION AND RESULTS OF OPERATIONS. 
 (In Millions, Except Per Share Data or as Otherwise Stated Herein) 
 This Management's Discussion and Analysis of Financial Condition and Results of Operations (“MD&A”) should be read in conjunction wit","t risk or credit risk support. See Note 2, “Subsidiary Transactions,” of the Notes to Condensed Financial Statements (Parent Company Only) included in Part IV, ITEM 15 of this Annual Report on Form 10-K for additional detail on the Elevance Health, Inc. parent guarantees of certain subsidiaries. 
 
",item7_block_heading,True,,,
0000032604-16-000105,1,1,9103,56146,130077," ITEM 7 - MANAGEMENT'S DISCUSSION AND ANALYSIS OF FINANCIAL CONDITION AND RESULTS OF OPERATIONS 
 
 
 Safe Harbor Statement 
 
 This Annual Report on Form 10-K contains various forward-looking statements and includes assumptions concerning Emerson's operations, future results and prospects, includin","from continuing operations are expected to be $2.35 to $2.50, compared with $2.45 in 2016. This outlook excludes the impact of the pending acquisition of Pentair’s Valves & Controls business. See ITEM 1 - “Business” for a description of the Company’s planned business realignment for fiscal 2017. 
 
",item7_block_heading,True,,,
0000032604-17-000046,1,1,8538,53470,123009," ITEM 7 - MANAGEMENT'S DISCUSSION AND ANALYSIS OF FINANCIAL CONDITION AND RESULTS OF OPERATIONS 
 
 
 Safe Harbor Statement 
 
 This Annual Report on Form 10-K contains various forward-looking statements and includes assumptions concerning Emerson's operations, future results and prospects. These fo",".86. Earnings per share are expected to be $2.75 to $2.95, excluding a $0.03 impact from valves & controls first year acquisition accounting charges related to inventory and backlog amortization, and a $0.06 impact from a tax-related loss on the divestiture of the residential storage business. 
 
 
",item7_block_heading,True,,,
0000032604-18-000044,1,1,8467,56030,124729," ITEM 7 - MANAGEMENT'S DISCUSSION AND ANALYSIS OF FINANCIAL CONDITION AND RESULTS OF OPERATIONS 
 
 
 12 
 
 
 
 
 
 
 Safe Harbor Statement 
 
 This Annual Report on Form 10-K contains various forward-looking statements and includes assumptions concerning Emerson's operations, future results and pr","e currency translation of 2 percent. Reported earnings per share are expected to be $3.55 to $3.70, while operating cash flow is expected to be approximately $3.2 billion and free cash flow, which excludes targeted capital spending of $650 million, is expected to be approximately $2.5 billion. 
 
 
",item7_block_heading,True,,,
0000032604-19-000048,1,1,8057,57971,123097," ITEM 7 - MANAGEMENT'S DISCUSSION AND ANALYSIS OF FINANCIAL CONDITION AND RESULTS OF OPERATIONS 
 
 
 Safe Harbor Statement 
 
 This Annual Report on Form 10-K contains various forward-looking statements and includes assumptions concerning Emerson's operations, future results and prospects. These fo","two percent of consolidated sales. Sales of products manufactured in the UK and sold within the EU are immaterial. The Company is evaluating several potential Brexit scenarios and believes the direct cost of incremental tariffs, logistics and other items would be immaterial. 
 
 
 
 27 
 
 
 
 
 
 
",item7_block_heading,True,,,
0000032604-20-000041,1,1,8741,64813,132596," ITEM 7 - MANAGEMENT'S DISCUSSION AND ANALYSIS OF FINANCIAL CONDITION AND RESULTS OF OPERATIONS 
 
 
 Safe Harbor Statement 
 
 This Annual Report on Form 10-K contains various forward-looking statements and includes assumptions concerning Emerson's operations, future results and prospects. These fo","t of consolidated sales. Sales of products manufactured in the UK and sold within the EU are immaterial. The Company is evaluating several potential outcomes of the UK's negotiations with the EU and believes the direct cost of incremental tariffs, logistics and other items would be immaterial. 
 
 
",item7_block_heading,True,,,
0000032604-21-000038,1,1,7817,69156,130665," ITEM 7 - MANAGEMENT'S DISCUSSION AND ANALYSIS OF FINANCIAL CONDITION AND RESULTS OF OPERATIONS 
 
 
 Safe Harbor Statement 
 
 This Annual Report on Form 10-K contains various forward-looking statements and includes assumptions concerning Emerson's operations, future results and prospects. These fo","oods. The Company's net sales in the UK are principally in the Automation Solutions segment and represent less than two percent of consolidated sales. While there could be certain incremental costs for logistics and other items, the Company expects any impact of these items will be immaterial. 
 
 
",item7_block_heading,True,,,
0000032604-22-000041,1,1,9403,77803,153168," ITEM 7 - MANAGEMENT'S DISCUSSION AND ANALYSIS OF FINANCIAL CONDITION AND RESULTS OF OPERATIONS 
 
 
 
 Safe Harbor Statement 
 
 This Annual Report on Form 10-K contains various forward-looking statements and includes assumptions concerning Emerson's operations, future results and prospects. These ","eeds. The effect of Emerson's 45 percent share of Climate Technologies is expected to be immaterial to post-closing cash flows. The fiscal 2023 outlook assumes approximately $1.2 billion of dividend payments and approximately $2 billion to be returned to shareholders through share repurchases. 
 
 
",item7_block_heading,True,,,
0000032604-23-000044,1,1,9156,62707,139968," ITEM 7 - MANAGEMENT'S DISCUSSION AND ANALYSIS OF FINANCIAL CONDITION AND RESULTS OF OPERATIONS 
 
 
 Safe Harbor Statement 
 
 This Annual Report on Form 10-K contains various forward-looking statements and includes assumptions concerning Emerson's operations, future results and prospects. These fo","he initial accounting for this transaction is not yet complete and therefore Emerson is unable to estimate these amounts. Although these items may have a significant impact on GAAP earnings per share, they will be excluded from adjusted earnings per share and will have no impact on cash flows. 
 
 
",item7_block_heading,True,,,
0000032604-24-000041,1,1,8988,72286,148895," ITEM 7 - MANAGEMENT'S DISCUSSION AND ANALYSIS OF FINANCIAL CONDITION AND RESULTS OF OPERATIONS 
 
 
 
 16 
 
 
 
 
 Safe Harbor Statement 
 
 This Annual Report on Form 10-K contains various forward-looking statements and includes assumptions concerning Emerson's operations, future results and pros","is expected to be $3.2 to $3.3 billion. The fiscal 2025 outlook assumes approximately $2.0 billion returned to shareholders through share repurchases (including approximately $1.0 billion expected to be completed in the first fiscal quarter) and approximately $1.2 billion of dividend payments. 
 
 
",item7_block_heading,True,,,
0000032604-25-000087,1,1,8203,68182,138787," ITEM 7 - MANAGEMENT'S DISCUSSION AND ANALYSIS OF FINANCIAL CONDITION AND RESULTS OF OPERATIONS 
 
 
 Safe Harbor Statement 
 
 This Annual Report on Form 10-K contains various forward-looking statements and includes assumptions concerning Emerson's operations, future results and prospects. These fo","udes projected capital spending of approximately $0.45 billion, is expected to be $3.5 to $3.6 billion. The fiscal 2026 outlook assumes approximately $2.2 billion returned to shareholders through approximately $1.0 billion of share repurchases and approximately $1.2 billion of dividend payments. 
 
",item7_block_heading,True,,,
0001061219-17-000008,2,1,21213,297251,482325," ITEM 7. Management’s Discussion and Analysis of Financial Condition and Results of Operations . 

 
 
 

 
 For the Years Ended December 31, 2016, 2015 and 2014 

 
 
 

 
 The following information should be read in conjunction with our Consolidated Financial Statements and accompanying notes incl","ded under Part I, ITEM 1 and 2 of this annual report. 

 
 
 

 
 Recent Accounting Developments 

 
 
 

 
 For information regarding recent accounting developments, see Note 2 of the Notes to Consolidated Financial Statements included under Part II, ITEM 8 of this annual report. 

 
 
 

 
 
 

 
",item7_block_heading,True,,,
0001061219-18-000008,2,1,23089,293158,492244," ITEM 7. Management’s Discussion and Analysis of Financial Condition and Results of Operations . 

 
 
 

 
 For the Years Ended December 31, 2017, 2016 and 2015 

 
 
 

 
 The following information should be read in conjunction with our Consolidated Financial Statements and accompanying notes incl","nual report. 

 
 
 

 
 Recent Accounting Developments 

 
 
 

 
 For information regarding recent accounting developments involving revenue recognition and leases, see Note 2 of the Notes to Consolidated Financial Statements included under Part II, ITEM 8 of this annual report. 

 
 
 

 
 
 

 
",item7_block_heading,True,,,
0001061219-19-000007,2,1,24315,291846,498654," ITEM 7. MANAGEMENT’S DISCUSSION AND ANALYSIS OF FINANCIAL
 CONDITION AND RESULTS OF OPERATIONS. 
 
 
 
 
 For the Years Ended December 31, 2018, 2017 and 2016 
 
 
 
 
 The following information should be read in conjunction with our Consolidated Financial Statements and accompanying notes included"," the preceding table. 
 
 
 
 
 For additional information regarding our significant contractual obligations, see Note 17 of the Notes to Consolidated Financial
 Statements included under Part II, ITEM 8 of this annual report. 
 
 
 
 
 
 
 
 
 104 
 
 
 
 
 
 
 Table of Contents 
 
 
 
 
 
 
 
 
 
",item7_block_heading,True,,,
0001061219-20-000014,2,1,21421,292291,461266," ITEM 7. MANAGEMENT’S DISCUSSION AND ANALYSIS OF FINANCIAL CONDITION AND RESULTS OF OPERATIONS. 
 
 
 
 For the Years Ended December 31, 2019, 2018 and 2017 
 
 
 
 The following discussion and analysis of our financial condition, results of operations and related information for the years ended Dec"," the Notes to Consolidated Financial Statements included under Part II, ITEM 8 of this annual report. 
 
 
 
 Insurance 
 
 
 
 For information regarding insurance matters, see Note 18 of the Notes to Consolidated Financial Statements included under Part II, ITEM 8 of this annual report. 
 
 
 
 
 
",item7_block_heading,True,,,
0001061219-21-000009,2,1,17444,280356,424320," ITEM 7. MANAGEMENT’S DISCUSSION AND ANALYSIS OF FINANCIAL CONDITION AND RESULTS OF OPERATIONS. 
 
 
 
 For the Years Ended December 31, 2020, 2019 and 2018 
 
 
 
 The following discussion and analysis of our financial condition, results of operations and related information for the years ended Dec","luded under Part II, ITEM 8 of this annual report as well as Part III, ITEM 13 of this annual report. 
 
 
 
 Insurance 
 
 
 
 For information regarding insurance matters, see Note 18 of the Notes to Consolidated Financial Statements included under Part II, ITEM 8 of this annual report. 
 
 
 
 
 
",item7_block_heading,True,,,
0001061219-22-000008,2,1,15319,274805,402867," ITEM 7. MANAGEMENT’S DISCUSSION AND ANALYSIS OF FINANCIAL CONDITION AND RESULTS OF OPERATIONS. 
 
 
 
 For the Years Ended December 31, 2021, 2020 and 2019 
 
 
 
 The following discussion and analysis of our financial condition, results of operations and related information for the years ended Dec","uch adjustments, if any, will be material. 
 
 
 
 Insurance 
 
 
 
 For information regarding insurance matters, see Note 17 of the Notes to Consolidated Financial Statements included under Part II, ITEM 8 of this annual report. 
 
 
 
 
 
 
 
 
 
 85 
 
 
 
 
 
 
 
 
 Table of Contents 
 
 
 
 
 
",item7_block_heading,True,,,
0001061219-23-000006,2,1,16419,277482,412679," ITEM 7. MANAGEMENT’S DISCUSSION AND ANALYSIS OF FINANCIAL CONDITION AND RESULTS OF OPERATIONS. 
 
 
 
 For the Years Ended December 31, 2022, 2021 and 2020 
 
 
 
 The following discussion and analysis of our financial condition, results of operations and related information for the years ended Dec","ively, during the years under examination. 
 
 
 
 Insurance 
 
 
 
 For information regarding insurance matters, see Note 18 of the Notes to Consolidated Financial Statements included under Part II, ITEM 8 of this annual report. 
 
 
 
 
 
 
 
 
 
 87 
 
 
 
 
 
 
 
 
 Table of Contents 
 
 
 
 
 
",item7_block_heading,True,,,
0001061219-24-000006,2,1,17322,292142,435069," ITEM 7. MANAGEMENT’S DISCUSSION AND ANALYSIS OF FINANCIAL CONDITION AND RESULTS OF OPERATIONS. 
 
 
 
 For the Years Ended December 31, 2023, 2022 and 2021 
 
 
 
 The following discussion and analysis of our financial condition, results of operations and related information for the years ended Dec","n borrowings under certain consolidated debt agreements. This strategy may be used in controlling our overall cost of capital associated with such borrowings. 
 
 
 
 As of the filing date of this annual report, we do not have any interest rate hedging derivative instruments outstanding. 
 
 
 
 
 
",item7_block_heading,True,,,
0001061219-25-000006,2,1,16144,291137,425450," ITEM 7. MANAGEMENT’S DISCUSSION AND ANALYSIS OF FINANCIAL CONDITION AND RESULTS OF OPERATIONS. 
 
 
 
 For the Years Ended December 31, 2024, 2023 and 2022 
 
 
 
 The following discussion and analysis of our financial condition, results of operations and related information for the years ended Dec","n borrowings under certain consolidated debt agreements. This strategy may be used in controlling our overall cost of capital associated with such borrowings. 
 
 
 
 As of the filing date of this annual report, we do not have any interest rate hedging derivative instruments outstanding. 
 
 
 
 
 
",item7_block_heading,True,,,
0001061219-26-000006,2,1,15569,278980,398363," ITEM 7. MANAGEMENT’S DISCUSSION AND ANALYSIS OF FINANCIAL CONDITION AND RESULTS OF OPERATIONS. 
 For the Years Ended December 31, 2025, 2024 and 2023 
 The following discussion and analysis of our financial condition, results of operations and related information for the years ended December 31, 20","ious items of income, gain, deductions, losses and credits of EPO and the Partnership during the years under examination. 
 Insurance 
 For information regarding insurance matters, see Note 18 of the Notes to Consolidated Financial Statements included under Part II, ITEM 8 of this annual report. 
 
",item7_block_heading,True,,,
0000072741-17-000007,2,1,22217,170890,356044," ITEM 7. Management's Discussion and Analysis of Financial Condition and Results of Operations 
 
 EVERSOURCE ENERGY AND SUBSIDIARIES 
 
 The following discussion and analysis should be read in conjunction with our consolidated financial statements and related combined notes included in this combine","4.7 million in 2015. In addition, the timing of regulatory recoveries, the receipt of $3.6 million in DOE Damages proceeds received from the Yankee Companies, and the timing of working capital items all had a favorable impact on operating cash flows in 2016, as compared to 2015. 
 
 
 
 65 
 
 
 
 
",item7_block_heading,True,,,
0000072741-18-000028,2,1,20925,169291,345524," ITEM 7. Management's Discussion and Analysis of Financial Condition and Results of Operations 
 
 EVERSOURCE ENERGY AND SUBSIDIARIES 
 
 The following discussion and analysis should be read in conjunction with our consolidated financial statements and related combined notes included in this combine"," AFUDC related to equity funds, and the capitalized portions of pension expense. CL&P's investments totaled $612.0 million in 2016, compared with $523.8 million in 2015. 
 
 Financing activities in 2016 included $199.6 million in common stock dividends paid to Eversource parent. 
 
 
 
 62 
 
 
 
 
",item7_block_heading,True,,,
0000072741-19-000017,2,1,24409,155078,357841," ITEM 7. Management's Discussion and Analysis of Financial Condition and Results of Operations 
 
 EVERSOURCE ENERGY AND SUBSIDIARIES 
 
 The following discussion and analysis should be read in conjunction with our consolidated financial statements and related combined notes included in this combine","rable impacts related to the timing of regulatory recoveries. Partially offsetting these decreases were the timing of collections and payments of our working capital items, including accounts payable and inventory, and a $16.3 million decrease in Pension Plan cash contributions. 
 
 
 
 61 
 
 
 
 
",item7_block_heading,True,,,
0000072741-20-000008,2,1,17894,149254,297659," ITEM 7. Management's Discussion and Analysis of Financial Condition and Results of Operations 
 
 EVERSOURCE ENERGY AND SUBSIDIARIES 
 
 The following discussion and analysis should be read in conjunction with our consolidated financial statements and related combined notes included in this combine","s. 
 
 For further information on CL&P's, NSTAR Electric's and PSNH's liquidity and capital resources, see ""Liquidity"" and ""Business Development and Capital Expenditures"" included in this Management's Discussion and Analysis of Financial Condition and Results of Operations . 
 
 
 
 
 
 47 
 
 
 
 
",item7_block_heading,True,,,
0000072741-21-000005,2,1,22184,160969,333272," ITEM 7. Management's Discussion and Analysis of Financial Condition and Results of Operations 
 
 EVERSOURCE ENERGY AND SUBSIDIARIES 
 
 The following discussion and analysis should be read in conjunction with our consolidated financial statements and related combined notes included in this combine","he COVID-19 pandemic. 
 
 For further information on CL&P's, NSTAR Electric's and PSNH's liquidity and capital resources, see ""Liquidity"" and ""Business Development and Capital Expenditures"" included in this Management's Discussion and Analysis of Financial Condition and Results of Operations . 
 
 
",item7_block_heading,True,,,
0000072741-22-000015,2,1,22218,155772,326765," ITEM 7. Management's Discussion and Analysis of Financial Condition and Results of Operations 
 
 EVERSOURCE ENERGY AND SUBSIDIARIES 
 
 The following discussion and analysis should be read in conjunction with our consolidated financial statements and related combined notes included in this combine","removal expenditures. 
 
 For further information on CL&P's, NSTAR Electric's and PSNH's liquidity and capital resources, see ""Liquidity"" and ""Business Development and Capital Expenditures"" included in this Management's Discussion and Analysis of Financial Condition and Results of Operations . 
 
 
",item7_block_heading,True,,,
0000072741-23-000004,2,1,21869,163049,331346," ITEM 7. Management's Discussion and Analysis of Financial Condition and Results of Operations 
 
 EVERSOURCE ENERGY AND SUBSIDIARIES 
 
 The following discussion and analysis should be read in conjunction with our consolidated financial statements and related combined notes included in this combine","h flows. 
 
 For further information on CL&P's, NSTAR Electric's and PSNH's liquidity and capital resources, see ""Liquidity"" and ""Business Development and Capital Expenditures"" included in this Management's Discussion and Analysis of Financial Condition and Results of Operations . 
 
 
 
 54 
 
 
 
",item7_block_heading,True,,,
0000072741-24-000005,2,1,23819,176261,357708," ITEM 7. Management's Discussion and Analysis of Financial Condition and Results of Operations 
 
 EVERSOURCE ENERGY AND SUBSIDIARIES 
 
 The following discussion and analysis should be read in conjunction with our consolidated financial statements and related combined notes included in this combine","eivable. 
 
 For further information on CL&P's, NSTAR Electric's and PSNH's liquidity and capital resources, see ""Liquidity"" and ""Business Development and Capital Expenditures"" included in this Management's Discussion and Analysis of Financial Condition and Results of Operations . 
 
 
 
 58 
 
 
 
",item7_block_heading,True,,,
0000072741-25-000007,2,1,24942,177584,366982," ITEM 7. Management's Discussion and Analysis of Financial Condition and Results of Operations 
 
 EVERSOURCE ENERGY AND SUBSIDIARIES 
 
 The following discussion and analysis should be read in conjunction with our consolidated financial statements and related combined notes included in this combine","ditures. 
 
 For further information on CL&P's, NSTAR Electric's and PSNH's liquidity and capital resources, see ""Liquidity"" and ""Business Development and Capital Expenditures"" included in this Management's Discussion and Analysis of Financial Condition and Results of Operations . 
 
 
 
 58 
 
 
 
",item7_block_heading,True,,,
0001628280-26-008461,2,1,25623,179747,374207," ITEM 7. Management's Discussion and Analysis of Financial Condition and Results of Operations 
 
 EVERSOURCE ENERGY AND SUBSIDIARIES 
 
 The following discussion and analysis should be read in conjunction with our consolidated financial statements and related combined notes included in this combine","eivable. 
 
 For further information on CL&P's, NSTAR Electric's and PSNH's liquidity and capital resources, see ""Liquidity"" and ""Business Development and Capital Expenditures"" included in this Management's Discussion and Analysis of Financial Condition and Results of Operations . 
 
 
 
 59 
 
 
 
",item7_block_heading,True,,,
0001276187-17-000023,2,1,21280,408515,576324," ITEM 7. MANAGEMENT’S DISCUSSION AND ANALYSIS OF FINANCIAL CONDITION 
 AND RESULTS OF OPERATIONS 
 (Tabular dollar and unit amounts, except per unit data, are in millions) 
 Energy Transfer Equity, L.P. is a Delaware limited partnership whose common units are publicly traded on the NYSE under the ti","plies. Our operating revenues and costs are influenced to a greater extent by commodity price changes. To the extent permitted by competition, regulation and our existing agreements, we have and will continue to pass along a portion of increased costs to our customers in the form of higher fees. 
 
",item7_block_heading,True,,,
0001276187-18-000011,2,1,23162,424990,607717," ITEM 7. MANAGEMENT’S DISCUSSION AND ANALYSIS OF FINANCIAL CONDITION 
 AND RESULTS OF OPERATIONS 
 (Tabular dollar and unit amounts, except per unit data, are in millions) 
 Energy Transfer Equity, L.P. is a Delaware limited partnership whose common units are publicly traded on the NYSE under the ti","plies. Our operating revenues and costs are influenced to a greater extent by commodity price changes. To the extent permitted by competition, regulation and our existing agreements, we have and will continue to pass along a portion of increased costs to our customers in the form of higher fees. 
 
",item7_block_heading,True,,,
0001276187-19-000011,2,1,27422,410596,636984," ITEM 7. MANAGEMENT’S DISCUSSION AND ANALYSIS OF FINANCIAL CONDITION 
 AND RESULTS OF OPERATIONS 
 (Tabular dollar and unit amounts, except per unit data, are in millions) 
 Energy Transfer LP is a Delaware limited partnership whose common units are publicly traded on the NYSE under the ticker symbo","plies. Our operating revenues and costs are influenced to a greater extent by commodity price changes. To the extent permitted by competition, regulation and our existing agreements, we have and will continue to pass along a portion of increased costs to our customers in the form of higher fees. 
 
",item7_block_heading,True,,,
0001276187-20-000011,2,1,26889,420943,642541," ITEM 7. MANAGEMENT’S DISCUSSION AND ANALYSIS OF FINANCIAL CONDITION 
 AND RESULTS OF OPERATIONS 
 (Tabular dollar and unit amounts, except per unit data, are in millions) 
 Energy Transfer LP is a Delaware limited partnership whose common units are publicly traded on the NYSE under the ticker symbo","plies. Our operating revenues and costs are influenced to a greater extent by commodity price changes. To the extent permitted by competition, regulation and our existing agreements, we have and will continue to pass along a portion of increased costs to our customers in the form of higher fees. 
 
",item7_block_heading,True,,,
0001276187-21-000034,2,1,21441,425195,599924," ITEM 7. MANAGEMENT’S DISCUSSION AND ANALYSIS OF FINANCIAL CONDITION 
 AND RESULTS OF OPERATIONS 
 (Tabular dollar and unit amounts, except per unit data, are in millions) 
 Energy Transfer LP is a Delaware limited partnership whose common units are publicly traded on the NYSE under the ticker symbo","costs are influenced to a greater extent by commodity price 
 
 
 121 
 
 Table of Contents 
 changes. To the extent permitted by competition, regulation and our existing agreements, we have and will continue to pass along a portion of increased costs to our customers in the form of higher fees. 
 
",item7_block_heading,True,,,
0001276187-22-000020,2,1,20531,472499,639331," ITEM 7. MANAGEMENT’S DISCUSSION AND ANALYSIS OF FINANCIAL CONDITION 
 AND RESULTS OF OPERATIONS 
 (Tabular dollar and unit amounts, except per unit data, are in millions) 
 Energy Transfer LP is a Delaware limited partnership whose common units are publicly traded on the NYSE under the ticker symbo","mation currently available to us and speaks only as of the date on which it is made. We undertake no obligation to publicly update any forward-looking statement, whether written or oral, that may be made from time to time, whether as a result of new information, future developments or otherwise. 
 
",item7_block_heading,True,,,
0001276187-23-000014,2,1,15158,475049,596259," ITEM 7. MANAGEMENT’S DISCUSSION AND ANALYSIS OF FINANCIAL CONDITION 
 AND RESULTS OF OPERATIONS 
 (Tabular dollar and unit amounts, except per unit data, are in millions) 
 Energy Transfer LP is a Delaware limited partnership whose common units are publicly traded on the NYSE under the ticker symbo","mation currently available to us and speaks only as of the date on which it is made. We undertake no obligation to publicly update any forward-looking statement, whether written or oral, that may be made from time to time, whether as a result of new information, future developments or otherwise. 
 
",item7_block_heading,True,,,
0001276187-24-000024,2,1,15681,502638,628816," ITEM 7. MANAGEMENT’S DISCUSSION AND ANALYSIS OF FINANCIAL CONDITION 
 AND RESULTS OF OPERATIONS 
 (Tabular dollar and unit amounts, except per unit data, are in millions) 
 Energy Transfer LP is a Delaware limited partnership whose common units are publicly traded on the NYSE under the ticker symbo","mation currently available to us and speaks only as of the date on which it is made. We undertake no obligation to publicly update any forward-looking statement, whether written or oral, that may be made from time to time, whether as a result of new information, future developments or otherwise. 
 
",item7_block_heading,True,,,
0001276187-25-000018,2,1,16233,517132,646638," ITEM 7. MANAGEMENT’S DISCUSSION AND ANALYSIS OF FINANCIAL CONDITION 
 AND RESULTS OF OPERATIONS 
 (Tabular dollar and unit amounts, except per unit data, are in millions) 
 Energy Transfer LP is a Delaware limited partnership whose common units are publicly traded on the NYSE under the ticker symbo","on which it is made. We undertake no obligation to publicly update any forward-looking statement, whether written or oral, that may be made from time to time, whether as a result of new information, future developments or otherwise. 
 
 
 130 
 
 
 Table of Contents 
 Index to Financial Statements 
",item7_block_heading,True,,,
0001276187-26-000013,2,1,17094,522716,658849," ITEM 7. MANAGEMENT’S DISCUSSION AND ANALYSIS OF FINANCIAL CONDITION 
 AND RESULTS OF OPERATIONS 
 (Tabular dollar and unit amounts, except per unit data, are in millions) 
 Energy Transfer LP is a Delaware limited partnership whose common units are publicly traded on the NYSE under the ticker symbo","on which it is made. We undertake no obligation to publicly update any forward-looking statement, whether written or oral, that may be made from time to time, whether as a result of new information, future developments or otherwise. 
 
 
 133 
 
 
 Table of Contents 
 Index to Financial Statements 
",item7_block_heading,True,,,
0000746515-17-000007,1,1,7786,86044,144399," ITEM 7 — MANAGEMENT’S DISCUSSION AND ANALYSIS OF FINANCIAL CONDITION AND RESULTS OF OPERATIONS 
 Overview 
 Expeditors International of Washington, Inc. is a global logistics company. Our services include air and ocean freight consolidation and forwarding, customs clearance, warehousing and distrib","indebtedness, we currently have limited direct exposure to increased costs resulting from increases in interest rates. 
 Off-Balance Sheet Arrangements 
 As of December 31, 2016 , we did not have any material off-balance-sheet arrangements, as defined in ITEM 303(a)(4)(ii) of SEC Regulation S-K. 
 
",item7_block_heading,True,,,
0000746515-18-000004,2,1,7126,86621,140569," ITEM 7 — MANAGEMENT’S DISCUSSION AND ANALYSIS OF FINANCIAL CONDITION AND RESULTS OF OPERATIONS 
 Overview 
 Expeditors International of Washington, Inc. is a global logistics company. Our services include air and ocean freight consolidation and forwarding, customs clearance, warehousing and distrib","indebtedness, we currently have limited direct exposure to increased costs resulting from increases in interest rates. 
 Off-Balance Sheet Arrangements 
 As of December 31, 2017 , we did not have any material off-balance-sheet arrangements, as defined in ITEM 303(a)(4)(ii) of SEC Regulation S-K. 
 
",item7_block_heading,True,,,
0000746515-19-000004,2,1,7334,84656,140054," ITEM 7 — MANAGEMENT’S DISCUSSION AND ANALYSIS OF FINANCIAL CONDITION AND RESULTS OF OPERATIONS 
 Overview 
 Expeditors International of Washington, Inc. is a global logistics company. Our services include air and ocean freight consolidation and forwarding, customs brokerage, warehousing and distrib","indebtedness, we currently have limited direct exposure to increased costs resulting from increases in interest rates. 
 Off-Balance Sheet Arrangements 
 As of December 31, 2018 , we did not have any material off-balance-sheet arrangements, as defined in ITEM 303(a)(4)(ii) of SEC Regulation S-K. 
 
",item7_block_heading,True,,,
0001564590-20-005719,2,1,6956,88826,143299," ITEM 7 — MANAGEMENT’S DISCUSSION AND ANALYSIS OF FINANCIAL CONDITION AND RESULTS OF OPERATIONS 
 
 Overview 
 
 Expeditors International of Washington, Inc. provides a full suite of global logistics services. Our services include air and ocean freight consolidation and forwarding, customs brokerage","currently have limited direct exposure to increased costs resulting from increases in interest rates. 
 
 Off-Balance Sheet Arrangements 
 
 As of December 31, 2019, we did not have any material off-balance-sheet arrangements, as defined in ITEM 303(a)(4)(ii) of SEC Regulation S-K. 
 
 29. 
 
 
 
 
",item7_block_heading,True,,,
0001564590-21-006925,2,1,7250,110251,166296," ITEM 7 — MANAGEMENT’S DISCUSSION AND ANALYSIS OF FINANCIAL CONDITION AND RESULTS OF OPERATIONS 
 
 Overview 
 
 Expeditors International of Washington, Inc. provides a full suite of global logistics services. Our services include air and ocean freight consolidation and forwarding, customs brokerage","ebtedness, we currently have limited direct exposure to increased costs resulting from increases in interest rates. 
 
 Off-Balance Sheet Arrangements 
 
 As of December 31, 2020, we did not have any material off-balance-sheet arrangements, as defined in ITEM 303(a)(4)(ii) of SEC Regulation S-K. 
 
",item7_block_heading,True,,,
0001564590-22-010381,2,1,6853,112264,163583," ITEM 7 — MANAGEMENT’S DISCUSSION AND ANALYSIS OF FINANCIAL CONDITION AND RESULTS OF OPERATIONS 
 
 Overview 
 
 Expeditors International of Washington, Inc. provides a full suite of global logistics services. Our services include air and ocean freight consolidation and forwarding, customs brokerage","as held in banks in the United States. Earnings of our foreign subsidiaries are not considered to be indefinitely reinvested outside of the United States. 
 
 As of December 31, 2021, we did not have any material off-balance-sheet arrangements, as defined in ITEM 303(a)(2) of SEC Regulation S-K. 
 
",item7_block_heading,True,,,
0000950170-23-005412,2,1,6759,110927,160655," ITEM 7 — MANAGEMENT’S DISCUSSION AND ANALYSIS OF FINANCIAL CONDITION AND RESULTS OF OPERATIONS 
 
 Overview 
 
 Expeditors International of Washington, Inc. provides a full suite of global logistics services. Our services include air and ocean freight consolidation and forwarding, customs brokerage","as held in banks in the United States. Earnings of our foreign subsidiaries are not considered to be indefinitely reinvested outside of the United States. 
 
 As of December 31, 2022, we did not have any material off-balance-sheet arrangements, as defined in ITEM 303(a)(2) of SEC Regulation S-K. 
 
",item7_block_heading,True,,,
0000950170-24-019394,2,1,6299,112586,159369," ITEM 7 — MANAGEMENT’S DISCUSSION AND ANALYSIS OF FINANCIAL CONDITION AND RESULTS OF OPERATIONS 
 
 Overview 
 
 Expeditors International of Washington, Inc. provides a full suite of global logistics services. Our services include air and ocean freight consolidation and forwarding, customs brokerage","as held in banks in the United States. Earnings of our foreign subsidiaries are not considered to be indefinitely reinvested outside of the United States. 
 
 As of December 31, 2023, we did not have any material off-balance-sheet arrangements, as defined in ITEM 303(a)(2) of SEC Regulation S-K. 
 
",item7_block_heading,True,,,
0000950170-25-024750,2,1,6203,112839,158878," ITEM 7 — MANAGEMENT’S DISCUSSION AND ANALYSIS OF FINANCIAL CONDITION AND RESULTS OF OPERATIONS 
 
 Overview 
 
 Expeditors International of Washington, Inc. provides a full suite of global logistics services. Our services include air and ocean freight consolidation and forwarding, customs brokerage","he United States. Earnings of our foreign subsidiaries are not considered to be indefinitely reinvested outside of the United States. 
 
 As of December 31, 2024, we did not have any material off-balance-sheet arrangements, as defined in ITEM 303(a)(2) of SEC Regulation S-K. 
 
 
 
 38 . 
 
 
 
 
 
",item7_block_heading,True,,,
0001193125-26-071569,2,1,6795,118144,168071," ITEM 7 — MANAGEMENT’S DISCUSSION AND ANALYSIS OF FINANCIAL CONDITION AND RESULTS OF OPERATIONS 
 Overview 
 Expeditors International of Washington, Inc. provides a full suite of global logistics services. Our services include air and ocean freight consolidation and forwarding, customs brokerage, wa","on was held in banks in the United States. Earnings of our foreign subsidiaries are not considered to be indefinitely reinvested outside of the United States. 
 As of December 31, 2025, we did not have any material off-balance-sheet arrangements, as defined in ITEM 303(a)(2) of SEC Regulation S-K. 
",item7_block_heading,True,,,
0001628280-17-001815,2,1,10665,117537,202746," ITEM 7. Management’s Discussion and Analysis of Financial Condition and Results of Operations 
 The following discussion should be read in conjunction with the financial statements and notes thereto appearing elsewhere in this report. We make statements in this section that are forward-looking stat","ealized from May through September. Historically, our highest level of occupancy has been at the end of July, while our lowest level of occupancy has been in late February and early March. Results for any quarter may not be indicative of the results that may be achieved for the full fiscal year. 
 
",item7_block_heading,True,,,
0001628280-18-002649,2,1,7142,80366,140267," ITEM 7. Management’s Discussion and Analysis of Financial Condition and Results of Operations 
 The following discussion should be read in conjunction with the financial statements and notes thereto appearing elsewhere in this report. We make statements in this section that are forward-looking stat","ealized from May through September. Historically, our highest level of occupancy has been at the end of July, while our lowest level of occupancy has been in late February and early March. Results for any quarter may not be indicative of the results that may be achieved for the full fiscal year. 
 
",item7_block_heading,True,,,
0001628280-19-001968,2,1,6405,78196,131334," ITEM 7. Management’s Discussion and Analysis of Financial Condition and Results of Operations 
 The following discussion should be read in conjunction with the financial statements and notes thereto appearing elsewhere in this report. We make statements in this section that are forward-looking stat","ealized from May through September. Historically, our highest level of occupancy has been at the end of July, while our lowest level of occupancy has been in late February and early March. Results for any quarter may not be indicative of the results that may be achieved for the full fiscal year. 
 
",item7_block_heading,True,,,
0001628280-20-002202,2,1,4825,81138,120107," ITEM 7. Management’s Discussion and Analysis of Financial Condition and Results of Operations 
 The following discussion should be read in conjunction with the financial statements and notes thereto appearing elsewhere in this report. We make statements in this section that are forward-looking stat","ealized from May through September. Historically, our highest level of occupancy has been at the end of July, while our lowest level of occupancy has been in late February and early March. Results for any quarter may not be indicative of the results that may be achieved for the full fiscal year. 
 
",item7_block_heading,True,,,
0001628280-21-003458,2,1,4825,82611,119922," ITEM 7. Management’s Discussion and Analysis of Financial Condition and Results of Operations 
 The following discussion should be read in conjunction with the financial statements and notes thereto appearing elsewhere in this report. We make statements in this section that are forward-looking stat","ealized from May through September. Historically, our highest level of occupancy has been at the end of July, while our lowest level of occupancy has been in late February and early March. Results for any quarter may not be indicative of the results that may be achieved for the full fiscal year. 
 
",item7_block_heading,True,,,
0001628280-22-004274,2,1,5072,90072,129242," ITEM 7. Management’s Discussion and Analysis of Financial Condition and Results of Operations 
 The following discussion should be read in conjunction with the financial statements and notes thereto appearing elsewhere in this report. We make statements in this section that are forward-looking stat","ealized from May through September. Historically, our highest level of occupancy has been at the end of July, while our lowest level of occupancy has been in late February and early March. Results for any quarter may not be indicative of the results that may be achieved for the full fiscal year. 
 
",item7_block_heading,True,,,
0001628280-23-005628,2,1,5091,88501,127784," ITEM 7. Management’s Discussion and Analysis of Financial Condition and Results of Operations 
 The following discussion should be read in conjunction with the financial statements and notes thereto appearing elsewhere in this report. We make statements in this section that are forward-looking stat","ealized from May through September. Historically, our highest level of occupancy has been at the end of July, while our lowest level of occupancy has been in late February and early March. Results for any quarter may not be indicative of the results that may be achieved for the full fiscal year. 
 
",item7_block_heading,True,,,
0001628280-24-008044,2,1,4986,98921,137337," ITEM 7. Management’s Discussion and Analysis of Financial Condition and Results of Operations 
 The following discussion should be read in conjunction with the financial statements and notes thereto appearing elsewhere in this report. We make statements in this section that are forward-looking stat","ealized from May through September. Historically, our highest level of occupancy has been at the end of July, while our lowest level of occupancy has been in late February and early March. Results for any quarter may not be indicative of the results that may be achieved for the full fiscal year. 
 
",item7_block_heading,True,,,
0001628280-25-009060,2,1,5521,96811,139785," ITEM 7. Management’s Discussion and Analysis of Financial Condition and Results of Operations 
 The following discussion should be read in conjunction with the financial statements and notes thereto appearing elsewhere in this report. We make statements in this section that are forward-looking stat","y through September. Historically, our highest level of occupancy has been at the end of July, while our lowest level of occupancy has been in late February and early March. Results for any quarter may not be indicative of the results that may be achieved for the full fiscal year. 
 
 
 31 
 
 
 
 
",item7_block_heading,True,,,
0001289490-26-000011,2,1,5456,102186,144419," ITEM 7. Management’s Discussion and Analysis of Financial Condition and Results of Operations 
 The following discussion should be read in conjunction with the financial statements and notes thereto appearing elsewhere in this report. We make statements in this section that are forward-looking stat","May through September. Historically, our highest level of occupancy has been at the end of July, while our lowest level of occupancy has been in late February and early March. Results for any quarter may not be indicative of the results that may be achieved for the full fiscal year. 
 
 
 33 
 
 
 
",item7_block_heading,True,,,
0000815556-17-000009,2,1,11060,81604,174618," ITEM 7. 
 
 MANAGEMENT'S DISCUSSION AND ANALYSIS OF FINANCIAL CONDITION AND RESULTS OF OPERATIONS 
 The following is management's discussion and analysis of certain significant factors that have affected our financial position and operating results during the periods included in the accompanying co","tain tax positions have been excluded from the table above due to the uncertainty surrounding the ultimate settlement and timing of these liabilities. A discussion of income taxes is contained in Note 6 of the Notes to Consolidated Financial Statements. 
 
 
 37 
 
 
 Table of Contents 
 
 
 
 
 
 
",item7_block_heading,True,,,
0000815556-18-000010,2,1,7349,100453,161737," ITEM 7. 
 
 MANAGEMENT'S DISCUSSION AND ANALYSIS OF FINANCIAL CONDITION AND RESULTS OF OPERATIONS 
 The following is management's discussion and analysis of certain significant factors which have affected our financial position and operating results during the periods included in the accompanying c","rnings per share, and our income tax as a percentage of earnings before income tax, excluding the impact of the Tax Act, are non-GAAP financial measures. Management believes reporting these measures will help investors understand the effect of tax reform on comparable reported results. 
 
 
 
 
 
 
",item7_block_heading,True,,,
0000815556-19-000015,2,1,7403,106755,168350," ITEM 7. 
 
 MANAGEMENT'S DISCUSSION AND ANALYSIS OF FINANCIAL CONDITION AND RESULTS OF OPERATIONS 
 The following is management's discussion and analysis of certain significant factors which have affected our financial position and operating results during the periods included in the accompanying c","elp investors understand the effect of tax reform on comparable reported results, and the comparable GAAP measure without these adjustments precedes any disclosure that excludes the impact of the Tax Act or certain discrete items related to the Tax Act. 
 
 
 35 
 
 
 Table of Contents 
 
 
 
 
 
 
",item7_block_heading,True,,,
0000815556-20-000011,2,1,7631,108772,172000," ITEM 7. 
 
 MANAGEMENT'S DISCUSSION AND ANALYSIS OF FINANCIAL CONDITION AND RESULTS OF OPERATIONS 
 The following is management's discussion and analysis of certain significant factors which have affected our financial position and operating results during the periods included in the accompanying c"," from the table above due to the uncertainty surrounding the ultimate settlement and timing of these liabilities, which we believe will be immaterial. A discussion of income taxes is contained in Note 7 of the Notes to Consolidated Financial Statements. 
 
 
 35 
 
 
 Table of Contents 
 
 
 
 
 
 
",item7_block_heading,True,,,
0000815556-21-000008,2,1,8697,132112,200011," ITEM 7. MANAGEMENT'S DISCUSSION AND ANALYSIS OF FINANCIAL CONDITION AND RESULTS OF OPERATIONS 
 The following is management's discussion and analysis of certain significant factors which have affected our financial position and operating results during the periods included in the accompanying conso","excluded from the table above due to the uncertainty surrounding the ultimate settlement and timing of these liabilities, which we believe will be immaterial. A discussion of income taxes is contained in Note 8 of the Notes to Consolidated Financial Statements. 
 
 
 40 
 
 
 Table of Contents 
 
 
",item7_block_heading,True,,,
0000815556-22-000009,2,1,9678,136870,212141," ITEM 7. MANAGEMENT'S DISCUSSION AND ANALYSIS OF FINANCIAL CONDITION AND RESULTS OF OPERATIONS 
 The following is management's discussion and analysis of certain significant factors which have affected our financial position and operating results during the periods included in the accompanying conso","by geographic area is contained in Note 2 and Note 3 of the Notes to Consolidated Financial Statements. Risks related to our foreign operations are described earlier in this Form 10-K under the heading 'Forward-Looking Statements' and 'ITEM 1A. Risk Factors'. 
 
 
 
 44 
 
 
 Table of Contents 
 
 
",item7_block_heading,True,,,
0000815556-23-000009,2,1,10399,140643,224171," ITEM 7. MANAGEMENT'S DISCUSSION AND ANALYSIS OF FINANCIAL CONDITION AND RESULTS OF OPERATIONS 
 The following is management's discussion and analysis of certain significant factors which have affected our financial position and operating results during the periods included in the accompanying conso","e not varied materially from estimated amounts. 
 Recently Issued and Adopted Accounting Pronouncements 
 A description of recently issued and adopted accounting pronouncements, if any, is contained in Note 1 of the Notes to Consolidated Financial Statements. 
 
 
 
 49 
 
 
 Table of Contents 
 
 
",item7_block_heading,True,,,
0000815556-24-000009,2,1,9271,147931,223654," ITEM 7. MANAGEMENT'S DISCUSSION AND ANALYSIS OF FINANCIAL CONDITION AND RESULTS OF OPERATIONS 
 The following is management's discussion and analysis of certain significant factors which have affected our financial position and operating results during the periods included in the accompanying conso","e not varied materially from estimated amounts. 
 Recently Issued and Adopted Accounting Pronouncements 
 A description of recently issued and adopted accounting pronouncements, if any, is contained in Note 1 of the Notes to Consolidated Financial Statements. 
 
 
 
 49 
 
 
 Table of Contents 
 
 
",item7_block_heading,True,,,
0000815556-25-000065,2,1,9536,160058,237216," ITEM 7. MANAGEMENT'S DISCUSSION AND ANALYSIS OF FINANCIAL CONDITION AND RESULTS OF OPERATIONS 
 The following is management's discussion and analysis of certain significant factors which have affected our financial position and operating results during the periods included in the accompanying conso","ethods have not materially changed during 2024. 
 Recently Issued and Adopted Accounting Pronouncements 
 A description of recently issued and adopted accounting pronouncements, if any, is contained in Note 1 of the Notes to Consolidated Financial Statements. 
 
 
 
 53 
 
 
 Table of Contents 
 
 
",item7_block_heading,True,,,
0000815556-26-000009,2,1,5938,155754,203396," ITEM 7. MANAGEMENT'S DISCUSSION AND ANALYSIS OF FINANCIAL CONDITION AND RESULTS OF OPERATIONS 
 The following is management's discussion and analysis of certain significant factors which have affected our financial position and operating results during the periods included in the accompanying conso","s we use to value our insurance reserves in 2025. 
 Recently Issued and Adopted Accounting Pronouncements 
 A description of recently issued and adopted accounting pronouncements, if any, is contained in Note 1 of the Notes to Consolidated Financial Statements. 
 
 
 41 
 
 
 Table of Contents 
 
 
",item7_block_heading,True,,,
0000831259-17-000012,1,1,26384,272729,538839," Items 7. and 7A. Management's Discussion and Analysis of Financial Condition and Results of Operations and Quantitative and Qualitative Disclosures About Market Risk. 
 
 
 In Management’s Discussion and Analysis of Financial Condition and Results of Operations and Quantitative and Qualitative Disc","t intend to update forward-looking statements more frequently than quarterly notwithstanding any changes in our assumptions, changes in business plans, actual experience or other changes, and we undertake no obligation to update any forward-looking statements. 
 
 
 
 105 
 
 
 Table of Contents 
 
",issuer_substantive_heading_FCX,True,,,
0000831259-18-000008,1,1,20970,265589,471205," Items 7. and 7A. Management’s Discussion and Analysis of Financial Condition and Results of Operations and Quantitative and Qualitative Disclosures About Market Risk. 
 
 
 In Management’s Discussion and Analysis of Financial Condition and Results of Operations and Quantitative and Qualitative Disc","t intend to update forward-looking statements more frequently than quarterly notwithstanding any changes in our assumptions, changes in business plans, actual experience or other changes, and we undertake no obligation to update any forward-looking statements. 
 
 
 
 106 
 
 
 Table of Contents 
 
",issuer_substantive_heading_FCX,True,,,
0000831259-19-000009,1,1,20148,270769,466759," Items 7. and 7A. Management’s Discussion and Analysis of Financial Condition and Results of Operations and Quantitative and Qualitative Disclosures About Market Risk. 
 
 
 In Management’s Discussion and Analysis of Financial Condition and Results of Operations and Quantitative and Qualitative Disc","t intend to update forward-looking statements more frequently than quarterly notwithstanding any changes in our assumptions, changes in business plans, actual experience or other changes, and we undertake no obligation to update any forward-looking statements. 
 
 
 
 103 
 
 
 Table of Contents 
 
",issuer_substantive_heading_FCX,True,,,
0000831259-20-000004,1,1,17882,266009,430061," Items 7. and 7A. Management’s Discussion and Analysis of Financial Condition and Results of Operations and Quantitative and Qualitative Disclosures About Market Risk. 
 
 
 In Management’s Discussion and Analysis of Financial Condition and Results of Operations and Quantitative and Qualitative Disc","ot intend to update forward-looking statements more frequently than quarterly notwithstanding any changes in our assumptions, changes in business plans, actual experience or other changes, and we undertake no obligation to update any forward-looking statements. 
 
 
 
 98 
 
 
 Table of Contents 
 
",issuer_substantive_heading_FCX,True,,,
0000831259-21-000009,1,1,19304,282392,444077," Items 7. and 7A. Management’s Discussion and Analysis of Financial Condition and Results of Operations and Quantitative and Qualitative Disclosures About Market Risk. 
 
 
 In Management’s Discussion and Analysis of Financial Condition and Results of Operations and Quantitative and Qualitative Disc","further discussion of unit net cash costs associated with our operating divisions, and to “Product Revenues and Production Costs” for reconciliations of per pound costs by operating division to production and delivery costs applicable to sales reported in our consolidated financial statements. 
 
 
",issuer_substantive_heading_FCX,True,,,
0000831259-22-000009,1,1,19275,301952,463173," Items 7. and 7A. Management’s Discussion and Analysis of Financial Condition and Results of Operations and Quantitative and Qualitative Disclosures About Market Risk. 
 
 
 In Management’s Discussion and Analysis of Financial Condition and Results of Operations and Quantitative and Qualitative Disc","s of per pound costs by operating division to production and delivery costs applicable to sales reported in our consolidated financial statements. Refer to “Net Debt” for reconciliations of consolidated debt and consolidated cash and cash equivalents to net debt. 
 
 
 108 
 
 
 Table of C ontents 
",issuer_substantive_heading_FCX,True,,,
0000831259-23-000013,1,1,20241,329091,496608," Items 7. and 7A. Management’s Discussion and Analysis of Financial Condition and Results of Operations and Quantitative and Qualitative Disclosures About Market Risk. 
 
 
 In Management’s Discussion and Analysis of Financial Condition and Results of Operations and Quantitative and Qualitative Disc","ction Costs” for reconciliations of per pound costs by operating division to production and delivery costs applicable to sales reported in our consolidated financial statements. Refer to “Net Debt” for reconciliations of consolidated debt and consolidated cash and cash equivalents to net debt. 
 
 
",issuer_substantive_heading_FCX,True,,,
0000831259-24-000011,1,1,19339,344311,504852," Items 7. and 7A. Management’s Discussion and Analysis of Financial Condition and Results of Operations and Quantitative and Qualitative Disclosures About Market Risk. 
 
 
 In Management’s Discussion and Analysis of Financial Condition and Results of Operations and Quantitative and Qualitative Disc","ery costs applicable to sales reported in our consolidated financial statements. Refer to “Net Debt” for reconciliations of consolidated debt, consolidated cash and cash equivalents and current restricted cash associated with PT-FI’s export proceeds to net debt. 
 
 
 
 115 
 
 
 Table of Contents 
",issuer_substantive_heading_FCX,True,,,
0000831259-25-000006,1,1,19021,353556,512136," Items 7. and 7A. Management’s Discussion and Analysis of Financial Condition and Results of Operations and Quantitative and Qualitative Disclosures About Market Risk. 
 
 
 In Management’s Discussion and Analysis of Financial Condition and Results of Operations and Quantitative and Qualitative Disc","e periods and the information needed to reconcile these measures is dependent upon future events, many of which are outside of our control as described above. Forward-looking non-GAAP measures are estimated consistent with the relevant definitions and assumptions. 
 
 
 116 
 
 
 Table of Contents 
",issuer_substantive_heading_FCX,True,,,
0000831259-26-000012,1,1,19969,361208,533909," Items 7. and 7A. Management’s Discussion and Analysis of Financial Condition and Results of Operations and Quantitative and Qualitative Disclosures About Market Risk. 
 
 
 In Management’s Discussion and Analysis of Financial Condition and Results of Operations and Quantitative and Qualitative Disc","these future periods and the information needed to reconcile these measures is dependent upon future events, many of which are outside of our control as described above. Forward-looking non-U.S. GAAP measures are estimated consistent with the relevant definitions and assumptions. 
 
 
 
 122 
 
 
 
",issuer_substantive_heading_FCX,True,,,
0001193125-16-650267,3,1,22595,139492,337402," OVERVIEW OF FINANCIAL SECTION 
 The financial section of the
FedEx Corporation (FedEx) Annual Report on Form 10-K (Annual Report) consists of the following Management's Discussion and Analysis of Results of Operations and Financial Condition (MD&A), the
Consolidated Financial Statements and t","ting firm who also audited the Company's consolidated financial statements included in this Annual Report on Form 10-K. Ernst & Young LLP's report on
the Company's internal control over financial reporting is included in this Annual Report on Form 10-K. 
 
 
 - 89 -
 


 
 
 
 Table of Contents 

 
",issuer_substantive_heading_FDX,True,,,
0000950123-17-006152,3,1,24735,140868,374527," OVERVIEW OF FINANCIAL SECTION 
 
 The financial section of the FedEx Corporation (“FedEx” or the “Company”) Annual Report on Form 10-K (“Annual Report”) consists of the following: Management’s Discussion and Analysis of Results of Operations and Financial Condition (“MD&A”), the Consolidated Financ","anges in stockholders’ investment, and cash flows for each of the three years in the period ended May 31, 2017 of FedEx Corporation and our report dated July 17, 2017 expressed an unqualified opinion thereon. 
 
 /s/ Ernst & Young LLP 
 
 Memphis, Tennessee 
 
 July 17, 2017 
 
 
 
 - 79 - 
 
 
 
 
",issuer_substantive_heading_FDX,True,,,
0001564590-18-016877,3,1,24385,242037,467555," OVERVIEW OF FINANCIAL SECTION 
 
 The financial section of the FedEx Corporation (“FedEx” or the “Company”) Annual Report on Form 10-K (“Annual Report”) consists of the following: Management’s Discussion and Analysis of Results of Operations and Financial Condition (“MD&A”), the Consolidated Financ","n of effectiveness to future periods are subject to the risk that controls may become inadequate because of changes in conditions, or that the degree of compliance with the policies or procedures may deteriorate. 
 
 /s/ Ernst & Young LLP 
 
 Memphis, Tennessee 
 
 July 16, 2018 
 
 - 94 - 
 
 
 
 
",issuer_substantive_heading_FDX,True,,,
0001564590-19-025065,3,1,27163,237713,488491," OVERVIEW OF FINANCIAL SECTION 
 
 The financial section of the FedEx Corporation (“FedEx” or the “Company”) Annual Report on Form 10-K (“Annual Report”) consists of the following: Management’s Discussion and Analysis of Results of Operations and Financial Condition (“MD&A”), the Consolidated Financ","t registered public accounting firm who also audited the Company’s consolidated financial statements included in this Annual Report on Form 10-K. Ernst & Young LLP’s report on the Company’s internal control over financial reporting is included in this Annual Report on Form 10-K. 
 
 - 97 - 
 
 
 
 
",issuer_substantive_heading_FDX,True,,,
0001564590-20-032775,3,1,26477,261394,491303," OVERVIEW OF FINANCIAL SECTION 
 
 The financial section of the FedEx Corporation (“FedEx” or the “Company”) Annual Report on Form 10-K (“Annual Report”) consists of the following: Management’s Discussion and Analysis of Results of Operations and Financial Condition (“MD&A”), the Consolidated Financ"," registered public accounting firm who also audited the Company’s consolidated financial statements included in this Annual Report on Form 10-K. Ernst & Young LLP’s report on the Company’s internal control over financial reporting is included in this Annual Report on Form 10-K. 
 
 - 101 - 
 
 
 
 
",issuer_substantive_heading_FDX,True,,,
0001564590-21-037031,2,1,15884,217238,373188," ITEM 7. MANAGEMENT’S DISCUSSION AND ANALYSIS OF RESULTS OF OPERATIONS AND FINANCIAL CONDITION 
 
 ORGANIZATION OF INFORMATION 
 
 This Management’s Discussion and Analysis of Results of Operations and Financial Condition (“MD&A”) of FedEx Corporation (“FedEx” or the “Company”) is composed of three ","s. 
 
 Despite the inherent complexity in the accounting and disclosure of contingencies, we believe that our processes are robust and thorough and provide a consistent framework for management in evaluating the potential outcome of contingencies for proper accounting recognition and disclosure. 
 
",item7_block_heading,True,,,
0000950170-22-012762,2,1,13094,222208,345761," ITEM 7. MANAGEMENT’S DISCUSSION AND ANALYSIS OF RESULTS OF OPERATIONS AND FINANCIAL CONDITION 
 
 ORGANIZATION OF INFORMATION 
 
 This Management’s Discussion and Analysis of Results of Operations and Financial Condition (“MD&A”) of FedEx Corporation (“FedEx” or the “Company”) is composed of three ","s. 
 
 Despite the inherent complexity in the accounting and disclosure of contingencies, we believe that our processes are robust and thorough and provide a consistent framework for management in evaluating the potential outcome of contingencies for proper accounting recognition and disclosure. 
 
",item7_block_heading,True,,,
0000950170-23-033201,2,1,12965,233300,354706," ITEM 7. MANAGEMENT’S DISCUSSION AND ANALYSIS OF RESULTS OF OPERATIONS AND FINANCIAL CONDITION 
 
 ORGANIZATION OF INFORMATION 
 
 This Management’s Discussion and Analysis of Results of Operations and Financial Condition (“MD&A”) of FedEx Corporation (“FedEx” or the “Company”) is composed of three ","s. 
 
 Despite the inherent complexity in the accounting and disclosure of contingencies, we believe that our processes are robust and thorough and provide a consistent framework for management in evaluating the potential outcome of contingencies for proper accounting recognition and disclosure. 
 
",item7_block_heading,True,,,
0000950170-24-083577,2,1,12987,250823,371603," ITEM 7. MANAGEMENT’S DISCUSSION AND ANALYSIS OF RESULTS OF OPERATIONS AND FINANCIAL CONDITION 
 
 ORGANIZATION OF INFORMATION 
 
 This Management’s Discussion and Analysis of Results of Operations and Financial Condition (“MD&A”) of FedEx Corporation (“FedEx”) is composed of three major sections: R"," 
 
 
 Despite the inherent complexity in the accounting and disclosure of contingencies, we believe that our processes are robust and thorough and provide a consistent framework for management in evaluating the potential outcome of contingencies for proper accounting recognition and disclosure. 
 
",item7_block_heading,True,,,
0001048911-25-000011,2,1,12476,242445,339984," ITEM 7. MANAGEMENT’S DISCUSSION AND ANALYSIS OF RESULTS OF OPERATIONS AND FINANCIAL CONDITION 
 
 ORGANIZATION OF INFORMATION 
 This Management’s Discussion and Analysis of Results of Operations and Financial Condition (“MD&A”) of FedEx Corporation (“FedEx”) is composed of three major sections: Res","oss. 
 Despite the inherent complexity in the accounting and disclosure of contingencies, we believe that our processes are robust and thorough and provide a consistent framework for management in evaluating the potential outcome of contingencies for proper accounting recognition and disclosure. 
 
",item7_block_heading,True,,,
0001558370-17-000882,2,1,10296,107620,192957," ITEM 7. Management’s Discussion and Analysis of Financial Condition and Results of Operations 
 
 
 
 The following discussion and analysis should be read in conjunction with the Consolidated Financial Statements and related notes included elsewhere in this annual report on Form 10‐K. Also see “For"," 

 
 
 
 
 

 
 

 Table of Contents 

 

 
 
 
 
 
 
 Other than the operating and capital lease obligations noted above, we have no significant purchase or operating commitments outside of commitments to deliver equipment and provide labor in the ordinary course of performing project work 
 
 
 
",item7_block_heading,True,,,
0001558370-18-000936,2,1,10001,108850,192239," ITEM 7. Management’s Discussion and Analysis of Financial Condition and Results of Operations 
 
 
 
 The following discussion and analysis should be read in conjunction with the Consolidated Financial Statements and related notes included elsewhere in this annual report on Form 10‐K. Also see “For","r insurance programs, will be renewed annually. 
 
 
 
 Other than the operating and capital lease obligations noted above, we have no significant purchase or operating commitments outside of commitments to deliver equipment and provide labor in the ordinary course of performing project work 
 
 
 
",item7_block_heading,True,,,
0001558370-19-000857,2,1,10391,115381,200776," ITEM 7. Management’s Discussion and Analysis of Financial Condition and Results of Operations 
 
 
 
 The following discussion and analysis should be read in conjunction with the Consolidated Financial Statements and related notes included elsewhere in this annual report on Form 10‐K. Also see “For"," the operating lease obligations noted above, we have no significant purchase or operating commitments outside of commitments to deliver equipment and provide labor in the ordinary course of performing project work. 
 
 
 
 
 
 
 
 

 
 

 39 

 

 
 
 
 
 

 
 

 Table of Contents 

 

 
 
 
 
 
 
",item7_block_heading,True,,,
0001558370-20-001491,2,1,9449,115163,185182," ITEM 7. Management’s Discussion and Analysis of Financial Condition and Results of Operations 
 The following discussion and analysis should be read in conjunction with the Consolidated Financial Statements and related notes included elsewhere in this annual report on Form 10-K. Also see “Forward-L","rams, will be renewed annually. 
 Other than the operating lease obligations noted above, we have no significant purchase or operating commitments outside of commitments to deliver equipment and provide labor in the ordinary course of performing project work. 
 
 
 40 
 
 
 
 
 Table of Contents 
 
",item7_block_heading,True,,,
0001558370-21-001828,2,1,10050,122500,197074," ITEM 7. Management’s Discussion and Analysis of Financial Condition and Results of Operations 
 The following discussion and analysis should be read in conjunction with the Consolidated Financial Statements and related notes included elsewhere in this annual report on Form 10-K. Also see “Forward-L","ming of cash outflows relating to these liabilities. 
 Other than the operating lease obligations discussed in Note 10 “Leases,” we have no significant purchase or operating commitments outside of commitments to deliver equipment and provide labor in the ordinary course of performing project work. 
",item7_block_heading,True,,,
0001558370-22-001753,2,1,9458,124430,195488," ITEM 7. Management’s Discussion and Analysis of Financial Condition and Results of Operations 
 The following discussion and analysis should be read in conjunction with the Consolidated Financial Statements and related notes included elsewhere in this annual report on Form 10-K. Also see “Forward-L","outflows related to the remaining $0.7 million of liabilities. 
 Other than the lease obligations discussed in Note 10 “Leases,” we have no significant purchase or operating commitments outside of commitments to deliver equipment and provide labor in the ordinary course of performing project work. 
",item7_block_heading,True,,,
0001558370-23-001757,2,1,7423,125552,183238," ITEM 7. Management’s Discussion and Analysis of Financial Condition and Results of Operations 
 The following discussion and analysis should be read in conjunction with the Consolidated Financial Statements and related notes included elsewhere in this annual report on Form 10-K. Also see “Forward-L","ates of the timing of cash flows related to these liabilities. 
 Other than the lease obligations discussed in Note 10 “Leases,” we have no significant purchase or operating commitments outside of commitments to deliver equipment and provide labor in the ordinary course of performing project work. 
",item7_block_heading,True,,,
0001558370-24-001529,2,1,7514,129209,186931," ITEM 7. Management’s Discussion and Analysis of Financial Condition and Results of Operations 
 The following discussion and analysis should be read in conjunction with the Consolidated Financial Statements and related notes included elsewhere in this annual report on Form 10-K. Also see “Forward-L","ates of the timing of cash flows related to these liabilities. 
 Other than the lease obligations discussed in Note 10 “Leases,” we have no significant purchase or operating commitments outside of commitments to deliver equipment and provide labor in the ordinary course of performing project work. 
",item7_block_heading,True,,,
0001558370-25-001222,2,1,6968,130674,184886," ITEM 7. Management’s Discussion and Analysis of Financial Condition and Results of Operations 
 The following discussion and analysis should be read in conjunction with the Consolidated Financial Statements and related notes included elsewhere in this annual report on Form 10-K. Also see “Forward-L","ates of the timing of cash flows related to these liabilities. 
 Other than the lease obligations discussed in Note 10 “Leases,” we have no significant purchase or operating commitments outside of commitments to deliver equipment and provide labor in the ordinary course of performing project work. 
",item7_block_heading,True,,,
0001104659-26-017530,2,1,7139,132064,187732," ITEM 7. Management’s Discussion and Analysis of Financial Condition and Results of Operations 
 The following discussion and analysis should be read in conjunction with the Consolidated Financial Statements and related notes included elsewhere in this Annual Report on Form 10-K. Also see “Forward-L","ies for uncertain tax positions, or unrecognized tax benefits. 
 Other than the lease obligations discussed in Note 10 “Leases,” we have no significant purchase or operating commitments outside of commitments to deliver equipment and provide labor in the ordinary course of performing project work. 
",item7_block_heading,True,,,
0000046619-16-000162,2,1,8048,93745,156006," ITEM 7. 
 
 MANAGEMENT’S DISCUSSION AND ANALYSIS OF FINANCIAL CONDITION AND RESULTS OF OPERATIONS 
 
 Overview 
 
 Our business is comprised of two operating segments, the Flight Support Group (“FSG”) and the Electronic Technologies Group (“ETG”). 
 
 The Flight Support Group consists of HEICO Aero","rially affect our financial results, see ITEM 1A, Risk Factors. We undertake no obligation to publicly update or revise any forward-looking statement, whether as a result of new information, future events or otherwise, except to the extent required by applicable law. 
 
 
 
 
 
 
 49 
 
 
 Index 
 
",item7_block_heading,True,,,
0000046619-17-000085,2,1,8325,98110,162368," ITEM 7. 
 
 MANAGEMENT’S DISCUSSION AND ANALYSIS OF FINANCIAL CONDITION AND RESULTS OF OPERATIONS 
 
 Overview 
 
 Our business is comprised of two operating segments, the Flight Support Group (“FSG”) and the Electronic Technologies Group (“ETG”). 
 
 The Flight Support Group consists of HEICO Aero","at potentially could materially affect our financial results, see ITEM 1A, Risk Factors. We undertake no obligation to publicly update or revise any forward-looking statement, whether as a result of new information, future events or otherwise, except to the extent required by applicable law. 
 
 
 
",item7_block_heading,True,,,
0000046619-18-000117,2,1,8547,96831,162098," ITEM 7. 
 
 MANAGEMENT’S DISCUSSION AND ANALYSIS OF FINANCIAL CONDITION AND RESULTS OF OPERATIONS 
 
 Overview 
 
 Our business is comprised of two operating segments, the Flight Support Group (“FSG”) and the Electronic Technologies Group (“ETG”). 
 
 The Flight Support Group consists of HEICO Aero","at potentially could materially affect our financial results, see ITEM 1A, Risk Factors. We undertake no obligation to publicly update or revise any forward-looking statement, whether as a result of new information, future events or otherwise, except to the extent required by applicable law. 
 
 
 
",item7_block_heading,True,,,
0000046619-19-000095,2,1,5657,93689,137680," ITEM 7. 
 
 MANAGEMENT’S DISCUSSION AND ANALYSIS OF FINANCIAL CONDITION AND RESULTS OF OPERATIONS 
 
 Overview 
 
 Our business is comprised of two operating segments, the Flight Support Group (“FSG”) and the Electronic Technologies Group (“ETG”). 
 
 The Flight Support Group consists of HEICO Aero","terially affect our financial results, see ITEM 1A, Risk Factors. We undertake no obligation to publicly update or revise any forward-looking statement, whether as a result of new information, future events or otherwise, except to the extent required by applicable law. 
 
 
 
 
 
 45 
 
 
 Index 
 
",item7_block_heading,True,,,
0000046619-20-000078,2,1,6543,98044,147432," ITEM 7. MANAGEMENT’S DISCUSSION AND ANALYSIS OF FINANCIAL CONDITION AND RESULTS OF OPERATIONS 
 
 Overview 
 
 Our business is comprised of two operating segments, the Flight Support Group (“FSG”) and the Electronic Technologies Group (“ETG”). 
 
 The FSG consists of HEICO Aerospace Holdings Corp. ","t potentially could materially affect our financial results, see ITEM 1A, Risk Factors . We undertake no obligation to publicly update or revise any forward-looking statement, whether as a result of new information, future events or otherwise, except to the extent required by applicable law. 
 
 
 
",item7_block_heading,True,,,
0000046619-21-000085,2,1,5861,95721,139301," ITEM 7. MANAGEMENT’S DISCUSSION AND ANALYSIS OF FINANCIAL CONDITION AND RESULTS OF OPERATIONS 
 
 Overview 
 
 Our business is comprised of two operating segments, the Flight Support Group (“FSG”) and the Electronic Technologies Group (“ETG”). 
 
 The FSG consists of HEICO Aerospace Holdings Corp. ","t potentially could materially affect our financial results, see ITEM 1A, Risk Factors . We undertake no obligation to publicly update or revise any forward-looking statement, whether as a result of new information, future events or otherwise, except to the extent required by applicable law. 
 
 
 
",item7_block_heading,True,,,
0000046619-22-000066,2,1,5791,98048,141337," ITEM 7. MANAGEMENT’S DISCUSSION AND ANALYSIS OF FINANCIAL CONDITION AND RESULTS OF OPERATIONS 
 
 Overview 
 
 Our business is comprised of two operating segments, the Flight Support Group (“FSG”) and the Electronic Technologies Group (“ETG”). 
 
 The FSG consists of HEICO Aerospace Holdings Corp. ","t potentially could materially affect our financial results, see ITEM 1A, Risk Factors . We undertake no obligation to publicly update or revise any forward-looking statement, whether as a result of new information, future events or otherwise, except to the extent required by applicable law. 
 
 
 
",item7_block_heading,True,,,
0000046619-23-000163,2,1,6830,98515,149809," ITEM 7. MANAGEMENT’S DISCUSSION AND ANALYSIS OF FINANCIAL CONDITION AND RESULTS OF OPERATIONS 
 
 Overview 
 
 Our business is comprised of two operating segments, the Flight Support Group (“FSG”) and the Electronic Technologies Group (“ETG”). 
 
 The FSG consists of HEICO Aerospace Holdings Corp. ","affect our financial results, see ITEM 1A, Risk Factors . We undertake no obligation to publicly update or revise any forward-looking statement, whether as a result of new information, future events or otherwise, except to the extent required by applicable law. 
 
 
 
 
 
 
 
 
 
 
 48 
 
 
 Index 
",item7_block_heading,True,,,
0000046619-24-000111,2,1,6237,101665,149218," ITEM 7. MANAGEMENT’S DISCUSSION AND ANALYSIS OF FINANCIAL CONDITION AND RESULTS OF OPERATIONS 
 
 Overview 
 
 Our business is comprised of two operating segments, the Flight Support Group (“FSG”) and the Electronic Technologies Group (“ETG”). 
 
 The FSG consists of HEICO Aerospace Holdings Corp. ","lly affect our financial results, see ITEM 1A, Risk Factors . We undertake no obligation to publicly update or revise any forward-looking statement, whether as a result of new information, future events or otherwise, except to the extent required by applicable law. 
 
 
 
 
 
 
 
 
 49 
 
 
 Index 
",item7_block_heading,True,,,
0000046619-25-000082,2,1,5902,104871,149872," ITEM 7. MANAGEMENT’S DISCUSSION AND ANALYSIS OF FINANCIAL CONDITION AND RESULTS OF OPERATIONS 
 
 Overview 
 
 Our business is comprised of two operating segments, the Flight Support Group (“FSG”) and the Electronic Technologies Group (“ETG”). 
 
 The FSG consists of HEICO Aerospace Holdings Corp. ","hat potentially could materially affect our financial results, see ITEM 1A, Risk Factors . We undertake no obligation to publicly update or revise any forward-looking statement, whether as a result of new information, future events or otherwise, except to the extent required by applicable law. 
 
 
",item7_block_heading,True,,,
0001585689-17-000038,2,1,13103,192035,302145," ITEM 7. Management's Discussion and Analysis of Financial Condition and Results of Operations 
 
 The following discussion and analysis of our financial condition and results of operations should be read in conjunction with our consolidated financial statements and related notes included elsewhere ","ant management estimates and assumptions. Refer to Note 20 : "" Share-Based Compensation "" in our consolidated financial statements for additional discussion. Any changes to these estimates will affect the amount of compensation expense we recognize with respect to future grants. 
 
 
 
 67 
 
 
 
 
",item7_block_heading,True,,,
0001585689-18-000033,2,1,9912,183588,261395," ITEM 7. Management's Discussion and Analysis of Financial Condition and Results of Operations 
 
 The following discussion and analysis of our financial condition and results of operations should be read in conjunction with our consolidated financial statements and related notes included elsewhere ","nse based on anticipated achievement percentages, which are based on internally-developed projections of future Adjusted EBITDA and free cash flow per share. Any changes to these estimates will affect the amount of share-based compensation expense we recognize in future periods. 
 
 
 
 58 
 
 
 
 
",item7_block_heading,True,,,
0001585689-19-000034,2,1,9243,182850,255995," ITEM 7. Management's Discussion and Analysis of Financial Condition and Results of Operations 
 
 The following discussion and analysis of our financial condition and results of operations should be read in conjunction with our consolidated financial statements and related notes included elsewhere ","not meet the definition of a VIE, we evaluate whether we have a controlling financial interest through our voting interest in the entity. Changes to judgments used in evaluating our partnerships and other investments could materially affect our consolidated financial statements. 
 
 
 
 56 
 
 
 
 
",item7_block_heading,True,,,
0001585689-20-000013,2,1,8404,184350,246163," ITEM 7. Management's Discussion and Analysis of Financial Condition and Results of Operations 
 
 The following discussion and analysis of our financial condition and results of operations should be read in conjunction with our consolidated financial statements and related notes included elsewhere "," not meet the definition of a VIE, we evaluate whether we have a controlling financial interest through our voting interests in the entity. Changes to judgments used in evaluating our partnerships and other investments could materially affect our consolidated financial statements. 
 
 
 
 
 58 
 
 
",item7_block_heading,True,,,
0001585689-21-000016,2,1,11277,213308,295980," ITEM 7. Management's Discussion and Analysis of Financial Condition and Results of Operations 
 
 The following discussion and analysis of our financial condition and results of operations should be read in conjunction with our consolidated financial statements and related notes included elsewhere ","es not meet the definition of a VIE, we evaluate whether we have a controlling financial interest through our voting interests in the entity. Changes to judgments used in evaluating our partnerships and other investments could materially affect our consolidated financial statements. 
 
 
 67 
 
 
 
",item7_block_heading,True,,,
0001585689-22-000013,2,1,11325,205858,288233," ITEM 7. Management's Discussion and Analysis of Financial Condition and Results of Operations 
 
 The following discussion and analysis of our financial condition and results of operations should be read in conjunction with our consolidated financial statements and related notes included elsewhere "," the degree of probability of an unfavorable outcome and the ability to make a reasonable estimate of the amount of loss in determining whether an accrual of an estimated loss is appropriate. Changes in these factors could materially affect our consolidated financial statements. 
 
 
 
 
 64 
 
 
 
",item7_block_heading,True,,,
0001585689-23-000036,2,1,9585,200194,269595," ITEM 7. Management's Discussion and Analysis of Financial Condition and Results of Operations 
 
 The following discussion and analysis of our financial condition and results of operations should be read in conjunction with our consolidated financial statements and related notes included elsewhere "," the degree of probability of an unfavorable outcome and the ability to make a reasonable estimate of the amount of loss in determining whether an accrual of an estimated loss is appropriate. Changes in these factors could materially affect our consolidated financial statements. 
 
 
 
 
 61 
 
 
 
",item7_block_heading,True,,,
0001585689-24-000027,2,1,9636,196030,265998," ITEM 7. Management's Discussion and Analysis of Financial Condition and Results of Operations 
 
 The following discussion and analysis of our financial condition and results of operations should be read in conjunction with our consolidated financial statements and related notes included elsewhere ","s, the degree of probability of an unfavorable outcome and the ability to make a reasonable estimate of the amount of loss in determining whether an accrual of an estimated loss is appropriate. Changes in these factors could materially affect our consolidated financial statements. 
 
 
 
 59 
 
 
 
",item7_block_heading,True,,,
0001585689-25-000008,2,1,9731,176495,247448," ITEM 7. Management's Discussion and Analysis of Financial Condition and Results of Operations 
 
 The following discussion and analysis of our financial condition and results of operations should be read in conjunction with our consolidated financial statements and related notes included elsewhere ","s, the degree of probability of an unfavorable outcome and the ability to make a reasonable estimate of the amount of loss in determining whether an accrual of an estimated loss is appropriate. Changes in these factors could materially affect our consolidated financial statements. 
 
 
 
 55 
 
 
 
",item7_block_heading,True,,,
0001585689-26-000007,2,1,8633,166383,229688," ITEM 7. Management's Discussion and Analysis of Financial Condition and Results of Operations 
 
 The following discussion and analysis of our financial condition and results of operations should be read in conjunction with our consolidated financial statements and related notes included elsewhere ","s, the degree of probability of an unfavorable outcome and the ability to make a reasonable estimate of the amount of loss in determining whether an accrual of an estimated loss is appropriate. Changes in these factors could materially affect our consolidated financial statements. 
 
 
 
 51 
 
 
 
",item7_block_heading,True,,,
0000047217-16-000093,2,1,11118,144913,228933," ITEM 7. Management’s Discussion and Analysis of Financial Condition and Results of Operations. 
 This Management’s Discussion and Analysis of Financial Condition and Results of Operations (“MD&A”) is organized as follows: 
 
 
 
 
 
 
 • 
 
 HP Inc. Separation Transaction. A discussion of the separ","e the working capital requirements of certain customers. For more information on our third-party short-term financing arrangements, see Note 8 “Balance Sheet Details” to the Consolidated Financial Statements in ITEM 8, which is incorporated herein by reference. 
 
 
 49 
 
 
 Table of contents 
 
 
",item7_block_heading,True,,,
0000047217-17-000043,2,1,10563,146322,226987," ITEM 7. Management’s Discussion and Analysis of Financial Condition and Results of Operations. 
 This Management’s Discussion and Analysis of Financial Condition and Results of Operations (“MD&A”) is organized as follows: 
 
 
 
 
 
 
 • 
 
 HP Inc. Separation Transaction. A discussion of the separ","capital requirements of certain customers. For more information on our third-party short-term financing arrangements, see Note 7 “Supplementary Financial Information” to the Consolidated Financial Statements in ITEM 8, which is incorporated herein by reference. 
 
 
 50 
 
 
 Table of contents 
 
 
",item7_block_heading,True,,,
0000047217-18-000052,2,1,11087,143786,227929," ITEM 7. Management’s Discussion and Analysis of Financial Condition and Results of Operations. 
 This Management’s Discussion and Analysis of Financial Condition and Results of Operations (“MD&A”) is organized as follows: 
 
 
 
 
 
 • 
 
 Overview. A discussion of our business and other highlights","ilitate the working capital requirements of certain customers. For more information on our third-party short-term financing arrangements, see Note 7 “Supplementary Financial Information” to the Consolidated Financial Statements in ITEM 8, which is incorporated herein by reference. 
 
 
 48 
 
 
 
 
",item7_block_heading,True,,,
0000047217-19-000071,2,1,10571,151734,231409," ITEM 7. Management’s Discussion and Analysis of Financial Condition and Results of Operations. 
 This Management’s Discussion and Analysis of Financial Condition and Results of Operations (“MD&A”) is organized as follows: 
 
 
 
 
 
 • 
 
 Overview. A discussion of our business and other highlights","ilitate the working capital requirements of certain customers. For more information on our third-party short-term financing arrangements, see Note 7 “Supplementary Financial Information” to the Consolidated Financial Statements in ITEM 8, which is incorporated herein by reference. 
 
 
 48 
 
 
 
 
",item7_block_heading,True,,,
0000047217-20-000045,2,1,11309,158601,240989," ITEM 7. Management’s Discussion and Analysis of Financial Condition and Results of Operations. 
 This Management’s Discussion and Analysis of Financial Condition and Results of Operations (“MD&A”) is organized as follows: 
 • Overview. A discussion of our business and other highlights affecting the","ing capital requirements of certain customers. For more information on our third-party short-term financing arrangements, see Note 7 “Supplementary Financial Information” to the Consolidated Financial Statements in ITEM 8, which is incorporated herein by reference. 
 
 
 50 
 
 
 Table of Contents 
",item7_block_heading,True,,,
0000047217-21-000060,2,1,9659,155164,226094," ITEM 7. Management’s Discussion and Analysis of Financial Condition and Results of Operations. 
 This Management’s Discussion and Analysis of Financial Condition and Results of Operations (“MD&A”) is organized as follows: 
 • Overview. A discussion of our business and other highlights affecting the","ing capital requirements of certain customers. For more information on our third-party short-term financing arrangements, see Note 7 “Supplementary Financial Information” to the Consolidated Financial Statements in ITEM 8, which is incorporated herein by reference. 
 
 
 47 
 
 
 Table of Contents 
",item7_block_heading,True,,,
0000047217-22-000068,2,1,10493,148595,225856," ITEM 7. Management’s Discussion and Analysis of Financial Condition and Results of Operations. 
 This Management’s Discussion and Analysis of Financial Condition and Results of Operations (“MD&A”) is organized as follows: 
 • Overview. A discussion of our business and other highlights affecting the","ital requirements of certain customers and HP. For more information on our third-party short-term financing arrangements, see Note 7 “Supplementary Financial Information” to the Consolidated Financial Statements in ITEM 8, which is incorporated herein by reference. 
 
 
 51 
 
 
 Table of Contents 
",item7_block_heading,True,,,
0000047217-23-000100,2,1,7474,156181,212499," ITEM 7. Management’s Discussion and Analysis of Financial Condition and Results of Operations. 
 The discussion of financial condition and results of our operations that follows provides information that will assist the reader in understanding our Consolidated Financial Statements, the changes in c","ital requirements of certain customers and HP. For more information on our third-party short-term financing arrangements, see Note 7 “Supplementary Financial Information” to the Consolidated Financial Statements in ITEM 8, which is incorporated herein by reference. 
 
 
 46 
 
 
 Table of Contents 
",item7_block_heading,True,,,
0000047217-24-000080,2,1,6448,154512,204188," ITEM 7. Management’s Discussion and Analysis of Financial Condition and Results of Operations. 
 The discussion of financial condition and results of our operations that follows provides information that will assist the reader in understanding our Consolidated Financial Statements, the changes in c","ital requirements of certain customers and HP. For more information on our third-party short-term financing arrangements, see Note 7 “Supplementary Financial Information” to the Consolidated Financial Statements in ITEM 8, which is incorporated herein by reference. 
 
 
 47 
 
 
 Table of Contents 
",item7_block_heading,True,,,
0000047217-25-000071,2,1,6198,155605,203428," ITEM 7. Management’s Discussion and Analysis of Financial Condition and Results of Operations. 
 The discussion of financial condition and results of our operations that follows provides information that will assist the reader in understanding our Consolidated Financial Statements, the changes in c","ital requirements of certain customers and HP. For more information on our third-party short-term financing arrangements, see Note 7 “Supplementary Financial Information” to the Consolidated Financial Statements in ITEM 8, which is incorporated herein by reference. 
 
 
 44 
 
 
 Table of Contents 
",item7_block_heading,True,,,
0001628280-17-001423,2,1,11157,63989,152228," ITEM 7 Management’s Discussion and Analysis of Financial Condition and Results of Operations 
 
 
 Executive Overview of the Business 
 
 
 
 
 
 
 
 
 
 
 
 
 The Company is primarily engaged in the design, manufacture and sale of quality electrical and electronic products for a broad range of non","ances and actual results, developments and business decisions may differ from those contemplated by such forward-looking statements. The Company disclaims any duty to update any forward-looking statement, all of which are expressly qualified by the foregoing, other than as required by law. 
 
 
 
 
",item7_block_heading,True,,,
0001628280-18-001740,2,1,12694,69851,169568," ITEM 7 Management’s Discussion and Analysis of Financial Condition and Results of Operations 
 
 
 Executive Overview of the Business 
 
 
 
 
 
 
 
 
 
 
 
 
 The Company is primarily engaged in the design, manufacture and sale of quality electrical and electronic products for a broad range of non","and actual results, developments and business decisions may differ from those contemplated by such forward-looking statements. The Company disclaims any duty to update any forward-looking statement, all of which are expressly qualified by the foregoing, other than as required by law. 
 
 
 
 
 
 
 
",item7_block_heading,True,,,
0001628280-19-001446,2,1,11204,73649,161436," ITEM 7 Management’s Discussion and Analysis of Financial Condition and Results of Operations 
 
 
 Executive Overview of the Business 
 
 
 
 
 
 
 
 
 
 
 
 
 The Company is primarily engaged in the design, manufacture and sale of quality electrical and electronic products for a broad range of non","and actual results, developments and business decisions may differ from those contemplated by such forward-looking statements. The Company disclaims any duty to update any forward-looking statement, all of which are expressly qualified by the foregoing, other than as required by law. 
 
 
 
 
 
 
 
",item7_block_heading,True,,,
0001628280-20-001557,2,1,11141,75445,163537," ITEM 7 Management’s Discussion and Analysis of Financial Condition and Results of Operations 
 
 
 Executive Overview of the Business 
 
 
 
 
 
 
 
 
 
 
 
 
 The Company is primarily engaged in the design, manufacture and sale of quality electrical and electronic products for a broad range of non","and actual results, developments and business decisions may differ from those contemplated by such forward-looking statements. The Company disclaims any duty to update any forward-looking statement, all of which are expressly qualified by the foregoing, other than as required by law. 
 
 
 
 
 
 
 
",item7_block_heading,True,,,
0001628280-21-001868,2,1,12198,81346,174993," ITEM 7 Management’s Discussion and Analysis of Financial Condition and Results of Operations 
 
 
 Executive Overview of the Business 
 
 
 
 
 
 
 
 
 Hubbell is a global manufacturer of quality electrical products and utility solutions for a broad range of customer and end market applications. Th","ances and actual results, developments and business decisions may differ from those contemplated by such forward-looking statements. The Company disclaims any duty to update any forward-looking statement, all of which are expressly qualified by the foregoing, other than as required by law. 
 
 
 
 
",item7_block_heading,True,,,
0001628280-22-002255,2,1,13418,73465,177114," ITEM 7 Management’s Discussion and Analysis of Financial Condition and Results of Operations 
 
 
 Executive Overview of the Business 
 
 
 
 
 
 
 
 Hubbell is a global manufacturer of quality electrical products and utility solutions for a broad range of customer and end market applications. We p","ances and actual results, developments and business decisions may differ from those contemplated by such forward-looking statements. The Company disclaims any duty to update any forward-looking statement, all of which are expressly qualified by the foregoing, other than as required by law. 
 
 
 
 
",item7_block_heading,True,,,
0001628280-23-002875,2,1,10792,71857,154914," ITEM 7 Management’s Discussion and Analysis of Financial Condition and Results of Operations 
 
 
 The following discussion should be read in conjunction with the consolidated financial statements and accompanying notes included in Part II, ITEM 8 of this Annual Report on Form 10-K. This section of","rmances and actual results, developments and business decisions may differ from those contemplated by such forward-looking statements. The Company disclaims any duty to update any forward-looking statement, all of which are expressly qualified by the foregoing, other than as required by law. 
 
 
 
",item7_block_heading,True,,,
0001628280-24-003792,2,1,11239,74081,160021," ITEM 7 Management’s Discussion and Analysis of Financial Condition and Results of Operations 
 
 
 The following discussion should be read in conjunction with the consolidated financial statements and accompanying notes included in Part II, ITEM 8 of this Annual Report on Form 10-K. This section of","rmances and actual results, developments and business decisions may differ from those contemplated by such forward-looking statements. The Company disclaims any duty to update any forward-looking statement, all of which are expressly qualified by the foregoing, other than as required by law. 
 
 
 
",item7_block_heading,True,,,
0001628280-25-005311,2,1,10816,76671,159386," ITEM 7 Management’s Discussion and Analysis of Financial Condition and Results of Operations 
 
 
 The following discussion should be read in conjunction with the consolidated financial statements and accompanying notes included in Part II, ITEM 8 of this Annual Report on Form 10-K. This section of","rmances and actual results, developments and business decisions may differ from those contemplated by such forward-looking statements. The Company disclaims any duty to update any forward-looking statement, all of which are expressly qualified by the foregoing, other than as required by law. 
 
 
 
",item7_block_heading,True,,,
0001628280-26-007500,2,1,12129,76299,170253," ITEM 7 Management’s Discussion and Analysis of Financial Condition and Results of Operations 
 
 
 The following discussion should be read in conjunction with the consolidated financial statements and accompanying notes included in Part II, ITEM 8 of this Annual Report on Form 10-K. This section of","rmances and actual results, developments and business decisions may differ from those contemplated by such forward-looking statements. The Company disclaims any duty to update any forward-looking statement, all of which are expressly qualified by the foregoing, other than as required by law. 
 
 
 
",item7_block_heading,True,,,
0000874716-17-000004,2,1,22128,148655,379232," ITEM 7. MANAGEMENT’S DISCUSSION AND ANALYSIS OF FINANCIAL CONDITION AND RESULTS OF OPERATIONS 
 
 
 
 
 
 
 
 
 
 
 
 The following discussion and analysis of our financial condition and results of operations should be read in conjunction with our consolidated financial statements and related notes","ain. Refer to Note 12 of the consolidated financial statements for the year ended December 31, 2016, included in this Annual Report on Form 10-K for additional discussion of unrecognized tax benefits. 
 
 
 
 
 
 
 
 
 
 
 
 
 
 
 

 
 
 
 

 
 

 71 

 

 
 

 

 

 
 
 

 
 

 

 

 
 

 

 

 
 
",item7_block_heading,True,,,
0000874716-18-000005,2,1,20801,164217,387954," ITEM 7. MANAGEMENT’S DISCUSSION AND ANALYSIS OF FINANCIAL CONDITION AND RESULTS OF OPERATIONS 
 
 
 
 
 
 
 
 
 
 
 
 The following discussion and analysis of our financial condition and results of operations should be read in conjunction with our consolidated financial statements and related notes","t the fair value of these agreements is minimal. Accordingly, we did not record any liabilities for these obligations at December 31, 201 7 and 201 6, and do not anticipate any future payments for these guarantees . 
 
 
 
 
 
 
 
 
 
 
 
 

 
 

 81 

 

 
 

 

 

 
 
 

 
 

 

 

 
 

 

 

 
 
",item7_block_heading,True,,,
0000874716-19-000004,2,1,19086,145666,308185," ITEM 7. MANAGEMENT’S DISCUSSION AND ANALYSIS OF FINANCIAL CONDITION AND RESULTS OF OPERATIONS 
 
 The following discussion and analysis of our financial condition and results of operations should be read in conjunction with our consolidated financial statements and related notes appearing elsewhere"," on our analysis of the nature of the risks involved, we believe that the fair value of these agreements is minimal. Accordingly, we did not record any liabilities for these obligations at December 31, 2018 and 2017 , and do not anticipate any future payments for these guarantees. 
 
 
 71 
 
 
 
 
",item7_block_heading,True,,,
0000874716-20-000006,2,1,15051,152769,273897," ITEM 7. MANAGEMENT’S DISCUSSION AND ANALYSIS OF FINANCIAL CONDITION AND RESULTS OF OPERATIONS 
 
 The following discussion and analysis of our financial condition and results of operations should be read in conjunction with the consolidated financial statements and related notes appearing elsewhere"," on our analysis of the nature of the risks involved, we believe that the fair value of these agreements is minimal. Accordingly, we did not record any liabilities for these obligations at December 31, 2019 and 2018 , and do not anticipate any future payments for these guarantees. 
 
 
 64 
 
 
 
 
",item7_block_heading,True,,,
0000874716-21-000008,2,1,14417,148736,260583," ITEM 7. MANAGEMENT’S DISCUSSION AND ANALYSIS OF FINANCIAL CONDITION AND RESULTS OF OPERATIONS 
 
 The following discussion and analysis of our financial condition and results of operations should be read in conjunction with the consolidated financial statements and related notes appearing elsewhere","atriation tax resulting from the Tax Cut and Jobs Act of 2017 is $23.2 million, which is expected to be paid in installments through 2025. For information on our unrecognized tax benefits, see ""Part II, ITEM 8. Financial Statements and Supplementary Data, Note 14. Income Taxes"". 
 
 
 
 
 58 
 
 
 
",item7_block_heading,True,,,
0000874716-22-000007,2,1,14313,153169,262420," ITEM 7. MANAGEMENT’S DISCUSSION AND ANALYSIS OF FINANCIAL CONDITION AND RESULTS OF OPERATIONS 
 
 The following discussion and analysis of our financial condition and results of operations should be read in conjunction with the consolidated financial statements and related notes appearing elsewhere","ur remaining overpayment and we will be required to remit the balance due on the installment. Our final installment will be paid in 2025. For information on our unrecognized tax benefits, refer to ""Part II, ITEM 8. Financial Statements and Supplementary Data, Note 14. Income Taxes"". 
 
 
 57 
 
 
 
",item7_block_heading,True,,,
0000874716-23-000006,2,1,12789,158232,257281," ITEM 7. MANAGEMENT’S DISCUSSION AND ANALYSIS OF FINANCIAL CONDITION AND RESULTS OF OPERATIONS 
 
 The following discussion and analysis of our financial condition and results of operations should be read in conjunction with the consolidated financial statements and related notes appearing elsewhere","enefits, refer to “Part II, ITEM 8. Financial Statements and Supplementary Data, Note 14. Income Taxes.” 
 
 During the first quarter of 2023, we paid the $15.0 million milestone payment associated with an arrangement to license intellectual property, which was expensed in 2022. 
 
 
 
 55 
 
 
 
 
",item7_block_heading,True,,,
0000874716-24-000057,2,1,11470,173302,263703," ITEM 7. MANAGEMENT’S DISCUSSION AND ANALYSIS OF FINANCIAL CONDITION AND RESULTS OF OPERATIONS 
 
 The following discussion and analysis of our financial condition and results of operations should be read in conjunction with the consolidated financial statements and related notes appearing elsewhere","ur remaining overpayment and payment was remitted for the balance due on the installment. Our final installment will be paid in 2025. For information on our unrecognized tax benefits, refer to “Part II, ITEM 8. Financial Statements and Supplementary Data, Note 14. Income Taxes.” 
 
 
 
 60 
 
 
 
 
",item7_block_heading,True,,,
0000874716-25-000037,2,1,11121,178649,266737," ITEM 7. MANAGEMENT’S DISCUSSION AND ANALYSIS OF FINANCIAL CONDITION AND RESULTS OF OPERATIONS 
 
 The following discussion and analysis of our financial condition and results of operations should be read in conjunction with the consolidated financial statements and related notes appearing elsewhere"," remaining obligation associated with the deemed repatriation tax resulting from the Tax Cuts and Jobs Act of 2017 for $21.8 million. For information on our unrecognized tax benefits, refer to “Part II, ITEM 8. Financial Statements and Supplementary Data, Note 14. Income Taxes.” 
 
 
 
 60 
 
 
 
 
",item7_block_heading,True,,,
0000874716-26-000038,2,1,10823,177611,263159," ITEM 7. MANAGEMENT’S DISCUSSION AND ANALYSIS OF FINANCIAL CONDITION AND RESULTS OF OPERATIONS 
 
 The following discussion and analysis of our financial condition and results of operations should be read in conjunction with the consolidated financial statements and related notes appearing elsewhere","on our analysis of the nature of the risks involved, we believe that the fair value of these agreements is minimal. Accordingly, we did not record any liabilities for these obligations as of December 31, 2025, and 2024, and do not anticipate any future payments for these guarantees. 
 
 
 57 
 
 
 
",item7_block_heading,True,,,
0001193125-17-046709,1,1,12618,208354,315640," ITEM 7. Management's Discussion and Analysis of Financial Condition and
Results of Operations 
 You should read the following discussion and analysis of our financial condition and results of operations
together with our consolidated financial statements and the related notes included elsewhere in ","other expense (income), net. 
 
 
 78 


 
 
 
 Table of Contents 

 
 Recently Issued Accounting Standards 
 
 Information relating to recently issued accounting standards is included in Note 1 to our audited consolidated financial statements included
elsewhere in this Annual Report on Form 10-K. 
",item7_block_heading,True,,,
0001564590-18-002340,1,1,12239,212879,315133," ITEM 7. Management’s Discussion and Analysis of Financial Condition and Results of Operations 
 
 You should read the following discussion and analysis of our financial condition and results of operations together with our consolidated financial statements and the related notes included elsewhere i","ents are recognized in other expense (income), net. 
 
 Recently Issued Accounting Standards 
 
 Information relating to recently issued accounting standards is included in Note 1 to our audited consolidated financial statements included elsewhere in this Annual Report on Form 10-K. 
 
 67 
 
 
 
 
",item7_block_heading,True,,,
0001564590-19-003180,1,1,11384,205485,302169," ITEM 7. Management’s Discussion and Analysis of Financial Condition and Results of Operations 
 
 You should read the following discussion and analysis of our financial condition and results of operations together with our consolidated financial statements and the related notes included elsewhere i","ction adjustments are recognized in other expense (income), net. 
 
 Recently Issued Accounting Standards 
 
 Information relating to recently issued accounting standards is included in Note 1 to our audited consolidated financial statements included elsewhere in this Annual Report on Form 10-K. 
 
",item7_block_heading,True,,,
0001564590-20-004901,1,1,6277,194214,253919," ITEM 7. Management’s Discussion and Analysis of Financial Condition and Results of Operations 
 
 You should read the following discussion and analysis of our financial condition and results of operations together with our consolidated financial statements and the related notes included elsewhere i","ement health care and life insurance benefit plans. 
 
 Recently Issued Accounting Standards 
 
 Information relating to recently issued accounting standards is included in Note 1 to our audited consolidated financial statements included elsewhere in this Annual Report on Form 10-K. 
 
 53 
 
 
 
 
",item7_block_heading,True,,,
0001478242-21-000020,1,1,6508,205568,257691," ITEM 7. Management’s Discussion and Analysis of Financial Condition and Results of Operations 
 
 You should read the following discussion and analysis of our financial condition and results of operations together with our consolidated financial statements and the related notes included elsewhere i","r postretirement health care and life insurance benefit plans. 
 
 Recently Issued Accounting Standards 
 
 Information relating to recently issued accounting standards is included in Note 1 to our audited consolidated financial statements included elsewhere in this Annual Report on Form 10-K. 
 
 
",item7_block_heading,True,,,
0001478242-22-000041,1,1,6563,209731,262623," ITEM 7. Management’s Discussion and Analysis of Financial Condition and Results of Operations 
 
 You should read the following discussion and analysis of our financial condition and results of operations together with our consolidated financial statements and the related notes included elsewhere i","r postretirement health care and life insurance benefit plans. 
 
 Recently Issued Accounting Standards 
 
 Information relating to recently issued accounting standards is included in Note 1 to our audited consolidated financial statements included elsewhere in this Annual Report on Form 10-K. 
 
 
",item7_block_heading,True,,,
0001478242-23-000044,1,1,6308,209932,261337," ITEM 7. Management’s Discussion and Analysis of Financial Condition and Results of Operations 
 
 You should read the following discussion and analysis of our financial condition and results of operations together with our consolidated financial statements and the related notes included elsewhere i","ent health care and life insurance benefit plans. 
 
 Recently Issued Accounting Standards 
 
 Information relating to recently issued accounting standards is included in Note 1 to our audited consolidated financial statements included elsewhere in this Annual Report on Form 10-K. 
 
 
 
 59 
 
 
 
",item7_block_heading,True,,,
0001478242-24-000038,1,1,8046,220685,284399," ITEM 7. Management’s Discussion and Analysis of Financial Condition and Results of Operations 
 
 You should read the following discussion and analysis of our financial condition and results of operations together with our consolidated financial statements and the related notes included elsewhere i","onversion rate and the assumed rate of compensation increases. 
 
 Recently Issued Accounting Standards 
 
 Information relating to recently issued accounting standards is included in Note 1 to our audited consolidated financial statements included elsewhere in this Annual Report on Form 10-K. 
 
 
",item7_block_heading,True,,,
0001478242-25-000045,1,1,7293,223556,282088," ITEM 7. Management’s Discussion and Analysis of Financial Condition and Results of Operations 
 
 You should read the following discussion and analysis of our financial condition and results of operations together with our consolidated financial statements and the related notes included elsewhere i","onversion rate and the assumed rate of compensation increases. 
 
 Recently Issued Accounting Standards 
 
 Information relating to recently issued accounting standards is included in Note 1 to our audited consolidated financial statements included elsewhere in this Annual Report on Form 10-K. 
 
 
",item7_block_heading,True,,,
0001628280-26-008322,1,1,7658,224791,286144," ITEM 7. Management’s Discussion and Analysis of Financial Condition and Results of Operations 
 
 You should read the following discussion and analysis of our financial condition and results of operations together with our consolidated financial statements and the related notes included elsewhere i","e and the assumed rate of compensation increases. 
 
 Recently Issued Accounting Standards 
 
 Information relating to recently issued accounting standards is included in Note 1 to our audited consolidated financial statements included elsewhere in this Annual Report on Form 10-K. 
 
 
 
 64 
 
 
 
",item7_block_heading,True,,,
0000049826-17-000022,2,1,10170,67519,160338," ITEM 7. Management's Discussion and Analysis of Financial Condition and Results of Operations 
 
 
 INTRODUCTION 
 
 Illinois Tool Works Inc. (the ""Company"" or ""ITW"") is a global manufacturer of a diversified range of industrial products and equipment with 85 divisions in 57 countries. As of Decemb","tirement benefit costs are expected to be consistent with 2016. See Note 9. Pension and Other Postretirement Benefits in ITEM 8. 
 
 
 39 
 
 
 
 Financial Statements and Supplementary Data for information on the Company's pension and other postretirement benefit plans and related assumptions. 
 
 
",item7_block_heading,True,,,
0000049826-18-000017,2,1,10531,70990,166166," ITEM 7. Management's Discussion and Analysis of Financial Condition and Results of Operations 
 
 
 INTRODUCTION 
 
 Illinois Tool Works Inc. (the ""Company"" or ""ITW"") is a global manufacturer of a diversified range of industrial products and equipment with 85 divisions in 56 countries. As of Decemb","on plan assets is based on historical and expected long-term returns for similar investment allocations among asset classes. For the U.S. primary pension plan, a 25 basis point decrease in the expected return on plan assets would increase the annual pension expense by approximately $4 million. 
 
 
",item7_block_heading,True,,,
0000049826-19-000021,2,1,10408,63610,157768," ITEM 7. Management's Discussion and Analysis of Financial Condition and Results of Operations 
 
 
 INTRODUCTION 
 
 Illinois Tool Works Inc. (the ""Company"" or ""ITW"") is a global manufacturer of a diversified range of industrial products and equipment with 87 divisions in 55 countries. As of Decemb","on plan assets is based on historical and expected long-term returns for similar investment allocations among asset classes. For the U.S. primary pension plan, a 25 basis point decrease in the expected return on plan assets would increase the annual pension expense by approximately $4 million. 
 
 
",item7_block_heading,True,,,
0000049826-20-000020,2,1,9554,63381,152432," ITEM 7. Management's Discussion and Analysis of Financial Condition and Results of Operations 
 
 
 INTRODUCTION 
 
 Illinois Tool Works Inc. (the ""Company"" or ""ITW"") is a global manufacturer of a diversified range of industrial products and equipment with 84 divisions in 53 countries. As of Decemb","on plan assets is based on historical and expected long-term returns for similar investment allocations among asset classes. For the U.S. primary pension plan, a 25 basis point decrease in the expected return on plan assets would increase the annual pension expense by approximately $4 million. 
 
 
",item7_block_heading,True,,,
0000049826-21-000007,2,1,10278,72951,160100," ITEM 7. Management's Discussion and Analysis of Financial Condition and Results of Operations 
 
 
 INTRODUCTION 
 
 Illinois Tool Works Inc. (the ""Company"" or ""ITW"") is a global manufacturer of a diversified range of industrial products and equipment with 83 divisions in 52 countries. As of Decemb","on plan assets is based on historical and expected long-term returns for similar investment allocations among asset classes. For the U.S. primary pension plan, a 25 basis point decrease in the expected return on plan assets would increase the annual pension expense by approximately $4 million. 
 
 
",item7_block_heading,True,,,
0000049826-22-000006,2,1,10779,71578,162121," ITEM 7. Management's Discussion and Analysis of Financial Condition and Results of Operations 
 
 
 INTRODUCTION 
 
 Illinois Tool Works Inc. (the ""Company"" or ""ITW"") is a global manufacturer of a diversified range of industrial products and equipment with 83 divisions in 52 countries. As of Decemb","on plan assets is based on historical and expected long-term returns for similar investment allocations among asset classes. For the U.S. primary pension plan, a 25 basis point decrease in the expected return on plan assets would increase the annual pension expense by approximately $4 million. 
 
 
",item7_block_heading,True,,,
0000049826-23-000008,2,1,11324,70174,164885," ITEM 7. Management's Discussion and Analysis of Financial Condition and Results of Operations 
 
 
 INTRODUCTION 
 
 Illinois Tool Works Inc. (the ""Company"" or ""ITW"") is a global manufacturer of a diversified range of industrial products and equipment with 84 divisions in 51 countries. As of Decemb"," is based on historical and expected long-term returns for similar investment allocations among asset classes. For the U.S. primary pension plan, a 25 basis point decrease in the expected return on plan assets would increase the annual pension expense by approximately $4 million . 
 
 
 
 41 
 
 
 
",item7_block_heading,True,,,
0000049826-24-000008,2,1,11660,70868,168721," ITEM 7. Management's Discussion and Analysis of Financial Condition and Results of Operations 
 
 
 INTRODUCTION 
 
 Illinois Tool Works Inc. (the ""Company"" or ""ITW"") is a global manufacturer of a diversified range of industrial products and equipment with 84 divisions in 51 countries. As of Decemb","n plan assets is based on historical and expected long-term returns for similar investment allocations among asset classes. For the U.S. primary pension plan, a 25 basis point decrease in the expected return on plan assets would increase the annual pension expense by approximately $4 million . 
 
 
",item7_block_heading,True,,,
0000049826-25-000007,2,1,11974,71480,171500," ITEM 7. Management's Discussion and Analysis of Financial Condition and Results of Operations 
 
 
 INTRODUCTION 
 
 Illinois Tool Works Inc. (the ""Company"" or ""ITW"") is a global manufacturer of a diversified range of industrial products and equipment with 86 divisions in 51 countries. As of Decemb"," is based on historical and expected long-term returns for similar investment allocations among asset classes. For the U.S. primary pension plan, a 25 basis point decrease in the expected return on plan assets would increase the annual pension expense by approximately $3 million . 
 
 
 
 42 
 
 
 
",item7_block_heading,True,,,
0000049826-26-000008,2,1,11625,70326,168050," ITEM 7. Management's Discussion and Analysis of Financial Condition and Results of Operations 
 
 
 INTRODUCTION 
 
 Illinois Tool Works Inc. (the ""Company"" or ""ITW"") is a global manufacturer of a diversified range of industrial products and equipment with 88 divisions in 49 countries. As of Decemb","s is based on historical and expected long-term returns for similar investment allocations among asset classes. For the U.S. primary pension plan, a 25 basis point decrease in the expected return on plan assets would increase the annual pension expense by approximately $3 million. 
 
 
 
 42 
 
 
 
",item7_block_heading,True,,,
0001601046-16-000077,2,1,10590,139367,221317," ITEM 7. Management's Discussion and Analysis of Financial Condition and Results of Operations 
 
 You should read the following discussion in conjunction with the combined and consolidated financial statements and notes thereto included elsewhere in this Annual Report on Form 10-K. This Management'"," results after our separation from Agilent may be materially different than those periods prior to the Separation. 
 
 New Accounting Standards 
 See Note 2, ""New Accounting Pronouncements,"" to the combined and consolidated financial statements for a description of new accounting pronouncements. 
 
",item7_block_heading,True,,,
0001601046-17-000033,2,1,11536,157403,246527," ITEM 7. Management's Discussion and Analysis of Financial Condition and Results of Operations 
 
 You should read the following discussion in conjunction with the consolidated financial statements and notes thereto included elsewhere in this Annual Report on Form 10-K. This Management's Discussion ","alties related to unrecognized tax benefits within the provision for income taxes in the consolidated statements of operations. 
 
 New Accounting Standards 
 See Note 2, ""New Accounting Pronouncements,"" to the consolidated financial statements for a description of new accounting pronouncements. 
 
",item7_block_heading,True,,,
0001601046-18-000030,2,1,12053,150748,244059," ITEM 7. Management's Discussion and Analysis of Financial Condition and Results of Operations 
 
 The following discussion should be read in conjunction with the consolidated financial statements and notes thereto included elsewhere in this Annual Report on Form 10-K. This report contains forward-l","alties related to unrecognized tax benefits within the provision for income taxes in the consolidated statements of operations. 
 
 New Accounting Standards 
 See Note 2, ""New Accounting Pronouncements,"" to the consolidated financial statements for a description of new accounting pronouncements. 
 
",item7_block_heading,True,,,
0001601046-19-000110,2,1,11159,142710,228989," ITEM 7. Management's Discussion and Analysis of Financial Condition and Results of Operations 
 
 The following discussion should be read in conjunction with the consolidated financial statements and notes thereto included elsewhere in this Annual Report on Form 10-K. This report contains forward-l","alties related to unrecognized tax benefits within the provision for income taxes in the consolidated statements of operations. 
 
 New Accounting Standards 
 See Note 2, ""New Accounting Pronouncements,"" to the consolidated financial statements for a description of new accounting pronouncements. 
 
",item7_block_heading,True,,,
0001601046-20-000154,2,1,11365,160853,246908," ITEM 7. Management's Discussion and Analysis of Financial Condition and Results of Operations 
 
 The following discussion should be read in conjunction with the consolidated financial statements and notes thereto included elsewhere in this Annual Report on Form 10-K. This report contains forward-l","x benefits within the provision for income taxes in the consolidated statements of operations. 
 
 New Accounting Standards 
 See Note 2, ""New Accounting Pronouncements,"" to the consolidated financial statements for a description of new accounting pronouncements. 
 
 
 48 
 
 
 Table of Contents 
 
",item7_block_heading,True,,,
0001601046-21-000197,2,1,10370,169250,247028," ITEM 7. Management's Discussion and Analysis of Financial Condition and Results of Operations 
 The following discussion should be read in conjunction with the consolidated financial statements and notes thereto included elsewhere in this Annual Report on Form 10-K. This report contains forward-loo","ized tax benefits within the provision for income taxes in the consolidated statements of operations. 
 
 New Accounting Standards 
 See Note 1, ""Overview and summary of significant accounting policies,"" to the consolidated financial statements for a description of new accounting pronouncements. 
 
",item7_block_heading,True,,,
0001601046-22-000161,2,1,10119,168474,244816," ITEM 7. Management's Discussion and Analysis of Financial Condition and Results of Operations 
 The following discussion should be read in conjunction with the consolidated financial statements and notes thereto included elsewhere in this Annual Report on Form 10-K. This report contains forward-loo","ized tax benefits within the provision for income taxes in the consolidated statements of operations. 
 
 New Accounting Standards 
 See Note 1, ""Overview and summary of significant accounting policies,"" to the consolidated financial statements for a description of new accounting pronouncements. 
 
",item7_block_heading,True,,,
0001601046-23-000134,2,1,10129,154720,230684," ITEM 7. Management's Discussion and Analysis of Financial Condition and Results of Operations 
 The following discussion should be read in conjunction with the consolidated financial statements and notes thereto included elsewhere in this Annual Report on Form 10-K. This report contains forward-loo","n the provision for income taxes in the consolidated statements of operations. 
 
 New Accounting Standards 
 See Note 1, ""Overview, Basis of Presentation and Summary of Significant Accounting Policies,"" to the consolidated financial statements for a description of new accounting pronouncements. 
 
",item7_block_heading,True,,,
0001601046-24-000159,2,1,11084,154173,236977," ITEM 7. Management’s Discussion and Analysis of Financial Condition and Results of Operations 
 The following discussion should be read in conjunction with the consolidated financial statements and notes thereto included elsewhere in this Annual Report on Form 10-K. This report contains forward-loo","s in the consolidated statements of operations. 
 
 New Accounting Standards 
 See Note 1, “Overview, Basis of Presentation and Summary of Significant Accounting Policies,” to the consolidated financial statements for a description of new accounting pronouncements. 
 
 
 51 
 
 
 Table of Contents 
",item7_block_heading,True,,,
0001601046-25-000127,2,1,10944,160781,242900," ITEM 7. Management’s Discussion and Analysis of Financial Condition and Results of Operations 
 The following discussion should be read in conjunction with the consolidated financial statements and notes thereto included elsewhere in this Annual Report on Form 10-K. This report contains forward-loo","n the provision for income taxes in the consolidated statements of operations. 
 
 New Accounting Standards 
 See Note 1, “Overview, Basis of Presentation and Summary of Significant Accounting Policies,” to the consolidated financial statements for a description of new accounting pronouncements. 
 
",item7_block_heading,True,,,
0001637459-17-000007,2,1,12968,107319,223323," ITEM 7. Management’s Discussion and Analysis of Financial Condition and Results of Operations. 
 
 Overview 
 The following discussion should be read in conjunction with the other sections of this Annual Report on Form 10-K, including the consolidated financial statements and related notes containe","that was paid in December 2015), to include such $180 million Series A Preferred Stock dividend payment in the first quarter of 2016, and to exclude $51 million of Series A Preferred Stock dividends from the second quarter of 2016 (to reflect that it was redeemed on June 7, 2016). 
 
 
 48 
 
 
 
 
",item7_block_heading,True,,,
0001637459-18-000015,2,1,12941,103112,214904," ITEM 7. Management’s Discussion and Analysis of Financial Condition and Results of Operations. 
 
 Overview 
 The following discussion should be read in conjunction with the other sections of this Annual Report on Form 10-K, including the consolidated financial statements and related notes containe","
 (g) 
 
 U.S. Tax Reform included a tax benefit of $7.0 billion in 2017 related to enactment of the Tax Cuts and Jobs Act by the U.S. government on December 22, 2017. There were no such expenses in 2016 or 2015. See Overview at the beginning of this ITEM for additional information. 
 
 
 45 
 
 
 
",item7_block_heading,True,,,
0001637459-19-000049,2,1,14015,140130,267194," ITEM 7. Management’s Discussion and Analysis of Financial Condition and Results of Operations. 
 
 Overview 
 The following discussion should be read in conjunction with the other sections of this Annual Report on Form 10-K, including the consolidated financial statements and related notes containe","r the three months ended September 30, 2017, July 1, 2017, and April 1, 2017, respectively, and were recorded in other expense/(income), net. 
 
 
 
 
 
 (e) 
 
 U.S. Tax Reform discrete income tax expense/(benefit) included a benefit of $7.0 billion for the three months ended December 30, 2017. 
 
",item7_block_heading,True,,,
0001637459-20-000027,2,1,9864,121040,204644," ITEM 7. Management’s Discussion and Analysis of Financial Condition and Results of Operations. 
 
 Overview 
 Description of the Company: 
 We manufacture and market food and beverage products, including condiments and sauces, cheese and dairy, meals, meats, refreshment beverages, coffee, and other","U.S. income tax deductions, and the release of valuation allowances related to foreign tax credits. The benefit in 2017 was related to the enactment of U.S. Tax Reform. See Note 10, Income Taxes , in ITEM 8, Financial Statements and Supplementary Data , for additional information. 
 
 
 40 
 
 
 
 
",item7_block_heading,True,,,
0001637459-21-000009,2,1,11179,125730,211864," ITEM 7. Management’s Discussion and Analysis of Financial Condition and Results of Operations. 
 
 Overview 
 Description of the Company: 
 We manufacture and market food and beverage products, including condiments and sauces, cheese and dairy, meals, meats, refreshment beverages, coffee, and other"," the revaluation of our deferred tax balances due to changes in state tax laws following U.S. Tax Reform and subsequent clarification or interpretation of state tax laws. See Note 10, Income Taxes , in ITEM 8, Financial Statements and Supplementary Data , for additional information. 
 
 
 43 
 
 
 
",item7_block_heading,True,,,
0001637459-22-000018,2,1,11715,128037,217703," ITEM 7. Management’s Discussion and Analysis of Financial Condition and Results of Operations. 
 
 Overview 
 Objective: 
 The following discussion provides an analysis of our financial condition and results of operations from management's perspective and should be read in conjunction with the cons","the revaluation of our deferred tax balances due to an increase in U.K. tax rates. The benefit in 2020 relates to the revaluation of our deferred tax balances due to changes in state tax laws following U.S. tax reform and subsequent clarification or interpretation of state tax laws. 
 
 
 44 
 
 
 
",item7_block_heading,True,,,
0001637459-23-000009,2,1,10634,124400,206840," ITEM 7. Management’s Discussion and Analysis of Financial Condition and Results of Operations. 
 
 Overview 
 Objective: 
 The following discussion provides an analysis of our financial condition and results of operations from management's perspective and should be read in conjunction with the cons","llion ($728 million after-tax) in 2021 and were recorded in interest expense. 
 (i) Certain significant discrete income tax items were an expense of $235 million in 2021. The impact in 2021 relates to the revaluation of our deferred tax balances due to an increase in U.K. tax rates. 
 
 
 42 
 
 
 
",item7_block_heading,True,,,
0001637459-24-000018,2,1,9980,142937,220602," ITEM 7. Management’s Discussion and Analysis of Financial Condition and Results of Operations. 
 
 Overview 
 Objective: 
 The following discussion provides an analysis of our financial condition and results of operations from management's perspective and should be read in conjunction with the cons","t of $17 million in 2023. The benefit represents the reversal of uncertain tax position reserves related to the U.S. Tax Cuts and Jobs Act resulting from a conclusion of the IRS’s income tax examination for the year 2017 and the lapsing of the statute of limitations for such year. 
 
 
 
 44 
 
 
 
",item7_block_heading,True,,,
0001637459-25-000011,2,1,12451,144537,244510," ITEM 7. Management’s Discussion and Analysis of Financial Condition and Results of Operations. 
 
 Overview 
 Objective: 
 The following discussion provides an analysis of our financial condition and results of operations from management's perspective and should be read in conjunction with the cons","idiary in Brazil. The benefit in 2023 represents the reversal of uncertain tax position reserves related to the U.S. Tax Cuts and Jobs Act resulting from a conclusion of the IRS’s income tax examination for the year 2017 and the lapsing of the statute of limitations for such year. 
 
 
 
 49 
 
 
 
",item7_block_heading,True,,,
0001637459-26-000009,2,1,10148,151361,230703," ITEM 7. Management’s Discussion and Analysis of Financial Condition and Results of Operations. 
 
 Overview 
 Objective: 
 The following discussion provides an analysis of our financial condition and results of operations from management's perspective and should be read in conjunction with the cons","3.0 billion) and an associated valuation allowance ($0.6 billion) related to the transfer of business operations to a wholly-owned subsidiary in the Netherlands, partially offset by the establishment of a valuation allowance against deferred tax assets in our subsidiary in Brazil. 
 
 
 
 46 
 
 
 
",item7_block_heading,True,,,
0001404912-17-000005,2,1,38244,505047,817933," ITEM 7. MANAGEMENT’S DISCUSSION AND ANALYSIS OF FINANCIAL CONDITION AND RESULTS OF OPERATIONS 
 
 The following discussion and analysis should be read in conjunction with the consolidated financial statements of KKR and the related notes included elsewhere in this report. The historical consolidate","ly Issued Accounting Pronouncements 
 
 For a full discussion of recently issued accounting pronouncements, please see the notes to the consolidated financial statements ""--ITEM 8. Consolidated Financial Statements--Summary of Significant Accounting Policies."" 
 
 
 
 171 
 
 
 Table of Contents 
 
",item7_block_heading,True,,,
0001404912-18-000005,2,1,37405,507224,819804," ITEM 7. MANAGEMENT'S DISCUSSION AND ANALYSIS OF FINANCIAL CONDITION AND RESULTS OF OPERATIONS 
 
 The following discussion and analysis should be read in conjunction with the consolidated financial statements of KKR & Co. L.P. and the related notes included elsewhere in this report. The historical ","ued Accounting Pronouncements 
 
 For a full discussion of recently issued accounting pronouncements, please see the notes to the consolidated financial statements ""ITEM 8. Financial Statements and Supplemental Data—Summary of Significant Accounting Policies."" 
 
 
 
 173 
 
 
 Table of Contents 
 
",item7_block_heading,True,,,
0001404912-19-000006,2,1,31846,470550,725271," ITEM 7. MANAGEMENT'S DISCUSSION AND ANALYSIS OF FINANCIAL CONDITION AND RESULTS OF OPERATIONS 
 
 The following discussion and analysis should be read in conjunction with the consolidated financial statements of KKR & Co. Inc., together with its consolidated subsidiaries, and the related notes incl","o account management fees paid. 
 
 
 Recently Issued Accounting Pronouncements 
 
 For a full discussion of recently issued accounting pronouncements, see ITEM 8. Financial Statements and Supplementary Data—Note 2 ""Summary of Significant Accounting Policies."" 
 
 
 150 
 
 
 Table of Contents 
 
 
",item7_block_heading,True,,,
0001404912-20-000006,2,1,24482,479332,670303," ITEM 7. MANAGEMENT'S DISCUSSION AND ANALYSIS OF FINANCIAL CONDITION AND RESULTS OF OPERATIONS 
 The following discussion and analysis should be read in conjunction with the consolidated financial statements of KKR & Co. Inc., together with its consolidated subsidiaries, and the related notes includ"," into account management fees paid. 
 
 Recently Issued Accounting Pronouncements 
 For a full discussion of recently issued accounting pronouncements, see ITEM 8. Financial Statements and Supplementary Data—Note 2 ""Summary of Significant Accounting Policies."" 
 
 
 137 
 
 
 Table of Contents 
 
 
",item7_block_heading,True,,,
0001404912-21-000008,2,1,24933,663059,852856," ITEM 7. MANAGEMENT'S DISCUSSION AND ANALYSIS OF FINANCIAL CONDITION AND RESULTS OF OPERATIONS 
 The following discussion and analysis should be read in conjunction with the consolidated financial statements of KKR & Co. Inc., together with its consolidated subsidiaries, and the related notes includ"," fees paid. 
 
 
 169 
 
 
 Table of Contents 
 
 Recently Issued Accounting Pronouncements 
 For a full discussion of recently issued accounting pronouncements, see Financial Statements and Supplementary Data—Note 2 ""Summary of Significant Accounting Policies."" 
 
 
 170 
 
 
 Table of Contents 
 
",item7_block_heading,True,,,
0001404912-22-000004,2,1,36986,678633,966885," ITEM 7. MANAGEMENT'S DISCUSSION AND ANALYSIS OF FINANCIAL CONDITION AND RESULTS OF OPERATIONS 
 The following discussion and analysis should be read in conjunction with the consolidated financial statements of KKR & Co. Inc., together with its consolidated subsidiaries, and the related notes includ","est holdings on a non-GAAP basis. 
 
 
 Recently Issued Accounting Pronouncements 
 For a full discussion of recently issued accounting pronouncements, see Note 2 ""Summary of Significant Accounting Policies"" in our financial statements. 
 
 
 
 
 
 
 
 
 
 
 
 
 
 
 
 200 
 
 
 Table of Contents 
 
",item7_block_heading,True,,,
0001404912-23-000005,2,1,40283,696789,1015916," ITEM 7. MANAGEMENT'S DISCUSSION AND ANALYSIS OF FINANCIAL CONDITION AND RESULTS OF OPERATIONS 
 The following discussion and analysis should be read in conjunction with the consolidated financial statements of KKR & Co. Inc., together with its consolidated subsidiaries, and the related notes includ","r trading assets which back the funds withheld at interest. 
 
 
 Recently Issued Accounting Pronouncements 
 For a full discussion of recently issued accounting pronouncements, see Note 2 ""Summary of Significant Accounting Policies"" in our financial statements. 
 
 
 210 
 
 
 Table of Co n tents 
",item7_block_heading,True,,,
0001404912-24-000005,2,1,41151,665643,994392," ITEM 7. MANAGEMENT'S DISCUSSION AND ANALYSIS OF FINANCIAL CONDITION AND RESULTS OF OPERATIONS 
 The following discussion and analysis should be read in conjunction with the consolidated financial statements of KKR & Co. Inc., together with its consolidated subsidiaries, and the related notes includ"," or trading assets which back the funds withheld at interest. 
 
 
 Recently Issued Accounting Pronouncements 
 For a full discussion of recently issued accounting pronouncements, see Note 2 ""Summary of Significant Accounting Policies"" in our financial statements. 
 
 
 213 
 
 
 Table of Contents 
",item7_block_heading,True,,,
0001404912-25-000015,2,1,39049,688388,999127," ITEM 7. MANAGEMENT'S DISCUSSION AND ANALYSIS OF FINANCIAL CONDITION AND RESULTS OF OPERATIONS 
 The following discussion and analysis should be read in conjunction with the consolidated financial statements of KKR & Co. Inc., together with its consolidated subsidiaries, and the related notes includ"," back the funds withheld at interest. 
 
 
 Recently Issued Accounting Pronouncements 
 For a full discussion of recently issued accounting pronouncements, see Note 2 ""Summary of Significant Accounting Policies"" in our financial statements included in this report. 
 
 
 210 
 
 
 Table of Contents 
",item7_block_heading,True,,,
0001404912-26-000007,4,3,31278,411892,680897," ITEM 7. MANAGEMENT'S DISCUSSION AND ANALYSIS OF FINANCIAL CONDITION AND 
 RESULTS OF OPERATIONS 
 The following discussion and analysis should be read in conjunction with the consolidated financial statements of KKR & 
 Co. Inc., together with its consolidated subsidiaries, and the related notes in","the funds withheld at interest. 
 
 Recently Issued Accounting Pronouncements 
 For a full discussion of recently issued accounting pronouncements, see Note 2 ""Summary of Significant Accounting 
 Policies"" in our financial statements included in this report. 
 
 
 
 145 
 
 
 Table of Contents 
 
 
",item7_block_heading,True,,,
0001506307-17-000008,2,1,14476,173172,295641," ITEM 7. Management’s Discussion and Analysis of Financial Condition and Results of Operations. 
 
 The following discussion and analysis should be read in conjunction with our consolidated financial statements and the notes thereto. We prepared our consolidated financial statements in accordance wi"," our mandatory convertible preferred stock is equivalent to $1.21875 per depository share. 
 
 
 Recent Accounting Pronouncements 
 
 Please refer to Note 18 “Recent Accounting Pronouncements” to our consolidated financial statements for information concerning recent accounting pronouncements. 
 
 
",item7_block_heading,True,,,
0001506307-18-000010,2,1,16810,183934,321831," ITEM 7. Management’s Discussion and Analysis of Financial Condition and Results of Operations. 
 
 The following discussion and analysis should be read in conjunction with our consolidated financial statements and the notes thereto. We prepared our consolidated financial statements in accordance wi","Series 3 Preferred Shareholders of record as of the close of business on January 31, 2018. 
 
 
 Recent Accounting Pronouncements 
 
 Please refer to Note 18 “Recent Accounting Pronouncements” to our consolidated financial statements for information concerning recent accounting pronouncements. 
 
 
",item7_block_heading,True,,,
0001506307-19-000033,2,1,16171,176445,307837," ITEM 7. Management’s Discussion and Analysis of Financial Condition and Results of Operations. 
 
 The following discussion and analysis should be read in conjunction with our consolidated financial statements and the notes thereto. We prepared our consolidated financial statements in accordance wi","eries 3 Preferred Shares of $21 million for the year ended December 31, 2018. 
 
 
 
 63 
 
 
 Recent Accounting Pronouncements 
 
 Please refer to Note 19 “ Recent Accounting Pronouncements ” to our consolidated financial statements for information concerning recent accounting pronouncements. 
 
 
",item7_block_heading,True,,,
0001506307-20-000022,2,1,12422,168341,271626," ITEM 7. Management’s Discussion and Analysis of Financial Condition and Results of Operations. 
 
 The following discussion and analysis should be read in conjunction with our consolidated financial statements and the notes thereto. We prepared our consolidated financial statements in accordance wi","d a return of capital of $879 million to its restricted voting shares owned by the public. 
 
 
 Recent Accounting Pronouncements 
 
 Please refer to Note 19 “Recent Accounting Pronouncements” to our consolidated financial statements for information concerning recent accounting pronouncements. 
 
 
",item7_block_heading,True,,,
0001506307-21-000022,2,1,13395,169499,274852," ITEM 7. Management’s Discussion and Analysis of Financial Condition and Results of Operations. 
 
 The following discussion and analysis should be read in conjunction with our consolidated financial statements and the notes thereto. We prepared our consolidated financial statements in accordance wi","ues 
 
 $ 
 10,676 
 
 
 
 
 Operating income 
 
 1,932 
 
 
 
 
 Net income 
 
 654 
 
 
 
 
 
 Recent Accounting Pronouncements 
 
 Please refer to Note 19 “Recent Accounting Pronouncements” to our consolidated financial statements for information concerning recent accounting pronouncements. 
 
 
",item7_block_heading,True,,,
0001506307-22-000018,2,1,12404,163351,262250," ITEM 7. Management’s Discussion and Analysis of Financial Condition and Results of Operations. 
 
 The following discussion and analysis should be read in conjunction with our consolidated financial statements and the notes thereto. We prepared our consolidated financial statements in accordance wi","7 
 
 
 
 
 Operating income 
 
 2,541 
 
 
 
 
 Net income 
 
 1,489 
 
 
 
 
 
 
 59 
 
 
 
 
 Recent Accounting Pronouncements 
 
 Please refer to Note 19 “Recent Accounting Pronouncements” to our consolidated financial statements for information concerning recent accounting pronouncements. 
 
 
",item7_block_heading,True,,,
0001506307-23-000023,2,1,10154,165190,252632," ITEM 7. Management’s Discussion and Analysis of Financial Condition and Results of Operations. 
 
 The following discussion and analysis should be read in conjunction with our consolidated financial statements and the notes thereto. We prepared our consolidated financial statements in accordance wi","778 
 
 
 
 
 Operating income 
 
 3,611 
 
 
 
 
 Net income 
 
 2,175 
 
 
 
 
 
 
 64 
 
 
 
 Recent Accounting Pronouncements 
 
 Please refer to Note 19 “Recent Accounting Pronouncements” to our consolidated financial statements for information concerning recent accounting pronouncements. 
 
 
",item7_block_heading,True,,,
0001506307-24-000011,2,1,11300,175259,267768," ITEM 7. Management’s Discussion and Analysis of Financial Condition and Results of Operations. 
 
 The following discussion and analysis should be read in conjunction with our consolidated financial statements and the notes thereto. We prepared our consolidated financial statements in accordance wi","131 
 
 
 
 
 Operating income 
 
 3,832 
 
 
 
 
 Net income 
 
 2,032 
 
 
 
 
 
 
 66 
 
 
 
 Recent Accounting Pronouncements 
 
 Please refer to Note 19 “Recent Accounting Pronouncements” to our consolidated financial statements for information concerning recent accounting pronouncements. 
 
 
",item7_block_heading,True,,,
0001506307-25-000008,2,1,10537,174550,260918," ITEM 7. Management’s Discussion and Analysis of Financial Condition and Results of Operations. 
 
 The following discussion and analysis should be read in conjunction with our consolidated financial statements and the notes thereto. We prepared our consolidated financial statements in accordance wi","678 
 
 
 
 
 Operating income 
 
 3,827 
 
 
 
 
 Net income 
 
 2,131 
 
 
 
 
 
 
 64 
 
 
 
 Recent Accounting Pronouncements 
 
 Please refer to Note 18 “Recent Accounting Pronouncements” to our consolidated financial statements for information concerning recent accounting pronouncements. 
 
 
",item7_block_heading,True,,,
0001506307-26-000011,2,1,9195,177668,254498," ITEM 7. Management’s Discussion and Analysis of Financial Condition and Results of Operations. 
 
 The following discussion and analysis should be read in conjunction with our consolidated financial statements and the notes thereto. We prepared our consolidated financial statements in accordance wi","523 
 
 
 
 
 Operating income 
 
 4,172 
 
 
 
 
 Net income 
 
 2,587 
 
 
 
 
 
 
 63 
 
 
 
 Recent Accounting Pronouncements 
 
 Please refer to Note 18 “Recent Accounting Pronouncements” to our consolidated financial statements for information concerning recent accounting pronouncements. 
 
 
",item7_block_heading,True,,,
0000003570-17-000052,2,1,13736,192162,295427," ITEM 7. 
 
 MANAGEMENT’S DISCUSSION AND ANALYSIS OF FINANCIAL CONDITION AND RESULTS OF OPERATIONS 
 
 
 Introduction 
 
 The following discussion and analysis presents management’s view of our business, financial condition and overall performance and should be read in conjunction with our Consolida","n our assessment of our ability to generate future taxable income among other factors. 
 
 
 61 
 
 
 
 Recent Accounting Standards 
 
 For descriptions of recently issued accounting standards, see Note 22—Recent Accounting Standards of our Notes to Consolidated Financial Statements. 
 
 
 
 
 
 
 
",item7_block_heading,True,,,
0000003570-18-000031,2,1,14631,187872,296906," ITEM 7. 
 
 MANAGEMENT’S DISCUSSION AND ANALYSIS OF FINANCIAL CONDITION AND RESULTS OF OPERATIONS 
 
 
 Introduction 
 
 The following discussion and analysis presents management’s view of our business, financial condition and overall performance and should be read in conjunction with our Consolida","f our Notes to Consolidated Financial Statements for further discussion of our accounting for income taxes. 
 
 
 Recent Accounting Standards 
 
 For descriptions of recently issued accounting standards, see Note 22—Recent Accounting Standards of our Notes to Consolidated Financial Statements. 
 
 
",item7_block_heading,True,,,
0000003570-19-000030,2,1,14088,174681,279808," ITEM 7. 
 
 MANAGEMENT’S DISCUSSION AND ANALYSIS OF FINANCIAL CONDITION AND RESULTS OF OPERATIONS 
 
 
 Introduction 
 
 The following discussion and analysis presents management’s view of our business, financial condition and overall performance and should be read in conjunction with our Consolida","f our Notes to Consolidated Financial Statements for further discussion of our accounting for income taxes. 
 
 
 Recent Accounting Standards 
 
 For descriptions of recently issued accounting standards, see Note 22—Recent Accounting Standards of our Notes to Consolidated Financial Statements. 
 
 
",item7_block_heading,True,,,
0000003570-20-000043,2,1,14345,171914,279136," ITEM 7. 
 
 MANAGEMENT’S DISCUSSION AND ANALYSIS OF FINANCIAL CONDITION AND RESULTS OF OPERATIONS 
 
 
 Introduction 
 
 The following discussion and analysis presents management’s view of our business, financial condition and overall performance and should be read in conjunction with our Consolida","value could occur in the near future as interest rates, commodity prices and FX rates change. 
 
 
 Recent Accounting Standards 
 
 For descriptions of recently issued accounting standards, see Note 2—Summary of Significant Accounting Policies of our Notes to Consolidated Financial Statements. 
 
 
",item7_block_heading,True,,,
0000003570-21-000039,2,1,15176,172247,284130," ITEM 7. MANAGEMENT’S DISCUSSION AND ANALYSIS OF FINANCIAL CONDITION AND RESULTS OF OPERATIONS 
 
 
 Introduction 
 
 The following discussion and analysis presents management’s view of our business, financial condition and overall performance and should be read in conjunction with our Consolidated ","value could occur in the near future as interest rates, commodity prices and FX rates change. 
 
 
 Recent Accounting Standards 
 
 For descriptions of recently issued accounting standards, see Note 2—Summary of Significant Accounting Policies of our Notes to Consolidated Financial Statements. 
 
 
",item7_block_heading,True,,,
0000003570-22-000024,2,1,9601,135608,210741," ITEM 7. MANAGEMENT’S DISCUSSION AND ANALYSIS OF FINANCIAL CONDITION AND RESULTS OF OPERATIONS 
 
 
 Introduction 
 
 The following discussion and analysis presents management’s view of our business, financial condition and overall performance and should be read in conjunction with our Consolidated ","e sensitivity of the fair value of our derivatives to hypothetical changes in underlying prices. 
 
 
 Recent Accounting Standards 
 
 For a summary of recently issued accounting standards, see Note 2—Summary of Significant Accounting Policies of our Notes to Consolidated Financial Statements. 
 
 
",item7_block_heading,True,,,
0000003570-23-000042,2,1,10163,141670,220972," ITEM 7. MANAGEMENT’S DISCUSSION AND ANALYSIS OF FINANCIAL CONDITION AND RESULTS OF OPERATIONS 
 
 
 Introduction 
 
 The following discussion and analysis presents management’s view of our business, financial condition and overall performance and should be read in conjunction with our Consolidated "," of our derivatives to hypothetical changes in underlying prices. 
 
 
 52 
 
 
 Table of Contents 
 Recent Accounting Standards 
 
 For a summary of recently issued accounting standards, see Note 2 — Summary of Significant Accounting Policies of our Notes to Consolidated Financial Statements. 
 
 
",item7_block_heading,True,,,
0000003570-24-000040,2,1,9192,145083,215944," ITEM 7. MANAGEMENT’S DISCUSSION AND ANALYSIS OF FINANCIAL CONDITION AND RESULTS OF OPERATIONS 
 
 
 Introduction 
 
 The following discussion and analysis presents management’s view of our business, financial condition and overall performance and should be read in conjunction with our Consolidated ","alue of our derivatives to hypothetical changes in underlying prices. 
 
 
 49 
 
 
 Table of Contents 
 Recent Accounting Standards 
 
 For a summary of recently issued accounting standards, see Note 2—Summary of Significant Accounting Policies of our Notes to Consolidated Financial Statements. 
 
",item7_block_heading,True,,,
0000003570-25-000033,2,1,8168,143435,206801," ITEM 7. MANAGEMENT’S DISCUSSION AND ANALYSIS OF FINANCIAL CONDITION AND RESULTS OF OPERATIONS 
 
 
 Introduction 
 
 The following discussion and analysis presents management’s view of our business, financial condition and overall performance and should be read in conjunction with our Consolidated ","f the sensitivity of the fair value of our derivatives to hypothetical changes in underlying prices. 
 
 Recent Accounting Standards 
 
 For a summary of recently issued accounting standards, see Note 2—Summary of Significant Accounting Policies of our Notes to Consolidated Financial Statements. 
 
",item7_block_heading,True,,,
0000003570-26-000005,2,1,9121,154596,225576," ITEM 7. MANAGEMENT’S DISCUSSION AND ANALYSIS OF FINANCIAL CONDITION AND RESULTS OF OPERATIONS 
 
 
 Introduction 
 
 The following discussion and analysis presents management’s view of our business, financial condition and overall performance and should be read in conjunction with our Consolidated ","f the sensitivity of the fair value of our derivatives to hypothetical changes in underlying prices. 
 
 Recent Accounting Standards 
 
 For a summary of recently issued accounting standards, see Note 2—Summary of Significant Accounting Policies of our Notes to Consolidated Financial Statements. 
 
",item7_block_heading,True,,,
0000707549-16-000050,2,1,8170,139117,201445," ITEM 7. 
 
 Management’s Discussion and Analysis of Financial Condition and Results of Operations 
 The following discussion of our financial condition and results of operations contains forward-looking statements, which are subject to risks, uncertainties and changes in condition, significance, va"," letters of credit was $12.1 million . We do not believe, based on historical experience and information currently available, that it is probable that any amounts will be required to be paid. 
 
 
 Continues on next page 
 Lam Research Corporation 2016 10-K 46 
 
 
 Table of Contents 
 
 
 
 
 
 
 
",item7_block_heading,True,,,
0000707549-17-000100,2,1,7354,132250,190133," ITEM 7. 
 
 Management’s Discussion and Analysis of Financial Condition and Results of Operations 
 The following discussion of our financial condition and results of operations contains forward-looking statements, which are subject to risks, uncertainties, and changes in condition, significance, v","nd letters of credit was $16 million . We do not believe, based on historical experience and information currently available, that it is probable that any amounts will be required to be paid. 
 
 
 Continues on next page 
 Lam Research Corporation 2017 10-K 44 
 
 
 Table of Contents 
 
 
 
 
 
 
 
",item7_block_heading,True,,,
0000707549-18-000115,2,1,7763,138839,199872," ITEM 7. 
 
 Management’s Discussion and Analysis of Financial Condition and Results of Operations 
 The following discussion of our financial condition and results of operations contains forward-looking statements, which are subject to risks, uncertainties, and changes in condition, significance, v","nd letters of credit was $22 million . We do not believe, based on historical experience and information currently available, that it is probable that any amounts will be required to be paid. 
 
 
 Continues on next page 
 Lam Research Corporation 2018 10-K 46 
 
 
 Table of Contents 
 
 
 
 
 
 
 
",item7_block_heading,True,,,
0000707549-19-000124,2,1,7139,133937,190295," ITEM 7. 
 
 Management’s Discussion and Analysis of Financial Condition and Results of Operations 
 The following discussion of our financial condition and results of operations contains forward-looking statements, which are subject to risks, uncertainties, and changes in condition, significance, v","rical experience and information currently available, that it is probable that any material amounts will be required to be paid under such indemnification agreements or statutory obligations. 
 
 
 Continues on next page 
 Lam Research Corporation 2019 10-K 45 
 
 
 Table of Contents 
 
 
 
 
 
 
 
",item7_block_heading,True,,,
0000707549-20-000138,2,1,7257,141496,198576," ITEM 7. 
 
 Management’s Discussion and Analysis of Financial Condition and Results of Operations 
 The following discussion of our financial condition and results of operations contains forward-looking statements, which are subject to risks, uncertainties, and changes in condition, significance, v","rical experience and information currently available, that it is probable that any material amounts will be required to be paid under such indemnification agreements or statutory obligations. 
 
 
 Continues on next page 
 Lam Research Corporation 2020 10-K 45 
 
 
 Table of Contents 
 
 
 
 
 
 
 
",item7_block_heading,True,,,
0000707549-21-000136,2,1,7023,140027,194040," ITEM 7. Management’s Discussion and Analysis of Financial Condition and Results of Operations 
 The following discussion of our financial condition and results of operations contains forward-looking statements, which are subject to risks, uncertainties, and changes in condition, significance, value",". We do not believe, based on historical 
 
 
 
 Lam Research Corporation 2021 10-K 36 
 
 Table of Contents 
 experience and information currently available, that it is probable that any material amounts will be required to be paid under such indemnification agreements or statutory obligations. 
 
",item7_block_heading,True,,,
0000707549-22-000107,2,1,5188,147553,187823," ITEM 7. Management’s Discussion and Analysis of Financial Condition and Results of Operations 
 The following discussion of our financial condition and results of operations contains forward-looking statements, which are subject to risks, uncertainties, and changes in condition, significance, value","in Part II, ITEM 8 of this 2022 Form 10-K for further discussion. Our off-balance sheet arrangements and our transition tax liability are presented as purchase obligations, refer to Note 17 of our Consolidated Financial Statements in Part II, ITEM 8 of this 2022 Form 10-K for further discussion. 
 
",item7_block_heading,True,,,
0000707549-23-000102,2,1,5396,150001,192248," ITEM 7. Management’s Discussion and Analysis of Financial Condition and Results of Operations 
 The following discussion of our financial condition and results of operations contains forward-looking statements, which are subject to risks, uncertainties, and changes in condition, significance, value","in Part II, ITEM 8 of this 2023 Form 10-K for further discussion. Our off-balance sheet arrangements and our transition tax liability are presented as purchase obligations, refer to Note 17 of our Consolidated Financial Statements in Part II, ITEM 8 of this 2023 Form 10-K for further discussion. 
 
",item7_block_heading,True,,,
0000707549-24-000106,2,1,4148,157681,191618," ITEM 7. Management’s Discussion and Analysis of Financial Condition and Results of Operations 
 The following discussion of our financial condition and results of operations contains forward-looking statements, which are subject to risks, uncertainties, and changes in condition, significance, value","ur off-balance sheet arrangements and our transition tax liability are presented as purchase obligations, refer to Note 17 of our Consolidated Financial Statements in Part II, ITEM 8 of this 2024 Form 10-K for further discussion. 
 
 
 
 Lam Research Corporation 2024 10-K 35 
 
 
 Table of Content 
",item7_block_heading,True,,,
0000707549-25-000075,2,1,4325,158556,193717," ITEM 7. Management’s Discussion and Analysis of Financial Condition and Results of Operations 
 The following discussion of our financial condition and results of operations contains forward-looking statements, which are subject to risks, uncertainties, and changes in condition, significance, value","nsolidated Financial Statements, as we generally have the option to cancel the purchase orders at our convenience, reschedule, and/or adjust quantities based on our business needs. As of June 29, 2025, we expect to fulfill approximately $387 million within one year related to these arrangements. 
 
",item7_block_heading,True,,,
0001300514-17-000005,2,1,12001,194464,307080," ITEM 7. — MANAGEMENT’S DISCUSSION AND ANALYSIS OF FINANCIAL CONDITION AND RESULTS OF OPERATIONS 
 The following discussion should be read in conjunction with, and is qualified in its entirety by, the audited consolidated financial statements, and the notes thereto and other financial information in","ce review of the Marina Bay Sands tax returns for tax years 2010 through 2012. 
 Recent Accounting Pronouncements 
 See related disclosure at “ITEM 8 — Financial Statements and Supplementary Data — Notes to Consolidated Financial Statements — Note 2 — Summary of Significant Accounting Policies.” 
 
",issuer_substantive_heading_LVS,True,,,
0001300514-18-000022,2,1,12436,199864,316080," ITEM 7. — MANAGEMENT'S DISCUSSION AND ANALYSIS OF FINANCIAL CONDITION AND RESULTS OF OPERATIONS 
 The following discussion should be read in conjunction with, and is qualified in its entirety by, the audited consolidated financial statements and the notes thereto, and other financial information in"," on our tax assets and liabilities, effective tax rate and earnings per share. 
 Recent Accounting Pronouncements 
 See related disclosure at ""ITEM 8 — Financial Statements and Supplementary Data — Notes to Consolidated Financial Statements — Note 2 — Summary of Significant Accounting Policies."" 
 
",issuer_substantive_heading_LVS,True,,,
0001300514-19-000021,2,1,12705,209488,326168," ITEM 7. — MANAGEMENT'S DISCUSSION AND ANALYSIS OF FINANCIAL CONDITION AND RESULTS OF OPERATIONS 
 The following discussion should be read in conjunction with, and is qualified in its entirety by, the audited consolidated financial statements and the notes thereto, and other financial information in","U.S. deferred tax liabilities at the reduced corporate income tax rate of 21%. 
 Recent Accounting Pronouncements 
 See related disclosure at ""ITEM 8 — Financial Statements and Supplementary Data — Notes to Consolidated Financial Statements — Note 2 — Summary of Significant Accounting Policies."" 
 
",issuer_substantive_heading_LVS,True,,,
0001300514-20-000011,2,1,9725,187400,270855," ITEM 7. — MANAGEMENT'S DISCUSSION AND ANALYSIS OF FINANCIAL CONDITION AND RESULTS OF OPERATIONS 
 The following discussion should be read in conjunction with, and is qualified in its entirety by, the audited consolidated financial statements and the notes thereto, and other financial information in","nternational provisions of U.S. tax reform. 
 Recent Accounting Pronouncements 
 See related disclosure at ""ITEM 8 — Financial Statements and Supplementary Data — Notes to Consolidated Financial Statements — Note 2 — Summary of Significant Accounting Policies — Recent Accounting Pronouncements."" 
 
",issuer_substantive_heading_LVS,True,,,
0001300514-21-000033,2,1,11523,180823,271562," ITEM 7. — MANAGEMENT'S DISCUSSION AND ANALYSIS OF FINANCIAL CONDITION AND RESULTS OF OPERATIONS 
 The following discussion should be read in conjunction with, and is qualified in its entirety by, the audited consolidated financial statements and the notes thereto, and other financial information in","longer generating U.S. foreign tax credits. 
 Recent Accounting Pronouncements 
 See related disclosure at ""ITEM 8 — Financial Statements and Supplementary Data — Notes to Consolidated Financial Statements — Note 2 — Summary of Significant Accounting Policies — Recent Accounting Pronouncements."" 
 
",issuer_substantive_heading_LVS,True,,,
0001300514-22-000007,2,1,12286,180942,276436," ITEM 7. — MANAGEMENT'S DISCUSSION AND ANALYSIS OF FINANCIAL CONDITION AND RESULTS OF OPERATIONS 
 The following discussion should be read in conjunction with, and is qualified in its entirety by, the audited consolidated financial statements and the notes thereto, and other financial information in","ough 2015 and 2018 through 2020 in the U.S. 
 Recent Accounting Pronouncements 
 See related disclosure at ""ITEM 8 — Financial Statements and Supplementary Data — Notes to Consolidated Financial Statements — Note 2 — Summary of Significant Accounting Policies — Recent Accounting Pronouncements."" 
 
",issuer_substantive_heading_LVS,True,,,
0001300514-23-000021,2,1,13019,192854,294189," ITEM 7. — MANAGEMENT'S DISCUSSION AND ANALYSIS OF FINANCIAL CONDITION AND RESULTS OF OPERATIONS 
 The following discussion should be read in conjunction with, and is qualified in its entirety by, the audited consolidated financial statements and the notes thereto, and other financial information in","ough 2015 and 2019 through 2021 in the U.S. 
 Recent Accounting Pronouncements 
 See related disclosure at ""ITEM 8 — Financial Statements and Supplementary Data — Notes to Consolidated Financial Statements — Note 2 — Summary of Significant Accounting Policies — Recent Accounting Pronouncements."" 
 
",issuer_substantive_heading_LVS,True,,,
0001300514-24-000048,2,1,11123,200156,288247," ITEM 7. — MANAGEMENT'S DISCUSSION AND ANALYSIS OF FINANCIAL CONDITION AND RESULTS OF OPERATIONS 
 The following discussion should be read in conjunction with, and is qualified in its entirety by, the audited consolidated financial statements and the notes thereto, and other financial information in","ough 2015 and 2020 through 2022 in the U.S. 
 Recent Accounting Pronouncements 
 See related disclosure at “ITEM 8 — Financial Statements and Supplementary Data — Notes to Consolidated Financial Statements — Note 2 — Summary of Significant Accounting Policies — Recent Accounting Pronouncements.” 
 
",issuer_substantive_heading_LVS,True,,,
0001300514-25-000040,2,1,11207,187075,275607," ITEM 7. — MANAGEMENT'S DISCUSSION AND ANALYSIS OF FINANCIAL CONDITION AND RESULTS OF OPERATIONS 
 The following discussion should be read in conjunction with, and is qualified in its entirety by, the audited consolidated financial statements and the notes thereto, and other financial information in","ough 2015 and 2020 through 2023 in the U.S. 
 Recent Accounting Pronouncements 
 See related disclosure at “ITEM 8 — Financial Statements and Supplementary Data — Notes to Consolidated Financial Statements — Note 2 — Summary of Significant Accounting Policies — Recent Accounting Pronouncements.” 
 
",issuer_substantive_heading_LVS,True,,,
0001300514-26-000013,2,1,11097,181093,268966," ITEM 7. — MANAGEMENT’S DISCUSSION AND ANALYSIS OF FINANCIAL CONDITION AND RESULTS OF OPERATIONS 
 The following discussion should be read in conjunction with, and is qualified in its entirety by, the audited consolidated financial statements and the notes thereto, and other financial information in","ugh 2015 and 2020 through 2024 in the U.S. 
 Recent Accounting Pronouncements 
 See related disclosure at “ITEM 8 — Financial Statements and Supplementary Data — Notes to Consolidated Financial Statements — Note 2 — Summary of Significant Accounting Policies — Recent Accounting Pronouncements .” 
 
",issuer_substantive_heading_LVS,True,,,
0001335258-17-000031,2,1,12685,136525,237944," ITEM 7. MANAGEMENT’S DISCUSSION AND ANALYSIS OF FINANCIAL CONDITION AND RESULTS OF OPERATIONS 
 You should read the following discussion of our financial condition and results of operations together with the audited consolidated financial statements and notes to the financial statements included el","t income (loss) of nonconsolidated affiliates plus fixed charges. Fixed charges represent interest, amortization of debt discounts, debt issuance costs and premium and the estimated interest portion of rental charges. Rental charges exclude variable rent expense for events in third-party venues. 
 
",item7_block_heading,True,,,
0001335258-18-000023,2,1,13308,139556,244587," ITEM 7. MANAGEMENT’S DISCUSSION AND ANALYSIS OF FINANCIAL CONDITION AND RESULTS OF OPERATIONS 
 You should read the following discussion of our financial condition and results of operations together with the audited consolidated financial statements and notes to the financial statements included el","t income (loss) of nonconsolidated affiliates plus fixed charges. Fixed charges represent interest, amortization of debt discounts, debt issuance costs and premium and the estimated interest portion of rental charges. Rental charges exclude variable rent expense for events in third-party venues. 
 
",item7_block_heading,True,,,
0001335258-19-000024,2,1,12805,141650,241472," ITEM 7. MANAGEMENT’S DISCUSSION AND ANALYSIS OF FINANCIAL CONDITION AND RESULTS OF OPERATIONS 
 You should read the following discussion of our financial condition and results of operations together with the audited consolidated financial statements and notes to the financial statements included el","e tax authorities. We will continue to assess the impact of any further guidance from federal and state tax authorities on our business and consolidated financial statements. Any future adjustments will be recognized as discrete income tax expense or benefit in the period the guidance is issued. 
 
",item7_block_heading,True,,,
0001335258-20-000028,2,1,11564,147526,235959," ITEM 7. MANAGEMENT’S DISCUSSION AND ANALYSIS OF FINANCIAL CONDITION AND RESULTS OF OPERATIONS 
 You should read the following discussion of our financial condition and results of operations together with the audited consolidated financial statements and notes to the financial statements included el","ken in a tax return. For those benefits to be recognized, a tax position must be more likely than not to be sustained upon examination by taxing authorities. The amount recognized is measured as the largest amount of benefit that is more likely than not to be realized upon ultimate settlement. 
 
 
",item7_block_heading,True,,,
0001335258-21-000009,2,1,9585,162325,237993," ITEM 7. MANAGEMENT’S DISCUSSION AND ANALYSIS OF FINANCIAL CONDITION AND RESULTS OF OPERATIONS 
 You should read the following discussion of our financial condition and results of operations together with the audited consolidated financial statements and notes to the consolidated financial statement","ken in a tax return. For those benefits to be recognized, a tax position must be more likely than not to be sustained upon examination by taxing authorities. The amount recognized is measured as the largest amount of benefit that is more likely than not to be realized upon ultimate settlement. 
 
 
",item7_block_heading,True,,,
0001335258-22-000019,2,1,10398,151709,232008," ITEM 7. MANAGEMENT’S DISCUSSION AND ANALYSIS OF FINANCIAL CONDITION AND RESULTS OF OPERATIONS 
 You should read the following discussion of our financial condition and results of operations together with the audited consolidated financial statements and notes to the consolidated financial statement","nefits to be recognized, a tax position must be more likely than not to be sustained upon examination by taxing authorities. The amount recognized is measured as the largest amount of benefit that is more likely than not to be realized upon ultimate settlement. 
 
 
 
 
 51 
 
 
 Table of Contents 
",item7_block_heading,True,,,
0001335258-23-000014,2,1,8735,147836,215250," ITEM 7. MANAGEMENT’S DISCUSSION AND ANALYSIS OF FINANCIAL CONDITION AND RESULTS OF OPERATIONS 
 You should read the following discussion of our financial condition and results of operations together with the audited consolidated financial statements and notes to the consolidated financial statement"," enacted in December 2017 subjects a United States corporation to tax on its Global Intangible Low-Taxed Income (“GILTI”). We have established a policy of treating the taxes due on future GILTI inclusions in United States taxable income as a current-period expense when incurred. 
 
 
 
 46 
 
 
 
 
",item7_block_heading,True,,,
0001335258-24-000017,2,1,8372,148964,213630," ITEM 7. MANAGEMENT’S DISCUSSION AND ANALYSIS OF FINANCIAL CONDITION AND RESULTS OF OPERATIONS 
 You should read the following discussion of our financial condition and results of operations together with the audited consolidated financial statements and notes to the consolidated financial statement","bs Act (“TCJA”) enacted in December 2017 subjects a United States corporation to tax on its Global Intangible Low-Taxed Income (“GILTI”). We have established a policy of treating the taxes due on future GILTI inclusions in United States taxable income as a current-period expense when incurred. 
 
 
",item7_block_heading,True,,,
0001335258-25-000028,2,1,8651,148473,215793," ITEM 7. MANAGEMENT’S DISCUSSION AND ANALYSIS OF FINANCIAL CONDITION AND RESULTS OF OPERATIONS 
 You should read the following discussion of our financial condition and results of operations together with the audited consolidated financial statements and notes to the consolidated financial statement"," a policy of including interest related to tax loss contingencies in income tax expense (benefit) in the statements of operations. 
 We treat the taxes due on future Global Intangible Low-Taxed Income (“GILTI”) inclusions in United States taxable income as a current-period expense when incurred. 
 
",item7_block_heading,True,,,
0001335258-26-000009,2,1,8365,147136,211954," ITEM 7. MANAGEMENT’S DISCUSSION AND ANALYSIS OF FINANCIAL CONDITION AND RESULTS OF OPERATIONS 
 You should read the following discussion of our financial condition and results of operations together with the audited consolidated financial statements and notes to the consolidated financial statement","ncluding 100% bonus depreciation, domestic research cost expensing, the business interest expense limitation and makes modifications to the international tax framework. The financial reporting implications of the Act were recorded in the income tax provision for the year ended December 31, 2025. 
 
",item7_block_heading,True,,,
0001193125-17-055858,2,1,19538,111553,294447," ITEM 7. Management's Discussion and Analysis of Financial Condition and
Results of Operations. 
 The following discussion and analysis contains forward-looking statements. It should be read in conjunction with the other sections of
this Annual Report on Form 10-K, including the consolidated financi","ition of an interest in Keurig. 
 
 
 
 
 
 
 (6) 
 
 Includes our proportionate share of unusual or infrequent items, such as acquisition and divestiture-related costs and restructuring program costs, recorded by our JDE and Keurig equity method investees.
 
 
 
 57 


 
 
 
 Table of Contents 

 
",item7_block_heading,True,,,
0001193125-18-037332,2,1,18903,114007,289585," ITEM 7. Management's Discussion and Analysis of Financial Condition and
Results of Operations. 
 The following discussion and analysis contains forward-looking statements. It should be read in conjunction with the other sections of
this Annual Report on Form 10-K, including the consolidated financi","436 million in 2015 on the currency hedges related to the JDE coffee business
transactions were recorded in interest and other expense, net and are included in (income)/costs associated with the JDE coffee business transactions of $(0.01) in the table above. 
 
 
 58 


 
 
 
 Table of Contents 

 
",item7_block_heading,True,,,
0001103982-19-000005,2,1,17338,119706,265834," ITEM 7. Management’s Discussion and Analysis of Financial Condition and Results of Operations. 
 
 The following discussion and analysis contains forward-looking statements. It should be read in conjunction with the other sections of this Annual Report on Form 10-K, including the consolidated finan","rig. 
 
 
 
 
 
 (7) 
 
 Includes our proportionate share of unusual or infrequent items, such as acquisition and divestiture-related costs, restructuring program costs and discrete U.S. tax reform impacts recorded by our JDE and Keurig equity method investees. 
 
 
 
 61 
 
 
 Table of Contents 
 
",item7_block_heading,True,,,
0001103982-20-000003,2,1,16928,126831,269484," ITEM 7. Management’s Discussion and Analysis of Financial Condition and Results of Operations. 
 
 The following discussion and analysis contains forward-looking statements. It should be read in conjunction with the other sections of this Annual Report on Form 10-K, including the consolidated finan","eurig. 
 
 
 
 
 
 (7) 
 
 Includes our proportionate share of unusual or infrequent items, such as acquisition and divestiture-related costs, restructuring program costs and discrete U.S. tax reform impacts recorded by our JDE and Keurig equity method investees. 
 
 
 62 
 
 
 Table of Contents 
 
",item7_block_heading,True,,,
0001103982-21-000004,2,1,19431,135524,287349," ITEM 7. Management’s Discussion and Analysis of Financial Condition and Results of Operations. 
 
 The following discussion and analysis contains forward-looking statements. It should be read in conjunction with the other sections of this Annual Report on Form 10-K, including the consolidated finan","ty method investment transactions. 
 (7) Includes our proportionate share of significant operating and non-operating items recorded by our JDE Peet's and KDP equity method investees, such as acquisition and divestiture-related costs and restructuring program costs. 
 
 
 69 
 
 
 Table of Contents 
",item7_block_heading,True,,,
0001103982-22-000003,2,1,20216,147123,304435," ITEM 7. Management’s Discussion and Analysis of Financial Condition and Results of Operations. 
 
 The following discussion and analysis contains forward-looking statements. It should be read in conjunction with the other sections of this Annual Report on Form 10-K, including the consolidated finan","ty method investment transactions. 
 (7) Includes our proportionate share of significant operating and non-operating items recorded by our JDE Peet's and KDP equity method investees, such as acquisition and divestiture-related costs and restructuring program costs. 
 
 
 70 
 
 
 Table of Contents 
",item7_block_heading,True,,,
0001103982-23-000006,2,1,16864,142824,278898," ITEM 7. Management’s Discussion and Analysis of Financial Condition and Results of Operations 
 
 The following discussion and analysis contains forward-looking statements. It should be read in conjunction with the other sections of this Annual Report on Form 10-K, including the consolidated financ","DE Peet's and KDP equity method investees, such as acquisition and divestiture-related costs and restructuring program costs. 
 (7) Refer to Note 10, Financial Instruments , for information on our interest rate swaps that we no longer designate as cash flow hedges. 
 
 
 63 
 
 
 Table of Contents 
",item7_block_heading,True,,,
0001103982-24-000019,2,1,14929,152477,273808," ITEM 7. Management’s Discussion and Analysis of Financial Condition and Results of Operations. 
 
 The following discussion and analysis contains forward-looking statements. It should be read in conjunction with the other sections of this Annual Report on Form 10-K, including the consolidated finan","Contingencies , to the consolidated financial statements. 
 
 New Accounting Guidance 
 See Note 1, Summary of Significant Accounting Policies , to the consolidated financial statements for a discussion of new accounting standards. 
 
 
 
 
 
 
 
 
 
 
 
 
 
 
 
 
 
 60 
 
 
 
 
 Table of Contents 
",item7_block_heading,True,,,
0001103982-25-000030,2,1,15761,153590,280605," ITEM 7. Management’s Discussion and Analysis of Financial Condition and Results of Operations. 
 
 The following discussion and analysis contains forward-looking statements. It should be read in conjunction with the other sections of this Annual Report on Form 10-K, including the consolidated finan","Contingencies , to the consolidated financial statements. 
 
 New Accounting Guidance 
 See Note 1, Summary of Significant Accounting Policies , to the consolidated financial statements for a discussion of new accounting standards. 
 
 
 
 
 
 
 
 
 
 
 
 
 
 
 
 
 
 62 
 
 
 
 
 Table of Contents 
",item7_block_heading,True,,,
0001628280-26-005345,2,1,11989,150727,244050," ITEM 7. Management’s Discussion and Analysis of Financial Condition and Results of Operations. 
 
 The following discussion and analysis contains forward-looking statements. It should be read in conjunction with the other sections of this Annual Report on Form 10-K, including the consolidated finan","mmary of Significant Accounting Policies , to the consolidated financial statements for a discussion of new accounting standards that have been adopted, as well as new accounting standards that have been issued but not yet adopted. 
 
 
 
 
 
 
 
 
 
 
 
 
 
 
 
 
 
 55 
 
 
 
 
 Table of Contents 
",item7_block_heading,True,,,
0001562762-17-000024,2,1,16865,244737,429078," ITEM 7. 
 
 
 
 
 
 MAN AGEMENT’S DISCUSSION AND ANALYSIS OF FINANCIAL CONDITION AND RESULTS OF OPERATIONS 
 
 
 
 
 
 You should read the following discussion and analysis of our financial condition and results of our operations in conjunction with our “Selected Financial Data” and our audited con","e, 
 
 
 
 

 
 

 

 

 
 

 72 

 

 
 
 

 
 

 Table of Contents 

 

 
 

 

 

 
 
 and our anticipated future obligations. Given the significance of performance requirements within our advertising and other arrangements, actual payments could differ significantly from these estimates. 
 
 
 
",issuer_substantive_heading_MELI,True,,,
0001562762-18-000040,2,1,17287,235044,425497," ITEM 7. 
 
 
 
 
 
 MAN AGEMENT’S DISCUSSION AND ANALYSIS OF FINANCIAL CONDITION AND RESULTS OF OPERATIONS 
 
 
 
 
 
 You should read the following discussion and analysis of our financial condition and results of our operations in conjunction with our “Selected Financial Data” and our audited con","ates to project payment obligations based upon historical trends, when available, and our anticipated future obligations. Given the significance of performance requirements within our advertising and other arrangements, actual payments could differ significantly from these estimates. 
 
 
 
 
 
 
 
",issuer_substantive_heading_MELI,True,,,
0001562762-19-000047,2,1,15206,202639,378072," ITEM 7. 
 
 
 
 
 
 MAN AGEMENT’S DISCUSSION AND ANALYSIS OF FINANCIAL CONDITION AND RESULTS OF OPERATIONS 
 
 
 
 
 
 You should read the following discussion and analysis of our financial condition and results of our operations in conjunction with our “Selected Financial Data” and our audited con","ates to project payment obligations based upon historical trends, when available, and our anticipated future obligations. Given the significance of performance requirements within our advertising and other arrangements, actual payments could differ significantly from these estimates. 
 
 
 
 
 
 
 
",issuer_substantive_heading_MELI,True,,,
0001562762-20-000055,2,1,11267,160329,265595," ITEM 7. 
 
 MAN AGEMENT’S DISCUSSION AND ANALYSIS OF FINANCIAL CONDITION AND RESULTS OF OPERATIONS 
 You should read the following discussion and analysis of our financial condition and results of our operations in conjunction with our “Selected Financial Data” and our audited consolidated financia","eloped estimates to project payment obligations based upon historical trends, when available, and our anticipated future obligations. Given the significance of performance requirements within our advertising and other arrangements, actual payments could differ significantly from these estimates. 
 
",issuer_substantive_heading_MELI,True,,,
0001562762-21-000079,2,1,13012,173761,292010," ITEM 7. 
 
 MAN AGEMENT’S DISCUSSION AND ANALYSIS OF FINANCIAL CONDITION AND RESULTS OF OPERATIONS 
 You should read the following discussion and analysis of our financial condition and results of our operations in conjunction with our “Selected Financial Data” and our audited consolidated financia","eloped estimates to project payment obligations based upon historical trends, when available, and our anticipated future obligations. Given the significance of performance requirements within our advertising and other arrangements, actual payments could differ significantly from these estimates. 
 
",issuer_substantive_heading_MELI,True,,,
0001562762-22-000049,2,1,12552,191483,304917," ITEM 7. 
 
 MAN AGEMENT’S DISCUSSION AND ANALYSIS OF FINANCIAL CONDITION AND RESULTS OF OPERATIONS 
 You should read the following discussion and analysis of our financial condition and results of our operations in conjunction with our “Selected Financial Data” and our audited consolidated financia","ve to maintain our position in the Latin American e-commerce market. 
 We believe that our existing cash and cash equivalents and cash generated from operations will be sufficient to fund our operating activities, property and equipment expenditures and to pay or repay obligations going forward. 
 
",issuer_substantive_heading_MELI,True,,,
0001099590-23-000007,2,1,12617,207290,311962," ITEM 7. MANAGEMENT’S DISCUSSION AND ANALYSIS OF FINANCIAL CONDITION AND RESULTS OF OPERATIONS 
 You should read the following discussion and analysis of our financial condition and results of our operations in conjunction with our audited consolidated financial statements and the notes to those sta"," 
 
 75.8 
 % 
 
 3,332 
 
 
 1,709 
 
 
 94.9 
 % 
 
 
 
 
 
 
 
 
 
 
 
 
 
 
 
 Operating expenses 
 
 (2,564) 
 
 
 (1,581) 
 
 
 62.1 
 % 
 
 (2,803) 
 
 
 (1,581) 
 
 
 77.2 
 % 
 
 Income from operations 
 
 $ 
 441 
 
 
 $ 
 128 
 
 
 245.1 
 % 
 
 $ 
 529 
 
 
 $ 
 128 
 
 
 314.0 
 % 
 
 
",item7_block_heading,True,,,
0001099590-24-000008,2,1,12962,210676,316245," ITEM 7. MANAGEMENT’S DISCUSSION AND ANALYSIS OF FINANCIAL CONDITION AND RESULTS OF OPERATIONS 
 You should read the following discussion and analysis of our financial condition and results of our operations in conjunction with our audited consolidated financial statements and the notes to those sta","slation – Argentine currency status and macroeconomic outlook and Argentine exchange regulations of our audited consolidated financial statements for further detail on the currency status and the exchange regulations of our Argentine segment. 
 
 
 
 58 | MercadoLibre, Inc. 
 
 
 Table of Contents 
",item7_block_heading,True,,,
0001099590-25-000007,2,1,14273,230261,347354," ITEM 7. MANAGEMENT’S DISCUSSION AND ANALYSIS OF FINANCIAL CONDITION AND RESULTS OF OPERATIONS 
 You should read the following discussion and analysis of our financial condition and results of our operations in conjunction with our audited consolidated financial statements and the notes to those sta"," debt securities restricted and held in guarantee) and long-term investments (excluding foreign government debt securities restricted, investments held in VIEs as a consequence of securitization transactions and equity securities held at cost). 
 
 
 64 | MercadoLibre, Inc. 
 
 
 Table of Contents 
",item7_block_heading,True,,,
0001099590-26-000006,2,1,13461,232128,341939," ITEM 7. MANAGEMENT’S DISCUSSION AND ANALYSIS OF FINANCIAL CONDITION AND RESULTS OF OPERATIONS 
 You should read the following discussion and analysis of our financial condition and results of our operations in conjunction with our audited consolidated financial statements and the notes to those sta","urities restricted, investments held in VIEs as a consequence of securitization transactions and equity securities held at cost) and digital assets. 
 (3) Recast for consistency with the current presentation due to the changes explained above. 
 
 
 61 | MercadoLibre, Inc. 
 
 
 T able of Contents 
",item7_block_heading,True,,,
0001193125-17-056282,0,1,25189,178467,396572," MANAGEMENT'S DISCUSSION & ANALYSIS OF FINANCIAL
CONDITION & RESULTS OF OPERATIONS 
 
 
 
 
 
 INTRODUCTORY OVERVIEW 
 
 Martin Marietta Materials, Inc. (the Corporation or Martin Marietta) is a leading supplier of aggregates products (crushed
stone, sand and gravel) used in the construction of ","of the 2016 Annual Report and Note A: Accounting Policies and Note N: Commitments and Contingencies
of the Notes to Financial Statements on pages 15 through 21 and 36 and 37, respectively, of the audited consolidated financial statements included in the 2016 Annual Report. 
 
 
 
 
 
 
 
 
 
 ",incorporated_Exhibit_13_MLM,True,https://www.sec.gov/Archives/edgar/data/916076/000119312517056282/d344578dex1301.htm,HTML,d761622ea262808648b91f6a271e2b9fa325049477cc8e294ec2ca48b01a688f
0001193125-18-055887,0,1,24368,179604,380028," MANAGEMENT'S DISCUSSION & ANALYSIS OF FINANCIAL CONDITION & RESULTS OF
OPERATIONS 
 
 
 
 
 
 


 
 
 INTRODUCTORY OVERVIEW 
 
 Martin Marietta Materials, Inc. (the Company or Martin Marietta), is a natural resource-based building materials company. The
Company supplies aggregates (crushed ston","nd Analysis of Financial Condition and Results of Operations of this Annual Report and Note A: Accounting Policies and Note N: Commitments and Contingencies of the Notes to Financial Statements
of the audited consolidated financial statements included in this Annual Report. 
 
 
 
 
 
 
 
 
 ",incorporated_Exhibit_13_MLM,True,https://www.sec.gov/Archives/edgar/data/916076/000119312518055887/d529448dex1301.htm,HTML,0bb16c13152b6a7c2a0ce7ac86f112ec25e570c0fe961c5e065000daa1607a7e
0001193125-19-049961,0,1,23825,181615,380434," MANAGEMENT'S DISCUSSION & ANALYSIS OF FINANCIAL CONDITION & RESULTS OF OPERATIONS
 
 
 
 
 
 
 
 


 
 
 INTRODUCTORY OVERVIEW 
 
 Martin Marietta Materials, Inc. (the Company or Martin Marietta) is a natural resource-based building materials company. The
Company supplies aggregates (crushed st","rm 10-K and in ITEM 1A of the Company's Annual
Report on Form 10-K, Note A: Accounting Policies and Note O: Commitments and Contingencies of the Notes to Financial Statements of the audited consolidated financial
statements included in this Annual Report. 
 
 


 
 
 
 
 
 
 
 
 
 
 
 
 
 
 
 ",incorporated_Exhibit_13_MLM,True,https://www.sec.gov/Archives/edgar/data/916076/000119312519049961/d640896dex1301.htm,HTML,e3037b5b75de770079c2b0da2eca77e2cb57408203d4a8e937f32025c3e369a7
0001564590-20-005784,2,1,19937,185855,357881," ITEM 7 – MANAGEMENT’S DISCUSSION AND ANALYSIS OF FINANCIAL CONDITION AND RESULTS OF OPERATIONS 
 
 INTRODUCTORY OVERVIEW 
 
 Martin Marietta Materials, Inc. (the “Company” or “Martin Marietta”) is a natural resource-based building materials company. The Company supplies aggregates (crushed stone, s","solidated financial statements included in this Form 10-K. 
 
 
 
 
 
 
 
 
 
 
 
 
 
 
 
 
 Form 10-K ♦ Page 70 
 
 
 
 
 
 
 
 
 
 Celebrating 25 Years as a Public Company 
 
 
 
 
 
 
 
 
 
 
 
 
 
 
 
 
 
 
 
 
 
 Part II ♦ ITEM 7A – Quantitative and Qualitative Disclosures About Market Risk 
 
",item7_block_heading,True,,,
0001564590-21-006959,2,1,19480,155632,319525," ITEM 7 – MANAGEMENT’S DISCUSSION AND ANALYSIS OF FINANCIAL CONDITION AND RESULTS OF OPERATIONS 
 
 INTRODUCTORY OVERVIEW 
 
 Martin Marietta Materials, Inc. (the Company or Martin Marietta) is a natural resource-based building materials company. The Company supplies aggregates (crushed stone, sand ","blication and we assume no obligation to update any such forward-looking statements. 
 
 
 
 
 
 
 
 
 
 
 
 
 
 
 
 
 A World-Class Organization Built for Success 
 
 
 
 
 
 
 
 Form 10-K ♦ Page 63 
 
 
 
 
 
 
 Part II ♦ ITEM 7A – Quantitative and Qualitative Disclosures About Market Risk 
 
 
 
",item7_block_heading,True,,,
0001564590-22-005965,2,1,19435,168375,330038," ITEM 7 – MANAGEMENT’S DISCUSSION AND ANALYSIS OF FINANCIAL CONDITION AND RESULTS OF OPERATIONS 
 
 INTRODUCTORY OVERVIEW 
 
 Martin Marietta Materials, Inc. (the Company or Martin Marietta) is a natural resource-based building materials company, with 2021 total revenues of $5.41 billion and net ear"," of filing or publication and we assume no obligation to update any such forward-looking statements. 
 
 
 
 
 
 
 
 
 
 
 
 
 
 
 
 
 Form 10-K ♦ Page 68 
 
 
 
 
 
 
 
 SOAR to a Sustainable Future 
 
 
 
 
 
 
 Part II ♦ ITEM 7A – Quantitative and Qualitative Disclosures About Market Risk 
 
 
 
",item7_block_heading,True,,,
0000950170-23-004361,2,1,17584,170174,312598," ITEM 7 – MANAGEMENT’S DISCUSSI ON AND ANALYSIS OF FINANCIAL CONDITION AND RESULTS OF OPERATIONS 
 
 INTRODUCTORY OVERVIEW 
 
 
 
 Martin Marietta Materials, Inc. (the Company or Martin Marietta) is a natural resource-based building materials company, with 2022 total revenues of $6.16 billion and 20","ng statements are made as of the date of filing or publication and we assume no obligation to update any such forward-looking statements. 
 
 
 
 
 
 
 
 
 
 
 
 
 
 
 
 
 Form 10-K ♦ Page 67 
 
 
 
 
 
 
 
 
 
 
 
 
 Part II ♦ ITEM 7A – Quantitative and Qualitative Disclosures About Market Risk 
 
",item7_block_heading,True,,,
0000950170-24-019275,2,1,15852,177613,303192," ITEM 7 – MANAGEMENT’S DISCUSSI ON AND ANALYSIS OF FINANCIAL CONDITION AND RESULTS OF OPERATIONS 
 
 INTRODUCTORY OVERVIEW 
 
 
 
 Martin Marietta Materials, Inc. (the Company or Martin Marietta) is a natural resource-based building materials company, with 2023 total revenues of $6.78 billion and 20"," statements are made as of the date of filing or publication and we assume no obligation to update any such forward-looking statements. 
 
 
 
 
 
 
 
 
 
 
 
 
 
 
 
 
 
 Form 10-K ♦ Page 65 
 
 
 
 
 
 
 
 
 
 
 
 
 Part II ♦ ITEM 7A – Quantitative and Qualitative Disclosures About Market Risk 
 
",item7_block_heading,True,,,
0000950170-25-024770,2,1,14320,166687,279420," ITEM 7 – MANAGEMENT’S DISCUSSI ON AND ANALYSIS OF FINANCIAL CONDITION AND RESULTS OF OPERATIONS 
 
 INTRODUCTORY OVERVIEW 
 
 
 
 Martin Marietta Materials, Inc. (the Company or Martin Marietta) is a natural resource-based building materials company, with 2024 revenues of $6.5 billion and 2024 net ","tatements are made as of the date of filing or publication and we assume no obligation to update any such forward-looking statements. 
 
 
 
 
 
 
 
 
 
 
 
 
 
 
 
 
 
 
 Form 10-K ♦ Page 61 
 
 
 
 
 
 
 
 
 
 
 
 
 Part II ♦ ITEM 7A – Quantitative and Qualitative Disclosures About Market Risk 
 
",item7_block_heading,True,,,
0001193125-26-059193,2,1,14917,171646,292953," ITEM 7 – MANAGEMENT’S DISCUSSI ON AND ANALYSIS OF FINANCIAL CONDITION AND RESULTS OF OPERATIONS 
 INTRODUCTORY OVERVIEW 
 
 Martin Marietta Materials, Inc. (the Company or Martin Marietta) is a natural resource-based building materials company, with 2025 revenues of $6.2 billion and 2025 net earnin","tatements are made as of the date of filing or publication and we assume no obligation to update any such forward-looking statements. 
 
 
 
 
 
 
 
 
 
 
 
 
 
 
 
 
 
 Form 10-K ♦ Page 64 
 
 
 
 
 
 
 
 
 
 
 
 
 Part II ♦ ITEM 7A – Quantitative and Qualitative Disclosures About Market Risk 
 
 
",item7_block_heading,True,,,
0001104659-17-013048,1,1,14328,139079,257776," ITEM 7. MANAGEMENT'S DISCUSSION AND A NALYSIS OF FINANCIAL CONDITION AND RESULTS OF OPERATIONS 
 
 
 
 The following Management's Discussion and Analysis of Financial Condition and Results of Operations (MD&A) is provided as a supplement to  and should be read in conjunction with  our financial","de updates to forward-looking statements, and the estimates and assumptions associated with them, after the date of this report, in order to reflect changes in circumstances or expectations or the occurrence of unanticipated events except to the extent required by applicable securities laws. 
 
 
 
",item7_block_heading,True,,,
0001104659-18-014057,1,1,14356,134929,254801," ITEM 7. MANAGEMENT'S DISCUSSION AND ANALYSIS OF FINANCIAL CONDITION AND RESULTS OF OPERATIONS 
 
 
 
 The following Management's Discussion and Analysis of Financial Condition and Results of Operations (MD&A) is provided as a supplement to  and should be read in conjunction with  our financial ","de updates to forward-looking statements, and the estimates and assumptions associated with them, after the date of this report, in order to reflect changes in circumstances or expectations or the occurrence of unanticipated events except to the extent required by applicable securities laws. 
 
 
 
",item7_block_heading,True,,,
0001104659-19-011581,1,1,13382,136898,245331," ITEM 7. MANAGEMENT'S DISCUSSION AND ANALYSIS OF FINANCIAL CONDITION AND RESULTS OF OPERATIONS 
 
 
 
 The following Management's Discussion and Analysis of Financial Condition and Results of Operations (MD&A) is provided as a supplement to  and should be read in conjunction with  our financial ","de updates to forward-looking statements, and the estimates and assumptions associated with them, after the date of this report, in order to reflect changes in circumstances or expectations or the occurrence of unanticipated events except to the extent required by applicable securities laws. 
 
 
 
",item7_block_heading,True,,,
0001104659-20-027209,1,1,13421,146293,251367," ITEM 7. MANAGEMENT’S DISCUSSION AND ANALYSIS OF FINANCIAL CONDITION AND RESULTS OF OPERATIONS 
 The following Management’s Discussion and Analysis of Financial Condition and Results of Operations (“MD&A”) is provided as a supplement to – and should be read in conjunction with – our financial statem","rovide updates to forward-looking statements, and the estimates and assumptions associated with them, after the date of this report, in order to reflect changes in circumstances or expectations or the occurrence of unanticipated events except to the extent required by applicable securities laws. 
 
",item7_block_heading,True,,,
0001104659-21-029943,1,1,15130,160457,277822," ITEM 7. MANAGEMENT’S DISCUSSION AND ANALYSIS OF FINANCIAL CONDITION AND RESULTS OF OPERATIONS 
 The following Management’s Discussion and Analysis of Financial Condition and Results of Operations (“MD&A”) is provided as a supplement to – and should be read in conjunction with – our financial statem","tements, and the estimates and assumptions associated with them, after the date of this report, in order to reflect changes in circumstances or expectations or the occurrence of unanticipated events except to the extent required by applicable securities laws. 
 
 
 70 
 
 
 
 
 Table of Contents 
 
",item7_block_heading,True,,,
0001104659-22-028182,1,1,11711,160589,252518," ITEM 7. MANAGEMENT’S DISCUSSION AND ANALYSIS OF FINANCIAL CONDITION AND RESULTS OF OPERATIONS 
 The following Management’s Discussion and Analysis of Financial Condition and Results of Operations (“MD&A”) is provided as a supplement to – and should be read in conjunction with – our financial statem"," provide updates to forward-looking statements, and the estimates and assumptions associated with them, after the date of this report, in order to reflect changes in circumstances or expectations or the occurrence of unanticipated events except to the extent required by applicable securities laws. 
",item7_block_heading,True,,,
0001104659-23-027245,1,1,12077,178041,272907," ITEM 7. MANAGEMENT’S DISCUSSION AND ANALYSIS OF FINANCIAL CONDITION AND RESULTS OF OPERATIONS 
 The following Management’s Discussion and Analysis of Financial Condition and Results of Operations (“MD&A”) is provided as a supplement to – and should be read in conjunction with – our financial statem"," provide updates to forward-looking statements, and the estimates and assumptions associated with them, after the date of this report, in order to reflect changes in circumstances or expectations or the occurrence of unanticipated events except to the extent required by applicable securities laws. 
",item7_block_heading,True,,,
0001104659-24-029425,1,1,11780,182563,275735," ITEM 7. MANAGEMENT’S DISCUSSION AND ANALYSIS OF FINANCIAL CONDITION AND RESULTS OF OPERATIONS 
 The following Management’s Discussion and Analysis of Financial Condition and Results of Operations (“MD&A”) is provided as a supplement to – and should be read in conjunction with – our financial statem"," provide updates to forward-looking statements, and the estimates and assumptions associated with them, after the date of this report, in order to reflect changes in circumstances or expectations or the occurrence of unanticipated events except to the extent required by applicable securities laws. 
",item7_block_heading,True,,,
0001410578-25-000248,1,1,11799,183574,276911," ITEM 7. MANAGEMENT’S DISCUSSION AND ANALYSIS OF FINANCIAL CONDITION AND RESULTS OF OPERATIONS 
 The following Management’s Discussion and Analysis of Financial Condition and Results of Operations (“MD&A”) is provided as a supplement to – and should be read in conjunction with – our financial statem"," provide updates to forward-looking statements, and the estimates and assumptions associated with them, after the date of this report, in order to reflect changes in circumstances or expectations or the occurrence of unanticipated events except to the extent required by applicable securities laws. 
",item7_block_heading,True,,,
0001104659-26-020831,1,1,9397,188213,264521," ITEM 7. MANAGEMENT’S DISCUSSION AND ANALYSIS OF FINANCIAL CONDITION AND RESULTS OF OPERATIONS 
 The following MD&A is provided as a supplement to – and should be read in conjunction with – our financial statements and the accompanying notes (“Notes”) included in Part II, ITEM 8 of this Form 10-K. T","tatements, and the estimates and assumptions associated with them, after the date of this report, in order to reflect changes in circumstances or expectations or the occurrence of unanticipated events except to the extent required by applicable securities laws. 
 
 57 
 
 
 
 
 Table of Contents 
 
",item7_block_heading,True,,,
0000764180-17-000028,2,1,18557,78274,219393," ITEM 7. Management’s Discussion and Analysis of Financial Condition and Results of Operations. 
 
 
 
 The following discussion should be read in conjunction with the other sections of this Annual Report on Form 10-K, including the consolidated financial statements and related notes contained in IT","r Matters and Issuer Purchases of Equity Securities of this Annual Report on Form 10-K. 
 Recent Accounting Guidance Not Yet Adopted 
 See Note 2 for a discussion of recent accounting guidance issued but not yet adopted. 
 Contingencies 
 See Note 19 and ITEM 3 for a discussion of contingencies. 
 
",item7_block_heading,True,,,
0000764180-18-000028,2,1,18678,78640,220952," ITEM 7. Management’s Discussion and Analysis of Financial Condition and Results of Operations. 
 
 
 
 The following discussion should be read in conjunction with the other sections of this Annual Report on Form 10-K, including the consolidated financial statements and related notes contained in IT"," the U.S. federal corporate tax rate in the Tax Reform Act is recognized. Altria Group, Inc. is in the process of evaluating the impact of this guidance on its consolidated financial statements and related disclosures. 
 Contingencies 
 See Note 18 and ITEM 3 for a discussion of contingencies. 
 
 
",item7_block_heading,True,,,
0000764180-19-000023,2,1,19331,80274,226757," ITEM 7. Management’s Discussion and Analysis of Financial Condition and Results of Operations. 
 
 
 
 The following discussion should be read in conjunction with the other sections of this Annual Report on Form 10-K, including the consolidated financial statements and related notes contained in IT","suer Purchases of Equity Securities of this Annual Report on Form 10-K. 
 New Accounting Guidance Not Yet Adopted 
 See Note 2 for a discussion of issued accounting guidance applicable to, but not yet adopted by, Altria. 
 Contingencies 
 See Note 19 and ITEM 3 for a discussion of contingencies. 
 
",item7_block_heading,True,,,
0000764180-20-000018,2,1,20946,83782,239896," ITEM 7. Management’s Discussion and Analysis of Financial Condition and Results of Operations. 
 The following discussion should be read in conjunction with the other sections of this Annual Report on Form 10-K, including the consolidated financial statements and related notes contained in ITEM 8, ","er Purchases of Equity Securities of this Annual Report on Form 10-K. 
 New Accounting Guidance Not Yet Adopted 
 See Note 2 for a discussion of issued accounting guidance applicable to, but not yet adopted by, Altria. 
 Contingencies 
 See Note 19 and ITEM 3 for a discussion of contingencies. 
 
 
",item7_block_heading,True,,,
0000764180-21-000037,2,1,24904,96505,280888," ITEM 7. Management’s Discussion and Analysis of Financial Condition and Results of Operations. 
 The following discussion should be read in conjunction with the other sections of this Form 10-K, including the consolidated financial statements and related notes contained in ITEM 8, and the discussio","es 
 
 $ 
 — 
 
 
 $ 
 22,094 
 
 
 
 Gross profit 
 
 — 
 
 
 10,693 
 
 
 
 Net earnings (losses) 
 
 (1,061) 
 
 
 6,947 
 
 
 
 
 
 
 
 
 
 (1) For the year ended December 31, 2020, net earnings (losses) includes $228 million of intercompany interest income from non-guarantor subsidiaries. 
 
 
",item7_block_heading,True,,,
0000764180-22-000019,2,1,22563,93158,258326," ITEM 7. Management’s Discussion and Analysis of Financial Condition and Results of Operations. 
 The following discussion should be read in conjunction with the other sections of this Form 10-K, including the consolidated financial statements and related notes contained in ITEM 8, and the discussio","es 
 
 $ 
 — 
 
 
 $ 
 21,848 
 
 
 
 Gross profit 
 
 — 
 
 
 11,064 
 
 
 
 Net earnings (losses) 
 
 (5,812) 
 
 
 7,256 
 
 
 
 
 
 
 
 
 
 (1) For the year ended December 31, 2021, net earnings (losses) includes $231 million of intercompany interest income from non-guarantor subsidiaries. 
 
 
",item7_block_heading,True,,,
0000764180-23-000020,2,1,21383,88289,243163," ITEM 7. Management’s Discussion and Analysis of Financial Condition and Results of Operations. 
 The following discussion should be read in conjunction with the other sections of this Form 10-K, including the consolidated financial statements and related notes contained in ITEM 8, and the discussio","es 
 
 $ 
 — 
 
 
 $ 
 21,418 
 
 
 
 Gross profit 
 
 — 
 
 
 11,505 
 
 
 
 Net earnings (losses) 
 
 (2,366) 
 
 
 7,487 
 
 
 
 
 
 
 
 
 
 (1) For the year ended December 31, 2022, net earnings (losses) includes $231 million of intercompany interest income from non-guarantor subsidiaries. 
 
 
",item7_block_heading,True,,,
0000764180-24-000018,2,1,21255,103442,258224," ITEM 7. Management’s Discussion and Analysis of Financial Condition and Results of Operations. 
 The following discussion should be read in conjunction with the other sections of this Form 10-K, including our consolidated financial statements and related notes contained in ITEM 8, and the discussio"," million of intercompany interest income from non-guarantor subsidiaries and $389 million of interest expense from non-guarantor subsidiaries. 
 (2) For the year ended December 31, 2023, net earnings (losses) include $245 million of intercompany interest income from non-guarantor subsidiaries. 
 
 
",item7_block_heading,True,,,
0000764180-25-000019,2,1,22714,115255,280799," ITEM 7. Management’s Discussion and Analysis of Financial Condition and Results of Operations. 
 The following discussion should be read in conjunction with the other sections of this Form 10-K, including our consolidated financial statements and related notes contained in ITEM 8, and the discussio"," million of intercompany interest income from non-guarantor subsidiaries and $468 million of interest expense from non-guarantor subsidiaries. 
 (2) For the year ended December 31, 2024, net earnings (losses) include $294 million of intercompany interest income from non-guarantor subsidiaries. 
 
 
",item7_block_heading,True,,,
0000764180-26-000017,2,1,21192,117694,272989," ITEM 7. Management’s Discussion and Analysis of Financial Condition and Results of Operations. 
 The following Management’s Discussion and Analysis of Financial Condition and Results of Operations (“MD&A”) should be read in conjunction with the other sections of this Form 10-K, including our consol"," million of intercompany interest income from non-guarantor subsidiaries and $423 million of interest expense from non-guarantor subsidiaries. 
 (2) For the year ended December 31, 2025, net earnings (losses) include $258 million of intercompany interest income from non-guarantor subsidiaries. 
 
 
",item7_block_heading,True,,,
0001564590-17-002336,2,1,12520,233054,390206," ITEM 7. 
 
 
 
 Management’s Discussion and Analysis of Financial Condition and Results of Operations 
 
 The following discussion and analysis of the financial condition and results of our operations should be read in conjunction with the consolidated financial statements and related notes include","ng off-balance sheet arrangements or other contractually narrow or limited purposes. 
 
 Recent Accounting Standards Updates 
 
 See Note 2, “Recent Accounting Standards Updates,” of the Notes to the Consolidated Financial Statements included herein for further information. 
 
 
 
 
 
 
 
 
 
 
 
 
",item7_block_heading,True,,,
0001564590-18-003147,2,1,13893,198392,364655," ITEM 7. 
 
 
 
 Management’s Discussion and Analysis of Financial Condition and Results of Operations 
 
 The following discussion and analysis of the financial condition and results of our operations should be read in conjunction with the consolidated financial statements and related notes include","t on the income statement of the volatility of amounts denominated in certain foreign currencies. We recognized total foreign currency exchange losses of $2.2 million, $0.2 million and $2.2 million for the years ended December 31, 2017, 2016 and 2015, respectively. 
 
 74 
 
 
 
 
 
 
 
 
 
 
 
 
 
",item7_block_heading,True,,,
0001564590-19-003885,2,1,13069,191777,352650," ITEM 7. 
 
 
 
 Management’s Discussion and Analysis of Financial Condition and Results of Operations 
 
 The following discussion and analysis of the financial condition and results of our operations should be read in conjunction with the consolidated financial statements and related notes include","the impact on the income statement of the volatility of amounts denominated in certain foreign currencies. We recognized total foreign currency exchange losses of $0.4 million, $2.2 million and $0.2 million for the years ended December 31, 2018, 2017 and 2016, respectively. 
 
 
 
 
 
 
 
 
 
 
 
 
",item7_block_heading,True,,,
0001564590-20-004992,2,1,8913,152683,253287," ITEM 7. 
 
 
 
 Management’s Discussion and Analysis of Financial Condition and Results of Operations 
 
 The following discussion and analysis of the financial condition and results of our operations for the year ended December 31, 2019 should be read in conjunction with the consolidated financial","lance sheet arrangements or other contractually narrow or limited purposes. 
 
 Recent Accounting Standards Updates 
 
 See Note 2, “Recent Accounting Standards Updates,” of the Notes to the Consolidated Financial Statements included herein for further information. 
 
 
 
 54 
 
 
 
 
 
 
 
 
 
 
 
",item7_block_heading,True,,,
0001564590-21-005811,2,1,8916,172084,272651," ITEM 7. 
 
 
 
 Management’s Discussion and Analysis of Financial Condition and Results of Operations 
 
 The following discussion and analysis of the financial condition and results of our operations for the year ended December 31, 2020 should be read in conjunction with the consolidated financial","tating off-balance sheet arrangements or other contractually narrow or limited purposes. 
 
 Recent Accounting Standards Updates 
 
 See Note 2, “Recent Accounting Standards Updates,” of the Notes to the Consolidated Financial Statements included herein for further information. 
 
 
 
 
 
 
 
 
 
 
",item7_block_heading,True,,,
0001564590-22-004803,2,1,11576,178541,313637," ITEM 7. 
 
 
 
 Management’s Discussion and Analysis of Financial Condition and Results of Operations 
 
 The following Management’s Discussion and Analysis of Financial Condition and Results of Operations is a discussion and analysis of the financial condition and results of the operations of MSCI","e because of the uncertainty surrounding the timing and final amounts of any settlement. 
 
 Recent Accounting Standards Updates 
 
 See Note 2, “Recent Accounting Standards Updates,” of the Notes to the Consolidated Financial Statements included herein for further information. 
 
 
 
 
 
 
 
 
 
 
",item7_block_heading,True,,,
0001408198-23-000011,2,1,9626,172316,253123," ITEM 7. Management’s Discussion and Analysis of Financial Condition and Results of Operations 
 The following Management’s Discussion and Analysis of Financial Condition and Results of Operations is a discussion and analysis of the financial condition and results of the operations of MSCI Inc. and "," from the table above because of the uncertainty surrounding the timing and final amounts of any settlement. 
 
 Recent Accounting Standards Updates 
 See Note 2, “Recent Accounting Standards Updates,” of the Notes to the Consolidated Financial Statements included herein for further information. 
 
",item7_block_heading,True,,,
0001408198-24-000030,2,1,9902,186186,269180," ITEM 7. Management’s Discussion and Analysis of Financial Condition and Results of Operations 
 The following Management’s Discussion and Analysis of Financial Condition and Results of Operations is a discussion and analysis of the financial condition and results of the operations of MSCI Inc. and ","f the uncertainty surrounding the timing and final amounts of any settlement. 
 
 Recent Accounting Standards Updates 
 See Note 2, “Recent Accounting Standards Updates,” of the Notes to the Consolidated Financial Statements included herein for further information. 
 
 
 55 
 
 
 Table of Contents 
",item7_block_heading,True,,,
0001408198-25-000053,2,1,10204,175657,261695," ITEM 7. Management’s Discussion and Analysis of Financial Condition and Results of Operations 
 INDEX TO MANAGEMENT’S DISCUSSION AND ANALYSIS 
 
 
 
 
 
 
 
 
 
 
 Page 
 
 
 Overview 
 
 35 
 
 
 Current Trends Affecting MSCI 
 
 35 
 
 
 Key Financial and Operating Metrics and Drivers 
 
 36 
 
 ","he uncertainty surrounding the timing and final amounts of any settlement. 
 
 Recent Accounting Standards Updates 
 See Note 2, “Recent Accounting Standards Updates,” of the Notes to the Consolidated Financial Statements included herein for further information. 
 
 
 
 
 56 
 
 Table of Content s 
",item7_block_heading,True,,,
0001408198-26-000011,2,1,9569,184720,265898," ITEM 7. Management’s Discussion and Analysis of Financial Condition and Results of Operations 
 INDEX TO MANAGEMENT’S DISCUSSION AND ANALYSIS 
 
 
 
 
 
 
 
 
 
 
 Page 
 
 
 Overview 
 
 36 
 
 
 Current Trends Affecting MSCI 
 
 36 
 
 
 Key Financial and Operating Metrics and Drivers 
 
 37 
 
 ","the uncertainty surrounding the timing and final amounts of any settlement. 
 
 Recent Accounting Standards Updates 
 See Note 2, “Recent Accounting Standards Updates,” of the Notes to the Consolidated Financial Statements included herein for further information. 
 
 
 
 
 57 
 
 Table of Contents 
",item7_block_heading,True,,,
0001037646-17-000004,2,1,7875,95768,155672," ITEM 7. 
 
 Management’s Discussion and Analysis of Financial Condition and Results of Operations 
 The following discussion and analysis of our financial condition and results of operations should be read together with our audited consolidated financial statements. 
 Changes in local currencies ex","stomer’s pre-defined equipment over the contract period. Service contracts are separately priced and payment is typically received from the customer at the beginning of the contract period. 
 New Accounting Pronouncements 
 See Note 2 to the audited consolidated financial statements. 
 
 
 
 
 
 
 
",item7_block_heading,True,,,
0001037646-18-000006,2,1,8391,96716,159846," ITEM 7. 
 
 Management’s Discussion and Analysis of Financial Condition and Results of Operations 
 The following discussion and analysis of our financial condition and results of operations should be read together with our audited consolidated financial statements. 
 Changes in local currencies ex","customer’s pre-defined equipment over the contract period. Service contracts are separately priced and payment is typically received from the customer at the beginning of the contract period. 
 New Accounting Pronouncements 
 See Note 2 to the audited consolidated financial statements. 
 
 
 
 
 
 
",item7_block_heading,True,,,
0001037646-19-000010,2,1,8152,101572,163555," ITEM 7. 
 
 Management’s Discussion and Analysis of Financial Condition and Results of Operations 
 The following discussion and analysis of our financial condition and results of operations should be read together with our audited consolidated financial statements. 
 Changes in local currencies ex"," regulatory compliance qualification, calibration, certification, and preventative maintenance on a customer’s pre-defined equipment over the contract period. 
 New Accounting Pronouncements 
 See Note 2 to the audited consolidated financial statements. 
 
 
 47 
 
 
 Table of Contents 
 
 
 
 
 
 
",item7_block_heading,True,,,
0001037646-20-000005,2,1,8399,106202,169717," ITEM 7. 
 
 Management’s Discussion and Analysis of Financial Condition and Results of Operations 
 The following discussion and analysis of our financial condition and results of operations should be read together with our consolidated financial statements. 
 Changes in local currencies exclude th","ate reflects similar terms by geographic location to the underlying leases. A change in the incremental borrowing rate assumption of 1% would impact the lease liability by approximately $2.6 million. 
 New Accounting Pronouncements 
 See Note 2 to the consolidated financial statements. 
 
 
 
 
 
 
",item7_block_heading,True,,,
0001037646-21-000008,2,1,8483,108297,171622," ITEM 7. Management’s Discussion and Analysis of Financial Condition and Results of Operations 
 The following discussion and analysis of our financial condition and results of operations should be read together with our consolidated financial statements. 
 Changes in local currencies exclude the ef","plans, representing a weighted average of local rates in countries where such plans exist. A change in the discount rate of 1% would impact annual benefit plan expense by approximately $10.7 million after tax. 
 New Accounting Pronouncements 
 See Note 2 to the consolidated financial statements. 
 
",item7_block_heading,True,,,
0001037646-22-000008,2,1,7646,106440,163870," ITEM 7. Management’s Discussion and Analysis of Financial Condition and Results of Operations 
 The following discussion and analysis of our financial condition and results of operations should be read together with our consolidated financial statements. 
 Changes in local currencies exclude the ef"," if the fair value estimate declines below the carrying value. 
 Our amortization expense related to intangible assets with finite lives may materially change should our estimates of their useful lives change. 
 New Accounting Pronouncements 
 See Note 2 to the consolidated financial statements. 
 
",item7_block_heading,True,,,
0001037646-23-000005,2,1,7582,109190,166181," ITEM 7. Management’s Discussion and Analysis of Financial Condition and Results of Operations 
 The following discussion and analysis of our financial condition and results of operations should be read together with our consolidated financial statements. 
 Changes in local currencies exclude the ef"," if the fair value estimate declines below the carrying value. 
 Our amortization expense related to intangible assets with finite lives may materially change should our estimates of their useful lives change. 
 New Accounting Pronouncements 
 See Note 2 to the consolidated financial statements. 
 
",item7_block_heading,True,,,
0001037646-24-000007,2,1,7403,120738,176514," ITEM 7. Management’s Discussion and Analysis of Financial Condition and Results of Operations 
 The following discussion and analysis of our financial condition and results of operations should be read together with our consolidated financial statements. 
 Changes in local currencies exclude the ef"," if the fair value estimate declines below the carrying value. 
 Our amortization expense related to intangible assets with finite lives may materially change should our estimates of their useful lives change. 
 New Accounting Pronouncements 
 See Note 2 to the consolidated financial statements. 
 
",item7_block_heading,True,,,
0001037646-25-000012,2,1,7260,117116,172729," ITEM 7. Management’s Discussion and Analysis of Financial Condition and Results of Operations 
 The following discussion and analysis of our financial condition and results of operations should be read together with our consolidated financial statements. 
 Changes in local currencies exclude the ef"," if the fair value estimate declines below the carrying value. 
 Our amortization expense related to intangible assets with finite lives may materially change should our estimates of their useful lives change. 
 New Accounting Pronouncements 
 See Note 2 to the consolidated financial statements. 
 
",item7_block_heading,True,,,
0001037646-26-000011,2,1,7414,113793,170379," ITEM 7. Management’s Discussion and Analysis of Financial Condition and Results of Operations 
 The following discussion and analysis of our financial condition and results of operations should be read together with our consolidated financial statements. 
 Changes in local currencies exclude the ef"," if the fair value estimate declines below the carrying value. 
 Our amortization expense related to intangible assets with finite lives may materially change should our estimates of their useful lives change. 
 New Accounting Pronouncements 
 See Note 2 to the consolidated financial statements. 
 
",item7_block_heading,True,,,
0000320187-16-000336,2,1,16625,118668,256289," ITEM 7. Management’s Discussion and Analysis of Financial Condition and Results of Operations 
 NIKE designs, develops, markets and sells athletic footwear, apparel, equipment, accessories and services worldwide. We are the largest seller of athletic footwear and apparel in the world. We sell our p","edict the outcome of pending legal matters with certainty, we do not believe any currently identified claim, proceeding or litigation, either individually or in aggregate, will have a material impact on our results of operations, financial position or cash flows. 
 
 
 43 
 
 
 Table of Contents 
 
",item7_block_heading,True,,,
0000320187-17-000090,2,1,15516,122159,252443," ITEM 7. Management’s Discussion and Analysis of Financial Condition and Results of Operations 
 NIKE designs, develops, markets and sells athletic footwear, apparel, equipment, accessories and services worldwide. We are the largest seller of athletic footwear and apparel in the world. We sell our p","edict the outcome of pending legal matters with certainty, we do not believe any currently identified claim, proceeding or litigation, either individually or in aggregate, will have a material impact on our results of operations, financial position or cash flows. 
 
 
 41 
 
 
 Table of Contents 
 
",item7_block_heading,True,,,
0000320187-18-000142,2,1,13581,123055,235947," ITEM 7. Management’s Discussion and Analysis of Financial Condition and Results of Operations 
 NIKE designs, develops, markets and sells athletic footwear, apparel, equipment, accessories and services worldwide. We are the largest seller of athletic footwear and apparel in the world. We sell our p","edict the outcome of pending legal matters with certainty, we do not believe any currently identified claim, proceeding or litigation, either individually or in aggregate, will have a material impact on our results of operations, financial position or cash flows. 
 
 
 39 
 
 
 Table of Contents 
 
",item7_block_heading,True,,,
0000320187-19-000051,2,1,11077,121082,213713," ITEM 7. MANAGEMENT'S DISCUSSION AND ANALYSIS OF FINANCIAL CONDITION AND RESULTS OF OPERATIONS 
 NIKE designs, develops, markets and sells athletic footwear, apparel, equipment, accessories and services worldwide. We are the largest seller of athletic footwear and apparel in the world. We sell our p","ing legal matters with certainty, we do not believe any currently identified claim, proceeding or litigation, either individually or in aggregate, will have a material impact on our results of operations, financial position or cash flows. 
 
 
 
 
 
 2019 FORM 10-K 43 
 
 
 
 Table of Contents 
 
 
",item7_block_heading,True,,,
0000320187-20-000047,2,1,13647,137700,248890," ITEM 7. MANAGEMENT'S DISCUSSION AND ANALYSIS OF FINANCIAL CONDITION AND RESULTS OF OPERATIONS 
 NIKE designs, develops, markets and sells athletic footwear, apparel, equipment, accessories and services worldwide. We are the largest seller of athletic footwear and apparel in the world. We sell our p","nding legal matters with certainty, we do not believe any currently identified claim, proceeding or litigation, either individually or in aggregate, will have a material impact on our results of operations, financial position or cash flows. 
 
 
 
 2020 FORM 10-K 49 
 
 
 
 
 Table of Contents 
 
 
",item7_block_heading,True,,,
0000320187-21-000028,2,1,12852,141104,242844," ITEM 7. MANAGEMENT'S DISCUSSION AND ANALYSIS OF FINANCIAL CONDITION AND RESULTS OF OPERATIONS 
 NIKE designs, develops, markets and sells athletic footwear, apparel, equipment, accessories and services worldwide. We are the largest seller of athletic footwear and apparel in the world. We sell our p","f pending legal matters with certainty, we do not believe any currently identified claim, proceeding or litigation, either individually or in aggregate, will have a material impact on our results of operations, financial position or cash flows. 
 
 
 2021 FORM 10-K 50 
 
 
 
 
 Table of Contents 
 
",item7_block_heading,True,,,
0000320187-22-000038,2,1,12011,148623,243256," ITEM 7. MANAGEMENT'S DISCUSSION AND ANALYSIS OF FINANCIAL CONDITION AND RESULTS OF OPERATIONS 
 NIKE designs, develops, markets and sells athletic footwear, apparel, equipment, accessories and services worldwide. We are the largest seller of athletic footwear and apparel in the world. We sell our p","ere is a reasonable possibility the ultimate loss will materially exceed the recorded liability. 
 Refer to Note 18 — Commitments and Contingencies in the accompanying Notes to the Consolidated Financial Statements for additional information. 
 
 
 
 2022 FORM 10-K 49 
 
 
 
 
 Table of Contents 
 
",item7_block_heading,True,,,
0000320187-23-000039,2,1,10126,147453,229724," ITEM 7. MANAGEMENT'S DISCUSSION AND ANALYSIS OF FINANCIAL CONDITION AND RESULTS OF OPERATIONS 
 OVERVIEW 
 NIKE designs, develops, markets and sells athletic footwear, apparel, equipment, accessories and services worldwide. We are the largest seller of athletic footwear and apparel in the world. We","there is a reasonable possibility the ultimate loss will materially exceed the recorded liability. 
 Refer to Note 16 — Commitments and Contingencies in the accompanying Notes to the Consolidated Financial Statements for additional information. 
 
 
 2023 FORM 10-K 48 
 
 
 
 
 Table of Contents 
 
",item7_block_heading,True,,,
0000320187-24-000044,2,1,9726,157295,236724," ITEM 7. MANAGEMENT'S DISCUSSION AND ANALYSIS OF FINANCIAL CONDITION AND RESULTS OF OPERATIONS 
 OVERVIEW 
 NIKE designs, develops, markets and sells athletic footwear, apparel, equipment, accessories and services worldwide. We are the largest seller of athletic footwear and apparel in the world. We","there is a reasonable possibility the ultimate loss will materially exceed the recorded liability. 
 Refer to Note 16 — Commitments and Contingencies in the accompanying Notes to the Consolidated Financial Statements for additional information. 
 
 
 2024 FORM 10-K 50 
 
 
 
 
 Table of Contents 
 
",item7_block_heading,True,,,
0000320187-25-000047,2,1,9047,154646,232127," ITEM 7. MANAGEMENT'S DISCUSSION AND ANALYSIS OF FINANCIAL CONDITION AND RESULTS OF OPERATIONS 
 OVERVIEW 
 NIKE designs, develops, markets and sells athletic footwear, apparel, equipment, accessories and services worldwide. We are the largest seller of athletic footwear and apparel in the world. We","ere is a reasonable possibility the ultimate loss will materially exceed the recorded liability. 
 Refer to Note 16 — Commitments and Contingencies in the accompanying Notes to the Consolidated Financial Statements for additional information. 
 
 
 
 2025 FORM 10-K 49 
 
 
 
 
 Table of Contents 
 
",item7_block_heading,True,,,
0001564590-16-020754,2,1,11373,140549,243027," ITEM 7. 
 
 
 
 Management’s Discussion and Analysis of Financial Condition and Results of Operations 
 
 The following discussion of our financial condition and results of operations should be read together with the financial statements and the accompanying notes set forth under ITEM 8. – Financia","nting guidance. 
 
 Legal Contingencies 
 
 We are subject to various legal proceedings and claims which arise in the normal course of business. See further details on such matters in Note 18 – Commitments and Contingencies of the Notes to Consolidated Financial Statements. 
 
 
 
 
 
 
 
 
 
 
 
 
",item7_block_heading,True,,,
0001564590-17-012758,2,1,11775,127454,233947," ITEM 7. 
 
 
 
 Management’s Discussion and Analysis of Financial Condition and Results of Operations 
 
 The following discussion of our financial condition and results of operations should be read together with the financial statements and the accompanying notes set forth under ITEM 8. – Financia","nting guidance. 
 
 Legal Contingencies 
 
 We are subject to various legal proceedings and claims which arise in the normal course of business. See further details on such matters in Note 18 – Commitments and Contingencies of the Notes to Consolidated Financial Statements. 
 
 
 
 
 
 
 
 
 
 
 
 
",item7_block_heading,True,,,
0001564590-18-015820,2,1,12103,136957,245296," ITEM 7. 
 
 
 
 Management’s Discussion and Anal ysis of Financial Condition and Results of Operations 
 
 The following discussion of our financial condition and results of operations should be read together with the financial statements and the accompanying notes set forth under ITEM 8. – Financi","nting guidance. 
 
 Legal Contingencies 
 
 We are subject to various legal proceedings and claims which arise in the normal course of business. See further details on such matters in Note 18 – Commitments and Contingencies of the Notes to Consolidated Financial Statements. 
 
 
 
 
 
 
 
 
 
 
 
 
",item7_block_heading,True,,,
0001564590-19-022779,2,1,11529,135574,238470," ITEM 7. 
 
 
 
 Management’s Discussion and Analysis of Financial Condition and Results of Operations 
 
 The following discussion of our financial condition and results of operations should be read together with the financial statements and the accompanying notes set forth under ITEM 8. – Financia","nting guidance. 
 
 Legal Contingencies 
 
 We are subject to various legal proceedings and claims which arise in the normal course of business. See further details on such matters in Note 18 – Commitments and Contingencies of the Notes to Consolidated Financial Statements. 
 
 
 
 
 
 
 
 
 
 
 
 
",item7_block_heading,True,,,
0001564590-20-029349,2,1,11057,145507,244398," ITEM 7. 
 
 
 
 Management’s Discussion and Analysis of Financial Condition and Results of Operations 
 
 The following discussion of our financial condition and results of operations should be read together with the financial statements and the accompanying notes set forth under ITEM 8. – Financia","nting guidance. 
 
 Legal Contingencies 
 
 We are subject to various legal proceedings and claims which arise in the normal course of business. See further details on such matters in Note 18 – Commitments and Contingencies of the Notes to Consolidated Financial Statements. 
 
 
 
 
 
 
 
 
 
 
 
 
",item7_block_heading,True,,,
0001564590-21-033645,2,1,10146,150634,240344," ITEM 7. Management’s Discussion and Analysis of Financial Condition and Results of Operations 
 
 The following discussion of our financial condition and results of operations should be read together with the financial statements and the accompanying notes set forth under ITEM 8. – Financial Statem","consolidated balance sheets . 
 
 Legal Contingencies 
 
 We are subject to various legal proceedings and claims which arise in the normal course of business. See further details on such matters in Note 18 – Commitments and Contingencies of the Notes to Consolidated Financial Statements. 
 
 
 
 
 
",item7_block_heading,True,,,
0000950170-22-011708,2,1,9516,148075,231627," ITEM 7. Management’s Discussion and Analysis of Financial Condition and Results of Operations 
 
 The following discussion of our financial condition and results of operations should be read together with the financial statements and the accompanying notes set forth under ITEM 8. – Financial Statem","red in evaluating our uncertain tax positions. Although we believe our reserves are reasonable, no assurance can be given that the final tax outcome or tax court rulings of these matters will not be different from that which is reflected in our historical tax provisions and accruals. 
 
 
 
 
 
 
 
",item7_block_heading,True,,,
0000950170-23-027948,2,1,9527,147090,230889," ITEM 7. Management’s Discussion and Analysis of Financial Condition and Results of Operations 
 
 The following discussion of our financial condition and results of operations should be read together with the financial statements and the accompanying notes set forth under ITEM 8. – Financial Statem"," result, actual results may differ from estimates. If different assumptions were to be used, it could materially impact the IP valuation. Volatile macroeconomic and market conditions have increased the level of uncertainty and subjectivity of certain management assumptions and estimates. 
 
 
 
 
 
",item7_block_heading,True,,,
0000950170-24-071327,2,1,8817,157088,235706," ITEM 7. Management’s Discussion and Analysis of Financial Condition and Results of Operations 
 
 The following discussion of our financial condition and results of operations should be read together with the financial statements and the accompanying notes set forth under Part II, ITEM 8. – Financi","tax positions. Although we believe our reserves are reasonable, no assurance can be given that the final tax outcome or tax court rulings of these matters will not be different from that which is reflected in our historical tax provisions and accruals. 
 
 
 
 
 
 
 
 
 
 
 
 
 
 
 
 
 
 
 
 
 
 
 
",item7_block_heading,True,,,
0000950170-25-083705,2,1,8128,161587,232785," ITEM 7. Management’s Discussion and Analysis of Financial Condition and Results of Operations 
 The following discussion of our financial condition and results of operations should be read together with the financial statements and the accompanying notes set forth under Part II, ITEM 8. – Financial","ain tax positions. Although we believe our reserves are reasonable, no assurance can be given that the final tax outcome or tax court rulings of these matters will not be different from that which is reflected in our historical tax provisions and accruals. 
 
 
 
 
 
 
 
 
 
 
 
 
 
 
 
 
 
 
 
 
 
",item7_block_heading,True,,,
0001193125-17-062124,0,1,13150,7005,115295," MANAGEMENT'S DISCUSSION AND ANALYSIS OF FINANCIAL CONDITION AND RESULTS OF
OPERATIONS 
 
 
 
 
 
 
 
 
 
 
 OVERVIEW 
 
 STEEL INDUSTRY CONDITIONS 
 In spite
of lackluster global economic and steel industry conditions, the economy in the United States continues to experience modest growth, and stee",". PricewaterhouseCoopers LLP,
an independent registered public accounting firm, has audited the effectiveness of Nucor's internal control over financial reporting as of December 31, 2016 as stated in their report which is included herein. 
 
 
 
 
 
 


 
 
 



 

 
 
 
 
 
 
 
 
 
 
 
 
 
 
 
 
 
",incorporated_Exhibit_13_NUE,True,https://www.sec.gov/Archives/edgar/data/73309/000119312517062124/d298801dex13.htm,HTML,7969b449ea640679bd9aa934b2192cf1258f318ac571e9460b7062e74f0e6547
0001193125-18-064018,0,1,12968,5658,108439," Management's Discussion and Analysis of Financial Condition and Results of Operations
 
 Overview 
 Steel Industry
Conditions 
 In spite of lackluster global economic and steel industry conditions, the economy in the United States continues to
experience modest growth, and steel demand in this coun","fective as of December 31, 2017.
PricewaterhouseCoopers LLP, an independent registered public accounting firm, has audited the effectiveness of Nucor's internal control over financial reporting as of December 31, 2017 as stated in their report which is included herein.
 
 
 
 47 

 


 
 
 


 
 
 
",incorporated_Exhibit_13_NUE,True,https://www.sec.gov/Archives/edgar/data/73309/000119312518064018/d441208dex13.htm,HTML,0dca0abe1035a02526a58e24a97982b14c9b1baa09a3fffb2412f5494e863d15
0001193125-19-057744,0,1,12135,5655,103156," Management's Discussion and Analysis of Financial Condition and Results of Operations
 
 Overview 
 The strong
U.S. economy drove steel demand higher in 2018, helping fuel Nucor's record earnings. The U.S. economy grew about 3%, compared to 2.3% in 2017 and 1.5% in 2016. This year we saw solid dema","fective as of December 31, 2018.
PricewaterhouseCoopers LLP, an independent registered public accounting firm, has audited the effectiveness of Nucor's internal control over financial reporting as of December 31, 2018 as stated in their report which is included herein.
 
 
 
 47 

 


 
 
 


 
 
 
",incorporated_Exhibit_13_NUE,True,https://www.sec.gov/Archives/edgar/data/73309/000119312519057744/d691427dex13.htm,HTML,48f83fd6e28ada7a74d9c20353fc0b986a80a89cbf784aed4a0332f234937880
0001564590-20-007794,2,1,9822,106569,180135," ITEM 7 . 
 
 
 
 Management’s Discussion and Analysis of Financial Condition and Results of Operations 
 
 The following Management’s Discussion and Analysis of Financial Condition and Results of Operations of Nucor Corporation should be read in conjunction with the consolidated financial statement","looking statements except as may be required by law. In evaluating forward-looking statements, these risks and uncertainties should be considered, together with the other risks described from time to our reports and other filings with the SEC. 
 
 
 
 39 
 
 
 Table of Contents 
 
 
 
 
 
 
 
 
 
 
",item7_block_heading,True,,,
0001564590-21-009503,2,1,11011,106678,188336," ITEM 7 . 
 
 
 
 Management’s Discussion and Analysis of Financial Condition and Results of Operations 
 
 The following Management’s Discussion and Analysis of Financial Condition and Results of Operations of Nucor Corporation should be read in conjunction with the consolidated financial statement","ng statements except as may be required by law. In evaluating forward-looking statements, these risks and uncertainties should be considered, together with the other risks described from time to time in our reports and other filings with the SEC. 
 
 43 
 
 
 Table of Contents 
 
 

 
 
 
 
 
 
 
 
",item7_block_heading,True,,,
0001564590-22-007679,2,1,9411,119583,190368," ITEM 7 . 
 
 
 
 Management’s Discussion and Analysis of Financial Condition and Results of Operations 
 
 The following Management’s Discussion and Analysis of Financial Condition and Results of Operations of Nucor Corporation should be read in conjunction with the consolidated financial statement","to update any forward-looking statements except as may be required by law. In evaluating forward-looking statements, these risks and uncertainties should be considered, together with the other risks described from time to time in our reports and other filings with the SEC. 
 
 48 
 
 
 
 
 
 
 
 
 
",item7_block_heading,True,,,
0001564590-23-002793,2,1,9318,128111,198720," ITEM 7 . 
 
 
 
 Management’s Discussion and Analysis of Financial Condition and Results of Operations 
 
 The following Management’s Discussion and Analysis of Financial Condition and Results of Operations of Nucor Corporation should be read in conjunction with the consolidated financial statement","to update any forward-looking statements except as may be required by law. In evaluating forward-looking statements, these risks and uncertainties should be considered, together with the other risks described from time to time in our reports and other filings with the SEC. 
 
 48 
 
 
 
 
 
 
 
 
 
",item7_block_heading,True,,,
0000950170-24-021195,2,1,8091,133919,196302," ITEM 7. Management’s Discussion and Analysis of Financial Condition and Results of Operations 
 
 The following Management’s Discussion and Analysis of Financial Condition and Results of Operations of Nucor Corporation should be read in conjunction with the consolidated financial statements of the ","ation to update any forward-looking statements except as may be required by law. In evaluating forward-looking statements, these risks and uncertainties should be considered, together with the other risks described from time to time in our reports and other filings with the SEC. 
 
 
 47 
 
 
 
 
 
",item7_block_heading,True,,,
0000950170-25-028427,2,1,7909,132288,192952," ITEM 7. Management’s Discussion and Analysis of Financial Condition and Results of Operations 
 
 The following Management’s Discussion and Analysis of Financial Condition and Results of Operations of Nucor Corporation should be read in conjunction with the consolidated financial statements of the ","ion to update any forward-looking statements except as may be required by law. In evaluating forward-looking statements, these risks and uncertainties should be considered, together with the other risks described from time to time in our reports and other filings with the SEC. 
 
 
 
 47 
 
 
 
 
 
",item7_block_heading,True,,,
0001193125-26-071575,2,1,7515,128658,185910," ITEM 7. Management’s Discussion and Analysis of Financial Condition and Results of Operations. 
 The following Management’s Discussion and Analysis of Financial Condition and Results of Operations of Nucor Corporation should be read in conjunction with the consolidated financial statements of the C","ion to update any forward-looking statements except as may be required by law. In evaluating forward-looking statements, these risks and uncertainties should be considered, together with the other risks described from time to time in our reports and other filings with the SEC. 
 
 
 45 
 
 
 
 
 
 
",item7_block_heading,True,,,
0001104659-17-011170,2,1,8742,152750,229722," ITEM 7: Management's Discussion and Analysis of Financial Condition and Results of Operations 
 
 
 
 GENERAL 
 
 
 
 Realty Income, The Monthly Dividend Company ® , is an S&P 500 company dedicated to providing stockholders with dependable monthly dividends that increase over time. The company is s","on our tenants if increases in their operating expenses exceed increases in revenue. 
 
 
 
 IMPACT OF RECENT ACCOUNTING PRONOUNCEMENTS 
 
 
 
 For information on the impact of recent accounting pronouncements on our business, see note 2 of the Notes to the Consolidated Financial Statements. 
 
 
 
",item7_block_heading,True,,,
0001104659-18-011376,2,1,8534,159779,236067," ITEM 7: Management's Discussion and Analysis of Financial Condition and Results of Operations 
 
 
 
 GENERAL 
 
 
 
 Realty Income, The Monthly Dividend Company ® , is an S&P 500 company dedicated to providing stockholders with dependable monthly dividends that increase over time. The company is s","on our tenants if increases in their operating expenses exceed increases in revenue. 
 
 
 
 IMPACT OF RECENT ACCOUNTING PRONOUNCEMENTS 
 
 
 
 For information on the impact of recent accounting pronouncements on our business, see note 2 of the Notes to the Consolidated Financial Statements. 
 
 
 
",item7_block_heading,True,,,
0000726728-19-000038,2,1,8759,150754,223367," ITEM 7: Management’s Discussion and Analysis of Financial Condition and Results of Operations 
 
 GENERAL 
 
 Realty Income, The Monthly Dividend Company ® , is an S&P 500 company dedicated to providing stockholders with dependable monthly dividends that increase over time. The company is structure"," impact on our tenants if increases in their operating expenses exceed increases in revenue. 
 
 
 IMPACT OF RECENT ACCOUNTING PRONOUNCEMENTS 
 
 For information on the impact of recent accounting pronouncements on our business, see note 2 of the Notes to the Consolidated Financial Statements. 
 
 
",item7_block_heading,True,,,
0000726728-20-000033,2,1,8916,154130,231146," ITEM 7: Management’s Discussion and Analysis of Financial Condition and Results of Operations 
 
 GENERAL 
 
 Realty Income, The Monthly Dividend Company ® , is an S&P 500 company dedicated to providing stockholders with dependable monthly dividends that increase over time. The company is structure","act on our tenants if increases in their operating expenses exceed increases in revenue. 
 
 
 IMPACT OF NEWLY ADOPTED ACCOUNTING STANDARDS 
 
 For information on the impact of newly adopted accounting standards on our business, see note 2 of the Notes to the Consolidated Financial Statements. 
 
 
",item7_block_heading,True,,,
0000726728-21-000043,2,1,10354,182737,266800," ITEM 7: Management’s Discussion and Analysis of Financial Condition and Results of Operations 
 
 GENERAL 
 
 Realty Income, The Monthly Dividend Company ® , is an S&P 500 company dedicated to providing stockholders with dependable monthly dividends that increase over time. The company is structure","act on our clients if increases in their operating expenses exceed increases in revenue. 
 
 
 IMPACT OF NEWLY ADOPTED ACCOUNTING STANDARDS 
 
 For information on the impact of newly adopted accounting standards on our business, see note 2 of the Notes to the Consolidated Financial Statements. 
 
 
",item7_block_heading,True,,,
0000726728-22-000046,2,1,12265,187581,287197," ITEM 7: Management’s Discussion and Analysis of Financial Condition and Results of Operations 
 GENERAL 
 Realty Income, The Monthly Dividend Company ® , is an S&P 500 company and member of the S&P 500 Dividend Aristocrats ® index for having increased its dividend every year for over 25 consecutive","may have an adverse impact on our clients if increases in their operating expenses exceed increases in revenue. 
 
 IMPACT OF RECENT ACCOUNTING STANDARDS 
 For information on the impact of new accounting standards on our business, see note 2 of the Notes to the Consolidated Financial Statements. 
 
",item7_block_heading,True,,,
0000726728-23-000044,2,1,11058,161419,251998," ITEM 7: Management’s Discussion and Analysis of Financial Condition and Results of Operations 
 
 GENERAL 
 Realty Income, The Monthly Dividend Company ® , is an S&P 500 company and member of the S&P 500 Dividend Aristocrats ® index for having increased its dividend every year for over 25 consecuti","perties that can be acquired. 
 
 IMPACT OF RECENT ACCOUNTING PRONOUNCEMENTS 
 For information on the impact of new accounting standards on our business, see note 2, Summary of Significant Accounting Policies and Procedures and New Accounting Standards , to our Consolidated Financial Statements. 
 
",item7_block_heading,True,,,
0000726728-24-000047,2,1,9397,130771,206415," ITEM 7: Management’s Discussion and Analysis of Financial Condition and Results of Operations 
 
 The following discussion and analysis reflect our financial condition and results of operations for the year ended December 31, 2023 compared to the year ended December 31, 2022. For a discussion of th","should not be considered as alternatives to reviewing our cash flows from operating, investing, and financing activities. In addition, FFO, Normalized FFO, and AFFO should not be considered as measures of liquidity, our ability to make cash distributions, or our ability to pay interest payments. 
 
",item7_block_heading,True,,,
0000726728-25-000055,2,1,9466,133370,209666," ITEM 7: Management’s Discussion and Analysis of Financial Condition and Results of Operations 
 
 The following discussion and analysis reflect our financial condition and results of operations for the year ended December 31, 2024 compared to the year ended December 31, 2023. For a discussion of th","should not be considered as alternatives to reviewing our cash flows from operating, investing, and financing activities. In addition, FFO, Normalized FFO, and AFFO should not be considered as measures of liquidity, our ability to make cash distributions, or our ability to pay interest payments. 
 
",item7_block_heading,True,,,
0000726728-26-000011,2,1,9661,144922,223185," ITEM 7: Management’s Discussion and Analysis of Financial Condition and Results of Operations 
 
 The following discussion and analysis reflect our financial condition and results of operations for the year ended December 31, 2025 compared to the year ended December 31, 2024. For a discussion of th","des non-cash foreign currency losses (gains) from remeasurement to USD, mark-to-market adjustments on investments and derivatives that are non-cash in nature, obligations related to financing lease liabilities, and adjustments allocable to noncontrolling interests. 
 
 
 48 
 
 
 Table of Contents 
",item7_block_heading,True,,,
0000878927-17-000005,2,1,5723,84553,130520," ITEM 7. MANAGEMENT’S DISCUSSION AND ANALYSIS OF FINANCIAL CONDITION AND RESULTS OF OPERATIONS 
 
 Overview 
 
 We are a leading, less-than-truckload (“LTL”), union-free motor carrier providing regional, inter-regional and national LTL services, which include ground and air expedited transportation ","from Leasing for the rental of property in 2016 , 2015 and 2014 , respectively. 
 
 Audit Committee Approval 
 
 The Audit Committee of our Board of Directors reviewed and approved all of the related person transactions described above in accordance with our Related Person Transactions Policy. 
 
 
",item7_block_heading,True,,,
0000878927-18-000005,2,1,5824,88488,134649," ITEM 7. MANAGEMENT’S DISCUSSION AND ANALYSIS OF FINANCIAL CONDITION AND RESULTS OF OPERATIONS 
 
 Overview 
 
 We are a leading, less-than-truckload (“LTL”), union-free motor carrier providing regional, inter-regional and national LTL services, which include ground and air expedited transportation ","from Leasing for the rental of property in 2017 , 2016 and 2015 , respectively. 
 
 Audit Committee Approval 
 
 The Audit Committee of our Board of Directors reviewed and approved all of the related person transactions described above in accordance with our Related Person Transactions Policy. 
 
 
",item7_block_heading,True,,,
0001564590-19-004755,2,1,5714,94904,145671," ITEM 7. MANAGEMENT’S DISCUSSION AND ANALYSIS OF FINANCIAL CONDITION AND RESULTS OF OPERATIONS 
 
 Overview 
 
 We are a leading, less-than-truckload (“LTL”), union-free motor carrier providing regional, inter-regional and national LTL services through a single integrated organization. Our service o","d $12,000 from Leasing for the rental of property in 2017 and 2016, respectively. 
 
 Audit Committee Approval 
 
 The Audit Committee of our Board of Directors reviewed and approved all of the related person transactions described above in accordance with our Related Person Transactions Policy. 
 
",item7_block_heading,True,,,
0001564590-20-006626,2,1,5476,99273,148202," ITEM 7. MANAGEMENT’S DISCUSSION AND ANALYSIS OF FINANCIAL CONDITION AND RESULTS OF OPERATIONS 
 
 Overview 
 
 We are a leading, less-than-truckload (“LTL”), union-free motor carrier providing regional, inter-regional and national LTL services through a single integrated organization. Our service o"," from time to time may require disclosure, in the proxy statement for our Annual Meeting of Shareholders. 
 
 Audit Committee Approval 
 
 The Audit Committee of our Board of Directors reviews and approves all related person transactions in accordance with our Related Person Transactions Policy. 
 
",item7_block_heading,True,,,
0001564590-21-008056,2,1,4942,96481,138224," ITEM 7. MANAGEMENT’S DISCUSSION AND ANALYSIS OF FINANCIAL CONDITION AND RESULTS OF OPERATIONS 
 
 This Management’s Discussion and Analysis of Financial Condition and Results of Operations generally discusses our 2020 and 2019 results and year-to-year comparisons between 2020 and 2019. Discussions "," from time to time may require disclosure, in the proxy statement for our Annual Meeting of Shareholders. 
 
 Audit Committee Approval 
 
 The Audit Committee of our Board of Directors reviews and approves all related person transactions in accordance with our Related Person Transactions Policy. 
 
",item7_block_heading,True,,,
0001564590-22-006303,2,1,4768,96066,136451," ITEM 7. MANAGEMENT’S DISCUSSION AND ANALYSIS OF FINANCIAL CONDITION AND RESULTS OF OPERATIONS 
 
 This Management’s Discussion and Analysis of Financial Condition and Results of Operations generally discusses our 2021 and 2020 results and year-to-year comparisons between 2021 and 2020. Discussions "," from time to time may require disclosure, in the proxy statement for our Annual Meeting of Shareholders. 
 
 Audit Committee Approval 
 
 The Audit Committee of our Board of Directors reviews and approves all related person transactions in accordance with our Related Person Transactions Policy. 
 
",item7_block_heading,True,,,
0000950170-23-003783,2,1,4596,96990,135246," ITEM 7. MANAGEMENT’S DISCUSSION AND ANALYSIS OF FINANCIAL CONDITION AND RESULTS OF OPERATIONS 
 
 This Management’s Discussion and Analysis of Financial Condition and Results of Operations generally discusses our 2022 and 2021 results and year-to-year comparisons between 2022 and 2021. Discussions "," from time to time may require disclosure, in the proxy statement for our Annual Meeting of Shareholders. 
 
 Audit Committee Approval 
 
 The Audit Committee of our Board of Directors reviews and approves all related person transactions in accordance with our Related Person Transactions Policy. 
 
",item7_block_heading,True,,,
0000950170-24-020176,2,1,4703,105602,144685," ITEM 7. MANAGEMENT’S DISCUSSION AND ANALYSIS OF FINANCIAL CONDITION AND RESULTS OF OPERATIONS 
 
 This Management’s Discussion and Analysis of Financial Condition and Results of Operations generally discusses our 2023 and 2022 results and year-to-year comparisons between 2023 and 2022. Discussions ","may require disclosure, in the proxy statement for our Annual Meeting of Shareholders. 
 
 Audit Committee Approval 
 
 The Audit Committee of our Board of Directors reviews and approves all related person transactions in accordance with our Related Person Transactions Policy. 
 
 
 
 29 
 
 
 
 
 
",item7_block_heading,True,,,
0000950170-25-026661,2,1,4903,109159,149284," ITEM 7. MANAGEMENT’S DISCUSSION AND ANALYSIS OF FINANCIAL CONDITION AND RESULTS OF OPERATIONS 
 
 This Management’s Discussion and Analysis of Financial Condition and Results of Operations generally discusses our 2024 and 2023 results and year-to-year comparisons between 2024 and 2023. Discussions ","y require disclosure, in the proxy statement for our Annual Meeting of Shareholders. 
 
 
 
 
 29 
 
 
 
 
 
 Audit Committee Approval 
 
 The Audit Committee of our Board of Directors reviews and approves all related person transactions in accordance with our Related Person Transactions Policy. 
 
",item7_block_heading,True,,,
0001193125-26-067161,2,1,4802,109058,148312," ITEM 7. MANAGEMENT’S DISCUSSION AND ANALYSIS OF FINANCIAL CONDITION AND RESULTS OF OPERATIONS 
 This Management’s Discussion and Analysis of Financial Condition and Results of Operations generally discusses our 2025 and 2024 results and year-to-year comparisons between 2025 and 2024. Discussions of","e may require disclosure, in the proxy statement for our Annual Meeting of Shareholders. 
 
 
 
 30 
 
 
 
 
 
 
 Audit Committee Approval 
 The Audit Committee of our Board of Directors reviews and approves all related person transactions in accordance with our Related Person Transactions Policy. 
",item7_block_heading,True,,,
0001193125-16-628942,2,1,21301,180982,375153," ITEM 7. Management's Discussion and Analysis of
Financial Condition and Results of Operations 
 We begin Management's Discussion and Analysis of Financial Condition and Results of
Operations with an overview of our businesses, key operating segments and significant trends. This overview is followed","e of Contents 

 
 Recent Accounting Pronouncements 
 For information with respect to recent accounting pronouncements and the impact of these pronouncements on our consolidated financial statements, see Note 1 of Notes to Consolidated Financial Statements
included elsewhere in this Annual Report. 
",item7_block_heading,True,,,
0001193125-17-214833,2,1,19120,187849,353401," ITEM 7. Management's Discussion and Analysis
of Financial Condition and Results of Operations 
 We begin Management's Discussion and Analysis of Financial Condition and Results of
Operations with an overview of our businesses and significant trends. This overview is followed by a summary of our cri","information with respect to recent accounting
pronouncements, if any, and the impact of these pronouncements on our consolidated financial statements, if any, see Note 1 of Notes to Consolidated Financial Statements included elsewhere in this Annual Report. 
 
 
 71 



 
 
 
 Table of Contents 

 
",item7_block_heading,True,,,
0001193125-18-201034,2,1,18494,163385,325887," ITEM 7. Management's Discussion and Analysis of Financial
Condition and Results of Operations 
 We begin Management's Discussion and Analysis of Financial Condition and Results of Operations with
an overview of our businesses and significant trends. This overview is followed by a summary of our cri","Recent Accounting Pronouncements 
 For information with
respect to recent accounting pronouncements, if any, and the impact of these pronouncements on our consolidated financial statements, if any, see Note 1 of Notes to Consolidated Financial Statements included elsewhere in this Annual Report. 
 
",item7_block_heading,True,,,
0001564590-19-023119,2,1,12938,164161,280481," ITEM 7. 
 
 
 
 Management’s Discussion and Analysis o f Financial Condition and Results of Operations 
 
 We begin Management’s Discussion and Analysis of Financial Condition and Results of Operations with an overview of our businesses and significant trends. This overview is followed by a summary","g pronouncements, if any, and the impact of these pronouncements on our consolidated financial statements, if any, see Note 1 of Notes to Consolidated Financial Statements included elsewhere in this Annual Report. 
 
 58 
 
 
 Table of Contents 
 
 Index to Financial Statements 
 
 
 
 
 
 
 
 
 
 
",item7_block_heading,True,,,
0001564590-20-030125,2,1,12567,173339,286778," ITEM 7. 
 
 
 
 Management’s Discussion and Analysis of Financial Condition and Results of Operations 
 
 We begin Management’s Discussion and Analysis of Financial Condition and Results of Operations with an overview of our businesses and significant trends. This overview is followed by a summary ","g Pronouncements 
 
 For information with respect to recent accounting pronouncements, if any, and the impact of these pronouncements on our consolidated financial statements, if any, see Note 1 of Notes to Consolidated Financial Statements included elsewhere in this Annual Report. 
 
 
 
 
 
 
 
 
",item7_block_heading,True,,,
0001564590-21-033616,2,1,12245,167534,274464," ITEM 7. 
 
 
 
 Management’s Discussion and Analysis of Financial Condition and Results of Operations 
 
 We begin Management’s Discussion and Analysis of Financial Condition and Results of Operations with an overview of our businesses and significant trends. This overview is followed by a summary ","g Pronouncements 
 
 For information with respect to recent accounting pronouncements, if any, and the impact of these pronouncements on our consolidated financial statements, if any, see Note 1 of Notes to Consolidated Financial Statements included elsewhere in this Annual Report. 
 
 
 
 
 
 
 
 
",item7_block_heading,True,,,
0001564590-22-023675,2,1,12288,168114,275380," ITEM 7. 
 
 
 
 Management’s Discussion and Analysis of Financial Condition and Results of Operations 
 
 We begin Management’s Discussion and Analysis of Financial Condition and Results of Operations with an overview of our businesses and significant trends. This overview is followed by a summary ","g Pronouncements 
 
 For information with respect to recent accounting pronouncements, if any, and the impact of these pronouncements on our consolidated financial statements, if any, see Note 1 of Notes to Consolidated Financial Statements included elsewhere in this Annual Report. 
 
 
 
 
 
 
 
 
",item7_block_heading,True,,,
0000950170-23-028914,2,1,12003,163115,264245," ITEM 7. Management’s Discussion and Analysis o f Financial Condition and Results of Operations 
 
 We begin Management’s Discussion and Analysis of Financial Condition and Results of Operations with an overview of our businesses and significant trends. This overview is followed by a summary of our ","cent accounting pronouncements, if any, and the impact of these pronouncements on our consolidated financial statements, if any, see Note 1 of Notes to Consolidated Financial Statements included elsewhere in this Annual Report. 
 
 55 
 
 
 Table of Contents 
 
 Index to Financial Statements 
 
 
 
",item7_block_heading,True,,,
0000950170-24-075605,2,1,10019,175785,263004," ITEM 7. Management’s Discussion and Analysis o f Financial Condition and Results of Operations 
 
 We begin Management’s Discussion and Analysis of Financial Condition and Results of Operations with an overview of our businesses and significant trends. This overview is followed by a summary of our ","
 
 
 
 
 
 
 Recent Accounting Pronouncements 
 
 For information with respect to recent accounting pronouncements, and the impact of these pronouncements on our consolidated financial statements, see Note 1 of Notes to Consolidated Financial Statements included elsewhere in this Annual Report. 
 
",item7_block_heading,True,,,
0000950170-25-087926,2,1,10172,171113,259643," ITEM 7. Management’s Discussion and Analysis o f Financial Condition and Results of Operations 
 We begin Management’s Discussion and Analysis of Financial Condition and Results of Operations with an overview of our businesses and significant trends. This overview is followed by a summary of our cr","
 
 
 
 
 
 
 
 
 Recent Accounting Pronouncements 
 For information with respect to recent accounting pronouncements, and the impact of these pronouncements on our consolidated financial statements, see Note 1 of Notes to Consolidated Financial Statements included elsewhere in this Annual Report. 
",item7_block_heading,True,,,
0001564590-16-015322,2,1,8632,163392,255356," ITEM 7. Management’s Discussion and Analysis of Financial Condition and Results of Operations. 
 
 Investors should read the following discussion and analysis of our financial condition and results of operations together with the section titled “Selected Consolidated Financial Data” and the consoli"," 
 
 59 
 
 
 
 
 Recent Accounting Pronouncements 
 
 Refer to “Recent Accounting Pronouncements” in Note 2. Basis of Presentation and Summary of Significant Accounting Policies of Notes to Consolidated Financial Statements included in Part II, ITEM 8 of this Annual Report on Form 10-K. 
 
 
 
 
 
",item7_block_heading,True,,,
0001628280-17-003034,2,1,8313,137521,211205," ITEM 7. Management’s Discussion and Analysis of Financial Condition and Results of Operations. 
 Investors should read the following discussion and analysis of our financial condition and results of operations together with the section titled “Selected Consolidated Financial Data” and the consolida","n process, which could materially impact our future stock-based compensation expense. 
 
 Recent Accounting Pronouncements 
 Refer to “Recent Accounting Pronouncements” in Note 2 of our Notes to Consolidated Financial Statements included in Part II, ITEM 8 of this Annual Report on Form 10-K. 
 
 
 
",item7_block_heading,True,,,
0001628280-18-003579,2,1,7821,137746,208234," ITEM 7. Management’s Discussion and Analysis of Financial Condition and Results of Operations. 
 Investors should read the following discussion and analysis of our financial condition and results of operations together with the section titled “Selected Consolidated Financial Data” and the consolida","luating the assumptions related to our stock-based compensation on a prospective basis. 
 
 Recent Accounting Pronouncements 
 Refer to “Recent Accounting Pronouncements” in Note 2 of our Notes to Consolidated Financial Statements included in Part II, ITEM 8 of this Annual Report on Form 10-K. 
 
 
",item7_block_heading,True,,,
0001628280-19-003437,2,1,7913,133598,205486," ITEM 7. Management’s Discussion and Analysis of Financial Condition and Results of Operations. 
 Investors should read the following discussion and analysis of our financial condition and results of operations together with the section titled “Selected Consolidated Financial Data” and the consolida","luating the assumptions related to our stock-based compensation on a prospective basis. 
 
 Recent Accounting Pronouncements 
 Refer to “Recent Accounting Pronouncements” in Note 2 of our Notes to Consolidated Financial Statements included in Part II, ITEM 8 of this Annual Report on Form 10-K. 
 
 
",item7_block_heading,True,,,
0001628280-20-004133,2,1,5309,127004,176364," ITEM 7. Management’s Discussion and Analysis of Financial Condition and Results of Operations. 
 Investors should read the following discussion and analysis of our financial condition and results of operations together with the section titled “Selected Consolidated Financial Data” and the consolida","ternally approved pricing guidelines related to the performance obligations. 
 
 Recent Accounting Pronouncements 
 Refer to “Recent Accounting Pronouncements” in Note 2 of our Notes to Consolidated Financial Statements included in Part II, ITEM 8 of this Annual Report on Form 10-K. 
 
 
 44 
 
 
 
",item7_block_heading,True,,,
0001628280-21-005538,2,1,6545,143038,200987," ITEM 7. Management’s Discussion and Analysis of Financial Condition and Results of Operations. 
 Investors should read the following discussion and analysis of our financial condition and results of operations together with the section titled “Selected Consolidated Financial Data” and the consolida"," and amortize the remaining carrying value over the new shorter useful life. 
 
 Recent Accounting Pronouncements 
 Refer to “Recent Accounting Pronouncements” in Note 2 of our Notes to Consolidated Financial Statements included in Part II, ITEM 8 of this Annual Report on Form 10-K. 
 
 
 52 
 
 
 
",item7_block_heading,True,,,
0001628280-22-008643,2,1,5725,151624,198631," ITEM 7. Management’s Discussion and Analysis of Financial Condition and Results of Operations. 
 Investors should read the following discussion and analysis of our financial condition and results of operations together with the section titled “Selected Consolidated Financial Data” and the consolida","and internally approved pricing guidelines related to performance obligations. 
 
 Recent Accounting Pronouncement 
 Refer to “Recent Accounting Pronouncement” in Note 2 of our Notes to Consolidated Financial Statements included in Part II, ITEM 8 of this Annual Report on Form 10-K. 
 
 
 52 
 
 
 
",item7_block_heading,True,,,
0001628280-23-010275,2,1,5513,154271,199804," ITEM 7. Management’s Discussion and Analysis of Financial Condition and Results of Operations. 
 Investors should read the following discussion and analysis of our financial condition and results of operations together with the section titled “Selected Consolidated Financial Data” and the consolida","s for our products and subscription services and reassess them periodically. 
 
 Recent Accounting Pronouncements 
 Refer to “Recent Accounting Pronouncements” in Note 2 of our Notes to Consolidated Financial Statements included in Part II, ITEM 8 of this Annual Report on Form 10-K. 
 
 
 53 
 
 
 
",item7_block_heading,True,,,
0001628280-24-013860,2,1,4137,151501,185528," ITEM 7. Management’s Discussion and Analysis of Financial Condition and Results of Operations. 
 Investors should read the following discussion and analysis of our financial condition and results of operations together with the consolidated financial statements and related notes included elsewhere ","s for our products and subscription services and reassess them periodically. 
 
 Recent Accounting Pronouncements 
 Refer to “Recent Accounting Pronouncements” in Note 2 of our Notes to Consolidated Financial Statements included in Part II, ITEM 8 of this Annual Report on Form 10-K. 
 
 
 48 
 
 
 
",item7_block_heading,True,,,
0001628280-25-015044,2,1,4518,160218,196856," ITEM 7. Management’s Discussion and Analysis of Financial Condition and Results of Operations. 
 Investors should read the following discussion and analysis of our financial condition and results of operations together with the consolidated financial statements and related notes included elsewhere ","ervable inputs. We establish SSP ranges for our products and subscription services and reassess them periodically. 
 
 Recent Accounting Pronouncements 
 Refer to Note 2 of our Notes to Consolidated Financial Statements included in Part II, ITEM 8 of this Annual Report on Form 10-K. 
 
 
 50 
 
 
 
",item7_block_heading,True,,,
0000723531-16-000046,2,1,8070,71076,148878," ITEM 7. Management’s Discussion and Analysis of Financial Condition and Results of Operations 
 
 
 
 Management’s Discussion and Analysis of Financial Condition and Results of Operations reviews the operating results of Paychex, Inc. and its wholly owned subsidiaries (“Paychex,” “we,” “our,” or “u","results of operations or financial position. Refer to Note J of the Notes to Co nsolidated Financial Statements contained in ITEM 8 of this Form 10-K for further discussion of our reserve for uncertain tax positions . 
 
 
 

 
 
 
 

 
 

 26 

 

 
 
 

 
 

 Table of Contents 

 

 
 

 

 

 
 
",item7_block_heading,True,,,
0000723531-17-000023,2,1,8959,78272,165968," ITEM 7. Management’s Discussion and Analysis of Financial Condition and Results of Operations 
 
 
 
 Management’s Discussion and Analysis of Financial Condition and Results of Operations reviews the operating results of Paychex, Inc. and its wholly owned subsidiaries (“Paychex,” the “Company,” “we","results of operations or financial position. Refer to Note J of the Notes to Co nsolidated Financial Statements contained in ITEM 8 of this Form 10-K for further discussion of our reserve for uncertain tax positions . 
 
 
 

 
 
 
 

 
 

 28 

 

 
 
 

 
 

 Table of Contents 

 

 
 

 

 

 
 
",item7_block_heading,True,,,
0000723531-18-000026,2,1,8638,79089,167676," ITEM 7. Management’s Discussion and Analysis of Financial Condition and Results of Operations 
 
 
 
 Management’s Discussion and Analysis of Financial Condition and Results of Operations reviews the operating results of Paychex, Inc. and its wholly owned subsidiaries (“Paychex,” the “Company,” “we","r results of operations or financial position. Refer to Note K of the Notes to Consolidated Financial Statements contained in ITEM 8 of this Form 10-K for further discussion of our reserve for uncertain tax positions. 
 
 
 

 
 
 
 

 
 

 29 

 

 
 
 

 
 

 Table of Contents 

 

 
 

 

 

 
 
",item7_block_heading,True,,,
0000723531-19-000032,2,1,9027,84092,179670," ITEM 7. Management’s Discussion and Analysis of Financial Condition and Results of Operations 
 
 
 
 Management’s Discussion and Analysis of Financial Condition and Results of Operations reviews the operating results of Paychex, Inc. and its wholly owned subsidiaries (“Paychex,” the “Company,” “we","r results of operations or financial position. Refer to Note K of the Notes to Consolidated Financial Statements contained in ITEM 8 of this Form 10-K for further discussion of our reserve for uncertain tax positions. 
 
 
 

 
 
 
 

 
 

 33 

 

 
 
 

 
 

 Table of Contents 

 

 
 

 

 

 
 
",item7_block_heading,True,,,
0000723531-20-000048,2,1,8223,86135,154525," ITEM 7. Management’s Discussion and Analysis of Financial Condition and Results of Operations 
 Management’s Discussion and Analysis of Financial Condition and Results of Operations reviews the operating results of Paychex, Inc. and its wholly owned subsidiaries (“Paychex,” the “Company,” “we,” “ou","-not standard could materially impact our results of operations or financial position. Refer to Note L of the Notes to Consolidated Financial Statements contained in ITEM 8 of this Form 10-K for further discussion of our reserve for uncertain tax positions. 
 
 
 
 32 
 
 Table of Contents 
 
 
 
 
",item7_block_heading,True,,,
0000723531-21-000035,2,1,7656,91539,153067," ITEM 7. Management’s Discussion and Analysis of Financial Condition and Results of Operations 
 Management’s Discussion and Analysis of Financial Condition and Results of Operations reviews the operating results of Paychex, Inc. and its wholly owned subsidiaries (“Paychex,” the “Company,” “we,” “ou","-not standard could materially impact our results of operations or financial position. Refer to Note L of the Notes to Consolidated Financial Statements contained in ITEM 8 of this Form 10-K for further discussion of our reserve for uncertain tax positions. 
 
 
 
 34 
 
 Table of Contents 
 
 
 
 
",item7_block_heading,True,,,
0000950170-22-012734,2,1,6952,95874,158548," ITEM 7. Management’s Discussion and Analysis of Financial Condition and Results of Operations 
 
 Management’s Discussion and Analysis of Financial Condition and Results of Operations reviews the operating results of Paychex, Inc. and its wholly owned subsidiaries (“Paychex,” the “Company,” “we,” “","than-not standard could materially impact our results of operations or financial position. Refer to Note K of the Notes to Consolidated Financial Statements contained in ITEM 8 of this Form 10-K for further discussion of our reserve for uncertain tax positions. 
 
 35 
 
 
 Table of Contents 
 
 
 
",item7_block_heading,True,,,
0000950170-23-032988,2,1,6267,91028,148308," ITEM 7. Management’s Discussion and Analysis of Financial Condition and Results of Operations 
 
 
 
 Management’s Discussion and Analysis of Financial Condition and Results of Operations reviews the operating results of Paychex, Inc. and its wholly owned subsidiaries (“Paychex,” the “Company,” “we","than-not standard could materially impact our results of operations or financial position. Refer to Note K of the Notes to Consolidated Financial Statements contained in ITEM 8 of this Form 10-K for further discussion of our reserve for uncertain tax positions. 
 
 32 
 
 
 Table of Contents 
 
 
 
",item7_block_heading,True,,,
0000950170-24-082958,2,1,7225,102391,166437," ITEM 7. Management’s Discussion and Analysis of Financial Condition and Results of Operations 
 
 
 
 Management’s Discussion and Analysis of Financial Condition and Results of Operations reviews the operating results of Paychex, Inc. and its wholly owned subsidiaries (“Paychex,” the “Company,” “we","-not standard could materially impact our results of operations or financial position. Refer to Note L of the Notes to Consolidated Financial Statements contained in ITEM 8 of this Form 10-K for further discussion of our reserve for uncertain tax positions. 
 
 
 
 34 
 
 
 
 Table of Contents 
 
 
",item7_block_heading,True,,,
0000950170-25-095300,2,1,7810,98286,166806," ITEM 7. Management’s Discussion and Analysis of Financial Condition and Results of Operations 
 
 Management’s Discussion and Analysis of Financial Condition and Results of Operations reviews the operating results of Paychex, Inc. and its wholly owned subsidiaries (“Paychex,” the “Company,” “we,” “"," the assessment of the more-likely-than-not standard could materially impact our results of operations or financial position. Refer to Note L of the Notes to Consolidated Financial Statements contained in ITEM 8 of this Form 10-K for further discussion of our reserve for uncertain tax positions. 
 
",item7_block_heading,True,,,
0000788784-17-000003,2,1,13984,237817,349367," ITEM 7. MANAGEMENT’S DISCUSSION AND ANALYSIS OF FINANCIAL CONDITION AND RESULTS OF OPERATIONS (MD&A) 
 This combined MD&A is separately filed by Public Service Enterprise Group Incorporated (PSEG), Public Service Electric and Gas Company (PSE&G) and PSEG Power LLC (Power). Information contained her"," change in the above assumptions may result in a material impact on our results of operations or our cash flows. See ITEM 8. Financial Statements and Supplementary Data— Note 6. Regulatory Assets and Liabilities for a description of the amounts and nature of regulatory balance sheet amounts. 
 
 
 
",item7_block_heading,True,,,
0000788784-18-000004,2,1,14733,232154,348709," ITEM 7. MANAGEMENT’S DISCUSSION AND ANALYSIS OF FINANCIAL CONDITION AND RESULTS OF OPERATIONS (MD&A) 
 This combined MD&A is separately filed by Public Service Enterprise Group Incorporated (PSEG), Public Service Electric and Gas Company (PSE&G) and PSEG Power LLC (Power). Information contained her"," change in the above assumptions may result in a material impact on our results of operations or our cash flows. See ITEM 8. Financial Statements and Supplementary Data— Note 6. Regulatory Assets and Liabilities for a description of the amounts and nature of regulatory balance sheet amounts. 
 
 
 
",item7_block_heading,True,,,
0000788784-19-000005,2,1,15664,219835,341955," ITEM 7. MANAGEMENT’S DISCUSSION AND ANALYSIS OF FINANCIAL CONDITION AND RESULTS OF OPERATIONS (MD&A) 
 This combined MD&A is separately filed by Public Service Enterprise Group Incorporated (PSEG), Public Service Electric and Gas Company (PSE&G) and PSEG Power LLC (Power). Information contained her","e. 
 Effect if Different Assumptions Used : A change in the above assumptions may result in a material impact on our results of operations or our cash flows. See ITEM 8. Note 7. Regulatory Assets and Liabilities for a description of the amounts and nature of regulatory balance sheet amounts. 
 
 
 
",item7_block_heading,True,,,
0000788784-20-000004,2,1,13117,218440,322900," ITEM 7. MANAGEMENT’S DISCUSSION AND ANALYSIS OF FINANCIAL CONDITION AND RESULTS OF OPERATIONS (MD&A) 
 This combined MD&A is separately filed by Public Service Enterprise Group Incorporated (PSEG), Public Service Electric and Gas Company (PSE&G) and PSEG Power LLC (PSEG Power). Information containe","e. 
 Effect if Different Assumptions Used : A change in the above assumptions may result in a material impact on our results of operations or our cash flows. See ITEM 8. Note 7. Regulatory Assets and Liabilities for a description of the amounts and nature of regulatory balance sheet amounts. 
 
 
 
",item7_block_heading,True,,,
0000788784-21-000007,2,1,15693,193727,309938," ITEM 7. MANAGEMENT’S DISCUSSION AND ANALYSIS OF FINANCIAL CONDITION AND RESULTS OF OPERATIONS (MD&A) 
 This combined MD&A is separately filed by Public Service Enterprise Group Incorporated (PSEG), Public Service Electric and Gas Company (PSE&G) and PSEG Power LLC (PSEG Power). Information containe","e. 
 Effect if Different Assumptions Used : A change in the above assumptions may result in a material impact on our results of operations or our cash flows. See ITEM 8. Note 7. Regulatory Assets and Liabilities for a description of the amounts and nature of regulatory balance sheet amounts. 
 
 
 
",item7_block_heading,True,,,
0001628280-22-003860,2,1,15416,203605,317565," ITEM 7. MANAGEMENT’S DISCUSSION AND ANALYSIS OF FINANCIAL CONDITION AND RESULTS OF OPERATIONS (MD&A) 
 This combined MD&A is separately filed by Public Service Enterprise Group Incorporated (PSEG) and Public Service Electric and Gas Company (PSE&G). Information contained herein relating to any indi","ed : A change in the above assumptions may result in a material impact on our results of operations or our cash flows. See ITEM 8. Note 7. Regulatory Assets and Liabilities for a description of the amounts and nature of regulatory balance sheet amounts. 
 
 
 
 
 
 62 
 
 
 
 Table of Contents 
 
 
",item7_block_heading,True,,,
0001628280-23-004411,2,1,13164,181940,280683," ITEM 7. MANAGEMENT’S DISCUSSION AND ANALYSIS OF FINANCIAL CONDITION AND RESULTS OF OPERATIONS (MD&A) 
 This combined MD&A is separately filed by Public Service Enterprise Group Incorporated (PSEG) and Public Service Electric and Gas Company (PSE&G). Information contained herein relating to any indi"," 
 Effect if Different Assumptions Used : A change in the above assumptions may result in a material impact on our results of operations or our cash flows. See ITEM 8. Note 7. Regulatory Assets and Liabilities for a description of the amounts and nature of regulatory balance sheet amounts. 
 
 
 
 
",item7_block_heading,True,,,
0001628280-24-006885,2,1,11405,189533,276745," ITEM 7. MANAGEMENT’S DISCUSSION AND ANALYSIS OF FINANCIAL CONDITION AND RESULTS OF OPERATIONS (MD&A) 
 This combined MD&A is separately filed by Public Service Enterprise Group Incorporated (PSEG) and Public Service Electric and Gas Company (PSE&G). Information contained herein relating to any indi"," 
 Effect if Different Assumptions Used : A change in the above assumptions may result in a material impact on our results of operations or our cash flows. See ITEM 8. Note 6. Regulatory Assets and Liabilities for a description of the amounts and nature of regulatory balance sheet amounts. 
 
 
 
 
",item7_block_heading,True,,,
0000950170-25-026874,2,1,11309,194492,294179," ITEM 7. MANAGEMENT’S DI SCUSSION AND ANALYSIS OF FINANCIAL CONDITION AND RESULTS OF OPERATIONS (MD&A) 
 
 This combined MD&A is separately filed by Public Service Enterprise Group Incorporated (PSEG) and Public Service Electric and Gas Company (PSE&G). Information contained herein relating to any i","This would result in an additional adjustment to Net Income between $(29) million and $44 million if our tax position discussed above is, or is not supported, respectively. See ITEM 8. Note 20. Income Taxes and Note 2. Revenues for more information. 
 
 
 
 
 
 61 
 
 
 
 Table of Contents 
 
 
 
 
",item7_block_heading,True,,,
0001193125-26-077446,2,1,11753,190847,292326," ITEM 7. MANAGEMENT’S DI SCUSSION AND ANALYSIS OF FINANCIAL CONDITION AND RESULTS OF OPERATIONS (MD&A) 
 This combined MD&A is separately filed by Public Service Enterprise Group Incorporated (PSEG) and Public Service Electric and Gas Company (PSE&G). Information contained herein relating to any ind","This would result in an additional adjustment to Net Income between $(29) million and $44 million if our tax position discussed above is, or is not supported, respectively. See ITEM 8. Note 19. Income Taxes and Note 2. Revenues for more information. 
 
 
 
 
 63 
 
 
 
 Table of Contents 
 
 
 
 
 
",item7_block_heading,True,,,
0000077476-17-000010,2,1,33428,165564,483733," ITEM 7. Management’s Discussion and Analysis of Financial Condition and Results of Operations. 
 
 
 
 
 
 
 
 
 
 
 OUR BUSINESS 
 
 
 
 
 Executive Overview 
 
 42 
 
 
 Our Operations 
 
 43 
 
 
 Other Relationships 
 
 44 
 
 
 Our Business Risks 
 
 44 
 
 
 OUR CRITICAL ACCOUNTING POLICIES 
","ated financial statements of exchange rate changes arising from specific transactions. 
 Translation adjustment : the impact of converting our foreign affiliates’ financial statements into U.S. dollars for the purpose of consolidating our financial statements. 
 
 
 
 130 
 
 
 Table of Contents 
 
",item7_block_heading,True,,,
0000077476-18-000012,2,1,34000,177777,496952," ITEM 7. Management’s Discussion and Analysis of Financial Condition and Results of Operations. 
 
 
 
 
 
 
 
 
 
 
 OUR BUSINESS 
 
 
 
 
 Executive Overview 
 
 45 
 
 
 Our Operations 
 
 45 
 
 
 Other Relationships 
 
 46 
 
 
 Our Business Risks 
 
 46 
 
 
 OUR FINANCIAL RESULTS 
 
 
 
 
 Re","ated financial statements of exchange rate changes arising from specific transactions. 
 Translation adjustment : the impact of converting our foreign affiliates’ financial statements into U.S. dollars for the purpose of consolidating our financial statements. 
 
 
 
 131 
 
 
 Table of Contents 
 
",item7_block_heading,True,,,
0000077476-19-000017,2,1,33223,179856,492279," ITEM 7. Management’s Discussion and Analysis of Financial Condition and Results of Operations. 
 
 
 
 
 
 
 
 
 
 
 OUR BUSINESS 
 
 
 
 
 Executive Overview 
 
 44 
 
 
 Our Operations 
 
 44 
 
 
 Other Relationships 
 
 45 
 
 
 Our Business Risks 
 
 45 
 
 
 OUR FINANCIAL RESULTS 
 
 
 
 
 Re","ed financial statements of exchange rate changes arising from specific transactions. 
 Translation adjustment : the impact of converting our foreign affiliates’ financial statements into U.S. dollars for the purpose of consolidating our financial statements. 
 
 
 
 
 131 
 
 
 Table of Contents 
 
",item7_block_heading,True,,,
0000077476-20-000015,2,1,33305,181654,498730," ITEM 7. Management’s Discussion and Analysis of Financial Condition and Results of Operations. 
 
 
 
 
 
 
 
 
 
 
 OUR BUSINESS 
 
 
 
 
 Executive Overview 
 
 42 
 
 
 Our Operations 
 
 42 
 
 
 Other Relationships 
 
 43 
 
 
 Our Business Risks 
 
 43 
 
 
 OUR FINANCIAL RESULTS 
 
 
 
 
 Re","ed financial statements of exchange rate changes arising from specific transactions. 
 Translation adjustment : the impact of converting our foreign affiliates’ financial statements into U.S. dollars for the purpose of consolidating our financial statements. 
 
 
 
 
 128 
 
 
 Table of Contents 
 
",item7_block_heading,True,,,
0000077476-21-000007,2,1,33765,112182,400377," ITEM 7. Management’s Discussion and Analysis of Financial Condition and Results of Operations. 
 
 
 
 
 
 
 
 
 
 
 
 
 
 
 
 
 OUR BUSINESS 
 
 
 Executive Overview 
 
 29 
 
 Our Operations 
 
 30 
 
 Other Relationships 
 
 30 
 
 Our Business Risks 
 
 30 
 
 OUR FINANCIAL RESULTS 
 
 
 Result","nge rate changes arising from specific transactions. 
 
 
 
 111 
 
 Table of Contents 
 Translation adjustment : the impact of converting our foreign affiliates’ financial statements into U.S. dollars for the purpose of consolidating our financial statements. 
 
 
 
 
 112 
 
 
 Table of Contents 
",item7_block_heading,True,,,
0000077476-22-000010,2,1,32389,120127,398974," ITEM 7. Management’s Discussion and Analysis of Financial Condition and Results of Operations. 
 
 
 
 
 
 
 
 
 
 
 
 
 
 
 
 
 OUR BUSINESS 
 
 
 Executive Overview 
 
 30 
 
 Our Operations 
 
 31 
 
 Other Relationships 
 
 31 
 
 Our Business Risks 
 
 31 
 
 OUR FINANCIAL RESULTS 
 
 
 Result","nge rate changes arising from specific transactions. 
 
 
 
 112 
 
 Table of Contents 
 Translation adjustment : the impact of converting our foreign affiliates’ financial statements into U.S. dollars for the purpose of consolidating our financial statements. 
 
 
 
 
 113 
 
 
 Table of Contents 
",item7_block_heading,True,,,
0000077476-23-000007,2,1,34283,121888,418261," ITEM 7. Management’s Discussion and Analysis of Financial Condition and Results of Operations. 
 
 
 
 
 
 
 
 
 
 
 
 
 
 
 
 
 OUR BUSINESS 
 
 
 Executive Overview 
 
 30 
 
 Our Operations 
 
 31 
 
 Other Relationships 
 
 31 
 
 Our Business Risks 
 
 31 
 
 OUR FINANCIAL RESULTS 
 
 
 Result","nge rate changes arising from specific transactions. 
 
 
 
 114 
 
 Table of Contents 
 Translation adjustment : the impact of converting our foreign affiliates’ financial statements into U.S. dollars for the purpose of consolidating our financial statements. 
 
 
 
 
 115 
 
 
 Table of Contents 
",item7_block_heading,True,,,
0000077476-24-000008,2,1,34271,132100,428740," ITEM 7. Management’s Discussion and Analysis of Financial Condition and Results of Operations. 
 
 
 
 
 
 
 
 
 
 
 
 
 
 
 
 
 OUR BUSINESS 
 
 
 Executive Overview 
 
 32 
 
 Our Operations 
 
 33 
 
 Other Relationships 
 
 33 
 
 Our Business Risks 
 
 34 
 
 OUR FINANCIAL RESULTS 
 
 
 Result","ated financial statements of exchange rate changes arising from specific transactions. 
 Translation adjustment : the impact of converting our foreign affiliates’ financial statements into U.S. dollars for the purpose of consolidating our financial statements. 
 
 
 
 
 118 
 
 
 Table of Contents 
",item7_block_heading,True,,,
0000077476-25-000007,2,1,33874,138886,432838," ITEM 7. Management’s Discussion and Analysis of Financial Condition and Results of Operations. 
 
 
 
 
 
 
 
 
 
 
 
 
 
 
 
 
 OUR BUSINESS 
 
 
 Executive Overview 
 
 34 
 
 Our Operations 
 
 35 
 
 Other Relationships 
 
 36 
 
 Our Business Risks 
 
 36 
 
 OUR FINANCIAL RESULTS 
 
 
 Result","ated financial statements of exchange rate changes arising from specific transactions. 
 Translation adjustment : the impact of converting our foreign affiliates’ financial statements into U.S. dollars for the purpose of consolidating our financial statements. 
 
 
 
 
 119 
 
 
 Table of Contents 
",item7_block_heading,True,,,
0000077476-26-000007,2,1,31937,137059,413954," ITEM 7. Management’s Discussion and Analysis of Financial Condition and Results of Operations. 
 
 
 
 
 
 
 
 
 
 
 
 
 
 
 
 
 OUR BUSINESS 
 
 
 Executive Overview 
 
 33 
 
 Our Operations 
 
 34 
 
 Other Relationships 
 
 34 
 
 Our Business Risks 
 
 34 
 
 OUR FINANCIAL RESULTS 
 
 
 Result","ated financial statements of exchange rate changes arising from specific transactions. 
 Translation adjustment : the impact of converting our foreign affiliates’ financial statements into U.S. dollars for the purpose of consolidating our financial statements. 
 
 
 
 
 112 
 
 
 Table of Contents 
",item7_block_heading,True,,,
0001534701-17-000051,1,1,15895,123839,246806," ITEM 7. MANAGEMENT’S DISCUSSION AND ANALYSIS OF FINANCIAL CONDITION AND RESULTS OF OPERATIONS 
 
 Management’s Discussion and Analysis is the company’s analysis of its financial performance, financial condition, and significant trends that may affect future performance. It should be read in conjunc","which includes understanding the impact of adoption on earnings from equity method investments. Based upon our analysis to-date, we have not identified any other material impact on our financial statements other than disclosures. 
 
 
 62 
 
 
 Table of Contents 
 Index to Financial Statements 
 
 
",item7_block_heading,True,,,
0001534701-18-000065,1,1,16620,124338,258291," ITEM 7. MANAGEMENT’S DISCUSSION AND ANALYSIS OF FINANCIAL CONDITION AND RESULTS OF OPERATIONS 
 
 Management’s Discussion and Analysis is the company’s analysis of its financial performance, financial condition, and significant trends that may affect future performance. It should be read in conjunc","venue. Sales-based taxes include excise taxes on sales of petroleum products as noted on our consolidated statement of income. We have not identified any other material impact on our financial statements other than disclosures. 
 
 
 
 66 
 
 
 Table of Contents 
 Index to Financial Statements 
 
 
",item7_block_heading,True,,,
0001534701-19-000063,1,1,15258,119929,245256," ITEM 7. MANAGEMENT’S DISCUSSION AND ANALYSIS OF FINANCIAL CONDITION AND RESULTS OF OPERATIONS 
 
 Unless otherwise indicated, “the company,” “we,” “our,” “us” and “Phillips 66” are used in this report to refer to the businesses of Phillips 66 and its consolidated subsidiaries. 
 
 Management’s Disc","g fuel margin amounts, in dollars, divided by sales volumes, in barrels. As such, recalculated per barrel amounts using the rounded margins and barrels presented may differ from the presented per barrel amounts due to rounding. 
 
 
 
 67 
 
 
 Table of Contents 
 Index to Financial Statements 
 
 
",item7_block_heading,True,,,
0001534701-20-000070,1,1,15239,120153,245148," ITEM 7. MANAGEMENT’S DISCUSSION AND ANALYSIS OF FINANCIAL CONDITION AND RESULTS OF OPERATIONS 
 
 Unless otherwise indicated, “the company,” “we,” “our,” “us” and “Phillips 66” are used in this report to refer to the businesses of Phillips 66 and its consolidated subsidiaries. 
 
 Management’s Disc","arketing fuel margin amounts, in dollars, divided by sales volumes, in barrels. As such, recalculated per barrel amounts using the rounded margins and barrels presented may slightly differ from the presented per barrel amounts. 
 
 
 
 69 
 
 
 Table of Contents 
 Index to Financial Statements 
 
 
",item7_block_heading,True,,,
0001534701-21-000074,1,1,15956,124497,249109," ITEM 7. MANAGEMENT’S DISCUSSION AND ANALYSIS OF FINANCIAL CONDITION AND RESULTS OF OPERATIONS 
 
 Management’s Discussion and Analysis is the company’s analysis of its financial performance and financial condition, and of significant trends that may affect future performance. It should be read in c","ying realized marketing fuel margin amounts, in dollars, divided by sales volumes, in barrels. As such, recalculated per barrel amounts using the rounded margins and barrels presented may differ from the presented per barrel amounts. 
 
 
 73 
 
 
 Table of Contents 
 Index to Financial Statements 
",item7_block_heading,True,,,
0001534701-22-000078,1,1,16023,133010,257915," ITEM 7. MANAGEMENT’S DISCUSSION AND ANALYSIS OF FINANCIAL CONDITION AND RESULTS OF OPERATIONS 
 
 Management’s Discussion and Analysis is the company’s analysis of its financial performance and financial condition, and of significant trends that may affect future performance. It should be read in c","ying realized marketing fuel margin amounts, in dollars, divided by sales volumes, in barrels. As such, recalculated per barrel amounts using the rounded margins and barrels presented may differ from the presented per barrel amounts. 
 
 
 74 
 
 
 Table of Contents 
 Index to Financial Statements 
",item7_block_heading,True,,,
0001534701-23-000053,1,1,16491,147006,274637," ITEM 7. MANAGEMENT’S DISCUSSION AND ANALYSIS OF FINANCIAL CONDITION AND RESULTS OF OPERATIONS 
 
 Management’s Discussion and Analysis is the company’s analysis of its financial performance and financial condition, and of significant trends that may affect future performance. It should be read in c","ying realized marketing fuel margin amounts, in dollars, divided by sales volumes, in barrels. As such, recalculated per barrel amounts using the rounded margins and barrels presented may differ from the presented per barrel amounts. 
 
 
 79 
 
 
 Table of Contents 
 Index to Financial Statements 
",item7_block_heading,True,,,
0001534701-24-000078,1,1,15987,155344,279138," ITEM 7. MANAGEMENT’S DISCUSSION AND ANALYSIS OF FINANCIAL CONDITION AND RESULTS OF OPERATIONS 
 
 Management’s Discussion and Analysis is the company’s analysis of its financial performance, financial condition, and significant trends that may affect future performance. It should be read in conjunc","ying realized marketing fuel margin amounts, in dollars, divided by sales volumes, in barrels. As such, recalculated per barrel amounts using the rounded margins and barrels presented may differ from the presented per barrel amounts. 
 
 
 79 
 
 
 Table of Contents 
 Index to Financial Statements 
",item7_block_heading,True,,,
0001534701-25-000074,1,1,17304,165174,299732," ITEM 7. MANAGEMENT’S DISCUSSION AND ANALYSIS OF FINANCIAL CONDITION AND RESULTS OF OPERATIONS 
 
 Management’s Discussion and Analysis is the company’s analysis of its financial performance, financial condition, and significant trends that may affect future performance. It should be read in conjunc","rel, as presented, are calculated using the underlying realized marketing fuel margin amounts, in dollars, divided by sales volumes, in barrels. As such, recalculated per barrel amounts using the rounded margins and barrels presented may differ from the presented per barrel amounts. 
 
 
 90 
 
 
 
",item7_block_heading,True,,,
0001534701-26-000006,1,1,17880,155516,295366," ITEM 7. MANAGEMENT’S DISCUSSION AND ANALYSIS OF FINANCIAL CONDITION AND RESULTS OF OPERATIONS 
 
 Management’s Discussion and Analysis is the company’s analysis of its financial performance, financial condition, and significant trends that may affect future performance. It should be read in conjunc","rel, as presented, are calculated using the underlying realized marketing fuel margin amounts, in dollars, divided by sales volumes, in barrels. As such, recalculated per barrel amounts using the rounded margins and barrels presented may differ from the presented per barrel amounts. 
 
 
 86 
 
 
 
",item7_block_heading,True,,,
0001193125-17-064821,2,1,29655,163748,383195," ITEM 7. 
 
 Management's Discussion and Analysis of Financial Condition and Results of Operations 
 
 The following discussion and analysis of our financial condition and results of operations should be read in conjunction with our historical
consolidated financial statements and related notes ther","ccompany such forward-looking statements or that are otherwise included in this report. In addition, we do not undertake and expressly disclaim any
obligation to update or revise any forward-looking statements to reflect events or circumstances after the date of this report or otherwise. 
 
 
 
 
 
",item7_block_heading,True,,,
0001050915-18-000003,2,1,25465,162136,350032," ITEM 7. 
 
 Management’s Discussion and Analysis of Financial Condition and Results of Operations 
 The following discussion and analysis of our financial condition and results of operations should be read in conjunction with our historical consolidated financial statements and related notes includ","pany such forward-looking statements or that are otherwise included in this report. In addition, we do not undertake and expressly disclaim any obligation to update or revise any forward-looking statements to reflect events or circumstances after the date of this report or otherwise. 
 
 
 
 
 
 
 
",item7_block_heading,True,,,
0001050915-19-000014,2,1,22787,174459,345742," ITEM 7. 
 
 Management’s Discussion and Analysis of Financial Condition and Results of Operations 
 The following discussion and analysis of our financial condition and results of operations should be read in conjunction with our historical consolidated financial statements and related notes includ","pany such forward-looking statements or that are otherwise included in this report. In addition, we do not undertake and expressly disclaim any obligation to update or revise any forward-looking statements to reflect events or circumstances after the date of this report or otherwise. 
 
 
 
 
 
 
 
",item7_block_heading,True,,,
0001050915-20-000020,2,1,14664,169817,284681," ITEM 7. 
 
 Management’s Discussion and Analysis of Financial Condition and Results of Operations 
 The following discussion and analysis of our financial condition and results of operations should be read in conjunction with our historical consolidated financial statements and related notes in ITE","at may accompany such forward-looking statements or that are otherwise included in this report. In addition, we do not undertake and expressly disclaim any obligation to update or revise any forward-looking statements to reflect events or circumstances after the date of this report or otherwise. 
 
",item7_block_heading,True,,,
0001050915-21-000009,2,1,15760,187417,306988," ITEM 7. Management’s Discussion and Analysis of Financial Condition and Results of Operations 
 The following discussion and analysis of our financial condition and results of operations should be read in conjunction with our historical consolidated financial statements and related notes in ITEM 8."," assets acquired and liabilities assumed in connection with our acquisitions, including the estimated useful lives of other intangible assets subject to amortization (also refer to Note 4 of the Notes to Consolidated Financial Statements in ITEM 8. Financial Statements and Supplementary Data ) . 
 
",item7_block_heading,True,,,
0001050915-22-000008,2,1,13453,216231,319703," ITEM 7. Management’s Discussion and Analysis of Financial Condition and Results of Operations 
 The following discussion and analysis of our financial condition and results of operations of Quanta Services, Inc. (together with its subsidiaries, Quanta, we, us or our) should be read in conjunction w"," capital, increase liquidity as necessary, refinance or extend the term of our existing indebtedness, fund acquisitions or otherwise fund our capital needs. For example, as described further in Financing Activities below and Note 10 of the Notes to Consolidated Financial Statements in 
 
 
 60 
 
 
",item7_block_heading,True,,,
0001050915-23-000010,2,1,8803,217558,286237," ITEM 7. Management’s Discussion and Analysis of Financial Condition and Results of Operations 
 General 
 The following discussion and analysis of the financial condition and results of operations of Quanta Services, Inc. (together with its subsidiaries, Quanta, we, us or our) should be read in con","ased Compensation - The assumptions used to determine the grant date fair value and attainment percentages related to performance stock units (also refer to Note 14 of the Notes to Consolidated Financial Statements in ITEM 8. Financial Statements and Supplementary Data of this Annual Report) . 
 
 
",item7_block_heading,True,,,
0001050915-24-000009,2,1,9303,224747,296108," ITEM 7. Management’s Discussion and Analysis of Financial Condition and Results of Operations 
 General 
 The following discussion and analysis of the financial condition and results of operations of Quanta Services, Inc. (together with its subsidiaries, Quanta, we, us or our) should be read in con"," To the extent we prevail in matters for which a liability has been established, are required to pay amounts in excess of the established liability or experience a change in judgment, the change in the liability could increase or decrease income tax expense in the period of such determination. 
 
 
",item7_block_heading,True,,,
0001050915-25-000005,2,1,8902,226525,295248," ITEM 7. Management’s Discussion and Analysis of Financial Condition and Results of Operations 
 General 
 The following discussion and analysis of the financial condition and results of operations of Quanta Services, Inc. (together with its subsidiaries, Quanta, we, us or our) should be read in con"," To the extent we prevail in matters for which a liability has been established, are required to pay amounts in excess of the established liability or experience a change in judgment, the change in the liability could increase or decrease income tax expense in the period of such determination. 
 
 
",item7_block_heading,True,,,
0001050915-26-000006,2,1,9111,221881,292727," ITEM 7. Management’s Discussion and Analysis of Financial Condition and Results of Operations 
 General 
 The following discussion and analysis of the financial condition and results of operations of Quanta Services, Inc. (together with its subsidiaries, Quanta, we, us or our) should be read in con","t we prevail in matters for which a liability has been established, are required to pay amounts in excess of the established liability or experience a change in judgment, the change in the liability could increase or decrease income tax expense in the period of such determination. 
 
 
 57 
 
 
 
 
",item7_block_heading,True,,,
0000882835-17-000006,2,1,5976,67138,118734," ITEM 7. 
 
 
 
 MANAGEMENT'S DISCUSSION AND ANALYSIS OF FINANCIAL CONDITION AND RESULTS OF OPERATIONS 
 
 
 
 

 
 
 

 
 You should read the following discussion in conjunction with ""Selected Financial Data"" and our Consolidated Financial Statements and related notes included in this Annual Report","imited purposes. 

 
 
 

 
 
 

 
 Recently Issued Accounting Standards 

 
 
 

 
 See Note 1 of the Notes to Consolidated Financial Statements included in this Annual Report for information regarding the effect of new accounting pronouncements on our financial statements. 

 
 

 
 

 
 
 
 
 
 
",item7_block_heading,True,,,
0000882835-18-000011,2,1,5386,58327,101072," ITEM 7. 
 
 MANAGEMENT'S DISCUSSION AND ANALYSIS OF FINANCIAL CONDITION AND RESULTS OF OPERATIONS 
 
 You should read the following discussion in conjunction with ""Selected Financial Data"" and our Consolidated Financial Statements and related notes included in this Annual Report. 
 
 Overview 
 
 W","or limited purposes. 
 
 Recently Issued Accounting Standards 
 
 See Note 1 of the Notes to Consolidated Financial Statements included in this Annual Report for information regarding the effect of new accounting pronouncements on our consolidated financial statements. 
 
 
 
 26 
 
 
 
 
 
 
 
 
 
",item7_block_heading,True,,,
0000882835-19-000010,2,1,5586,58186,102466," ITEM 7. 
 
 MANAGEMENT’S DISCUSSION AND ANALYSIS OF FINANCIAL CONDITION AND RESULTS OF OPERATIONS 
 
 All currency amounts are in millions unless specified 
 
 You should read the following discussion in conjunction with “Selected Financial Data” and our Consolidated Financial Statements and relate","or limited purposes. 
 
 Recently Issued Accounting Standards 
 
 See Note 1 of the Notes to Consolidated Financial Statements included in this Annual Report for information regarding the effect of new accounting pronouncements on our consolidated financial statements. 
 
 
 
 26 
 
 
 
 
 
 
 
 
 
",item7_block_heading,True,,,
0000882835-20-000006,2,1,5432,57855,101223," ITEM 7. 
 
 MANAGEMENT’S DISCUSSION AND ANALYSIS OF FINANCIAL CONDITION AND RESULTS OF OPERATIONS 
 
 All currency amounts are in millions unless specified 
 
 You should read the following discussion in conjunction with “Selected Financial Data” and our Consolidated Financial Statements and relate","w or limited purposes. 
 
 Recently Issued Accounting Standards 
 
 See Note 1 of the Notes to Consolidated Financial Statements included in this Annual Report for information regarding the effect of new accounting pronouncements on our Consolidated Financial Statements. 
 
 
 25 
 
 
 
 
 
 
 
 
 
",item7_block_heading,True,,,
0000882835-21-000011,2,1,4825,76290,113130," ITEM 7. MANAGEMENT’S DISCUSSION AND ANALYSIS OF FINANCIAL CONDITION AND RESULTS OF OPERATIONS 
 
 All currency amounts are in millions unless specified 
 
 A detailed discussion of the fiscal 2020 year-over-year changes can be found below and a detailed discussion of fiscal 2019 year-over-year chan","tually narrow or limited purposes. 
 
 Recently Issued Accounting Standards 
 
 See Note 1 of the Notes to Consolidated Financial Statements included in this Annual Report for information regarding the effect of new accounting pronouncements on our Consolidated Financial Statements. 
 
 
 27 
 
 
 
",item7_block_heading,True,,,
0000882835-22-000012,2,1,5081,72568,112924," ITEM 7. MANAGEMENT’S DISCUSSION AND ANALYSIS OF FINANCIAL CONDITION AND RESULTS OF OPERATIONS 
 
 All currency amounts are in millions unless specified 
 
 Overview 
 
 We are a diversified technology company. We operate businesses that design and develop software (both license and SaaS) and engine","s can be predicted with certainty. 
 
 Recently Issued Accounting Standards 
 
 See Note 1 of the Notes to Consolidated Financial Statements included in this Annual Report for information regarding the effect of new accounting pronouncements on our Consolidated Financial Statements. 
 
 
 28 
 
 
 
",item7_block_heading,True,,,
0000882835-23-000016,2,1,5272,74090,115728," ITEM 7. MANAGEMENT’S DISCUSSION AND ANALYSIS OF FINANCIAL CONDITION AND RESULTS OF OPERATIONS 
 
 All currency amounts are in millions unless specified 
 
 Overview 
 
 Roper Technologies is a diversified technology company. Roper has a proven, long-term, successful track record of compounding cash","s can be predicted with certainty. 
 
 Recently Issued Accounting Standards 
 
 See Note 1 of the Notes to Consolidated Financial Statements included in this Annual Report for information regarding the effect of new accounting pronouncements on our Consolidated Financial Statements. 
 
 
 29 
 
 
 
",item7_block_heading,True,,,
0000882835-24-000008,2,1,4406,78300,113152," ITEM 7. MANAGEMENT’S DISCUSSION AND ANALYSIS OF FINANCIAL CONDITION AND RESULTS OF OPERATIONS 
 
 All currency amounts are in millions unless specified 
 
 This ITEM generally discusses our 2023 results compared to our 2022 results. Discussions of our 2022 results compared to our 2021 results can b","s can be predicted with certainty. 
 
 Recently Issued Accounting Standards 
 
 See Note 1 of the Notes to Consolidated Financial Statements included in this Annual Report for information regarding the effect of new accounting pronouncements on our Consolidated Financial Statements. 
 
 
 28 
 
 
 
",item7_block_heading,True,,,
0000882835-25-000008,2,1,4516,81947,117549," ITEM 7. MANAGEMENT’S DISCUSSION AND ANALYSIS OF FINANCIAL CONDITION AND RESULTS OF OPERATIONS 
 
 All currency amounts are in millions unless specified 
 
 This ITEM generally discusses our 2024 results compared to our 2023 results. Discussions of our 2023 results compared to our 2022 results can b","s can be predicted with certainty. 
 
 Recently Issued Accounting Standards 
 
 See Note 1 of the Notes to Consolidated Financial Statements included in this Annual Report for information regarding the effect of new accounting pronouncements on our Consolidated Financial Statements. 
 
 
 30 
 
 
 
",item7_block_heading,True,,,
0000882835-26-000009,2,1,4777,90038,127339," ITEM 7. MANAGEMENT’S DISCUSSION AND ANALYSIS OF FINANCIAL CONDITION AND RESULTS OF OPERATIONS 
 
 Amounts are in millions unless specified, except per share data 
 
 This ITEM generally discusses our 2025 results compared to our 2024 results. Discussions of our 2024 results compared to our 2023 res","ors can be predicted with certainty. 
 
 Recently Issued Accounting Standards 
 See Note 1 of the Notes to Consolidated Financial Statements included in this Annual Report for information regarding the effect of new accounting pronouncements on our Consolidated Financial Statements. 
 
 
 30 
 
 
 
",item7_block_heading,True,,,
0000745732-17-000009,1,1,4698,78839,115960," ITEM 7. MANAGEMENT'S DISCUSSION AND ANALYSIS OF FINANCIAL CONDITION AND RESULTS OF OPERATIONS 
 
 
 Overview 
 
 Ross Stores, Inc. operates two brands of off-price retail apparel and home fashion stores—Ross Dress for Less ® (“Ross”) and dd’s DISCOUNTS ® . Ross is the largest off-price apparel and ","forecasts are dynamic and subject to change. As a result, any forecasts or forward-looking statements speak only as of the date they are given and do not necessarily reflect our outlook at any other point in time. We disclaim any obligation to update or revise these forward-looking statements. 
 
 
",item7_block_heading,True,,,
0000745732-18-000004,1,1,5125,81216,121157," ITEM 7. MANAGEMENT’S DISCUSSION AND ANALYSIS OF FINANCIAL CONDITION AND RESULTS OF OPERATIONS 
 
 
 Overview 
 
 Ross Stores, Inc. operates two brands of off-price retail apparel and home fashion stores—Ross Dress for Less ® (“Ross”) and dd’s DISCOUNTS ® . Ross is the largest off-price apparel and ","ynamic and subject to change. As a result, any forecasts or forward-looking statements speak only as of the date they are given and do not necessarily reflect our outlook at any other point in time. We disclaim any obligation to update or revise these forward-looking statements. 
 
 
 
 30 
 
 
 
 
",item7_block_heading,True,,,
0000745732-19-000009,2,1,5204,81596,122227," ITEM 7. MANAGEMENT’S DISCUSSION AND ANALYSIS OF FINANCIAL CONDITION AND RESULTS OF OPERATIONS 
 
 
 Overview 
 
 Ross Stores, Inc. operates two brands of off-price retail apparel and home fashion stores—Ross Dress for Less ® (“Ross”) and dd’s DISCOUNTS ® . Ross is the largest off-price apparel and ","ynamic and subject to change. As a result, any forecasts or forward-looking statements speak only as of the date they are given and do not necessarily reflect our outlook at any other point in time. We disclaim any obligation to update or revise these forward-looking statements. 
 
 
 
 31 
 
 
 
 
",item7_block_heading,True,,,
0000745732-20-000016,2,1,6368,85945,134048," ITEM 7. MANAGEMENT’S DISCUSSION AND ANALYSIS OF FINANCIAL CONDITION AND RESULTS OF OPERATIONS 
 
 
 Overview 
 
 Ross Stores, Inc. operates two brands of off-price retail apparel and home fashion stores—Ross Dress for Less ® (“Ross”) and dd’s DISCOUNTS ® . Ross is the largest off-price apparel and "," dynamic and subject to change. As a result, any forecasts or forward-looking statements speak only as of the date they are given and do not necessarily reflect our outlook at any other point in time. We disclaim any obligation to update or revise these forward-looking statements. 
 
 
 
 
 34 
 
 
",item7_block_heading,True,,,
0000745732-21-000017,2,1,6912,95030,146989," ITEM 7. MANAGEMENT’S DISCUSSION AND ANALYSIS OF FINANCIAL CONDITION AND RESULTS OF OPERATIONS 
 
 
 Overview 
 
 Ross Stores, Inc. operates two brands of off-price retail apparel and home fashion stores—Ross Dress for Less ® (“Ross”) and dd’s DISCOUNTS ® . Ross is the largest off-price apparel and ","forecasts are dynamic and subject to change. As a result, any forecasts or forward-looking statements speak only as of the date they are given and do not necessarily reflect our outlook at any other point in time. We disclaim any obligation to update or revise these forward-looking statements. 
 
 
",item7_block_heading,True,,,
0000745732-22-000014,2,1,6328,88263,136249," ITEM 7. MANAGEMENT’S DISCUSSION AND ANALYSIS OF FINANCIAL CONDITION AND RESULTS OF OPERATIONS 
 
 
 Overview 
 
 Ross Stores, Inc. operates two brands of off-price retail apparel and home fashion stores—Ross Dress for Less ® (“Ross”) and dd’s DISCOUNTS ® . Ross is the largest off-price apparel and ","forecasts are dynamic and subject to change. As a result, any forecasts or forward-looking statements speak only as of the date they are given and do not necessarily reflect our outlook at any other point in time. We disclaim any obligation to update or revise these forward-looking statements. 
 
 
",item7_block_heading,True,,,
0000745732-23-000013,2,1,4735,85083,122087," ITEM 7. MANAGEMENT’S DISCUSSION AND ANALYSIS OF FINANCIAL CONDITION AND RESULTS OF OPERATIONS 
 
 
 Overview 
 
 Ross Stores, Inc. operates two brands of off-price retail apparel and home fashion stores—Ross Dress for Less ® (“Ross”) and dd’s DISCOUNTS ® . Ross is the largest off-price apparel and "," dynamic and subject to change. As a result, any forecasts or forward-looking statements speak only as of the date they are given and do not necessarily reflect our outlook at any other point in time. We disclaim any obligation to update or revise these forward-looking statements. 
 
 
 
 32 
 
 
 
",item7_block_heading,True,,,
0000745732-24-000009,2,1,3634,88494,118010," ITEM 7. MANAGEMENT’S DISCUSSION AND ANALYSIS OF FINANCIAL CONDITION AND RESULTS OF OPERATIONS 
 
 
 Overview 
 
 Ross Stores, Inc. operates two brands of off-price retail apparel and home fashion stores—Ross Dress for Less ® (“Ross”) and dd’s DISCOUNTS ® . Ross is the largest off-price apparel and ","nd plans are dynamic and subject to change. As a result, any forecasts or forward-looking statements speak only as of the date they are given, and do not necessarily reflect our outlook at any other point in time. We disclaim any obligation to update or revise these forward-looking statements. 
 
 
",item7_block_heading,True,,,
0000745732-25-000010,2,1,3654,85838,115572," ITEM 7. MANAGEMENT’S DISCUSSION AND ANALYSIS OF FINANCIAL CONDITION AND RESULTS OF OPERATIONS 
 
 
 Overview 
 
 Ross Stores, Inc. operates two brands of off-price retail apparel and home fashion stores—Ross Dress for Less ® (“Ross”) and dd’s DISCOUNTS ® . Ross is the largest off-price apparel and ","dynamic and subject to change. As a result, any forecasts or forward-looking statements speak only as of the date they are given, and do not necessarily reflect our outlook at any other point in time. We disclaim any obligation to update or revise these forward-looking statements. 
 
 
 
 32 
 
 
 
",item7_block_heading,True,,,
0000745732-26-000006,2,1,4056,85052,117467," ITEM 7. MANAGEMENT’S DISCUSSION AND ANALYSIS OF FINANCIAL CONDITION AND RESULTS OF OPERATIONS 
 
 This section and other parts of this Form 10-K contain forward-looking statements that involve risks and uncertainties. Our actual results may differ materially from the results discussed in the forwar","dynamic and subject to change. As a result, any forecasts or forward-looking statements speak only as of the date they are given, and do not necessarily reflect our outlook at any other point in time. We disclaim any obligation to update or revise these forward-looking statements. 
 
 
 
 32 
 
 
 
",item7_block_heading,True,,,
0000829224-16-000083,2,1,11364,98645,196748," ITEM 7. 
 
 Management’s Discussion and Analysis of Financial Condition and Results of Operations 
 
 General 
 Our fiscal year ends on the Sunday closest to September 30. The fiscal year ended on October 2, 2016 included 53 weeks, with the extra week falling in our fourth fiscal quarter. Fiscal ye","aterially affected. 
 
 RECENT ACCOUNTING PRONOUNCEMENTS 
 See Note 1 , Summary of Significant Accounting Policies, to the consolidated financial statements included in ITEM 8 of Part II of this 10-K for a detailed description of recent accounting pronouncements. 
 
 
 43 
 
 
 Table of Contents 
 
",item7_block_heading,True,,,
0000829224-17-000049,2,1,11345,103095,202487," ITEM 7. 
 
 Management’s Discussion and Analysis of Financial Condition and Results of Operations 
 
 General 
 Our fiscal year ends on the Sunday closest to September 30. The fiscal year ended on October 1, 2017 included 52 weeks. The fiscal year ended on October 2, 2016 included 53 weeks, with th","aterially affected. 
 
 RECENT ACCOUNTING PRONOUNCEMENTS 
 See Note 1 , Summary of Significant Accounting Policies, to the consolidated financial statements included in ITEM 8 of Part II of this 10-K for a detailed description of recent accounting pronouncements. 
 
 
 44 
 
 
 Table of Contents 
 
",item7_block_heading,True,,,
0000829224-18-000052,2,1,12151,111544,216656," ITEM 7. 
 
 Management’s Discussion and Analysis of Financial Condition and Results of Operations 
 
 General 
 Our fiscal year ends on the Sunday closest to September 30. The fiscal years ended on September 30, 2018 and October 1, 2017 included 52 weeks. The fiscal year ended on October 2, 2016 in"," surrounding the changes as a result of the Tax Act. 
 
 RECENT ACCOUNTING PRONOUNCEMENTS 
 See Note 1 , Summary of Significant Accounting Policies, to the consolidated financial statements included in ITEM 8 of Part II of this 10-K for a detailed description of recent accounting pronouncements. 
 
",item7_block_heading,True,,,
0000829224-19-000051,2,1,9464,105844,187351," ITEM 7. 
 
 Management’s Discussion and Analysis of Financial Condition and Results of Operations 
 
 General 
 Our fiscal year ends on the Sunday closest to September 30. All references to store counts, including data for new store openings, are reported net of related store closures, unless other"," surrounding the changes as a result of the Tax Act. 
 
 RECENT ACCOUNTING PRONOUNCEMENTS 
 See Note 1 , Summary of Significant Accounting Policies, to the consolidated financial statements included in ITEM 8 of Part II of this 10-K for a detailed description of recent accounting pronouncements. 
 
",item7_block_heading,True,,,
0000829224-20-000078,2,1,10827,114517,201622," ITEM 7. Management’s Discussion and Analysis of Financial Condition and Results of Operations 
 
 General 
 Our fiscal year ends on the Sunday closest to September 30. All references to store counts, including data for new store openings, are reported net of related store closures, unless otherwise","ncial statement period could be materially affected. 
 
 RECENT ACCOUNTING PRONOUNCEMENTS 
 See Note 1 , Summary of Significant Accounting Policies, to the consolidated financial statements included in ITEM 8 of Part II of this 10-K for a detailed description of recent accounting pronouncements. 
 
",item7_block_heading,True,,,
0000829224-21-000086,2,1,8244,122022,186000," ITEM 7. Management’s Discussion and Analysis of Financial Condition and Results of Operations 
 
 General 
 Our fiscal year ends on the Sunday closest to September 30. All references to store counts, including data for new store openings, are reported net of related store closures, unless otherwise","ncial statement period could be materially affected. 
 
 RECENT ACCOUNTING PRONOUNCEMENTS 
 See Note 1 , Summary of Significant Accounting Policies, to the consolidated financial statements included in ITEM 8 of Part II of this 10-K for a detailed description of recent accounting pronouncements. 
 
",item7_block_heading,True,,,
0000829224-22-000058,2,1,7666,122530,182472," ITEM 7. Management’s Discussion and Analysis of Financial Condition and Results of Operations 
 
 General 
 Our fiscal year ends on the Sunday closest to September 30. All references to store counts, including data for new store openings, are reported net of related store closures, unless otherwise","t period could be materially affected. 
 
 RECENT ACCOUNTING PRONOUNCEMENTS 
 See Note 1 , Summary of Significant Accounting Policies and Estimates, to the consolidated financial statements included in ITEM 8 of Part II of this 10-K for a detailed description of recent accounting pronouncements. 
 
",item7_block_heading,True,,,
0000829224-23-000058,2,1,7170,132355,188963," ITEM 7. Management’s Discussion and Analysis of Financial Condition and Results of Operations 
 
 General 
 Our fiscal year ends on the Sunday closest to September 30. All references to store counts, including data for new store openings, are reported net of related store closures, unless otherwise","ded in ITEM 8 of Part II of this 10-K. 
 
 RECENT ACCOUNTING PRONOUNCEMENTS 
 See Note 1 , Summary of Significant Accounting Policies and Estimates, to the consolidated financial statements included in ITEM 8 of Part II of this 10-K for a detailed description of recent accounting pronouncements. 
 
",item7_block_heading,True,,,
0000829224-24-000057,2,1,7367,164344,222492," ITEM 7. Management’s Discussion and Analysis of Financial Condition and Results of Operations 
 
 You should read the following discussion of our financial condition and results of operations in conjunction with the financial statements and the notes thereto included elsewhere in this 10-K. The fol","ded in ITEM 8 of Part II of this 10-K. 
 
 RECENT ACCOUNTING PRONOUNCEMENTS 
 See Note 1 , Summary of Significant Accounting Policies and Estimates, to the consolidated financial statements included in ITEM 8 of Part II of this 10-K for a detailed description of recent accounting pronouncements. 
 
",item7_block_heading,True,,,
0000829224-25-000114,2,1,7801,125436,186482," ITEM 7. Management’s Discussion and Analysis of Financial Condition and Results of Operations 
 
 You should read the following discussion of our financial condition and results of operations in conjunction with the financial statements and the notes thereto included elsewhere in this 10-K. The fol","ded in ITEM 8 of Part II of this 10-K. 
 
 RECENT ACCOUNTING PRONOUNCEMENTS 
 See Note 1 , Summary of Significant Accounting Policies and Estimates, to the consolidated financial statements included in ITEM 8 of Part II of this 10-K for a detailed description of recent accounting pronouncements. 
 
",item7_block_heading,True,,,
0001047469-17-001143,2,1,11135,278218,400134," ITEM 7. MANAGEMENT'S DISCUSSION AND ANALYSIS OF FINANCIAL CONDITION AND RESULTS OF OPERATIONS 

 
 


 


EXECUTIVE SUMMARY 

 
 This Management's Discussion and Analysis of Financial Condition and Results of Operations relates to and should be read together with our
Audited Consolidated Financial ","
 
 
 
 Total capitalization 
 
 
 
 
 
$ 
 
 11,825.1 
 
 
 
 
 
$ 
 
 11,250.7 
 
 
 
 
 
 
 
 Total debt/total capitalization(*) 
 
 
 
 
 
 
50.4 
 
 % 
 
 
 
 
52.9 
 
 % 
 
 
 


 
 
 
 
 
 
 (*) Represents
debt divided by total capitalization. 
 
 
 97 

 
 
 
 
 

 
 Table of Contents 

 
 
",item7_block_heading,True,,,
0001047469-18-001211,2,1,11580,272432,397222," ITEM 7. MANAGEMENT'S DISCUSSION AND ANALYSIS OF FINANCIAL CONDITION AND RESULTS OF OPERATIONS 

 
 


 


EXECUTIVE SUMMARY 

 
 This Management's Discussion and Analysis of Financial Condition and Results of Operations relates to and should be read together with our
Audited Consolidated Financial ","
 
 
 
 Total capitalization 
 
 
 
 
 
$ 
 
 12,106.5 
 
 
 
 
 
$ 
 
 11,825.1 
 
 
 
 
 
 
 
 Total debt/total capitalization(*) 
 
 
 
 
 
 
49.2 
 
 % 
 
 
 
 
50.4 
 
 % 
 
 
 


 
 
 
 
 
 
 (*) Represents
debt divided by total capitalization. 
 
 
 97 

 
 
 
 
 

 
 Table of Contents 

 
 
",item7_block_heading,True,,,
0001047469-19-000845,2,1,11486,278825,404026," ITEM 7. MANAGEMENT'S DISCUSSION AND ANALYSIS OF FINANCIAL CONDITION AND RESULTS OF OPERATIONS 

 
 


 


EXECUTIVE SUMMARY 

 
 This Management's Discussion and Analysis of Financial Condition and Results of Operations relates to and should be read together with our
Audited Consolidated Financial ","


 
 
 
 
 


 


 
 
 


 


 
 
 
 

 
 
 
 
 Total capitalization 
 
 
 
 
 
$ 
 
 12,572.9 
 
 
 
 
 
$ 
 
 12,106.5 
 
 
 
 
 
 
 
 Total debt/total capitalization(*) 
 
 
 
 
 
 47.4 
 
 % 
 
 
 
 49.2 
 
 % 
 
 
 


 
 
 
 
 
 
 (*) Represents
debt divided by total capitalization. 
 
 
 

 
",item7_block_heading,True,,,
0001558370-20-001781,2,1,11680,260535,370461," ITEM 7. MANAGEMENT’S DISCUSSION AND ANALYSIS OF FINANCIAL CONDITION AND RESULTS OF OPERATIONS 
 
 EXECUTIVE SUMMARY 
 
 This Management’s Discussion and Analysis of Financial Condition and Results of Operations relates to and should be read together with our Audited Consolidated Financial Statement",",858.2 
 
 
 
 
 
 6,612.8 
 
 
 
 
 Total capitalization 
 
 
 
 $ 
 
 13,799.0 
 
 
 
 $ 
 
 12,572.9 
 
 
 
 
 Total debt/total capitalization(*) 
 
 
 
 
 
 50.3 
 
 % 
 
 
 
 47.4 
 
 % 
 
 
 
 
 (*) 
 
 Represents debt divided by total capitalization. 
 
 
 92 
 
 
 
 
 Table of Contents 
 
 
",item7_block_heading,True,,,
0001558370-21-001894,2,1,12384,272226,387883," ITEM 7. MANAGEMENT’S DISCUSSION AND ANALYSIS OF FINANCIAL CONDITION AND RESULTS OF OPERATIONS 
 
 EXECUTIVE SUMMARY 
 
 This Management’s Discussion and Analysis of Financial Condition and Results of Operations relates to and should be read together with our Audited Consolidated Financial Statement",",276.0 
 
 
 
 
 
 6,858.2 
 
 
 
 
 Total capitalization 
 
 
 
 $ 
 
 13,820.2 
 
 
 
 $ 
 
 13,799.0 
 
 
 
 
 Total debt/total capitalization(*) 
 
 
 
 
 
 47.4 
 
 % 
 
 
 
 50.3 
 
 % 
 
 
 
 
 (*) 
 
 Represents debt divided by total capitalization. 
 
 
 97 
 
 
 
 
 Table of Contents 
 
 
",item7_block_heading,True,,,
0001558370-22-002968,2,1,14103,320917,446479," ITEM 7. MANAGEMENT’S DISCUSSION AND ANALYSIS OF FINANCIAL CONDITION AND RESULTS OF OPERATIONS 
 
 EXECUTIVE SUMMARY 
 
 This Management’s Discussion and Analysis of Financial Condition and Results of Operations relates to and should be read together with our Audited Consolidated Financial Statement","207.8 
 
 
 
 
 
 7,276.0 
 
 
 
 
 Total capitalization 
 
 
 
 $ 
 
 14,755.4 
 
 
 
 $ 
 
 13,820.2 
 
 
 
 
 Total debt/total capitalization(*) 
 
 
 
 
 
 44.4 
 
 % 
 
 
 
 47.4 
 
 % 
 
 
 
 
 (*) 
 
 Represents debt divided by total capitalization. 
 
 
 114 
 
 
 
 
 Table of Contents 
 
 
",item7_block_heading,True,,,
0001558370-23-002328,2,1,12978,360741,474919," ITEM 7. MANAGEMENT’S DISCUSSION AND ANALYSIS OF FINANCIAL CONDITION AND RESULTS OF OPERATIONS 
 
 EXECUTIVE SUMMARY 
 
 This Management’s Discussion and Analysis of Financial Condition and Results of Operations relates to and should be read together with our Audited Consolidated Financial Statement","0.64) 
 
 The by-product revenue presented does not match with the sales value reported by segment on page 173 because the above table excludes purchases from third parties, which are reclassified to net revenue on sale of metal purchased from third parties. 
 
 
 118 
 
 
 
 
 Table of Contents 
 
",item7_block_heading,True,,,
0001558370-24-002119,2,1,11687,385784,491397," ITEM 7. MANAGEMENT’S DISCUSSION AND ANALYSIS OF FINANCIAL CONDITION AND RESULTS OF OPERATIONS 
 
 EXECUTIVE SUMMARY 
 
 This Management’s Discussion and Analysis of Financial Condition and Results of Operations relates to and should be read together with our Audited Consolidated Financial Statement","0.96) 
 
 The by-product revenue presented does not match with the sales value reported by segment on page 175 because the above table excludes purchases from third parties, which are reclassified to net revenue on sale of metal purchased from third parties. 
 
 
 119 
 
 
 
 
 Table of Contents 
 
",item7_block_heading,True,,,
0001558370-25-002017,2,1,11575,399041,504262," ITEM 7. MANAGEMENT’S DISCUSSION AND ANALYSIS OF FINANCIAL CONDITION AND RESULTS OF OPERATIONS 
 
 EXECUTIVE SUMMARY 
 
 This Management’s Discussion and Analysis of Financial Condition and Results of Operations relates to and should be read together with our Audited Consolidated Financial Statement","22) 
 
 The by-product revenue presented does not match with the sales value reported by segment on page 178 because the above table excludes purchases from third parties, which are reclassified to net revenue on sale of metal purchased from third parties. 
 
 
 123 
 
 
 
 
 Table of Contents 
 
 
",item7_block_heading,True,,,
0001104659-26-021492,2,1,10927,406879,509142," ITEM 7. MANAGEMENT’S DISCUSSION AND ANALYSIS OF FINANCIAL CONDITION AND RESULTS OF OPERATIONS 
 
 EXECUTIVE SUMMARY 
 
 This Management’s Discussion and Analysis of Financial Condition and Results of Operations relates to and should be read together with our Audited Consolidated Financial Statement","1.13) 
 
 The by-product revenue presented does not match with the sales value reported by segment on page 184 because the above table excludes purchases from third parties, which are reclassified to net revenue on sale of metal purchased from third parties. 
 
 
 125 
 
 
 
 
 Table of Contents 
 
",item7_block_heading,True,,,
0000883241-16-000027,2,1,8396,116868,184811," ITEM 7. Management’s Discussion and Analysis of Financial Condition and Results of Operations 
 
 Overview 
 The following summary of our financial condition and results of operations is qualified in its entirety by the more complete discussion contained in this ITEM 7 and by the risk factors set f"," depending on the time of receipt of goods or services or changes to agreed-upon amounts for some obligations. 
 
 Off-Balance Sheet Arrangements 
 As of October 31, 2016 , we did not have any off-balance sheet arrangements, as defined in ITEM 303(a)(4)(ii) of SEC Regulation S-K. 
 
 
 
 
 
 
 
 
 
",item7_block_heading,True,,,
0000883241-17-000014,2,1,9285,123563,198050," ITEM 7. Management’s Discussion and Analysis of Financial Condition and Results of Operations 
 
 Overview 
 The following summary of our financial condition and results of operations is qualified in its entirety by the more complete discussion contained in this ITEM 7 and by the risk factors set f"," depending on the time of receipt of goods or services or changes to agreed-upon amounts for some obligations. 
 
 Off-Balance Sheet Arrangements 
 As of October 31, 2017 , we did not have any off-balance sheet arrangements, as defined in ITEM 303(a)(4)(ii) of SEC Regulation S-K. 
 
 
 
 
 
 
 
 
 
",item7_block_heading,True,,,
0000883241-18-000012,2,1,8862,120168,191589," ITEM 7. Management’s Discussion and Analysis of Financial Condition and Results of Operations 
 
 Overview 
 The following summary of our financial condition and results of operations is qualified in its entirety by the more complete discussion contained in this ITEM 7 and by the risk factors set f","epending on the time of receipt of goods or services or changes to agreed-upon amounts for some obligations. 
 
 Off-Balance Sheet Arrangements 
 As of October 31, 2018 , we did not have any off-balance sheet arrangements, as defined in ITEM 303(a)(4)(ii) of SEC Regulation S-K. 
 
 
 
 
 
 
 
 
 
 
",item7_block_heading,True,,,
0000883241-19-000019,2,1,7773,124255,190213," ITEM 7. Management’s Discussion and Analysis of Financial Condition and Results of Operations 
 
 Overview 
 The following overview of our financial condition and results of operations is qualified in its entirety by the more complete discussion contained in this ITEM 7, the risk factors set forth "," depending on the time of receipt of goods or services or changes to agreed-upon amounts for some obligations. 
 
 Off-Balance Sheet Arrangements 
 As of October 31, 2019 , we did not have any off-balance sheet arrangements, as defined in ITEM 303(a)(4)(ii) of SEC Regulation S-K. 
 
 
 
 
 
 
 
 
 
",item7_block_heading,True,,,
0000883241-20-000015,2,1,7588,132766,197120," ITEM 7. Management’s Discussion and Analysis of Financial Condition and Results of Operations 
 
 Overview 
 The following overview of our financial condition and results of operations is qualified in its entirety by the more complete discussion contained in this ITEM 7, the risk factors set forth "," depending on the time of receipt of goods or services or changes to agreed-upon amounts for some obligations. 
 
 Off-Balance Sheet Arrangements 
 As of October 31, 2020 , we did not have any off-balance sheet arrangements, as defined in ITEM 303(a)(4)(ii) of SEC Regulation S-K. 
 
 
 
 
 
 
 
 
 
",item7_block_heading,True,,,
0000883241-21-000022,2,1,6286,136914,186202," ITEM 7. Management’s Discussion and Analysis of Financial Condition and Results of Operations 
 
 Overview 
 The following overview of our financial condition and results of operations is qualified in its entirety by the more complete discussion contained in this ITEM 7, the risk factors set forth ","which represent uncertain tax benefits. Currently, a reasonably reliable estimate of timing of payments related to uncertain tax benefits in individual years beyond fiscal 2021 cannot be made due to uncertainties in timing of the commencement and settlement of potential tax audits. 
 
 
 
 
 
 
 
 
",item7_block_heading,True,,,
0000883241-22-000017,2,1,6517,141886,192599," ITEM 7. Management’s Discussion and Analysis of Financial Condition and Results of Operations 
 
 Overview 
 The following overview is qualified in its entirety by the more complete discussion contained in this ITEM 7, the risk factors set forth in ITEM 1A of this Form 10-K, and our consolidated fi","which represent uncertain tax benefits. Currently, a reasonably reliable estimate of timing of payments related to uncertain tax benefits in individual years beyond fiscal 2022 cannot be made due to uncertainties in timing of the commencement and settlement of potential tax audits. 
 
 
 
 
 
 
 
 
",item7_block_heading,True,,,
0000883241-23-000019,2,1,6911,146460,201243," ITEM 7. Management’s Discussion and Analysis of Financial Condition and Results of Operations 
 
 Overview 
 The following overview is qualified in its entirety by the more complete discussion contained in this ITEM 7, the risk factors set forth in ITEM 1A of this Form 10-K, and our consolidated fi","which represent uncertain tax benefits. Currently, a reasonably reliable estimate of timing of payments related to uncertain tax benefits in individual years beyond fiscal 2023 cannot be made due to uncertainties in timing of the commencement and settlement of potential tax audits. 
 
 
 
 
 
 
 
 
",item7_block_heading,True,,,
0000883241-24-000024,2,1,8814,155960,224338," ITEM 7. Management’s Discussion and Analysis of Financial Condition and Results of Operations 
 
 Overview 
 The following overview is qualified in its entirety by the more complete discussion contained in this ITEM 7, the risk factors set forth in Part I, ITEM 1A of this Form 10-K, and our consoli"," Currently, a reasonably reliable estimate of timing of payments related to uncertain tax benefits in individual years beyond fiscal 2024 cannot be made due to uncertainties in timing of the commencement and settlement of potential tax audits. 
 
 
 
 
 
 
 51 
 
 
 Table of Contents 
 
 
 
 
 
 
 
",item7_block_heading,True,,,
0000883241-25-000028,2,1,9834,147942,224096," ITEM 7. Management’s Discussion and Analysis of Financial Condition and Results of Operations 
 
 Overview 
 The following overview is qualified in its entirety by the more complete discussion contained in this ITEM 7, the risk factors set forth in Part I, ITEM 1A of this Form 10-K, and our consoli","which represent uncertain tax benefits. Currently, a reasonably reliable estimate of timing of payments related to uncertain tax benefits in individual years beyond fiscal 2025 cannot be made due to uncertainties in timing of the commencement and settlement of potential tax audits. 
 
 
 
 
 
 
 
 
",item7_block_heading,True,,,
0001558370-17-000934,1,1,11062,327586,430780," ITEM 7. Management’s Discussion and Analysis of Financial Condition and Results of Operations 
 
 
 
 The following discussion should be read in conjunction with the consolidated financial statements and notes thereto that are included in this Annual Report on Form 10‐K. 
 
 
 
 Overview 
 
 
 
 Si","50 basis point increase in the market rates of interest would decrease future earnings and cash flows by approximately $4.5 million, and would decrease the fair value of debt by approximately $684.4 million. 
 
 
 
 
 
 
 
 
 
 
 
 

 
 

 74 

 

 
 
 
 
 

 
 

 Table of Contents 

 

 
 
 
 
 
 
",item7_block_heading,True,,,
0001558370-18-000981,1,1,10628,344416,445577," ITEM 7. Management’s Discussion and Analysis of Financial Condition and Results of Operations 
 
 
 
 The following discussion should be read in conjunction with the consolidated financial statements and notes thereto that are included in this Annual Report on Form 10‐K. 
 
 
 
 Overview 
 
 
 
 Si","50 basis point increase in the market rates of interest would decrease future earnings and cash flows by approximately $6.1 million, and would decrease the fair value of debt by approximately $696.4 million. 
 
 
 
 
 
 
 
 
 
 
 
 

 
 

 74 

 

 
 
 
 
 

 
 

 Table of Contents 

 

 
 
 
 
 
 
",item7_block_heading,True,,,
0001558370-19-000875,1,1,10356,331598,430960," ITEM 7. Management’s Discussion and Analysis of Financial Condition and Results of Operations 
 
 
 
 The following discussion should be read in conjunction with the consolidated financial statements and notes thereto that are included in this Annual Report on Form 10‐K. 
 
 
 
 Overview 
 
 
 
 Si","50 basis point increase in the market rates of interest would decrease future earnings and cash flows by approximately $4.3 million, and would decrease the fair value of debt by approximately $620.7 million. 
 
 
 
 
 
 
 
 
 
 
 
 

 
 

 73 

 

 
 
 
 
 

 
 

 Table of Contents 

 

 
 
 
 
 
 
",item7_block_heading,True,,,
0001558370-20-001135,1,1,9957,240104,320738," ITEM 7. Management’s Discussion and Analysis of Financial Condition and Results of Operations 
 The following discussion should be read in conjunction with the consolidated financial statements and notes thereto that are included in this Annual Report on Form 10-K. 
 Overview 
 Simon Property Group","btedness and interest rates at December 31, 2019, a 50 basis point increase in the market rates of interest would decrease future earnings and cash flows by approximately $4.4 million, and would decrease the fair value of debt by approximately $713.4 million. 
 
 
 72 
 
 
 
 
 Table of Contents 
 
",item7_block_heading,True,,,
0001558370-21-001700,1,1,11442,259463,349731," ITEM 7. Management’s Discussion and Analysis of Financial Condition and Results of Operations 
 The following discussion should be read in conjunction with the consolidated financial statements and notes thereto that are included in this Annual Report on Form 10-K. 
 Overview 
 Simon Property Group","tedness and interest rates at December 31, 2020, a 50 basis point increase in the market rates of interest would decrease future earnings and cash flows by approximately $16.3 million, and would decrease the fair value of debt by approximately $747.2 million. 
 
 
 78 
 
 
 
 
 Table of Contents 
 
",item7_block_heading,True,,,
0001558370-22-001845,1,1,12215,256954,352603," ITEM 7. Management’s Discussion and Analysis of Financial Condition and Results of Operations 
 The following discussion should be read in conjunction with the consolidated financial statements and notes thereto that are included in this Annual Report on Form 10-K. 
 Overview 
 Simon Property Group","btedness and interest rates at December 31, 2021, a 50 basis point increase in the market rates of interest would decrease future earnings and cash flows by approximately $9.9 million, and would decrease the fair value of debt by approximately $791.9 million. 
 
 
 77 
 
 
 
 
 Table of Contents 
 
",item7_block_heading,True,,,
0001558370-23-001840,1,1,12079,263303,358152," ITEM 7. Management’s Discussion and Analysis of Financial Condition and Results of Operations 
 The following discussion should be read in conjunction with the consolidated financial statements and notes thereto that are included in this Annual Report on Form 10-K. 
 Overview 
 Simon Property Group","tedness and interest rates at December 31, 2022, a 50 basis point increase in the market rates of interest would decrease future earnings and cash flows by approximately $11.5 million, and would decrease the fair value of debt by approximately $721.7 million. 
 
 
 78 
 
 
 
 
 Table of Contents 
 
",item7_block_heading,True,,,
0001558370-24-001532,1,1,10994,273812,360208," ITEM 7. Management’s Discussion and Analysis of Financial Condition and Results of Operations 
 The following discussion should be read in conjunction with the consolidated financial statements and notes thereto that are included in this Annual Report on Form 10-K. 
 Overview 
 Simon Property Group","mpany revenues, foreign exchange impact, and other assets. 
 
 76 
 
 
 
 
 Table of Contents 
 
 
 (3) 
 Other Platform Investments include J.C. Penney, SPARC Group, ABG, RGG, and Jamestown. 
 
 (4) 
 Includes our share of NOI of Klépierre (at constant currency) and other corporate investments. 
 
",item7_block_heading,True,,,
0001558370-25-001271,1,1,11384,273529,362839," ITEM 7. Management’s Discussion and Analysis of Financial Condition and Results of Operations 
 The following discussion should be read in conjunction with the consolidated financial statements and notes thereto that are included in this Annual Report on Form 10-K. 
 Overview 
 Simon Property Group","(4) 
 Other platform investments include retail operations (Catalyst), an e-commerce company (Rue Gilt Groupe, or RGG), and a global real estate investment and management company (Jamestown). 
 
 (5) 
 Includes our share of NOI of Klépierre (at constant currency) and other corporate investments. 
 
",item7_block_heading,True,,,
0001104659-26-019419,1,1,11864,271415,364154," ITEM 7. Management’s Discussion and Analysis of Financial Condition and Results of Operations 
 The following discussion should be read in conjunction with the consolidated financial statements and notes thereto that are included in this Annual Report on Form 10-K. 
 Overview 
 Simon Property Group","(5) 
 Other platform investments include retail operations (Catalyst), an e-commerce company (Rue Gilt Groupe, or RGG), and a global real estate investment and management company (Jamestown). 
 
 (6) 
 Includes our share of NOI of Klépierre (at constant currency) and other corporate investments. 
 
",item7_block_heading,True,,,
0001094285-17-000031,2,1,13952,165829,284610," ITEM 7. 
 
 Management’s Discussion and Analysis of Financial Condition and Results of Operations 
 Teledyne Technologies Incorporated provides enabling technologies for industrial growth markets. We have evolved from a company that was primarily focused on aerospace and defense to one that serves ","ied by words such as “estimate”, “project”, “predict”, “believes” or “expect”, that convey the uncertainty of future events or outcomes. We assume no obligation to publicly update or revise any forward-looking statements, whether as a result of new information or otherwise. 
 
 
 
 
 
 
 
 
 
 
 
 
",item7_block_heading,True,,,
0001094285-18-000053,2,1,14317,164211,284274," ITEM 7. 
 
 Management’s Discussion and Analysis of Financial Condition and Results of Operations 
 Teledyne Technologies Incorporated provides enabling technologies for industrial growth markets that require advanced technology and high reliability. These markets include aerospace and defense, fac","ied by words such as “estimate”, “project”, “predict”, “believes” or “expect”, that convey the uncertainty of future events or outcomes. We assume no obligation to publicly update or revise any forward-looking statements, whether as a result of new information or otherwise. 
 
 
 
 
 
 
 
 
 
 
 
 
",item7_block_heading,True,,,
0001094285-19-000064,2,1,14173,155419,273707," ITEM 7. 
 
 Management’s Discussion and Analysis of Financial Condition and Results of Operations 
 Teledyne Technologies Incorporated provides enabling technologies for industrial growth markets that require advanced technology and high reliability. These markets include aerospace and defense, fac","ied by words such as “estimate”, “project”, “predict”, “believes” or “expect”, that convey the uncertainty of future events or outcomes. We assume no obligation to publicly update or revise any forward-looking statements, whether as a result of new information or otherwise. 
 
 
 
 
 
 
 
 
 
 
 
 
",item7_block_heading,True,,,
0001094285-20-000045,2,1,12133,165287,265609," ITEM 7. 
 Management’s Discussion and Analysis of Financial Condition and Results of Operations 
 Teledyne Technologies Incorporated provides enabling technologies for industrial growth markets that require advanced technology and high reliability. These markets include aerospace and defense, facto","d by words such as “estimate”, “project”, “predict”, “believes” or “expect”, that convey the uncertainty of future events or outcomes. We assume no obligation to publicly update or revise any forward-looking statements, whether as a result of new information or otherwise. 
 
 
 
 
 
 
 
 
 
 
 
 
 
",item7_block_heading,True,,,
0001094285-21-000066,2,1,12265,115997,216739," ITEM 7. 
 Management’s Discussion and Analysis of Financial Condition and Results of Operations 
 Teledyne Technologies Incorporated provides enabling technologies for industrial growth markets that require advanced technology and high reliability. These markets include aerospace and defense, facto","er, solicitation or sale would be unlawful prior to registration or qualification under the securities laws of any such jurisdiction. No offer of securities shall be made except by means of a prospectus meeting the requirements of Section 10 of the Securities Act of 1933. 
 
 
 
 
 
 
 
 
 
 
 
 
 
",item7_block_heading,True,,,
0001094285-22-000049,2,1,13432,126168,235610," ITEM 7. 
 Management’s Discussion and Analysis of Financial Condition and Results of Operations 
 Teledyne Technologies Incorporated (“Teledyne” or the “Company”) provides enabling technologies for industrial growth markets that require advanced technology and high reliability. These markets includ","roject”, “predict”, “believes” or “expect”, that convey the uncertainty of future events or outcomes. We assume no obligation to publicly update or revise any forward-looking statements, whether as a result of new information or otherwise. 
 
 
 
 
 
 
 42 
 
 Table of Contents 
 
 
 
 
 
 
 
 
 
 
",item7_block_heading,True,,,
0001094285-23-000053,2,1,9514,122343,196426," ITEM 7. 
 Management’s Discussion and Analysis of Financial Condition and Results of Operations 
 Teledyne provides enabling technologies for industrial growth markets that require advanced technology and high reliability. These markets include factory automation and condition monitoring, aerospace","ied by words such as “estimate”, “project”, “predict”, “believes” or “expect”, that convey the uncertainty of future events or outcomes. We assume no obligation to publicly update or revise any forward-looking statements, whether as a result of new information or otherwise. 
 
 
 
 
 
 
 
 
 
 
 
 
",item7_block_heading,True,,,
0001094285-24-000044,2,1,8688,130987,200538," ITEM 7. 
 Management’s Discussion and Analysis of Financial Condition and Results of Operations 
 Teledyne provides enabling technologies for industrial growth markets that require advanced technology and high reliability. These markets include aerospace and defense, factory automation, air and wat","“project”, “predict”, “believes” or “expect”, that convey the uncertainty of future events or outcomes. We assume no obligation to publicly update or revise any forward-looking statements, whether as a result of new information or otherwise. 
 
 
 33 
 
 
 Table of Contents 
 
 
 
 
 
 
 
 
 
 
 
 
",item7_block_heading,True,,,
0001094285-25-000053,2,1,8483,120094,188788," ITEM 7. 
 Management’s Discussion and Analysis of Financial Condition and Results of Operations 
 Teledyne provides enabling technologies for industrial growth markets that require advanced technology and high reliability. These markets include aerospace and defense, factory automation, air and wat","mpanied by words such as “estimate”, “project”, “predict”, “believes” or “expect”, that convey the uncertainty of future events or outcomes. We assume no obligation to publicly update or revise any forward-looking statements, whether as a result of new information or otherwise. 
 
 
 
 
 
 
 
 
 
 
",item7_block_heading,True,,,
0001094285-26-000017,2,1,9031,116330,187353," ITEM 7. 
 Management’s Discussion and Analysis of Financial Condition and Results of Operations 
 
 Overview 
 Teledyne provides enabling technologies to sense, analyze and distribute information for industrial growth markets that require advanced technology and high reliability. These markets incl","mpanied by words such as “estimate”, “project”, “predict”, “believes” or “expect”, that convey the uncertainty of future events or outcomes. We assume no obligation to publicly update or revise any forward-looking statements, whether as a result of new information or otherwise. 
 
 
 
 
 
 
 
 
 
 
",item7_block_heading,True,,,
0001193125-17-064638,2,1,10084,90499,176677," ITEM 7: 
 
 Management's Discussion and Analysis of Financial Condition and Results of Operations 
 
 Overview 
 We are a leading global supplier of automation equipment for test and industrial applications. We design, develop, manufacture and sell automatic test systems used to test semiconductors","hod, in which case the cumulative effect of applying the standard would be recognized at the date of initial application. We have selected the modified retrospective transition
method. We are currently evaluating the impact of this ASU on our financial position and results of operations. 
 
 
 
 
 
",item7_block_heading,True,,,
0001193125-18-066579,2,1,9642,92208,175435," ITEM 7: 
 
 Management's Discussion and Analysis of Financial Condition and Results of Operations 
 
 Overview 
 We are a
leading global supplier of automation equipment for test and industrial applications. We design, develop, manufacture and sell automatic test systems used to test semiconductors","inary assessment is based on a review of the types and number of
revenue arrangements in place, including the review of individual customer contracts. Based on our preliminary assessment, we do not expect any major changes to be made to existing accounting systems or internal controls. 
 
 
 
 
 
 
",item7_block_heading,True,,,
0001193125-19-059974,2,1,9245,92972,173357," ITEM 7: 
 
 
 Management's Discussion and Analysis of Financial Condition and Results of Operations 
 
 Overview 
 We are a leading global supplier of automation equipment for test and industrial applications. We design, develop, manufacture and sell automatic test systems used to test semiconducto","ented in financial statements in the period of adoption. We
adopted this guidance in January 2019; as a result we recorded between $50 and $60 million of operating lease right-of-use assets and operating lease liabilities. Adoption had an immaterial impact on our results of operations. 
 
 
 
 
 
 
",item7_block_heading,True,,,
0001193125-20-058676,2,1,7471,101099,166306," ITEM 7: 
 
 
 
 
 Management’s Discussion and Analysis of Financial Condition and Results of Operations 
 
 
 
 
 
 Overview 
 
 We are a leading global supplier of automation equipment for test and industrial applications. We design, develop, manufacture and sell automatic test systems used to tes","nce will be applied prospectively, and is effective in 2020. Early adoption is permitted for any impairment tests performed after January 1, 2017. This pronouncement is not expected to have a material impact on our financial position, results of operations and statements of cash flows. 
 
 
 
 
 
 
",item7_block_heading,True,,,
0001193125-21-050735,2,1,8300,111914,184150," ITEM 7: 
 
 
 
 
 
 
 
 Management’s Discussion and Analysis of Financial Condition and Results of Operations 
 
 
 
 
 
 
 Overview 
 
 We are a leading global supplier of automation equipment for test and industrial applications. We design, develop, manufacture and sell automatic test systems use","y 1, 2022, with early adoption permitted beginning on January 1, 2021. This ASU permits the use of either the modified retrospective or fully retrospective method of transition. Teradyne is evaluating the timing and effects of the adoption of this ASU on its financial statements. 
 
 
 
 
 
 
 
 
 
",item7_block_heading,True,,,
0001193125-22-049828,2,1,6837,114859,171802," ITEM 7: 
 
 
 
 
 
 
 Management 
 
 
 
 ’ 
 
 
 
 s Discussion and Analysis of Financial Condition and Results of Operations 
 
 
 
 
 
 Overview 
 
 We are a leading global supplier of automation equipment for test and industrial applications. We design, develop, manufacture and sell automatic te"," $92.8 million, respectively. Mezzanine equity and additional 
 paid-in capital are expected to be reduced by $100.8 million combined. The adoption of ASU 
 2020-06 will have an immaterial impact on our results of operations, statement of cash flows, and earnings per share (“EPS”). 
 
 
 
 
 
 
 
 
",item7_block_heading,True,,,
0001193125-23-044711,2,1,7202,116239,175093," ITEM 7: 
 
 
 Management’s Discussion and Analysis of Financial Condition and Results of Operations 
 Overview 
 We are a leading global supplier of automated test equipment and robotics products. We design, develop, manufacture and sell automatic test systems and robotics products. Our automatic t","ily indicative of future price performance. 
 
 


 
 
 Recently Issued Accounting Pronouncements 
 For the year ended December 31, 2022, there were no recently issued accounting pronouncements that had, or are expected to have, a material impact to our consolidated financial statements. 
 
 
 
 
 
",item7_block_heading,True,,,
0000950170-24-018701,2,1,6601,118201,173854," ITEM 7: Management’s Discussion and Analysis of Financial Condition and Results of Operations 
 
 Overview 
 
 We are a leading global supplier of automated test equipment and robotics products. We design, develop, manufacture and sell automated test systems and robotics products. Our automated tes","f information for each. The provisions of ASU 2023-09 are effective for fiscal years beginning after December 15, 2024. The amendments in this update should be applied on a prospective basis, but retrospective application is permitted. We are currently evaluating the impact of this new standard. 
 
",item7_block_heading,True,,,
0000950170-25-023784,2,1,6354,114081,167928," ITEM 7: Management’s Discussion and Analysis of Financial Condition and Results of Operations 
 
 Overview 
 
 We are a leading global supplier of automated test equipment and robotics products. We design, develop, manufacture and sell automated test systems and robotics products. Our automated tes","15, 2026, and interim periods within fiscal years beginning after December 15, 2027, with early adoption permitted. The amendments in this update should be applied on a prospective basis, but retrospective application is permitted. We are currently evaluating the impact of this new standard. 
 
 
 
",item7_block_heading,True,,,
0001193125-26-059002,2,1,6084,115598,169061," ITEM 7: Management’s Discussion and Analysis of Financial Condition and Results of Operations 
 Overview 
 We are a leading global provider of automated test equipment and robotics products. Our automated test systems are used to test semiconductors, wireless products, data storage, silicon photoni","ed Accounting Pronouncements 
 For a description of accounting changes and recent accounting pronouncements, including the expected dates of adoption and estimated effects, if any, on our consolidated financial statements, see Note C: “Recently Issued Accounting Pronouncements,” of this Form 10-K. 
",item7_block_heading,True,,,
0001193125-16-521424,1,1,7390,104720,162313," ITEM 7. Management's Discussion and Analysis of Financial Condition and Results of Operations
 
 The discussion that follows relates to our 52-week fiscal years ended January 30, 2016 (fiscal 2016), January 31,
2015 (fiscal 2015) and February 1, 2014 (fiscal 2014). 
 OVERVIEW 
 We are the leading o","ENT ACCOUNTING PRONOUNCEMENTS 
 See Note A
to the consolidated financial statements included in this annual report on Form 10-K for recently issued accounting standards, including the dates of adoption and estimated effects on our results of operations, financial position or cash flows.
 
 
 
 
 
 
",item7_block_heading,True,,,
0001193125-17-099642,1,1,7566,106890,165893," ITEM 7. Management's Discussion and Analysis of Financial Condition and Results of Operations
 
 The discussion that follows relates to our 52-week fiscal years ended January 28, 2017 (fiscal 2017), January 30,
2016 (fiscal 2016) and January 31, 2015 (fiscal 2015). 
 OVERVIEW 
 We are the leading o","ENT ACCOUNTING PRONOUNCEMENTS 
 See Note A
to the consolidated financial statements included in this annual report on Form 10-K for recently issued accounting standards, including the dates of adoption and estimated effects on our results of operations, financial position or cash flows.
 
 
 
 
 
 
",item7_block_heading,True,,,
0001193125-18-107423,1,1,8354,110379,175504," ITEM 7. Management's Discussion and Analysis of Financial Condition and Results of Operations 
 
 TJX provides projections and other forward-looking statements in the following discussions particularly relating to the Company's future
financial performance. These forward-looking statements are esti","cements, see Note A- Basis of Presentation and Summary of Accounting Policies of Notes to Consolidated Financial Statements included in
this annual report on Form 10-K, including the dates of adoption and estimated effects on our results of operations, financial position or cash flows. 
 
 
 
 
 
 
",item7_block_heading,True,,,
0001628280-19-003834,1,1,7387,94397,151521," ITEM 7. Management’s Discussion and Analysis of Financial Condition and Results of Operations 
 TJX provides projections and other forward-looking statements in the following discussions particularly relating to the Company’s future financial performance. These forward-looking statements are estima","ts, see Note A- Basis of Presentation and Summary of Accounting Policies of Notes to Consolidated Financial Statements included in this annual report on Form 10-K, including the dates of adoption and estimated effects on our results of operations, financial position or cash flows. 
 
 
 37 
 
 
 
 
",item7_block_heading,True,,,
0000109198-20-000004,2,1,6929,95672,146104," ITEM 7. Management’s Discussion and Analysis of Financial Condition and Results of Operations 
 TJX provides projections and other forward-looking statements in the following discussions particularly relating to the Company’s future financial performance. These forward-looking statements are estima","ded in this annual report on Form 10-K, including the dates of adoption and estimated effects on our results of operations, financial position or cash flows. We do not expect any other recently issued accounting pronouncements will have a material effect on our financial statements. 
 
 
 
 36 
 
 
",item7_block_heading,True,,,
0000109198-21-000006,2,1,8959,101366,165554," ITEM 7. Management’s Discussion and Analysis of Financial Condition and Results of Operations 
 TJX provides projections and other forward-looking statements in the following discussions particularly relating to our future financial performance. These forward-looking statements are estimates based ","ded in this annual report on Form 10-K, including the dates of adoption and estimated effects on our results of operations, financial position or cash flows. We do not expect any other recently issued accounting pronouncements will have a material effect on our financial statements. 
 
 
 39 
 
 
 
",item7_block_heading,True,,,
0000109198-22-000008,2,1,7178,103861,157394," ITEM 7. Management’s Discussion and Analysis of Financial Condition and Results of Operations 
 TJX provides projections and other forward-looking statements in the following discussions particularly relating to our future financial performance. These forward-looking statements are estimates based ","nts, see Note A—Basis of Presentation and Summary of Accounting Policies of Notes to Consolidated Financial Statements included in this annual report on Form 10-K. We do not expect any recently issued accounting pronouncements will have a material effect on our consolidated financial statements. 
 
",item7_block_heading,True,,,
0000109198-23-000004,2,1,5921,108019,151557," ITEM 7. Management’s Discussion and Analysis of Financial Condition and Results of Operations 
 TJX provides projections and other forward-looking statements in the following discussions particularly relating to our future financial performance. These forward-looking statements are estimates based "," A—Basis of Presentation and Summary of Accounting Policies of Notes to Consolidated Financial Statements included in this annual report on Form 10-K. We do not expect any recently issued accounting pronouncements will have a material effect on our consolidated financial statements. 
 
 
 37 
 
 
 
",item7_block_heading,True,,,
0000109198-24-000014,2,1,5752,113962,156324," ITEM 7. Management’s Discussion and Analysis of Financial Condition and Results of Operations 
 TJX provides projections and other forward-looking statements in the following discussions particularly relating to our future financial performance. These forward-looking statements are estimates based ","nnual report on Form 10-K, including the dates of adoption and estimated effects on our results of operations, financial position or cash flows. We do not expect any other recently issued accounting pronouncements will have a material effect on our consolidated financial statements. 
 
 
 39 
 
 
 
",item7_block_heading,True,,,
0000109198-25-000010,2,1,5861,119280,162192," ITEM 7. Management’s Discussion and Analysis of Financial Condition and Results of Operations 
 TJX provides projections and other forward-looking statements in the following discussions particularly relating to our future financial performance. These forward-looking statements are estimates based ","nnual report on Form 10-K, including the dates of adoption and estimated effects on our results of operations, financial position or cash flows. We do not expect any other recently issued accounting pronouncements will have a material effect on our Consolidated Financial Statements. 
 
 
 39 
 
 
 
",item7_block_heading,True,,,
0001047469-16-013278,2,1,13825,123863,239713," ITEM 7. Management's Discussion and Analysis of Financial Condition and Results of Operations 


 
 
 


 


Overview 

 
 


 


Our Business 

 
 We are a leading developer, publisher and marketer of interactive entertainment for consumers around the globe. We develop and publish products
through","s from 12 to 36 months. As a result, the quarter in which we generate the highest net sales volume may be different from the
quarter in which we recognize the highest amount of net revenues. Quarterly comparisons of operating results are not necessarily indicative of future operating results. 

 
 
",item7_block_heading,True,,,
0001628280-17-005833,2,1,14257,126930,235958," ITEM 7. Management's Discussion and Analysis of Financial Condition and Results of Operations 
 Overview 
 Our Business 
 We are a leading developer, publisher and marketer of interactive entertainment for consumers around the globe. Our products are currently designed for console gaming systems su","nges from 12 to 41 months. As a result, the quarter in which we generate the highest net sales volume may be different from the quarter in which we recognize the highest amount of net revenues. Quarterly comparisons of operating results are not necessarily indicative of future operating results. 
 
",item7_block_heading,True,,,
0001628280-18-006877,2,1,9171,134863,209942," ITEM 7. Management's Discussion and Analysis of Financial Condition and Results of Operations 
 Overview 
 Our Business 
 We are a leading developer, publisher and marketer of interactive entertainment for consumers around the globe. Our products are currently designed for console gaming systems su","nges from 12 to 62 months. As a result, the quarter in which we generate the highest net sales volume may be different from the quarter in which we recognize the highest amount of net revenues. Quarterly comparisons of operating results are not necessarily indicative of future operating results. 
 
",item7_block_heading,True,,,
0001628280-19-006691,2,1,10571,135266,220255," ITEM 7. Management's Discussion and Analysis of Financial Condition and Results of Operations 
 Overview 
 Our Business 
 We are a leading developer, publisher and marketer of interactive entertainment for consumers around the globe. Our products are currently designed for console gaming systems, s","o 15 months. As a result, the quarter in which we generate the highest net sales volume may be different from the quarter in which we recognize the highest amount of net revenue. Quarterly comparisons of operating results are not necessarily indicative of future operating results. 
 
 
 41 
 
 
 
 
",item7_block_heading,True,,,
0001628280-20-008291,2,1,7309,139310,196651," ITEM 7. Management's Discussion and Analysis of Financial Condition and Results of Operations 
 Overview 
 Our Business 
 We are a leading developer, publisher, and marketer of interactive entertainment for consumers around the globe. We develop and publish products principally through Rockstar Gam","lly ranges from 6 to 15 months. As a result, the quarter in which we generate the highest net bookings may be different from the quarter in which we recognize the highest amount of net revenue. Quarterly comparisons of operating results are not necessarily indicative of future operating results. 
 
",item7_block_heading,True,,,
0001628280-21-010627,2,1,5961,136370,182477," ITEM 7. Management's Discussion and Analysis of Financial Condition and Results of Operations 
 Overview 
 Our Business 
 We are a leading developer, publisher, and marketer of interactive entertainment for consumers around the globe. We develop and publish products principally through Rockstar Gam","to fifteen months. As a result, the quarter in which we generate the highest net bookings may be different from the quarter in which we recognize the highest amount of net revenue. Quarterly comparisons of operating results are not necessarily indicative of future operating results. 
 
 
 33 
 
 
 
",item7_block_heading,True,,,
0001628280-22-014580,2,1,7323,166836,222285," ITEM 7. Management's Discussion and Analysis of Financial Condition and Results of Operations 
 Overview 
 Our Business 
 We are a leading developer, publisher, and marketer of interactive entertainment for consumers around the globe. We develop and publish products principally through Rockstar Gam","ges from six to fifteen months. As a result, the quarter in which we generate the highest Net Bookings may be different from the quarter in which we recognize the highest amount of Net revenue. Quarterly comparisons of operating results are not necessarily indicative of future operating results. 
 
",item7_block_heading,True,,,
0001628280-23-019851,2,1,7613,192217,249957," ITEM 7. Management's Discussion and Analysis of Financial Condition and Results of Operations 
 Overview 
 Our Business 
 We are a leading developer, publisher, and marketer of interactive entertainment for consumers around the globe. We develop, operate, and publish products principally through Ro","ges from six to fifteen months. As a result, the quarter in which we generate the highest Net Bookings may be different from the quarter in which we recognize the highest amount of Net revenue. Quarterly comparisons of operating results are not necessarily indicative of future operating results. 
 
",item7_block_heading,True,,,
0001628280-24-024623,2,1,7408,212173,268931," ITEM 7. Management's Discussion and Analysis of Financial Condition and Results of Operations 
 Overview 
 Our Business 
 We are a leading developer, publisher, and marketer of interactive entertainment for consumers around the globe. We develop, operate, and publish products principally through Ro","ges from six to fifteen months. As a result, the quarter in which we generate the highest Net Bookings may be different from the quarter in which we recognize the highest amount of Net revenue. Quarterly comparisons of operating results are not necessarily indicative of future operating results. 
 
",item7_block_heading,True,,,
0001628280-25-026694,2,1,5590,221644,265366," ITEM 7. Management's Discussion and Analysis of Financial Condition and Results of Operations 
 Overview 
 Our Business 
 We are a leading developer, publisher, and marketer of interactive entertainment for consumers around the globe. We develop, operate, and publish products principally through Ro","ges from six to fifteen months. As a result, the quarter in which we generate the highest Net Bookings may be different from the quarter in which we recognize the highest amount of Net revenue. Quarterly comparisons of operating results are not necessarily indicative of future operating results. 
 
",item7_block_heading,True,,,
0001511737-16-000040,2,1,8048,146716,209119," ITEM 7. Management’s Discussion and Analysis of Financial Condition and Results of Operations 
 
 Overview 
 Ubiquiti Networks develops high performance networking technology for service providers and enterprises. Our technology platforms focus on delivering highly-advanced and easily deployable so","and 2015 , we had no off-balance sheet arrangements other than those indemnification agreements described above. 
 
 Recent Accounting Pronouncements 
 For a discussion of recent accounting pronouncements, refer to Note 2 to the Consolidated Financial Statements. 
 
 
 45 
 
 
 Table of Contents 
 
",item7_block_heading,True,,,
0001628280-17-008894,2,1,7972,182340,244324," ITEM 7. Management’s Discussion and Analysis of Financial Condition and Results of Operations 
 
 Overview 
 Ubiquiti Networks develops high performance networking technology for service providers, enterprises and consumers globally. Our technology platforms focus on delivering highly-advanced and ","rangements 
 As of June 30, 2017 and 2016 , we had no off-balance sheet arrangements other than those indemnification agreements described above. 
 
 Recent Accounting Pronouncements 
 For a discussion of recent accounting pronouncements, refer to Note 2 to the Consolidated Financial Statements. 
 
",item7_block_heading,True,,,
0001511737-18-000012,2,1,7647,167679,228034," ITEM 7. Management’s Discussion and Analysis of Financial Condition and Results of Operations 
 
 Overview 
 The Company develops technology platforms for high-capacity distributed Internet access, unified information technology, and next-generation consumer electronics for home and personal use. W","rangements 
 As of June 30, 2018 and 2017 , we had no off-balance sheet arrangements other than those indemnification agreements described above. 
 
 Recent Accounting Pronouncements 
 For a discussion of recent accounting pronouncements, refer to Note 2 to the Consolidated Financial Statements. 
 
",item7_block_heading,True,,,
0001511737-19-000026,2,1,6022,154729,199857," ITEM 7. Management’s Discussion and Analysis of Financial Condition and Results of Operations 
 
 Overview 
 
 
 
 30 
 
 Table of Contents 
 We develop technology platforms for high-capacity distributed Internet access, unified information technology, and consumer electronics for professional, hom","2019. 
 Off-Balance Sheet Arrangements 
 As of June 30, 2019 and 2018, we had no off-balance sheet arrangements other than those mentioned above. 
 
 Recent Accounting Pronouncements 
 For a discussion of recent accounting pronouncements, refer to Note 2 to the Consolidated Financial Statements. 
 
",item7_block_heading,True,,,
0001511737-20-000022,2,1,6160,163945,210043," ITEM 7. Management’s Discussion and Analysis of Financial Condition and Results of Operations 
 
 
 Overview 
 We develop technology platforms for high-capacity distributed Internet access, unified information technology, and consumer electronics for professional, home and personal use. We categori","Off-Balance Sheet Arrangements 
 
 As of June 30, 2020 and 2019, we had no off-balance sheet arrangements other than those mentioned above. 
 
 
 Recent Accounting Pronouncements 
 
 For a discussion of recent accounting pronouncements, refer to Note 2 to the Consolidated Financial Statements. 
 
 
",item7_block_heading,True,,,
0001511737-21-000036,2,1,6253,177114,222890," ITEM 7. Management’s Discussion and Analysis of Financial Condition and Results of Operations 
 
 
 Overview 
 We develop technology platforms for high-capacity distributed Internet access, unified information technology, and consumer electronics for professional, home and personal use. We categori","Off-Balance Sheet Arrangements 
 
 As of June 30, 2021 and 2020, we had no off-balance sheet arrangements other than those mentioned above. 
 
 
 Recent Accounting Pronouncements 
 
 For a discussion of recent accounting pronouncements, refer to Note 2 to the Consolidated Financial Statements. 
 
 
",item7_block_heading,True,,,
0001511737-22-000049,2,1,6612,184423,232724," ITEM 7. Management’s Discussion and Analysis of Financial Condition and Results of Operations 
 
 
 Overview 
 
 We develop technology platforms for high-capacity distributed Internet access, unified information technology, and consumer electronics for professional, home and personal use. We catego","e are unable to make a reasonably reliable estimate of the timing of payments in individual years in connection with these tax liabilities. 
 
 
 Recent Accounting Pronouncements 
 
 For a discussion of recent accounting pronouncements, refer to Note 2 to the Consolidated Financial Statements. 
 
 
",item7_block_heading,True,,,
0001511737-23-000061,2,1,6005,189113,233155," ITEM 7. Management’s Discussion and Analysis of Financial Condition and Results of Operations 
 
 
 Overview 
 
 We develop technology platforms for high-capacity distributed Internet access, unified information technology, and consumer electronics for professional, home and personal use. We catego","0, 2023, we have other obligations of $5.9 million which consisted primarily of commitments related to research and development projects. 
 
 
 
 Recent Accounting Pronouncements 
 
 For a discussion of recent accounting pronouncements, refer to Note 2 to the Consolidated Financial Statements. 
 
 
",item7_block_heading,True,,,
0001511737-24-000053,2,1,6143,189809,234829," ITEM 7. Management’s Discussion and Analysis of Financial Condition and Results of Operations 
 
 
 Overview 
 
 We develop technology platforms for high-capacity distributed Internet access, unified information technology, and consumer electronics for professional, home and personal use. We catego","e to make a reasonably reliable estimate of timing of payments in individual years in connection with these tax liabilities. 
 
 
 
 46 
 
 
 
 
 Recent Accounting Pronouncements 
 
 For a discussion of recent accounting pronouncements, refer to Note 2 to the Consolidated Financial Statements. 
 
 
",item7_block_heading,True,,,
0001511737-25-000053,2,1,6325,194406,240769," ITEM 7. Management’s Discussion and Analysis of Financial Condition and Results of Operations 
 
 
 Overview 
 
 We develop technology platforms for high-capacity distributed Internet access, unified information technology, and consumer electronics for professional, home and personal use. We catego","e, we are unable to make a reasonably reliable estimate of timing of payments in individual years in connection with these tax liabilities. 
 
 
 Recent Accounting Pronouncements 
 
 For a discussion of recent accounting pronouncements, refer to Note 2 to the Consolidated Financial Statements. 
 
 
",item7_block_heading,True,,,
0001193125-17-099261,2,1,6082,129538,178648," ITEM 7. Management's Discussion and Analysis of Financial Condition and Results of Operations 
 
 The following discussion and analysis of our financial condition and results of operations should be read in conjunction with our financial statements
and related notes included elsewhere in this Annua","ng policies  Recent accounting pronouncements not yet adopted. 
 
 Recently adopted accounting pronouncements 
 See Note 2 to our consolidated financial statements, Summary of significant accounting policies  Recently adopted accounting pronouncements. 
 
 
 41 



 
 
 
 Table of Contents 

 
",item7_block_heading,True,,,
0001558370-18-002733,2,1,6372,143551,200542," ITEM 7. Management’s Discussion and Analysis of Financial Condition and Results of Operations 
 
 
 
 The following discussion and analysis of our financial condition and results of operations should be read in conjunction with our financial statements and related notes included elsewhere in this A","et adopted.” 
 
 
 
 Recently adopted accounting pronouncements 
 
 
 
 See Note 2 to our consolidated financial statements, “Summary of significant accounting policies – Recently adopted accounting pronouncements.” 
 
 
 
 
 
 
 
 

 
 

 40 

 

 
 
 
 
 

 
 

 Table of Contents 

 

 
 
 
 
 
 
",item7_block_heading,True,,,
0001558370-19-002739,2,1,6193,139523,195011," ITEM 7. Management’s Discussion and Analysis of Financial Condition and Results of Operations 
 
 
 
 The following discussion and analysis of our financial condition and results of operations should be read in conjunction with our financial statements and related notes included elsewhere in this A","y of significant accounting policies – Recent accounting pronouncements not yet adopted.” 
 
 
 
 Recently adopted accounting pronouncements 
 
 
 
 See Note 2 to our consolidated financial statements, “Summary of significant accounting policies – Recently adopted accounting pronouncements.” 
 
 
 
",item7_block_heading,True,,,
0001558370-20-003272,2,1,6074,129078,176219," ITEM 7. Management’s Discussion and Analysis of Financial Condition and Results of Operations 
 The following discussion and analysis of our financial condition and results of operations should be read in conjunction with our financial statements and related notes included elsewhere in this Annual ","counting policies – Recent accounting pronouncements not yet adopted.” 
 Recently adopted accounting pronouncements 
 See Note 2 to our consolidated financial statements, “Summary of significant accounting policies – Recently adopted accounting pronouncements.” 
 
 40 
 
 
 
 
 Table of Contents 
 
",item7_block_heading,True,,,
0001558370-21-003523,2,1,6666,132927,184585," ITEM 7. Management’s Discussion and Analysis of Financial Condition and Results of Operations 
 The following discussion and analysis of our financial condition and results of operations should be read in conjunction with our financial statements and related notes included elsewhere in this Annual ","tatements, “Summary of significant accounting policies – Recent accounting pronouncements not yet adopted.” 
 Recently adopted accounting pronouncements 
 See Note 2 to our consolidated financial statements, “Summary of significant accounting policies – Recently adopted accounting pronouncements.” 
",item7_block_heading,True,,,
0001558370-22-004330,2,1,6249,135704,184244," ITEM 7. Management’s Discussion and Analysis of Financial Condition and Results of Operations 
 The following discussion and analysis of our financial condition and results of operations should be read in conjunction with our financial statements and related notes included elsewhere in this Annual ","l outcome of these future tax consequences could materially impact our consolidated financial statements. 
 
 Recently adopted accounting pronouncements 
 See Note 2 to our consolidated financial statements, “Summary of significant accounting policies – Recently adopted accounting pronouncements.” 
",item7_block_heading,True,,,
0001558370-23-004581,2,1,5993,135350,182082," ITEM 7. Management’s Discussion and Analysis of Financial Condition and Results of Operations 
 The following discussion and analysis of our financial condition and results of operations should be read in conjunction with our financial statements and related notes included elsewhere in this Annual ","thorities. 
 
 Judgment is required in assessing the future tax consequences of events that have been recognized on our consolidated financial statements or tax returns. Variations in the actual outcome of these future tax consequences could materially impact our consolidated financial statements. 
",item7_block_heading,True,,,
0001558370-24-003941,2,1,5845,142215,187826," ITEM 7. Management’s Discussion and Analysis of Financial Condition and Results of Operations 
 The following discussion and analysis of our financial condition and results of operations should be read in conjunction with our financial statements and related notes included elsewhere in this Annual ","d materially impact our consolidated financial statements. 
 Recent accounting pronouncements not yet adopted 
 See Note 2 to our consolidated financial statements, “Summary of significant accounting policies – Recent accounting pronouncements not yet adopted.” 
 
 47 
 
 
 
 
 Table of Contents 
 
",item7_block_heading,True,,,
0001558370-25-003810,2,1,5671,137160,181710," ITEM 7. Management’s Discussion and Analysis of Financial Condition and Results of Operations 
 The following discussion and analysis of our financial condition and results of operations should be read in conjunction with our financial statements and related notes included elsewhere in this Annual ","olicies – Recently adopted accounting pronouncements.” 
 
 
 44 
 
 
 
 
 Table of Contents 
 
 
 Recent accounting pronouncements not yet adopted 
 See Note 2 to our consolidated financial statements, “Summary of significant accounting policies – Recent accounting pronouncements not yet adopted.” 
",item7_block_heading,True,,,
0001104659-26-035243,2,1,5917,143150,188959," ITEM 7. Management’s Discussion and Analysis of Financial Condition and Results of Operations 
 
 The following discussion and analysis of our financial condition and results of operations should be read in conjunction with our financial statements and related notes included elsewhere in this Annua"," policies – Recently adopted accounting pronouncements.” 
 Recent accounting pronouncements not yet adopted 
 
 See Note 2 to our consolidated financial statements, “Summary of significant accounting policies – Recent accounting pronouncements not yet adopted.” 
 
 46 
 
 
 
 
 Table of Contents 
 
",item7_block_heading,True,,,
0001067701-17-000006,2,1,11803,105214,196991," ITEM 7. 
 
 Management’s Discussion and Analysis of Financial Condition and Results of Operations (dollars in millions, except per share data and unless otherwise indicated) 
 Executive Overview 
 United Rentals is the largest equipment rental company in the world. Our customer service network cons","udes the intercompany receivable balance of Holdings. As of December 31, 2016 , our total available capacity for making share repurchases and dividend payments, which includes URNA’s capacity to make restricted payments and the intercompany receivable balance of Holdings, was $ 713 . 
 
 
 
 
 
 
 
",item7_block_heading,True,,,
0001067701-18-000006,2,1,11813,105778,197848," ITEM 7. 
 
 Management’s Discussion and Analysis of Financial Condition and Results of Operations (dollars in millions, except per share data and unless otherwise indicated) 
 Executive Overview 
 United Rentals is the largest equipment rental company in the world. Our customer service network cons","rvices and support; (iii) information technology systems and support; (iv) acquisition-related services; (v) legal services; and (vi) human resource support. In addition, Holdings leases certain equipment and real property that are made available for use by URNA and its subsidiaries. 
 
 
 
 
 
 
 
",item7_block_heading,True,,,
0001067701-19-000007,2,1,12816,109053,208264," ITEM 7. 
 
 Management’s Discussion and Analysis of Financial Condition and Results of Operations (dollars in millions, except per share data and unless otherwise indicated) 
 Executive Overview 
 United Rentals is the largest equipment rental company in the world. Our customer service network cons","rvices and support; (iii) information technology systems and support; (iv) acquisition-related services; (v) legal services; and (vi) human resource support. In addition, Holdings leases certain equipment and real property that are made available for use by URNA and its subsidiaries. 
 
 
 
 
 
 
 
",item7_block_heading,True,,,
0001067701-20-000008,2,1,11699,110998,202891," ITEM 7. 
 
 Management’s Discussion and Analysis of Financial Condition and Results of Operations (dollars in millions, except per share data and unless otherwise indicated) 
 Executive Overview 
 We are the largest equipment rental company in the world, with an integrated network of 1,175 rental l","rvices and support; (iii) information technology systems and support; (iv) acquisition-related services; (v) legal services; and (vi) human resource support. In addition, Holdings leases certain equipment and real property that are made available for use by URNA and its subsidiaries. 
 
 
 
 
 
 
 
",item7_block_heading,True,,,
0001067701-21-000008,2,1,14218,122007,228548," ITEM 7. Management’s Discussion and Analysis of Financial Condition and Results of Operations (dollars in millions, except per share data and unless otherwise indicated) 
 COVID-19 
 As discussed in note 1 to our consolidated financial statements, the COVID-19 pandemic has significantly disrupted s","sets 
 $496 
 
 Long-term assets 
 16,461 
 
 Total assets 
 16,957 
 
 Current liabilities 
 1,151 
 
 Long-term liabilities 
 11,261 
 
 Total liabilities 
 12,412 
 
 
 Year Ended December 31, 2020 
 
 Total revenues 
 $7,796 
 
 Gross profit 
 2,910 
 
 Net income 
 890 
 
 
 
 
 
 
 
 
 
 
 
 
",item7_block_heading,True,,,
0001067701-22-000008,2,1,11537,120980,208955," ITEM 7. Management’s Discussion and Analysis of Financial Condition and Results of Operations (dollars in millions, except per share data and unless otherwise indicated) 
 As discussed in note 2 to our consolidated financial statements, in 2021, we adopted SEC guidance that is intended to modernize","ts 
 $417 
 
 Long-term assets 
 18,423 
 
 Total assets 
 18,840 
 
 Current liabilities 
 1,569 
 
 Long-term liabilities 
 11,280 
 
 Total liabilities 
 12,849 
 
 
 Year Ended December 31, 2021 
 
 Total revenues 
 $8,755 
 
 Gross profit 
 3,490 
 
 Net income 
 1,386 
 
 
 
 
 
 
 
 
 
 
 
 
",item7_block_heading,True,,,
0001067701-23-000010,2,1,12076,123923,215445," ITEM 7. Management’s Discussion and Analysis of Financial Condition and Results of Operations (dollars in millions, except per share data and unless otherwise indicated) 
 We have omitted discussions comparing 2021 and 2020 results, as such disclosures were included in our Annual Report on Form 10-","18 
 
 Total long-term assets 
 19,718 
 
 Total assets 
 20,359 
 
 Current liabilities 
 2,139 
 
 Long-term liabilities 
 13,349 
 
 Total liabilities 
 15,488 
 
 
 Year Ended December 31, 2022 
 
 Total revenues 
 $10,482 
 
 Gross profit 
 4,536 
 
 Net income 
 1,870 
 
 
 
 
 
 
 
 
 
 
 
 
",item7_block_heading,True,,,
0001067701-24-000007,2,1,11784,133228,222382," ITEM 7. Management’s Discussion and Analysis of Financial Condition and Results of Operations (dollars in millions, except per share data and unless otherwise indicated) 
 We have omitted discussions comparing 2022 and 2021 results, as such disclosures were included in our Annual Report on Form 10-"," 
 Other current liabilities 
 2,093 
 
 
 Total current liabilities 
 2,094 
 
 
 Long-term liabilities 
 13,464 
 
 
 Total liabilities 
 15,558 
 
 
 
 Year Ended December 31, 2023 
 
 
 Total revenues 
 $13,059 
 
 
 Gross profit 
 5,309 
 
 
 Net income 
 2,122 
 
 
 
 
 
 
 
 
 
 
 
 
 
 
 
 
",item7_block_heading,True,,,
0001067701-25-000008,2,1,11011,137609,221332," ITEM 7. Management’s Discussion and Analysis of Financial Condition and Results of Operations (dollars in millions, except per share data and unless otherwise indicated) 
 We have omitted discussions comparing 2023 and 2022 results, as such disclosures were included in our Annual Report on Form 10-"," 
 
 Total assets 
 23,175 
 
 
 
 
 
 
 
 
 
 
 Current liabilities 
 2,018 
 
 
 Long-term liabilities 
 15,813 
 
 
 Total liabilities 
 17,831 
 
 
 
 Year Ended December 31, 2024 
 
 
 Total revenues 
 $13,989 
 
 
 Gross profit 
 5,659 
 
 
 Net income 
 2,304 
 
 
 
 
 
 
 
 
 
 
 
 
 
 
 
 
",item7_block_heading,True,,,
0001067701-26-000007,2,1,10822,135638,218221," ITEM 7. Management’s Discussion and Analysis of Financial Condition and Results of Operations (dollars in millions, except per share data and unless otherwise indicated) 
 We have omitted discussions comparing 2024 and 2023 results, as such disclosures were included in our Annual Report on Form 10-"," 
 
 Total assets 
 24,258 
 
 
 
 
 
 
 
 
 
 
 Current liabilities 
 2,097 
 
 
 Long-term liabilities 
 16,597 
 
 
 Total liabilities 
 18,694 
 
 
 
 Year Ended December 31, 2025 
 
 
 Total revenues 
 $14,669 
 
 
 Gross profit 
 5,658 
 
 
 Net income 
 2,193 
 
 
 
 
 
 
 
 
 
 
 
 
 
 
 
 
",item7_block_heading,True,,,
0001403161-16-000058,2,1,10062,114159,199621," ITEM 7. 
 
 Management’s Discussion and Analysis of Financial Condition and Results of Operations 
 This management’s discussion and analysis provides a review of the results of operations, financial condition and liquidity and capital resources of Visa Inc. and its subsidiaries (“Visa,” “we,” ""us,","taxing authorities. If one or more of the taxing authorities were to successfully challenge our right to realize some or all of the tax benefit we have recorded, and we were unable to realize this benefit, it could have a material adverse effect on our financial results and cash flows. 
 
 
 
 
 
 
",item7_block_heading,True,,,
0001403161-17-000044,2,1,10014,118551,204000," ITEM 7. 
 
 Management’s Discussion and Analysis of Financial Condition and Results of Operations 
 This management’s discussion and analysis provides a review of the results of operations, financial condition and liquidity and capital resources of Visa Inc. and its subsidiaries (“Visa,” “we,” ""us,","taxing authorities. If one or more of the taxing authorities were to successfully challenge our right to realize some or all of the tax benefit we have recorded, and we were unable to realize this benefit, it could have a material adverse effect on our financial results and cash flows. 
 
 
 
 
 
 
",item7_block_heading,True,,,
0001403161-18-000055,2,1,10358,123468,211895," ITEM 7. 
 
 Management’s Discussion and Analysis of Financial Condition and Results of Operations 
 This management’s discussion and analysis provides a review of the results of operations, financial condition and liquidity and capital resources of Visa Inc. and its subsidiaries (“Visa,” “we,” “us,","taxing authorities. If one or more of the taxing authorities were to successfully challenge our right to realize some or all of the tax benefit we have recorded, and we were unable to realize this benefit, it could have a material adverse effect on our financial results and cash flows. 
 
 
 
 
 
 
",item7_block_heading,True,,,
0001403161-19-000050,2,1,8333,128647,201528," ITEM 7. 
 
 Management’s Discussion and Analysis of Financial Condition and Results of Operations 
 This management’s discussion and analysis provides a review of the results of operations, financial condition and liquidity and capital resources of Visa Inc. and its subsidiaries (“Visa,” “we,” “us,","taxing authorities. If one or more of the taxing authorities were to successfully challenge our right to realize some or all of the tax benefit we have recorded, and we were unable to realize this benefit, it could have a material adverse effect on our financial results and cash flows. 
 
 
 
 
 
 
",item7_block_heading,True,,,
0001403161-20-000070,2,1,8063,143741,210499," ITEM 7. Management’s Discussion and Analysis of Financial Condition and Results of Operations 
 This management’s discussion and analysis provides a review of the results of operations, financial condition and liquidity and capital resources of Visa Inc. and its subsidiaries (“Visa,” “we,” “us,” “o","ew by the taxing authorities. If one or more of the taxing authorities were to successfully challenge our right to realize some or all of the tax benefit we have recorded, and we were unable to realize this benefit, it could have a material adverse effect on our financial results and cash flows. 
 
",item7_block_heading,True,,,
0001403161-21-000060,2,1,6811,126777,184327," ITEM 7. Management’s Discussion and Analysis of Financial Condition and Results of Operations 
 This management’s discussion and analysis provides a review of the results of operations, financial condition and liquidity and capital resources of Visa Inc. and its subsidiaries (“Visa,” “we,” “us,” “o","ew by the taxing authorities. If one or more of the taxing authorities were to successfully challenge our right to realize some or all of the tax benefit we have recorded, and we were unable to realize this benefit, it could have a material adverse effect on our financial results and cash flows. 
 
",item7_block_heading,True,,,
0001403161-22-000081,2,1,7027,126334,185256," ITEM 7. Management’s Discussion and Analysis of Financial Condition and Results of Operations 
 This management’s discussion and analysis provides a review of the results of operations, financial condition and liquidity and capital resources of Visa Inc. and its subsidiaries (Visa, we, us, our and ","ew by the taxing authorities. If one or more of the taxing authorities were to successfully challenge our right to realize some or all of the tax benefit we have recorded, and we were unable to realize this benefit, it could have a material adverse effect on our financial results and cash flows. 
 
",item7_block_heading,True,,,
0001403161-23-000099,2,1,5867,141112,191381," ITEM 7. Management’s Discussion and Analysis of Financial Condition and Results of Operations 
 This management’s discussion and analysis provides a review of the results of operations, financial condition and liquidity and capital resources of Visa Inc. and its subsidiaries (Visa, we, us, our or t","ties. If one or more of the taxing authorities were to successfully challenge our right to realize some or all of the tax benefit we have recorded, and we were unable to realize this benefit, it could have a material adverse effect on our financial condition, results of operations or cash flows. 
 
",item7_block_heading,True,,,
0001403161-24-000058,2,1,6386,162352,216223," ITEM 7. Management’s Discussion and Analysis of Financial Condition and Results of Operations 
 This management’s discussion and analysis provides a review of the results of operations, financial condition and liquidity and capital resources of Visa Inc. and its subsidiaries (Visa, we, us, our or t","ties. If one or more of the taxing authorities were to successfully challenge our right to realize some or all of the tax benefit we have recorded, and we were unable to realize this benefit, it could have a material adverse effect on our financial condition, results of operations or cash flows. 
 
",item7_block_heading,True,,,
0001403161-25-000089,2,1,6422,179811,233282," ITEM 7. Management’s Discussion and Analysis of Financial Condition and Results of Operations 
 This management’s discussion and analysis provides a review of the results of operations, financial condition and liquidity and capital resources of Visa Inc. and its subsidiaries (Visa, we, us, our or t","ing authorities were to successfully challenge our right to realize some or all of the tax benefit we have recorded, and we were unable to realize this benefit, it could have a material adverse effect on our financial condition, results of operations or cash flows. 
 
 
 52 
 
 
 Table of Contents 
",item7_block_heading,True,,,
0001035002-17-000009,2,1,12811,78019,198861," ITEM 7. MANAGEMENT ’ S DISCUSSION AND ANALYSIS OF FINANCIAL CONDITION AND RESULTS OF OPERATIONS 
 
 The following review of our results of operations and financial condition should be read in conjunction with ITEM 1A, “Risk Factors,” and ITEM 8, “Financial Statements and Supplementary Data,” includ","s judgments and estimates, the results of which can vary significantly from actual litigation results due to differing interpretations of relevant law and differing opinions regarding the degree of potential liability and the assessment of reasonable damages. 
 
 
 
 
 63 
 
 
 Table of Contents 
 
",item7_block_heading,True,,,
0001035002-18-000010,2,1,12399,87479,199359," ITEM 7. MANAGEMENT ’ S DISCUSSION AND ANALYSIS OF FINANCIAL CONDITION AND RESULTS OF OPERATIONS 
 
 The following review of our results of operations and financial condition should be read in conjunction with ITEM 1A, “Risk Factors,” and ITEM 8, “Financial Statements and Supplementary Data,” includ"," unable to make a reasonable estimate in 2017, and we may revise estimates that were recorded in 2017. These amounts could be material. See Note 14 of Notes to Consolidated Financial Statements for a further discussion of our tax liabilities and the impact from Tax Reform on those liabilities. 
 
 
",item7_block_heading,True,,,
0001035002-19-000008,2,1,12748,87965,203571," ITEM 7. MANAGEMENT ’ S DISCUSSION AND ANALYSIS OF FINANCIAL CONDITION AND RESULTS OF OPERATIONS 
 
 The following review of our results of operations and financial condition should be read in conjunction with ITEM 1A, “Risk Factors,” and ITEM 8, “Financial Statements and Supplementary Data,” includ","tories. If the aggregate market value is less than cost, we recognize a loss for the difference in our statements of income. 
 
 The lower of cost or market inventory valuation adjustment for the year ended December 31, 2016 is discussed in Note 5 of Notes to Consolidated Financial Statements. 
 
 
",item7_block_heading,True,,,
0001035002-20-000007,2,1,11548,78977,185824," ITEM 7. MANAGEMENT ’ S DISCUSSION AND ANALYSIS OF FINANCIAL CONDITION AND RESULTS OF OPERATIONS 
 
 The following review of our results of operations and financial condition should be read in conjunction with ITEM 1A, “RISK FACTORS,” and ITEM 8, “FINANCIAL STATEMENTS AND SUPPLEMENTARY DATA,” includ","quired to move the inventory from our plants to the appropriate points of sale. We then apply an estimated selling price to our inventories. If the aggregate market value is less than cost, we recognize a loss for the difference in our statements of income. 
 
 
 
 
 
 56 
 
 
 Table of Contents 
 
",item7_block_heading,True,,,
0001035002-21-000051,2,1,11364,105578,196761," ITEM 7. MANAGEMENT ’ S DISCUSSION AND ANALYSIS OF FINANCIAL CONDITION AND RESULTS OF OPERATIONS 
 
 The following review of our results of operations and financial condition should be read in conjunction with ITEM 1A, “RISK FACTORS,” and ITEM 8, “FINANCIAL STATEMENTS AND SUPPLEMENTARY DATA,” includ","t, changes in market conditions could result in significant impairment charges in the future, thus affecting our earnings. 
 As of December 31, 2020, we determined there was no impairment of our long-lived assets or goodwill as discussed in Note 2 of Notes to Consolidated Financial Statements. 
 
 
",item7_block_heading,True,,,
0001035002-22-000007,2,1,10453,135343,222089," ITEM 7. MANAGEMENT’S DISCUSSION AND ANALYSIS OF FINANCIAL CONDITION AND RESULTS OF OPERATIONS 
 
 The following discussion and analysis is management’s perspective of our current financial condition and results of operations, and should be read in conjunction with “ITEM 1A. RISK FACTORS” and “ITEM ","the assumptions used to test for recoverability, changes in market conditions could result in significant impairment charges in the future, thus affecting our earnings. 
 
 As of December 31, 2021, we determined there was no impairment of our long-lived assets. 
 
 
 
 63 
 
 
 
 Table of Contents 
",item7_block_heading,True,,,
0001035002-23-000027,2,1,10000,136885,219655," ITEM 7. MANAGEMENT’S DISCUSSION AND ANALYSIS OF FINANCIAL CONDITION AND RESULTS OF OPERATIONS 
 
 The following discussion and analysis is management’s perspective of our current financial condition and results of operations, and should be read in conjunction with “ITEM 1A. RISK FACTORS” and “ITEM ","d result in an impairment loss that could be material. If the circumstances that trigger an impairment also result in a reduction in the estimated useful life of the asset, then we may also be required to recognize an asset retirement obligation for that asset. 
 
 
 
 63 
 
 
 
 Table of Contents 
",item7_block_heading,True,,,
0001035002-24-000007,2,1,9288,147818,225589," ITEM 7. MANAGEMENT’S DISCUSSION AND ANALYSIS OF FINANCIAL CONDITION AND RESULTS OF OPERATIONS 
 
 The following discussion and analysis is management’s perspective of our current financial condition and results of operations, and should be read in conjunction with “ITEM 1A. RISK FACTORS” and “ITEM ","n asset may not be recoverable and result in an impairment loss that could be material. If the circumstances that trigger an impairment also result in a reduction in the estimated useful life of the asset, then we may also be required to recognize an asset retirement obligation for that asset. 
 
 
",item7_block_heading,True,,,
0001035002-25-000005,2,1,8843,150428,224461," ITEM 7. MANAGEMENT’S DISCUSSION AND ANALYSIS OF FINANCIAL CONDITION AND RESULTS OF OPERATIONS 
 
 The following discussion and analysis is management’s perspective of our current financial condition and results of operations, and should be read in conjunction with “ITEM 1A. RISK FACTORS” and “ITEM ","ment also result in a reduction in the estimated useful life of the asset, then we may also be required to recognize an asset retirement obligation for that asset. See also the matters and potential impacts from the uncertainty described in Note 2 of Notes to Consolidated Financial Statements. 
 
 
",item7_block_heading,True,,,
0001628280-26-011499,2,1,10565,143831,230996," ITEM 7. MANAGEMENT’S DISCUSSION AND ANALYSIS OF FINANCIAL CONDITION AND RESULTS OF OPERATIONS 
 
 The following discussion and analysis is management’s perspective of our current financial condition and results of operations, and should be read in conjunction with “ITEM 1A. RISK FACTORS” and “ITEM "," 65 
 
 
 Table of Contents 
 Details of the asset impairment loss and associated expected asset retirement obligations recognized during the year ended December 31, 2025 related to our Benicia and Wilmington refineries are included in Notes 2 and 8 of Notes to Consolidated Financial Statements. 
 
",item7_block_heading,True,,,
0001396009-17-000005,1,1,11299,118009,244466," ITEM 7 
 
 
 
 MANAGEMENT'S DISCUSSION AND ANALYSIS OF FINANCIAL CONDITION AND RESULTS OF OPERATIONS 
 
 
 
 
 
 
 
 EXECUTIVE SUMMARY 
 
 
 
 FINANCIAL SUMMARY FOR 201 6 (compared to 2015) 
 
 
 
 
 
 
 
 
 
 § 
 
 
 
 
 
 
 
 Total revenues in creased $ 170.5 million, or 5 %, to $ 3,592. 7 m illi","Harbor Statement under the Private Securities Litigation Reform Act of 1995 in Part I, above. 
 
 
 
 
 
 
 

 
 
 
 

 
 

 
 

 
 

 
 

 

 

 
 

 
 

 

 

 

 
 

 
 

 
 

 

 

 
 

 
 

 

 

 

 
 

 
 

 
 

 Part I I 

 

 
 

 
 

 59 

 

 

 

 
 

 

 

 
 
 

 
 

 

 

 
 
 
 
 
 
",item7_block_heading,True,,,
0001396009-18-000011,1,1,11867,117993,245908," ITEM 7 
 
 
 
 MANAGEMENT'S DISCUSSION AND ANALYSIS OF FINANCIAL CONDITION AND RESULTS OF OPERATIONS 
 
 
 
 
 
 
 
 EXECUTIVE SUMMARY 
 
 
 
 FINANCIAL SUMMARY FOR 201 7 (compared to 201 6 ) 
 
 
 
 
 
 
 
 
 
 § 
 
 
 
 
 
 
 
 Total revenues in creased $ 297.6 million, or 8 %, to $ 3,890.3 m ill","Harbor Statement under the Private Securities Litigation Reform Act of 1995 in Part I, above. 
 
 
 
 
 
 
 

 
 
 
 

 
 

 
 

 
 

 
 

 

 

 
 

 
 

 

 

 

 
 

 
 

 
 

 

 

 
 

 
 

 

 

 

 
 

 
 

 
 

 Part I I 

 

 
 

 
 

 59 

 

 

 

 
 

 

 

 
 
 

 
 

 

 

 
 
 
 
 
 
",item7_block_heading,True,,,
0001396009-19-000021,1,1,11261,116483,238470," ITEM 7 
 
 
 
 MANAGEMENT'S DISCUSSION AND ANALYSIS OF FINANCIAL CONDITION AND RESULTS OF OPERATIONS 
 
 
 
 
 
 
 
 EXECUTIVE SUMMARY 
 
 
 
 FINANCIAL SUMMARY FOR 2018 (compared to 2017) 
 
 
 
 
 
 
 
 
 
 § 
 
 
 
 
 
 
 
 Total revenues increased $492.6 million, or 13%, to $4,382.9 million 
 
"," Harbor Statement under the Private Securities Litigation Reform Act of 1995 in Part I, above. 
 
 
 
 
 
 
 

 
 
 
 

 
 

 
 

 
 

 
 

 

 

 
 

 
 

 

 

 

 
 

 
 

 
 

 

 

 
 

 
 

 

 

 

 
 

 
 

 
 

 Part II 

 

 
 

 
 

 61 

 

 

 

 
 

 

 

 
 
 

 
 

 

 

 
 
 
 
 
 
",item7_block_heading,True,,,
0001396009-20-000006,1,1,11589,101045,199926," ITEM 7 
 MANAGEMENT'S DISCUSSION AND ANALYSIS OF FINANCIAL CONDITION AND RESULTS OF OPERATIONS 
 
 EXECUTIVE SUMMARY 
 FINANCIAL SUMMARY FOR 2019 (compared to 2018) 
  Total revenues increased $546.2 million, or 12%, to $4,929.1 million 
  Gross profit increased $155.0 million, or 14%, to $1,255.","ecurities Exchange Act of 1934, as amended, and are intended to be covered by the safe harbor created thereby. See the discussion in Safe Harbor Statement under the Private Securities Litigation Reform Act of 1995 in Part I, above. 
 
 ‎ 
 
 
 
 
 
 
 
 
 
 
 
 
 
 
 
 
 
 Part II 
 
 62 
 
 
 
 
 
",item7_block_heading,True,,,
0001396009-21-000009,1,1,11492,103827,203569," ITEM 7 
 MANAGEMENT'S DISCUSSION AND ANALYSIS OF FINANCIAL CONDITION AND RESULTS OF OPERATIONS 
 
 Management’s discussion and analysis is intended to help investors understand our operations and current business environment. The following discussion should be read in conjunction with the consolida","ecurities Exchange Act of 1934, as amended, and are intended to be covered by the safe harbor created thereby. See the discussion in Safe Harbor Statement under the Private Securities Litigation Reform Act of 1995 in Part I, above. 
 
 ‎ 
 
 
 
 
 
 
 
 
 
 
 
 
 
 
 
 
 
 Part II 
 
 66 
 
 
 
 
 
",item7_block_heading,True,,,
0001396009-22-000010,1,1,12589,134421,241983," ITEM 7 
 MANAGEMENT'S DISCUSSION AND ANALYSIS OF FINANCIAL CONDITION AND RESULTS OF OPERATIONS 
 
 The objective of our management’s discussion and analysis is to help investors understand our operations and current business environment from the perspective of our management. The following discussi","ecurities Exchange Act of 1934, as amended, and are intended to be covered by the safe harbor created thereby. See the discussion in Safe Harbor Statement under the Private Securities Litigation Reform Act of 1995 in Part I, above. 
 
 ‎ 
 
 
 
 
 
 
 
 
 
 
 
 
 
 
 
 
 
 Part II 
 
 71 
 
 
 
 
 
",item7_block_heading,True,,,
0001396009-23-000007,1,1,12287,129122,233970," ITEM 7 
 MANAGEMENT'S DISCUSSION AND ANALYSIS OF FINANCIAL CONDITION AND RESULTS OF OPERATIONS 
 
 The objective of our management’s discussion and analysis is to help investors understand our operations and current business environment from the perspective of our management. The following discussi","ecurities Exchange Act of 1934, as amended, and are intended to be covered by the safe harbor created thereby. See the discussion in Safe Harbor Statement under the Private Securities Litigation Reform Act of 1995 in Part I, above. 
 
 ‎ 
 
 
 
 
 
 
 
 
 
 
 
 
 
 
 
 
 
 Part II 
 
 72 
 
 
 
 
 
",item7_block_heading,True,,,
0001396009-24-000006,1,1,11985,132350,234434," ITEM 7 
 MANAGEMENT'S DISCUSSION AND ANALYSIS OF FINANCIAL CONDITION AND RESULTS OF OPERATIONS 
 
 The objective of our management’s discussion and analysis is to help investors understand our operations and current business environment from the perspective of our management. The following discussi","Securities Exchange Act of 1934, as amended, and are intended to be covered by the safe harbor created thereby. See the discussion in Safe Harbor Statement under the Private Securities Litigation Reform Act of 1995 in Part I above. 
 
 ‎ 
 
 
 
 
 
 
 
 
 
 
 
 
 
 
 
 
 
 Part II 
 
 72 
 
 
 
 
 
",item7_block_heading,True,,,
0001396009-25-000005,2,1,11913,124337,218142," ITEM 7 
 MANAGEMENT'S DISCUSSION AND ANALYSIS OF FINANCIAL CONDITION AND RESULTS OF OPERATIONS 
 The objective of our management’s discussion and analysis is to help investors understand our operations and current business environment from the perspective of our management. The following discussion","ct of 1933, as amended, and Section 21E of the Securities Exchange Act of 1934, as amended, and are intended to be covered by the safe harbor created thereby. See the discussion in "" Safe Harbor Statement under the Private Securities Litigation Reform Act of 1995 "" in Part I above. 
 
 
 
 
 
 
 
 
",item7_block_heading,True,,,
0001628280-26-009546,2,1,11823,131755,228748," ITEM 7 
 
 
 Management's Discussion and Analysis of Financial Condition and Results of Operations 
 The objective of our management’s discussion and analysis is to help investors understand our operations and current business environment from the perspective of our management. The following discus","934, as amended, and are intended to be covered by the safe harbor created thereby. See the discussion in "" Safe Harbor Statement under the Private Securities Litigation Reform Act of 1995 "" in Part I above. 
 
 
 
 
 
 
 
 
 
 
 
 
 
 
 
 
 
 
 
 
 Form 10-K 
 
 68 
 
 
 
 
 Part II 
 
 
 
 
 
 
 
",item7_block_heading,True,,,
0000906107-17-000007,2,1,15628,182747,321395," ITEM 7. 
 
 Management’s Discussion and Analysis of Financial Condition and Results of Operations 
 
 The following discussion and analysis of the results of operations and financial condition of the Company and the Operating Partnership should be read in connection with the Consolidated Financial ","the Operating Partnership in exchange for OP Units are collectively referred to as the “Noncontrolling Interests – Operating Partnership”. Subject to certain restrictions, the Noncontrolling Interests – Operating Partnership may exchange their OP Units for Common Shares on a one-for-one basis. 
 
 
",item7_block_heading,True,,,
0001564590-18-002873,2,1,10813,190009,307629," ITEM 7. Management’s Discussion and Analysis of Financial Condition and Results of Operations 
 
 The following discussion and analysis of the results of operations and financial condition of the Company and the Operating Partnership should be read in connection with the Consolidated Financial Stat","o the Operating Partnership in exchange for OP Units are collectively referred to as the “Noncontrolling Interests – Operating Partnership”. Subject to certain restrictions, the Noncontrolling Interests – Operating Partnership may exchange their OP Units for Common Shares on a one-for-one basis. 
 
",item7_block_heading,True,,,
0001564590-19-003683,2,1,10685,181100,291415," ITEM 7. Management’s Discussion and Analysis of Financial Condition and Results of Operations 
 
 The following discussion and analysis of the results of operations and financial condition of the Company and the Operating Partnership should be read in connection with the Consolidated Financial Stat","o the Operating Partnership in exchange for OP Units are collectively referred to as the “Noncontrolling Interests – Operating Partnership”. Subject to certain restrictions, the Noncontrolling Interests – Operating Partnership may exchange their OP Units for Common Shares on a one-for-one basis. 
 
",item7_block_heading,True,,,
0001564590-20-005562,2,1,9378,122506,230036," ITEM 7. Management’s Discussion and Analysis of Financial Condition and Results of Operations 
 
 The following discussion and analysis of the results of operations and financial condition of the Company and the Operating Partnership should be read in connection with the Consolidated Financial Stat","o the Operating Partnership in exchange for OP Units are collectively referred to as the “Noncontrolling Interests – Operating Partnership”. Subject to certain restrictions, the Noncontrolling Interests – Operating Partnership may exchange their OP Units for Common Shares on a one-for-one basis. 
 
",item7_block_heading,True,,,
0001564590-21-006679,2,1,10754,120741,243599," ITEM 7. Management’s Discussion and Analysis of Financial Condition and Results of Operations 
 
 The following discussion and analysis of the results of operations and financial condition of the Company and the Operating Partnership should be read in connection with the Consolidated Financial Stat","o the Operating Partnership in exchange for OP Units are collectively referred to as the “Noncontrolling Interests – Operating Partnership”. Subject to certain restrictions, the Noncontrolling Interests – Operating Partnership may exchange their OP Units for Common Shares on a one-for-one basis. 
 
",item7_block_heading,True,,,
0001564590-22-005566,2,1,7231,131412,214970," ITEM 7. Management’s Discussion and Analysis of Financial Condition and Results of Operations 
 
 The following discussion and analysis of the results of operations and financial condition of the Company and the Operating Partnership should be read in connection with the Consolidated Financial Stat","Units are collectively referred to as the “Noncontrolling Interests – Operating Partnership”. Subject to certain restrictions, the Noncontrolling Interests – Operating Partnership may exchange their OP Units for Common Shares on a one-for-one basis. 
 
 
 
 
 
 41 
 
 
 Table of Contents 
 
 
 
 
 
",item7_block_heading,True,,,
0000950170-23-003060,2,1,7071,123197,197699," ITEM 7. Management’s Discussion and Analysis of Financial Condition and Results of Operations 
 
 The following discussion and analysis of the results of operations and financial condition of the Company and the Operating Partnership should be read in connection with the Consolidated Financial Stat","e Operating Partnership in exchange for OP Units are collectively referred to as the “Noncontrolling Interests – Operating Partnership”. Subject to certain restrictions, the Noncontrolling Interests – Operating Partnership may exchange their OP Units for Common Shares on a one-for-one basis. 
 
 
 
",item7_block_heading,True,,,
0000950170-24-015907,2,1,7214,140959,216552," ITEM 7. Management’s Discussion and Analysis of Financial Condition and Results of Operations 
 
 The following discussion and analysis of the results of operations and financial condition of the Company and the Operating Partnership should be read in connection with the Consolidated Financial Stat","e Operating Partnership in exchange for OP Units are collectively referred to as the “Noncontrolling Interests – Operating Partnership”. Subject to certain restrictions, the Noncontrolling Interests – Operating Partnership may exchange their OP Units for Common Shares on a one-for-one basis. 
 
 
 
",item7_block_heading,True,,,
0000950170-25-019894,2,1,6828,141380,213960," ITEM 7. Management’s Discussion and Analysis of Financial Condition and Results of Operations 
 
 The following discussion and analysis of the results of operations and financial condition of the Company and the Operating Partnership should be read in connection with the Consolidated Financial Stat","e Operating Partnership in exchange for OP Units are collectively referred to as the “Noncontrolling Interests – Operating Partnership.” Subject to certain restrictions, the Noncontrolling Interests – Operating Partnership may exchange their OP Units for Common Shares on a one-for-one basis. 
 
 
 
",item7_block_heading,True,,,
0001193125-26-051433,2,1,6633,142282,212667," ITEM 7. Management’s Discussion and Analysis of Financial Condition and Results of Operations 
 The following discussion and analysis of the results of operations and financial condition of the Company and the Operating Partnership should be read in connection with the Consolidated Financial Statem","o the Operating Partnership in exchange for OP Units are collectively referred to as the “Noncontrolling Interests – Operating Partnership.” Subject to certain restrictions, the Noncontrolling Interests – Operating Partnership may exchange their OP Units for Common Shares on a one-for-one basis. 
 
",item7_block_heading,True,,,
0001193125-17-056239,1,1,9229,107472,184660," ITEM 7: Management's Discussion and Analysis of Financial Condition and Results of Operations 
 Business and Financial Overview 
 The Company has two operating
segments: Waters ® and TA ® . Waters products and services primarily consist of high performance liquid chromatography (HPLC), ultra perf","lopments is incorporated by reference from Part II, ITEM 8, Financial Statements and Supplementary Data, of this document and should be
considered an integral part of this ITEM 7. See Note 2 in the Notes to the Consolidated Financial Statements for recently adopted and issued accounting standards. 
",item7_block_heading,True,,,
0001193125-18-060830,1,1,10547,112813,199418," ITEM 7: Management's 
 
 Discussion and Analysis of Financial Condition and Results of Operations 
 
 Business and Financial Overview 
 The Company has two operating segments: Waters ® and TA ® . Waters products and services primarily consist of high performance liquid chromatography (HPLC), ultr","pments is incorporated by reference from Part II, ITEM 8, Financial Statements and
Supplementary Data, of this document and should be considered an integral part of this ITEM 7. See Note 2 in the Notes to the Consolidated Financial Statements for recently adopted and issued accounting standards. 
 
",item7_block_heading,True,,,
0001193125-19-051872,1,1,11016,112807,204490," ITEM 7: 
 
 
 Management's Discussion and Analysis of Financial Condition and Results of Operations 
 
 Business and Financial Overview 
 The Company has two operating segments: Waters TM and TA TM .
Waters products and services primarily consist of high performance liquid chromatography (HPLC), ","pments is incorporated by reference from Part II, ITEM 8, Financial Statements and Supplementary Data, of this document and should be considered an integral part of this ITEM 7. See Note 2 in the Notes to the
Consolidated Financial Statements for recently adopted and issued accounting standards. 
 
",item7_block_heading,True,,,
0001193125-20-048303,1,1,9951,114688,202136," ITEM 7: 
 
 
 
 
 
 
 Management’s Discussion and Analysis of Financial Condition and 
 
 Results of Operations 
 
 
 
 
 
 
 Business and Financial Overview 
 
 The Company has two operating segments: Waters 
 TM and TA 
 TM . Waters products and services primarily consist of high performance liqu","incorporated by reference from Part II, ITEM 8, Financial Statements and Supplementary Data, of this document and should be considered an integral part of this ITEM 7. See Note 2 in the Notes to the Consolidated Financial Statements for recently adopted and issued accounting standards. 
 
 
 
 
 
 
",item7_block_heading,True,,,
0001193125-21-054385,1,1,10360,128008,221273," ITEM 7: 
 
 
 
 
 
 
 
 Management’s Discussion and Analysis of Financial Condition and 
 
 
 
 
 
 Results of Operations 
 
 
 
 
 
 
 Business and Financial Overview 
 
 The Company has two operating segments: Waters 
 
 TM 
 and TA 
 
 TM 
 . Waters products and services primarily consist of hig","orated by reference from Part II, ITEM 8, Financial Statements and Supplementary Data, of this document and should be considered an integral part of this ITEM 7. See Note 2 in the Notes to the Consolidated Financial Statements for recently adopted and issued accounting standards. 
 
 
 
 
 
 
 
 
 
",item7_block_heading,True,,,
0001193125-22-051509,1,1,9237,119818,200221," ITEM 7: 
 
 
 
 Management 
 
 
 
 ’ 
 
 
 
 s Discussion and Analysis of Financial Condition and 
 
 
 
 
 
 Results of Operations 
 
 
 
 
 Business Overview 
 
 The Company has two operating segments: Waters 
 TM and TA 
 TM . Waters products and services primarily consist of high performance li","ts is incorporated by reference from Part II, ITEM 8, Financial Statements and Supplementary Data, of this document and should be considered an integral part of this ITEM 7. See Note 2 in the Notes to the Consolidated Financial Statements for recently adopted and issued accounting standards. 
 
 
 
",item7_block_heading,True,,,
0001193125-23-050827,1,1,7222,130804,193762," ITEM 7: Management ’ s Discussion and Analysis of Financial Condition and Results of Operations 
 Business Overview 
 The Company has two operating segments: Waters TM and TA TM . Waters products and services primarily consist of high-performance liquid chromatography (“HPLC”), ultra-performance li"," ITEM 8, Financial Statements and Supplementary Data, of this document and should be considered an integral part of this ITEM 7. See Note 2 in the Notes to the Consolidated Financial Statements for recently adopted and issued accounting standards. 
 
 
 44 

 



 
 
 
 Table of Contents 


 
 
 
 
",item7_block_heading,True,,,
0001193125-24-047491,1,1,6577,144177,203202," ITEM 7: Management ’ s Discussion and Analysis of Financial Condition and Results of Operations 
 Business Overview 
 The Company has two operating segments: Waters and TA. Waters products and services primarily consist of high-performance liquid chromatography (“HPLC”), ultra-performance liquid ch","lopments is incorporated by reference from Part II, ITEM 8, Financial Statements and Supplementary Data, of this document and should be considered an integral part of this ITEM 7. See Note 2 in the Notes to the Consolidated Financial Statements for recently adopted and issued accounting standards. 
",item7_block_heading,True,,,
0001193125-25-034579,1,1,6635,142551,201279," ITEM 7: Management ’ s Discussion and Analysis of Financial Condition and Results of Operations 
 Business Overview 
 The Company has two operating segments: Waters and TA. Waters products and services primarily consist of high-performance liquid chromatography (“HPLC”), ultra-performance liquid ch","lopments is incorporated by reference from Part II, ITEM 8, Financial Statements and Supplementary Data, of this document and should be considered an integral part of this ITEM 7. See Note 2 in the Notes to the Consolidated Financial Statements for recently adopted and issued accounting standards. 
",item7_block_heading,True,,,
0001193125-26-062604,1,1,7399,191015,254374," ITEM 7: Management ’ s Discussion and Analysis of Financial Condition and Results of Operations 
 Business Overview 
 The Company has two operating segments: Waters TM and TA TM . Waters products and services primarily consist of high-performance liquid chromatography (“HPLC”), ultra-performance li","EM 8, Financial Statements and Supplementary Data, of this document and should be considered an 
 
 
 57 

 



 
 
 
 Table of Contents 


 
 
 
 
 
integral part of this ITEM 7. See Note 2 in the Notes to the Consolidated Financial Statements for recently adopted and issued accounting standards. 
",item7_block_heading,True,,,
0000766704-17-000012,24,22,10176,246179,408005," ITEM 7. 

Management’s Discussion and Analysis of Financial Condition and Results of

Operations 



 
 



 
 





 
 
 
 
 
 
 
 
 
 
 
 
 
 EXECUTIVE
 SUMMARY 
 
 
 
 
 
 
 
 
 
 
 
 
 
 
 
 
 
 
 
 
 
 
 
 
 
 
 
 
 
 
 
 
 
 
 
 
 Company Overview 
 
 Business Strategy 
 
 Capital Market Outl","e. This analysis
 requires us to determine if indicators of impairment exist and to estimate
 the most likely stream of cash flows to be generated from the property during
 the period the property is expected to be held. 
 
 
 
 
 
 

 
 









 
 





 
 62 





 
 
 
 

 
 





 
 





 
 
",item7_block_heading,True,,,
0000766704-18-000012,23,21,10397,175657,343932," ITEM 7. Management’s Discussion and Analysis of
Financial Condition and Results of Operations 

 
 

 
 


 

 
 
 
 
 
 
 
 
 
 
 
 EXECUTIVE
 SUMMARY 
 
 
 
 
 
 
 
 
 
 
 
 
 
 
 
 
 
 
 
 
 
 
 
 
 
 
 
 
 
 
 
 
 
 
 
 
 Company Overview 
 
 Business Strategy 
 
 Key Transactions 
 
 Key Perfo","he most likely stream of cash flows to be generated from the property during
 the period the property is expected to be held. Properties that meet the
 held-for-sale criteria are recorded at the lesser of fair value less costs to
 sell or carrying value. 
 
 
 
 
 
 











 
 


 
 50 


 
 
 
",item7_block_heading,True,,,
0000766704-19-000014,22,20,10192,221254,340794," ITEM 7. Management’s Discussion and Analysis of Financial Condition and Results of Operations 
 
 
 
 
 
 
 
 
 
 
 EXECUTIVE SUMMARY 
 
 
 
 
 
 
 
 Company Overview 
 
 40 
 
 
 Business Strategy 
 
 40 
 
 
 Key Transactions 
 
 41 
 
 
 Key Performance Indicators, Trends and Uncertainties 
 
 4","pairment exist and to estimate the most likely stream of cash flows to be generated from the property during the period the property is expected to be held. Properties that meet the held-for-sale criteria are recorded at the lesser of fair value less costs to sell or carrying value. 
 
 
 
 59 
 
 
",item7_block_heading,True,,,
0000766704-20-000015,21,19,9831,234609,350515," ITEM 7. Management’s Discussion and Analysis of Financial Condition and Results of Operations 
 
 
 
 
 
 
 
 
 
 
 EXECUTIVE SUMMARY 
 
 
 
 
 
 
 
 Company Overview 
 
 41 
 
 
 Business Strategy 
 
 41 
 
 
 Key Transactions 
 
 42 
 
 
 Key Performance Indicators, Trends and Uncertainties 
 
 4","underlying collateral. The valuation is compared to the outstanding balance to determine the reserve needed for each loan. We may base our valuation on the fair value of collateral, net of sales costs, if the repayment of the loan is expected to be provided solely by the collateral. 
 
 
 
 59 
 
 
",item7_block_heading,True,,,
0000766704-21-000018,25,23,11891,253682,374618," ITEM 7. Management’s Discussion and Analysis of Financial Condition and Results of Operations 
 
 
 
 
 
 
 
 
 
 EXECUTIVE SUMMARY 
 
 
 
 
 Company Overview 
 
 45 
 
 Business Strategy 
 
 46 
 
 Key Transactions 
 
 47 
 
 Key Performance Indicators, Trends and Uncertainties 
 
 48 
 
 Corporat"," a loan is on non-accrual status, any cash receipts are applied against the outstanding principal balance. For the remaining loans, we assess credit loss on a collective pool basis and use our historical loss experience for similar loans to determine the reserve for credit losses. 
 
 
 
 67 
 
 
 
",item7_block_heading,True,,,
0000766704-22-000013,26,24,12507,255115,381121," ITEM 7. Management’s Discussion and Analysis of Financial Condition and Results of Operations 
 
 
 
 
 
 
 
 
 
 EXECUTIVE SUMMARY 
 
 
 
 
 Company Overview 
 
 46 
 
 Business Strategy 
 
 47 
 
 Key Transactions 
 
 48 
 
 Key Performance Indicators, Trends and Uncertainties 
 
 48 
 
 Corporat","ssess credit loss on a collective pool basis and use our historical loss experience for similar loans to determine the reserve for credit losses. During the year ended December 31, 2021, we recognized provision for loan losses of $7,270,000 based on our historical loss experience. 
 
 
 
 69 
 
 
 
",item7_block_heading,True,,,
0000766704-23-000010,27,25,12797,279935,408370," ITEM 7. Management’s Discussion and Analysis of Financial Condition and Results of Operations 
 
 
 
 
 
 
 
 
 
 EXECUTIVE SUMMARY 
 
 
 
 
 Company Overview 
 
 51 
 
 Business Strategy 
 
 52 
 
 Key Transactions 
 
 53 
 
 Key Performance Indicators, Trends and Uncertainties 
 
 53 
 
 Corporat","erve for credit losses. 
 
 During the year ended December 31, 2022, we recognized provision for loan losses of $10,320,000, which includes a specific reserve for a Triple-net held to maturity debt security, offset by changes in the reserve based on our historical loss experience. 
 
 
 
 75 
 
 
 
",item7_block_heading,True,,,
0000766704-24-000008,26,24,12020,292707,412900," ITEM 7. Management’s Discussion and Analysis of Financial Condition and Results of Operations 
 
 
 
 
 
 
 
 
 
 EXECUTIVE SUMMARY 
 
 
 
 
 Company Overview 
 
 51 
 
 Business Strategy 
 
 51 
 
 Key Transactions 
 
 52 
 
 Key Performance Indicators, Trends and Uncertainties 
 
 53 
 
 Corporat","s and use our historical loss experience for similar loans to determine the reserve for credit losses. 
 
 During the year ended December 31, 2023, we recognized provision for loan losses of $9,809,000, which includes changes in the reserve based on our historical loss experience. 
 
 
 
 74 
 
 
 
",item7_block_heading,True,,,
0000766704-25-000009,28,26,12137,298624,419779," ITEM 7. Management’s Discussion and Analysis of Financial Condition and Results of Operations 
 
 
 
 
 
 
 
 
 
 EXECUTIVE SUMMARY 
 
 
 
 
 Company Overview 
 
 52 
 
 Business Strategy 
 
 52 
 
 Key Transactions 
 
 53 
 
 Key Performance Indicators, Trends and Uncertainties 
 
 54 
 
 Corporat","ective pool basis and use our historical loss experience for similar loans to determine the reserve for credit losses. 
 During the year ended December 31, 2024, we recognized provision for loan losses of $10,125,000, which includes changes in the reserve based on our historical loss experience. 
 
",item7_block_heading,True,,,
0000766704-26-000010,28,26,12454,309473,432802," ITEM 7. Management’s Discussion and Analysis of Financial Condition and Results of Operations 
 
 
 
 
 
 
 
 
 
 EXECUTIVE SUMMARY 
 
 
 
 
 Company Overview 
 
 54 
 
 Business Strategy 
 
 54 
 
 Key Transactions 
 
 55 
 
 Key Performance Indicators, Trends and Uncertainties 
 
 56 
 
 Corporat","ive pool basis and use our historical loss experience for similar loans to determine the reserve for credit losses. 
 During the year ended December 31, 2025, we recognized provision for loan losses of $(9,416,000), which includes changes in the reserve based on our historical loss experience. 
 
 
",item7_block_heading,True,,,
0000011544-17-000009,2,1,11828,150824,247090," ITEM 7. MANAGEMENT'S DISCUSSION AND ANALYSIS OF FINANCIAL CONDITION AND RESULTS OF OPERATIONS 
 
 
 Overview 
 W. R. Berkley Corporation is an insurance holding company that is among the largest commercial lines writers in the United States and operates worldwide in two business segments of the pro","ny, or that engages in leasing, hedging or research and development arrangements with the Company. The Company has no arrangements of these types that management believes may have a material current or future effect on our financial condition, liquidity or results of operations. 
 
 
 49 
 
 
 
 
 
",item7_block_heading,True,,,
0000011544-18-000012,2,1,12161,149943,248823," ITEM 7. MANAGEMENT'S DISCUSSION AND ANALYSIS OF FINANCIAL CONDITION AND RESULTS OF OPERATIONS 
 
 
 Overview 
 W. R. Berkley Corporation is an insurance holding company that is among the largest commercial lines writers in the United States and operates worldwide in two business segments of the pro","ny, or that engages in leasing, hedging or research and development arrangements with the Company. The Company has no arrangements of these types that management believes may have a material current or future effect on our financial condition, liquidity or results of operations. 
 
 
 52 
 
 
 
 
 
",item7_block_heading,True,,,
0000011544-19-000016,2,1,12061,152745,250767," ITEM 7. MANAGEMENT'S DISCUSSION AND ANALYSIS OF FINANCIAL CONDITION AND RESULTS OF OPERATIONS 
 
 
 Overview 
 W. R. Berkley Corporation is an insurance holding company that is among the largest commercial lines writers in the United States and operates worldwide in two business segments of the pro","ny, or that engages in leasing, hedging or research and development arrangements with the Company. The Company has no arrangements of these types that management believes may have a material current or future effect on our financial condition, liquidity or results of operations. 
 
 
 53 
 
 
 
 
 
",item7_block_heading,True,,,
0000011544-20-000016,2,1,12572,155019,256736," ITEM 7. MANAGEMENT'S DISCUSSION AND ANALYSIS OF FINANCIAL CONDITION AND RESULTS OF OPERATIONS 
 
 
 Overview 
 W. R. Berkley Corporation is an insurance holding company that is among the largest commercial lines writers in the United States and operates worldwide in two business segments of the pro","ny, or that engages in leasing, hedging or research and development arrangements with the Company. The Company has no arrangements of these types that management believes may have a material current or future effect on our financial condition, liquidity or results of operations. 
 
 
 56 
 
 
 
 
 
",item7_block_heading,True,,,
0000011544-21-000013,2,1,12286,162558,256788," ITEM 7. MANAGEMENT'S DISCUSSION AND ANALYSIS OF FINANCIAL CONDITION AND RESULTS OF OPERATIONS 
 
 
 Overview 
 W. R. Berkley Corporation is an insurance holding company that is among the largest commercial lines writers in the United States and operates worldwide in two business segments of the pro","pany, or that engages in leasing, hedging or research and development arrangements with the Company. The Company has no arrangements of these types that management believes may have a material current or future effect on our financial condition, liquidity or results of operations. 
 
 
 53 
 
 
 
 
",item7_block_heading,True,,,
0000011544-22-000007,2,1,12098,174992,267848," ITEM 7. MANAGEMENT'S DISCUSSION AND ANALYSIS OF FINANCIAL CONDITION AND RESULTS OF OPERATIONS 
 
 
 Overview 
 W. R. Berkley Corporation is an insurance holding company that is among the largest commercial lines writers in the United States and operates worldwide in two segments of the property and","pany, or that engages in leasing, hedging or research and development arrangements with the Company. The Company has no arrangements of these types that management believes may have a material current or future effect on our financial condition, liquidity or results of operations. 
 
 
 59 
 
 
 
 
",item7_block_heading,True,,,
0000011544-23-000004,2,1,12253,173744,267579," ITEM 7. MANAGEMENT'S DISCUSSION AND ANALYSIS OF FINANCIAL CONDITION AND RESULTS OF OPERATIONS 
 
 
 Overview 
 W. R. Berkley Corporation is an insurance holding company that is among the largest commercial lines writers in the United States and operates worldwide in two segments of the property and","pany, or that engages in leasing, hedging or research and development arrangements with the Company. The Company has no arrangements of these types that management believes may have a material current or future effect on our financial condition, liquidity or results of operations. 
 
 
 59 
 
 
 
 
",item7_block_heading,True,,,
0000011544-24-000005,2,1,11873,181619,272701," ITEM 7. MANAGEMENT'S DISCUSSION AND ANALYSIS OF FINANCIAL CONDITION AND RESULTS OF OPERATIONS 
 
 
 Overview 
 W. R. Berkley Corporation is an insurance holding company that is among the largest commercial lines writers in the United States and operates worldwide in two segments of the property and","pany, or that engages in leasing, hedging or research and development arrangements with the Company. The Company has no arrangements of these types that management believes may have a material current or future effect on our financial condition, liquidity or results of operations. 
 
 
 61 
 
 
 
 
",item7_block_heading,True,,,
0000011544-25-000005,2,1,11551,179989,268230," ITEM 7. MANAGEMENT'S DISCUSSION AND ANALYSIS OF FINANCIAL CONDITION AND RESULTS OF OPERATIONS 
 
 
 Overview 
 W. R. Berkley Corporation is an insurance holding company that is among the largest commercial lines writers in the United States and operates worldwide in two segments of the property and","pany, or that engages in leasing, hedging or research and development arrangements with the Company. The Company has no arrangements of these types that management believes may have a material current or future effect on our financial condition, liquidity or results of operations. 
 
 
 60 
 
 
 
 
",item7_block_heading,True,,,
0000011544-26-000005,2,1,11109,189970,275092," ITEM 7. MANAGEMENT'S DISCUSSION AND ANALYSIS OF FINANCIAL CONDITION AND RESULTS OF OPERATIONS 
 
 
 Overview 
 W. R. Berkley Corporation is an insurance holding company that is among the largest commercial lines writers in the United States and operates worldwide in two segments of the property and","pany, or that engages in leasing, hedging or research and development arrangements with the Company. The Company has no arrangements of these types that management believes may have a material current or future effect on our financial condition, liquidity or results of operations. 
 
 
 64 
 
 
 
 
",item7_block_heading,True,,,
0001193125-17-104341,2,1,4833,113258,153792," ITEM 7. 
 
 MANAGEMENT'S DISCUSSION AND ANALYSIS OF FINANCIAL CONDITION AND RESULTS OF OPERATIONS 
 The
following discussion and analysis of our financial condition, results of operations, and liquidity and capital resources for the 52 weeks ended January 29, 2017 (fiscal 2016), the 52 weeks ende","inary income is individually computed and recognized when the items occur. Our effective tax rate in a given financial statement period may be materially impacted by changes in the
mix and level of our earnings in various taxing jurisdictions. 
 
 
 35 

 


 
 
 
 Table of Contents 


 
 

 
 
 
 
",item7_block_heading,True,,,
0001193125-18-102232,2,1,5483,114187,159446," ITEM 7. 
 
 MANAGEMENT'S DISCUSSION AND ANALYSIS OF FINANCIAL CONDITION AND RESULTS OF OPERATIONS 
 The
following discussion and analysis of our financial condition, results of operations, and liquidity and capital resources for the 52 weeks ended January 28, 2018 (fiscal 2017), the 52 weeks ende","nges in tax law. The Tax Act was enacted on December 22, 2017, and significantly changed U.S. tax law. Our effective tax rate for fiscal 2017 reflects the provisional impact of the Tax Act (see Note D to our
Consolidated Financial Statements). 
 
 
 36 

 


 
 
 
 Table of Contents 


 
 

 
 
 
 
",item7_block_heading,True,,,
0001193125-19-097973,2,1,6207,118613,168692," ITEM 7. 
 
 
 MANAGEMENT'S DISCUSSION AND ANALYSIS OF FINANCIAL CONDITION AND RESULTS OF OPERATIONS
 
 The following discussion and analysis of our financial condition, results of operations, and liquidity and capital resources for the
53 weeks ended February 3, 2019 (fiscal 2018), the 52 weeks e","dually computed and recognized when the items occur. Our effective tax rate in a given financial statement period may be materially impacted by changes in the mix and level of our earnings in
various taxing jurisdictions or changes in tax law. 
 
 
 38 

 


 
 
 
 Table of Contents 


 
 

 
 
 
 
",item7_block_heading,True,,,
0001193125-20-088937,2,1,5672,133014,177853," ITEM 7. 
 
 
 MANAGEMENT’S DISCUSSION AND ANALYSIS OF FINANCIAL CONDITION AND RESULTS OF OPERATIONS 
 
 
 
 
 
 
 The following discussion and analysis of our financial condition, results of operations, and liquidity and capital resources for the 52 weeks ended February 2, 2020 (“fiscal 2019”), and"," computed and recognized when the items occur. Our effective tax rate in a given financial statement period may be materially impacted by changes in the mix and level of our earnings in various taxing jurisdictions or changes in tax law. 
 
 
 
 
 39 
 
 
 
 
 
 
 
 Table of Contents 
 
 
 
 
 
 
 
",item7_block_heading,True,,,
0001193125-21-100319,2,1,5764,151148,195559," ITEM 7. 
 
 
 
 
 MANAGEMENT’S DISCUSSION AND ANALYSIS OF FINANCIAL CONDITION AND RESULTS OF OPERATIONS 
 
 
 The following discussion and analysis of our financial condition, results of operations, and liquidity and capital resources for the 52 weeks ended January 31, 2021 (“fiscal 2020”), and the","individually computed and recognized when the items occur. Our effective tax rate in a given financial statement period may be materially impacted by changes in the mix and level of our earnings in various taxing jurisdictions or changes in tax law. 
 
 
 
 44 
 
 Table of Contents 
 
 
 
 
 
 
 
 
",item7_block_heading,True,,,
0001628280-22-007494,2,1,5012,140766,177109," ITEM 7. MANAGEMENT’S DISCUSSION AND ANALYSIS OF FINANCIAL CONDITION AND RESULTS OF OPERATIONS 
 The following discussion and analysis of our financial condition, results of operations, and liquidity and capital resources for the 52 weeks ended January 30, 2022 (“fiscal 2021”), and the 52 weeks ende","e in a given financial statement period may be materially impacted by changes in the mix and level of our earnings in various taxing jurisdictions or changes in tax law. Our effective tax rates for fiscal 2021 and fiscal 2020 were 22.4% and 23.9%, respectively. 
 
 
 
 
 34 
 
 
 Table of Contents 
",item7_block_heading,True,,,
0001628280-23-009175,2,1,5130,145047,181903," ITEM 7. MANAGEMENT’S DISCUSSION AND ANALYSIS OF FINANCIAL CONDITION AND RESULTS OF OPERATIONS 
 The following discussion and analysis of our financial condition, results of operations, and liquidity and capital resources for the 52 weeks ended January 29, 2023 (“fiscal 2022”), and the 52 weeks ende","e in a given financial statement period may be materially impacted by changes in the mix and level of our earnings in various taxing jurisdictions or changes in tax law. Our effective tax rates for fiscal 2022 and fiscal 2021 were 24.8% and 22.4%, respectively. 
 
 
 
 
 35 
 
 
 Table of Contents 
",item7_block_heading,True,,,
0001628280-24-012221,2,1,5475,148991,188606," ITEM 7. MANAGEMENT’S DISCUSSION AND ANALYSIS OF FINANCIAL CONDITION AND RESULTS OF OPERATIONS 
 The following discussion and analysis of our financial condition, results of operations, and liquidity and capital resources for the 52 weeks ended January 28, 2024 (“fiscal 2023”), and the 52 weeks ende","e in a given financial statement period may be materially impacted by changes in the mix and level of our earnings in various taxing jurisdictions or changes in tax law. Our effective tax rates for fiscal 2023 and fiscal 2022 were 25.4% and 24.8%, respectively. 
 
 
 
 
 43 
 
 
 Table of Contents 
",item7_block_heading,True,,,
0001628280-25-015037,2,1,5183,146756,184315," ITEM 7. MANAGEMENT’S DISCUSSION AND ANALYSIS OF FINANCIAL CONDITION AND RESULTS OF OPERATIONS 
 The following discussion and analysis of our financial condition, results of operations, and liquidity and capital resources for the 53 weeks ended February 2, 2025 (“fiscal 2024”), and the 52 weeks ende","ate in a given financial statement period may be materially impacted by changes in the mix and level of our earnings in various taxing jurisdictions or changes in tax law. Our effective tax rates for fiscal 2024 and fiscal 2023 were 24.3% and 25.4%, respectively. 
 
 
 
 44 
 
 
 Table of Contents 
",item7_block_heading,True,,,
0000719955-26-000059,2,1,4850,145225,180692," ITEM 7. MANAGEMENT’S DISCUSSION AND ANALYSIS OF FINANCIAL CONDITION AND RESULTS OF OPERATIONS 
 The following discussion and analysis of our financial condition, results of operations, and liquidity and capital resources for the 52 weeks ended February 1, 2026 (“fiscal 2025”), and the 53 weeks ende","ate in a given financial statement period may be materially impacted by changes in the mix and level of our earnings in various taxing jurisdictions or changes in tax law. Our effective tax rates for fiscal 2025 and fiscal 2024 were 25.1% and 24.3%, respectively. 
 
 
 
 42 
 
 
 Table of Contents 
",item7_block_heading,True,,,
0000105770-17-000011,2,1,6438,77576,131275," ITEM 7. MANAGEMENT’S DISCUSSION AND ANALYSIS OF FINANCIAL CONDITION AND RESULTS OF OPERATIONS 
 
 OVERVIEW 
 
 The following discussion is intended to further the reader's understanding of the consolidated financial condition and results of operations of our Company. It should be read in conjunctio","
 
 
 
 36 
 
 
 
 See Note 1, Summary of Significant Accounting Policies and Note 2, New Accounting Standards , to our consolidated financial statements for additional information on accounting and reporting standards considered in the preparation and presentation of our financial statements. 
 
 
",item7_block_heading,True,,,
0000105770-18-000006,2,1,6116,77411,128781," ITEM 7. MANAGEMENT’S DISCUSSION AND ANALYSIS OF FINANCIAL CONDITION AND RESULTS OF OPERATIONS 
 
 OVERVIEW 
 
 The following discussion is intended to further the reader's understanding of the consolidated financial condition and results of operations of our Company. It should be read in conjunctio"," See Note 1, Summary of Significant Accounting Policies and Note 2, New Accounting Standards , to our consolidated financial statements for additional information on our significant accounting policies, recently adopted accounting standards, and accounting standards issued but not yet adopted. 
 
 
",item7_block_heading,True,,,
0000105770-19-000012,2,1,6893,79368,136185," ITEM 7. MANAGEMENT’S DISCUSSION AND ANALYSIS OF FINANCIAL CONDITION AND RESULTS OF OPERATIONS 
 
 OVERVIEW 
 
 The following discussion is intended to further the reader’s understanding of the consolidated financial condition and results of operations of our Company. It should be read in conjunctio","mmary of Significant Accounting Policies and Note 2, New Accounting Standards , to our consolidated financial statements for additional information on our significant accounting policies, recently adopted accounting standards, and accounting standards issued but not yet adopted. 
 
 
 
 36 
 
 
 
 
",item7_block_heading,True,,,
0000105770-20-000015,2,1,6811,79063,133734," ITEM 7. MANAGEMENT’S DISCUSSION AND ANALYSIS OF FINANCIAL CONDITION AND RESULTS OF OPERATIONS 
 
 OVERVIEW 
 
 The following discussion is intended to further the reader’s understanding of the consolidated financial condition and results of operations of our Company. It should be read in conjunctio","r to Note 1, Summary of Significant Accounting Policies and Note 2, New Accounting Standards , to our consolidated financial statements for additional information on our significant accounting policies, recently adopted accounting standards, and accounting standards issued but not yet adopted. 
 
 
",item7_block_heading,True,,,
0000105770-21-000008,2,1,6623,83476,138186," ITEM 7. MANAGEMENT’S DISCUSSION AND ANALYSIS OF FINANCIAL CONDITION AND RESULTS OF OPERATIONS 
 
 OVERVIEW 
 
 The following discussion is intended to further the reader’s understanding of the consolidated financial condition and results of operations of our Company. It should be read in conjunctio","entation and Summary of Significant Accounting Policies and Note 2, New Accounting Standards , to our consolidated financial statements for additional information on our significant accounting policies, recently adopted accounting standards, and accounting standards issued but not yet adopted. 
 
 
",item7_block_heading,True,,,
0001628280-22-003342,2,1,6425,91039,144435," ITEM 7. MANAGEMENT’S DISCUSSION AND ANALYSIS OF FINANCIAL CONDITION AND RESULTS OF OPERATIONS 
 
 OVERVIEW 
 
 The following discussion is intended to further the reader’s understanding of the consolidated financial condition and results of operations of our Company. It should be read in conjunctio","er to Note 1, Basis of Presentation and Summary of Significant Accounting Policies and Note 2, New Accounting Standards , to our consolidated financial statements for additional information on our significant accounting policies and accounting standards issued but not yet adopted. 
 
 
 
 43 
 
 
 
",item7_block_heading,True,,,
0000105770-23-000012,2,1,5768,97605,145400," ITEM 7. MANAGEMENT’S DISCUSSION AND ANALYSIS OF FINANCIAL CONDITION AND RESULTS OF OPERATIONS 
 
 OVERVIEW 
 
 The following discussion is intended to further the reader’s understanding of the consolidated financial condition and results of operations of the Company. It should be read in conjunctio","asurement of a tax position taken or expected to be taken in a tax return. 
 
 Please refer to Note 1, Basis of Presentation and Summary of Significant Accounting Policies to our consolidated financial statements for additional information on our significant accounting policies. 
 
 
 
 40 
 
 
 
 
",item7_block_heading,True,,,
0000105770-24-000015,2,1,5528,101591,147877," ITEM 7. MANAGEMENT’S DISCUSSION AND ANALYSIS OF FINANCIAL CONDITION AND RESULTS OF OPERATIONS 
 
 OVERVIEW 
 
 The following discussion is intended to further the reader’s understanding of the consolidated financial condition and results of operations of the Company. It should be read in conjunctio","measurement of a tax position taken or expected to be taken in a tax return. 
 
 Please refer to Note 1, Basis of Presentation and Summary of Significant Accounting Policies to our consolidated financial statements for additional information on our significant accounting policies. 
 
 
 
 41 
 
 
 
",item7_block_heading,True,,,
0000105770-25-000013,2,1,5100,98330,141221," ITEM 7. MANAGEMENT’S DISCUSSION AND ANALYSIS OF FINANCIAL CONDITION AND RESULTS OF OPERATIONS 
 
 OVERVIEW 
 
 The following discussion is intended to further the reader’s understanding of the consolidated financial condition and results of operations of the Company. It should be read in conjunctio","measurement of a tax position taken or expected to be taken in a tax return. 
 
 Please refer to Note 1, Basis of Presentation and Summary of Significant Accounting Policies to our consolidated financial statements for additional information on our significant accounting policies. 
 
 
 
 41 
 
 
 
",item7_block_heading,True,,,
0000105770-26-000010,2,1,5129,101697,144677," ITEM 7. MANAGEMENT’S DISCUSSION AND ANALYSIS OF FINANCIAL CONDITION AND RESULTS OF OPERATIONS 
 OVERVIEW 
 The following discussion is intended to further the reader’s understanding of the consolidated financial condition and results of operations of the Company. It should be read in conjunction wi","and measurement of a tax position taken or expected to be taken in a tax return. 
 Please refer to Note 1, Basis of Presentation and Summary of Significant Accounting Policies to our consolidated financial statements for additional information on our significant accounting policies. 
 
 
 39 
 
 
 
",item7_block_heading,True,,,
0001524472-17-000008,1,1,11087,102199,193156," ITEM 7. MANAGEMENT’S DISCUSSION AND ANALYSIS OF FINANCIAL CONDITION AND RESULTS OF OPERATIONS 
 The following discussion should be read in conjunction with our consolidated financial statements and the notes thereto. This discussion summarizes the significant factors affecting our results of operat","that a 5% change in asset values will impact funded status by approximately $26 million. 
 New Accounting Pronouncements 
 See Note 2, “Recently Issued Accounting Pronouncements,” of the consolidated financial statements for a complete discussion of recent accounting pronouncements. 
 
 
 
 46 
 
 
",item7_block_heading,True,,,
0001524472-18-000006,1,1,12780,106895,213277," ITEM 7. MANAGEMENT’S DISCUSSION AND ANALYSIS OF FINANCIAL CONDITION AND RESULTS OF OPERATIONS 
 The following discussion should be read in conjunction with our consolidated financial statements and the notes thereto. This discussion summarizes the significant factors affecting our results of operat","that a 5% change in asset values will impact funded status by approximately $29 million. 
 New Accounting Pronouncements 
 See Note 2, “Recently Issued Accounting Pronouncements,” of the consolidated financial statements for a complete discussion of recent accounting pronouncements. 
 
 
 
 52 
 
 
",item7_block_heading,True,,,
0001524472-19-000009,1,1,13784,111963,227996," ITEM 7. MANAGEMENT’S DISCUSSION AND ANALYSIS OF FINANCIAL CONDITION AND RESULTS OF OPERATIONS 
 The following discussion should be read in conjunction with our consolidated financial statements and the notes thereto. This discussion summarizes the significant factors affecting our results of operat","that a 5% change in asset values will impact funded status by approximately $26 million. 
 New Accounting Pronouncements 
 See Note 2, “Recently Issued Accounting Pronouncements,” of the consolidated financial statements for a complete discussion of recent accounting pronouncements. 
 
 
 
 54 
 
 
",item7_block_heading,True,,,
0001524472-20-000006,1,1,10499,114609,199485," ITEM 7. MANAGEMENT’S DISCUSSION AND ANALYSIS OF FINANCIAL CONDITION AND RESULTS OF OPERATIONS 
 The following discussion should be read in conjunction with our consolidated financial statements and the notes thereto. This discussion summarizes the significant factors affecting our results of operat","that a 5% change in asset values will impact funded status by approximately $28 million. 
 New Accounting Pronouncements 
 See Note 2, “Recently Issued Accounting Pronouncements,” of the consolidated financial statements for a complete discussion of recent accounting pronouncements. 
 
 
 
 47 
 
 
",item7_block_heading,True,,,
0001524472-21-000008,1,1,11834,125887,216756," ITEM 7. MANAGEMENT’S DISCUSSION AND ANALYSIS OF FINANCIAL CONDITION AND RESULTS OF OPERATIONS 
 The following discussion should be read in conjunction with our consolidated financial statements and the notes thereto. This discussion summarizes the significant factors affecting our results of operat"," a 5% change in asset values will impact funded status by approximately $32 million. 
 New Accounting Pronouncements 
 See Note 2, “Recently Issued Accounting Pronouncements,” of the consolidated financial statements for a complete discussion of recent accounting pronouncements. 
 
 
 
 51 
 
 
 
 
",item7_block_heading,True,,,
0001524472-22-000009,1,1,11028,141961,227916," ITEM 7. MANAGEMENT’S DISCUSSION AND ANALYSIS OF FINANCIAL CONDITION AND RESULTS OF OPERATIONS 
 The following discussion should be read in conjunction with our consolidated financial statements and the notes thereto. This discussion summarizes the significant factors affecting our results of operat","a 5% change in asset values will impact funded status by approximately $31 million. 
 New Accounting Pronouncements 
 See Note 2 , “Recently Issued Accounting Pronouncements,” of the consolidated financial statements for a complete discussion of recent accounting pronouncements. 
 
 
 
 54 
 
 
 
 
",item7_block_heading,True,,,
0001524472-23-000009,1,1,10495,148375,231896," ITEM 7. MANAGEMENT’S DISCUSSION AND ANALYSIS OF FINANCIAL CONDITION AND RESULTS OF OPERATIONS 
 The following discussion should be read in conjunction with our consolidated financial statements and the notes thereto. This discussion summarizes the significant factors affecting our results of operat","a 5% change in asset values will impact funded status by approximately $10 million. 
 New Accounting Pronouncements 
 See Note 2 , “Recently Issued Accounting Pronouncements,” of the consolidated financial statements for a complete discussion of recent accounting pronouncements. 
 
 
 
 58 
 
 
 
 
",item7_block_heading,True,,,
0001524472-24-000006,1,1,10111,168488,251417," ITEM 7. MANAGEMENT’S DISCUSSION AND ANALYSIS OF FINANCIAL CONDITION AND RESULTS OF OPERATIONS 
 The following discussion should be read in conjunction with our consolidated financial statements and the notes thereto. This discussion summarizes the significant factors affecting our results of operat","form provides critical solutions in our largest end markets. Our 2024 commitments are supported by robust backlog, resilient end markets, and recurring service revenue to support growth. Beyond 2024, we remain on track to deliver our longer-term strategic and financial milestones. 
 
 
 59 
 
 
 
 
",item7_block_heading,True,,,
0001524472-25-000013,1,1,12519,159492,267154," ITEM 7. MANAGEMENT’S DISCUSSION AND ANALYSIS OF FINANCIAL CONDITION AND RESULTS OF OPERATIONS 
 The following discussion should be read in conjunction with our consolidated financial statements and the notes thereto. This discussion summarizes the significant factors affecting our results of operat","usinesses and functions. Inclusive of these actions, we expect to incur between $90 million and $110 million in restructuring and realignment charges in 2025. Associated with these actions we expect to realize between $75 million and $95 million in incremental savings during 2025. 
 
 
 65 
 
 
 
 
",item7_block_heading,True,,,
0001524472-26-000012,1,1,9599,140869,219470," ITEM 7. MANAGEMENT’S DISCUSSION AND ANALYSIS OF FINANCIAL CONDITION AND RESULTS OF OPERATIONS 
 The following discussion should be read in conjunction with our consolidated financial statements and the notes thereto. This discussion summarizes the significant factors affecting our results of operat","range of 2% to 4%. Our outlook reflects our current visibility and expectations based on the current market environment and other factors. Our ability to meet our expectations is subject to a number of risks, including, but not limited to, those described in ""ITEM 1A. Risk Factors."" 
 
 
 52 
 
 
 
",item7_block_heading,True,,,
