ticker,cik,company_name,issuer_lineage,fiscal_year,report_date,filing_date,accession,acceptance,source_url,fiscal_year_source,mda_source_url
AAPL,320193,Apple Inc.,current,2016,2016-09-24,2016-10-26,0001628280-16-020309,2016-10-26T20:42:16.000Z,https://www.sec.gov/Archives/edgar/data/320193/000162828016020309/a201610-k9242016.htm,cover_fiscal_year_ended,
AAPL,320193,Apple Inc.,current,2017,2017-09-30,2017-11-03,0000320193-17-000070,2017-11-03T12:01:37.000Z,https://www.sec.gov/Archives/edgar/data/320193/000032019317000070/a10-k20179302017.htm,cover_fiscal_year_ended,
AAPL,320193,Apple Inc.,current,2018,2018-09-29,2018-11-05,0000320193-18-000145,2018-11-05T13:01:40.000Z,https://www.sec.gov/Archives/edgar/data/320193/000032019318000145/a10-k20189292018.htm,cover_fiscal_year_ended,
AAPL,320193,Apple Inc.,current,2019,2019-09-28,2019-10-31,0000320193-19-000119,2019-10-30T22:12:36.000Z,https://www.sec.gov/Archives/edgar/data/320193/000032019319000119/a10-k20199282019.htm,dei:DocumentFiscalYearFocus,
AAPL,320193,Apple Inc.,current,2020,2020-09-26,2020-10-30,0000320193-20-000096,2020-10-29T22:06:25.000Z,https://www.sec.gov/Archives/edgar/data/320193/000032019320000096/aapl-20200926.htm,dei:DocumentFiscalYearFocus,
AAPL,320193,Apple Inc.,current,2021,2021-09-25,2021-10-29,0000320193-21-000105,2021-10-28T22:04:28.000Z,https://www.sec.gov/Archives/edgar/data/320193/000032019321000105/aapl-20210925.htm,dei:DocumentFiscalYearFocus,
AAPL,320193,Apple Inc.,current,2022,2022-09-24,2022-10-28,0000320193-22-000108,2022-10-27T22:01:14.000Z,https://www.sec.gov/Archives/edgar/data/320193/000032019322000108/aapl-20220924.htm,dei:DocumentFiscalYearFocus,
AAPL,320193,Apple Inc.,current,2023,2023-09-30,2023-11-03,0000320193-23-000106,2023-11-02T22:08:27.000Z,https://www.sec.gov/Archives/edgar/data/320193/000032019323000106/aapl-20230930.htm,dei:DocumentFiscalYearFocus,
AAPL,320193,Apple Inc.,current,2024,2024-09-28,2024-11-01,0000320193-24-000123,2024-11-01T10:01:36.000Z,https://www.sec.gov/Archives/edgar/data/320193/000032019324000123/aapl-20240928.htm,dei:DocumentFiscalYearFocus,
AAPL,320193,Apple Inc.,current,2025,2025-09-27,2025-10-31,0000320193-25-000079,2025-10-31T10:01:26.000Z,https://www.sec.gov/Archives/edgar/data/320193/000032019325000079/aapl-20250927.htm,dei:DocumentFiscalYearFocus,
ABBV,1551152,AbbVie Inc.,current,2016,2016-12-31,2017-02-17,0001551152-17-000004,2017-02-17T17:19:05.000Z,https://www.sec.gov/Archives/edgar/data/1551152/000155115217000004/abbv-12312016x10k.htm,cover_fiscal_year_ended,
ABBV,1551152,AbbVie Inc.,current,2017,2017-12-31,2018-02-16,0001551152-18-000014,2018-02-16T17:40:01.000Z,https://www.sec.gov/Archives/edgar/data/1551152/000155115218000014/abbv-20171231x10k.htm,cover_fiscal_year_ended,
ABBV,1551152,AbbVie Inc.,current,2018,2018-12-31,2019-02-27,0001551152-19-000008,2019-02-27T21:45:37.000Z,https://www.sec.gov/Archives/edgar/data/1551152/000155115219000008/abbv-20181231x10k.htm,cover_fiscal_year_ended,
ABBV,1551152,AbbVie Inc.,current,2019,2019-12-31,2020-02-21,0001551152-20-000007,2020-02-21T15:51:26.000Z,https://www.sec.gov/Archives/edgar/data/1551152/000155115220000007/abbv-20191231x10k.htm,dei:DocumentFiscalYearFocus,
ABBV,1551152,AbbVie Inc.,current,2020,2020-12-31,2021-02-19,0001551152-21-000008,2021-02-19T19:05:43.000Z,https://www.sec.gov/Archives/edgar/data/1551152/000155115221000008/abbv-20201231.htm,dei:DocumentFiscalYearFocus,
ABBV,1551152,AbbVie Inc.,current,2021,2021-12-31,2022-02-18,0001551152-22-000007,2022-02-18T17:41:31.000Z,https://www.sec.gov/Archives/edgar/data/1551152/000155115222000007/abbv-20211231.htm,dei:DocumentFiscalYearFocus,
ABBV,1551152,AbbVie Inc.,current,2022,2022-12-31,2023-02-17,0001551152-23-000011,2023-02-17T17:54:29.000Z,https://www.sec.gov/Archives/edgar/data/1551152/000155115223000011/abbv-20221231.htm,dei:DocumentFiscalYearFocus,
ABBV,1551152,AbbVie Inc.,current,2023,2023-12-31,2024-02-20,0001551152-24-000011,2024-02-20T17:45:17.000Z,https://www.sec.gov/Archives/edgar/data/1551152/000155115224000011/abbv-20231231.htm,dei:DocumentFiscalYearFocus,
ABBV,1551152,AbbVie Inc.,current,2024,2024-12-31,2025-02-14,0001551152-25-000020,2025-02-14T18:17:23.000Z,https://www.sec.gov/Archives/edgar/data/1551152/000155115225000020/abbv-20241231.htm,dei:DocumentFiscalYearFocus,
ABBV,1551152,AbbVie Inc.,current,2025,2025-12-31,2026-02-20,0001551152-26-000008,2026-02-20T19:38:42.000Z,https://www.sec.gov/Archives/edgar/data/1551152/000155115226000008/abbv-20251231.htm,dei:DocumentFiscalYearFocus,
ABT,1800,ABBOTT LABORATORIES,current,2016,2016-12-31,2017-02-17,0001047469-17-000744,2017-02-17T21:17:24.000Z,https://www.sec.gov/Archives/edgar/data/1800/000104746917000744/a2230875z10-k.htm,cover_fiscal_year_ended,
ABT,1800,ABBOTT LABORATORIES,current,2017,2017-12-31,2018-02-16,0001047469-18-000856,2018-02-16T21:04:37.000Z,https://www.sec.gov/Archives/edgar/data/1800/000104746918000856/a2234264z10-k.htm,cover_fiscal_year_ended,
ABT,1800,ABBOTT LABORATORIES,current,2018,2018-12-31,2019-02-22,0001047469-19-000624,2019-02-22T21:13:21.000Z,https://www.sec.gov/Archives/edgar/data/1800/000104746919000624/a2237733z10-k.htm,cover_fiscal_year_ended,
ABT,1800,ABBOTT LABORATORIES,current,2019,2019-12-31,2020-02-21,0001104659-20-023904,2020-02-21T21:28:23.000Z,https://www.sec.gov/Archives/edgar/data/1800/000110465920023904/abt-20191231x10k59d41b.htm,dei:DocumentFiscalYearFocus,
ABT,1800,ABBOTT LABORATORIES,current,2020,2020-12-31,2021-02-19,0001104659-21-025751,2021-02-19T21:10:04.000Z,https://www.sec.gov/Archives/edgar/data/1800/000110465921025751/abt-20201231x10k.htm,dei:DocumentFiscalYearFocus,
ABT,1800,ABBOTT LABORATORIES,current,2021,2021-12-31,2022-02-18,0001104659-22-025141,2022-02-18T21:02:57.000Z,https://www.sec.gov/Archives/edgar/data/1800/000110465922025141/abt-20211231x10k.htm,dei:DocumentFiscalYearFocus,
ABT,1800,ABBOTT LABORATORIES,current,2022,2022-12-31,2023-02-17,0001628280-23-004026,2023-02-17T21:09:44.000Z,https://www.sec.gov/Archives/edgar/data/1800/000162828023004026/abt-20221231.htm,dei:DocumentFiscalYearFocus,
ABT,1800,ABBOTT LABORATORIES,current,2023,2023-12-31,2024-02-16,0001628280-24-005348,2024-02-16T21:15:58.000Z,https://www.sec.gov/Archives/edgar/data/1800/000162828024005348/abt-20231231.htm,dei:DocumentFiscalYearFocus,
ABT,1800,ABBOTT LABORATORIES,current,2024,2024-12-31,2025-02-21,0001628280-25-007110,2025-02-21T21:07:20.000Z,https://www.sec.gov/Archives/edgar/data/1800/000162828025007110/abt-20241231.htm,dei:DocumentFiscalYearFocus,
ABT,1800,ABBOTT LABORATORIES,current,2025,2025-12-31,2026-02-20,0001628280-26-010185,2026-02-20T21:05:29.000Z,https://www.sec.gov/Archives/edgar/data/1800/000162828026010185/abt-20251231.htm,dei:DocumentFiscalYearFocus,
ADBE,796343,ADOBE INC.,current,2016,2016-12-02,2017-01-20,0000796343-17-000031,2017-01-20T21:14:43.000Z,https://www.sec.gov/Archives/edgar/data/796343/000079634317000031/adbe10kfy16.htm,cover_fiscal_year_ended,
ADBE,796343,ADOBE INC.,current,2017,2017-12-01,2018-01-22,0000796343-18-000015,2018-01-22T21:07:26.000Z,https://www.sec.gov/Archives/edgar/data/796343/000079634318000015/adbe10kfy17.htm,cover_fiscal_year_ended,
ADBE,796343,ADOBE INC.,current,2018,2018-11-30,2019-01-25,0000796343-19-000019,2019-01-25T11:24:29.000Z,https://www.sec.gov/Archives/edgar/data/796343/000079634319000019/adbe10kfy18.htm,cover_fiscal_year_ended,
ADBE,796343,ADOBE INC.,current,2019,2019-11-29,2020-01-21,0000796343-20-000013,2020-01-21T11:06:41.000Z,https://www.sec.gov/Archives/edgar/data/796343/000079634320000013/adbe10kfy19.htm,dei:DocumentFiscalYearFocus,
ADBE,796343,ADOBE INC.,current,2020,2020-11-27,2021-01-15,0000796343-21-000004,2021-01-15T21:03:42.000Z,https://www.sec.gov/Archives/edgar/data/796343/000079634321000004/adbe-20201127.htm,dei:DocumentFiscalYearFocus,
ADBE,796343,ADOBE INC.,current,2021,2021-12-03,2022-01-21,0000796343-22-000032,2022-01-21T21:03:34.000Z,https://www.sec.gov/Archives/edgar/data/796343/000079634322000032/adbe-20211203.htm,dei:DocumentFiscalYearFocus,
ADBE,796343,ADOBE INC.,current,2022,2022-12-02,2023-01-17,0000796343-23-000007,2023-01-17T21:34:00.000Z,https://www.sec.gov/Archives/edgar/data/796343/000079634323000007/adbe-20221202.htm,dei:DocumentFiscalYearFocus,
ADBE,796343,ADOBE INC.,current,2023,2023-12-01,2024-01-17,0000796343-24-000006,2024-01-17T01:01:55.000Z,https://www.sec.gov/Archives/edgar/data/796343/000079634324000006/adbe-20231201.htm,dei:DocumentFiscalYearFocus,
ADBE,796343,ADOBE INC.,current,2024,2024-11-29,2025-01-13,0000796343-25-000004,2025-01-13T21:02:17.000Z,https://www.sec.gov/Archives/edgar/data/796343/000079634325000004/adbe-20241129.htm,dei:DocumentFiscalYearFocus,
ADBE,796343,ADOBE INC.,current,2025,2025-11-28,2026-01-15,0000796343-26-000003,2026-01-15T22:01:55.000Z,https://www.sec.gov/Archives/edgar/data/796343/000079634326000003/adbe-20251128.htm,dei:DocumentFiscalYearFocus,
AMD,2488,ADVANCED MICRO DEVICES INC,current,2016,2016-12-31,2017-02-21,0000002488-17-000043,2017-02-21T21:52:14.000Z,https://www.sec.gov/Archives/edgar/data/2488/000000248817000043/amd-12312016x10k.htm,cover_fiscal_year_ended,
AMD,2488,ADVANCED MICRO DEVICES INC,current,2017,2017-12-30,2018-02-27,0000002488-18-000042,2018-02-27T21:18:58.000Z,https://www.sec.gov/Archives/edgar/data/2488/000000248818000042/amd-12302017x10k.htm,cover_fiscal_year_ended,
AMD,2488,ADVANCED MICRO DEVICES INC,current,2018,2018-12-29,2019-02-08,0000002488-19-000011,2019-02-08T21:44:26.000Z,https://www.sec.gov/Archives/edgar/data/2488/000000248819000011/amd-12292018x10k.htm,cover_fiscal_year_ended,
AMD,2488,ADVANCED MICRO DEVICES INC,current,2019,2019-12-28,2020-02-04,0000002488-20-000008,2020-02-04T22:21:47.000Z,https://www.sec.gov/Archives/edgar/data/2488/000000248820000008/amdform10-kfy2019.htm,dei:DocumentFiscalYearFocus,
AMD,2488,ADVANCED MICRO DEVICES INC,current,2020,2020-12-26,2021-01-29,0001628280-21-001185,2021-01-29T22:24:00.000Z,https://www.sec.gov/Archives/edgar/data/2488/000162828021001185/amd-20201226.htm,dei:DocumentFiscalYearFocus,
AMD,2488,ADVANCED MICRO DEVICES INC,current,2021,2021-12-25,2022-02-03,0000002488-22-000016,2022-02-03T22:22:50.000Z,https://www.sec.gov/Archives/edgar/data/2488/000000248822000016/amd-20211225.htm,dei:DocumentFiscalYearFocus,
AMD,2488,ADVANCED MICRO DEVICES INC,current,2022,2022-12-31,2023-02-27,0000002488-23-000047,2023-02-27T21:20:39.000Z,https://www.sec.gov/Archives/edgar/data/2488/000000248823000047/amd-20221231.htm,dei:DocumentFiscalYearFocus,
AMD,2488,ADVANCED MICRO DEVICES INC,current,2023,2023-12-30,2024-01-31,0000002488-24-000012,2024-01-31T22:16:39.000Z,https://www.sec.gov/Archives/edgar/data/2488/000000248824000012/amd-20231230.htm,dei:DocumentFiscalYearFocus,
AMD,2488,ADVANCED MICRO DEVICES INC,current,2024,2024-12-28,2025-02-05,0000002488-25-000012,2025-02-05T21:42:57.000Z,https://www.sec.gov/Archives/edgar/data/2488/000000248825000012/amd-20241228.htm,dei:DocumentFiscalYearFocus,
AMD,2488,ADVANCED MICRO DEVICES INC,current,2025,2025-12-27,2026-02-04,0000002488-26-000018,2026-02-03T23:14:52.000Z,https://www.sec.gov/Archives/edgar/data/2488/000000248826000018/amd-20251227.htm,dei:DocumentFiscalYearFocus,
AMGN,318154,AMGEN INC,current,2016,2016-12-31,2017-02-14,0000318154-17-000004,2017-02-14T21:21:05.000Z,https://www.sec.gov/Archives/edgar/data/318154/000031815417000004/amgn-12312016x10k.htm,cover_fiscal_year_ended,
AMGN,318154,AMGEN INC,current,2017,2017-12-31,2018-02-13,0000318154-18-000004,2018-02-13T21:48:04.000Z,https://www.sec.gov/Archives/edgar/data/318154/000031815418000004/amgn-12312017x10k.htm,cover_fiscal_year_ended,
AMGN,318154,AMGEN INC,current,2018,2018-12-31,2019-02-13,0000318154-19-000008,2019-02-13T22:20:20.000Z,https://www.sec.gov/Archives/edgar/data/318154/000031815419000008/amgn-12312018x10kq42018.htm,cover_fiscal_year_ended,
AMGN,318154,AMGEN INC,current,2019,2019-12-31,2020-02-12,0000318154-20-000017,2020-02-12T22:15:19.000Z,https://www.sec.gov/Archives/edgar/data/318154/000031815420000017/amgn-12312019x10kq42019.htm,dei:DocumentFiscalYearFocus,
AMGN,318154,AMGEN INC,current,2020,2020-12-31,2021-02-09,0000318154-21-000010,2021-02-09T00:24:56.000Z,https://www.sec.gov/Archives/edgar/data/318154/000031815421000010/amgn-20201231.htm,dei:DocumentFiscalYearFocus,
AMGN,318154,AMGEN INC,current,2021,2021-12-31,2022-02-16,0000318154-22-000010,2022-02-16T21:39:53.000Z,https://www.sec.gov/Archives/edgar/data/318154/000031815422000010/amgn-20211231.htm,dei:DocumentFiscalYearFocus,
AMGN,318154,AMGEN INC,current,2022,2022-12-31,2023-02-09,0000318154-23-000017,2023-02-09T21:26:31.000Z,https://www.sec.gov/Archives/edgar/data/318154/000031815423000017/amgn-20221231.htm,dei:DocumentFiscalYearFocus,
AMGN,318154,AMGEN INC,current,2023,2023-12-31,2024-02-14,0000318154-24-000011,2024-02-14T21:23:32.000Z,https://www.sec.gov/Archives/edgar/data/318154/000031815424000011/amgn-20231231.htm,dei:DocumentFiscalYearFocus,
AMGN,318154,AMGEN INC,current,2024,2024-12-31,2025-02-14,0000318154-25-000010,2025-02-14T21:18:41.000Z,https://www.sec.gov/Archives/edgar/data/318154/000031815425000010/amgn-20241231.htm,dei:DocumentFiscalYearFocus,
AMGN,318154,AMGEN INC,current,2025,2025-12-31,2026-02-13,0000318154-26-000010,2026-02-13T21:07:34.000Z,https://www.sec.gov/Archives/edgar/data/318154/000031815426000010/amgn-20251231.htm,dei:DocumentFiscalYearFocus,
AMZN,1018724,AMAZON COM INC,current,2016,2016-12-31,2017-02-10,0001018724-17-000011,2017-02-09T22:56:36.000Z,https://www.sec.gov/Archives/edgar/data/1018724/000101872417000011/amzn-20161231x10k.htm,cover_fiscal_year_ended,
AMZN,1018724,AMAZON COM INC,current,2017,2017-12-31,2018-02-02,0001018724-18-000005,2018-02-02T01:41:15.000Z,https://www.sec.gov/Archives/edgar/data/1018724/000101872418000005/amzn-20171231x10k.htm,cover_fiscal_year_ended,
AMZN,1018724,AMAZON COM INC,current,2018,2018-12-31,2019-02-01,0001018724-19-000004,2019-02-01T01:22:40.000Z,https://www.sec.gov/Archives/edgar/data/1018724/000101872419000004/amzn-20181231x10k.htm,cover_fiscal_year_ended,
AMZN,1018724,AMAZON COM INC,current,2019,2019-12-31,2020-01-31,0001018724-20-000004,2020-01-31T01:46:13.000Z,https://www.sec.gov/Archives/edgar/data/1018724/000101872420000004/amzn-20191231x10k.htm,dei:DocumentFiscalYearFocus,
AMZN,1018724,AMAZON COM INC,current,2020,2020-12-31,2021-02-03,0001018724-21-000004,2021-02-03T00:44:10.000Z,https://www.sec.gov/Archives/edgar/data/1018724/000101872421000004/amzn-20201231.htm,dei:DocumentFiscalYearFocus,
AMZN,1018724,AMAZON COM INC,current,2021,2021-12-31,2022-02-04,0001018724-22-000005,2022-02-03T23:46:51.000Z,https://www.sec.gov/Archives/edgar/data/1018724/000101872422000005/amzn-20211231.htm,dei:DocumentFiscalYearFocus,
AMZN,1018724,AMAZON COM INC,current,2022,2022-12-31,2023-02-03,0001018724-23-000004,2023-02-02T23:27:34.000Z,https://www.sec.gov/Archives/edgar/data/1018724/000101872423000004/amzn-20221231.htm,dei:DocumentFiscalYearFocus,
AMZN,1018724,AMAZON COM INC,current,2023,2023-12-31,2024-02-02,0001018724-24-000008,2024-02-01T23:48:30.000Z,https://www.sec.gov/Archives/edgar/data/1018724/000101872424000008/amzn-20231231.htm,dei:DocumentFiscalYearFocus,
AMZN,1018724,AMAZON COM INC,current,2024,2024-12-31,2025-02-07,0001018724-25-000004,2025-02-06T23:40:29.000Z,https://www.sec.gov/Archives/edgar/data/1018724/000101872425000004/amzn-20241231.htm,dei:DocumentFiscalYearFocus,
AMZN,1018724,AMAZON COM INC,current,2025,2025-12-31,2026-02-06,0001018724-26-000004,2026-02-05T23:44:31.000Z,https://www.sec.gov/Archives/edgar/data/1018724/000101872426000004/amzn-20251231.htm,dei:DocumentFiscalYearFocus,
AXP,4962,AMERICAN EXPRESS CO,current,2016,2016-12-31,2017-02-17,0001193125-17-047588,2017-02-17T16:45:00.000Z,https://www.sec.gov/Archives/edgar/data/4962/000119312517047588/d321397d10k.htm,cover_fiscal_year_ended,
AXP,4962,AMERICAN EXPRESS CO,current,2017,2017-12-31,2018-02-16,0000004962-18-000032,2018-02-16T21:54:58.000Z,https://www.sec.gov/Archives/edgar/data/4962/000000496218000032/axp201710k.htm,cover_fiscal_year_ended,
AXP,4962,AMERICAN EXPRESS CO,current,2018,2018-12-31,2019-02-13,0000004962-19-000018,2019-02-13T22:21:47.000Z,https://www.sec.gov/Archives/edgar/data/4962/000000496219000018/axp201810k.htm,cover_fiscal_year_ended,
AXP,4962,AMERICAN EXPRESS CO,current,2019,2019-12-31,2020-02-13,0000004962-20-000030,2020-02-13T21:04:42.000Z,https://www.sec.gov/Archives/edgar/data/4962/000000496220000030/axp-20191231.htm,dei:DocumentFiscalYearFocus,
AXP,4962,AMERICAN EXPRESS CO,current,2020,2020-12-31,2021-02-12,0000004962-21-000013,2021-02-12T19:26:54.000Z,https://www.sec.gov/Archives/edgar/data/4962/000000496221000013/axp-20201231.htm,dei:DocumentFiscalYearFocus,
AXP,4962,AMERICAN EXPRESS CO,current,2021,2021-12-31,2022-02-11,0000004962-22-000008,2022-02-11T20:42:21.000Z,https://www.sec.gov/Archives/edgar/data/4962/000000496222000008/axp-20211231.htm,dei:DocumentFiscalYearFocus,
AXP,4962,AMERICAN EXPRESS CO,current,2022,2022-12-31,2023-02-10,0000004962-23-000006,2023-02-10T20:21:14.000Z,https://www.sec.gov/Archives/edgar/data/4962/000000496223000006/axp-20221231.htm,dei:DocumentFiscalYearFocus,
AXP,4962,AMERICAN EXPRESS CO,current,2023,2023-12-31,2024-02-09,0000004962-24-000013,2024-02-09T19:08:08.000Z,https://www.sec.gov/Archives/edgar/data/4962/000000496224000013/axp-20231231.htm,dei:DocumentFiscalYearFocus,
AXP,4962,AMERICAN EXPRESS CO,current,2024,2024-12-31,2025-02-07,0000004962-25-000016,2025-02-07T19:10:04.000Z,https://www.sec.gov/Archives/edgar/data/4962/000000496225000016/axp-20241231.htm,dei:DocumentFiscalYearFocus,
AXP,4962,AMERICAN EXPRESS CO,current,2025,2025-12-31,2026-02-06,0000004962-26-000080,2026-02-06T17:31:47.000Z,https://www.sec.gov/Archives/edgar/data/4962/000000496226000080/axp-20251231.htm,dei:DocumentFiscalYearFocus,
BAC,70858,BANK OF AMERICA CORP /DE/,current,2016,2016-12-31,2017-02-23,0000070858-17-000013,2017-02-23T21:11:19.000Z,https://www.sec.gov/Archives/edgar/data/70858/000007085817000013/bac-1231201610xk.htm,cover_fiscal_year_ended,
BAC,70858,BANK OF AMERICA CORP /DE/,current,2017,2017-12-31,2018-02-22,0000070858-18-000009,2018-02-22T21:10:05.000Z,https://www.sec.gov/Archives/edgar/data/70858/000007085818000009/bac-1231201710xk.htm,cover_fiscal_year_ended,
BAC,70858,BANK OF AMERICA CORP /DE/,current,2018,2018-12-31,2019-02-26,0000070858-19-000012,2019-02-26T21:38:01.000Z,https://www.sec.gov/Archives/edgar/data/70858/000007085819000012/bac-1231201810xk.htm,dei:DocumentFiscalYearFocus,
BAC,70858,BANK OF AMERICA CORP /DE/,current,2019,2019-12-31,2020-02-19,0000070858-20-000011,2020-02-19T21:18:13.000Z,https://www.sec.gov/Archives/edgar/data/70858/000007085820000011/bac-1231201910xk.htm,dei:DocumentFiscalYearFocus,
BAC,70858,BANK OF AMERICA CORP /DE/,current,2020,2020-12-31,2021-02-24,0000070858-21-000023,2021-02-24T21:56:31.000Z,https://www.sec.gov/Archives/edgar/data/70858/000007085821000023/bac-20201231.htm,dei:DocumentFiscalYearFocus,
BAC,70858,BANK OF AMERICA CORP /DE/,current,2021,2021-12-31,2022-02-22,0000070858-22-000062,2022-02-22T22:15:02.000Z,https://www.sec.gov/Archives/edgar/data/70858/000007085822000062/bac-20211231.htm,dei:DocumentFiscalYearFocus,
BAC,70858,BANK OF AMERICA CORP /DE/,current,2022,2022-12-31,2023-02-22,0000070858-23-000092,2023-02-22T21:33:50.000Z,https://www.sec.gov/Archives/edgar/data/70858/000007085823000092/bac-20221231.htm,dei:DocumentFiscalYearFocus,
BAC,70858,BANK OF AMERICA CORP /DE/,current,2023,2023-12-31,2024-02-20,0000070858-24-000122,2024-02-20T22:01:30.000Z,https://www.sec.gov/Archives/edgar/data/70858/000007085824000122/bac-20231231.htm,dei:DocumentFiscalYearFocus,
BAC,70858,BANK OF AMERICA CORP /DE/,current,2024,2024-12-31,2025-02-25,0000070858-25-000139,2025-02-25T22:07:15.000Z,https://www.sec.gov/Archives/edgar/data/70858/000007085825000139/bac-20241231.htm,dei:DocumentFiscalYearFocus,
BAC,70858,BANK OF AMERICA CORP /DE/,current,2025,2025-12-31,2026-02-25,0000070858-26-000157,2026-02-25T22:01:44.000Z,https://www.sec.gov/Archives/edgar/data/70858/000007085826000157/bac-20251231.htm,dei:DocumentFiscalYearFocus,
BLK,1364742,"BlackRock Finance, Inc.",predecessor,2016,2016-12-31,2017-02-28,0001564590-17-002816,2017-02-28T15:14:26.000Z,https://www.sec.gov/Archives/edgar/data/1364742/000156459017002816/blk-10k_20161231.htm,cover_fiscal_year_ended,
BLK,1364742,"BlackRock Finance, Inc.",predecessor,2017,2017-12-31,2018-02-28,0001564590-18-003744,2018-02-28T14:38:00.000Z,https://www.sec.gov/Archives/edgar/data/1364742/000156459018003744/blk-10k_20171231.htm,cover_fiscal_year_ended,
BLK,1364742,"BlackRock Finance, Inc.",predecessor,2018,2018-12-31,2019-02-28,0001564590-19-005479,2019-02-28T16:25:04.000Z,https://www.sec.gov/Archives/edgar/data/1364742/000156459019005479/blk-10k_20181231.htm,cover_fiscal_year_ended,
BLK,1364742,"BlackRock Finance, Inc.",predecessor,2019,2019-12-31,2020-02-28,0001564590-20-007807,2020-02-28T16:30:05.000Z,https://www.sec.gov/Archives/edgar/data/1364742/000156459020007807/blk-10k_20191231.htm,dei:DocumentFiscalYearFocus,
BLK,1364742,"BlackRock Finance, Inc.",predecessor,2020,2020-12-31,2021-02-25,0001564590-21-008796,2021-02-25T15:55:29.000Z,https://www.sec.gov/Archives/edgar/data/1364742/000156459021008796/blk-10k_20201231.htm,dei:DocumentFiscalYearFocus,
BLK,1364742,"BlackRock Finance, Inc.",predecessor,2021,2021-12-31,2022-02-25,0001564590-22-007117,2022-02-25T15:15:26.000Z,https://www.sec.gov/Archives/edgar/data/1364742/000156459022007117/blk-10k_20211231.htm,dei:DocumentFiscalYearFocus,
BLK,1364742,"BlackRock Finance, Inc.",predecessor,2022,2022-12-31,2023-02-24,0000950170-23-004343,2023-02-24T14:35:17.000Z,https://www.sec.gov/Archives/edgar/data/1364742/000095017023004343/blk-20221231.htm,dei:DocumentFiscalYearFocus,
BLK,1364742,"BlackRock Finance, Inc.",predecessor,2023,2023-12-31,2024-02-23,0000950170-24-019271,2024-02-23T14:28:07.000Z,https://www.sec.gov/Archives/edgar/data/1364742/000095017024019271/blk-20231231.htm,dei:DocumentFiscalYearFocus,
BLK,2012383,"BlackRock, Inc.",current,2024,2024-12-31,2025-02-25,0000950170-25-026584,2025-02-25T20:59:36.000Z,https://www.sec.gov/Archives/edgar/data/2012383/000095017025026584/blk-20241231.htm,dei:DocumentFiscalYearFocus,
BLK,2012383,"BlackRock, Inc.",current,2025,2025-12-31,2026-02-25,0001193125-26-071966,2026-02-25T21:57:59.000Z,https://www.sec.gov/Archives/edgar/data/2012383/000119312526071966/blk-20251231.htm,dei:DocumentFiscalYearFocus,
BMY,14272,BRISTOL MYERS SQUIBB CO,current,2016,2016-12-31,2017-02-21,0000014272-17-000047,2017-02-21T17:04:14.000Z,https://www.sec.gov/Archives/edgar/data/14272/000001427217000047/bmy-20161231x10xk.htm,cover_fiscal_year_ended,
BMY,14272,BRISTOL MYERS SQUIBB CO,current,2017,2017-12-31,2018-02-13,0000014272-18-000055,2018-02-13T14:26:31.000Z,https://www.sec.gov/Archives/edgar/data/14272/000001427218000055/bmy-20171231x10xk.htm,cover_fiscal_year_ended,
BMY,14272,BRISTOL MYERS SQUIBB CO,current,2018,2018-12-31,2019-02-25,0000014272-19-000047,2019-02-25T21:52:22.000Z,https://www.sec.gov/Archives/edgar/data/14272/000001427219000047/bmy-20181231x10xk.htm,cover_fiscal_year_ended,
BMY,14272,BRISTOL MYERS SQUIBB CO,current,2019,2019-12-31,2020-02-24,0000014272-20-000082,2020-02-24T21:10:27.000Z,https://www.sec.gov/Archives/edgar/data/14272/000001427220000082/bmy-20191231x10xk.htm,dei:DocumentFiscalYearFocus,
BMY,14272,BRISTOL MYERS SQUIBB CO,current,2020,2020-12-31,2021-02-10,0000014272-21-000066,2021-02-10T20:13:50.000Z,https://www.sec.gov/Archives/edgar/data/14272/000001427221000066/bmy-20201231.htm,dei:DocumentFiscalYearFocus,
BMY,14272,BRISTOL MYERS SQUIBB CO,current,2021,2021-12-31,2022-02-09,0000014272-22-000051,2022-02-09T16:44:38.000Z,https://www.sec.gov/Archives/edgar/data/14272/000001427222000051/bmy-20211231.htm,dei:DocumentFiscalYearFocus,
BMY,14272,BRISTOL MYERS SQUIBB CO,current,2022,2022-12-31,2023-02-14,0000014272-23-000046,2023-02-14T21:24:27.000Z,https://www.sec.gov/Archives/edgar/data/14272/000001427223000046/bmy-20221231.htm,dei:DocumentFiscalYearFocus,
BMY,14272,BRISTOL MYERS SQUIBB CO,current,2023,2023-12-31,2024-02-13,0000014272-24-000044,2024-02-13T16:54:06.000Z,https://www.sec.gov/Archives/edgar/data/14272/000001427224000044/bmy-20231231.htm,dei:DocumentFiscalYearFocus,
BMY,14272,BRISTOL MYERS SQUIBB CO,current,2024,2024-12-31,2025-02-12,0000014272-25-000039,2025-02-12T17:52:08.000Z,https://www.sec.gov/Archives/edgar/data/14272/000001427225000039/bmy-20241231.htm,dei:DocumentFiscalYearFocus,
BMY,14272,BRISTOL MYERS SQUIBB CO,current,2025,2025-12-31,2026-02-11,0000014272-26-000004,2026-02-11T16:35:11.000Z,https://www.sec.gov/Archives/edgar/data/14272/000001427226000004/bmy-20251231.htm,dei:DocumentFiscalYearFocus,
C,831001,CITIGROUP INC,current,2016,2016-12-31,2017-02-24,0000831001-17-000038,2017-02-24T21:46:05.000Z,https://www.sec.gov/Archives/edgar/data/831001/000083100117000038/c-12312016x10k.htm,cover_fiscal_year_ended,
C,831001,CITIGROUP INC,current,2017,2017-12-31,2018-02-23,0000831001-18-000040,2018-02-23T13:44:36.000Z,https://www.sec.gov/Archives/edgar/data/831001/000083100118000040/c-12312017x10k.htm,cover_fiscal_year_ended,
C,831001,CITIGROUP INC,current,2018,2018-12-31,2019-02-22,0000831001-19-000027,2019-02-22T21:50:54.000Z,https://www.sec.gov/Archives/edgar/data/831001/000083100119000027/c-12312018x10k.htm,cover_fiscal_year_ended,
C,831001,CITIGROUP INC,current,2019,2019-12-31,2020-02-21,0000831001-20-000031,2020-02-21T22:05:55.000Z,https://www.sec.gov/Archives/edgar/data/831001/000083100120000031/c-12312019x10k.htm,dei:DocumentFiscalYearFocus,
C,831001,CITIGROUP INC,current,2020,2020-12-31,2021-02-26,0000831001-21-000042,2021-02-26T21:44:10.000Z,https://www.sec.gov/Archives/edgar/data/831001/000083100121000042/c-20201231.htm,dei:DocumentFiscalYearFocus,
C,831001,CITIGROUP INC,current,2021,2021-12-31,2022-02-28,0000831001-22-000036,2022-02-25T23:35:29.000Z,https://www.sec.gov/Archives/edgar/data/831001/000083100122000036/c-20211231.htm,dei:DocumentFiscalYearFocus,
C,831001,CITIGROUP INC,current,2022,2022-12-31,2023-02-27,0000831001-23-000037,2023-02-25T02:45:33.000Z,https://www.sec.gov/Archives/edgar/data/831001/000083100123000037/c-20221231.htm,dei:DocumentFiscalYearFocus,
C,831001,CITIGROUP INC,current,2023,2023-12-31,2024-02-23,0000831001-24-000033,2024-02-23T22:10:34.000Z,https://www.sec.gov/Archives/edgar/data/831001/000083100124000033/c-20231231.htm,dei:DocumentFiscalYearFocus,
C,831001,CITIGROUP INC,current,2024,2024-12-31,2025-02-21,0000831001-25-000067,2025-02-21T22:12:44.000Z,https://www.sec.gov/Archives/edgar/data/831001/000083100125000067/c-20241231.htm,dei:DocumentFiscalYearFocus,
C,831001,CITIGROUP INC,current,2025,2025-12-31,2026-02-20,0000831001-26-000011,2026-02-20T22:06:54.000Z,https://www.sec.gov/Archives/edgar/data/831001/000083100126000011/c-20251231.htm,dei:DocumentFiscalYearFocus,
CAT,18230,CATERPILLAR INC,current,2016,2016-12-31,2017-02-15,0000018230-17-000041,2017-02-15T18:45:35.000Z,https://www.sec.gov/Archives/edgar/data/18230/000001823017000041/cat_10-kx12312016.htm,cover_fiscal_year_ended,
CAT,18230,CATERPILLAR INC,current,2017,2017-12-31,2018-02-15,0000018230-18-000042,2018-02-15T17:14:45.000Z,https://www.sec.gov/Archives/edgar/data/18230/000001823018000042/cat_10-kx12312017.htm,cover_fiscal_year_ended,
CAT,18230,CATERPILLAR INC,current,2018,2018-12-31,2019-02-14,0000018230-19-000034,2019-02-14T18:25:13.000Z,https://www.sec.gov/Archives/edgar/data/18230/000001823019000034/cat_10-kx12312018.htm,cover_fiscal_year_ended,
CAT,18230,CATERPILLAR INC,current,2019,2019-12-31,2020-02-19,0000018230-20-000056,2020-02-19T19:12:34.000Z,https://www.sec.gov/Archives/edgar/data/18230/000001823020000056/cat10-k12312019.htm,dei:DocumentFiscalYearFocus,
CAT,18230,CATERPILLAR INC,current,2020,2020-12-31,2021-02-17,0000018230-21-000063,2021-02-17T15:41:38.000Z,https://www.sec.gov/Archives/edgar/data/18230/000001823021000063/cat-20201231.htm,dei:DocumentFiscalYearFocus,
CAT,18230,CATERPILLAR INC,current,2021,2021-12-31,2022-02-16,0000018230-22-000050,2022-02-16T15:50:47.000Z,https://www.sec.gov/Archives/edgar/data/18230/000001823022000050/cat-20211231.htm,dei:DocumentFiscalYearFocus,
CAT,18230,CATERPILLAR INC,current,2022,2022-12-31,2023-02-15,0000018230-23-000011,2023-02-15T15:27:56.000Z,https://www.sec.gov/Archives/edgar/data/18230/000001823023000011/cat-20221231.htm,dei:DocumentFiscalYearFocus,
CAT,18230,CATERPILLAR INC,current,2023,2023-12-31,2024-02-16,0000018230-24-000009,2024-02-16T15:05:13.000Z,https://www.sec.gov/Archives/edgar/data/18230/000001823024000009/cat-20231231.htm,dei:DocumentFiscalYearFocus,
CAT,18230,CATERPILLAR INC,current,2024,2024-12-31,2025-02-14,0000018230-25-000008,2025-02-14T14:36:30.000Z,https://www.sec.gov/Archives/edgar/data/18230/000001823025000008/cat-20241231.htm,dei:DocumentFiscalYearFocus,
CAT,18230,CATERPILLAR INC,current,2025,2025-12-31,2026-02-13,0000018230-26-000008,2026-02-13T15:18:27.000Z,https://www.sec.gov/Archives/edgar/data/18230/000001823026000008/cat-20251231.htm,dei:DocumentFiscalYearFocus,
COP,1163165,CONOCOPHILLIPS,current,2016,2016-12-31,2017-02-21,0001193125-17-050077,2017-02-21T17:34:09.000Z,https://www.sec.gov/Archives/edgar/data/1163165/000119312517050077/d264316d10k.htm,report_date_year_fallback_review_required,
COP,1163165,CONOCOPHILLIPS,current,2017,2017-12-31,2018-02-20,0001193125-18-049729,2018-02-20T15:03:26.000Z,https://www.sec.gov/Archives/edgar/data/1163165/000119312518049729/d534096d10k.htm,report_date_year_fallback_review_required,
COP,1163165,CONOCOPHILLIPS,current,2018,2018-12-31,2019-02-19,0001193125-19-043841,2019-02-19T16:23:45.000Z,https://www.sec.gov/Archives/edgar/data/1163165/000119312519043841/d636257d10k.htm,report_date_year_fallback_review_required,
COP,1163165,CONOCOPHILLIPS,current,2019,2019-12-31,2020-02-18,0001193125-20-039954,2020-02-18T17:23:02.000Z,https://www.sec.gov/Archives/edgar/data/1163165/000119312520039954/d875559d10k.htm,dei:DocumentFiscalYearFocus,
COP,1163165,CONOCOPHILLIPS,current,2020,2020-12-31,2021-02-16,0001562762-21-000027,2021-02-16T17:04:27.000Z,https://www.sec.gov/Archives/edgar/data/1163165/000156276221000027/cop10k2020.htm,dei:DocumentFiscalYearFocus,
COP,1163165,CONOCOPHILLIPS,current,2021,2021-12-31,2022-02-17,0001562762-22-000031,2022-02-17T18:20:14.000Z,https://www.sec.gov/Archives/edgar/data/1163165/000156276222000031/cop10k2021.htm,dei:DocumentFiscalYearFocus,
COP,1163165,CONOCOPHILLIPS,current,2022,2022-12-31,2023-02-16,0001163165-23-000006,2023-02-16T17:42:43.000Z,https://www.sec.gov/Archives/edgar/data/1163165/000116316523000006/cop-20221231.htm,dei:DocumentFiscalYearFocus,
COP,1163165,CONOCOPHILLIPS,current,2023,2023-12-31,2024-02-15,0001163165-24-000010,2024-02-15T19:01:15.000Z,https://www.sec.gov/Archives/edgar/data/1163165/000116316524000010/cop-20231231.htm,dei:DocumentFiscalYearFocus,
COP,1163165,CONOCOPHILLIPS,current,2024,2024-12-31,2025-02-18,0001163165-25-000012,2025-02-18T19:48:53.000Z,https://www.sec.gov/Archives/edgar/data/1163165/000116316525000012/cop-20241231.htm,dei:DocumentFiscalYearFocus,
COP,1163165,CONOCOPHILLIPS,current,2025,2025-12-31,2026-02-17,0001163165-26-000009,2026-02-17T16:32:24.000Z,https://www.sec.gov/Archives/edgar/data/1163165/000116316526000009/cop-20251231.htm,dei:DocumentFiscalYearFocus,
COST,909832,COSTCO WHOLESALE CORP /NEW,current,2016,2016-08-28,2016-10-12,0000909832-16-000032,2016-10-11T23:26:22.000Z,https://www.sec.gov/Archives/edgar/data/909832/000090983216000032/cost10k82816.htm,cover_fiscal_year_ended,
COST,909832,COSTCO WHOLESALE CORP /NEW,current,2017,2017-09-03,2017-10-18,0000909832-17-000014,2017-10-18T01:17:47.000Z,https://www.sec.gov/Archives/edgar/data/909832/000090983217000014/cost10k90317.htm,cover_fiscal_year_ended,
COST,909832,COSTCO WHOLESALE CORP /NEW,current,2018,2018-09-02,2018-10-26,0000909832-18-000013,2018-10-26T13:21:46.000Z,https://www.sec.gov/Archives/edgar/data/909832/000090983218000013/cost10k9218.htm,cover_fiscal_year_ended,
COST,909832,COSTCO WHOLESALE CORP /NEW,current,2019,2019-09-01,2019-10-11,0000909832-19-000019,2019-10-10T22:06:12.000Z,https://www.sec.gov/Archives/edgar/data/909832/000090983219000019/cost10k9119.htm,cover_fiscal_year_ended,
COST,909832,COSTCO WHOLESALE CORP /NEW,current,2020,2020-08-30,2020-10-07,0000909832-20-000017,2020-10-06T23:07:39.000Z,https://www.sec.gov/Archives/edgar/data/909832/000090983220000017/cost-20200830.htm,dei:DocumentFiscalYearFocus,
COST,909832,COSTCO WHOLESALE CORP /NEW,current,2021,2021-08-29,2021-10-06,0000909832-21-000014,2021-10-06T00:49:17.000Z,https://www.sec.gov/Archives/edgar/data/909832/000090983221000014/cost-20210829.htm,dei:DocumentFiscalYearFocus,
COST,909832,COSTCO WHOLESALE CORP /NEW,current,2022,2022-08-28,2022-10-05,0000909832-22-000021,2022-10-05T01:59:05.000Z,https://www.sec.gov/Archives/edgar/data/909832/000090983222000021/cost-20220828.htm,dei:DocumentFiscalYearFocus,
COST,909832,COSTCO WHOLESALE CORP /NEW,current,2023,2023-09-03,2023-10-11,0000909832-23-000042,2023-10-10T23:13:15.000Z,https://www.sec.gov/Archives/edgar/data/909832/000090983223000042/cost-20230903.htm,dei:DocumentFiscalYearFocus,
COST,909832,COSTCO WHOLESALE CORP /NEW,current,2024,2024-09-01,2024-10-09,0000909832-24-000049,2024-10-08T22:40:07.000Z,https://www.sec.gov/Archives/edgar/data/909832/000090983224000049/cost-20240901.htm,dei:DocumentFiscalYearFocus,
COST,909832,COSTCO WHOLESALE CORP /NEW,current,2025,2025-08-31,2025-10-08,0000909832-25-000101,2025-10-08T01:16:06.000Z,https://www.sec.gov/Archives/edgar/data/909832/000090983225000101/cost-20250831.htm,dei:DocumentFiscalYearFocus,
CRM,1108524,"Salesforce, Inc.",current,2016,2016-01-31,2016-03-07,0001108524-16-000053,2016-03-04T22:53:06.000Z,https://www.sec.gov/Archives/edgar/data/1108524/000110852416000053/crm-2016131x10k.htm,cover_fiscal_year_ended,
CRM,1108524,"Salesforce, Inc.",current,2017,2017-01-31,2017-03-06,0001108524-17-000006,2017-03-06T21:38:50.000Z,https://www.sec.gov/Archives/edgar/data/1108524/000110852417000006/crm-2017131x10k.htm,cover_fiscal_year_ended,
CRM,1108524,"Salesforce, Inc.",current,2018,2018-01-31,2018-03-09,0001108524-18-000011,2018-03-09T22:01:46.000Z,https://www.sec.gov/Archives/edgar/data/1108524/000110852418000011/crmq4fy1810-k.htm,cover_fiscal_year_ended,
CRM,1108524,"Salesforce, Inc.",current,2019,2019-01-31,2019-03-08,0001108524-19-000009,2019-03-08T13:04:49.000Z,https://www.sec.gov/Archives/edgar/data/1108524/000110852419000009/crmq4fy1910-k.htm,cover_fiscal_year_ended,
CRM,1108524,"Salesforce, Inc.",current,2020,2020-01-31,2020-03-05,0001108524-20-000014,2020-03-05T21:29:57.000Z,https://www.sec.gov/Archives/edgar/data/1108524/000110852420000014/crm-20200131.htm,dei:DocumentFiscalYearFocus,
CRM,1108524,"Salesforce, Inc.",current,2021,2021-01-31,2021-03-17,0001108524-22-000008,2022-02-24T21:13:45.000Z,https://www.sec.gov/Archives/edgar/data/1108524/000110852422000008/crm-20210131.htm,dei:DocumentFiscalYearFocus,
CRM,1108524,"Salesforce, Inc.",current,2022,2022-01-31,2022-03-11,0001108524-22-000013,2022-03-11T13:06:16.000Z,https://www.sec.gov/Archives/edgar/data/1108524/000110852422000013/crm-20220131.htm,dei:DocumentFiscalYearFocus,
CRM,1108524,"Salesforce, Inc.",current,2023,2023-01-31,2023-03-08,0001108524-23-000011,2023-03-08T21:41:15.000Z,https://www.sec.gov/Archives/edgar/data/1108524/000110852423000011/crm-20230131.htm,dei:DocumentFiscalYearFocus,
CRM,1108524,"Salesforce, Inc.",current,2024,2024-01-31,2024-03-06,0001108524-24-000005,2024-03-06T21:32:48.000Z,https://www.sec.gov/Archives/edgar/data/1108524/000110852424000005/crm-20240131.htm,dei:DocumentFiscalYearFocus,
CRM,1108524,"Salesforce, Inc.",current,2025,2025-01-31,2025-03-05,0001108524-25-000006,2025-03-05T21:16:48.000Z,https://www.sec.gov/Archives/edgar/data/1108524/000110852425000006/crm-20250131.htm,dei:DocumentFiscalYearFocus,
CSCO,858877,"CISCO SYSTEMS, INC.",current,2016,2016-07-30,2016-09-08,0000858877-16-000117,2016-09-08T21:12:13.000Z,https://www.sec.gov/Archives/edgar/data/858877/000085887716000117/csco-2016730x10k.htm,cover_fiscal_year_ended,
CSCO,858877,"CISCO SYSTEMS, INC.",current,2017,2017-07-29,2017-09-07,0000858877-17-000016,2017-09-07T21:18:41.000Z,https://www.sec.gov/Archives/edgar/data/858877/000085887717000016/csco-2017729x10k.htm,cover_fiscal_year_ended,
CSCO,858877,"CISCO SYSTEMS, INC.",current,2018,2018-07-28,2018-09-06,0000858877-18-000011,2018-09-06T21:14:48.000Z,https://www.sec.gov/Archives/edgar/data/858877/000085887718000011/csco-2018728x10k.htm,cover_fiscal_year_ended,
CSCO,858877,"CISCO SYSTEMS, INC.",current,2019,2019-07-27,2019-09-05,0000858877-19-000012,2019-09-05T21:17:18.000Z,https://www.sec.gov/Archives/edgar/data/858877/000085887719000012/csco-2019727x10k.htm,cover_fiscal_year_ended,
CSCO,858877,"CISCO SYSTEMS, INC.",current,2020,2020-07-25,2020-09-03,0000858877-20-000010,2020-09-03T21:05:55.000Z,https://www.sec.gov/Archives/edgar/data/858877/000085887720000010/csco-2020725x10k.htm,dei:DocumentFiscalYearFocus,
CSCO,858877,"CISCO SYSTEMS, INC.",current,2021,2021-07-31,2021-09-09,0000858877-21-000013,2021-09-09T20:39:49.000Z,https://www.sec.gov/Archives/edgar/data/858877/000085887721000013/csco-20210731.htm,dei:DocumentFiscalYearFocus,
CSCO,858877,"CISCO SYSTEMS, INC.",current,2022,2022-07-30,2022-09-08,0000858877-22-000013,2022-09-08T20:47:54.000Z,https://www.sec.gov/Archives/edgar/data/858877/000085887722000013/csco-20220730.htm,dei:DocumentFiscalYearFocus,
CSCO,858877,"CISCO SYSTEMS, INC.",current,2023,2023-07-29,2023-09-07,0000858877-23-000023,2023-09-07T20:30:09.000Z,https://www.sec.gov/Archives/edgar/data/858877/000085887723000023/csco-20230729.htm,dei:DocumentFiscalYearFocus,
CSCO,858877,"CISCO SYSTEMS, INC.",current,2024,2024-07-27,2024-09-05,0000858877-24-000017,2024-09-05T20:41:20.000Z,https://www.sec.gov/Archives/edgar/data/858877/000085887724000017/csco-20240727.htm,dei:DocumentFiscalYearFocus,
CSCO,858877,"CISCO SYSTEMS, INC.",current,2025,2025-07-26,2025-09-03,0000858877-25-000111,2025-09-03T20:52:59.000Z,https://www.sec.gov/Archives/edgar/data/858877/000085887725000111/csco-20250726.htm,dei:DocumentFiscalYearFocus,
CVX,93410,CHEVRON CORP,current,2016,2016-12-31,2017-02-23,0000093410-17-000013,2017-02-23T17:18:42.000Z,https://www.sec.gov/Archives/edgar/data/93410/000009341017000013/cvx-123116x10kdoc.htm,cover_fiscal_year_ended,https://www.sec.gov/Archives/edgar/data/93410/000009341017000013/cvx-123116x10kdoc.htm
CVX,93410,CHEVRON CORP,current,2017,2017-12-31,2018-02-22,0000093410-18-000010,2018-02-22T16:49:59.000Z,https://www.sec.gov/Archives/edgar/data/93410/000009341018000010/cvx12312017-10kdoc.htm,cover_fiscal_year_ended,https://www.sec.gov/Archives/edgar/data/93410/000009341018000010/cvx12312017-10kdoc.htm
CVX,93410,CHEVRON CORP,current,2018,2018-12-31,2019-02-22,0000093410-19-000008,2019-02-22T16:25:08.000Z,https://www.sec.gov/Archives/edgar/data/93410/000009341019000008/cvx12312018-10kdoc.htm,cover_fiscal_year_ended,https://www.sec.gov/Archives/edgar/data/93410/000009341019000008/cvx12312018-10kdoc.htm
CVX,93410,CHEVRON CORP,current,2019,2019-12-31,2020-02-21,0000093410-20-000010,2020-02-21T16:40:21.000Z,https://www.sec.gov/Archives/edgar/data/93410/000009341020000010/cvx12312019-10kdoc.htm,dei:DocumentFiscalYearFocus,https://www.sec.gov/Archives/edgar/data/93410/000009341020000010/cvx12312019-10kdoc.htm
CVX,93410,CHEVRON CORP,current,2020,2020-12-31,2021-02-25,0000093410-21-000009,2021-02-25T19:32:29.000Z,https://www.sec.gov/Archives/edgar/data/93410/000009341021000009/cvx-20201231.htm,dei:DocumentFiscalYearFocus,https://www.sec.gov/Archives/edgar/data/93410/000009341021000009/cvx-20201231.htm
CVX,93410,CHEVRON CORP,current,2021,2021-12-31,2022-02-24,0000093410-22-000019,2022-02-24T16:45:37.000Z,https://www.sec.gov/Archives/edgar/data/93410/000009341022000019/cvx-20211231.htm,dei:DocumentFiscalYearFocus,https://www.sec.gov/Archives/edgar/data/93410/000009341022000019/cvx-20211231.htm
CVX,93410,CHEVRON CORP,current,2022,2022-12-31,2023-02-23,0000093410-23-000009,2023-02-23T16:51:02.000Z,https://www.sec.gov/Archives/edgar/data/93410/000009341023000009/cvx-20221231.htm,dei:DocumentFiscalYearFocus,https://www.sec.gov/Archives/edgar/data/93410/000009341023000009/cvx-20221231.htm
CVX,93410,CHEVRON CORP,current,2023,2023-12-31,2024-02-26,0000093410-24-000013,2024-02-26T21:07:14.000Z,https://www.sec.gov/Archives/edgar/data/93410/000009341024000013/cvx-20231231.htm,dei:DocumentFiscalYearFocus,https://www.sec.gov/Archives/edgar/data/93410/000009341024000013/cvx-20231231.htm
CVX,93410,CHEVRON CORP,current,2024,2024-12-31,2025-02-21,0000093410-25-000009,2025-02-21T16:20:51.000Z,https://www.sec.gov/Archives/edgar/data/93410/000009341025000009/cvx-20241231.htm,dei:DocumentFiscalYearFocus,https://www.sec.gov/Archives/edgar/data/93410/000009341025000009/cvx-20241231.htm
CVX,93410,CHEVRON CORP,current,2025,2025-12-31,2026-02-24,0000093410-26-000078,2026-02-24T20:03:12.000Z,https://www.sec.gov/Archives/edgar/data/93410/000009341026000078/cvx-20251231.htm,dei:DocumentFiscalYearFocus,https://www.sec.gov/Archives/edgar/data/93410/000009341026000078/cvx-20251231.htm
DIS,1001039,TWDC Enterprises 18 Corp.,predecessor,2016,2016-10-01,2016-11-23,0001001039-16-000516,2016-11-23T16:48:43.000Z,https://www.sec.gov/Archives/edgar/data/1001039/000100103916000516/fy2016_q4x10k.htm,cover_fiscal_year_ended,
DIS,1001039,TWDC Enterprises 18 Corp.,predecessor,2017,2017-09-30,2017-11-22,0001001039-17-000198,2017-11-22T17:01:00.000Z,https://www.sec.gov/Archives/edgar/data/1001039/000100103917000198/fy2017_q4x10k.htm,cover_fiscal_year_ended,
DIS,1001039,TWDC Enterprises 18 Corp.,predecessor,2018,2018-09-29,2018-11-21,0001001039-18-000187,2018-11-21T17:05:57.000Z,https://www.sec.gov/Archives/edgar/data/1001039/000100103918000187/fy2018_q4x10k.htm,cover_fiscal_year_ended,
DIS,1744489,Walt Disney Co,current,2019,2019-09-28,2019-11-20,0001744489-19-000225,2019-11-20T22:18:30.000Z,https://www.sec.gov/Archives/edgar/data/1744489/000174448919000225/fy2019q410k.htm,dei:DocumentFiscalYearFocus,
DIS,1744489,Walt Disney Co,current,2020,2020-10-03,2020-11-25,0001744489-20-000197,2020-11-25T21:59:53.000Z,https://www.sec.gov/Archives/edgar/data/1744489/000174448920000197/dis-20201003.htm,dei:DocumentFiscalYearFocus,
DIS,1744489,Walt Disney Co,current,2021,2021-10-02,2021-11-24,0001744489-21-000220,2021-11-24T21:34:25.000Z,https://www.sec.gov/Archives/edgar/data/1744489/000174448921000220/dis-20211002.htm,dei:DocumentFiscalYearFocus,
DIS,1744489,Walt Disney Co,current,2022,2022-10-01,2022-11-29,0001744489-22-000213,2022-11-29T22:03:15.000Z,https://www.sec.gov/Archives/edgar/data/1744489/000174448922000213/dis-20221001.htm,dei:DocumentFiscalYearFocus,
DIS,1744489,Walt Disney Co,current,2023,2023-09-30,2023-11-21,0001744489-23-000216,2023-11-21T22:04:04.000Z,https://www.sec.gov/Archives/edgar/data/1744489/000174448923000216/dis-20230930.htm,dei:DocumentFiscalYearFocus,
DIS,1744489,Walt Disney Co,current,2024,2024-09-28,2024-11-14,0001744489-24-000276,2024-11-14T11:46:46.000Z,https://www.sec.gov/Archives/edgar/data/1744489/000174448924000276/dis-20240928.htm,dei:DocumentFiscalYearFocus,
DIS,1744489,Walt Disney Co,current,2025,2025-09-27,2025-11-13,0001744489-25-000155,2025-11-13T11:44:29.000Z,https://www.sec.gov/Archives/edgar/data/1744489/000174448925000155/dis-20250927.htm,dei:DocumentFiscalYearFocus,
DUK,1326160,Duke Energy CORP,current,2016,2016-12-31,2017-02-24,0001326160-17-000016,2017-02-24T21:22:25.000Z,https://www.sec.gov/Archives/edgar/data/1326160/000132616017000016/duk-20161231x10k.htm,report_date_year_fallback_review_required,
DUK,1326160,Duke Energy CORP,current,2017,2017-12-31,2018-02-21,0001326160-18-000034,2018-02-21T21:28:38.000Z,https://www.sec.gov/Archives/edgar/data/1326160/000132616018000034/duk-20171231x10k.htm,report_date_year_fallback_review_required,
DUK,1326160,Duke Energy CORP,current,2018,2018-12-31,2019-02-28,0001326160-19-000057,2019-02-28T20:36:52.000Z,https://www.sec.gov/Archives/edgar/data/1326160/000132616019000057/duk-20181231x10k.htm,report_date_year_fallback_review_required,
DUK,1326160,Duke Energy CORP,current,2019,2019-12-31,2020-02-20,0001326160-20-000034,2020-02-20T19:37:25.000Z,https://www.sec.gov/Archives/edgar/data/1326160/000132616020000034/duk-20191231x10k.htm,dei:DocumentFiscalYearFocus,
DUK,1326160,Duke Energy CORP,current,2020,2020-12-31,2021-02-25,0001326160-21-000063,2021-02-25T19:46:09.000Z,https://www.sec.gov/Archives/edgar/data/1326160/000132616021000063/duk-20201231.htm,dei:DocumentFiscalYearFocus,
DUK,1326160,Duke Energy CORP,current,2021,2021-12-31,2022-02-24,0001326160-22-000072,2022-02-24T18:35:41.000Z,https://www.sec.gov/Archives/edgar/data/1326160/000132616022000072/duk-20211231.htm,dei:DocumentFiscalYearFocus,
DUK,1326160,Duke Energy CORP,current,2022,2022-12-31,2023-02-27,0001326160-23-000073,2023-02-27T11:12:41.000Z,https://www.sec.gov/Archives/edgar/data/1326160/000132616023000073/duk-20221231.htm,dei:DocumentFiscalYearFocus,
DUK,1326160,Duke Energy CORP,current,2023,2023-12-31,2024-02-23,0001326160-24-000037,2024-02-23T18:27:16.000Z,https://www.sec.gov/Archives/edgar/data/1326160/000132616024000037/duk-20231231.htm,dei:DocumentFiscalYearFocus,
DUK,1326160,Duke Energy CORP,current,2024,2024-12-31,2025-02-27,0001326160-25-000072,2025-02-27T17:18:05.000Z,https://www.sec.gov/Archives/edgar/data/1326160/000132616025000072/duk-20241231.htm,dei:DocumentFiscalYearFocus,
DUK,1326160,Duke Energy CORP,current,2025,2025-12-31,2026-02-26,0001326160-26-000014,2026-02-26T18:07:42.000Z,https://www.sec.gov/Archives/edgar/data/1326160/000132616026000014/duk-20251231.htm,dei:DocumentFiscalYearFocus,
GOOGL,1652044,Alphabet Inc.,current,2016,2016-12-31,2017-02-03,0001652044-17-000008,2017-02-02T23:13:47.000Z,https://www.sec.gov/Archives/edgar/data/1652044/000165204417000008/goog10-kq42016.htm,cover_fiscal_year_ended,
GOOGL,1652044,Alphabet Inc.,current,2017,2017-12-31,2018-02-06,0001652044-18-000007,2018-02-06T01:46:29.000Z,https://www.sec.gov/Archives/edgar/data/1652044/000165204418000007/goog10-kq42017.htm,cover_fiscal_year_ended,
GOOGL,1652044,Alphabet Inc.,current,2018,2018-12-31,2019-02-05,0001652044-19-000004,2019-02-05T02:06:38.000Z,https://www.sec.gov/Archives/edgar/data/1652044/000165204419000004/goog10-kq42018.htm,cover_fiscal_year_ended,
GOOGL,1652044,Alphabet Inc.,current,2019,2019-12-31,2020-02-04,0001652044-20-000008,2020-02-04T02:03:59.000Z,https://www.sec.gov/Archives/edgar/data/1652044/000165204420000008/goog10-k2019.htm,dei:DocumentFiscalYearFocus,
GOOGL,1652044,Alphabet Inc.,current,2020,2020-12-31,2021-02-03,0001652044-21-000010,2021-02-03T01:12:25.000Z,https://www.sec.gov/Archives/edgar/data/1652044/000165204421000010/goog-20201231.htm,dei:DocumentFiscalYearFocus,
GOOGL,1652044,Alphabet Inc.,current,2021,2021-12-31,2022-02-02,0001652044-22-000019,2022-02-02T02:08:02.000Z,https://www.sec.gov/Archives/edgar/data/1652044/000165204422000019/goog-20211231.htm,dei:DocumentFiscalYearFocus,
GOOGL,1652044,Alphabet Inc.,current,2022,2022-12-31,2023-02-03,0001652044-23-000016,2023-02-03T02:23:45.000Z,https://www.sec.gov/Archives/edgar/data/1652044/000165204423000016/goog-20221231.htm,dei:DocumentFiscalYearFocus,
GOOGL,1652044,Alphabet Inc.,current,2023,2023-12-31,2024-01-31,0001652044-24-000022,2024-01-31T02:43:43.000Z,https://www.sec.gov/Archives/edgar/data/1652044/000165204424000022/goog-20231231.htm,dei:DocumentFiscalYearFocus,
GOOGL,1652044,Alphabet Inc.,current,2024,2024-12-31,2025-02-05,0001652044-25-000014,2025-02-05T01:41:40.000Z,https://www.sec.gov/Archives/edgar/data/1652044/000165204425000014/goog-20241231.htm,dei:DocumentFiscalYearFocus,
GOOGL,1652044,Alphabet Inc.,current,2025,2025-12-31,2026-02-05,0001652044-26-000018,2026-02-05T02:56:03.000Z,https://www.sec.gov/Archives/edgar/data/1652044/000165204426000018/goog-20251231.htm,dei:DocumentFiscalYearFocus,
GS,886982,GOLDMAN SACHS GROUP INC,current,2016,2016-12-31,2017-02-27,0001193125-17-056804,2017-02-25T00:08:26.000Z,https://www.sec.gov/Archives/edgar/data/886982/000119312517056804/d308759d10k.htm,cover_fiscal_year_ended,
GS,886982,GOLDMAN SACHS GROUP INC,current,2017,2017-12-31,2018-02-26,0001193125-18-056383,2018-02-24T01:16:10.000Z,https://www.sec.gov/Archives/edgar/data/886982/000119312518056383/d480167d10k.htm,cover_fiscal_year_ended,
GS,886982,GOLDMAN SACHS GROUP INC,current,2018,2018-12-31,2019-02-26,0001193125-19-050198,2019-02-26T00:51:24.000Z,https://www.sec.gov/Archives/edgar/data/886982/000119312519050198/d669877d10k.htm,cover_fiscal_year_ended,
GS,886982,GOLDMAN SACHS GROUP INC,current,2019,2019-12-31,2020-02-21,0001193125-20-043853,2020-02-21T02:09:56.000Z,https://www.sec.gov/Archives/edgar/data/886982/000119312520043853/d826673d10k.htm,dei:DocumentFiscalYearFocus,
GS,886982,GOLDMAN SACHS GROUP INC,current,2020,2020-12-31,2021-02-22,0001193125-21-049380,2021-02-20T02:16:45.000Z,https://www.sec.gov/Archives/edgar/data/886982/000119312521049380/d39654d10k.htm,dei:DocumentFiscalYearFocus,
GS,886982,GOLDMAN SACHS GROUP INC,current,2021,2021-12-31,2022-02-25,0001193125-22-052682,2022-02-25T02:09:11.000Z,https://www.sec.gov/Archives/edgar/data/886982/000119312522052682/d192225d10k.htm,dei:DocumentFiscalYearFocus,
GS,886982,GOLDMAN SACHS GROUP INC,current,2022,2022-12-31,2023-02-24,0000886982-23-000003,2023-02-24T00:58:16.000Z,https://www.sec.gov/Archives/edgar/data/886982/000088698223000003/gs-20221231.htm,dei:DocumentFiscalYearFocus,
GS,886982,GOLDMAN SACHS GROUP INC,current,2023,2023-12-31,2024-02-23,0000886982-24-000006,2024-02-23T01:39:25.000Z,https://www.sec.gov/Archives/edgar/data/886982/000088698224000006/gs-20231231.htm,dei:DocumentFiscalYearFocus,
GS,886982,GOLDMAN SACHS GROUP INC,current,2024,2024-12-31,2025-02-27,0000886982-25-000005,2025-02-27T13:50:25.000Z,https://www.sec.gov/Archives/edgar/data/886982/000088698225000005/gs-20241231.htm,dei:DocumentFiscalYearFocus,
GS,886982,GOLDMAN SACHS GROUP INC,current,2025,2025-12-31,2026-02-25,0000886982-26-000091,2026-02-25T22:22:27.000Z,https://www.sec.gov/Archives/edgar/data/886982/000088698226000091/gs-20251231.htm,dei:DocumentFiscalYearFocus,
HD,354950,"HOME DEPOT, INC.",current,2016,2017-01-29,2017-03-23,0000354950-17-000005,2017-03-23T20:29:46.000Z,https://www.sec.gov/Archives/edgar/data/354950/000035495017000005/hd-01292017x10xk.htm,HD_fiscal_glossary_52_53_week_year_previous_calendar_year,
HD,354950,"HOME DEPOT, INC.",current,2017,2018-01-28,2018-03-22,0000354950-18-000019,2018-03-22T20:56:00.000Z,https://www.sec.gov/Archives/edgar/data/354950/000035495018000019/hd_10k01282018.htm,HD_fiscal_glossary_52_53_week_year_previous_calendar_year,
HD,354950,"HOME DEPOT, INC.",current,2018,2019-02-03,2019-03-28,0000354950-19-000010,2019-03-28T20:42:29.000Z,https://www.sec.gov/Archives/edgar/data/354950/000035495019000010/hd_10kx02032019.htm,HD_fiscal_glossary_52_53_week_year_previous_calendar_year,
HD,354950,"HOME DEPOT, INC.",current,2019,2020-02-02,2020-03-25,0000354950-20-000015,2020-03-25T20:41:53.000Z,https://www.sec.gov/Archives/edgar/data/354950/000035495020000015/hd10k02022020.htm,dei:DocumentFiscalYearFocus,
HD,354950,"HOME DEPOT, INC.",current,2020,2021-01-31,2021-03-24,0000354950-21-000089,2021-03-24T20:46:14.000Z,https://www.sec.gov/Archives/edgar/data/354950/000035495021000089/hd-20210131.htm,dei:DocumentFiscalYearFocus,
HD,354950,"HOME DEPOT, INC.",current,2021,2022-01-30,2022-03-23,0000354950-22-000070,2022-03-23T20:25:53.000Z,https://www.sec.gov/Archives/edgar/data/354950/000035495022000070/hd-20220130.htm,dei:DocumentFiscalYearFocus,
HD,354950,"HOME DEPOT, INC.",current,2022,2023-01-29,2023-03-15,0000354950-23-000059,2023-03-15T20:22:15.000Z,https://www.sec.gov/Archives/edgar/data/354950/000035495023000059/hd-20230129.htm,dei:DocumentFiscalYearFocus,
HD,354950,"HOME DEPOT, INC.",current,2023,2024-01-28,2024-03-13,0000354950-24-000062,2024-03-13T20:31:59.000Z,https://www.sec.gov/Archives/edgar/data/354950/000035495024000062/hd-20240128.htm,dei:DocumentFiscalYearFocus,
HD,354950,"HOME DEPOT, INC.",current,2024,2025-02-02,2025-03-21,0000354950-25-000085,2025-03-20T22:36:42.000Z,https://www.sec.gov/Archives/edgar/data/354950/000035495025000085/hd-20250202.htm,dei:DocumentFiscalYearFocus,
HD,354950,"HOME DEPOT, INC.",current,2025,2026-02-01,2026-03-18,0001628280-26-019436,2026-03-18T20:23:56.000Z,https://www.sec.gov/Archives/edgar/data/354950/000162828026019436/hd-20260201.htm,dei:DocumentFiscalYearFocus,
HON,773840,HONEYWELL INTERNATIONAL INC,current,2016,2016-12-31,2017-02-10,0000930413-17-000391,2017-02-10T20:53:13.000Z,https://www.sec.gov/Archives/edgar/data/773840/000093041317000391/c86783_10k.htm,cover_fiscal_year_ended,
HON,773840,HONEYWELL INTERNATIONAL INC,current,2017,2017-12-31,2018-02-09,0000930413-18-000292,2018-02-09T19:29:41.000Z,https://www.sec.gov/Archives/edgar/data/773840/000093041318000292/c89913_10k.htm,cover_fiscal_year_ended,
HON,773840,HONEYWELL INTERNATIONAL INC,current,2018,2018-12-31,2019-02-08,0000930413-19-000366,2019-02-08T19:09:10.000Z,https://www.sec.gov/Archives/edgar/data/773840/000093041319000366/c92779_10k.htm,cover_fiscal_year_ended,
HON,773840,HONEYWELL INTERNATIONAL INC,current,2019,2019-12-31,2020-02-14,0000773840-20-000009,2020-02-14T18:25:35.000Z,https://www.sec.gov/Archives/edgar/data/773840/000077384020000009/hon1231201910k.htm,dei:DocumentFiscalYearFocus,
HON,773840,HONEYWELL INTERNATIONAL INC,current,2020,2020-12-31,2021-02-12,0000773840-21-000015,2021-02-12T19:31:39.000Z,https://www.sec.gov/Archives/edgar/data/773840/000077384021000015/hon-20201231.htm,dei:DocumentFiscalYearFocus,
HON,773840,HONEYWELL INTERNATIONAL INC,current,2021,2021-12-31,2022-02-11,0000773840-22-000018,2022-02-11T17:37:32.000Z,https://www.sec.gov/Archives/edgar/data/773840/000077384022000018/hon-20211231.htm,audited_override_DEI_2020_conflicts_with_cover_and_period_2021,
HON,773840,HONEYWELL INTERNATIONAL INC,current,2022,2022-12-31,2023-02-10,0000773840-23-000013,2023-02-10T19:09:31.000Z,https://www.sec.gov/Archives/edgar/data/773840/000077384023000013/hon-20221231.htm,dei:DocumentFiscalYearFocus,
HON,773840,HONEYWELL INTERNATIONAL INC,current,2023,2023-12-31,2024-02-16,0000773840-24-000014,2024-02-16T18:40:36.000Z,https://www.sec.gov/Archives/edgar/data/773840/000077384024000014/hon-20231231.htm,dei:DocumentFiscalYearFocus,
HON,773840,HONEYWELL INTERNATIONAL INC,current,2024,2024-12-31,2025-02-14,0000773840-25-000010,2025-02-14T19:50:25.000Z,https://www.sec.gov/Archives/edgar/data/773840/000077384025000010/hon-20241231.htm,dei:DocumentFiscalYearFocus,
HON,773840,HONEYWELL INTERNATIONAL INC,current,2025,2025-12-31,2026-02-17,0000773840-26-000013,2026-02-17T11:07:11.000Z,https://www.sec.gov/Archives/edgar/data/773840/000077384026000013/hon-20251231.htm,dei:DocumentFiscalYearFocus,
IBM,51143,INTERNATIONAL BUSINESS MACHINES CORP,current,2016,2016-12-31,2017-02-28,0001047469-17-001061,2017-02-28T21:23:36.000Z,https://www.sec.gov/Archives/edgar/data/51143/000104746917001061/a2230222z10-k.htm,cover_fiscal_year_ended,https://www.sec.gov/Archives/edgar/data/51143/000104746917001061/a2230222zex-13.htm
IBM,51143,INTERNATIONAL BUSINESS MACHINES CORP,current,2017,2017-12-31,2018-02-27,0001047469-18-001117,2018-02-27T22:13:57.000Z,https://www.sec.gov/Archives/edgar/data/51143/000104746918001117/a2233835z10-k.htm,cover_fiscal_year_ended,https://www.sec.gov/Archives/edgar/data/51143/000104746918001117/a2233835zex-13.htm
IBM,51143,INTERNATIONAL BUSINESS MACHINES CORP,current,2018,2018-12-31,2019-02-26,0001047469-19-000712,2019-02-26T21:27:59.000Z,https://www.sec.gov/Archives/edgar/data/51143/000104746919000712/a2237254z10-k.htm,cover_fiscal_year_ended,https://www.sec.gov/Archives/edgar/data/51143/000104746919000712/a2237254zex-13.htm
IBM,51143,INTERNATIONAL BUSINESS MACHINES CORP,current,2019,2019-12-31,2020-02-25,0001558370-20-001334,2020-02-25T21:54:20.000Z,https://www.sec.gov/Archives/edgar/data/51143/000155837020001334/ibm-20191231x10k2af531.htm,dei:DocumentFiscalYearFocus,https://www.sec.gov/Archives/edgar/data/51143/000155837020001334/ibm-20191231xex13907c3.htm
IBM,51143,INTERNATIONAL BUSINESS MACHINES CORP,current,2020,2020-12-31,2021-02-23,0001558370-21-001489,2021-02-23T22:08:23.000Z,https://www.sec.gov/Archives/edgar/data/51143/000155837021001489/ibm-20201231x10k.htm,dei:DocumentFiscalYearFocus,https://www.sec.gov/Archives/edgar/data/51143/000155837021001489/ibm-20201231xex13.htm
IBM,51143,INTERNATIONAL BUSINESS MACHINES CORP,current,2021,2021-12-31,2022-02-22,0001558370-22-001584,2022-02-22T21:07:29.000Z,https://www.sec.gov/Archives/edgar/data/51143/000155837022001584/ibm-20211231x10k.htm,dei:DocumentFiscalYearFocus,https://www.sec.gov/Archives/edgar/data/51143/000155837022001584/ibm-20211231xex13.htm
IBM,51143,INTERNATIONAL BUSINESS MACHINES CORP,current,2022,2022-12-31,2023-02-28,0001558370-23-002376,2023-02-28T21:26:11.000Z,https://www.sec.gov/Archives/edgar/data/51143/000155837023002376/ibm-20221231x10k.htm,dei:DocumentFiscalYearFocus,https://www.sec.gov/Archives/edgar/data/51143/000155837023002376/ibm-20221231xex13.htm
IBM,51143,INTERNATIONAL BUSINESS MACHINES CORP,current,2023,2023-12-31,2024-02-26,0000051143-24-000012,2024-02-26T11:41:57.000Z,https://www.sec.gov/Archives/edgar/data/51143/000005114324000012/ibm-20231231.htm,dei:DocumentFiscalYearFocus,https://www.sec.gov/Archives/edgar/data/51143/000005114324000012/ibm-20231231_d2.htm
IBM,51143,INTERNATIONAL BUSINESS MACHINES CORP,current,2024,2024-12-31,2025-02-25,0000051143-25-000015,2025-02-25T21:12:45.000Z,https://www.sec.gov/Archives/edgar/data/51143/000005114325000015/ibm-20241231.htm,dei:DocumentFiscalYearFocus,https://www.sec.gov/Archives/edgar/data/51143/000005114325000015/ibm-20241231_d2.htm
IBM,51143,INTERNATIONAL BUSINESS MACHINES CORP,current,2025,2025-12-31,2026-02-24,0000051143-26-000010,2026-02-24T21:07:07.000Z,https://www.sec.gov/Archives/edgar/data/51143/000005114326000010/ibm-20251231.htm,dei:DocumentFiscalYearFocus,https://www.sec.gov/Archives/edgar/data/51143/000005114326000010/ibm-20251231_d2.htm
INTC,50863,INTEL CORP,current,2016,2016-12-31,2017-02-17,0000050863-17-000012,2017-02-17T13:37:46.000Z,https://www.sec.gov/Archives/edgar/data/50863/000005086317000012/a10kdocument12312016q4.htm,cover_fiscal_year_ended,
INTC,50863,INTEL CORP,current,2017,2017-12-30,2018-02-16,0000050863-18-000007,2018-02-16T13:31:45.000Z,https://www.sec.gov/Archives/edgar/data/50863/000005086318000007/a12302017q4-10kdocument.htm,cover_fiscal_year_ended,
INTC,50863,INTEL CORP,current,2018,2018-12-29,2019-02-01,0000050863-19-000007,2019-02-01T14:00:50.000Z,https://www.sec.gov/Archives/edgar/data/50863/000005086319000007/a12292018q4-10kdocument.htm,cover_fiscal_year_ended,
INTC,50863,INTEL CORP,current,2019,2019-12-28,2020-01-24,0000050863-20-000011,2020-01-23T23:39:55.000Z,https://www.sec.gov/Archives/edgar/data/50863/000005086320000011/a12282019q4-10kdocument.htm,dei:DocumentFiscalYearFocus,
INTC,50863,INTEL CORP,current,2020,2020-12-26,2021-01-22,0000050863-21-000010,2021-01-22T00:06:04.000Z,https://www.sec.gov/Archives/edgar/data/50863/000005086321000010/intc-20201226.htm,dei:DocumentFiscalYearFocus,
INTC,50863,INTEL CORP,current,2021,2021-12-25,2022-01-27,0000050863-22-000007,2022-01-26T23:34:53.000Z,https://www.sec.gov/Archives/edgar/data/50863/000005086322000007/intc-20211225.htm,dei:DocumentFiscalYearFocus,
INTC,50863,INTEL CORP,current,2022,2022-12-31,2023-01-27,0000050863-23-000006,2023-01-26T23:31:20.000Z,https://www.sec.gov/Archives/edgar/data/50863/000005086323000006/intc-20221231.htm,dei:DocumentFiscalYearFocus,
INTC,50863,INTEL CORP,current,2023,2023-12-30,2024-01-26,0000050863-24-000010,2024-01-25T23:38:16.000Z,https://www.sec.gov/Archives/edgar/data/50863/000005086324000010/intc-20231230.htm,dei:DocumentFiscalYearFocus,
INTC,50863,INTEL CORP,current,2024,2024-12-28,2025-01-31,0000050863-25-000009,2025-01-31T22:13:51.000Z,https://www.sec.gov/Archives/edgar/data/50863/000005086325000009/intc-20241228.htm,dei:DocumentFiscalYearFocus,
INTC,50863,INTEL CORP,current,2025,2025-12-27,2026-01-23,0000050863-26-000011,2026-01-22T23:43:06.000Z,https://www.sec.gov/Archives/edgar/data/50863/000005086326000011/intc-20251227.htm,dei:DocumentFiscalYearFocus,
JNJ,200406,JOHNSON & JOHNSON,current,2016,2017-01-01,2017-02-27,0000200406-17-000006,2017-02-27T21:52:48.000Z,https://www.sec.gov/Archives/edgar/data/200406/000020040617000006/form10-k20170101.htm,JNJ_52_53_week_year_January_ending_previous_year,
JNJ,200406,JOHNSON & JOHNSON,current,2017,2017-12-31,2018-02-21,0000200406-18-000005,2018-02-21T21:49:20.000Z,https://www.sec.gov/Archives/edgar/data/200406/000020040618000005/form10-k20171231.htm,cover_fiscal_year_ended,
JNJ,200406,JOHNSON & JOHNSON,current,2018,2018-12-30,2019-02-20,0000200406-19-000009,2019-02-20T21:40:34.000Z,https://www.sec.gov/Archives/edgar/data/200406/000020040619000009/form10-k20181230.htm,cover_fiscal_year_ended,
JNJ,200406,JOHNSON & JOHNSON,current,2019,2019-12-29,2020-02-18,0000200406-20-000010,2020-02-18T21:34:21.000Z,https://www.sec.gov/Archives/edgar/data/200406/000020040620000010/form10-k20191229.htm,dei:DocumentFiscalYearFocus,
JNJ,200406,JOHNSON & JOHNSON,current,2020,2021-01-03,2021-02-22,0000200406-21-000008,2021-02-22T21:36:14.000Z,https://www.sec.gov/Archives/edgar/data/200406/000020040621000008/jnj-20210103.htm,dei:DocumentFiscalYearFocus,
JNJ,200406,JOHNSON & JOHNSON,current,2021,2022-01-02,2022-02-17,0000200406-22-000022,2022-02-17T21:06:50.000Z,https://www.sec.gov/Archives/edgar/data/200406/000020040622000022/jnj-20220102.htm,dei:DocumentFiscalYearFocus,
JNJ,200406,JOHNSON & JOHNSON,current,2022,2023-01-01,2023-02-16,0000200406-23-000016,2023-02-16T21:01:53.000Z,https://www.sec.gov/Archives/edgar/data/200406/000020040623000016/jnj-20230101.htm,dei:DocumentFiscalYearFocus,
JNJ,200406,JOHNSON & JOHNSON,current,2023,2023-12-31,2024-02-16,0000200406-24-000013,2024-02-16T21:12:22.000Z,https://www.sec.gov/Archives/edgar/data/200406/000020040624000013/jnj-20231231.htm,dei:DocumentFiscalYearFocus,
JNJ,200406,JOHNSON & JOHNSON,current,2024,2024-12-29,2025-02-13,0000200406-25-000038,2025-02-13T21:07:39.000Z,https://www.sec.gov/Archives/edgar/data/200406/000020040625000038/jnj-20241229.htm,dei:DocumentFiscalYearFocus,
JNJ,200406,JOHNSON & JOHNSON,current,2025,2025-12-28,2026-02-11,0000200406-26-000016,2026-02-11T21:06:11.000Z,https://www.sec.gov/Archives/edgar/data/200406/000020040626000016/jnj-20251228.htm,dei:DocumentFiscalYearFocus,
JPM,19617,JPMORGAN CHASE & CO,current,2016,2016-12-31,2017-02-28,0000019617-17-000314,2017-02-28T21:23:41.000Z,https://www.sec.gov/Archives/edgar/data/19617/000001961717000314/corp10k2016.htm,cover_fiscal_year_ended,
JPM,19617,JPMORGAN CHASE & CO,current,2017,2017-12-31,2018-02-27,0000019617-18-000057,2018-02-27T21:23:03.000Z,https://www.sec.gov/Archives/edgar/data/19617/000001961718000057/corp10k2017.htm,cover_fiscal_year_ended,
JPM,19617,JPMORGAN CHASE & CO,current,2018,2018-12-31,2019-02-26,0000019617-19-000054,2019-02-26T21:57:25.000Z,https://www.sec.gov/Archives/edgar/data/19617/000001961719000054/corp10k2018.htm,dei:DocumentFiscalYearFocus,
JPM,19617,JPMORGAN CHASE & CO,current,2019,2019-12-31,2020-02-25,0000019617-20-000257,2020-02-25T21:31:02.000Z,https://www.sec.gov/Archives/edgar/data/19617/000001961720000257/corp10k2019.htm,dei:DocumentFiscalYearFocus,
JPM,19617,JPMORGAN CHASE & CO,current,2020,2020-12-31,2021-02-23,0000019617-21-000236,2021-02-23T21:17:29.000Z,https://www.sec.gov/Archives/edgar/data/19617/000001961721000236/jpm-20201231.htm,dei:DocumentFiscalYearFocus,
JPM,19617,JPMORGAN CHASE & CO,current,2021,2021-12-31,2022-02-22,0000019617-22-000272,2022-02-22T21:56:31.000Z,https://www.sec.gov/Archives/edgar/data/19617/000001961722000272/jpm-20211231.htm,dei:DocumentFiscalYearFocus,
JPM,19617,JPMORGAN CHASE & CO,current,2022,2022-12-31,2023-02-21,0000019617-23-000231,2023-02-21T21:13:55.000Z,https://www.sec.gov/Archives/edgar/data/19617/000001961723000231/jpm-20221231.htm,dei:DocumentFiscalYearFocus,
JPM,19617,JPMORGAN CHASE & CO,current,2023,2023-12-31,2024-02-16,0000019617-24-000225,2024-02-16T21:20:22.000Z,https://www.sec.gov/Archives/edgar/data/19617/000001961724000225/jpm-20231231.htm,dei:DocumentFiscalYearFocus,
JPM,19617,JPMORGAN CHASE & CO,current,2024,2024-12-31,2025-02-14,0000019617-25-000270,2025-02-14T21:17:07.000Z,https://www.sec.gov/Archives/edgar/data/19617/000001961725000270/jpm-20241231.htm,dei:DocumentFiscalYearFocus,
JPM,19617,JPMORGAN CHASE & CO,current,2025,2025-12-31,2026-02-13,0001628280-26-008131,2026-02-13T21:20:00.000Z,https://www.sec.gov/Archives/edgar/data/19617/000162828026008131/jpm-20251231.htm,dei:DocumentFiscalYearFocus,
KO,21344,COCA COLA CO,current,2016,2016-12-31,2017-02-24,0000021344-17-000009,2017-02-24T16:34:47.000Z,https://www.sec.gov/Archives/edgar/data/21344/000002134417000009/a2016123110-k.htm,cover_fiscal_year_ended,
KO,21344,COCA COLA CO,current,2017,2017-12-31,2018-02-23,0000021344-18-000008,2018-02-23T16:20:20.000Z,https://www.sec.gov/Archives/edgar/data/21344/000002134418000008/a2017123110-k.htm,cover_fiscal_year_ended,
KO,21344,COCA COLA CO,current,2018,2018-12-31,2019-02-21,0000021344-19-000014,2019-02-21T21:55:42.000Z,https://www.sec.gov/Archives/edgar/data/21344/000002134419000014/a2018123110-k.htm,cover_fiscal_year_ended,
KO,21344,COCA COLA CO,current,2019,2019-12-31,2020-02-24,0000021344-20-000006,2020-02-24T21:08:17.000Z,https://www.sec.gov/Archives/edgar/data/21344/000002134420000006/a2019123110-k.htm,dei:DocumentFiscalYearFocus,
KO,21344,COCA COLA CO,current,2020,2020-12-31,2021-02-25,0000021344-21-000008,2021-02-25T18:47:17.000Z,https://www.sec.gov/Archives/edgar/data/21344/000002134421000008/ko-20201231.htm,dei:DocumentFiscalYearFocus,
KO,21344,COCA COLA CO,current,2021,2021-12-31,2022-02-22,0000021344-22-000009,2022-02-22T20:45:48.000Z,https://www.sec.gov/Archives/edgar/data/21344/000002134422000009/ko-20211231.htm,dei:DocumentFiscalYearFocus,
KO,21344,COCA COLA CO,current,2022,2022-12-31,2023-02-21,0000021344-23-000011,2023-02-21T21:03:20.000Z,https://www.sec.gov/Archives/edgar/data/21344/000002134423000011/ko-20221231.htm,dei:DocumentFiscalYearFocus,
KO,21344,COCA COLA CO,current,2023,2023-12-31,2024-02-20,0000021344-24-000009,2024-02-20T18:21:24.000Z,https://www.sec.gov/Archives/edgar/data/21344/000002134424000009/ko-20231231.htm,dei:DocumentFiscalYearFocus,
KO,21344,COCA COLA CO,current,2024,2024-12-31,2025-02-20,0000021344-25-000011,2025-02-20T20:17:12.000Z,https://www.sec.gov/Archives/edgar/data/21344/000002134425000011/ko-20241231.htm,dei:DocumentFiscalYearFocus,
KO,21344,COCA COLA CO,current,2025,2025-12-31,2026-02-20,0001628280-26-010047,2026-02-20T14:46:32.000Z,https://www.sec.gov/Archives/edgar/data/21344/000162828026010047/ko-20251231.htm,dei:DocumentFiscalYearFocus,
LMT,936468,LOCKHEED MARTIN CORP,current,2016,2016-12-31,2017-02-09,0001193125-17-036192,2017-02-09T21:32:41.000Z,https://www.sec.gov/Archives/edgar/data/936468/000119312517036192/d290249d10k.htm,cover_fiscal_year_ended,
LMT,936468,LOCKHEED MARTIN CORP,current,2017,2017-12-31,2018-02-06,0000936468-18-000009,2018-02-06T21:22:43.000Z,https://www.sec.gov/Archives/edgar/data/936468/000093646818000009/lmtq4201710k.htm,cover_fiscal_year_ended,
LMT,936468,LOCKHEED MARTIN CORP,current,2018,2018-12-31,2019-02-08,0000936468-19-000009,2019-02-08T16:38:57.000Z,https://www.sec.gov/Archives/edgar/data/936468/000093646819000009/lmtq4201810k.htm,cover_fiscal_year_ended,
LMT,936468,LOCKHEED MARTIN CORP,current,2019,2019-12-31,2020-02-07,0000936468-20-000016,2020-02-07T16:44:16.000Z,https://www.sec.gov/Archives/edgar/data/936468/000093646820000016/lmtq4201910k.htm,dei:DocumentFiscalYearFocus,
LMT,936468,LOCKHEED MARTIN CORP,current,2020,2020-12-31,2021-01-28,0000936468-21-000013,2021-01-28T22:08:55.000Z,https://www.sec.gov/Archives/edgar/data/936468/000093646821000013/lmt-20201231.htm,dei:DocumentFiscalYearFocus,
LMT,936468,LOCKHEED MARTIN CORP,current,2021,2021-12-31,2022-01-25,0000936468-22-000008,2022-01-25T12:58:39.000Z,https://www.sec.gov/Archives/edgar/data/936468/000093646822000008/lmt-20211231.htm,dei:DocumentFiscalYearFocus,
LMT,936468,LOCKHEED MARTIN CORP,current,2022,2022-12-31,2023-01-26,0000936468-23-000009,2023-01-26T21:29:45.000Z,https://www.sec.gov/Archives/edgar/data/936468/000093646823000009/lmt-20221231.htm,dei:DocumentFiscalYearFocus,
LMT,936468,LOCKHEED MARTIN CORP,current,2023,2023-12-31,2024-01-23,0000936468-24-000010,2024-01-23T21:17:08.000Z,https://www.sec.gov/Archives/edgar/data/936468/000093646824000010/lmt-20231231.htm,dei:DocumentFiscalYearFocus,
LMT,936468,LOCKHEED MARTIN CORP,current,2024,2024-12-31,2025-01-28,0000936468-25-000009,2025-01-28T21:12:50.000Z,https://www.sec.gov/Archives/edgar/data/936468/000093646825000009/lmt-20241231.htm,dei:DocumentFiscalYearFocus,
LMT,936468,LOCKHEED MARTIN CORP,current,2025,2025-12-31,2026-01-29,0001628280-26-004195,2026-01-29T22:18:08.000Z,https://www.sec.gov/Archives/edgar/data/936468/000162828026004195/lmt-20251231.htm,dei:DocumentFiscalYearFocus,
MCD,63908,MCDONALDS CORP,current,2016,2016-12-31,2017-03-01,0000063908-17-000017,2017-03-01T17:16:56.000Z,https://www.sec.gov/Archives/edgar/data/63908/000006390817000017/mcd-12312016x10k.htm,cover_fiscal_year_ended,
MCD,63908,MCDONALDS CORP,current,2017,2017-12-31,2018-02-23,0000063908-18-000010,2018-02-23T17:45:01.000Z,https://www.sec.gov/Archives/edgar/data/63908/000006390818000010/mcd-12312017x10k.htm,dei:DocumentFiscalYearFocus,
MCD,63908,MCDONALDS CORP,current,2018,2018-12-31,2019-02-22,0000063908-19-000010,2019-02-22T14:48:25.000Z,https://www.sec.gov/Archives/edgar/data/63908/000006390819000010/mcd-12312018x10k.htm,dei:DocumentFiscalYearFocus,
MCD,63908,MCDONALDS CORP,current,2019,2019-12-31,2020-02-26,0000063908-20-000022,2020-02-26T16:58:02.000Z,https://www.sec.gov/Archives/edgar/data/63908/000006390820000022/mcd-12312019x10k.htm,dei:DocumentFiscalYearFocus,
MCD,63908,MCDONALDS CORP,current,2020,2020-12-31,2021-02-23,0000063908-21-000013,2021-02-23T18:50:20.000Z,https://www.sec.gov/Archives/edgar/data/63908/000006390821000013/mcd-20201231.htm,dei:DocumentFiscalYearFocus,
MCD,63908,MCDONALDS CORP,current,2021,2021-12-31,2022-02-24,0000063908-22-000011,2022-02-24T21:19:08.000Z,https://www.sec.gov/Archives/edgar/data/63908/000006390822000011/mcd-20211231.htm,dei:DocumentFiscalYearFocus,
MCD,63908,MCDONALDS CORP,current,2022,2022-12-31,2023-02-24,0000063908-23-000012,2023-02-24T17:34:36.000Z,https://www.sec.gov/Archives/edgar/data/63908/000006390823000012/mcd-20221231.htm,dei:DocumentFiscalYearFocus,
MCD,63908,MCDONALDS CORP,current,2023,2023-12-31,2024-02-22,0000063908-24-000072,2024-02-22T17:31:15.000Z,https://www.sec.gov/Archives/edgar/data/63908/000006390824000072/mcd-20231231.htm,dei:DocumentFiscalYearFocus,
MCD,63908,MCDONALDS CORP,current,2024,2024-12-31,2025-02-25,0000063908-25-000012,2025-02-25T18:19:01.000Z,https://www.sec.gov/Archives/edgar/data/63908/000006390825000012/mcd-20241231.htm,dei:DocumentFiscalYearFocus,
MCD,63908,MCDONALDS CORP,current,2025,2025-12-31,2026-02-24,0000063908-26-000035,2026-02-24T16:12:45.000Z,https://www.sec.gov/Archives/edgar/data/63908/000006390826000035/mcd-20251231.htm,dei:DocumentFiscalYearFocus,
MRK,310158,"Merck & Co., Inc.",current,2016,2016-12-31,2017-02-28,0000310158-17-000010,2017-02-28T21:33:13.000Z,https://www.sec.gov/Archives/edgar/data/310158/000031015817000010/mrk1231201610k.htm,cover_fiscal_year_ended,
MRK,310158,"Merck & Co., Inc.",current,2017,2017-12-31,2018-02-27,0000310158-18-000005,2018-02-27T21:33:07.000Z,https://www.sec.gov/Archives/edgar/data/310158/000031015818000005/mrk1231201710k.htm,cover_fiscal_year_ended,
MRK,310158,"Merck & Co., Inc.",current,2018,2018-12-31,2019-02-27,0000310158-19-000014,2019-02-27T21:36:42.000Z,https://www.sec.gov/Archives/edgar/data/310158/000031015819000014/mrk1231201810k.htm,cover_fiscal_year_ended,
MRK,310158,"Merck & Co., Inc.",current,2019,2019-12-31,2020-02-26,0000310158-20-000005,2020-02-26T21:36:07.000Z,https://www.sec.gov/Archives/edgar/data/310158/000031015820000005/mrk1231201910k.htm,dei:DocumentFiscalYearFocus,
MRK,310158,"Merck & Co., Inc.",current,2020,2020-12-31,2021-02-25,0000310158-21-000004,2021-02-25T21:34:56.000Z,https://www.sec.gov/Archives/edgar/data/310158/000031015821000004/mrk-20201231.htm,dei:DocumentFiscalYearFocus,
MRK,310158,"Merck & Co., Inc.",current,2021,2021-12-31,2022-02-25,0000310158-22-000003,2022-02-25T21:44:28.000Z,https://www.sec.gov/Archives/edgar/data/310158/000031015822000003/mrk-20211231.htm,dei:DocumentFiscalYearFocus,
MRK,310158,"Merck & Co., Inc.",current,2022,2022-12-31,2023-02-24,0001628280-23-005061,2023-02-24T21:22:30.000Z,https://www.sec.gov/Archives/edgar/data/310158/000162828023005061/mrk-20221231.htm,dei:DocumentFiscalYearFocus,
MRK,310158,"Merck & Co., Inc.",current,2023,2023-12-31,2024-02-26,0001628280-24-006850,2024-02-26T21:06:55.000Z,https://www.sec.gov/Archives/edgar/data/310158/000162828024006850/mrk-20231231.htm,dei:DocumentFiscalYearFocus,
MRK,310158,"Merck & Co., Inc.",current,2024,2024-12-31,2025-02-25,0001628280-25-007732,2025-02-25T21:19:11.000Z,https://www.sec.gov/Archives/edgar/data/310158/000162828025007732/mrk-20241231.htm,dei:DocumentFiscalYearFocus,
MRK,310158,"Merck & Co., Inc.",current,2025,2025-12-31,2026-02-24,0000310158-26-000063,2026-02-24T21:15:30.000Z,https://www.sec.gov/Archives/edgar/data/310158/000031015826000063/mrk-20251231.htm,dei:DocumentFiscalYearFocus,
MS,895421,MORGAN STANLEY,current,2016,2016-12-31,2017-02-27,0001193125-17-059212,2017-02-27T22:05:04.000Z,https://www.sec.gov/Archives/edgar/data/895421/000119312517059212/d328282d10k.htm,cover_fiscal_year_ended,
MS,895421,MORGAN STANLEY,current,2017,2017-12-31,2018-02-27,0001193125-18-060831,2018-02-27T21:09:47.000Z,https://www.sec.gov/Archives/edgar/data/895421/000119312518060831/d500533d10k.htm,cover_fiscal_year_ended,
MS,895421,MORGAN STANLEY,current,2018,2018-12-31,2019-02-26,0001193125-19-051943,2019-02-26T21:12:52.000Z,https://www.sec.gov/Archives/edgar/data/895421/000119312519051943/d707577d10k.htm,cover_fiscal_year_ended,
MS,895421,MORGAN STANLEY,current,2019,2019-12-31,2020-02-27,0000895421-20-000265,2020-02-27T21:34:27.000Z,https://www.sec.gov/Archives/edgar/data/895421/000089542120000265/msq4201910k.htm,dei:DocumentFiscalYearFocus,
MS,895421,MORGAN STANLEY,current,2020,2020-12-31,2021-02-26,0000895421-21-000286,2021-02-26T21:23:40.000Z,https://www.sec.gov/Archives/edgar/data/895421/000089542121000286/ms-20201231.htm,dei:DocumentFiscalYearFocus,
MS,895421,MORGAN STANLEY,current,2021,2021-12-31,2022-02-24,0000895421-22-000400,2022-02-24T21:06:17.000Z,https://www.sec.gov/Archives/edgar/data/895421/000089542122000400/ms-20211231.htm,dei:DocumentFiscalYearFocus,
MS,895421,MORGAN STANLEY,current,2022,2022-12-31,2023-02-24,0000895421-23-000284,2023-02-24T21:05:43.000Z,https://www.sec.gov/Archives/edgar/data/895421/000089542123000284/ms-20221231.htm,dei:DocumentFiscalYearFocus,
MS,895421,MORGAN STANLEY,current,2023,2023-12-31,2024-02-22,0000895421-24-000300,2024-02-22T21:08:52.000Z,https://www.sec.gov/Archives/edgar/data/895421/000089542124000300/ms-20231231.htm,dei:DocumentFiscalYearFocus,
MS,895421,MORGAN STANLEY,current,2024,2024-12-31,2025-02-21,0000895421-25-000304,2025-02-21T21:25:14.000Z,https://www.sec.gov/Archives/edgar/data/895421/000089542125000304/ms-20241231.htm,dei:DocumentFiscalYearFocus,
MS,895421,MORGAN STANLEY,current,2025,2025-12-31,2026-02-19,0000895421-26-000086,2026-02-19T21:42:18.000Z,https://www.sec.gov/Archives/edgar/data/895421/000089542126000086/ms-20251231.htm,dei:DocumentFiscalYearFocus,
MSFT,789019,MICROSOFT CORP,current,2016,2016-06-30,2016-07-28,0001193125-16-662209,2016-07-28T20:12:18.000Z,https://www.sec.gov/Archives/edgar/data/789019/000119312516662209/d187868d10k.htm,cover_fiscal_year_ended,
MSFT,789019,MICROSOFT CORP,current,2017,2017-06-30,2017-08-02,0001564590-17-014900,2017-08-02T20:15:01.000Z,https://www.sec.gov/Archives/edgar/data/789019/000156459017014900/msft-10k_20170630.htm,cover_fiscal_year_ended,
MSFT,789019,MICROSOFT CORP,current,2018,2018-06-30,2018-08-03,0001564590-18-019062,2018-08-03T15:03:33.000Z,https://www.sec.gov/Archives/edgar/data/789019/000156459018019062/msft-10k_20180630.htm,cover_fiscal_year_ended,
MSFT,789019,MICROSOFT CORP,current,2019,2019-06-30,2019-08-01,0001564590-19-027952,2019-08-01T20:09:55.000Z,https://www.sec.gov/Archives/edgar/data/789019/000156459019027952/msft-10k_20190630.htm,cover_fiscal_year_ended,
MSFT,789019,MICROSOFT CORP,current,2020,2020-06-30,2020-07-30,0001564590-20-034944,2020-07-31T00:44:46.000Z,https://www.sec.gov/Archives/edgar/data/789019/000156459020034944/msft-10k_20200630.htm,dei:DocumentFiscalYearFocus,
MSFT,789019,MICROSOFT CORP,current,2021,2021-06-30,2021-07-29,0001564590-21-039151,2021-07-29T20:21:55.000Z,https://www.sec.gov/Archives/edgar/data/789019/000156459021039151/msft-10k_20210630.htm,dei:DocumentFiscalYearFocus,
MSFT,789019,MICROSOFT CORP,current,2022,2022-06-30,2022-07-28,0001564590-22-026876,2022-07-28T20:06:19.000Z,https://www.sec.gov/Archives/edgar/data/789019/000156459022026876/msft-10k_20220630.htm,dei:DocumentFiscalYearFocus,
MSFT,789019,MICROSOFT CORP,current,2023,2023-06-30,2023-07-27,0000950170-23-035122,2023-07-27T20:01:56.000Z,https://www.sec.gov/Archives/edgar/data/789019/000095017023035122/msft-20230630.htm,dei:DocumentFiscalYearFocus,
MSFT,789019,MICROSOFT CORP,current,2024,2024-06-30,2024-07-30,0000950170-24-087843,2024-07-30T20:06:22.000Z,https://www.sec.gov/Archives/edgar/data/789019/000095017024087843/msft-20240630.htm,dei:DocumentFiscalYearFocus,
MSFT,789019,MICROSOFT CORP,current,2025,2025-06-30,2025-07-30,0000950170-25-100235,2025-07-30T20:11:40.000Z,https://www.sec.gov/Archives/edgar/data/789019/000095017025100235/msft-20250630.htm,dei:DocumentFiscalYearFocus,
NEE,753308,NEXTERA ENERGY INC,current,2016,2016-12-31,2017-02-23,0000753308-17-000060,2017-02-23T20:57:53.000Z,https://www.sec.gov/Archives/edgar/data/753308/000075330817000060/nee-12312016x10k.htm,cover_fiscal_year_ended,
NEE,753308,NEXTERA ENERGY INC,current,2017,2017-12-31,2018-02-16,0000753308-18-000013,2018-02-16T20:44:58.000Z,https://www.sec.gov/Archives/edgar/data/753308/000075330818000013/nee-12312017x10k.htm,cover_fiscal_year_ended,
NEE,753308,NEXTERA ENERGY INC,current,2018,2018-12-31,2019-02-15,0000753308-19-000039,2019-02-15T22:22:00.000Z,https://www.sec.gov/Archives/edgar/data/753308/000075330819000039/nee-12312018x10k.htm,cover_fiscal_year_ended,
NEE,753308,NEXTERA ENERGY INC,current,2019,2019-12-31,2020-02-14,0000753308-20-000021,2020-02-14T20:24:19.000Z,https://www.sec.gov/Archives/edgar/data/753308/000075330820000021/nee-12312019x10k.htm,dei:DocumentFiscalYearFocus,
NEE,753308,NEXTERA ENERGY INC,current,2020,2020-12-31,2021-02-12,0000753308-21-000014,2021-02-12T21:07:50.000Z,https://www.sec.gov/Archives/edgar/data/753308/000075330821000014/nee-20201231.htm,dei:DocumentFiscalYearFocus,
NEE,753308,NEXTERA ENERGY INC,current,2021,2021-12-31,2022-02-18,0000753308-22-000014,2022-02-18T11:28:58.000Z,https://www.sec.gov/Archives/edgar/data/753308/000075330822000014/nee-20211231.htm,dei:DocumentFiscalYearFocus,
NEE,753308,NEXTERA ENERGY INC,current,2022,2022-12-31,2023-02-17,0000753308-23-000019,2023-02-17T21:25:38.000Z,https://www.sec.gov/Archives/edgar/data/753308/000075330823000019/nee-20221231.htm,dei:DocumentFiscalYearFocus,
NEE,753308,NEXTERA ENERGY INC,current,2023,2023-12-31,2024-02-16,0000753308-24-000008,2024-02-16T22:17:00.000Z,https://www.sec.gov/Archives/edgar/data/753308/000075330824000008/nee-20231231.htm,dei:DocumentFiscalYearFocus,
NEE,753308,NEXTERA ENERGY INC,current,2024,2024-12-31,2025-02-14,0000753308-25-000011,2025-02-14T19:23:43.000Z,https://www.sec.gov/Archives/edgar/data/753308/000075330825000011/nee-20241231.htm,dei:DocumentFiscalYearFocus,
NEE,753308,NEXTERA ENERGY INC,current,2025,2025-12-31,2026-02-13,0000753308-26-000015,2026-02-13T21:19:14.000Z,https://www.sec.gov/Archives/edgar/data/753308/000075330826000015/nee-20251231.htm,dei:DocumentFiscalYearFocus,
NKE,320187,"NIKE, Inc.",current,2016,2016-05-31,2016-07-21,0000320187-16-000336,2016-07-21T20:11:03.000Z,https://www.sec.gov/Archives/edgar/data/320187/000032018716000336/nke-5312016x10k.htm,cover_fiscal_year_ended,
NKE,320187,"NIKE, Inc.",current,2017,2017-05-31,2017-07-20,0000320187-17-000090,2017-07-20T20:18:16.000Z,https://www.sec.gov/Archives/edgar/data/320187/000032018717000090/nke-5312017x10k.htm,cover_fiscal_year_ended,
NKE,320187,"NIKE, Inc.",current,2018,2018-05-31,2018-07-25,0000320187-18-000142,2018-07-24T22:22:39.000Z,https://www.sec.gov/Archives/edgar/data/320187/000032018718000142/nke-5312018x10k.htm,cover_fiscal_year_ended,
NKE,320187,"NIKE, Inc.",current,2019,2019-05-31,2019-07-23,0000320187-19-000051,2019-07-23T20:13:55.000Z,https://www.sec.gov/Archives/edgar/data/320187/000032018719000051/nke-531201910k.htm,cover_fiscal_year_ended,
NKE,320187,"NIKE, Inc.",current,2020,2020-05-31,2020-07-24,0000320187-20-000047,2020-07-24T20:07:45.000Z,https://www.sec.gov/Archives/edgar/data/320187/000032018720000047/nke-531202010k.htm,dei:DocumentFiscalYearFocus,
NKE,320187,"NIKE, Inc.",current,2021,2021-05-31,2021-07-20,0000320187-21-000028,2021-07-20T20:11:03.000Z,https://www.sec.gov/Archives/edgar/data/320187/000032018721000028/nke-20210531.htm,dei:DocumentFiscalYearFocus,
NKE,320187,"NIKE, Inc.",current,2022,2022-05-31,2022-07-21,0000320187-22-000038,2022-07-21T20:05:53.000Z,https://www.sec.gov/Archives/edgar/data/320187/000032018722000038/nke-20220531.htm,dei:DocumentFiscalYearFocus,
NKE,320187,"NIKE, Inc.",current,2023,2023-05-31,2023-07-20,0000320187-23-000039,2023-07-20T20:20:36.000Z,https://www.sec.gov/Archives/edgar/data/320187/000032018723000039/nke-20230531.htm,dei:DocumentFiscalYearFocus,
NKE,320187,"NIKE, Inc.",current,2024,2024-05-31,2024-07-25,0000320187-24-000044,2024-07-25T20:16:58.000Z,https://www.sec.gov/Archives/edgar/data/320187/000032018724000044/nke-20240531.htm,dei:DocumentFiscalYearFocus,
NKE,320187,"NIKE, Inc.",current,2025,2025-05-31,2025-07-17,0000320187-25-000047,2025-07-17T20:25:25.000Z,https://www.sec.gov/Archives/edgar/data/320187/000032018725000047/nke-20250531.htm,dei:DocumentFiscalYearFocus,
NVDA,1045810,NVIDIA CORP,current,2016,2016-01-31,2016-03-17,0001045810-16-000205,2016-03-16T22:07:18.000Z,https://www.sec.gov/Archives/edgar/data/1045810/000104581016000205/nvda-2016x10k.htm,cover_fiscal_year_ended,
NVDA,1045810,NVIDIA CORP,current,2017,2017-01-29,2017-03-01,0001045810-17-000027,2017-03-01T22:30:49.000Z,https://www.sec.gov/Archives/edgar/data/1045810/000104581017000027/nvda-2017x10k.htm,cover_fiscal_year_ended,
NVDA,1045810,NVIDIA CORP,current,2018,2018-01-28,2018-02-28,0001045810-18-000010,2018-02-28T21:31:19.000Z,https://www.sec.gov/Archives/edgar/data/1045810/000104581018000010/nvda-2018x10k.htm,cover_fiscal_year_ended,
NVDA,1045810,NVIDIA CORP,current,2019,2019-01-27,2019-02-21,0001045810-19-000023,2019-02-21T21:37:18.000Z,https://www.sec.gov/Archives/edgar/data/1045810/000104581019000023/nvda-2019x10k.htm,cover_fiscal_year_ended,
NVDA,1045810,NVIDIA CORP,current,2020,2020-01-26,2020-02-20,0001045810-20-000010,2020-02-20T21:38:18.000Z,https://www.sec.gov/Archives/edgar/data/1045810/000104581020000010/nvda-2020x10k.htm,dei:DocumentFiscalYearFocus,
NVDA,1045810,NVIDIA CORP,current,2021,2021-01-31,2021-02-26,0001045810-21-000010,2021-02-26T22:03:14.000Z,https://www.sec.gov/Archives/edgar/data/1045810/000104581021000010/nvda-20210131.htm,dei:DocumentFiscalYearFocus,
NVDA,1045810,NVIDIA CORP,current,2022,2022-01-30,2022-03-18,0001045810-22-000036,2022-03-18T00:33:34.000Z,https://www.sec.gov/Archives/edgar/data/1045810/000104581022000036/nvda-20220130.htm,dei:DocumentFiscalYearFocus,
NVDA,1045810,NVIDIA CORP,current,2023,2023-01-29,2023-02-24,0001045810-23-000017,2023-02-24T22:23:43.000Z,https://www.sec.gov/Archives/edgar/data/1045810/000104581023000017/nvda-20230129.htm,dei:DocumentFiscalYearFocus,
NVDA,1045810,NVIDIA CORP,current,2024,2024-01-28,2024-02-21,0001045810-24-000029,2024-02-21T21:36:57.000Z,https://www.sec.gov/Archives/edgar/data/1045810/000104581024000029/nvda-20240128.htm,dei:DocumentFiscalYearFocus,
NVDA,1045810,NVIDIA CORP,current,2025,2025-01-26,2025-02-26,0001045810-25-000023,2025-02-26T21:48:33.000Z,https://www.sec.gov/Archives/edgar/data/1045810/000104581025000023/nvda-20250126.htm,dei:DocumentFiscalYearFocus,
ORCL,1341439,ORACLE CORP,current,2016,2016-05-31,2016-06-22,0001193125-16-628942,2016-06-22T20:24:36.000Z,https://www.sec.gov/Archives/edgar/data/1341439/000119312516628942/d203801d10k.htm,cover_fiscal_year_ended,
ORCL,1341439,ORACLE CORP,current,2017,2017-05-31,2017-06-27,0001193125-17-214833,2017-06-27T20:05:35.000Z,https://www.sec.gov/Archives/edgar/data/1341439/000119312517214833/d385998d10k.htm,cover_fiscal_year_ended,
ORCL,1341439,ORACLE CORP,current,2018,2018-05-31,2018-06-22,0001193125-18-201034,2018-06-22T20:09:07.000Z,https://www.sec.gov/Archives/edgar/data/1341439/000119312518201034/d568983d10k.htm,cover_fiscal_year_ended,
ORCL,1341439,ORACLE CORP,current,2019,2019-05-31,2019-06-21,0001564590-19-023119,2019-06-21T20:29:05.000Z,https://www.sec.gov/Archives/edgar/data/1341439/000156459019023119/orcl-10k_20190531.htm,cover_fiscal_year_ended,
ORCL,1341439,ORACLE CORP,current,2020,2020-05-31,2020-06-22,0001564590-20-030125,2020-06-22T20:25:49.000Z,https://www.sec.gov/Archives/edgar/data/1341439/000156459020030125/orcl-10k_20200531.htm,dei:DocumentFiscalYearFocus,
ORCL,1341439,ORACLE CORP,current,2021,2021-05-31,2021-06-21,0001564590-21-033616,2021-06-21T20:10:31.000Z,https://www.sec.gov/Archives/edgar/data/1341439/000156459021033616/orcl-10k_20210531.htm,dei:DocumentFiscalYearFocus,
ORCL,1341439,ORACLE CORP,current,2022,2022-05-31,2022-06-21,0001564590-22-023675,2022-06-21T12:04:37.000Z,https://www.sec.gov/Archives/edgar/data/1341439/000156459022023675/orcl-10k_20220531.htm,dei:DocumentFiscalYearFocus,
ORCL,1341439,ORACLE CORP,current,2023,2023-05-31,2023-06-20,0000950170-23-028914,2023-06-20T20:06:29.000Z,https://www.sec.gov/Archives/edgar/data/1341439/000095017023028914/orcl-20230531.htm,dei:DocumentFiscalYearFocus,
ORCL,1341439,ORACLE CORP,current,2024,2024-05-31,2024-06-20,0000950170-24-075605,2024-06-20T20:21:35.000Z,https://www.sec.gov/Archives/edgar/data/1341439/000095017024075605/orcl-20240531.htm,dei:DocumentFiscalYearFocus,
ORCL,1341439,ORACLE CORP,current,2025,2025-05-31,2025-06-18,0000950170-25-087926,2025-06-18T20:31:22.000Z,https://www.sec.gov/Archives/edgar/data/1341439/000095017025087926/orcl-20250531.htm,dei:DocumentFiscalYearFocus,
PEP,77476,PEPSICO INC,current,2016,2016-12-31,2017-02-15,0000077476-17-000010,2017-02-15T21:35:15.000Z,https://www.sec.gov/Archives/edgar/data/77476/000007747617000010/pepsico201610-k.htm,cover_fiscal_year_ended,
PEP,77476,PEPSICO INC,current,2017,2017-12-30,2018-02-13,0000077476-18-000012,2018-02-13T21:32:31.000Z,https://www.sec.gov/Archives/edgar/data/77476/000007747618000012/pepsico201710-k.htm,cover_fiscal_year_ended,
PEP,77476,PEPSICO INC,current,2018,2018-12-29,2019-02-15,0000077476-19-000017,2019-02-15T21:23:02.000Z,https://www.sec.gov/Archives/edgar/data/77476/000007747619000017/pepsico201810-k.htm,cover_fiscal_year_ended,
PEP,77476,PEPSICO INC,current,2019,2019-12-28,2020-02-13,0000077476-20-000015,2020-02-13T11:09:23.000Z,https://www.sec.gov/Archives/edgar/data/77476/000007747620000015/pepsico201910-k.htm,dei:DocumentFiscalYearFocus,
PEP,77476,PEPSICO INC,current,2020,2020-12-26,2021-02-11,0000077476-21-000007,2021-02-10T22:41:49.000Z,https://www.sec.gov/Archives/edgar/data/77476/000007747621000007/pep-20201226.htm,dei:DocumentFiscalYearFocus,
PEP,77476,PEPSICO INC,current,2021,2021-12-25,2022-02-10,0000077476-22-000010,2022-02-09T23:03:39.000Z,https://www.sec.gov/Archives/edgar/data/77476/000007747622000010/pep-20211225.htm,dei:DocumentFiscalYearFocus,
PEP,77476,PEPSICO INC,current,2022,2022-12-31,2023-02-09,0000077476-23-000007,2023-02-08T23:06:37.000Z,https://www.sec.gov/Archives/edgar/data/77476/000007747623000007/pep-20221231.htm,dei:DocumentFiscalYearFocus,
PEP,77476,PEPSICO INC,current,2023,2023-12-30,2024-02-09,0000077476-24-000008,2024-02-08T22:58:51.000Z,https://www.sec.gov/Archives/edgar/data/77476/000007747624000008/pep-20231230.htm,dei:DocumentFiscalYearFocus,
PEP,77476,PEPSICO INC,current,2024,2024-12-28,2025-02-04,0000077476-25-000007,2025-02-03T23:22:47.000Z,https://www.sec.gov/Archives/edgar/data/77476/000007747625000007/pep-20241228.htm,dei:DocumentFiscalYearFocus,
PEP,77476,PEPSICO INC,current,2025,2025-12-27,2026-02-03,0000077476-26-000007,2026-02-02T23:07:04.000Z,https://www.sec.gov/Archives/edgar/data/77476/000007747626000007/pep-20251227.htm,dei:DocumentFiscalYearFocus,
PFE,78003,PFIZER INC,current,2016,2016-12-31,2017-02-23,0000078003-17-000014,2017-02-23T21:30:32.000Z,https://www.sec.gov/Archives/edgar/data/78003/000007800317000014/pfe-12312016x10kshell.htm,cover_fiscal_year_ended,https://www.sec.gov/Archives/edgar/data/78003/000007800317000014/pfe-12312016x10kexhibit13.htm
PFE,78003,PFIZER INC,current,2017,2017-12-31,2018-02-22,0000078003-18-000027,2018-02-22T20:42:15.000Z,https://www.sec.gov/Archives/edgar/data/78003/000007800318000027/pfe-12312017x10kshell.htm,cover_fiscal_year_ended,https://www.sec.gov/Archives/edgar/data/78003/000007800318000027/pfe-exhibit13x12312017x10k.htm
PFE,78003,PFIZER INC,current,2018,2018-12-31,2019-02-28,0000078003-19-000015,2019-02-28T19:35:32.000Z,https://www.sec.gov/Archives/edgar/data/78003/000007800319000015/pfe-12312018x10kshell.htm,cover_fiscal_year_ended,https://www.sec.gov/Archives/edgar/data/78003/000007800319000015/pfe-exhibit13x12312018x10k.htm
PFE,78003,PFIZER INC,current,2019,2019-12-31,2020-02-27,0000078003-20-000014,2020-02-27T19:15:12.000Z,https://www.sec.gov/Archives/edgar/data/78003/000007800320000014/pfe-12312019x10kshell.htm,dei:DocumentFiscalYearFocus,https://www.sec.gov/Archives/edgar/data/78003/000007800320000014/pfe-exhibit13x12312019.htm
PFE,78003,PFIZER INC,current,2020,2020-12-31,2021-02-25,0000078003-21-000038,2021-02-25T18:59:00.000Z,https://www.sec.gov/Archives/edgar/data/78003/000007800321000038/pfe-20201231.htm,dei:DocumentFiscalYearFocus,
PFE,78003,PFIZER INC,current,2021,2021-12-31,2022-02-24,0000078003-22-000027,2022-02-24T19:25:01.000Z,https://www.sec.gov/Archives/edgar/data/78003/000007800322000027/pfe-20211231.htm,dei:DocumentFiscalYearFocus,
PFE,78003,PFIZER INC,current,2022,2022-12-31,2023-02-23,0000078003-23-000024,2023-02-23T19:12:53.000Z,https://www.sec.gov/Archives/edgar/data/78003/000007800323000024/pfe-20221231.htm,dei:DocumentFiscalYearFocus,
PFE,78003,PFIZER INC,current,2023,2023-12-31,2024-02-22,0000078003-24-000039,2024-02-22T18:17:37.000Z,https://www.sec.gov/Archives/edgar/data/78003/000007800324000039/pfe-20231231.htm,dei:DocumentFiscalYearFocus,
PFE,78003,PFIZER INC,current,2024,2024-12-31,2025-02-27,0000078003-25-000054,2025-02-27T21:27:18.000Z,https://www.sec.gov/Archives/edgar/data/78003/000007800325000054/pfe-20241231.htm,dei:DocumentFiscalYearFocus,
PFE,78003,PFIZER INC,current,2025,2025-12-31,2026-02-26,0000078003-26-000026,2026-02-26T17:44:01.000Z,https://www.sec.gov/Archives/edgar/data/78003/000007800326000026/pfe-20251231.htm,dei:DocumentFiscalYearFocus,
PG,80424,PROCTER & GAMBLE Co,current,2016,2016-06-30,2016-08-09,0000080424-16-000212,2016-08-09T20:03:15.000Z,https://www.sec.gov/Archives/edgar/data/80424/000008042416000212/fy151610-kreport.htm,cover_fiscal_year_ended,
PG,80424,PROCTER & GAMBLE Co,current,2017,2017-06-30,2017-08-07,0000080424-17-000047,2017-08-07T20:05:16.000Z,https://www.sec.gov/Archives/edgar/data/80424/000008042417000047/fy161710-kreport.htm,cover_fiscal_year_ended,
PG,80424,PROCTER & GAMBLE Co,current,2018,2018-06-30,2018-08-07,0000080424-18-000055,2018-08-07T20:19:22.000Z,https://www.sec.gov/Archives/edgar/data/80424/000008042418000055/fy171810-kreport.htm,dei:DocumentFiscalYearFocus,
PG,80424,PROCTER & GAMBLE Co,current,2019,2019-06-30,2019-08-06,0000080424-19-000050,2019-08-06T20:26:04.000Z,https://www.sec.gov/Archives/edgar/data/80424/000008042419000050/fy181910-kreport.htm,dei:DocumentFiscalYearFocus,
PG,80424,PROCTER & GAMBLE Co,current,2020,2020-06-30,2020-08-06,0000080424-20-000053,2020-08-06T20:17:03.000Z,https://www.sec.gov/Archives/edgar/data/80424/000008042420000053/pg-20200630.htm,dei:DocumentFiscalYearFocus,
PG,80424,PROCTER & GAMBLE Co,current,2021,2021-06-30,2021-08-06,0000080424-21-000100,2021-08-06T20:19:59.000Z,https://www.sec.gov/Archives/edgar/data/80424/000008042421000100/pg-20210630.htm,dei:DocumentFiscalYearFocus,
PG,80424,PROCTER & GAMBLE Co,current,2022,2022-06-30,2022-08-05,0000080424-22-000064,2022-08-05T20:21:50.000Z,https://www.sec.gov/Archives/edgar/data/80424/000008042422000064/pg-20220630.htm,dei:DocumentFiscalYearFocus,
PG,80424,PROCTER & GAMBLE Co,current,2023,2023-06-30,2023-08-04,0000080424-23-000073,2023-08-04T20:16:13.000Z,https://www.sec.gov/Archives/edgar/data/80424/000008042423000073/pg-20230630.htm,dei:DocumentFiscalYearFocus,
PG,80424,PROCTER & GAMBLE Co,current,2024,2024-06-30,2024-08-05,0000080424-24-000083,2024-08-05T20:16:53.000Z,https://www.sec.gov/Archives/edgar/data/80424/000008042424000083/pg-20240630.htm,dei:DocumentFiscalYearFocus,
PG,80424,PROCTER & GAMBLE Co,current,2025,2025-06-30,2025-08-04,0000080424-25-000076,2025-08-04T20:20:16.000Z,https://www.sec.gov/Archives/edgar/data/80424/000008042425000076/pg-20250630.htm,dei:DocumentFiscalYearFocus,
QCOM,804328,QUALCOMM INC/DE,current,2016,2016-09-25,2016-11-02,0001234452-16-000552,2016-11-02T20:11:53.000Z,https://www.sec.gov/Archives/edgar/data/804328/000123445216000552/qcom10-k2016.htm,cover_fiscal_year_ended,
QCOM,804328,QUALCOMM INC/DE,current,2017,2017-09-24,2017-11-01,0001234452-17-000190,2017-11-01T20:10:14.000Z,https://www.sec.gov/Archives/edgar/data/804328/000123445217000190/qcom10-k2017.htm,cover_fiscal_year_ended,
QCOM,804328,QUALCOMM INC/DE,current,2018,2018-09-30,2018-11-07,0001728949-18-000095,2018-11-07T21:15:48.000Z,https://www.sec.gov/Archives/edgar/data/804328/000172894918000095/qcom10-k2018.htm,cover_fiscal_year_ended,
QCOM,804328,QUALCOMM INC/DE,current,2019,2019-09-29,2019-11-06,0001728949-19-000072,2019-11-06T21:08:43.000Z,https://www.sec.gov/Archives/edgar/data/804328/000172894919000072/qcom10-k2019.htm,dei:DocumentFiscalYearFocus,
QCOM,804328,QUALCOMM INC/DE,current,2020,2020-09-27,2020-11-04,0001728949-20-000067,2020-11-04T22:19:44.000Z,https://www.sec.gov/Archives/edgar/data/804328/000172894920000067/qcom-20200927.htm,dei:DocumentFiscalYearFocus,
QCOM,804328,QUALCOMM INC/DE,current,2021,2021-09-26,2021-11-03,0001728949-21-000076,2021-11-03T20:06:41.000Z,https://www.sec.gov/Archives/edgar/data/804328/000172894921000076/qcom-20210926.htm,dei:DocumentFiscalYearFocus,
QCOM,804328,QUALCOMM INC/DE,current,2022,2022-09-25,2022-11-02,0000804328-22-000021,2022-11-02T20:04:10.000Z,https://www.sec.gov/Archives/edgar/data/804328/000080432822000021/qcom-20220925.htm,dei:DocumentFiscalYearFocus,
QCOM,804328,QUALCOMM INC/DE,current,2023,2023-09-24,2023-11-01,0000804328-23-000055,2023-11-01T20:10:50.000Z,https://www.sec.gov/Archives/edgar/data/804328/000080432823000055/qcom-20230924.htm,dei:DocumentFiscalYearFocus,
QCOM,804328,QUALCOMM INC/DE,current,2024,2024-09-29,2024-11-06,0000804328-24-000075,2024-11-06T21:09:04.000Z,https://www.sec.gov/Archives/edgar/data/804328/000080432824000075/qcom-20240929.htm,dei:DocumentFiscalYearFocus,
QCOM,804328,QUALCOMM INC/DE,current,2025,2025-09-28,2025-11-05,0000804328-25-000085,2025-11-05T21:02:49.000Z,https://www.sec.gov/Archives/edgar/data/804328/000080432825000085/qcom-20250928.htm,dei:DocumentFiscalYearFocus,
SLB,87347,SLB LIMITED/NV,current,2016,2016-12-31,2017-01-25,0001564590-17-000589,2017-01-25T16:34:28.000Z,https://www.sec.gov/Archives/edgar/data/87347/000156459017000589/slb-10k_20161231.htm,cover_fiscal_year_ended,
SLB,87347,SLB LIMITED/NV,current,2017,2017-12-31,2018-01-24,0001564590-18-000821,2018-01-24T16:35:35.000Z,https://www.sec.gov/Archives/edgar/data/87347/000156459018000821/slb-10k_20171231.htm,cover_fiscal_year_ended,
SLB,87347,SLB LIMITED/NV,current,2018,2018-12-31,2019-01-23,0001564590-19-000928,2019-01-23T16:24:12.000Z,https://www.sec.gov/Archives/edgar/data/87347/000156459019000928/slb-10k_20181231.htm,cover_fiscal_year_ended,
SLB,87347,SLB LIMITED/NV,current,2019,2019-12-31,2020-01-22,0001564590-20-001578,2020-01-22T16:46:23.000Z,https://www.sec.gov/Archives/edgar/data/87347/000156459020001578/slb-10k_20191231.htm,dei:DocumentFiscalYearFocus,
SLB,87347,SLB LIMITED/NV,current,2020,2020-12-31,2021-01-27,0001564590-21-002477,2021-01-27T14:53:12.000Z,https://www.sec.gov/Archives/edgar/data/87347/000156459021002477/slb-10k_20201231.htm,dei:DocumentFiscalYearFocus,
SLB,87347,SLB LIMITED/NV,current,2021,2021-12-31,2022-01-26,0001564590-22-002421,2022-01-26T17:11:00.000Z,https://www.sec.gov/Archives/edgar/data/87347/000156459022002421/slb-10k_20211231.htm,dei:DocumentFiscalYearFocus,
SLB,87347,SLB LIMITED/NV,current,2022,2022-12-31,2023-01-25,0001564590-23-000762,2023-01-25T15:10:50.000Z,https://www.sec.gov/Archives/edgar/data/87347/000156459023000762/slb-10k_20221231.htm,dei:DocumentFiscalYearFocus,
SLB,87347,SLB LIMITED/NV,current,2023,2023-12-31,2024-01-24,0000950170-24-006884,2024-01-24T17:15:58.000Z,https://www.sec.gov/Archives/edgar/data/87347/000095017024006884/slb-20231231.htm,dei:DocumentFiscalYearFocus,
SLB,87347,SLB LIMITED/NV,current,2024,2024-12-31,2025-01-22,0000950170-25-007638,2025-01-22T17:33:50.000Z,https://www.sec.gov/Archives/edgar/data/87347/000095017025007638/slb-20241231.htm,dei:DocumentFiscalYearFocus,
SLB,87347,SLB LIMITED/NV,current,2025,2025-12-31,2026-01-23,0001193125-26-021017,2026-01-23T21:01:25.000Z,https://www.sec.gov/Archives/edgar/data/87347/000119312526021017/slb-20251231.htm,dei:DocumentFiscalYearFocus,
TXN,97476,TEXAS INSTRUMENTS INC,current,2016,2016-12-31,2017-02-23,0001564590-17-002142,2017-02-23T18:00:41.000Z,https://www.sec.gov/Archives/edgar/data/97476/000156459017002142/txn-10k_20161231.htm,cover_fiscal_year_ended,
TXN,97476,TEXAS INSTRUMENTS INC,current,2017,2017-12-31,2018-02-22,0001564590-18-002832,2018-02-22T18:58:19.000Z,https://www.sec.gov/Archives/edgar/data/97476/000156459018002832/txn-10k_20171231.htm,cover_fiscal_year_ended,
TXN,97476,TEXAS INSTRUMENTS INC,current,2018,2018-12-31,2019-02-22,0001564590-19-003839,2019-02-22T17:16:54.000Z,https://www.sec.gov/Archives/edgar/data/97476/000156459019003839/txn-10k_20181231.htm,cover_fiscal_year_ended,
TXN,97476,TEXAS INSTRUMENTS INC,current,2019,2019-12-31,2020-02-20,0000097476-20-000009,2020-02-20T16:57:52.000Z,https://www.sec.gov/Archives/edgar/data/97476/000009747620000009/txn-20191231.htm,dei:DocumentFiscalYearFocus,
TXN,97476,TEXAS INSTRUMENTS INC,current,2020,2020-12-31,2021-02-05,0000097476-21-000006,2021-02-05T21:26:50.000Z,https://www.sec.gov/Archives/edgar/data/97476/000009747621000006/txn-20201231.htm,dei:DocumentFiscalYearFocus,
TXN,97476,TEXAS INSTRUMENTS INC,current,2021,2021-12-31,2022-02-04,0000097476-22-000009,2022-02-04T17:34:37.000Z,https://www.sec.gov/Archives/edgar/data/97476/000009747622000009/txn-20211231.htm,dei:DocumentFiscalYearFocus,
TXN,97476,TEXAS INSTRUMENTS INC,current,2022,2022-12-31,2023-02-03,0000097476-23-000007,2023-02-03T16:07:12.000Z,https://www.sec.gov/Archives/edgar/data/97476/000009747623000007/txn-20221231.htm,dei:DocumentFiscalYearFocus,
TXN,97476,TEXAS INSTRUMENTS INC,current,2023,2023-12-31,2024-02-02,0000097476-24-000007,2024-02-02T16:11:54.000Z,https://www.sec.gov/Archives/edgar/data/97476/000009747624000007/txn-20231231.htm,dei:DocumentFiscalYearFocus,
TXN,97476,TEXAS INSTRUMENTS INC,current,2024,2024-12-31,2025-02-14,0000097476-25-000007,2025-02-14T19:33:58.000Z,https://www.sec.gov/Archives/edgar/data/97476/000009747625000007/txn-20241231.htm,dei:DocumentFiscalYearFocus,
TXN,97476,TEXAS INSTRUMENTS INC,current,2025,2025-12-31,2026-02-06,0000097476-26-000059,2026-02-06T16:06:56.000Z,https://www.sec.gov/Archives/edgar/data/97476/000009747626000059/txn-20251231.htm,dei:DocumentFiscalYearFocus,
UNH,731766,UNITEDHEALTH GROUP INC,current,2016,2016-12-31,2017-02-08,0000731766-17-000009,2017-02-08T21:22:01.000Z,https://www.sec.gov/Archives/edgar/data/731766/000073176617000009/unh2016123110-k.htm,cover_fiscal_year_ended,
UNH,731766,UNITEDHEALTH GROUP INC,current,2017,2017-12-31,2018-02-13,0000731766-18-000005,2018-02-13T21:10:43.000Z,https://www.sec.gov/Archives/edgar/data/731766/000073176618000005/unh2017123110-k.htm,cover_fiscal_year_ended,
UNH,731766,UNITEDHEALTH GROUP INC,current,2018,2018-12-31,2019-02-12,0000731766-19-000005,2019-02-12T22:16:04.000Z,https://www.sec.gov/Archives/edgar/data/731766/000073176619000005/unh2018123110-k.htm,cover_fiscal_year_ended,
UNH,731766,UNITEDHEALTH GROUP INC,current,2019,2019-12-31,2020-02-14,0000731766-20-000006,2020-02-14T22:18:38.000Z,https://www.sec.gov/Archives/edgar/data/731766/000073176620000006/unh2019123110-k.htm,dei:DocumentFiscalYearFocus,
UNH,731766,UNITEDHEALTH GROUP INC,current,2020,2020-12-31,2021-03-01,0000731766-21-000013,2021-03-01T21:02:27.000Z,https://www.sec.gov/Archives/edgar/data/731766/000073176621000013/unh-20201231.htm,dei:DocumentFiscalYearFocus,
UNH,731766,UNITEDHEALTH GROUP INC,current,2021,2021-12-31,2022-02-15,0000731766-22-000008,2022-02-15T21:50:18.000Z,https://www.sec.gov/Archives/edgar/data/731766/000073176622000008/unh-20211231.htm,dei:DocumentFiscalYearFocus,
UNH,731766,UNITEDHEALTH GROUP INC,current,2022,2022-12-31,2023-02-24,0000731766-23-000008,2023-02-24T22:28:40.000Z,https://www.sec.gov/Archives/edgar/data/731766/000073176623000008/unh-20221231.htm,dei:DocumentFiscalYearFocus,
UNH,731766,UNITEDHEALTH GROUP INC,current,2023,2023-12-31,2024-02-28,0000731766-24-000081,2024-02-28T22:08:12.000Z,https://www.sec.gov/Archives/edgar/data/731766/000073176624000081/unh-20231231.htm,dei:DocumentFiscalYearFocus,
UNH,731766,UNITEDHEALTH GROUP INC,current,2024,2024-12-31,2025-02-27,0000731766-25-000063,2025-02-27T22:16:21.000Z,https://www.sec.gov/Archives/edgar/data/731766/000073176625000063/unh-20241231.htm,dei:DocumentFiscalYearFocus,
UNH,731766,UNITEDHEALTH GROUP INC,current,2025,2025-12-31,2026-03-02,0000731766-26-000062,2026-03-02T11:06:21.000Z,https://www.sec.gov/Archives/edgar/data/731766/000073176626000062/unh-20251231.htm,dei:DocumentFiscalYearFocus,
UNP,100885,UNION PACIFIC CORP,current,2016,2016-12-31,2017-02-03,0000100885-17-000056,2017-02-03T21:13:15.000Z,https://www.sec.gov/Archives/edgar/data/100885/000010088517000056/unp-20161231x10k.htm,cover_fiscal_year_ended,
UNP,100885,UNION PACIFIC CORP,current,2017,2017-12-31,2018-02-09,0000100885-18-000048,2018-02-09T19:32:01.000Z,https://www.sec.gov/Archives/edgar/data/100885/000010088518000048/unp-20171231x10k.htm,cover_fiscal_year_ended,
UNP,100885,UNION PACIFIC CORP,current,2018,2018-12-31,2019-02-08,0000100885-19-000060,2019-02-08T19:28:23.000Z,https://www.sec.gov/Archives/edgar/data/100885/000010088519000060/unp-20181231x10k.htm,cover_fiscal_year_ended,
UNP,100885,UNION PACIFIC CORP,current,2019,2019-12-31,2020-02-07,0000100885-20-000065,2020-02-07T20:35:18.000Z,https://www.sec.gov/Archives/edgar/data/100885/000010088520000065/unp-20191231x10k.htm,dei:DocumentFiscalYearFocus,
UNP,100885,UNION PACIFIC CORP,current,2020,2020-12-31,2021-02-05,0000100885-21-000068,2021-02-05T21:35:25.000Z,https://www.sec.gov/Archives/edgar/data/100885/000010088521000068/unp-20201231x10k.htm,dei:DocumentFiscalYearFocus,
UNP,100885,UNION PACIFIC CORP,current,2021,2021-12-31,2022-02-04,0001437749-22-002494,2022-02-04T20:59:07.000Z,https://www.sec.gov/Archives/edgar/data/100885/000143774922002494/unp20211231_10k.htm,dei:DocumentFiscalYearFocus,
UNP,100885,UNION PACIFIC CORP,current,2022,2022-12-31,2023-02-10,0001437749-23-002959,2023-02-10T14:42:02.000Z,https://www.sec.gov/Archives/edgar/data/100885/000143774923002959/unp20221231_10k.htm,dei:DocumentFiscalYearFocus,
UNP,100885,UNION PACIFIC CORP,current,2023,2023-12-31,2024-02-09,0001437749-24-003599,2024-02-09T18:56:24.000Z,https://www.sec.gov/Archives/edgar/data/100885/000143774924003599/unp20231231_10k.htm,dei:DocumentFiscalYearFocus,
UNP,100885,UNION PACIFIC CORP,current,2024,2024-12-31,2025-02-07,0000100885-25-000042,2025-02-07T17:12:07.000Z,https://www.sec.gov/Archives/edgar/data/100885/000010088525000042/unp-20241231.htm,dei:DocumentFiscalYearFocus,
UNP,100885,UNION PACIFIC CORP,current,2025,2025-12-31,2026-02-06,0000100885-26-000037,2026-02-06T15:03:10.000Z,https://www.sec.gov/Archives/edgar/data/100885/000010088526000037/unp-20251231.htm,dei:DocumentFiscalYearFocus,
UPS,1090727,UNITED PARCEL SERVICE INC,current,2016,2016-12-31,2017-02-21,0001090727-17-000011,2017-02-21T11:47:45.000Z,https://www.sec.gov/Archives/edgar/data/1090727/000109072717000011/ups-12312016x10k.htm,cover_fiscal_year_ended,
UPS,1090727,UNITED PARCEL SERVICE INC,current,2017,2017-12-31,2018-02-21,0001090727-18-000009,2018-02-21T22:23:42.000Z,https://www.sec.gov/Archives/edgar/data/1090727/000109072718000009/ups-12312017x10k.htm,cover_fiscal_year_ended,
UPS,1090727,UNITED PARCEL SERVICE INC,current,2018,2018-12-31,2019-02-21,0001090727-19-000006,2019-02-21T22:02:11.000Z,https://www.sec.gov/Archives/edgar/data/1090727/000109072719000006/ups-12312018x10k.htm,cover_fiscal_year_ended,
UPS,1090727,UNITED PARCEL SERVICE INC,current,2019,2019-12-31,2020-02-20,0001090727-20-000005,2020-02-20T22:05:25.000Z,https://www.sec.gov/Archives/edgar/data/1090727/000109072720000005/ups-12312019x10k.htm,dei:DocumentFiscalYearFocus,
UPS,1090727,UNITED PARCEL SERVICE INC,current,2020,2020-12-31,2021-02-22,0001090727-21-000013,2021-02-22T22:27:26.000Z,https://www.sec.gov/Archives/edgar/data/1090727/000109072721000013/ups-20201231.htm,dei:DocumentFiscalYearFocus,
UPS,1090727,UNITED PARCEL SERVICE INC,current,2021,2021-12-31,2022-02-22,0001090727-22-000007,2022-02-22T11:14:14.000Z,https://www.sec.gov/Archives/edgar/data/1090727/000109072722000007/ups-20211231.htm,dei:DocumentFiscalYearFocus,
UPS,1090727,UNITED PARCEL SERVICE INC,current,2022,2022-12-31,2023-02-21,0001090727-23-000006,2023-02-21T11:16:30.000Z,https://www.sec.gov/Archives/edgar/data/1090727/000109072723000006/ups-20221231.htm,dei:DocumentFiscalYearFocus,
UPS,1090727,UNITED PARCEL SERVICE INC,current,2023,2023-12-31,2024-02-20,0001090727-24-000008,2024-02-20T21:18:27.000Z,https://www.sec.gov/Archives/edgar/data/1090727/000109072724000008/ups-20231231.htm,dei:DocumentFiscalYearFocus,
UPS,1090727,UNITED PARCEL SERVICE INC,current,2024,2024-12-31,2025-02-18,0001090727-25-000019,2025-02-18T21:24:23.000Z,https://www.sec.gov/Archives/edgar/data/1090727/000109072725000019/ups-20241231.htm,dei:DocumentFiscalYearFocus,
UPS,1090727,UNITED PARCEL SERVICE INC,current,2025,2025-12-31,2026-02-17,0001628280-26-008432,2026-02-17T18:13:40.000Z,https://www.sec.gov/Archives/edgar/data/1090727/000162828026008432/ups-20251231.htm,dei:DocumentFiscalYearFocus,
WFC,72971,WELLS FARGO & COMPANY/MN,current,2016,2016-12-31,2017-03-01,0000072971-17-000278,2017-03-01T18:42:47.000Z,https://www.sec.gov/Archives/edgar/data/72971/000007297117000278/wfc-12312016x10k.htm,cover_fiscal_year_ended,https://www.sec.gov/Archives/edgar/data/72971/000007297117000278/wfc-12312016xex13.htm
WFC,72971,WELLS FARGO & COMPANY/MN,current,2017,2017-12-31,2018-03-01,0000072971-18-000272,2018-03-01T17:38:37.000Z,https://www.sec.gov/Archives/edgar/data/72971/000007297118000272/wfc-12312017x10k.htm,cover_fiscal_year_ended,https://www.sec.gov/Archives/edgar/data/72971/000007297118000272/wfc-12312017xex13.htm
WFC,72971,WELLS FARGO & COMPANY/MN,current,2018,2018-12-31,2019-02-27,0000072971-19-000227,2019-02-27T20:23:51.000Z,https://www.sec.gov/Archives/edgar/data/72971/000007297119000227/wfc-12312018x10k.htm,cover_fiscal_year_ended,https://www.sec.gov/Archives/edgar/data/72971/000007297119000227/wfc-12312018xex13.htm
WFC,72971,WELLS FARGO & COMPANY/MN,current,2019,2019-12-31,2020-02-27,0000072971-20-000217,2020-02-27T02:51:08.000Z,https://www.sec.gov/Archives/edgar/data/72971/000007297120000217/wfc-12312019x10k.htm,dei:DocumentFiscalYearFocus,https://www.sec.gov/Archives/edgar/data/72971/000007297120000217/wfc-12312019xex13.htm
WFC,72971,WELLS FARGO & COMPANY/MN,current,2020,2020-12-31,2021-02-23,0000072971-21-000197,2021-02-23T21:58:04.000Z,https://www.sec.gov/Archives/edgar/data/72971/000007297121000197/wfc-20201231.htm,dei:DocumentFiscalYearFocus,https://www.sec.gov/Archives/edgar/data/72971/000007297121000197/wfc-20201231_d2.htm
WFC,72971,WELLS FARGO & COMPANY/MN,current,2021,2021-12-31,2022-02-22,0000072971-22-000096,2022-02-22T22:01:56.000Z,https://www.sec.gov/Archives/edgar/data/72971/000007297122000096/wfc-20211231.htm,dei:DocumentFiscalYearFocus,https://www.sec.gov/Archives/edgar/data/72971/000007297122000096/wfc-20211231_d2.htm
WFC,72971,WELLS FARGO & COMPANY/MN,current,2022,2022-12-31,2023-02-21,0000072971-23-000071,2023-02-21T22:13:29.000Z,https://www.sec.gov/Archives/edgar/data/72971/000007297123000071/wfc-20221231.htm,dei:DocumentFiscalYearFocus,https://www.sec.gov/Archives/edgar/data/72971/000007297123000071/wfc-20221231_d2.htm
WFC,72971,WELLS FARGO & COMPANY/MN,current,2023,2023-12-31,2024-02-20,0000072971-24-000064,2024-02-20T22:06:58.000Z,https://www.sec.gov/Archives/edgar/data/72971/000007297124000064/wfc-20231231.htm,dei:DocumentFiscalYearFocus,https://www.sec.gov/Archives/edgar/data/72971/000007297124000064/wfc-20231231_d2.htm
WFC,72971,WELLS FARGO & COMPANY/MN,current,2024,2024-12-31,2025-02-25,0000072971-25-000066,2025-02-25T21:36:31.000Z,https://www.sec.gov/Archives/edgar/data/72971/000007297125000066/wfc-20241231.htm,dei:DocumentFiscalYearFocus,https://www.sec.gov/Archives/edgar/data/72971/000007297125000066/wfc-20241231_d2.htm
WFC,72971,WELLS FARGO & COMPANY/MN,current,2025,2025-12-31,2026-02-24,0000072971-26-000133,2026-02-24T21:46:31.000Z,https://www.sec.gov/Archives/edgar/data/72971/000007297126000133/wfc-20251231_d2.htm,cover_fiscal_year_ended,https://www.sec.gov/Archives/edgar/data/72971/000007297126000133/wfc-20251231.htm
WMT,104169,Walmart Inc.,current,2016,2016-01-31,2016-03-30,0000104169-16-000079,2016-03-30T21:18:29.000Z,https://www.sec.gov/Archives/edgar/data/104169/000010416916000079/wmtform10-kx1312016.htm,cover_fiscal_year_ended,https://www.sec.gov/Archives/edgar/data/104169/000010416916000079/wmtars-1312016.htm
WMT,104169,Walmart Inc.,current,2017,2017-01-31,2017-03-31,0000104169-17-000021,2017-03-31T20:54:02.000Z,https://www.sec.gov/Archives/edgar/data/104169/000010416917000021/wmtform10-kx1312017.htm,cover_fiscal_year_ended,https://www.sec.gov/Archives/edgar/data/104169/000010416917000021/wmtars-1312017.htm
WMT,104169,Walmart Inc.,current,2018,2018-01-31,2018-03-30,0000104169-18-000028,2018-03-30T20:01:22.000Z,https://www.sec.gov/Archives/edgar/data/104169/000010416918000028/wmtform10-kx1312018.htm,cover_fiscal_year_ended,
WMT,104169,Walmart Inc.,current,2019,2019-01-31,2019-03-28,0000104169-19-000016,2019-03-28T20:56:37.000Z,https://www.sec.gov/Archives/edgar/data/104169/000010416919000016/wmtform10-kx1312019.htm,cover_fiscal_year_ended,
WMT,104169,Walmart Inc.,current,2020,2020-01-31,2020-03-20,0000104169-20-000011,2020-03-20T20:51:02.000Z,https://www.sec.gov/Archives/edgar/data/104169/000010416920000011/wmtform10-kx1312020.htm,dei:DocumentFiscalYearFocus,
WMT,104169,Walmart Inc.,current,2021,2021-01-31,2021-03-19,0000104169-21-000033,2021-03-19T20:40:44.000Z,https://www.sec.gov/Archives/edgar/data/104169/000010416921000033/wmt-20210131.htm,dei:DocumentFiscalYearFocus,
WMT,104169,Walmart Inc.,current,2022,2022-01-31,2022-03-18,0000104169-22-000012,2022-03-18T21:03:00.000Z,https://www.sec.gov/Archives/edgar/data/104169/000010416922000012/wmt-20220131.htm,dei:DocumentFiscalYearFocus,
WMT,104169,Walmart Inc.,current,2023,2023-01-31,2023-03-17,0000104169-23-000020,2023-03-17T21:02:59.000Z,https://www.sec.gov/Archives/edgar/data/104169/000010416923000020/wmt-20230131.htm,dei:DocumentFiscalYearFocus,
WMT,104169,Walmart Inc.,current,2024,2024-01-31,2024-03-15,0000104169-24-000056,2024-03-15T20:54:48.000Z,https://www.sec.gov/Archives/edgar/data/104169/000010416924000056/wmt-20240131.htm,dei:DocumentFiscalYearFocus,
WMT,104169,Walmart Inc.,current,2025,2025-01-31,2025-03-14,0000104169-25-000021,2025-03-14T20:40:52.000Z,https://www.sec.gov/Archives/edgar/data/104169/000010416925000021/wmt-20250131.htm,dei:DocumentFiscalYearFocus,
XOM,34088,EXXON MOBIL CORP,predecessor,2016,2016-12-31,2017-02-22,0000034088-17-000017,2017-02-22T21:47:56.000Z,https://www.sec.gov/Archives/edgar/data/34088/000003408817000017/xom10k2016.htm,cover_fiscal_year_ended,
XOM,34088,EXXON MOBIL CORP,predecessor,2017,2017-12-31,2018-02-28,0000034088-18-000015,2018-02-28T21:39:51.000Z,https://www.sec.gov/Archives/edgar/data/34088/000003408818000015/xom10k2017.htm,cover_fiscal_year_ended,
XOM,34088,EXXON MOBIL CORP,predecessor,2018,2018-12-31,2019-02-27,0000034088-19-000010,2019-02-27T21:19:37.000Z,https://www.sec.gov/Archives/edgar/data/34088/000003408819000010/xom10k2018.htm,cover_fiscal_year_ended,
XOM,34088,EXXON MOBIL CORP,predecessor,2019,2019-12-31,2020-02-26,0000034088-20-000016,2020-02-26T21:15:19.000Z,https://www.sec.gov/Archives/edgar/data/34088/000003408820000016/xom10k2019.htm,dei:DocumentFiscalYearFocus,
XOM,34088,EXXON MOBIL CORP,predecessor,2020,2020-12-31,2021-02-24,0000034088-21-000012,2021-02-24T22:01:02.000Z,https://www.sec.gov/Archives/edgar/data/34088/000003408821000012/xom-20201231.htm,dei:DocumentFiscalYearFocus,
XOM,34088,EXXON MOBIL CORP,predecessor,2021,2021-12-31,2022-02-23,0000034088-22-000011,2022-02-23T21:11:16.000Z,https://www.sec.gov/Archives/edgar/data/34088/000003408822000011/xom-20211231.htm,dei:DocumentFiscalYearFocus,
XOM,34088,EXXON MOBIL CORP,predecessor,2022,2022-12-31,2023-02-22,0000034088-23-000020,2023-02-22T21:37:14.000Z,https://www.sec.gov/Archives/edgar/data/34088/000003408823000020/xom-20221231.htm,dei:DocumentFiscalYearFocus,
XOM,34088,EXXON MOBIL CORP,predecessor,2023,2023-12-31,2024-02-28,0000034088-24-000018,2024-02-28T21:37:18.000Z,https://www.sec.gov/Archives/edgar/data/34088/000003408824000018/xom-20231231.htm,dei:DocumentFiscalYearFocus,
XOM,34088,EXXON MOBIL CORP,predecessor,2024,2024-12-31,2025-02-19,0000034088-25-000010,2025-02-19T21:39:37.000Z,https://www.sec.gov/Archives/edgar/data/34088/000003408825000010/xom-20241231.htm,dei:DocumentFiscalYearFocus,
XOM,34088,EXXON MOBIL CORP,predecessor,2025,2025-12-31,2026-02-18,0000034088-26-000045,2026-02-18T21:06:52.000Z,https://www.sec.gov/Archives/edgar/data/34088/000003408826000045/xom-20251231.htm,dei:DocumentFiscalYearFocus,
