stock,market,relative_day,expected_return,abnormal_return,event_id,alignment_rule
-0.0005120225603264,-0.0013757239543792,-5,0.0004563433824024,-0.0009683659427288,0001628280-16-020309_next,next
-0.0039297735116662,-8.414160005176807e-05,-4,0.0015568963038873,-0.0054866698155536,0001628280-16-020309_next,next
0.0090052185245996,0.0047498395416929,-3,0.005675915157099,0.0033293033675006,0001628280-16-020309_next,next
0.005099994342792,-0.0037977277864983,-2,-0.0016074378270229,0.006707432169815,0001628280-16-020309_next,next
-0.0224948966125865,-0.0017404116452881,-1,0.0001455942440957,-0.0226404908566822,0001628280-16-020309_next,next
-0.0096027039357859,-0.0029867267366989,0,-0.0009163865969611,-0.0086863173388247,0001628280-16-020309_next,next
-0.0066387990056119,-0.0031082993435224,1,-0.0010199782008289,-0.0056188208047829,0001628280-16-020309_next,next
-0.0015828727622448,-0.0001222764078291,2,0.001524401764171,-0.0031072745264159,0001628280-16-020309_next,next
-0.0180555215809805,-0.0067868834764276,3,-0.0041544872012287,-0.0139010343797517,0001628280-16-020309_next,next
0.0008972622728147,-0.0065255002974123,4,-0.0039317634853709,0.0048290257581856,0001628280-16-020309_next,next
-0.0107189280055501,-0.0044234008389461,5,-0.0021405717022719,-0.0085783563032782,0001628280-16-020309_next,next
0.0225082192850873,-0.0031924705707864,-5,-0.0060504255123196,0.028558644797407,0000320193-17-000070_next,next
0.0139156495433108,0.0009444586571358,-4,0.0007192116692142,0.0131964378740965,0000320193-17-000070_next,next
-0.0127188881641988,0.0015921101716727,-3,0.0017790233149859,-0.0144979114791847,0000320193-17-000070_next,next
0.0073104649261217,0.0001899658108865,-2,-0.0005154342586629,0.0078258991847847,0000320193-17-000070_next,next
0.0261136097155492,0.0030970753849743,-1,0.0042417360914379,0.0218718736241112,0000320193-17-000070_next,next
0.0101446861174743,0.0012712512404724,0,0.001253972382033,0.0088907137354412,0000320193-17-000070_next,next
0.0032138330659998,-0.0001891029228697,1,-0.0011357392368273,0.0043495723028272,0000320193-17-000070_next,next
0.0081807228701009,0.0014436550000984,2,0.0015360924853993,0.0066446303847016,0000320193-17-000070_next,next
-0.0020427459684529,-0.003761887644002,3,-0.0069822149576461,0.0049394689891931,0000320193-17-000070_next,next
-0.0033098655410228,-0.0008976438525517,4,-0.0022951898239534,-0.0010146757170693,0000320193-17-000070_next,next
-0.0040074892743531,0.0009836343625724,5,0.0007833184734462,-0.0047908077477993,0000320193-17-000070_next,next
0.0049944098672407,0.0156667800520586,-5,0.0186507930844183,-0.0136563832171775,0000320193-18-000145_next,next
0.0260665559369355,0.0108513319740386,-4,0.0133252912415978,0.0127412646953376,0000320193-18-000145_next,next
0.0153522346949481,0.0105578436930637,-3,0.0130007165902145,0.0023515181047336,0000320193-18-000145_next,next
-0.0663305609370209,-0.0063166863793988,-2,-0.0056611689792337,-0.0606693919577871,0000320193-18-000145_next,next
-0.0283884626229588,0.0056003171696019,-1,0.0075180873086248,-0.0359065499315836,0000320193-18-000145_next,next
0.0108137866909063,0.0062592957741707,0,0.0082468651328586,0.0025669215580477,0000320193-18-000145_next,next
0.0303286503210951,0.0212088560641052,1,0.0247798875190406,0.0055487628020544,0000320193-18-000145_next,next
-0.0034891879858288,-0.0025089163835961,2,-0.0014500787959041,-0.0020391091899247,0000320193-18-000145_next,next
-0.0192816539450082,-0.0091990137061033,3,-0.0088487933168401,-0.0104328606281681,0000320193-18-000145_next,next
-0.0503744090711271,-0.0197014893402406,4,-0.0204636944511853,-0.0299107146199417,0000320193-18-000145_next,next
-0.0099910513302919,-0.0014819196931705,5,-0.0003143022951883,-0.0096767490351036,0000320193-18-000145_next,next
0.0123163924348481,0.0040727005061091,-5,0.0073697364173006,0.0049466560175475,0000320193-19-000119_next,next
0.0100167798618957,0.0055813378684714,-4,0.0095841639642124,0.0004326158976833,0000320193-19-000119_next,next
-0.0231278793090193,-0.0008324053147991,-3,0.0001698607405319,-0.0232977400495513,0000320193-19-000119_next,next
-0.0001231996430937,0.0032533701591457,-2,0.0061670963822588,-0.0062902960253525,0000320193-19-000119_next,next
0.0226094297970964,-0.0030228605633046,-1,-0.0030453615279745,0.025654791325071,0000320193-19-000119_next,next
0.0283809374539372,0.009662312168146,0,0.0155743522844113,0.0128065851695258,0000320193-19-000119_next,next
0.0065669151442009,0.0037040890497046,1,0.0068286763961625,-0.0002617612519615,0000320193-19-000119_next,next
-0.001436764308223,-0.0011856992143612,2,-0.0003487156668037,-0.0010880486414192,0000320193-19-000119_next,next
0.0004280565662961,0.0007024972279667,3,0.0024228411832299,-0.0019947846169337,0000320193-19-000119_next,next
0.0115408375563321,0.0027300951851503,4,0.0053990161623639,0.0061418213939682,0000320193-19-000119_next,next
0.0027371023880762,0.0025606760900243,5,0.0051503372415181,-0.0024132348534418,0000320193-19-000119_next,next
8.697635495469314e-05,-0.0185895162945356,-5,-0.0215149918752097,0.0216019682301644,0000320193-20-000096_next,next
0.0134722936318179,-0.0030256189119989,-4,-0.0017822947763946,0.0152545884082125,0000320193-20-000096_next,next
-0.0463121875364586,-0.0352878787606047,-3,-0.0426860212446838,-0.0036261662917747,0000320193-20-000096_next,next
0.0370503936070263,0.0119473308942383,-2,0.017201169065622,0.0198492245414042,0000320193-20-000096_next,next
-0.0560179466703402,-0.0121295501301756,-1,-0.0133247197051465,-0.0426932269651936,0000320193-20-000096_next,next
-0.0008269368364889,0.0123182026012718,0,0.0176713789929647,-0.0184983158294536,0000320193-20-000096_next,next
0.0153537308129931,0.0177992900964345,1,0.0246205792257743,-0.0092668484127812,0000320193-20-000096_next,next
0.0408364337905222,0.0220470477016834,2,0.0300061013808878,0.0108303324096343,0000320193-20-000096_next,next
0.0354938006331166,0.0194601941389629,3,0.0267263574621552,0.0087674431709614,0000320193-20-000096_next,next
-0.0011361769481013,-0.0002877151874185,4,0.0016889581851856,-0.002825135133287,0000320193-20-000096_next,next
-0.0199679199090236,0.0116998892356872,5,0.0168874500029856,-0.0368553699120093,0000320193-20-000096_next,next
-0.0003366807465853,0.0047481965694935,-5,0.0068655725024974,-0.0072022532490828,0000320193-21-000105_next,next
0.0045750326295634,0.0018197952535197,-4,0.0029961136164572,0.0015789190131062,0000320193-21-000105_next,next
-0.003147570483766,-0.0050515680684628,-3,-0.0060833993998843,0.0029358289161183,0000320193-21-000105_next,next
0.0249918574041498,0.0098292815764611,-2,0.0135794916035747,0.0114123658005751,0000320193-21-000105_next,next
-0.0181560329066048,0.0019493347191492,-1,0.0031672812886062,-0.021323314195211,0000320193-21-000105_next,next
-0.0056073294530846,0.0018000771431341,0,0.0029700589848631,-0.0085773884379477,0000320193-21-000105_next,next
0.0071159789997909,0.0036803630854131,1,0.0054545849642638,0.0016613940355271,0000320193-21-000105_next,next
0.0097989825817996,0.0064612791953579,2,0.0091291634772092,0.0006698191045904,0000320193-21-000105_next,next
-0.0034987223157658,0.0041819423611504,3,0.0061173494477273,-0.0096160717634932,0000320193-21-000105_next,next
0.0035822006071719,0.0037327996529492,4,0.0055238723058243,-0.0019416716986523,0000320193-21-000105_next,next
-0.0055525368997116,0.0008877879113036,5,0.00176460068395,-0.0073171375836617,0000320193-21-000105_next,next
0.0148028866326126,0.0118819766546198,-5,0.0154671530313708,-0.0006642663987582,0000320193-22-000108_next,next
0.0193374099479277,0.0162666545796699,-4,0.0209957256890754,-0.0016583157411476,0000320193-22-000108_next,next
-0.0196270957000262,-0.0073877160723645,-3,-0.0088297048345483,-0.0107973908654779,0000320193-22-000108_next,next
-0.0304652959016107,-0.0060826106182112,-2,-0.0071841175297132,-0.0232811783718975,0000320193-22-000108_next,next
0.0755523267088615,0.0246263778959276,-1,0.0315363716708919,0.0440159550379696,0000320193-22-000108_next,next
-0.015410273355746,-0.0074544041076575,0,-0.0089137907479994,-0.0064964826077466,0000320193-22-000108_next,next
-0.017542868250589,-0.0041012306087846,1,-0.004685826085761,-0.0128570421648279,0000320193-22-000108_next,next
-0.0373048918724752,-0.0250019848573428,2,-0.0310392642262973,-0.0062656276461778,0000320193-22-000108_next,next
-0.0424051632258318,-0.0105859923154296,3,-0.0128623619399146,-0.0295428012859172,0000320193-22-000108_next,next
-0.0019473027437433,0.0136187246700705,4,0.0176569917733883,-0.0196042945171316,0000320193-22-000108_next,next
0.0039024287315725,0.0096139819205598,5,0.0126074735089806,-0.0087050447774081,0000320193-22-000108_next,next
0.0123050202765397,0.0120100223258599,-5,0.0133480711824016,-0.0010430509058618,0000320193-23-000106_next,next
0.0028190400769398,0.0064749573072333,-4,0.0071637640275914,-0.0043447239506515,0000320193-23-000106_next,next
0.0187385054983428,0.0105059994863139,-3,0.0116676321674485,0.0070708733308943,0000320193-23-000106_next,next
0.0206932060917308,0.0188585570201276,-2,0.0209999130247644,-0.0003067069330335,0000320193-23-000106_next,next
-0.0051810967004507,0.0093937302530313,-1,0.0104248979711352,-0.015605994671586,0000320193-23-000106_next,next
0.0146052818998527,0.0017529924220356,0,0.0018879305683601,0.0127173513314925,0000320193-23-000106_next,next
0.0144510383785141,0.0028401189192852,1,0.003102572881052,0.011348465497462,0000320193-23-000106_next,next
0.0058846204749816,0.0010049156221052,2,0.0010521071967126,0.004832513278269,0000320193-23-000106_next,next
-0.0026245711543073,-0.0080838393067328,3,-0.0091027242181994,0.006478153063892,0000320193-23-000106_next,next
0.0232202171549826,0.0156164410948524,4,0.017377509196457,0.0058427079585255,0000320193-23-000106_next,next
-0.0085838876426057,-0.0008358389332403,5,-0.0010045608873233,-0.0075793267552823,0000320193-23-000106_next,next
0.0085993400876005,0.0026514435020339,-5,0.003738958385373,0.0048603817022275,0000320193-24-000123_next,next
0.0011568830752404,0.0016141272481633,-4,0.0026257098910276,-0.0014688268157871,0000320193-24-000123_next,next
-0.0152779161476013,-0.0033002338893437,-3,-0.002648385753946,-0.0126295303936552,0000320193-24-000123_next,next
-0.0182095503531156,-0.0186147008716995,-2,-0.0190838819164663,0.0008743315633506,0000320193-24-000123_next,next
-0.0132796264592964,0.0040925095436261,-1,0.0052855114207359,-0.0185651378800323,0000320193-24-000123_next,next
-0.0040374975867026,-0.0028120834782999,0,-0.0021245024077815,-0.0019129951789211,0000320193-24-000123_next,next
0.0064861286472346,0.0122656445452913,1,0.0140569253465612,-0.0075707966993265,0000320193-24-000123_next,next
-0.0032669229763897,0.0252959277864259,2,0.0280410339970913,-0.0313079569734811,0000320193-24-000123_next,next
0.0213722332641801,0.0074312297274883,3,0.0088686281451257,0.0125036051190543,0000320193-24-000123_next,next
-0.0011882751173445,0.0037568333092317,4,0.0049252634624755,-0.00611353857982,0000320193-24-000123_next,next
-0.0120285338406123,0.0009690634297987,5,0.0019334269716464,-0.0139619608122587,0000320193-24-000123_next,next
0.0227913882702301,0.0122900508656711,-5,0.0151519848999059,0.0076394033703242,0000320193-25-000079_next,next
0.0007067041980304,0.0022879438603986,-4,0.0030980838513307,-0.0023913796533003,0000320193-25-000079_next,next
0.00260220986863,-4.3578255173426506e-05,-3,0.000288282190655,0.0023139276779749,0000320193-25-000079_next,next
0.0063033475055775,-0.0099048124395192,-2,-0.011595847924357,0.0178991954299345,0000320193-25-000079_next,next
-0.0037951561451634,0.0026179217059763,-1,0.0034957520923041,-0.0072909082374676,0000320193-25-000079_next,next
-0.0048823604449951,0.0017207127269924,0,0.0024144930888898,-0.007296853533885,0000320193-25-000079_next,next
0.0036798499780619,-0.0117368300845838,1,-0.013803678674539,0.017483528652601,0000320193-25-000079_next,next
0.0003703449539222,0.0036535556982648,2,0.0047438320877498,-0.0043734871338275,0000320193-25-000079_next,next
-0.0013698257358518,-0.011178189042419,3,-0.0131304401418602,0.0117606144060083,0000320193-25-000079_next,next
-0.0048189630202891,0.001261841800771,4,0.0018614911328194,-0.0066804541531086,0000320193-25-000079_next,next
0.0045487388427887,0.0154010186217099,5,0.0189011247038325,-0.0143523858610438,0000320193-25-000079_next,next
0.0014895476775695,0.0052458450979924,-5,0.004949064282469,-0.0034595166048994,0001551152-17-000004_next,next
0.0051233439748035,0.0040073351766347,-4,0.0036039506910639,0.0015193932837395,0001551152-17-000004_next,next
0.0136464684464487,0.0049923089198982,-3,0.0046737051971792,0.0089727632492695,0001551152-17-000004_next,next
-0.0027573335978362,-0.0008641180363413,-2,-0.0016868086429308,-0.0010705249549054,0001551152-17-000004_next,next
0.0047170538439094,0.0016785565287558,-1,0.0010747244356924,0.003642329408217,0001551152-17-000004_next,next
0.0009714200495363,0.0060480661608284,0,0.0058203358292882,-0.0048489157797518,0001551152-17-000004_next,next
-0.0076016008633115,-0.001082200145408,1,-0.0019236619808728,-0.0056779388824386,0001551152-17-000004_next,next
0.0094522815839419,0.0004189867216857,2,-0.0002932617528689,0.0097455433368108,0001551152-17-000004_next,next
0.0024219306903234,0.0014933641914423,3,0.0008735918281542,0.0015483388621691,0001551152-17-000004_next,next
0.0020937292966558,0.0010179830611165,4,0.0003572926782874,0.0017364366183684,0001551152-17-000004_next,next
-0.0061075887594981,-0.0025783763780462,5,-0.0035486202883951,-0.0025589684711029,0001551152-17-000004_next,next
0.0056599452405741,0.0139145847540425,-5,0.0190284327798587,-0.0133684875392846,0001551152-18-000014_next,next
-0.0006250724772951,0.002612929746329,-4,0.005430361121677,-0.0060554335989722,0001551152-18-000014_next,next
0.0109064271955288,0.0134024582572458,-3,0.0184122457880649,-0.0075058185925361,0001551152-18-000014_next,next
0.0160950974064151,0.0120691127622993,-2,0.0168079738851426,-0.0007128764787275,0001551152-18-000014_next,next
0.0322013286107352,0.0003734693722488,-1,0.0027358581819201,0.029465470428815,0001551152-18-000014_next,next
-0.0052274404171938,-0.0058413894593534,0,-0.0047418161657688,-0.0004856242514249,0001551152-18-000014_next,next
-0.0005932037778503,-0.0054965031281792,1,-0.0043268513626464,0.0037336475847961,0001551152-18-000014_next,next
-0.0029684274750358,0.0009735510790762,2,0.0034578722625689,-0.0064262997376048,0001551152-18-000014_next,next
0.0101224419146799,0.0160283763505131,3,0.0215717319320318,-0.0114492900173518,0001551152-18-000014_next,next
0.0234944981826081,0.0117570153438109,4,0.0164324604706875,0.0070620377119206,0001551152-18-000014_next,next
-0.026986875582868,-0.0127068884438292,5,-0.0130023361600847,-0.0139845394227833,0001551152-18-000014_next,next
-0.0155020315985785,-0.0035264367908802,-5,-0.0039027006599472,-0.0115993309386312,0001551152-19-000008_next,next
0.0161270527942107,0.0064111023949868,-4,0.0051181354433836,0.0110089173508271,0001551152-19-000008_next,next
0.0033742333492434,0.0012318625699112,-3,0.0004166622991774,0.002957571050066,0001551152-19-000008_next,next
0.0027403850692175,-0.0007904570968998,-2,-0.001419105482125,0.0041594905513426,0001551152-19-000008_next,next
-0.0136631809378466,-0.0005440493877303,-1,-0.0011954280185758,-0.0124677529192708,0001551152-19-000008_next,next
-0.0021406954686593,-0.0028255083152146,0,-0.0032664303740268,0.0011257349053674,0001551152-19-000008_next,next
0.0108529587287695,0.0068953205934343,1,0.0055576862139261,0.0052952725148433,0001551152-19-000008_next,next
-0.0079900080036464,-0.003880558492514,2,-0.0042241558785202,-0.0037658521251262,0001551152-19-000008_next,next
-0.0069217351812519,-0.0011315328231061,3,-0.0017287181706775,-0.0051930170105744,0001551152-19-000008_next,next
-0.0103915444277821,-0.0065240986535923,4,-0.0066238387456404,-0.0037677056821416,0001551152-19-000008_next,next
0.0019206512784306,-0.0081257175586835,5,-0.0080777139327059,0.0099983652111366,0001551152-19-000008_next,next
-0.0136336438613207,0.0018435333204338,-5,0.0033505947673094,-0.0169842386286301,0001551152-20-000007_next,next
-0.0046785365986417,-0.0029199426368901,-4,-0.0018038507977485,-0.0028746858008931,0001551152-20-000007_next,next
0.0056618750994363,0.0047057858811645,-3,0.0064477711044861,-0.0007858960050497,0001551152-20-000007_next,next
0.0009559345257283,-0.0038155197636281,-2,-0.0027729337931155,0.0037288683188439,0001551152-20-000007_next,next
0.0077469387866402,-0.0105181030271228,-1,-0.010025641875715,0.0177725806623552,0001551152-20-000007_next,next
-0.0191660104057467,-0.0335136266712231,0,-0.0349085584528999,0.0157425480471531,0001551152-20-000007_next,next
-0.0425164315223784,-0.0302799955650561,1,-0.0314095221055894,-0.011106909416789,0001551152-20-000007_next,next
-0.0086342122209442,-0.003778540605322,2,-0.0027329195135771,-0.0059012927073671,0001551152-20-000007_next,next
-0.0338197542911852,-0.0441632425840791,3,-0.0464322579537217,0.0126125036625365,0001551152-20-000007_next,next
0.0033946112672031,-0.0082383404443618,4,-0.0075587642763791,0.0109533755435823,0001551152-20-000007_next,next
0.0347686880256841,0.04603922900611,5,0.0511737200780249,-0.0164050320523408,0001551152-20-000007_next,next
0.0066504802838318,0.0047110331133788,-5,0.0044454877435209,0.0022049925403108,0001551152-21-000008_next,next
-0.0022980219352229,-0.0005692724183511,-4,0.0009134605027793,-0.0032114824380023,0001551152-21-000008_next,next
0.02005749464617,-0.0003204020092266,-3,0.0010799313744287,0.0189775632717412,0001551152-21-000008_next,next
-0.0021636755459297,-0.0044158356273545,-2,-0.0016595281161166,-0.0005041474298131,0001551152-21-000008_next,next
-0.0099002789909764,-0.0018548966445751,-1,5.349894163596356e-05,-0.0099537779326124,0001551152-21-000008_next,next
0.0195220359248484,-0.0077328394581538,0,-0.0038782913709369,0.0234003272957854,0001551152-21-000008_next,next
-0.0073790313606204,0.0012563181187927,1,0.0021346086861345,-0.009513640046755,0001551152-21-000008_next,next
0.0227722573001041,0.011351613765979,2,0.0088874109652708,0.0138848463348332,0001551152-21-000008_next,next
-0.0125126735992884,-0.0244788075251262,3,-0.0150797673138939,0.0025670937146054,0001551152-21-000008_next,next
0.003819993147524,-0.0047502141699028,4,-0.0018831958781245,0.0057031890256485,0001551152-21-000008_next,next
0.0062188148273918,0.0237907635068002,5,0.0172080309506545,-0.0109892161232626,0001551152-21-000008_next,next
0.0069715128754788,-0.0038405967262932,-5,-0.0004637746035839,0.0074352874790627,0001551152-22-000007_next,next
0.0123076122688126,0.0157667211707204,-4,0.0086536625305253,0.0036539497382872,0001551152-22-000007_next,next
0.0076679220945359,0.000881207755895,-3,0.0017318727435968,0.0059360493509391,0001551152-22-000007_next,next
-0.0061697276682725,-0.021173138152195,-2,-0.0085234366978611,0.0023537090295886,0001551152-22-000007_next,next
-0.0064843445201028,-0.0071661613961429,-1,-0.002010167994665,-0.0044741765254377,0001551152-22-000007_next,next
0.0106228290474117,-0.0101429452648328,0,-0.0033943777028549,0.0140172067502666,0001551152-22-000007_next,next
0.0082442136065454,-0.0184121228454876,1,-0.0072395597485792,0.0154837733551247,0001551152-22-000007_next,next
-0.0101528277397962,0.0149568560673292,2,0.0082770738402179,-0.0184299015800141,0001551152-22-000007_next,next
0.0293935917708827,0.0223726776556034,3,0.0117254438561475,0.0176681479147352,0001551152-22-000007_next,next
-0.0118361230392882,-0.0024426034406476,4,0.0001862947206719,-0.0120224177599601,0001551152-22-000007_next,next
-0.0005413700100546,-0.0154735036804118,5,-0.0058730966943566,0.005331726684302,0001551152-22-000007_next,next
0.0110486752072924,0.0114486093427661,-5,0.0064072404406249,0.0046414347666674,0001551152-23-000011_next,next
-0.0074155255573439,-0.0002804145319874,-4,0.0010162548823096,-0.0084317804396535,0001551152-23-000011_next,next
-0.010026650514291,0.002773175690496,-3,0.002419769869252,-0.012446420383543,0001551152-23-000011_next,next
-0.0101287740683995,-0.0137887414891306,-2,-0.0051925478552916,-0.0049362262131078,0001551152-23-000011_next,next
0.0119041528255126,-0.0027674058253277,-1,-0.0001268354796183,0.0120309883051309,0001551152-23-000011_next,next
0.0045602850486312,-0.0200412342553273,0,-0.0080663674131656,0.0126266524617968,0001551152-23-000011_next,next
-0.0087501387517782,-0.0015735561458868,1,0.0004218910341471,-0.0091720297859253,0001551152-23-000011_next,next
0.0092918095612293,0.0053294294160743,2,0.0035946951712326,0.0056971143899967,0001551152-23-000011_next,next
0.0042087315536534,-0.0105375514855581,3,-0.0036982105136885,0.0079069420673419,0001551152-23-000011_next,next
0.0102806780022892,0.0030730045671669,4,0.0025575795592448,0.0077230984430443,0001551152-23-000011_next,next
-0.0024630299252986,-0.0030360018281855,5,-0.0002502896722169,-0.0022127402530817,0001551152-23-000011_next,next
0.0012710122697328,-0.0136742556536254,-5,-0.0043680732241854,0.0056390854939182,0001551152-24-000011_next,next
0.0065208385714115,0.0095797632750176,-4,0.0049825076045375,0.0015383309668739,0001551152-24-000011_next,next
0.0124413151124498,0.0058212506847294,-3,0.003471187093485,0.0089701280189648,0001551152-24-000011_next,next
0.0050966266805549,-0.0048034698371121,-2,-0.0008010769107255,0.0058977035912805,0001551152-24-000011_next,next
-0.0098034136512759,-0.0060053220011653,-1,-0.0012843488921683,-0.0085190647591075,0001551152-24-000011_next,next
-0.003471001699377,0.0012641999229821,0,0.0016387695823843,-0.0051097712817613,0001551152-24-000011_next,next
0.0091928103865934,0.021122884217414,1,0.0096240659398433,-0.0004312555532499,0001551152-24-000011_next,next
0.0075812995112891,0.0003479475462115,2,0.00127033899261,0.0063109605186791,0001551152-24-000011_next,next
0.004042940786235,-0.0037867513501905,3,-0.0003922482939952,0.0044351890802302,0001551152-24-000011_next,next
0.0010066885146076,0.0017063496993998,4,0.0018165606659592,-0.0008098721513516,0001551152-24-000011_next,next
-0.0055309867866492,-0.0016581550604305,5,0.000463673072552,-0.0059946598592012,0001551152-24-000011_next,next
-0.001364021033853,0.0067125410858628,-5,0.0002540953408503,-0.0016181163747033,0001551152-25-000020_next,next
0.0078282139462206,0.0003395827888592,-4,-0.0010926007273168,0.0089208146735375,0001551152-25-000020_next,next
0.0060989868165011,-0.0027238667143857,-3,-0.001739950860298,0.0078389376767991,0001551152-25-000020_next,next
0.0023316717613555,0.0104262921222306,-2,0.0010388633694093,0.0012928083919461,0001551152-25-000020_next,next
-0.0029983760141839,-7.194380749464546e-05,-1,-0.0011795621074841,-0.0018188139066997,0001551152-25-000020_next,next
0.0175249017712726,0.0024449877750611,0,-0.0006476989274493,0.0181726006987219,0001551152-25-000020_next,next
0.0056051804506109,0.0023769693899173,1,-0.000662072172584,0.006267252623195,0001551152-25-000020_next,next
0.0178869446937963,-0.0043341850761716,2,-0.0020802338662819,0.0199671785600783,0001551152-25-000020_next,next
0.0059737769908976,-0.0170641267025635,3,-0.0047702502664081,0.0107440272573058,0001551152-25-000020_next,next
0.0098970394074695,-0.0049691065044024,4,-0.0022144017285439,0.0121114411360134,0001551152-25-000020_next,next
0.000293879805906,-0.0046797309154723,5,-0.0021532525808994,0.0024471323868054,0001551152-25-000020_next,next
0.017582373722957,0.0004990891480125,-5,0.0007980942884422,0.0167842794345147,0001551152-26-000008_next,next
0.0058747383773272,0.0010313220779065,-4,0.0008334050905209,0.0050413332868062,0001551152-26-000008_next,next
-0.0177789314621643,0.0055660701474107,-3,0.0011342613182455,-0.0189131927804098,0001551152-26-000008_next,next
-0.0191062987890519,-0.0028221256867719,-2,0.0005777494861861,-0.019684048275238,0001551152-26-000008_next,next
0.0020502842467777,0.0069397247635067,-1,0.0012253959391022,0.0008248883076755,0001551152-26-000008_next,next
0.0207731192707467,-0.0103856522472848,0,7.595004012793307e-05,0.0206971692306188,0001551152-26-000008_next,next
-0.0045319244156194,0.0076516140863223,1,0.0012726259798756,-0.0058045503954951,0001551152-26-000008_next,next
-0.0066538352020487,0.0081363556573399,2,0.0013047859848511,-0.0079586211868998,0001551152-26-000008_next,next
-0.0098272912575489,-0.0053655805693283,3,0.000409004887892,-0.010236296145441,0001551152-26-000008_next,next
0.0328897979506113,-0.0043393528110311,4,0.0004770895989752,0.032412708351636,0001551152-26-000008_next,next
0.0093932757469332,0.0003983547353176,5,0.0007914111001061,0.0086018646468271,0001551152-26-000008_next,next
0.0112307726020122,0.0052458450979924,-5,0.0052283805605166,0.0060023920414955,0001047469-17-000744_next,next
0.0099490277873035,0.0040073351766347,-4,0.0037710815789025,0.0061779462084009,0001047469-17-000744_next,next
0.0080182815527862,0.0049923089198982,-3,0.004930055930437,0.0030882256223492,0001047469-17-000744_next,next
0.0045453991240678,-0.0008641180363413,-2,-0.0019609385557998,0.0065063376798676,0001047469-17-000744_next,next
0.0110863011663966,0.0016785565287558,-1,0.0010309123695688,0.0100553887968278,0001047469-17-000744_next,next
0.0071599424111932,0.0060480661608284,0,0.0061723180435678,0.0009876243676253,0001047469-17-000744_next,next
0.0,-0.001082200145408,1,-0.0022175459757087,0.0022175459757087,0001047469-17-000744_next,next
0.0086652940161622,0.0004189867216857,2,-0.0004511668334003,0.0091164608495625,0001047469-17-000744_next,next
0.0061675239626453,0.0014933641914423,3,0.0008130048664348,0.0053545190962104,0001047469-17-000744_next,next
-0.0048165488473037,0.0010179830611165,4,0.0002536452479483,-0.0050701940952521,0001047469-17-000744_next,next
-0.008358794921397,-0.0025783763780462,5,-0.0039780293295673,-0.0043807655918296,0001047469-17-000744_next,next
0.0041980573124662,0.0139145847540425,-5,0.0134749946490919,-0.0092769373366257,0001047469-18-000856_next,next
0.0040063065779263,0.002612929746329,-4,0.0030530567250382,0.000953249852888,0001047469-18-000856_next,next
0.0111033551367156,0.0134024582572458,-3,0.0130027319092334,-0.0018993767725178,0001047469-18-000856_next,next
0.0209334000794998,0.0120691127622993,-2,0.0117731735861237,0.009160226493376,0001047469-18-000856_next,next
0.0112605794444327,0.0003734693722488,-1,0.0009879152049587,0.0102726642394739,0001047469-18-000856_next,next
-0.017450435800433,-0.0058413894593534,0,-0.0047431810730207,-0.0127072547274122,0001047469-18-000856_next,next
-0.0021991070019022,-0.0054965031281792,1,-0.0044251405796683,0.0022260335777661,0001047469-18-000856_next,next
0.0,0.0009735510790762,2,0.0015412867504224,-0.0015412867504224,0001047469-18-000856_next,next
0.0122053057860367,0.0160283763505131,3,0.0154242494076001,-0.0032189436215634,0001047469-18-000856_next,next
0.0137333370305008,0.0117570153438109,4,0.0114853697273504,0.0022479673031503,0001047469-18-000856_next,next
0.0003302961091382,-0.0127068884438292,5,-0.0110742718898105,0.0114045679989488,0001047469-18-000856_next,next
0.0173043445475713,0.0108787526085869,-5,0.0131393958566989,0.0041649486908724,0001047469-19-000624_next,next
-0.0033222996643195,0.0014987433214488,-4,0.0032401089437851,-0.0065624086081047,0001047469-19-000624_next,next
0.0072000461608672,0.0017771107537685,-3,0.0035338868064065,0.0036661593544607,0001047469-19-000624_next,next
-0.0052952029648414,-0.0035264367908802,-2,-0.002063265306518,-0.0032319376583233,0001047469-19-000624_next,next
0.0131755478864961,0.0064111023949868,-1,0.0084244163788415,0.0047511315076545,0001047469-19-000624_next,next
0.0095885954315992,0.0012318625699112,0,0.0029584536649756,0.0066301417666236,0001047469-19-000624_next,next
-0.0014309363897588,-0.0007904570968998,1,0.0008241783142207,-0.0022551147039796,0001047469-19-000624_next,next
0.0062543385444087,-0.0005440493877303,2,0.0010842271623564,0.0051701113820522,0001047469-19-000624_next,next
0.0050495982916471,-0.0028255083152146,3,-0.0013235334071521,0.0063731316987993,0001047469-19-000624_next,next
0.0124965379378374,0.0068953205934343,4,0.0089354409128426,0.0035610970249947,0001047469-19-000624_next,next
0.0003821197758051,-0.003880558492514,5,-0.0024369911973195,0.0028191109731247,0001047469-19-000624_next,next
0.0110508820410093,0.0018435333204338,-5,0.001517873833553,0.0095330082074562,0001104659-20-023904_next,next
-0.0086998216107652,-0.0029199426368901,-4,-0.0040135958069631,-0.004686225803802,0001104659-20-023904_next,next
0.0054009674059258,0.0047057858811645,-3,0.0048415944285587,0.0005593729773671,0001104659-20-023904_next,next
-0.0100717030701884,-0.0038155197636281,-2,-0.0050535627831112,-0.0050181402870771,0001104659-20-023904_next,next
-0.0114176931743206,-0.0105181030271228,-1,-0.0128367732301063,0.0014190800557856,0001104659-20-023904_next,next
-0.0322469476268589,-0.0335136266712231,0,-0.0395397611416005,0.0072928135147415,0001104659-20-023904_next,next
-0.0413561828671599,-0.0302799955650561,1,-0.035784786318039,-0.0055713965491209,0001104659-20-023904_next,next
0.0028347480385975,-0.003778540605322,2,-0.0050106216423697,0.0078453696809672,0001104659-20-023904_next,next
-0.0266715745744855,-0.0441632425840791,3,-0.0519063664594145,0.025234791884929,0001104659-20-023904_next,next
-0.0272761998379509,-0.0082383404443618,4,-0.0101894548375911,-0.0170867450003597,0001104659-20-023904_next,next
0.0594576386508547,0.04603922900611,5,0.0528390416355947,0.00661859701526,0001104659-20-023904_next,next
0.0109587860839666,0.0047110331133788,-5,0.0028213851785242,0.0081374009054423,0001104659-21-025751_next,next
-0.0016376364099662,-0.0005692724183511,-4,-0.0007683811788509,-0.0008692552311153,0001104659-21-025751_next,next
-0.0060929768077777,-0.0003204020092266,-3,-0.0005991889575575,-0.0054937878502202,0001104659-21-025751_next,next
-0.014382154075352,-0.0044158356273545,-2,-0.0033834312202211,-0.0109987228551308,0001104659-21-025751_next,next
-0.018898074059423,-0.0018548966445751,-1,-0.0016424007915027,-0.0172556732679203,0001104659-21-025751_next,next
-0.0039822875714524,-0.0077328394581538,0,-0.0056384652684472,0.0016561776969948,0001104659-21-025751_next,next
-0.0142799223695602,0.0012563181187927,1,0.0004727294828714,-0.0147526518524316,0001104659-21-025751_next,next
0.0130795106274441,0.011351613765979,2,0.007335921861467,0.0057435887659771,0001104659-21-025751_next,next
-0.0065371453286285,-0.0244788075251262,3,-0.0170230551235729,0.0104859097949443,0001104659-21-025751_next,next
-0.0148051004938659,-0.0047502141699028,4,-0.0036107553467238,-0.0111943451471421,0001104659-21-025751_next,next
0.0202872933428523,0.0237907635068002,5,0.0157925615361266,0.0044947318067257,0001104659-21-025751_next,next
-0.0215951728531054,-0.0038405967262932,-5,-0.0017861761630327,-0.0198089966900726,0001104659-22-025141_next,next
0.0097733490444023,0.0157667211707204,-4,0.0077733557370107,0.0019999933073915,0001104659-22-025141_next,next
-0.0024196214739857,0.000881207755895,-3,0.0005159357734561,-0.0029355572474419,0001104659-22-025141_next,next
-0.0250646814269738,-0.021173138152195,-2,-0.0102366426439669,-0.0148280387830068,0001104659-22-025141_next,next
-0.0314315353271553,-0.0071661613961429,-1,-0.0034075525141515,-0.0280239828130038,0001104659-22-025141_next,next
0.0061649536951307,-0.0101429452648328,0,-0.0048588810692218,0.0110238347643525,0001104659-22-025141_next,next
-0.0022126775892007,-0.0184121228454876,1,-0.0088905118758725,0.0066778342866718,0001104659-22-025141_next,next
0.0125373853860684,0.0149568560673292,2,0.0073785066642684,0.0051588787217999,0001104659-22-025141_next,next
0.0310816350793619,0.0223726776556034,3,0.0109940844506079,0.0200875506287539,0001104659-22-025141_next,next
-0.0146231259293513,-0.0024426034406476,4,-0.0011045856731773,-0.0135185402561739,0001104659-22-025141_next,next
-0.0203118618527394,-0.0154735036804118,5,-0.0074577904910217,-0.0128540713617177,0001104659-22-025141_next,next
0.0033285793032122,0.0114486093427661,-5,0.010604629867651,-0.0072760505644387,0001628280-23-004026_next,next
-0.0116110003166397,-0.0002804145319874,-4,0.0010940756095182,-0.012705075926158,0001628280-23-004026_next,next
0.0001865576782436,0.002773175690496,-3,0.0035700988321791,-0.0033835411539355,0001628280-23-004026_next,next
-0.0111858689042275,-0.0137887414891306,-2,-0.0098592379683523,-0.0013266309358751,0001628280-23-004026_next,next
0.0062217934860884,-0.0027674058253277,-1,-0.0009225172363474,0.0071443107224358,0001628280-23-004026_next,next
-0.0289488267860776,-0.0200412342553273,0,-0.0149291118416157,-0.0140197149444619,0001628280-23-004026_next,next
-0.0092617464426603,-0.0015735561458868,1,4.552343554654285e-05,-0.0093072698782068,0001628280-23-004026_next,next
-0.0013633810636496,0.0053294294160743,2,0.0056428535655884,-0.007006234629238,0001628280-23-004026_next,next
-0.0203803534004188,-0.0105375514855581,3,-0.0072229896954648,-0.013157363704954,0001628280-23-004026_next,next
-0.0068684709607141,0.0030730045671669,4,0.0038132170004242,-0.0106816879611384,0001628280-23-004026_next,next
0.0195451164128805,-0.0030360018281855,5,-0.001140310028482,0.0206854264413626,0001628280-23-004026_next,next
0.006439517426177,-0.0009489536011326,-5,0.0003016246190225,0.0061378928071545,0001628280-24-005348_next,next
-0.0105749091240509,-0.0136742556536254,-4,-0.004783521967108,-0.0057913871569428,0001628280-24-005348_next,next
0.0064667001290972,0.0095797632750176,-3,0.0045089957649674,0.0019577043641297,0001628280-24-005348_next,next
0.0140996260919399,0.0058212506847294,-2,0.0030070599061098,0.01109256618583,0001628280-24-005348_next,next
0.0032557188149864,-0.0048034698371121,-1,-0.0012386751709329,0.0044943939859194,0001628280-24-005348_next,next
0.0230682890812721,-0.0060053220011653,0,-0.0017189462406379,0.02478723532191,0001628280-24-005348_next,next
0.0105453856357777,0.0012641999229821,1,0.0011860209218616,0.0093593647139161,0001628280-24-005348_next,next
0.0097562991389847,0.021122884217414,2,0.0091217320136933,0.0006345671252914,0001628280-24-005348_next,next
0.0036969565344231,0.0003479475462115,3,0.0008198781280364,0.0028770784063866,0001628280-24-005348_next,next
-0.0064455747984873,-0.0037867513501905,4,-0.0008323852045732,-0.0056131895939141,0001628280-24-005348_next,next
0.0059817961939219,0.0017063496993998,5,0.001362707999059,0.0046190881948628,0001628280-24-005348_next,next
-0.0089535553145625,-7.194380749464546e-05,-5,0.0009467631018794,-0.0099003184164419,0001628280-25-007110_next,next
-0.0032924463349098,0.0024449877750611,-4,0.001543427330511,-0.0048358736654209,0001628280-25-007110_next,next
0.0149794341075777,0.0023769693899173,-3,0.0015273028805713,0.0134521312270064,0001628280-25-007110_next,next
0.0078711344520681,-0.0043341850761716,-2,-6.364453750285241e-05,0.0079347789895709,0001628280-25-007110_next,next
0.0131410321248495,-0.0170641267025635,-1,-0.0030814066624961,0.0162224387873456,0001628280-25-007110_next,next
0.0002222074317468,-0.0049691065044024,0,-0.0002141591191635,0.0004363665509103,0001628280-25-007110_next,next
0.0064469033465317,-0.0046797309154723,1,-0.0001455596928817,0.0065924630394135,0001628280-25-007110_next,next
0.0010309473266878,0.0001360242800469,2,0.0009960640520494,3.48832746383703e-05,0001628280-25-007110_next,next
-0.0006623341485049,-0.0158645536555098,3,-0.002797035672133,0.0021347015236281,0001628280-25-007110_next,next
0.0157506015802431,0.0158541446349889,4,0.0047222043341768,0.0110283972460662,0001628280-25-007110_next,next
0.0160133184052251,-0.0175967394669998,5,-0.0032076679349336,0.0192209863401587,0001628280-25-007110_next,next
0.0108549248710623,0.0004990891480125,-5,-0.001792430841869,0.0126473557129313,0001628280-26-010185_next,next
-0.0037273966536045,0.0010313220779065,-4,-0.0017728148617526,-0.0019545817918518,0001628280-26-010185_next,next
0.0091751731920437,0.0055660701474107,-3,-0.0016056821591937,0.0107808553512375,0001628280-26-010185_next,next
-0.0097096198099557,-0.0028221256867719,-2,-0.0019148375561139,-0.0077947822538418,0001628280-26-010185_next,next
0.0001782243602099,0.0069397247635067,-1,-0.0015550547362693,0.0017332790964792,0001628280-26-010185_next,next
0.0274485513651199,-0.0103856522472848,0,-0.0021935989372445,0.0296421503023645,0001628280-26-010185_next,next
-0.0061583835158719,0.0076516140863223,1,-0.0015288173390376,-0.0046295661768342,0001628280-26-010185_next,next
0.0015709662758482,0.0081363556573399,2,-0.0015109517007342,0.0030819179765825,0001628280-26-010185_next,next
0.0130707843892259,-0.0053655805693283,3,-0.002008579144807,0.0150793635340329,0001628280-26-010185_next,next
0.0007740660795316,-0.0043393528110311,4,-0.0019707564882765,0.0027448225678082,0001628280-26-010185_next,next
-0.0191662940214007,0.0003983547353176,5,-0.0017961435099988,-0.0173701505114019,0001628280-26-010185_next,next
-0.0005525146018705,0.0018498402425362,-5,0.0025794040628247,-0.0031319186646953,0000796343-17-000031_next,next
-0.0048834311734828,-0.002967502689997,-4,-0.0033605938677678,-0.001522837305715,0000796343-17-000031_next,next
0.0073148232919197,0.0017637540575008,-3,0.0024732559707905,0.0048415673211292,0000796343-17-000031_next,next
0.0091920212481335,-0.0036093083554193,-2,-0.004151968776684,0.0133439900248176,0000796343-17-000031_next,next
0.0083796170987662,0.0033662371547078,-1,0.0044491888480071,0.003930428250759,0000796343-17-000031_next,next
0.0023484973207532,-0.0026901247580694,0,-0.0030185745503314,0.0053670718710847,0000796343-17-000031_next,next
0.0247814721974333,0.0065645936376641,1,0.0083929045344608,0.0163885676629725,0000796343-17-000031_next,next
0.0046605590362971,0.0080260905496174,2,0.0101949951794805,-0.0055344361431833,0000796343-17-000031_next,next
-0.0119912713048756,-0.0007353844075136,3,-0.0006082928245417,-0.0113829784803339,0000796343-17-000031_next,next
0.00983345709922,-0.0008664638929263,4,-0.000769919655556,0.010603376754776,0000796343-17-000031_next,next
-0.0014913428557868,-0.0060095435176958,5,-0.00711156540423,0.0056202225484432,0000796343-17-000031_next,next
-0.0132786275179055,-0.0035244876226721,-5,-0.0049502644930705,-0.0083283630248349,0000796343-18-000015_next,next
0.0209394089094487,0.0094150515607511,-4,0.0154051778742184,0.0055342310352303,0000796343-18-000015_next,next
-0.0014759455280893,-0.0016163897301626,-3,-0.0019485983493581,0.0004726528212687,0000796343-18-000015_next,next
-0.0023955210398252,0.0043852351128388,-2,0.0074926751666502,-0.0098881962064754,0000796343-18-000015_next,next
0.0107801596914598,0.0080667264993476,-1,0.0132841013280822,-0.0025039416366223,0000796343-18-000015_next,next
0.0113728267370023,0.0021743654797181,0,0.0040147128713444,0.0073581138656578,0000796343-18-000015_next,next
-0.0115447928475789,-0.0005599757022828,1,-0.0002867327639089,-0.01125806008367,0000796343-18-000015_next,next
-0.0013651748110394,0.0006026209018938,2,0.001542170710725,-0.0029073455217645,0000796343-18-000015_next,next
0.0191889456246765,0.011841196508761,3,0.0192217939811638,-3.284835648731041e-05,0000796343-18-000015_next,next
-0.0152509055026165,-0.0067319743328871,4,-0.0099960246200827,-0.0052548808825337,0000796343-18-000015_next,next
-0.0067093873768865,-0.0108988156202839,5,-0.0165509642108144,0.0098415768339279,0000796343-18-000015_next,next
0.0127250437316654,0.01318305304897,-5,0.0258059864560965,-0.013080942724431,0000796343-19-000019_next,next
-0.0147872347967721,-0.0141573061645666,-4,-0.0246742452898385,0.0098870104930664,0000796343-19-000019_next,next
0.0052901097143513,0.0022029127742235,-3,0.0055326600764766,-0.0002425503621252,0000796343-19-000019_next,next
-0.0105246056844188,0.0013757255543636,-2,0.0040053720759908,-0.0145299777604096,0000796343-19-000019_next,next
0.009853229772857,0.0084886940607138,-1,0.0171384950096616,-0.0072852652368045,0000796343-19-000019_next,next
-0.0126556067905631,-0.0078468274939378,0,-0.0130228100166911,0.0003672032261279,0000796343-19-000019_next,next
-0.0148025707699275,-0.0014562465775435,1,-0.0012234769087701,-0.0135790938611574,0000796343-19-000019_next,next
0.0184664196818205,0.0155492609197442,2,0.0301748654727482,-0.0117084457909277,0000796343-19-000019_next,next
0.0212222738456857,0.0085973959487253,3,0.017339198169967,0.0038830756757187,0000796343-19-000019_next,next
-0.0017754920038824,0.0008986100931438,4,0.0031244436703385,-0.004899935674221,0000796343-19-000019_next,next
0.0297518007319876,0.006776236617404,5,0.0139766766912494,0.0157751240407382,0000796343-19-000019_next,next
-0.0028932673259634,-0.0015145327728022,-5,-0.0017426329200641,-0.0011506344058992,0000796343-20-000013_next,next
-0.0049038168977216,0.0018701968845122,-4,0.0022492315272357,-0.0071530484249574,0000796343-20-000013_next,next
0.0071149542894843,0.0083665530264682,-3,0.0099108694556982,-0.0027959151662138,0000796343-20-000013_next,next
0.0126237341187189,0.0038621622485013,-2,0.0045985050355577,0.0080252290831612,0000796343-20-000013_next,next
0.0007434373331192,-0.0026519776473655,-1,-0.0030841066019343,0.0038275439350536,0000796343-20-000013_next,next
0.000171421595982,0.000289076071118,0,0.0003844976781867,-0.0002130760822047,0000796343-20-000013_next,next
0.0048563452519214,0.0011409766124783,1,0.0013892076042344,0.003467137647687,0000796343-20-000013_next,next
-0.0011087520969121,-0.0090421609742074,2,-0.0106205270008349,0.0095117749039227,0000796343-20-000013_next,next
-0.0127216361181105,-0.0157307116591823,3,-0.0185088343064468,0.0057871981883363,0000796343-20-000013_next,next
0.0222831107591048,0.010053584595046,4,0.011900511767463,0.0103825989916417,0000796343-20-000013_next,next
-0.0083749293060652,-0.0008668741908683,5,-0.0009788007890036,-0.0073961285170615,0000796343-20-000013_next,next
-0.0223871691043088,-0.0065547508985924,-5,-0.0092433183822396,-0.0131438507220691,0000796343-21-000004_next,next
-0.0054613621609822,0.0004157884466327,-4,0.0001410984470513,-0.0056024606080335,0000796343-21-000004_next,next
0.0008480735750253,0.0022756417379066,-3,0.0026450135190749,-0.0017969399440495,0000796343-21-000004_next,next
-0.0185997225004646,-0.0037534511943366,-2,-0.0054719367449616,-0.0131277857555029,0000796343-21-000004_next,next
-0.0112029757257879,-0.0071900279753709,-1,-0.0100985900614199,-0.001104385664368,0000796343-21-000004_next,next
-0.0034491499707035,0.0081363795155244,0,0.0105353077285199,-0.0139844576992234,0000796343-21-000004_next,next
0.0289814041321536,0.0139356254219462,1,0.0183428156107759,0.0106385885213777,0000796343-21-000004_next,next
0.0048750941472428,0.0003167233075522,2,7.727338685183593e-06,0.0048673668085576,0000796343-21-000004_next,next
0.0008898212734849,-0.0030106116552376,3,-0.0044718540358727,0.0053616753093576,0000796343-21-000004_next,next
0.0021166708890703,0.0036158389430824,4,0.0044493171150996,-0.0023326462260293,0000796343-21-000004_next,next
0.0059986404259155,-0.0014888337468982,5,-0.002423088867759,0.0084217292936746,0000796343-21-000004_next,next
0.0071579628499129,0.0008199802697488,-5,-0.000495776100682,0.007653738950595,0000796343-22-000032_next,next
-0.0139453497328685,-0.0183879456940073,-4,-0.0320420629409939,0.0180967132081254,0000796343-22-000032_next,next
0.0063115869888852,-0.0096895418683388,-3,-0.0177561716555328,0.0240677586444181,0000796343-22-000032_next,next
-0.0110922041053933,-0.0110373784941483,-2,-0.0199698016378586,0.0088775975324653,0000796343-22-000032_next,next
-0.0214152927683227,-0.0189148218679086,-1,-0.0329073821296756,0.0114920893613528,0000796343-22-000032_next,next
0.0395070499444754,0.0027717389433818,0,0.0027097099615651,0.0367973399829103,0000796343-22-000032_next,next
-0.0325981849656845,-0.0121719062536467,1,-0.021833102141878,-0.0107650828238065,0000796343-22-000032_next,next
-0.0037993389112657,-0.0014966358477518,2,-0.0043004886281804,0.0005011497169147,0000796343-22-000032_next,next
-0.0154949178400078,-0.0053840887577105,3,-0.0106850771989176,-0.0048098406410902,0000796343-22-000032_next,next
0.0509278693301704,0.0243476468880761,4,0.0381450704553425,0.0127827988748278,0000796343-22-000032_next,next
0.0311487098289151,0.0188859517327795,5,0.0291750128693003,0.0019736969596147,0000796343-22-000032_next,next
-0.0095912002863465,0.0069782331590619,-5,0.0092764747273309,-0.0188676750136775,0000796343-23-000007_next,next
0.0124888701396457,0.0128494246148815,-4,0.0175761362695212,-0.0050872661298755,0000796343-23-000007_next,next
0.0046948820561834,0.0034159058663651,-3,0.0042406807059004,0.0004542013502829,0000796343-23-000007_next,next
-0.0004643979164715,0.0039968583635343,-2,0.0050619295333109,-0.0055263274497824,0000796343-23-000007_next,next
0.0,-0.0020304911890052,-1,-0.0034584809590032,0.0034584809590032,0000796343-23-000007_next,next
-0.0089145922547492,-0.015562598500411,0,-0.0225878027469927,0.0136732104922435,0000796343-23-000007_next,next
0.0035744667001549,-0.0076383502962943,1,-0.011385889376362,0.0149603560765169,0000796343-23-000007_next,next
0.0404344324668615,0.0189184010459815,2,0.0261553915475503,0.0142790409193111,0000796343-23-000007_next,next
0.0241315617758732,0.0118813449836652,3,0.0162076349447995,0.0079239268310737,0000796343-23-000007_next,next
-0.0100279564686801,-0.0007115031258156,4,-0.0015939267905625,-0.0084340296781176,0000796343-23-000007_next,next
-0.0087180168067966,-0.0001817250594663,5,-0.0008450194050236,-0.0078729974017729,0000796343-23-000007_next,next
0.008239537682128,0.0056659718937244,-5,0.0100828866027452,-0.0018433489206171,0000796343-24-000006_next,next
0.0109300045975415,-0.0006710555783868,-4,-2.4306128878523936e-05,0.01095431072642,0000796343-24-000006_next,next
-0.001590005226127,0.0007509755941104,-3,0.0022437514413403,-0.0038337566674674,0000796343-24-000006_next,next
0.0019110448426395,-0.0037313402367431,-2,-0.0049052833680908,0.0068163282107304,0000796343-24-000006_next,next
-0.0026435837056718,-0.0056168971839904,-1,-0.0079126377714214,0.0052690540657495,0000796343-24-000006_next,next
-0.0040261088361012,0.008805260963896,0,0.0150898713147639,-0.0191159801508651,0000796343-24-000006_next,next
0.0300656480022321,0.0123135027649361,1,0.0206853143183332,0.0093803336838988,0000796343-24-000006_next,next
-0.0130160429995703,0.002194325202627,2,0.0045458106854564,-0.0175618536850268,0000796343-24-000006_next,next
-0.0106198477351953,0.002921374261968,3,0.0057054119339037,-0.016325259669099,0000796343-24-000006_next,next
0.0155731737617301,0.0008119284117831,4,0.0023409676643194,0.0132322060974107,0000796343-24-000006_next,next
0.0265466909701619,0.0052603655277063,5,0.0094359678805904,0.0171107230895715,0000796343-24-000006_next,next
0.0014166926195191,0.0055380450854503,-5,0.0047510244745935,-0.0033343318550743,0000796343-25-000004_next,next
-0.0198292776524949,-0.0111039128821078,-4,-0.0167159972966205,-0.0031132803558744,0000796343-25-000004_next,next
-0.0072167576256034,0.0015603601909253,-3,-0.0003799251646409,-0.0068368324609625,0000796343-25-000004_next,next
-0.0325563029259942,-0.0154116438030668,-2,-0.022272684415109,-0.0102836185108851,0000796343-25-000004_next,next
0.0063558989133827,0.0015754440882007,-1,-0.0003604679378027,0.0067163668511854,0000796343-25-000004_next,next
0.0103059766342181,0.001146279811244,0,-0.0009140613848488,0.011220038019067,0000796343-25-000004_next,next
0.0110731686143734,0.0183127922796391,1,0.0212296008941471,-0.0101564322797737,0000796343-25-000004_next,next
0.0231259440297026,-0.0021126894641922,2,-0.0051179155541653,0.028243859583868,0000796343-25-000004_next,next
0.0071674457430717,0.0099910589693537,3,0.010495116977388,-0.0033276712343163,0000796343-25-000004_next,next
0.0148142869877399,0.0087682271055828,4,0.0089177449942791,0.0058965419934607,0000796343-25-000004_next,next
0.0022000687617651,0.0061379415222275,5,0.0055248510816475,-0.0033247823198824,0000796343-25-000004_next,next
-0.0150129666399422,0.0064754870318832,-5,0.0035301515339935,-0.0185431181739357,0000796343-26-000003_next,next
-0.0188651537064211,0.0015776332151369,-4,0.000387552615862,-0.0192527063222831,0000796343-26-000003_next,next
-0.0540821045346988,-0.0019391230550597,-3,-0.0018688957926766,-0.0522132087420222,0000796343-26-000003_next,next
-0.017713646191442,-0.0053333604454995,-2,-0.0040467326882178,-0.0136669135032241,0000796343-26-000003_next,next
-0.0011496718588517,0.0025799262171273,-1,0.0010306516183141,-0.0021803234771658,0000796343-26-000003_next,next
-0.0262093502472446,-0.0006423023039563,0,-0.0010368196136175,-0.0251725306336271,0000796343-26-000003_next,next
-0.0194178039133239,-0.0206267580562774,1,-0.013859400967916,-0.0055584029454078,0000796343-26-000003_next,next
0.0132934391777732,0.0115877413232745,2,0.0068103157460017,0.0064831234317714,0000796343-26-000003_next,next
0.0186928586297594,0.0054875021926288,3,0.0028962330457864,0.015796625583973,0000796343-26-000003_next,next
0.0044706779060297,0.0003268698377891,4,-0.0004149718741609,0.0048856497801907,0000796343-26-000003_next,next
0.0121234058780015,0.0050060830312763,5,0.002587341153084,0.0095360647249174,0000796343-26-000003_next,next
-0.0170496327752912,0.0040073351766347,-5,0.0116307926075979,-0.0286804253828891,0000002488-17-000043_next,next
0.0030165883229702,0.0049923089198982,-4,0.0138011532011385,-0.0107845648781682,0000002488-17-000043_next,next
-0.0248120239829726,-0.0008641180363413,-3,0.0008966891261285,-0.0257087131091012,0000002488-17-000043_next,next
0.0123361483514266,0.0016785565287558,-2,0.006499397539452,0.0058367508119745,0000002488-17-000043_next,next
0.0662604629075531,0.0060480661608284,-1,0.0161274831441766,0.0501329797633765,0000002488-17-000043_next,next
0.0199999809265136,-0.001082200145408,0,0.0004161516306757,0.0195838292958379,0000002488-17-000043_next,next
0.0028011178292022,0.0004189867216857,1,0.00372397261795,-0.0009228547887478,0000002488-17-000043_next,next
-0.0139664674250954,0.0014933641914423,2,0.0060913316860423,-0.0200577991111378,0000002488-17-000043_next,next
0.076487247341312,0.0010179830611165,3,0.0050438433857417,0.0714434039555703,0000002488-17-000043_next,next
-0.0486841960792063,-0.0025783763780462,4,-0.0028806285713538,-0.0458035675078524,0000002488-17-000043_next,next
0.0345781465201209,0.0136738546598662,5,0.0329306831951246,0.0016474633249962,0000002488-17-000043_next,next
-0.0249584175798507,-0.0054965031281792,-5,-0.0178937648028816,-0.0070646527769691,0000002488-18-000042_next,next
0.0102388978519625,0.0009735510790762,-4,-0.0006743561714477,0.0109132540234103,0000002488-18-000042_next,next
0.0194256367628558,0.0160283763505131,-3,0.0393925706145751,-0.0199669338517193,0000002488-18-000042_next,next
0.0289975468367085,0.0117570153438109,-2,0.02802476622983,0.0009727806068784,0000002488-18-000042_next,next
0.0088566550725877,-0.0127068884438292,-1,-0.0370834913744202,0.0459401464470079,0000002488-18-000042_next,next
-0.0335195598758686,-0.011095788639207,0,-0.0327957087696464,-0.0007238511062222,0000002488-18-000042_next,next
-0.0173410441040916,-0.0133243995419872,1,-0.0387269360184703,0.0213858919143786,0000002488-18-000042_next,next
-0.0075629581343371,0.005071602744632,2,0.010232202562295,-0.0177951606966322,0000002488-18-000042_next,next
0.0084673517563393,0.011032026532745,3,0.0260952802949269,-0.0176279285385875,0000002488-18-000042_next,next
-0.0125944265702796,0.0026388586061694,4,0.0037576949192312,-0.0163521214895108,0000002488-18-000042_next,next
0.0408162868107331,-0.0004838747205661,5,-0.0045531506282072,0.0453694374389403,0000002488-18-000042_next,next
-0.015503919402965,0.006776236617404,-5,0.0184426946163133,-0.0339466140192783,0000002488-19-000011_next,next
-0.0339825828157288,0.0047084203769747,-4,0.0139175517630507,-0.0479001345787795,0000002488-19-000011_next,next
-0.0021449694640103,-0.0022244379802809,-3,-0.001254093489868,-0.0008908759741422,0000002488-19-000011_next,next
-0.025365440532339,-0.0093571401439401,-2,-0.0168630705301261,-0.0085023700022129,0000002488-19-000011_next,next
0.0167622037709636,0.000676201086956,-1,0.0050935721722784,0.0116686315986851,0000002488-19-000011_next,next
-0.003904562063637,0.0007091030986317,0,0.0051655738811735,-0.0090701359448106,0000002488-19-000011_next,next
-0.006097534635492,0.0128902247439735,1,0.0318223504749667,-0.0379198851104587,0000002488-19-000011_next,next
0.0013146663911793,0.0030239946687606,2,0.0102314084750987,-0.0089167420839193,0000002488-19-000011_next,next
0.0122537756946359,-0.0026516415551012,3,-0.0021889721148105,0.0144427478094464,0000002488-19-000011_next,next
0.0237786927957222,0.0108787526085869,4,0.0274205092571554,-0.0036418164614332,0000002488-19-000011_next,next
0.0114020462113193,0.0014987433214488,5,0.006893597262104,0.0045084489492153,0000002488-19-000011_next,next
-0.0597664858642551,-0.0008668741908683,-5,0.0003752199543422,-0.0601417058185974,0000002488-20-000008_next,next
0.026731225060643,0.0031343587926053,-4,0.0086744491955154,0.0180567758651276,0000002488-20-000008_next,next
-0.0364903407921434,-0.0177058203755262,-3,-0.0345515826446224,-0.001938758147521,0000002488-20-000008_next,next
0.0217021373992269,0.0072546138923517,-2,0.0172205502963868,0.0044815871028401,0000002488-20-000008_next,next
0.0297792647135342,0.0149804141640821,-1,0.0332451576590261,-0.0034658929454919,0000002488-20-000008_next,next
0.0078867418327872,0.0112505958978537,0,0.0255088881273102,-0.0176221462945229,0000002488-20-000008_next,next
-0.0104333959906032,0.0033256728767856,1,0.0090712667385665,-0.0195046627291698,0000002488-20-000008_next,next
0.008313054540735,-0.0054008536727301,2,-0.0090290150027729,0.0173420695435079,0000002488-20-000008_next,next
0.0508746994286237,0.0073263978048905,3,0.0173694421875734,0.0335052572410502,0000002488-20-000008_next,next
0.029468062858563,0.0016884725532351,4,0.0056754382889389,0.0237926245696241,0000002488-20-000008_next,next
0.0016728653134607,0.0064626464661976,5,0.0155778768383948,-0.013905011524934,0000002488-20-000008_next,next
0.0144411717283039,0.0036158389430824,-5,0.0043710700253768,0.0100701017029271,0001628280-21-001185_next,next
0.006161710910213,-0.0014888337468982,-4,-0.0023768830516475,0.0085385939618605,0001628280-21-001185_next,next
-0.0619787013338108,-0.025677883699462,-3,-0.0343527968801824,-0.0276259044536284,0001628280-21-001185_next,next
-0.0148581691719547,0.0097606259756297,-2,0.0124939678255281,-0.0273521369974828,0001628280-21-001185_next,next
-0.0214807738291533,-0.0193114751731245,-1,-0.025936933882891,0.0044561600537377,0001628280-21-001185_next,next
0.0235871588843694,0.0160517676144393,0,0.0208103342524932,0.0027768246318761,0001628280-21-001185_next,next
0.0136892185502026,0.0138982234844169,1,0.0179635278809083,-0.0042743093307056,0001628280-21-001185_next,next
-0.0109160613779033,0.0010087690809532,2,0.0009247403257856,-0.011840801703689,0001628280-21-001185_next,next
-0.0005689276607697,0.0108533222304207,3,0.0139384214668443,-0.0145073491276141,0001628280-21-001185_next,next
0.0006831191995666,0.0038974951646253,4,0.0047433961434751,-0.0040602769439085,0001628280-21-001185_next,next
0.0406143302941031,0.0073993483603735,5,0.0093725550499644,0.0312417752441386,0001628280-21-001185_next,next
0.0257309885858751,0.0243476468880761,-5,0.0522872672403817,-0.0265562786545065,0000002488-22-000016_next,next
0.0856138570802111,0.0188859517327795,-4,0.0408709606089873,0.0447428964712238,0000002488-22-000016_next,next
0.0221444094467997,0.0068630035578014,-3,0.015739996855764,0.0064044125910356,0000002488-22-000016_next,next
0.0512074278082093,0.0094225154473364,-2,0.0210900158016757,0.0301174120065335,0000002488-22-000016_next,next
-0.0218312174856573,-0.024391082077444,-1,-0.0495888461042466,0.0277576286185893,0000002488-22-000016_next,next
0.0293137624033255,0.0051569298644233,0,0.0121738768388914,0.017139885564434,0000002488-22-000016_next,next
0.0005663405800031,-0.0037017126347429,1,-0.0063428979412443,0.0069092385212474,0000002488-22-000016_next,next
0.0368723023054009,0.0084012071916632,2,0.0189552265319684,0.0179170757734324,0000002488-22-000016_next,next
0.0360290924893507,0.0145172078875055,3,0.0317391951197879,0.0042898973695627,0000002488-22-000016_next,next
-0.0532932565688595,-0.0181157256684597,4,-0.0364717842856692,-0.0168214722831903,0000002488-22-000016_next,next
-0.1001033368365339,-0.0189694543445634,5,-0.0382562903903283,-0.0618470464462056,0000002488-22-000016_next,next
-0.0220382593239948,-0.0200412342553273,-5,-0.0403248116809298,0.018286552356935,0000002488-23-000047_next,next
-0.0020840958670185,-0.0015735561458868,-4,-0.0041153778799823,0.0020312820129638,0000002488-23-000047_next,next
0.0409868080489763,0.0053294294160743,-3,0.0094192525837659,0.0315675554652103,0000002488-23-000047_next,next
-0.0208150929418103,-0.0105375514855581,-2,-0.0216910142929814,0.000875921351171,0000002488-23-000047_next,next
0.0087079054560774,0.0030730045671669,-1,0.0049950978140572,0.0037128076420201,0000002488-23-000047_next,next
-0.0024120200597779,-0.0030360018281855,0,-0.0069827838314433,0.0045707637716654,0000002488-23-000047_next,next
-0.0036905180551005,-0.00472526484568,1,-0.0102949087797923,0.0066043907246917,0000002488-23-000047_next,next
0.027462019424405,0.0075821940867943,2,0.0138362308703785,0.0136257885540265,0000002488-23-000047_next,next
0.0134260836509403,0.0161477371607488,3,0.0306306250041472,-0.0172045413532069,0000002488-23-000047_next,next
-0.0044160082897605,0.0006871667698291,4,0.0003172040761141,-0.0047332123658746,0000002488-23-000047_next,next
0.0117052354038484,-0.0153269191153376,5,-0.0310814904054199,0.0427867258092684,0000002488-23-000047_next,next
0.0114420810014161,0.0052603655277063,-5,0.0134247342839759,-0.0019826532825597,0000002488-24-000012_next,next
-0.0170798081283237,-0.0006517852510764,-4,-0.0004233872663521,-0.0166564208619716,0000002488-24-000012_next,next
0.0032722247168106,0.0075567748961808,-3,0.0188036492091623,-0.0155314244923516,0000002488-24-000012_next,next
-0.0324467424678016,-0.0006006499345398,-2,-0.0003036122292448,-0.0321431302385568,0000002488-24-000012_next,next
-0.0253980889177877,-0.0161057446115979,-1,-0.0366214335723347,0.011223344654547,0000002488-24-000012_next,next
0.0166378033604459,0.0124936882116097,0,0.0303674570742871,-0.0137296537138411,0000002488-24-000012_next,next
0.0421164248856822,0.0106844460775146,1,0.0261296414426494,0.0159867834430328,0000002488-24-000012_next,next
-0.0193065848467155,-0.0031863375266721,2,-0.0063601079795772,-0.0129464768671382,0000002488-24-000012_next,next
-0.0364460253712952,0.0023104108269635,3,0.0065150100918168,-0.0429610354631121,0000002488-24-000012_next,next
0.018227290145302,0.00824145796339,4,0.0204073928708075,-0.0021801027255055,0000002488-24-000012_next,next
-0.0093014877453019,0.0005705832608251,5,0.0024397852685662,-0.0117412730138681,0000002488-24-000012_next,next
0.0128675087845311,0.0052754144053117,-5,0.0088928793436912,0.0039746294408399,0000002488-25-000012_next,next
-0.0244826152378122,-0.0050468257540199,-4,-0.0134299710857915,-0.0110526441520206,0000002488-25-000012_next,next
-0.0144890068942883,-0.0076085976846667,-3,-0.0189700525758135,0.0044810456815252,0000002488-25-000012_next,next
0.0457688239308349,0.0072248818286797,-2,0.0131087926568155,0.0326600312740194,0000002488-25-000012_next,next
-0.0626778063913767,0.0039086729306143,-1,0.0059371676915205,-0.0686149740828973,0000002488-25-000012_next,next
-0.0165163685281523,0.0036442987226186,0,0.0053654326987857,-0.021881801226938,0000002488-25-000012_next,next
-0.0236020880272529,-0.0094647701115428,1,-0.0229842063657763,-0.0006178816614766,0000002488-25-000012_next,next
0.0271476930514911,0.0067125410858628,2,0.012000805863804,0.015146887187687,0000002488-25-000012_next,next
0.0056118310857073,0.0003395827888592,3,-0.0017813376110046,0.007393168696712,0000002488-25-000012_next,next
0.0055805828541612,-0.0027238667143857,4,-0.0084063457491256,0.0139869286032869,0000002488-25-000012_next,next
0.0008055526038963,0.0104262921222306,5,0.0200321544506928,-0.0192266018467965,0000002488-25-000012_next,next
-0.0022157664208722,-0.0012926312740076,-5,-0.0036908865834674,0.0014751201625951,0000002488-26-000018_next,next
-0.061265752228432,-0.0043018996208942,-4,-0.0123880375667186,-0.0488777146617133,0000002488-26-000018_next,next
0.0402991117184059,0.0053912661291679,-3,0.0156263886379741,0.0246727230804317,0000002488-26-000018_next,next
-0.0168920436510282,-0.0084039830206983,-2,-0.024243556769882,0.0073515131188537,0000002488-26-000018_next,next
-0.1731444304789821,-0.0050723919062231,-1,-0.0146148538437943,-0.1585295766351877,0000002488-26-000018_next,next
-0.0384135188951658,-0.0122510155676747,0,-0.0353619480337092,-0.0030515708614565,0000002488-26-000018_next,next
0.0828052074878247,0.0196957966973359,1,0.0569682191944301,0.0258369882933946,0000002488-26-000018_next,next
0.0362694179142457,0.0046910867168872,2,0.0136027851031581,0.0226666328110876,0000002488-26-000018_next,next
-0.0112499660915799,-0.0033037129754581,3,-0.0095031569365799,-0.0017468091549999,0000002488-26-000018_next,next
4.679733339507664e-05,-4.895607156218951e-05,4,-9.651421020096444e-05,0.000143311543596,0000002488-26-000018_next,next
-0.0357711364554242,-0.0156610121277019,5,-0.0452172522193957,0.0094461157639714,0000002488-26-000018_next,next
0.007793212138915,0.00069332238554,-5,-0.0005356434938714,0.0083288556327865,0000318154-17-000004_next,next
-0.0038667167716515,0.0057525464497805,-4,0.005857856240841,-0.0097245730124926,0000318154-17-000004_next,next
0.0025084700497273,0.0035660501028451,-3,0.0030947123996955,-0.0005862423499682,0000318154-17-000004_next,next
0.0055174154544197,0.0052458450979924,-2,0.0052175218897429,0.0002998935646768,0000318154-17-000004_next,next
0.0023258725802655,0.0040073351766347,-1,0.0036523781536494,-0.0013265055733839,0000318154-17-000004_next,next
0.0222556117281895,0.0049923089198982,0,0.0048971202892597,0.0173584914389297,0000318154-17-000004_next,next
0.0018627430955302,-0.0008641180363413,1,-0.0025038296816529,0.0043665727771831,0000318154-17-000004_next,next
0.0068557773078543,0.0016785565287558,2,0.0007094277173054,0.0061463495905488,0000318154-17-000004_next,next
-0.0008656651746153,0.0060480661608284,3,0.0062313137454299,-0.0070969789200453,0000318154-17-000004_next,next
-0.003060919789469,-0.001082200145408,4,-0.002779426865877,-0.000281492923592,0000318154-17-000004_next,next
0.0081108609274946,0.0004189867216857,5,-0.00088233005525,0.0089931909827447,0000318154-17-000004_next,next
0.0046416521506089,-0.0050015884169394,-5,-0.0067927173165231,0.0114343694671321,0000318154-18-000004_next,next
-0.0245110627270336,-0.037536419758088,-4,-0.0473956164986494,0.0228845537716157,0000318154-18-000004_next,next
0.0019639234356747,0.0149360902084947,-3,0.0180891561029428,-0.0161252326672681,0000318154-18-000004_next,next
0.0081285691265096,0.0139145847540425,-2,0.0168143352026526,-0.0086857660761429,0000318154-18-000004_next,next
0.0061190991966169,0.002612929746329,-1,0.0027100678696608,0.003409031326956,0000318154-18-000004_next,next
0.0280608771001535,0.0134024582572458,0,0.0161752103121654,0.0118856667879881,0000318154-18-000004_next,next
0.0227272902008632,0.0120691127622993,1,0.0145112185078562,0.008216071693007,0000318154-18-000004_next,next
-0.0002724566515238,0.0003734693722488,2,-8.473941972402947e-05,-0.0001877172317998,0000318154-18-000004_next,next
-0.0031055847243474,-0.0058413894593534,3,-0.0078407742958459,0.0047351895714984,0000318154-18-000004_next,next
-0.0030056703971476,-0.0054965031281792,4,-0.0074103622003559,0.0044046918032083,0000318154-18-000004_next,next
0.0001097032467729,0.0009735510790762,5,0.0006641520310374,-0.0005544487842645,0000318154-18-000004_next,next
-0.034231450304944,-0.0093571401439401,-5,-0.0076876460247236,-0.0265438042802203,0000318154-19-000008_next,next
0.0096074553317018,0.000676201086956,-4,0.0016645508617499,0.0079429044699518,0000318154-19-000008_next,next
-0.0011293230536297,0.0007091030986317,-3,0.0016952192187878,-0.0028245422724175,0000318154-19-000008_next,next
0.0142097829921381,0.0128902247439735,-2,0.0130493878156377,0.0011603951765003,0000318154-19-000008_next,next
0.0029189202033441,0.0030239946687606,-1,0.0038529572281379,-0.0009340370247937,0000318154-19-000008_next,next
-0.0045323543886305,-0.0026516415551012,0,-0.0014373709088247,-0.0030949834798057,0000318154-19-000008_next,next
0.0088920828178249,0.0108787526085869,1,0.0111744706759851,-0.0022823878581602,0000318154-19-000008_next,next
-0.007274511743903,0.0014987433214488,2,0.0024312522772991,-0.0097057640212022,0000318154-19-000008_next,next
-0.0002671365593281,0.0017771107537685,3,0.002690721877099,-0.0029578584364271,0000318154-19-000008_next,next
-0.0075966766627162,-0.0035264367908802,4,-0.0022527779693523,-0.0053438986933639,0000318154-19-000008_next,next
0.010781491391119,0.0064111023949868,5,0.0070101206896794,0.0037713707014396,0000318154-19-000008_next,next
-0.0021128117434996,0.0033256728767856,-5,0.0033088785736842,-0.0054216903171839,0000318154-20-000017_next,next
-0.0091596617846532,-0.0054008536727301,-4,-0.0028561294239567,-0.0063035323606964,0000318154-20-000017_next,next
-0.0083283887931743,0.0073263978048905,-3,0.0061352609880593,-0.0144636497812336,0000318154-20-000017_next,next
0.0067716061649931,0.0016884725532351,-2,0.0021522496410662,0.0046193565239269,0000318154-20-000017_next,next
-0.0085604250452355,0.0064626464661976,-1,0.0055250486795538,-0.0140854737247894,0000318154-20-000017_next,next
-0.0104704330874233,-0.0016304457368023,0,-0.0001924584951547,-0.0102779745922685,0000318154-20-000017_next,next
0.0019727590977556,0.0018435333204338,1,0.0022617950443233,-0.0002890359465677,0000318154-20-000017_next,next
-0.0080095655085126,-0.0029199426368901,2,-0.0011034462354505,-0.006906119273062,0000318154-20-000017_next,next
0.0057287341047929,0.0047057858811645,3,0.0042838836528949,0.0014448504518979,0000318154-20-000017_next,next
-0.0036778432217146,-0.0038155197636281,4,-0.0017361424310692,-0.0019417007906453,0000318154-20-000017_next,next
0.0029259599600015,-0.0105181030271228,5,-0.0064713001355505,0.0093972600955521,0000318154-20-000017_next,next
-0.0141791979669709,0.0010087690809532,-5,-0.0001589476722318,-0.0140202502947391,0000318154-21-000010_next,next
0.0005904918587309,0.0108533222304207,-4,0.0087349259527405,-0.0081444340940096,0000318154-21-000010_next,next
-0.0037941740301414,0.0038974951646253,-3,0.0024508167665665,-0.006244990796708,0000318154-21-000010_next,next
0.0052894864746508,0.0073993483603735,-2,0.0056144991910832,-0.0003250127164323,0000318154-21-000010_next,next
-0.0038724381615138,-0.0011135249921484,-1,-0.0020762937411304,-0.0017961444203834,0000318154-21-000010_next,next
0.0076483691032009,-0.0003451849323593,0,-0.0013821515805857,0.0090305206837867,0000318154-21-000010_next,next
-0.0070131006089035,0.0016624551635393,1,0.000431612541183,-0.0074447131500866,0000318154-21-000010_next,next
0.0092325457416926,0.0047110331133788,2,0.0031857920971354,0.0060467536445572,0000318154-21-000010_next,next
-0.0184227756802033,-0.0005692724183511,3,-0.0015845991423074,-0.0168381765378959,0000318154-21-000010_next,next
0.0118967524157254,-0.0003204020092266,4,-0.0013597619217507,0.0132565143374761,0000318154-21-000010_next,next
-0.0130722221403175,-0.0044158356273545,5,-0.0050597032482967,-0.0080125188920208,0000318154-21-000010_next,next
-0.0352884170035541,-0.0181157256684597,-5,-0.0099253097352333,-0.0253631072683207,0000318154-22-000010_next,next
-0.0027095733700626,-0.0189694543445634,-4,-0.0104134472142146,0.007703873844152,0000318154-22-000010_next,next
-0.0087952155291861,-0.0038405967262932,-3,-0.0017632019731227,-0.0070320135560634,0000318154-22-000010_next,next
-0.0014715814318435,0.0157667211707204,-2,0.0094476979248572,-0.0109192793567008,0000318154-22-000010_next,next
-0.0057157523526737,0.000881207755895,-1,0.0009365898936531,-0.0066523422463268,0000318154-22-000010_next,next
-0.0044012426167377,-0.021173138152195,0,-0.0116734501735138,0.007272207556776,0000318154-22-000010_next,next
-0.0041048841265529,-0.0071661613961429,1,-0.0036646641115838,-0.000440220014969,0000318154-22-000010_next,next
0.0028989905221461,-0.0101429452648328,2,-0.0053667034290005,0.0082656939511466,0000318154-22-000010_next,next
-0.0018519162131417,-0.0184121228454876,3,-0.0100947811080726,0.0082428648949309,0000318154-22-000010_next,next
-0.0078280601234996,0.0149568560673292,4,0.0089846403739635,-0.0168127004974632,0000318154-22-000010_next,next
0.0353899232514047,0.0223726776556034,5,0.013224793663878,0.0221651295875267,0000318154-22-000010_next,next
-0.0055164339401909,-0.0103546106913104,-5,-0.0033502743201746,-0.0021661596200162,0000318154-23-000017_next,next
-0.0053840234801945,-0.0061404630177543,-4,-0.0014722525304287,-0.0039117709497658,0000318154-23-000017_next,next
0.0006150193329439,0.0128725105980265,-3,0.0070008199635332,-0.0063858006305892,0000318154-23-000017_next,next
-0.015573582349575,-0.0110807244761647,-2,-0.0036738646676008,-0.0118997176819742,0000318154-23-000017_next,next
-0.0008327719447747,-0.0088297961777351,-1,-0.0026707454797914,0.0018379735350167,0000318154-23-000017_next,next
0.0104166830308398,0.0021952617756952,0,0.0022425372700469,0.0081741457607929,0000318154-23-000017_next,next
0.0047835176801889,0.0114486093427661,1,0.0063662628025192,-0.0015827451223302,0000318154-23-000017_next,next
-0.0020703721141498,-0.0002804145319874,2,0.0011392598316787,-0.0032096319458286,0000318154-23-000017_next,next
-0.0039827187165085,0.002773175690496,3,0.0025000828068119,-0.0064828015233205,0000318154-23-000017_next,next
-0.0243678967774075,-0.0137887414891306,4,-0.0048806840178732,-0.0194872127595343,0000318154-23-000017_next,next
0.0269404126716019,-0.0027674058253277,5,3.093990518214778e-05,0.0269094727664198,0000318154-23-000017_next,next
-0.0034475388182615,0.0005705832608251,-5,0.0016750728860011,-0.0051226117042627,0000318154-24-000011_next,next
-0.0126505138807807,0.0057423415255595,-4,0.0056987323817663,-0.0183492462625471,0000318154-24-000011_next,next
0.0113699363398267,-0.0009489536011326,-3,0.000492863932912,0.0108770724069147,0000318154-24-000011_next,next
-0.0134156481390845,-0.0136742556536254,-2,-0.0094074987327476,-0.0040081494063369,0000318154-24-000011_next,next
-0.0014112866897475,0.0095797632750176,-1,0.0086842699245301,-0.0100955566142776,0000318154-24-000011_next,next
0.0043428562031169,0.0058212506847294,0,0.0057601241892222,-0.0014172679861053,0000318154-24-000011_next,next
-0.0185768057886941,-0.0048034698371121,1,-0.0025059732247013,-0.0160708325639927,0000318154-24-000011_next,next
-0.0006695727444615,-0.0060053220011653,2,-0.0034410215438337,0.0027714487993721,0000318154-24-000011_next,next
-0.0001765777038127,0.0012641999229821,3,0.0022147108826452,-0.002391288586458,0000318154-24-000011_next,next
0.0060680170346985,0.021122884217414,4,0.017664888471098,-0.0115968714363995,0000318154-24-000011_next,next
0.0140262056871773,0.0003479475462115,5,0.0015018609411758,0.0125243447460015,0000318154-24-000011_next,next
0.0042581057755495,0.0067125410858628,-5,0.0017654563703249,0.0024926494052246,0000318154-25-000010_next,next
0.0063435511538598,0.0003395827888592,-4,-0.0017865109438778,0.0081300620977376,0000318154-25-000010_next,next
-0.0053932841975807,-0.0027238667143857,-3,-0.003493924047358,-0.0018993601502227,0000318154-25-000010_next,next
0.0064732078636646,0.0104262921222306,-2,0.0038353149320022,0.0026378929316624,0000318154-25-000010_next,next
-0.0116432750855567,-7.194380749464546e-05,-1,-0.0020158752282575,-0.0096273998572991,0000318154-25-000010_next,next
0.0056325458673482,0.0024449877750611,0,-0.0006130638027495,0.0062456096700978,0000318154-25-000010_next,next
0.0050205588535103,0.0023769693899173,1,-0.000650973839115,0.0056715326926254,0000318154-25-000010_next,next
0.0124374792826111,-0.0043341850761716,2,-0.0043914347354812,0.0168289140180924,0000318154-25-000010_next,next
0.0170512421625419,-0.0170641267025635,3,-0.0114864657181745,0.0285377078807164,0000318154-25-000010_next,next
0.022144270624218,-0.0049691065044024,4,-0.0047453080946122,0.0268895787188303,0000318154-25-000010_next,next
0.019081746929719,-0.0046797309154723,5,-0.0045840246551943,0.0236657715849134,0000318154-25-000010_next,next
-0.0221168992810885,0.0046910867168872,-5,0.0036200037299769,-0.0257369030110654,0000318154-26-000010_next,next
-0.0297218132874066,-0.0033037129754581,-4,-0.0008909649938319,-0.0288308482935747,0000318154-26-000010_next,next
0.0052927354827039,-4.895607156218951e-05,-3,0.0009454920985368,0.004347243384167,0000318154-26-000010_next,next
-0.0010365101152122,-0.0156610121277019,-2,-0.007863421106759,0.0068269109915467,0000318154-26-000010_next,next
0.0151506544332313,0.0004990891480125,-1,0.0012547199641332,0.013895934469098,0000318154-26-000010_next,next
0.0112949558384232,0.0010313220779065,0,0.0015550259371311,0.009739929901292,0000318154-26-000010_next,next
0.0170612748474425,0.0055660701474107,1,0.0041137025142906,0.0129475723331519,0000318154-26-000010_next,next
-0.0111395350750256,-0.0028221256867719,2,-0.0006192352093912,-0.0105202998656343,0000318154-26-000010_next,next
-0.0019973297554364,0.0069397247635067,3,0.0048887704645805,-0.006886100220017,0000318154-26-000010_next,next
0.0124617890956146,-0.0103856522472848,4,-0.0048868633012917,0.0173486523969064,0000318154-26-000010_next,next
0.0090927105315561,0.0076516140863223,5,0.0052904453774754,0.0038022651540807,0000318154-26-000010_next,next
-0.0031596731018066,-0.0021153569858851,-5,-0.0024191416819142,-0.0007405314198923,0001018724-17-000011_next,next
0.0060175333242835,0.0002268291856959,-4,0.0006028041648663,0.0054147291594172,0001018724-17-000011_next,next
0.0088738544170672,0.00069332238554,-3,0.00120468509343,0.0076691693236371,0001018724-17-000011_next,next
0.002012918156127,0.0057525464497805,-2,0.0077322196397309,-0.0057193014836039,0001018724-17-000011_next,next
0.0074267142125987,0.0035660501028451,-1,0.0049111486101117,0.002515565602487,0001018724-17-000011_next,next
0.0109612266040575,0.0052458450979924,0,0.007078461170753,0.0038827654333045,0001018724-17-000011_next,next
-0.0001673572852771,0.0040073351766347,1,0.0054805053982975,-0.0056478626835747,0001018724-17-000011_next,next
0.0075442880063369,0.0049923089198982,2,0.0067513425967913,0.0007929454095456,0001018724-17-000011_next,next
0.001708850451096,-0.0008641180363413,3,-0.0008047626061674,0.0025136130572635,0001018724-17-000011_next,next
0.0011017404426045,0.0016785565287558,4,0.0024758582663069,-0.0013741178237024,0001018724-17-000011_next,next
0.0134544281218025,0.0060480661608284,5,0.0081135063940798,0.0053409217277226,0001018724-17-000011_next,next
0.0111479870163437,-0.0067319743328871,-5,-0.0121324673311242,0.023280454347468,0001018724-18-000005_next,next
0.0142062541142373,-0.0108988156202839,-4,-0.0198515660049567,0.0340578201191941,0001018724-18-000005_next,next
0.0090901980569244,0.0004889853730833,-3,0.0012444041755365,0.0078457938813878,0001018724-18-000005_next,next
-0.0419673740052771,-0.0006480882520516,-2,-0.0008620315887383,-0.0411053424165388,0001018724-18-000005_next,next
0.0287409720660971,-0.021208547923968,-1,-0.0389504074207898,0.067691379486887,0001018724-18-000005_next,next
-0.0279380065988569,-0.0409792248042282,0,-0.0755757058569901,0.0476376992581332,0001018724-18-000005_next,next
0.0380143638995054,0.0174409205923138,1,0.0326479666451327,0.0053663972543726,0001018724-18-000005_next,next
-0.0180616206187189,-0.0050015884169394,2,-0.0089269169614926,-0.0091347036572263,0001018724-18-000005_next,next
-0.0467820763555533,-0.037536419758088,3,-0.0691978886969496,0.0224158123413963,0001018724-18-000005_next,next
-0.008071057484337,0.0149360902084947,4,0.028007753217183,-0.03607881070152,0001018724-18-000005_next,next
0.0348088545167482,0.0139145847540425,5,0.026115408187718,0.0086934463290301,0001018724-18-000005_next,next
-0.0195622167126648,-0.0078468274939378,-5,-0.0146567834178878,-0.004905433294777,0001018724-19-000004_next,next
-0.0268699420425195,-0.0014562465775435,-4,-0.0021089097340676,-0.0247610323084519,0001018724-19-000004_next,next
0.048027447209614,0.0155492609197442,-3,0.0312813192289699,0.0167461279806441,0001018724-19-000004_next,next
0.0289147216718597,0.0085973959487253,-2,0.0176313671096659,0.0112833545621937,0001018724-19-000004_next,next
-0.0538188077293867,0.0008986100931438,-1,0.0025148395672647,-0.0563336472966515,0001018724-19-000004_next,next
0.0043535818975664,0.006776236617404,0,0.0140555298663087,-0.0097019479687423,0001018724-19-000004_next,next
0.0156124872244736,0.0047084203769747,1,0.0099953830149176,0.0056171042095559,0001018724-19-000004_next,next
-0.0111826897860277,-0.0022244379802809,2,-0.0036172497132732,-0.0075654400727545,0001018724-19-000004_next,next
-0.0157841104531439,-0.0093571401439401,3,-0.0176222747563494,0.0018381643032054,0001018724-19-000004_next,next
-0.0161982091572395,0.000676201086956,4,0.0020781405954031,-0.0182763497526427,0001018724-19-000004_next,next
0.0017503863887402,0.0007091030986317,5,0.0021427435308561,-0.0003923571421159,0001018724-19-000004_next,next
-0.0178874637677122,-0.0157307116591823,-5,-0.018490367300722,0.0006029035330097,0001018724-20-000004_next,next
0.0136243659245136,0.010053584595046,-4,0.0105853480407272,0.0030390178837863,0001018724-20-000004_next,next
0.0025630978623367,-0.0008668741908683,-3,-0.0017291300402948,0.0042922279026316,0001018724-20-000004_next,next
0.0068244891898707,0.0031343587926053,-2,0.002782868662141,0.0040416205277297,0001018724-20-000004_next,next
0.0737913558648475,-0.0177058203755262,-1,-0.0207176027559232,0.0945089586207707,0001018724-20-000004_next,next
-0.0022501685803328,0.0072546138923517,0,0.0074290829017378,-0.0096792514820707,0001018724-20-000004_next,next
0.0226873421407756,0.0149804141640821,1,0.0161410976595146,0.006546244481261,0001018724-20-000004_next,next
-0.0047812367371395,0.0112505958978537,2,0.0119351603279339,-0.0167163970650735,0001018724-20-000004_next,next
0.0050787328892443,0.0033256728767856,3,0.0029986043873898,0.0020801285018544,0001018724-20-000004_next,next
0.0141691363906086,-0.0054008536727301,4,-0.0068418814405571,0.0210110178311658,0001018724-20-000004_next,next
0.0262735795990962,0.0073263978048905,5,0.0075100301801314,0.0187635494189647,0001018724-20-000004_next,next
0.0015591193708615,0.0097606259756297,-5,0.0118336903078356,-0.0102745709369741,0001018724-21-000004_next,next
-0.0097046545146951,-0.0193114751731245,-4,-0.0272679589127818,0.0175633043980866,0001018724-21-000004_next,next
0.0426299029247456,0.0160517676144393,-3,0.0202952050879084,0.0223346978368372,0001018724-21-000004_next,next
0.011104214562255,0.0138982234844169,-2,0.0173987124428673,-0.0062944978806122,0001018724-21-000004_next,next
-0.0199615659093009,0.0010087690809532,-1,6.254117163553168e-05,-0.0200241070809365,0001018724-21-000004_next,next
0.0055758451473297,0.0108533222304207,0,0.0133033544865925,-0.0077275093392627,0001018724-21-000004_next,next
0.0063494151774878,0.0038974951646253,1,0.0039478452795236,0.0024015698979642,0001018724-21-000004_next,next
-0.0087137807739665,0.0073993483603735,2,0.0086577984604657,-0.0173715792344323,0001018724-21-000004_next,next
-0.0053988525624483,-0.0011135249921484,3,-0.0027919204981559,-0.0026069320642924,0001018724-21-000004_next,next
-0.0055734054403838,-0.0003451849323593,4,-0.00175851175531,-0.0038148936850738,0001018724-21-000004_next,next
-0.0074392739100781,0.0016624551635393,5,0.0009417416040671,-0.0083810155141453,0001018724-21-000004_next,next
0.0388636103021893,0.0188859517327795,-5,0.019865673099593,0.0189979372025962,0001018724-22-000005_next,next
0.0108307628022343,0.0068630035578014,-4,0.0068756048242741,0.0039551579779601,0001018724-22-000005_next,next
-0.0038427158906232,0.0094225154473364,-3,0.009641002604641,-0.0134837184952642,0001018724-22-000005_next,next
-0.0781276325178123,-0.024391082077444,-2,-0.0268925442499641,-0.0512350882678481,0001018724-22-000005_next,next
0.1353590173571186,0.0051569298644233,-1,0.0050322953932454,0.1303267219638731,0001018724-22-000005_next,next
0.0018777353189827,-0.0037017126347429,0,-0.0045389319975789,0.0064166673165616,0001018724-22-000005_next,next
0.022021627828944,0.0084012071916632,1,0.0085375408098915,0.0134840870190524,0001018724-22-000005_next,next
-0.0013877341505965,0.0145172078875055,2,0.0151455096254132,-0.0165332437760098,0001018724-22-000005_next,next
-0.0135617062747338,-0.0181157256684597,3,-0.0201124012252843,0.0065506949505504,0001018724-22-000005_next,next
-0.0359111067436319,-0.0189694543445634,4,-0.0210348034206347,-0.0148763033229972,0001018724-22-000005_next,next
0.0122216832700543,-0.0038405967262932,5,-0.0046889878578668,0.0169106711279212,0001018724-22-000005_next,next
-0.0165296835614527,-0.0129687409846833,-5,-0.0226833454041777,0.0061536618427249,0001018724-23-000004_next,next
0.0256588177360086,0.0146424702855101,-4,0.0182748009550052,0.0073840167810034,0001018724-23-000004_next,next
0.0195869710681486,0.0104523039445902,-3,0.0120591574404455,0.0075278136277031,0001018724-23-000004_next,next
0.0737993535294492,0.0146993732443099,-2,0.018359210135464,0.0554401433939851,0001018724-23-000004_next,next
-0.0843149762083984,-0.0103546106913104,-1,-0.0188055752437095,-0.0655094009646889,0001018724-23-000004_next,next
-0.011703250716856,-0.0061404630177543,0,-0.0125543581021041,0.000851107385248,0001018724-23-000004_next,next
-0.0006850625818668,0.0128725105980265,1,0.0156492635520856,-0.0163343261339525,0001018724-23-000004_next,next
-0.0201742977796528,-0.0110807244761647,2,-0.0198826839001335,-0.0002916138795192,0001018724-23-000004_next,next
-0.0180910058248766,-0.0088297961777351,3,-0.0165436833112449,-0.0015473225136317,0001018724-23-000004_next,next
-0.0064128386310795,0.0021952617756952,4,-0.0001892418904679,-0.0062235967406116,0001018724-23-000004_next,next
0.0197725672892896,0.0114486093427661,5,0.0135370651612481,0.0062355021280415,0001018724-23-000004_next,next
0.0134489659082277,0.0075567748961808,-5,0.0118765260564566,0.0015724398517711,0001018724-24-000008_next,next
-0.0140146011647056,-0.0006006499345398,-4,-0.0011715490348778,-0.0128430521298278,0001018724-24-000008_next,next
-0.0238993902626277,-0.0161057446115979,-3,-0.0259724689137346,0.0020730786511069,0001018724-24-000008_next,next
0.0262886721087716,0.0124936882116097,-2,0.0197732847757684,0.0065153873330031,0001018724-24-000008_next,next
0.0786664921856183,0.0106844460775146,-1,0.0168793411950472,0.061787150990571,0001018724-24-000008_next,next
-0.008730574595861,-0.0031863375266721,0,-0.0053074432128806,-0.0034231313829803,0001018724-24-000008_next,next
-0.006811130754143,0.0023104108269635,1,0.0034847904594793,-0.0102959212136224,0001018724-24-000008_next,next
0.008158468416245,0.00824145796339,2,0.0129716996265599,-0.0048132312103149,0001018724-24-000008_next,next
-0.0040462232237464,0.0005705832608251,3,0.0007018778124078,-0.0047481010361543,0001018724-24-000008_next,next
0.027143197772921,0.0057423415255595,4,0.0089742789184957,0.0181689188544253,0001018724-24-000008_next,next
-0.0120951599155234,-0.0009489536011326,5,-0.0017286724519609,-0.0103664874635625,0001018724-24-000008_next,next
-0.0010938846972727,-0.0076085976846667,-5,-0.0103715083140705,0.0092776236167977,0001018724-25-000004_next,next
0.0195434227336934,0.0072248818286797,-4,0.0126040920532867,0.0069393306804067,0001018724-25-000004_next,next
-0.0243328077710265,0.0039086729306143,-3,0.0074676107369461,-0.0318004185079726,0001018724-25-000004_next,next
0.0112630888035427,0.0036442987226186,-2,0.0070581210993407,0.0042049677042019,0001018724-25-000004_next,next
-0.0405309544879449,-0.0094647701115428,-1,-0.0132465367829098,-0.0272844177050351,0001018724-25-000004_next,next
0.0174121998666361,0.0067125410858628,0,0.0118105266495467,0.0056016732170893,0001018724-25-000004_next,next
-0.0016299428832774,0.0003395827888592,1,0.0019394412539696,-0.003569384137247,0001018724-25-000004_next,next
-0.0164547255604193,-0.0027238667143857,2,-0.0028055406276453,-0.0136491849327739,0001018724-25-000004_next,next
0.0062901432205331,0.0104262921222306,3,0.0175627616257487,-0.0112726184052156,0001018724-25-000004_next,next
-0.0073360354092405,-7.194380749464546e-05,4,0.0013020270444539,-0.0086380624536945,0001018724-25-000004_next,next
-0.0088770283554056,0.0024449877750611,5,0.0052005064363425,-0.0140775347917481,0001018724-25-000004_next,next
0.0152946243854319,0.0053912661291679,-5,0.0087467258325717,0.0065478985528602,0001018724-26-000004_next,next
-0.0178630699569863,-0.0084039830206983,-4,-0.0148876524682814,-0.0029754174887049,0001018724-26-000004_next,next
-0.023593955826118,-0.0050723919062231,-3,-0.0091798842440278,-0.0144140715820902,0001018724-26-000004_next,next
-0.0442079179746619,-0.0122510155676747,-2,-0.0214784883106203,-0.0227294296640416,0001018724-26-000004_next,next
-0.0555480487744045,0.0196957966973359,-1,0.0332536182555675,-0.0888016670299721,0001018724-26-000004_next,next
-0.0076074840614147,0.0046910867168872,0,0.007547160320667,-0.0151546443820817,0001018724-26-000004_next,next
-0.0084323231915608,-0.0033037129754581,1,-0.0061497376704987,-0.002282585521062,0001018724-26-000004_next,next
-0.0139157556502897,-4.895607156218951e-05,2,-0.0005736038067086,-0.0133421518435811,0001018724-26-000004_next,next
-0.021952154485219,-0.0156610121277019,3,-0.027320582775806,0.005368428290587,0001018724-26-000004_next,next
-0.0040581803237155,0.0004990891480125,4,0.0003653214642081,-0.0044235017879237,0001018724-26-000004_next,next
0.0118718280097462,0.0010313220779065,5,0.0012771567107219,0.0105946712990243,0001018724-26-000004_next,next
0.0054784412923807,0.0052458450979924,-5,0.0065234889766214,-0.0010450476842407,0001193125-17-047588_next,next
0.0063364278815138,0.0040073351766347,-4,0.005294089229395,0.0010423386521188,0001193125-17-047588_next,next
0.0023928890768605,0.0049923089198982,-3,0.0062718177482472,-0.0038789286713867,0001193125-17-047588_next,next
-0.0011306590022457,-0.0008641180363413,-2,0.0004584692271803,-0.0015891282294261,0001193125-17-047588_next,next
0.002515552977105,0.0016785565287558,-1,0.0029824405040377,-0.0004668875269327,0001193125-17-047588_next,next
0.003261828112377,0.0060480661608284,0,0.0073198090987802,-0.0040579809864031,0001193125-17-047588_next,next
-0.001375980559692,-0.001082200145408,1,0.0002419912764286,-0.0016179718361206,0001193125-17-047588_next,next
0.0023794056666719,0.0004189867216857,2,0.0017321357824344,0.0006472698842375,0001193125-17-047588_next,next
-0.0036226701808723,0.0014933641914423,3,0.0027986103959737,-0.0064212805768461,0001193125-17-047588_next,next
0.0051401815800191,0.0010179830611165,4,0.002326726052231,0.0028134555277881,0001193125-17-047588_next,next
-0.0013715747012683,-0.0025783763780462,5,-0.0012431794521153,-0.000128395249153,0001193125-17-047588_next,next
0.0324900920931685,0.0139145847540425,-5,0.0123571605304027,0.0201329315627658,0000004962-18-000032_next,next
-0.0014783327459273,0.002612929746329,-4,0.0024831005827334,-0.0039614333286608,0000004962-18-000032_next,next
0.0176608285084034,0.0134024582572458,-3,0.0119097244932286,0.0057511040151748,0000004962-18-000032_next,next
0.003429516389541,0.0120691127622993,-2,0.0107448036618043,-0.0073152872722632,0000004962-18-000032_next,next
0.0023818046474297,0.0003734693722488,-1,0.0005265228984025,0.0018552817490271,0000004962-18-000032_next,next
0.0041327026131066,-0.0058413894593534,0,-0.0049032914630922,0.0090359940761988,0000004962-18-000032_next,next
0.0031892582715562,-0.0054965031281792,1,-0.0046019702577624,0.0077912285293187,0000004962-18-000032_next,next
-0.0015384785228083,0.0009735510790762,2,0.0010508038769557,-0.002589282399764,0000004962-18-000032_next,next
0.0148952255089984,0.0160283763505131,3,0.0142039435835206,0.0006912819254778,0000004962-18-000032_next,next
0.0287447755833214,0.0117570153438109,4,0.0104721295607487,0.0182726460225726,0000004962-18-000032_next,next
-0.0202677777692794,-0.0127068884438292,5,-0.0109015588404904,-0.009366218928789,0000004962-18-000032_next,next
-0.0054304739620113,-0.0093571401439401,-5,-0.009186616523663,0.0037561425616517,0000004962-19-000018_next,next
0.0012451771152794,0.000676201086956,-4,0.0012204188267025,2.4758288576941147e-05,0000004962-19-000018_next,next
0.0085152245467772,0.0007091030986317,-3,0.0012545462814283,0.0072606782653488,0000004962-19-000018_next,next
0.0150840656379316,0.0128902247439735,-2,0.0138893566255445,0.001194709012387,0000004962-19-000018_next,next
0.0052336614127399,0.0030239946687606,-1,0.0036556565245855,0.0015780048881544,0000004962-19-000018_next,next
-0.0087393721149865,-0.0026516415551012,0,-0.0022313700858181,-0.0065080020291683,0000004962-19-000018_next,next
0.0071278200853504,0.0108787526085869,1,0.0118029667442973,-0.0046751466589469,0000004962-19-000018_next,next
-0.0081949322877917,0.0014987433214488,2,0.0020735968373511,-0.0102685291251429,0000004962-19-000018_next,next
0.0026291560150804,0.0017771107537685,3,0.0023623321292019,0.0002668238858784,0000004962-19-000018_next,next
-0.001592208478985,-0.0035264367908802,4,-0.0031387472728961,0.0015465387939111,0000004962-19-000018_next,next
0.0077854754586625,0.0064111023949868,5,0.0071689178630702,0.0006165575955923,0000004962-19-000018_next,next
-0.0107318856533572,-0.0054008536727301,-5,-0.0080395482077903,-0.0026923374455668,0000004962-20-000030_next,next
0.0031862979179426,0.0073263978048905,-4,0.0087841969245584,-0.0055978990066157,0000004962-20-000030_next,next
0.0029491868053856,0.0016884725532351,-3,0.0013316045344522,0.0016175822709334,0000004962-20-000030_next,next
0.0045993644173321,0.0064626464661976,-2,0.0076424317598293,-0.0030430673424972,0000004962-20-000030_next,next
0.0091561159437512,-0.0016304457368023,-1,-0.0030555670025339,0.0122116829462851,0000004962-20-000030_next,next
0.0104865658157238,0.0018435333204338,0,0.0015365743845384,0.0089499914311853,0000004962-20-000030_next,next
-0.0019872993880333,-0.0029199426368901,1,-0.0047601115567274,0.002772812168694,0000004962-20-000030_next,next
0.0098081750827185,0.0047057858811645,2,0.0053200941547589,0.0044880809279596,0000004962-20-000030_next,next
-0.0025559872606099,-0.0038155197636281,3,-0.0059439462089377,0.0033879589483278,0000004962-20-000030_next,next
-0.0123006397440975,-0.0105181030271228,4,-0.0148038758450937,0.0025032361009961,0000004962-20-000030_next,next
-0.0497404503699764,-0.0335136266712231,5,-0.0452009203015114,-0.0045395300684649,0000004962-20-000030_next,next
0.0135411937401443,0.0073993483603735,-5,0.0103290007029064,0.0032121930372379,0000004962-21-000013_next,next
-0.0102350564538461,-0.0011135249921484,-4,0.0001938094428028,-0.010428865896649,0000004962-21-000013_next,next
0.0122356393873621,-0.0003451849323593,-3,0.0011085738397681,0.0111270655475939,0000004962-21-000013_next,next
0.0006237983489021,0.0016624551635393,-2,0.0034988145388569,-0.0028750161899547,0000004962-21-000013_next,next
0.0102095929188918,0.0047110331133788,-1,0.007128367019372,0.0030812258995198,0000004962-21-000013_next,next
0.0081779055340736,-0.0005692724183511,0,0.0008417814847697,0.0073361240493038,0000004962-21-000013_next,next
-0.0162229525952157,-0.0003204020092266,1,0.0011380797017178,-0.0173610322969336,0000004962-21-000013_next,next
-0.000544382902597,-0.0044158356273545,2,-0.0037378301460995,0.0031934472435024,0000004962-21-000013_next,next
0.0250603928532018,-0.0018548966445751,3,-0.0006888471152131,0.025749239968415,0000004962-21-000013_next,next
0.0321916121612855,-0.0077328394581538,4,-0.0076869630467654,0.0398785752080509,0000004962-21-000013_next,next
0.0072822216674235,0.0012563181187927,5,0.0030152790208405,0.004266942646583,0000004962-21-000013_next,next
0.0108689311032748,-0.0037017126347429,-5,-0.0046093063052805,0.0154782374085553,0000004962-22-000008_next,next
0.0326289212833297,0.0084012071916632,-4,0.0109790538019648,0.0216498674813648,0000004962-22-000008_next,next
0.0123709718036648,0.0145172078875055,-3,0.0188563613137392,-0.0064853895100743,0000004962-22-000008_next,next
-0.0045313897318836,-0.0181157256684597,-2,-0.0231743161527287,0.0186429264208451,0000004962-22-000008_next,next
-0.0189247865891449,-0.0189694543445634,-1,-0.024273904535356,0.005349117946211,0000004962-22-000008_next,next
0.0028152697999834,-0.0038405967262932,0,-0.0047881867129264,0.0076034565129099,0000004962-22-000008_next,next
0.029269450630565,0.0157667211707204,1,0.0204657137094349,0.0088037369211301,0000004962-22-000008_next,next
0.0020204068260933,0.000881207755895,2,0.0012934191871443,0.000726987638949,0000004962-22-000008_next,next
-0.013458811404546,-0.021173138152195,3,-0.0271122127492894,0.0136534013447434,0000004962-22-000008_next,next
-0.0042410188733749,-0.0071661613961429,4,-0.0090714588800645,0.0048304400066896,0000004962-22-000008_next,next
-0.0125206769625106,-0.0101429452648328,5,-0.0129055071570212,0.0003848301945106,0000004962-22-000008_next,next
-0.0133065711431681,-0.0061404630177543,-5,-0.0066409508038938,-0.0066656203392742,0000004962-23-000006_next,next
0.0125792253973544,0.0128725105980265,-4,0.0150519463775771,-0.0024727209802227,0000004962-23-000006_next,next
0.0016788690545359,-0.0110807244761647,-3,-0.0122775537904949,0.0139564228450309,0000004962-23-000006_next,next
0.0020670221164789,-0.0088297961777351,-2,-0.0097093518286426,0.0117763739451215,0000004962-23-000006_next,next
-0.0006689859243267,0.0021952617756952,-1,0.0028697140995306,-0.0035387000238573,0000004962-23-000006_next,next
0.0116040808384105,0.0114486093427661,0,0.0134273428751932,-0.0018232620367826,0000004962-23-000006_next,next
-0.0017098913330492,-0.0002804145319874,1,4.508536535981992e-05,-0.001754976698409,0000004962-23-000006_next,next
-0.0019332846693769,0.002773175690496,2,0.0035290863464425,-0.0054623710158194,0000004962-23-000006_next,next
-0.0151105563571831,-0.0137887414891306,3,-0.0153672722014639,0.0002567158442807,0000004962-23-000006_next,next
-0.0035966282068868,-0.0027674058253277,4,-0.0027924532284383,-0.0008041749784485,0000004962-23-000006_next,next
-0.0215455674414,-0.0200412342553273,5,-0.0225010685999619,0.0009555011585619,0000004962-23-000006_next,next
-0.0022771446423767,-0.0031863375266721,-5,-0.0031090343053777,0.000831889663001,0000004962-24-000013_next,next
-0.0014081854338791,0.0023104108269635,-4,0.0029482297643045,-0.0043564151981836,0000004962-24-000013_next,next
0.0166787638358274,0.00824145796339,-3,0.0094840790344108,0.0071946848014166,0000004962-24-000013_next,next
0.0101875590794184,0.0005705832608251,-2,0.0010309880923545,0.0091565709870639,0000004962-24-000013_next,next
0.0059656719894782,0.0057423415255595,-1,0.0067301221073467,-0.0007644501178684,0000004962-24-000013_next,next
-0.0009883576940977,-0.0009489536011326,0,-0.000643499339912,-0.0003448583541857,0000004962-24-000013_next,next
-0.0122021002080346,-0.0136742556536254,1,-0.0146664288865111,0.0024643286784764,0000004962-24-000013_next,next
0.0058663883542657,0.0095797632750176,2,0.0109588543300681,-0.0050924659758023,0000004962-24-000013_next,next
0.0077287114808235,0.0058212506847294,3,0.0068170778098564,0.0009116336709671,0000004962-24-000013_next,next
0.0001412489938592,-0.0048034698371121,4,-0.0048910692121551,0.0050323182060144,0000004962-24-000013_next,next
-0.0003293868645034,-0.0060053220011653,5,-0.0062154769277774,0.005886090063274,0000004962-24-000013_next,next
-0.0028979037206378,-0.0076085976846667,-5,-0.008080274460482,0.0051823707398442,0000004962-25-000016_next,next
-0.0022115991928309,0.0072248818286797,-4,0.0098952088440244,-0.0121068080368554,0000004962-25-000016_next,next
0.0148814224900413,0.0039086729306143,-3,0.0058765659067557,0.0090048565832856,0000004962-25-000016_next,next
-0.0011855005385954,0.0036442987226186,-2,0.0055561923789065,-0.0067416929175019,0000004962-25-000016_next,next
-0.0105576440465215,-0.0094647701115428,-1,-0.0103296183477053,-0.0002280256988162,0000004962-25-000016_next,next
-0.0205510980767863,0.0067125410858628,0,0.0092743449084631,-0.0298254429852495,0000004962-25-000016_next,next
-0.0022239948050457,0.0003395827888592,1,0.0015514768271723,-0.0037754716322181,0000004962-25-000016_next,next
-0.0102400906292817,-0.0027238667143857,2,-0.0021608676264827,-0.008079223002799,0000004962-25-000016_next,next
0.0035901990815359,0.0104262921222306,3,0.0137747367208669,-0.010184537639331,0000004962-25-000016_next,next
0.0115120691486898,-7.194380749464546e-05,4,0.0010527813285562,0.0104592878201335,0000004962-25-000016_next,next
0.0058192950396149,0.0024449877750611,5,0.0041028453138882,0.0017164497257267,0000004962-25-000016_next,next
0.0018740187638972,0.0053912661291679,-5,0.0069856258712903,-0.005111607107393,0000004962-26-000080_next,next
-0.0090695407441127,-0.0084039830206983,-4,-0.0073179224035623,-0.0017516183405503,0000004962-26-000080_next,next
0.0115551362961014,-0.0050723919062231,-3,-0.0038635756338681,0.0154187119299696,0000004962-26-000080_next,next
0.0026860515580244,-0.0122510155676747,-2,-0.0113067025374201,0.0139927540954446,0000004962-26-000080_next,next
0.0127742113752955,0.0196957966973359,-1,0.0218172205245031,-0.0090430091492075,0000004962-26-000080_next,next
0.0014200591084432,0.0046910867168872,0,0.0062596476801162,-0.004839588571673,0000004962-26-000080_next,next
0.0098426724121376,-0.0033037129754581,1,-0.0020297280393753,0.011872400451513,0000004962-26-000080_next,next
-0.0253029110138279,-4.895607156218951e-05,2,0.0013449534898985,-0.0266478645037265,0000004962-26-000080_next,next
-0.031439788589651,-0.0156610121277019,3,-0.0148423436761598,-0.0165974449134911,0000004962-26-000080_next,next
-0.0156905733277979,0.0004990891480125,4,0.0019131919587968,-0.0176037652865948,0000004962-26-000080_next,next
0.0208296097970457,0.0010313220779065,5,0.0024650355191053,0.0183645742779403,0000004962-26-000080_next,next
0.0,-0.0008641180363413,-5,0.0020655576674282,-0.0020655576674282,0000070858-17-000013_next,next
-0.0024410332499327,0.0016785565287558,-4,0.0052406337476611,-0.0076816669975938,0000070858-17-000013_next,next
0.0106034040682294,0.0060480661608284,-3,0.0106969063299178,-9.350226168835726e-05,0000070858-17-000013_next,next
0.0004036991535356,-0.001082200145408,-2,0.0017932352485354,-0.0013895360949997,0000070858-17-000013_next,next
-0.0084710988126202,0.0004189867216857,-1,0.0036677899316618,-0.012138888744282,0000070858-17-000013_next,next
-0.0142394089485031,0.0014933641914423,0,0.0050093812828282,-0.0192487902313314,0000070858-17-000013_next,next
0.0140321378026309,0.0010179830611165,1,0.004415765695285,0.0096163721073458,0000070858-17-000013_next,next
0.0044770984882382,-0.0025783763780462,2,-7.506257977157741e-05,0.0045521610680098,0000070858-17-000013_next,next
0.0363746410726559,0.0136738546598662,3,0.0202193434473414,0.0161552976253145,0000070858-17-000013_next,next
-0.0105884412643083,-0.0058598805035984,4,-0.004172726275805,-0.0064157149885033,0000070858-17-000013_next,next
0.0083237967447338,0.00050387727206,5,0.0037737940423062,0.0045500027024275,0000070858-17-000013_next,next
0.0065624758369777,0.0120691127622993,-5,0.0165129288826737,-0.0099504530456959,0000070858-18-000009_next,next
-0.0074510852585584,0.0003734693722488,-4,0.0016908632505729,-0.0091419485091313,0000070858-18-000009_next,next
-0.0012510360073356,-0.0058413894593534,-3,-0.0061853212759331,0.0049342852685975,0000070858-18-000009_next,next
-0.0018790510744464,-0.0054965031281792,-2,-0.005748241615944,0.0038691905414976,0000070858-18-000009_next,next
-0.0056478390444389,0.0009735510790762,-1,0.0024513558670617,-0.0080991949115007,0000070858-18-000009_next,next
0.0107287181838489,0.0160283763505131,0,0.0215305634669509,-0.010801845283102,0000070858-18-000009_next,next
0.012176101697972,0.0117570153438109,1,0.0161174031072913,-0.0039413014093193,0000070858-18-000009_next,next
-0.0027760845838723,-0.0127068884438292,2,-0.0148860719017251,0.0121099873178528,0000070858-18-000009_next,next
-0.007114043294783,-0.011095788639207,3,-0.0128443007697248,0.0057302574749417,0000070858-18-000009_next,next
-0.0156349401786117,-0.0133243995419872,4,-0.0156686530492689,3.371287065716613e-05,0000070858-18-000009_next,next
0.0047649156551459,0.005071602744632,5,0.0076448786793492,-0.0028799630242033,0000070858-18-000009_next,next
0.0096122949333461,0.0017771107537685,-5,0.0023738973641272,0.0072383975692189,0000070858-19-000012_next,next
-0.0040804005299985,-0.0035264367908802,-4,-0.0029054210106491,-0.0011749795193494,0000070858-19-000012_next,next
-0.0071698984223228,0.0064111023949868,-3,0.0069867186906237,-0.0141566171129465,0000070858-19-000012_next,next
0.0065339321849857,0.0012318625699112,-2,0.0018311401376448,0.0047027920473409,0000070858-19-000012_next,next
0.0006832804207483,-0.0007904570968998,-1,-0.0001819405949753,0.0008652210157237,0000070858-19-000012_next,next
0.0081939232153107,-0.0005440493877303,0,6.334140462088851e-05,0.0081305818106898,0000070858-19-000012_next,next
-0.0102112249986079,-0.0028255083152146,1,-0.0022076947152152,-0.0080035302833927,0000070858-19-000012_next,next
0.0079091580564305,0.0068953205934343,2,0.0074687247461825,0.000440433310248,0000070858-19-000012_next,next
-0.0095526791520998,-0.003880558492514,3,-0.0032579249131037,-0.0062947542389961,0000070858-19-000012_next,next
0.0017220350519133,-0.0011315328231061,4,-0.000521458122327,0.0022434931742404,0000070858-19-000012_next,next
-0.0082528944371039,-0.0065240986535923,5,-0.0058893881043636,-0.0023635063327403,0000070858-19-000012_next,next
0.0043137548918013,0.0064626464661976,-5,0.0095912541431479,-0.0052774992513466,0000070858-20-000011_next,next
-0.0002861983896887,-0.0016304457368023,-4,-0.0014542916474258,0.001168093257737,0000070858-20-000011_next,next
-0.0017190969364082,0.0018435333204338,-3,0.0032870351272738,-0.005006132063682,0000070858-20-000011_next,next
-0.0166423876858212,-0.0029199426368901,-2,-0.0032142119225763,-0.0134281757632449,0000070858-20-000011_next,next
0.0131311283534776,0.0047057858811645,-1,0.0071934705083039,0.0059376578451737,0000070858-20-000011_next,next
0.0037437560951634,-0.0038155197636281,0,-0.0044365059375522,0.0081802620327156,0000070858-20-000011_next,next
-0.0140598815666805,-0.0105181030271228,1,-0.013584269053932,-0.0004756125127485,0000070858-20-000011_next,next
-0.047438999024162,-0.0335136266712231,2,-0.0449688255396443,-0.0024701734845177,0000070858-20-000011_next,next
-0.0504122989956643,-0.0302799955650561,3,-0.0405555284268607,-0.0098567705688036,0000070858-20-000011_next,next
-0.0144788125950462,-0.003778540605322,4,-0.0043860363548362,-0.0100927762402099,0000070858-20-000011_next,next
-0.0489715416923389,-0.0441632425840791,5,-0.0595035444415084,0.0105320027491695,0000070858-20-000011_next,next
-0.0063938682311799,-0.0044158356273545,-5,-0.0029493469645348,-0.0034445212666451,0000070858-21-000023_next,next
0.0102372820650575,-0.0018548966445751,-4,-0.0005165298345331,0.0107538118995907,0000070858-21-000023_next,next
0.0176607664073686,-0.0077328394581538,-3,-0.0061004035863882,0.0237611699937569,0000070858-21-000023_next,next
0.0105259137123667,0.0012563181187927,-2,0.0024390331922832,0.0080868805200834,0000070858-21-000023_next,next
0.0242120261109253,0.011351613765979,-1,0.0120292687847966,0.0121827573261286,0000070858-21-000023_next,next
-0.0123691817105733,-0.0244788075251262,0,-0.0220085834554673,0.009639401744894,0000070858-21-000023_next,next
-0.0339550029675381,-0.0047502141699028,1,-0.0032669967998829,-0.0306880061676552,0000070858-21-000023_next,next
0.0311148174260162,0.0237907635068002,2,0.023846097212033,0.0072687202139832,0000070858-21-000023_next,next
-0.0072648784900881,-0.0080808516908706,3,-0.0064310050286314,-0.0008338734614567,0000070858-21-000023_next,next
0.0250493039350336,-0.0130662218719981,4,-0.0111669608860737,0.0362162648211073,0000070858-21-000023_next,next
0.0071745752468208,-0.0134172139301002,5,-0.0115003930752774,0.0186749683220982,0000070858-21-000023_next,next
0.0078022596303757,0.0157667211707204,-5,0.016414508845935,-0.0086122492155593,0000070858-22-000062_next,next
-0.002301448342123,0.000881207755895,-4,0.0022244751030946,-0.0045259234452177,0000070858-22-000062_next,next
-0.0337669553360396,-0.021173138152195,-3,-0.0187994495604903,-0.0149675057755493,0000070858-22-000062_next,next
-0.0023877440377882,-0.0071661613961429,-2,-0.0054469055625383,0.00305916152475,0000070858-22-000062_next,next
-0.0087029780578896,-0.0101429452648328,-1,-0.0082846083924442,-0.0004183696654453,0000070858-22-000062_next,next
-0.017120365535838,-0.0184121228454876,0,-0.0161674341724516,-0.0009529313633863,0000070858-22-000062_next,next
-0.0263509830283251,0.0149568560673292,1,0.0156424821899498,-0.041993465218275,0000070858-22-000062_next,next
0.0325684843373341,0.0223726776556034,2,0.0227118224025414,0.0098566619347927,0000070858-22-000062_next,next
-0.0182138125057067,-0.0024426034406476,3,-0.0009440412738276,-0.017269771231879,0000070858-22-000062_next,next
-0.0391402897884973,-0.0154735036804118,4,-0.0133661129181742,-0.0257741768703231,0000070858-22-000062_next,next
0.0162468625955516,0.018642691757321,5,0.0191561085832094,-0.0029092459876577,0000070858-22-000062_next,next
-0.0016844487906495,0.002773175690496,-5,0.0030404700754887,-0.0047249188661382,0000070858-23-000092_next,next
-0.0078739851078797,-0.0137887414891306,-4,-0.0130351810691555,0.0051611959612758,0000070858-23-000092_next,next
0.0019840300615081,-0.0027674058253277,-3,-0.0023374372416915,0.0043214673031997,0000070858-23-000092_next,next
-0.0234793798046494,-0.0200412342553273,-2,-0.019104097572218,-0.0043752822324314,0000070858-23-000092_next,next
-0.006662669469887,-0.0015735561458868,-1,-0.0011786395760779,-0.005484029893809,0000070858-23-000092_next,next
-0.000875136012021,0.0053294294160743,0,0.0055216709342965,-0.0063968069463176,0000070858-23-000092_next,next
-0.0014595315950038,-0.0105375514855581,1,-0.0098794476033054,0.0084199160083015,0000070858-23-000092_next,next
0.0,0.0030730045671669,2,0.0033314958288586,-0.0033314958288586,0000070858-23-000092_next,next
0.0026309968941,-0.0030360018281855,3,-0.0025981471337865,0.0052291440278866,0000070858-23-000092_next,next
-0.0046649318191221,-0.00472526484568,4,-0.0042378125581612,-0.0004271192609609,0000070858-23-000092_next,next
-0.0126766030724985,0.0075821940867943,5,0.007708293326179,-0.0203848963986775,0000070858-23-000092_next,next
-0.0258775805732507,-0.0136742556536254,-5,-0.0159562293571508,-0.0099213512160998,0000070858-24-000122_next,next
0.0116030232552795,0.0095797632750176,-4,0.0119351706118808,-0.0003321473566012,0000070858-24-000122_next,next
0.0283731966179487,0.0058212506847294,-3,0.0074271250019564,0.0209460716159923,0000070858-24-000122_next,next
0.0005868272471416,-0.0048034698371121,-2,-0.0053164067954159,0.0059032340425576,0000070858-24-000122_next,next
-0.003813183815238,-0.0060053220011653,-1,-0.006757935656045,0.0029447518408069,0000070858-24-000122_next,next
-0.0076561584135178,0.0012641999229821,0,0.001961294520563,-0.0096174529340808,0000070858-24-000122_next,next
-0.0026707113377653,0.021122884217414,1,0.0257802527924374,-0.0284509641302027,0000070858-24-000122_next,next
0.0092236096481959,0.0003479475462115,2,0.0008623205500204,0.0083612890981754,0000070858-24-000122_next,next
-0.0091393122000099,-0.0037867513501905,3,-0.0040969314840018,-0.0050423807160081,0000070858-24-000122_next,next
0.0199346387238064,0.0017063496993998,4,0.0024916190334193,0.017443019690387,0000070858-24-000122_next,next
0.0008752340669853,-0.0016581550604305,5,-0.0015438446101812,0.0024190786771665,0000070858-24-000122_next,next
-0.0111755478746593,0.0023769693899173,-5,0.0031418883991493,-0.0143174362738087,0000070858-25-000139_next,next
-0.0154312525528631,-0.0043341850761716,-4,-0.0031580884530195,-0.0122731640998436,0000070858-25-000139_next,next
-0.0108167347784534,-0.0170641267025635,-3,-0.0151080946674445,0.0042913598889911,0000070858-25-000139_next,next
-0.0078109153160845,-0.0049691065044024,-2,-0.0037541096474371,-0.0040568056686473,0000070858-25-000139_next,next
-0.011695865747024,-0.0046797309154723,-1,-0.0034824634618138,-0.0082134022852102,0000070858-25-000139_next,next
0.0,0.0001360242800469,0,0.0010382410474901,-0.0010382410474901,0000070858-25-000139_next,next
0.0040963211267393,-0.0158645536555098,1,-0.0139820168119712,0.0180783379387105,0000070858-25-000139_next,next
0.0448777743961794,0.0158541446349889,2,0.0157933468785507,0.0290844275176286,0000070858-25-000139_next,next
-0.0117136844169802,-0.0175967394669998,3,-0.0156080754239706,0.0038943910069903,0000070858-25-000139_next,next
-0.0634328790171555,-0.0122348266022004,4,-0.0105746751197054,-0.05285820389745,0000070858-25-000139_next,next
-0.0089053520216759,0.0111592778931879,5,0.0113861242543633,-0.0202914762760393,0000070858-25-000139_next,next
-0.0110569769456249,-0.0028221256867719,-5,-0.0024261944541414,-0.0086307824914835,0000070858-26-000157_next,next
0.0054955519316142,0.0069397247635067,-4,0.0055119849856809,-1.6433054066778557e-05,0000070858-26-000157_next,next
-0.0375047672239683,-0.0103856522472848,-3,-0.0085767323404802,-0.028928034883488,0000070858-26-000157_next,next
-0.0129234853923291,0.0076516140863223,-2,0.0060908819084096,-0.0190143673007387,0000070858-26-000157_next,next
0.0253917503721712,0.0081363556573399,-1,0.0064850659406562,0.018906684431515,0000070858-26-000157_next,next
0.0118011943587013,-0.0053655805693283,0,-0.0044944909679697,0.016295685326671,0000070858-26-000157_next,next
-0.0472274306017446,-0.0043393528110311,1,-0.0036599790961701,-0.0435674515055745,0000070858-26-000157_next,next
-0.0004013542751074,0.0003983547353176,2,0.0001926483158021,-0.0005940025909096,0000070858-26-000157_next,next
0.003212123400319,-0.0094440310956254,3,-0.0078110211974672,0.0110231445977863,0000070858-26-000157_next,next
0.0066039474451684,0.0077560492642863,4,0.0061758069117919,0.0004281405333765,0000070858-26-000157_next,next
-0.0097414540936037,-0.005646704863891,5,-0.0047230967130073,-0.0050183573805963,0000070858-26-000157_next,next
0.0015637253892981,-0.001082200145408,-5,-0.0017332184855936,0.0032969438748918,0001564590-17-002816_next,next
-0.0002558456562681,0.0004189867216857,-4,0.0001802274673897,-0.0004360731236579,0001564590-17-002816_next,next
-0.0037123499315085,0.0014933641914423,-3,0.0015496527311893,-0.0052620026626979,0001564590-17-002816_next,next
0.0047280249357115,0.0010179830611165,-2,0.0009437214378338,0.0037843034978777,0001564590-17-002816_next,next
-0.0090535144360296,-0.0025783763780462,-1,-0.0036402777731785,-0.0054132366628511,0001564590-17-002816_next,next
0.0267123009274286,0.0136738546598662,0,0.017075175038269,0.0096371258891595,0001564590-17-002816_next,next
-0.0092586281625057,-0.0058598805035984,1,-0.0078229554440085,-0.0014356727184972,0001564590-17-002816_next,next
-0.0037787276157826,0.00050387727206,2,0.0002884308387493,-0.004067158454532,0001564590-17-002816_next,next
-0.0064329097844544,-0.0032772408480052,3,-0.0045310658696104,-0.0019018439148439,0001564590-17-002816_next,next
-0.0059591009454655,-0.0029133737680216,4,-0.0040672728489811,-0.0018918280964844,0001564590-17-002816_next,next
-0.0020761973219695,-0.0022842151650487,5,-0.0032653333909215,0.001189136068952,0001564590-17-002816_next,next
-0.0074139460286311,0.0009735510790762,-5,0.0026488599981474,-0.0100628060267785,0001564590-18-003744_next,next
0.0189421788832568,0.0160283763505131,-4,0.0232753772726561,-0.0043331983893992,0001564590-18-003744_next,next
0.0258664752990165,0.0117570153438109,-3,0.0174232135974282,0.0084432617015883,0001564590-18-003744_next,next
-0.0198590585043593,-0.0127068884438292,-2,-0.0160946203846806,-0.0037644381196786,0001564590-18-003744_next,next
-0.006042524699416,-0.011095788639207,-1,-0.0138872631186984,0.0078447384192824,0001564590-18-003744_next,next
-0.0252081107540648,-0.0133243995419872,0,-0.0169406682865133,-0.0082674424675514,0001564590-18-003744_next,next
0.0037344384543163,0.005071602744632,1,0.0082635736827884,-0.0045291352284721,0001564590-18-003744_next,next
0.0142862388846571,0.011032026532745,2,0.0164299111866956,-0.0021436723020384,0001564590-18-003744_next,next
0.011578623468232,0.0026388586061694,3,0.0049304869088314,0.0066481365594005,0001564590-18-003744_next,next
-0.0022418738341963,-0.0004838747205661,4,0.0006520504775698,-0.0028939243117662,0001564590-18-003744_next,next
0.010887484109481,0.0044630782078172,5,0.0074298382096582,0.0034576458998227,0001564590-18-003744_next,next
0.0039079756310733,0.0064111023949868,-5,0.0063586149398109,-0.0024506393087376,0001564590-19-005479_next,next
0.0050604816410719,0.0012318625699112,-4,0.000831169827446,0.0042293118136259,0001564590-19-005479_next,next
0.0036450720927261,-0.0007904570968998,-3,-0.0013271123404957,0.0049721844332218,0001564590-19-005479_next,next
0.0033595217643671,-0.0005440493877303,-2,-0.0010641384034511,0.0044236601678183,0001564590-19-005479_next,next
0.002737664394268,-0.0028255083152146,-1,-0.0034989820144246,0.0062366464086926,0001564590-19-005479_next,next
0.0012408135521086,0.0068953205934343,0,0.0068753875946257,-0.005634574042517,0001564590-19-005479_next,next
-0.0145119609148004,-0.003880558492514,1,-0.0046249642324285,-0.0098869966823718,0001564590-19-005479_next,next
-0.0034791722052921,-0.0011315328231061,2,-0.0016911189166418,-0.0017880532886502,0001564590-19-005479_next,next
-0.0061499826455889,-0.0065240986535923,3,-0.0074462321474511,0.0012962495018622,0001564590-19-005479_next,next
-0.0155166423376099,-0.0081257175586835,4,-0.0091555294358207,-0.0063611129017892,0001564590-19-005479_next,next
-0.0044421852459023,-0.0021316888487414,5,-0.0027585163962361,-0.0016836688496661,0001564590-19-005479_next,next
-0.0520644527727375,-0.0335136266712231,-5,-0.048259290831036,-0.0038051619417014,0001564590-20-007807_next,next
-0.0416668761091678,-0.0302799955650561,-4,-0.0434958840558498,0.0018290079466819,0001564590-20-007807_next,next
0.0048813393725555,-0.003778540605322,-3,-0.0044570432101095,0.009338382582665,0001564590-20-007807_next,next
-0.0642124244864159,-0.0441632425840791,-2,-0.0639470582129375,-0.0002653662734784,0001564590-20-007807_next,next
-0.0269216853575181,-0.0082383404443618,-1,-0.0110266982114922,-0.0158949871460259,0001564590-20-007807_next,next
0.0538435922416358,0.04603922900611,0,0.0689286626730352,-0.0150850704313994,0001564590-20-007807_next,next
-0.0120304233654975,-0.0281078961210758,1,-0.040296201448857,0.0282657780833594,0001564590-20-007807_next,next
0.0352606073727372,0.0422025907744911,2,0.0632769763963979,-0.0280163690236606,0001564590-20-007807_next,next
-0.0461125855851511,-0.0339220770468885,3,-0.0488609721060155,0.0027483865208643,0001564590-20-007807_next,next
-0.0466909143619188,-0.0170538520003701,4,-0.0240126777787153,-0.0226782365832035,0001564590-20-007807_next,next
-0.0697142074076146,-0.0759696974774509,5,-0.1108006038894357,0.041086396481821,0001564590-20-007807_next,next
0.0093528166614109,-0.0018548966445751,-5,-0.0007304000775901,0.0100832167390011,0001564590-21-008796_next,next
-0.0098154550646093,-0.0077328394581538,-4,-0.0070547881779424,-0.0027606668866669,0001564590-21-008796_next,next
2.8349151330875344e-05,0.0012563181187927,-3,0.0026171196671799,-0.0025887705158491,0001564590-21-008796_next,next
0.0127140847323159,0.011351613765979,-2,0.0134791796914984,-0.0007650949591824,0001564590-21-008796_next,next
-0.0243082501016322,-0.0244788075251262,-1,-0.0250726567640368,0.0007644066624045,0001564590-21-008796_next,next
-0.0004176638067081,-0.0047502141699028,0,-0.0038456246186699,0.0034279608119617,0001564590-21-008796_next,next
0.035565100902567,0.0237907635068002,1,0.026863115720548,0.0087019851820189,0001564590-21-008796_next,next
-0.0040179608177828,-0.0080808516908706,2,-0.0074292328592154,0.0034112720414326,0001564590-21-008796_next,next
-0.0206894255457592,-0.0130662218719981,3,-0.0127932550774202,-0.0078961704683389,0001564590-21-008796_next,next
-0.0202908963359632,-0.0134172139301002,4,-0.0131709059096894,-0.0071199904262737,0001564590-21-008796_next,next
0.0279122635598152,0.0194959681977822,5,0.0222421193605537,0.0056701441992615,0001564590-21-008796_next,next
-0.0084985267433237,-0.0071661613961429,-5,-0.0091553931631316,0.0006568664198079,0001564590-22-007117_next,next
-0.0139411675742585,-0.0101429452648328,-4,-0.0124964324591817,-0.0014447351150767,0001564590-22-007117_next,next
-0.0174249493454891,-0.0184121228454876,-3,-0.0217774714803799,0.0043525221348908,0001564590-22-007117_next,next
-0.0009556771257097,0.0149568560673292,-2,0.0156747167652698,-0.0166303938909796,0001564590-22-007117_next,next
0.026073065168463,0.0223726776556034,-1,0.0239979785242181,0.0020750866442449,0001564590-22-007117_next,next
-0.0092958909540334,-0.0024426034406476,0,-0.0038538350243389,-0.0054420559296945,0001564590-22-007117_next,next
-0.039091903634165,-0.0154735036804118,1,-0.0184792669281747,-0.0206126367059903,0001564590-22-007117_next,next
0.0324981682226059,0.018642691757321,2,0.0198115713110673,0.0126865969115386,0001564590-22-007117_next,next
-0.0004470154700808,-0.0052546664300883,3,-0.0070099973005153,0.0065629818304344,0001564590-22-007117_next,next
-0.0494520728293503,-0.0079340425503344,4,-0.0100172364221719,-0.0394348364071784,0001564590-22-007117_next,next
-0.0280226124644388,-0.0295181583134491,5,-0.03424250171387,0.0062198892494312,0001564590-22-007117_next,next
0.0044317478929298,-0.0027674058253277,-5,-0.002633215566695,0.0070649634596249,0000950170-23-004343_next,next
-0.0284990252031727,-0.0200412342553273,-4,-0.0268423777391481,-0.0016566474640245,0000950170-23-004343_next,next
-0.0119870325796802,-0.0015735561458868,-3,-0.0009600427309082,-0.0110269898487719,0000950170-23-004343_next,next
0.0064444017788511,0.0053294294160743,-2,0.0087144482263708,-0.0022700464475196,0000950170-23-004343_next,next
-0.0121558973959552,-0.0105375514855581,-1,-0.0135230259613271,0.0013671285653718,0000950170-23-004343_next,next
-0.0005413806885956,0.0030730045671669,0,0.0055520829569391,-0.0060934636455347,0000950170-23-004343_next,next
0.0093255202627842,-0.0030360018281855,1,-0.0030096511795881,0.0123351714423723,0000950170-23-004343_next,next
-0.0128657449588835,-0.00472526484568,2,-0.0053771427005429,-0.0074886022583406,0000950170-23-004343_next,next
0.0078612736021699,0.0075821940867943,3,0.011871683779036,-0.004010410176866,0000950170-23-004343_next,next
0.0136023540168659,0.0161477371607488,4,0.0238762386588542,-0.0102738846419883,0000950170-23-004343_next,next
-0.0026802023873666,0.0006871667698291,5,0.0022083462521905,-0.0048885486395571,0000950170-23-004343_next,next
-0.0050748107961992,-0.0048034698371121,-5,-0.0058707987275794,0.0007959879313802,0000950170-24-019271_next,next
0.0051762931732282,-0.0060053220011653,-4,-0.0074167705575112,0.0125930637307394,0000950170-24-019271_next,next
0.0091966566059029,0.0012641999229821,-3,0.0019341932697718,0.007262463336131,0000950170-24-019271_next,next
0.0099198825149575,0.021122884217414,-2,0.0274789045220799,-0.0175590220071223,0000950170-24-019271_next,next
0.0001843969574024,0.0003479475462115,-1,0.0007555954305683,-0.0005711984731658,0000950170-24-019271_next,next
-0.0092922438167498,-0.0037867513501905,0,-0.0045629688739885,-0.0047292749427613,0000950170-24-019271_next,next
-0.0068111022881295,0.0017063496993998,1,0.0025029413399565,-0.009314043628086,0000950170-24-019271_next,next
0.0113923040024925,-0.0016581550604305,2,-0.0018249034116205,0.0132172074141131,0000950170-24-019271_next,next
0.0020749839540605,0.0052290946971491,3,0.0070343343793357,-0.0049593504252751,0000950170-24-019271_next,next
0.0043015616759705,0.0080078289488876,4,0.0106086882013288,-0.0063071265253583,0000950170-24-019271_next,next
0.0241030199536087,-0.0011932620709189,5,-0.0012269001902477,0.0253299201438565,0000950170-24-019271_next,next
0.00867208359778,0.0023769693899173,-5,0.0031316155505407,0.0055404680472392,0000950170-25-026584_next,next
0.0030820844231052,-0.0043341850761716,-4,-0.0027233183602948,0.0058054027834,0000950170-25-026584_next,next
-0.0153227588849416,-0.0170641267025635,-3,-0.0138291522802154,-0.0014936066047261,0000950170-25-026584_next,next
-0.0219867413330434,-0.0049691065044024,-2,-0.0032772354277156,-0.0187095059053278,0000950170-25-026584_next,next
0.0054679966745374,-0.0046797309154723,-1,-0.0030247788709256,0.0084927755454631,0000950170-25-026584_next,next
-0.0044258516045454,0.0001360242800469,0,0.0011765740472645,-0.00560242565181,0000950170-25-026584_next,next
-0.0093103628640628,-0.0158645536555098,1,-0.0127826228124156,0.0034722599483527,0000950170-25-026584_next,next
0.0348081905298045,0.0158541446349889,2,0.0148893497471471,0.0199188407826574,0000950170-25-026584_next,next
-0.0115670265897159,-0.0175967394669998,3,-0.0142938133980006,0.0027267868082846,0000950170-25-026584_next,next
-0.0151892543478393,-0.0122348266022004,4,-0.0096159825392878,-0.0055732718085514,0000950170-25-026584_next,next
0.0171782177987322,0.0111592778931879,5,0.0107934621271675,0.0063847556715647,0000950170-25-026584_next,next
-0.0100525739564781,-0.0028221256867719,-5,-0.0034231369503803,-0.0066294370060978,0001193125-26-071966_next,next
0.0114308854108156,0.0069397247635067,-4,0.0068894946343262,0.0045413907764893,0001193125-26-071966_next,next
-0.0206924171293596,-0.0103856522472848,-3,-0.0114134112633292,-0.0092790058660303,0001193125-26-071966_next,next
0.0093743592119972,0.0076516140863223,-2,0.0076415500312692,0.001732809180728,0001193125-26-071966_next,next
0.0117755701365416,0.0081363556573399,-1,0.0081536415923066,0.003621928544235,0001193125-26-071966_next,next
-0.0032090185115526,-0.0053655805693283,0,-0.0061100981253876,0.002901079613835,0001193125-26-071966_next,next
-0.0248012473627771,-0.0043393528110311,1,-0.0050259687538896,-0.0197752786088874,0001193125-26-071966_next,next
0.0047780166423043,0.0003983547353176,2,-2.0951238979418133e-05,0.0047989678812837,0001193125-26-071966_next,next
-0.0147148901476041,-0.0094440310956254,3,-0.0104186621551667,-0.0042962279924374,0001193125-26-071966_next,next
-0.003192081751241,0.0077560492642863,4,0.0077518776295367,-0.0109439593807778,0001193125-26-071966_next,next
-0.0135623713697959,-0.005646704863891,5,-0.0064070839575413,-0.0071552874122546,0001193125-26-071966_next,next
0.0322888935873157,0.0040073351766347,-5,0.0005557661816645,0.0317331274056512,0000014272-17-000047_next,next
0.0245769155597221,0.0049923089198982,-4,0.0011128156085093,0.0234640999512127,0000014272-17-000047_next,next
-0.0136290029104116,-0.0008641180363413,-3,-0.0021992719487923,-0.0114297309616193,0000014272-17-000047_next,next
0.0057106181599926,0.0016785565287558,-2,-0.000761268734161,0.0064718868941536,0000014272-17-000047_next,next
0.0034807548460509,0.0060480661608284,-1,0.0017098964646943,0.0017708583813565,0000014272-17-000047_next,next
0.0104051641682181,-0.001082200145408,0,-0.0023226077378848,0.0127277719061029,0000014272-17-000047_next,next
0.0075879882353202,0.0004189867216857,1,-0.0014736152752726,0.0090616035105929,0000014272-17-000047_next,next
0.0120137593548841,0.0014933641914423,2,-0.0008660037954376,0.0128797631503218,0000014272-17-000047_next,next
0.0021260728174248,0.0010179830611165,3,-0.0011348543998237,0.0032609272172485,0000014272-17-000047_next,next
0.0026521420670599,-0.0025783763780462,4,-0.0031687664487643,0.0058209085158243,0000014272-17-000047_next,next
0.0082877556643632,0.0136738546598662,5,0.0060226419989605,0.0022651136654027,0000014272-17-000047_next,next
0.0284069368586212,-0.0050015884169394,-5,-0.0052965600749608,0.0337034969335821,0000014272-18-000055_next,next
0.0009581335418802,-0.037536419758088,-4,-0.0371063399676316,0.0380644735095119,0000014272-18-000055_next,next
0.0001597023367918,0.0149360902084947,-3,0.0141967995799804,-0.0140370972431885,0000014272-18-000055_next,next
0.0073361573108592,0.0139145847540425,-2,0.0131980587743321,-0.0058619014634729,0000014272-18-000055_next,next
0.0112414530572193,0.002612929746329,-1,0.0021482655712065,0.0090931874860128,0000014272-18-000055_next,next
0.0231718541922343,0.0134024582572458,0,0.01269734521693,0.0104745089753043,0000014272-18-000055_next,next
0.0555473589147215,0.0120691127622993,1,0.0113937138481241,0.0441536450665974,0000014272-18-000055_next,next
-0.0002901283598885,0.0003734693722488,2,-4.128755205662387e-05,-0.0002488408078318,0000014272-18-000055_next,next
-0.0233466934397829,-0.0058413894593534,3,-0.0061176458225005,-0.0172290476172823,0000014272-18-000055_next,next
-0.0121752581587608,-0.0054965031281792,4,-0.0057804454181829,-0.0063948127405778,0000014272-18-000055_next,next
-0.0088681718206528,0.0009735510790762,5,0.0005454210991008,-0.0094135929197536,0000014272-18-000055_next,next
-0.005999567591662,0.0014987433214488,-5,0.0004367975967842,-0.0064363651884463,0000014272-19-000047_next,next
-0.001168174032568,0.0017771107537685,-4,0.0007100605325262,-0.0018782345650942,0000014272-19-000047_next,next
-0.0228071712963972,-0.0035264367908802,-3,-0.0044962344705239,-0.0183109368258732,0000014272-19-000047_next,next
0.0169558103657363,0.0064111023949868,-2,0.0052590774542645,0.0116967329114717,0000014272-19-000047_next,next
-0.006472998682135,0.0012318625699112,-1,0.0001748107075477,-0.0066478093896827,0000014272-19-000047_next,next
-0.0096742364275185,-0.0007904570968998,0,-0.001810425153402,-0.0078638112741165,0000014272-19-000047_next,next
0.0159489183528513,-0.0005440493877303,1,-0.0015685358869888,0.0175174542398402,0000014272-19-000047_next,next
0.0137365364397619,-0.0028255083152146,2,-0.003808159104058,0.01754469554382,0000014272-19-000047_next,next
0.0301974166847116,0.0068953205934343,3,0.0057344164166741,0.0244630002680375,0000014272-19-000047_next,next
-0.0031945151331368,-0.003880558492514,4,-0.0048438625496853,0.0016493474165485,0000014272-19-000047_next,next
0.0141376203502088,-0.0011315328231061,5,-0.0021452464846072,0.0162828668348161,0000014272-19-000047_next,next
-0.0046701612717933,-0.0029199426368901,-5,-3.052472654661983e-05,-0.0046396365452466,0000014272-20-000082_next,next
-0.0054485776106851,0.0047057858811645,-4,0.0058126280604309,-0.0112612056711161,0000014272-20-000082_next,next
-0.0082178647657032,-0.0038155197636281,-3,-0.0007167534549445,-0.0075011113107587,0000014272-20-000082_next,next
0.0070583247529214,-0.0105181030271228,-2,-0.005852553658599,0.0129108784115204,0000014272-20-000082_next,next
-0.025293386198256,-0.0335136266712231,-1,-0.0234726876236239,-0.0018206985746321,0000014272-20-000082_next,next
-0.0286069974979858,-0.0302799955650561,0,-0.0209949439476823,-0.0076120535503035,0000014272-20-000082_next,next
-0.0016093272795731,-0.003778540605322,1,-0.0006884184740434,-0.0009209088055297,0000014272-20-000082_next,next
-0.0396518275095506,-0.0441632425840791,2,-0.0316328696644762,-0.0080189578450743,0000014272-20-000082_next,next
-0.0087277131932891,-0.0082383404443618,3,-0.0041057040221914,-0.0046220091710977,0000014272-20-000082_next,next
0.0216727744608895,0.04603922900611,4,0.0374840444790837,-0.0158112700181942,0000014272-20-000082_next,next
-0.0188929875263418,-0.0281078961210758,5,-0.0193305903204011,0.0004376027940593,0000014272-20-000082_next,next
-0.0075771176655434,0.0108533222304207,-5,0.0077887621317976,-0.015365879797341,0000014272-21-000066_next,next
-0.0103963773777434,0.0038974951646253,-4,0.00251999217255,-0.0129163695502935,0000014272-21-000066_next,next
-0.0113263778185844,0.0073993483603735,-3,0.0051725105208255,-0.01649888833941,0000014272-21-000066_next,next
-0.0078033280089544,-0.0011135249921484,-2,-0.0012756617759246,-0.0065276662330298,0000014272-21-000066_next,next
0.0040161399593954,-0.0003451849323593,-1,-0.0006936738991112,0.0047098138585066,0000014272-21-000066_next,next
-0.0001666730964668,0.0016624551635393,0,0.0008270358204082,-0.0009937089168751,0000014272-21-000066_next,next
0.0,0.0047110331133788,1,0.0031362157020535,-0.0031362157020535,0000014272-21-000066_next,next
-0.0098350350582886,-0.0005692724183511,2,-0.0008634115023134,-0.0089716235559752,0000014272-21-000066_next,next
0.0200338041638989,-0.0003204020092266,3,-0.0006749017934121,0.0207087059573111,0000014272-21-000066_next,next
0.0070968402399032,-0.0044158356273545,4,-0.0037770343526576,0.0108738745925608,0000014272-21-000066_next,next
-0.0068828651064218,-0.0018548966445751,5,-0.0018372221272668,-0.005045642979155,0000014272-21-000066_next,next
-0.0112655912620305,-0.024391082077444,-5,-0.0043684346124661,-0.0068971566495643,0000014272-22-000051_next,next
0.01435944754233,0.0051569298644233,-4,0.0004143043876916,0.0139451431546384,0000014272-22-000051_next,next
0.018464274383434,-0.0037017126347429,-3,-0.0010195848043316,0.0194838591877656,0000014272-22-000051_next,next
-0.0045324683977709,0.0084012071916632,-2,0.000939433852606,-0.005471902250377,0000014272-22-000051_next,next
0.0189710271486469,0.0145172078875055,-1,0.0019293899657464,0.0170416371829005,0000014272-22-000051_next,next
-0.0093833759021403,-0.0181157256684597,0,-0.0033526846562191,-0.0060306912459212,0000014272-22-000051_next,next
0.0055632807000665,-0.0189694543445634,1,-0.0034908720050934,0.0090541527051599,0000014272-22-000051_next,next
-0.0010470709031233,-0.0038405967262932,2,-0.0010420650430179,-5.005860105442798e-06,0000014272-22-000051_next,next
0.0143692506029966,0.0157667211707204,3,0.0021316403209515,0.012237610282045,0000014272-22-000051_next,next
-0.0025085122244883,0.000881207755895,4,-0.0002777781430223,-0.0022307340814659,0000014272-22-000051_next,next
-0.0031063268826969,-0.021173138152195,5,-0.0038475675591467,0.0007412406764497,0000014272-22-000051_next,next
-0.0116746238072834,-0.0110807244761647,-5,-0.0029306841237175,-0.0087439396835658,0000014272-23-000046_next,next
-0.0293281623566936,-0.0088297961777351,-4,-0.0022797953448513,-0.0270483670118422,0000014272-23-000046_next,next
0.009931707982995,0.0021952617756952,-3,0.0009082611175619,0.009023446865433,0000014272-23-000046_next,next
0.013434652574167,0.0114486093427661,-2,0.0035840016565019,0.0098506509176651,0000014272-23-000046_next,next
-0.0125732290219915,-0.0002804145319874,-1,0.0001923831707167,-0.0127656121927082,0000014272-23-000046_next,next
-0.010795849394462,0.002773175690496,0,0.0010753733630105,-0.0118712227574726,0000014272-23-000046_next,next
-0.0086752536156945,-0.0137887414891306,1,-0.0037137467774449,-0.0049615068382495,0000014272-23-000046_next,next
0.0036699156039876,-0.0027674058253277,2,-0.0005267666694192,0.0041966822734069,0000014272-23-000046_next,next
0.0015470059044875,-0.0200412342553273,3,-0.0055217463411355,0.007068752245623,0000014272-23-000046_next,next
0.0012636515463919,-0.0015735561458868,4,-0.0001815476055586,0.0014451991519506,0000014272-23-000046_next,next
0.0012621194106208,0.0053294294160743,5,0.0018145514465926,-0.0005524320359718,0000014272-23-000046_next,next
-0.0125863495720069,0.00824145796339,-5,0.0028994252625568,-0.0154857748345638,0000014272-24-000044_next,next
0.0014393484546382,0.0005705832608251,-4,-0.0019411305040159,0.0033804789586541,0000014272-24-000044_next,next
0.0225827223533929,0.0057423415255595,-3,0.0013224066103772,0.0212603157430157,0000014272-24-000044_next,next
-0.0012047845456152,-0.0009489536011326,-2,-0.0029000045835534,0.0016952200379382,0000014272-24-000044_next,next
-0.0209044061510437,-0.0136742556536254,-1,-0.0109300580807091,-0.0099743480703345,0000014272-24-000044_next,next
0.0036952695184084,0.0095797632750176,0,0.0037439367094023,-4.866719099387443e-05,0000014272-24-000044_next,next
0.0112497022370405,0.0058212506847294,1,0.0013722006951806,0.0098775015418599,0000014272-24-000044_next,next
0.008495130012984,-0.0048034698371121,2,-0.0053323218246602,0.0138274518376443,0000014272-24-000044_next,next
0.0,-0.0060053220011653,3,-0.006090727175921,0.006090727175921,0000014272-24-000044_next,next
0.0210590991566428,0.0012641999229821,4,-0.0015034372468607,0.0225625364035036,0000014272-24-000044_next,next
0.0082498365587264,0.021122884217414,5,0.0110279978899716,-0.0027781613312451,0000014272-24-000044_next,next
-0.0383521162002646,0.0036442987226186,-5,0.0018210509346865,-0.0401731671349512,0000014272-25-000039_next,next
-0.0099268115755496,-0.0094647701115428,-4,0.0012094508663985,-0.0111362624419482,0000014272-25-000039_next,next
-0.02321903939624,0.0067125410858628,-3,0.0019641989540175,-0.0251832383502575,0000014272-25-000039_next,next
0.0073834625539435,0.0003395827888592,-2,0.0016668703047479,0.0057165922491955,0000014272-25-000039_next,next
0.0037540055888856,-0.0027238667143857,-1,0.0015239458950065,0.002230059693879,0000014272-25-000039_next,next
-0.0032056849170926,0.0104262921222306,0,0.0021374630062687,-0.0053431479233613,0000014272-25-000039_next,next
-0.0369840816983424,-7.194380749464546e-05,1,0.001647670642467,-0.0386317523408095,0000014272-25-000039_next,next
0.0098330058677924,0.0024449877750611,2,0.0017650974061252,0.0080679084616672,0000014272-25-000039_next,next
0.010104727216597,0.0023769693899173,3,0.0017619240267246,0.0083428031898724,0000014272-25-000039_next,next
0.0147325649493206,-0.0043341850761716,4,0.0014488169264663,0.0132837480228542,0000014272-25-000039_next,next
0.000717093562766,-0.0170641267025635,5,0.0008549049357295,-0.0001378113729634,0000014272-25-000039_next,next
0.0329746274613256,-0.0122510155676747,-5,0.0001091715070532,0.0328654559542723,0000014272-26-000004_next,next
0.0414987387686367,0.0196957966973359,-4,0.004862498020206,0.0366362407484307,0000014272-26-000004_next,next
-0.0196807001002582,0.0046910867168872,-3,0.0026299658607971,-0.0223106659610553,0000014272-26-000004_next,next
0.0014810252142425,-0.0033037129754581,-2,0.00144042954557,4.059566867244905e-05,0000014272-26-000004_next,next
-0.0152810177192511,-4.895607156218951e-05,-1,0.0019247007823,-0.0172057185015511,0000014272-26-000004_next,next
-0.0011679601331416,-0.0156610121277019,0,-0.0003981976452765,-0.0007697624878651,0000014272-26-000004_next,next
0.0147009894636309,0.0004990891480125,1,0.0020062437497485,0.0126947457138823,0000014272-26-000004_next,next
-0.0064209238507242,0.0010313220779065,2,0.0020854340262573,-0.0085063578769815,0000014272-26-000004_next,next
-0.010273285421516,0.0055660701474107,3,0.0027601535585359,-0.013033438980052,0000014272-26-000004_next,next
0.0095429266610758,-0.0028221256867719,4,0.0015120843200345,0.0080308423410412,0000014272-26-000004_next,next
0.0059700811450145,0.0069397247635067,5,0.0029645379225357,0.0030055432224787,0000014272-26-000004_next,next
-0.0034783529236325,0.0016785565287558,-5,0.00346151569033,-0.0069398686139625,0000831001-17-000038_next,next
0.0063160186746455,0.0060480661608284,-4,0.0093113775273937,-0.0029953588527481,0000831001-17-000038_next,next
0.0011559699129775,-0.001082200145408,-3,-0.0002345615516257,0.0013905314646032,0000831001-17-000038_next,next
0.0,0.0004189867216857,-2,0.0017752144881509,-0.0017752144881509,0000831001-17-000038_next,next
-0.017486056888722,0.0014933641914423,-1,0.0032135817852036,-0.0206996386739257,0000831001-17-000038_next,next
0.0077230588988796,0.0010179830611165,0,0.0025771456249671,0.0051459132739125,0000831001-17-000038_next,next
-0.0034986195475884,-0.0025783763780462,1,-0.0022376293971772,-0.0012609901504112,0000831001-17-000038_next,next
0.0289249789961536,0.0136738546598662,2,0.0195207174475075,0.009404261548646,0000831001-17-000038_next,next
-0.0147871090079579,-0.0058598805035984,3,-0.0066308788390211,-0.0081562301689368,0000831001-17-000038_next,next
0.0061025239224596,0.00050387727206,4,0.0018888652253679,0.0042136586970917,0000831001-17-000038_next,next
-0.0118034771722669,-0.0032772408480052,5,-0.0031732631264371,-0.0086302140458298,0000831001-17-000038_next,next
-0.0033730389247722,0.0003734693722488,-5,0.0002475821532908,-0.003620621078063,0000831001-18-000040_next,next
-0.0046861985106614,-0.0058413894593534,-4,-0.007836355277066,0.0031501567664045,0000831001-18-000040_next,next
0.0070620638061416,-0.0054965031281792,-3,-0.0073877466123574,0.014449810418499,0000831001-18-000040_next,next
-0.0094804134626429,0.0009735510790762,-2,0.001028134552394,-0.0105085480150369,0000831001-18-000040_next,next
0.0106203477882593,0.0160283763505131,-1,0.0206106011565267,-0.0099902533682674,0000831001-18-000040_next,next
0.0073948851117899,0.0117570153438109,0,0.0150546559522581,-0.0076597708404682,0000831001-18-000040_next,next
-0.0163554736715102,-0.0127068884438292,1,-0.0167666086782318,0.0004111350067215,0000831001-18-000040_next,next
-0.0116521420068951,-0.011095788639207,2,-0.0146709810272222,0.0030188390203271,0000831001-18-000040_next,next
-0.0242416364664277,-0.0133243995419872,3,-0.0175698322453829,-0.0066718042210448,0000831001-18-000040_next,next
0.0002714218218216,0.005071602744632,4,0.0063586487520514,-0.0060872269302298,0000831001-18-000040_next,next
0.0100435094646447,0.011032026532745,5,0.0141116314451586,-0.0040681219805138,0000831001-18-000040_next,next
0.0296378560198895,0.0108787526085869,-5,0.0113320399076262,0.0183058161122633,0000831001-19-000027_next,next
0.0017114112090355,0.0014987433214488,-4,0.0014252899876479,0.0002861212213875,0000831001-19-000027_next,next
0.0040387010607167,0.0017771107537685,-3,0.0017192893274608,0.0023194117332559,0000831001-19-000027_next,next
-0.0049504570041851,-0.0035264367908802,-2,-0.0038820824414982,-0.0010683745626868,0000831001-19-000027_next,next
-0.0027986196698197,0.0064111023949868,-1,0.0066135058378612,-0.0094121255076809,0000831001-19-000027_next,next
0.0060803356419503,0.0012318625699112,0,0.0011434223707828,0.0049369132711675,0000831001-19-000027_next,next
-0.006353271919032,-0.0007904570968998,1,-0.000992461996072,-0.00536080992296,0000831001-19-000027_next,next
0.0043668162466918,-0.0005440493877303,2,-0.000732217098826,0.0050990333455179,0000831001-19-000027_next,next
-0.0065221269785116,-0.0028255083152146,3,-0.0031417928631359,-0.0033803341153757,0000831001-19-000027_next,next
0.0076588070861762,0.0068953205934343,4,0.0071249156298855,0.0005338914562907,0000831001-19-000027_next,next
-0.0111680523834274,-0.003880558492514,5,-0.004256090081782,-0.0069119623016453,0000831001-19-000027_next,next
-0.0026582047270646,0.0018435333204338,-5,0.0032414779157803,-0.005899682642845,0000831001-20-000031_next,next
-0.015357052378661,-0.0029199426368901,-4,-0.0045870224722903,-0.0107700299063707,0000831001-20-000031_next,next
0.0060581788436262,0.0047057858811645,-3,0.0079454263524224,-0.0018872475087962,0000831001-20-000031_next,next
0.0021779724051571,-0.0038155197636281,-2,-0.006058852276204,0.0082368246813612,0000831001-20-000031_next,next
-0.0227564379380884,-0.0105181030271228,-1,-0.0170741646551127,-0.0056822732829757,0000831001-20-000031_next,next
-0.0511512111354282,-0.0335136266712231,0,-0.0548659930141792,0.003714781878751,0000831001-20-000031_next,next
-0.0427411239035986,-0.0302799955650561,1,-0.0495517051713731,0.0068105812677745,0000831001-20-000031_next,next
-0.0180036679485329,-0.003778540605322,2,-0.0059980791437806,-0.0120055888047522,0000831001-20-000031_next,next
-0.0547080427477393,-0.0441632425840791,3,-0.0723680278839915,0.0176599851362522,0000831001-20-000031_next,next
-0.0153605804563655,-0.0082383404443618,4,-0.0133275051938819,-0.0020330752624836,0000831001-20-000031_next,next
0.0650802206084637,0.04603922900611,5,0.0758745769229049,-0.0107943563144412,0000831001-20-000031_next,next
-0.0039526248847123,-0.0077328394581538,-5,-0.0065593766535972,0.0026067517688848,0000831001-21-000042_next,next
0.0186205051845214,0.0012563181187927,-4,0.0021826040697472,0.0164379011147741,0000831001-21-000042_next,next
0.0278693665996772,0.011351613765979,-3,0.0120003071402215,0.0158690594594556,0000831001-21-000042_next,next
-0.0173470022743651,-0.0244788075251262,-2,-0.0228448771337146,0.0054978748593494,0000831001-21-000042_next,next
-0.0226968192339942,-0.0047502141699028,-1,-0.0036587652724241,-0.0190380539615701,0000831001-21-000042_next,next
0.0555554781384346,0.0237907635068002,0,0.0240974148300381,0.0314580633083964,0000831001-21-000042_next,next
-0.0090593733318469,-0.0080808516908706,1,-0.0068978195169975,-0.0021615538148493,0000831001-21-000042_next,next
0.0213321456902833,-0.0130662218719981,2,-0.0117461058718749,0.0330782515621582,0000831001-21-000042_next,next
-0.0080990109122299,-0.0134172139301002,3,-0.0120874466237429,0.0039884357115129,0000831001-21-000042_next,next
0.0060163985325509,0.0194959681977822,4,0.0199207144573099,-0.0139043159247589,0000831001-21-000042_next,next
0.0283354163488549,-0.0053592310301612,5,-0.0042510358614083,0.0325864522102633,0000831001-21-000042_next,next
-0.0038977418655459,-0.0101429452648328,-5,-0.007813407101863,0.0039156652363171,0000831001-22-000036_next,next
-0.0104867617390682,-0.0184121228454876,-4,-0.0136325161897573,0.0031457544506891,0000831001-22-000036_next,next
-0.0403352992260557,0.0149568560673292,-3,0.0098495927081807,-0.0501848919342364,0000831001-22-000036_next,next
0.0215921847773536,0.0223726776556034,-2,0.0150681860178085,0.0065239987595451,0000831001-22-000036_next,next
-0.0443691421036765,-0.0024426034406476,-1,-0.0023945938460156,-0.0419745482576609,0000831001-22-000036_next,next
-0.0108053130788143,-0.0154735036804118,0,-0.0115645783177545,0.0007592652389401,0000831001-22-000036_next,next
0.0165557966702638,0.018642691757321,1,0.0124433548750851,0.0041124417951786,0000831001-22-000036_next,next
-0.0325724072609422,-0.0052546664300883,2,-0.0043734727778053,-0.0281989344831368,0000831001-22-000036_next,next
-0.0178755970083677,-0.0079340425503344,3,-0.0062589785344705,-0.0116166184738971,0000831001-22-000036_next,next
-0.0183778462120078,-0.0295181583134491,4,-0.021447952645407,0.0030701064333992,0000831001-22-000036_next,next
-0.0122410790924631,-0.0072337535181997,5,-0.0057661776203166,-0.0064749014721465,0000831001-22-000036_next,next
-0.0307273804195252,-0.0200412342553273,-5,-0.0198310841349919,-0.0108962962845333,0000831001-23-000037_next,next
0.0040130622081702,-0.0015735561458868,-4,-0.0010892767511897,0.0051023389593599,0000831001-23-000037_next,next
0.0067945355888006,0.0053294294160743,-3,0.0059161748821322,0.0008783607066683,0000831001-23-000037_next,next
-0.0039697926350362,-0.0105375514855581,-2,-0.0101863312401099,0.0062165386050737,0000831001-23-000037_next,next
0.0057790901808387,0.0030730045671669,-1,0.0036262562662869,0.0021528339145518,0000831001-23-000037_next,next
0.0043590021464983,-0.0030360018281855,0,-0.0025734305860404,0.0069324327325387,0000831001-23-000037_next,next
0.0159795563454985,-0.00472526484568,1,-0.0042877685719445,0.020267324917443,0000831001-23-000037_next,next
-0.0019416466389119,0.0075821940867943,2,0.0082023789890842,-0.0101440256279961,0000831001-23-000037_next,next
0.018482318048822,0.0161477371607488,3,0.0168950666934281,0.0015872513553939,0000831001-23-000037_next,next
-0.003247278386647,0.0006871667698291,4,0.0012050037308183,-0.0044522821174654,0000831001-23-000037_next,next
-0.0210809248801249,-0.0153269191153376,5,-0.0150467909619881,-0.0060341339181368,0000831001-23-000037_next,next
-0.0065204318021577,-0.0048034698371121,-5,-0.0025931554011336,-0.0039272764010241,0000831001-24-000033_next,next
0.0103920119501093,-0.0060053220011653,-4,-0.0037478834909953,0.0141398954411046,0000831001-24-000033_next,next
-0.0016239677003737,0.0012641999229821,-3,0.0032366038001613,-0.0048605715005351,0000831001-24-000033_next,next
0.0103018586547423,0.021122884217414,-2,0.0223166381574168,-0.0120147795026744,0000831001-24-000033_next,next
0.0005365280512736,0.0003479475462115,-1,0.0023562772604218,-0.0018197492091481,0000831001-24-000033_next,next
-0.0101911983769059,-0.0037867513501905,0,-0.0016163019815161,-0.0085748963953898,0000831001-24-000033_next,next
0.0063221023863579,0.0017063496993998,1,0.0036614170858768,0.0026606853004811,0000831001-24-000033_next,next
-0.0118469583654409,-0.0016581550604305,2,0.0004288330203397,-0.0122757913857806,0000831001-24-000033_next,next
0.0079928095167394,0.0052290946971491,3,0.0070460368619086,0.0009467726548307,0000831001-24-000033_next,next
0.0019822472410022,0.0080078289488876,4,0.0097158182133206,-0.0077335709723183,0000831001-24-000033_next,next
0.0097122621188536,-0.0011932620709189,5,0.0008754977681556,0.008836764350698,0000831001-24-000033_next,next
0.0305725728401184,-7.194380749464546e-05,-5,0.0016286955636573,0.0289438772764611,0000831001-25-000067_next,next
0.0002362733498608,0.0024449877750611,-4,0.0052825906506947,-0.0050463173008339,0000831001-25-000067_next,next
-0.0081531944989428,0.0023769693899173,-3,0.0051838465906545,-0.0133370410895973,0000831001-25-000067_next,next
-0.0309744576272799,-0.0043341850761716,-2,-0.0045589110202183,-0.0264155466070615,0000831001-25-000067_next,next
-0.0207769134133467,-0.0170641267025635,-1,-0.0230392986037829,0.0022623851904362,0000831001-25-000067_next,next
-0.0139360626075303,-0.0049691065044024,0,-0.0054806429827976,-0.0084554196247326,0000831001-25-000067_next,next
-0.0050927911355783,-0.0046797309154723,1,-0.0050605489087162,-3.224222686211333e-05,0000831001-25-000067_next,next
0.0119016210888025,0.0001360242800469,2,0.0019306082491652,0.0099710128396373,0000831001-25-000067_next,next
-0.0025292771325955,-0.0158645536555098,3,-0.0212978471898669,0.0187685700572713,0000831001-25-000067_next,next
0.0136932303475458,0.0158541446349889,4,0.0247490126668432,-0.0110557823192973,0000831001-25-000067_next,next
-0.0347716666783664,-0.0175967394669998,5,-0.0238125064163254,-0.0109591602620409,0000831001-25-000067_next,next
-0.0026091182378134,0.0004990891480125,-5,0.0015937435692311,-0.0042028618070446,0000831001-26-000011_next,next
0.0263395026447847,0.0010313220779065,-4,0.0022825964629201,0.0240569061818646,0000831001-26-000011_next,next
0.0218843717795815,0.0055660701474107,-3,0.0081517829682542,0.0137325888113273,0000831001-26-000011_next,next
-0.0061924571853264,-0.0028221256867719,-2,-0.0027048037791255,-0.0034876534062009,0000831001-26-000011_next,next
0.0038943683181498,0.0069397247635067,-1,0.0099296623591732,-0.0060352940410233,0000831001-26-000011_next,next
-0.0452585768882994,-0.0103856522472848,0,-0.0124940461673034,-0.032764530720996,0000831001-26-000011_next,next
-0.0107449880154812,0.0076516140863223,1,0.0108510390581035,-0.0215960270735847,0000831001-26-000011_next,next
0.0436291317407504,0.0081363556573399,2,0.0114784253304134,0.0321507064103369,0000831001-26-000011_next,next
0.0161798328508671,-0.0053655805693283,3,-0.0059967200763098,0.0221765529271769,0000831001-26-000011_next,next
-0.0516394931860738,-0.0043393528110311,4,-0.0046685047007077,-0.046970988485366,0000831001-26-000011_next,next
0.0114346756223608,0.0003983547353176,5,0.0014633660826432,0.0099713095397176,0000831001-26-000011_next,next
0.0113010139788398,0.0057525464497805,-5,0.0086653290583557,0.002635684920484,0000018230-17-000041_next,next
0.0250108776009694,0.0035660501028451,-4,0.0056969318178062,0.0193139457831631,0000018230-17-000041_next,next
0.0227387253395898,0.0052458450979924,-3,0.0079774290321157,0.014761296307474,0000018230-17-000041_next,next
-0.004162348567842,0.0040073351766347,-2,0.0062960224118375,-0.0104583709796796,0000018230-17-000041_next,next
0.0094812010930662,0.0049923089198982,-1,0.0076332271803774,0.0018479739126888,0000018230-17-000041_next,next
-0.0076753041389612,-0.0008641180363413,0,-0.0003174843041156,-0.0073578198348455,0000018230-17-000041_next,next
0.0060044477038336,0.0016785565287558,1,0.003134462081813,0.0028699856220206,0000018230-17-000041_next,next
-0.0075870232846354,0.0060480661608284,2,0.0090665279426036,-0.0166535512272391,0000018230-17-000041_next,next
0.00101943204867,-0.001082200145408,3,-0.0006135535528359,0.001632985601506,0000018230-17-000041_next,next
-0.0269857729226125,0.0004189867216857,4,0.0014244644663004,-0.0284102373889129,0000018230-17-000041_next,next
-0.0007328520250841,0.0014933641914423,5,0.0028830441346379,-0.003615896159722,0000018230-17-000041_next,next
0.0220564007451682,0.0149360902084947,-5,0.0173421919841222,0.0047142087610459,0000018230-18-000042_next,next
0.0206418545052129,0.0139145847540425,-4,0.0163402951406928,0.00430155936452,0000018230-18-000042_next,next
0.0110314124772099,0.002612929746329,-3,0.0052555844047841,0.0057758280724257,0000018230-18-000042_next,next
0.0265636200123691,0.0134024582572458,-2,0.015837999320009,0.01072562069236,0000018230-18-000042_next,next
0.0121475755111233,0.0120691127622993,-1,0.0145302484541029,-0.0023826729429796,0000018230-18-000042_next,next
-0.023065448426065,0.0003734693722488,0,0.0030591122567432,-0.0261245606828083,0000018230-18-000042_next,next
-0.0046707890814234,-0.0058413894593534,1,-0.0030364474082616,-0.0016343416731618,0000018230-18-000042_next,next
-0.0021213065357558,-0.0054965031281792,2,-0.0026981814449823,0.0005768749092265,0000018230-18-000042_next,next
0.0233843282182117,0.0009735510790762,3,0.0036476749171281,0.0197366533010835,0000018230-18-000042_next,next
0.0223466970593937,0.0160283763505131,4,0.0184135108234296,0.0039331862359641,0000018230-18-000042_next,next
0.0078813643370196,0.0117570153438109,5,0.0142241419942077,-0.006342777657188,0000018230-18-000042_next,next
-0.0013977814609152,0.000676201086956,-5,0.0020350100793452,-0.0034327915402605,0000018230-19-000034_next,next
0.0025662208587424,0.0007091030986317,-4,0.0020832085676375,0.0004830122911049,0000018230-19-000034_next,next
0.0290080365581906,0.0128902247439735,-3,0.0199274563540321,0.0090805802041585,0000018230-19-000034_next,next
0.0032410701465253,0.0030239946687606,-2,0.0054743165442838,-0.0022332463977585,0000018230-19-000034_next,next
-0.0036063701970416,-0.0026516415551012,-1,-0.0028399801250017,-0.0007663900720398,0000018230-19-000034_next,next
0.0269943592526231,0.0108787526085869,0,0.0169808305633774,0.0100135286892457,0000018230-19-000034_next,next
-0.0029368299732797,0.0014987433214488,1,0.0032399604832906,-0.0061767904565703,0000018230-19-000034_next,next
0.0332107522006208,0.0017771107537685,2,0.0036477437386097,0.0295630084620111,0000018230-19-000034_next,next
-0.0101916620122167,-0.0035264367908802,3,-0.0041214764768232,-0.0060701855353935,0000018230-19-000034_next,next
-0.0014403981983825,0.0064111023949868,4,0.0104361247673471,-0.0118765229657297,0000018230-19-000034_next,next
0.0196854974466114,0.0012318625699112,5,0.002849004182343,0.0168364932642683,0000018230-19-000034_next,next
0.0249651152254866,0.0064626464661976,-5,0.0111369655705699,0.0138281496549166,0000018230-20-000056_next,next
0.0009312748945449,-0.0016304457368023,-4,-0.0028072491280515,0.0037385240225965,0000018230-20-000056_next,next
-0.0123818363063366,0.0018435333204338,-3,0.0031783381626331,-0.0155601744689697,0000018230-20-000056_next,next
-0.0102179940953661,-0.0029199426368901,-2,-0.0050290231023262,-0.0051889709930399,0000018230-20-000056_next,next
0.0020498378484117,0.0047057858811645,-1,0.0081099345447567,-0.006060096696345,0000018230-20-000056_next,next
0.0005119632446481,-0.0038155197636281,0,-0.0065720822225201,0.0070840454671683,0000018230-20-000056_next,next
0.0020443455937311,-0.0105181030271228,1,-0.0181204814891085,0.0201648270828396,0000018230-20-000056_next,next
-0.0367318938973179,-0.0335136266712231,2,-0.0577412482810274,0.0210093543837095,0000018230-20-000056_next,next
-0.0239843639746812,-0.0302799955650561,3,-0.0521697750703528,0.0281854110956716,0000018230-20-000056_next,next
-0.0058138044284387,-0.003778540605322,4,-0.0065083679696905,0.0006945635412518,0000018230-20-000056_next,next
-0.0388305526365171,-0.0441632425840791,5,-0.0760902954711326,0.0372597428346155,0000018230-20-000056_next,next
0.0022302485860152,-0.0003451849323593,-5,0.0022737773855548,-4.352879953961391e-05,0000018230-21-000063_next,next
0.0031864418872502,0.0016624551635393,-4,0.0037329537538446,-0.0005465118665944,0000018230-21-000063_next,next
-0.0018150283193355,0.0047110331133788,-3,0.0059486959630098,-0.0077637242823453,0000018230-21-000063_next,next
0.0221726334118161,-0.0005692724183511,-2,0.0021109079725277,0.0200617254392883,0000018230-21-000063_next,next
-0.0003950775052278,-0.0003204020092266,-1,0.002291789904754,-0.0026868674099818,0000018230-21-000063_next,next
-0.0117646970925464,-0.0044158356273545,0,-0.0006848192821613,-0.011079877810385,0000018230-21-000063_next,next
0.0499699226860568,-0.0018548966445751,1,0.0011765012064748,0.0487934214795819,0000018230-21-000063_next,next
0.0388259900910292,-0.0077328394581538,2,-0.0030956565698388,0.0419216466608681,0000018230-21-000063_next,next
0.0097220741821462,0.0012563181187927,3,0.0034377685863478,0.0062843055957983,0000018230-21-000063_next,next
0.0104007350327686,0.011351613765979,4,0.0107751478653161,-0.0003744128325475,0000018230-21-000063_next,next
-0.002921702906507,-0.0244788075251262,5,-0.0152668225658653,0.0123451196593582,0000018230-21-000063_next,next
-0.0026027118547065,-0.0181157256684597,-5,-0.0160499125438307,0.0134472006891242,0000018230-22-000050_next,next
-0.0090121807363716,-0.0189694543445634,-4,-0.0168262733625702,0.0078140926261986,0000018230-22-000050_next,next
-0.0067082961699753,-0.0038405967262932,-3,-0.0030684453595108,-0.0036398508104645,0000018230-22-000050_next,next
0.0176096206667151,0.0157667211707204,-2,0.014761989299525,0.00284763136719,0000018230-22-000050_next,next
0.0011309612329013,0.000881207755895,-1,0.001225452803135,-9.449157023373538e-05,0000018230-22-000050_next,next
-0.043704563734263,-0.021173138152195,0,-0.018830251690842,-0.0248743120434209,0000018230-22-000050_next,next
-0.0143271941093603,-0.0071661613961429,1,-0.0060926358103212,-0.0082345582990391,0000018230-22-000050_next,next
-0.0038549010445358,-0.0101429452648328,2,-0.0087996531873808,0.0049447521428449,0000018230-22-000050_next,next
-0.0237434385870685,-0.0184121228454876,3,-0.0163194491793806,-0.0074239894076878,0000018230-22-000050_next,next
-0.0106070562121608,0.0149568560673292,4,0.0140255169842141,-0.024632573196375,0000018230-22-000050_next,next
0.0128322583421975,0.0223726776556034,5,0.0207692910673043,-0.0079370327251067,0000018230-22-000050_next,next
-0.0104071060235314,-0.0088297961777351,-5,-0.0053431726568074,-0.0050639333667239,0000018230-23-000011_next,next
0.0056438533556681,0.0021952617756952,-4,0.0052093879370837,0.0004344654185844,0000018230-23-000011_next,next
0.0019381672067562,0.0114486093427661,-3,0.0140661677662971,-0.0121280005595409,0000018230-23-000011_next,next
-0.0152729590140571,-0.0002804145319874,-2,0.0028398108919531,-0.0181127699060103,0000018230-23-000011_next,next
0.017760664615114,0.002773175690496,-1,0.0057625343812791,0.0119981302338348,0000018230-23-000011_next,next
-0.0087655510436334,-0.0137887414891306,0,-0.0100895940453691,0.0013240430017357,0000018230-23-000011_next,next
0.0051516542561764,-0.0027674058253277,1,0.0004594037838628,0.0046922504723135,0000018230-23-000011_next,next
-0.0285725930408269,-0.0200412342553273,2,-0.0160741257418784,-0.0124984672989484,0000018230-23-000011_next,next
-0.011715454504398,-0.0015735561458868,3,0.0016020890319143,-0.0133175435363124,0000018230-23-000011_next,next
0.0002522817061896,0.0053294294160743,4,0.0082092355638459,-0.0079569538576563,0000018230-23-000011_next,next
-0.0074805772820312,-0.0105375514855581,5,-0.0069777392451612,-0.0005028380368699,0000018230-23-000011_next,next
0.0140937766326183,-0.0009489536011326,-5,-0.0017047551870364,0.0157985318196548,0000018230-24-000009_next,next
-0.0273294939903848,-0.0136742556536254,-4,-0.0182564048160327,-0.0090730891743521,0000018230-24-000009_next,next
0.0123705417211692,0.0095797632750176,-3,0.0119898221250048,0.0003807195961644,0000018230-24-000009_next,next
0.0200815156240932,0.0058212506847294,-2,0.0071011693241517,0.0129803462999414,0000018230-24-000009_next,next
-0.0035905360494697,-0.0048034698371121,-1,-0.00671827879253,0.0031277427430603,0000018230-24-000009_next,next
-0.0253798189371589,-0.0060053220011653,0,-0.0082815136645355,-0.0170983052726233,0000018230-24-000009_next,next
0.0108369407238573,0.0012641999229821,1,0.0011738673835885,0.0096630733402688,0000018230-24-000009_next,next
0.0156083267733753,0.021122884217414,2,0.0270038227888435,-0.0113954960154681,0000018230-24-000009_next,next
0.005557406306236,0.0003479475462115,3,-1.7891228465004587e-05,0.005575297534701,0000018230-24-000009_next,next
0.0046314004022633,-0.0037867513501905,4,-0.005395845101178,0.0100272455034413,0000018230-24-000009_next,next
0.0069150256881869,0.0017063496993998,5,0.0017489663598342,0.0051660593283527,0000018230-24-000009_next,next
-0.0018137527742231,0.0067125410858628,-5,0.0090069817992063,-0.0108207345734294,0000018230-25-000008_next,next
-0.0027255299282918,0.0003395827888592,-4,0.0008343339527675,-0.0035598638810594,0000018230-25-000008_next,next
-0.02813136061174,-0.0027238667143857,-3,-0.0030942174073034,-0.0250371432044366,0000018230-25-000008_next,next
0.0047153325802444,0.0104262921222306,-2,0.013769476388862,-0.0090541438086175,0000018230-25-000008_next,next
-0.0010742872815922,-7.194380749464546e-05,-1,0.0003065944329553,-0.0013808817145475,0000018230-25-000008_next,next
0.0019244762600612,0.0024449877750611,0,0.0035342941163943,-0.0016098178563331,0000018230-25-000008_next,next
-0.002824851570726,0.0023769693899173,1,0.0034470677008182,-0.0062719192715443,0000018230-25-000008_next,next
-0.0109064261764082,-0.0043341850761716,2,-0.0051592811152706,-0.0057471450611376,0000018230-25-000008_next,next
-0.0260919380135363,-0.0170641267025635,3,-0.0214840905945886,-0.0046078474189477,0000018230-25-000008_next,next
-0.0032937908567463,-0.0049691065044024,4,-0.0059735009800903,0.002679710123344,0000018230-25-000008_next,next
0.010149964311664,-0.0046797309154723,5,-0.0056024072629396,0.0157523715746037,0000018230-25-000008_next,next
0.0219223717087886,0.0046910867168872,-5,0.010009197484941,0.0119131742238475,0000018230-26-000008_next,next
0.0003369019124239,-0.0033037129754581,-4,-0.0017673751582825,0.0021042770707064,0000018230-26-000008_next,next
0.0439538221032418,-4.895607156218951e-05,-3,0.0030269764940125,0.0409268456092292,0000018230-26-000008_next,next
-0.0215613353512508,-0.0156610121277019,-2,-0.0199700364807142,-0.0015912988705366,0000018230-26-000008_next,next
0.0209814713344334,0.0004990891480125,-1,0.0038342630538338,0.0171472082805995,0000018230-26-000008_next,next
-0.0121932140729876,0.0010313220779065,0,0.0046182576507233,-0.0168114717237109,0000018230-26-000008_next,next
-0.0167242896701093,0.0055660701474107,1,0.0112980735453435,-0.0280223632154528,0000018230-26-000008_next,next
0.0113835684015808,-0.0028221256867719,2,-0.0010579830649826,0.0124415514665634,0000018230-26-000008_next,next
-0.0010388423609883,0.0069397247635067,3,0.0133215067764028,-0.0143603491373912,0000018230-26-000008_next,next
-0.0043041154520607,-0.0103856522472848,4,-0.0121992778323941,0.0078951623803333,0000018230-26-000008_next,next
0.0155459217932112,0.0076516140863223,5,0.0143701404691392,0.0011757813240719,0000018230-26-000008_next,next
0.0088534853346764,0.0040073351766347,-5,0.0063989904219817,0.0024544949126946,0001193125-17-050077_next,next
-0.0155568475632308,0.0049923089198982,-4,0.0076282174826159,-0.0231850650458467,0001193125-17-050077_next,next
-0.0206644442445264,-0.0008641180363413,-3,0.0003195165731018,-0.0209839608176282,0001193125-17-050077_next,next
-0.0171701038841628,0.0016785565287558,-2,0.0034927223597333,-0.0206628262438961,0001193125-17-050077_next,next
0.0130502187206531,0.0060480661608284,-1,0.0089457808987859,0.0041044378218672,0001193125-17-050077_next,next
-0.0214005503053568,-0.001082200145408,0,4.735456701951521e-05,-0.0214479048723763,0001193125-17-050077_next,next
0.0042463011818474,0.0004189867216857,1,0.0019208050348323,0.002325496147015,0001193125-17-050077_next,next
-0.0054968285229202,0.0014933641914423,2,0.00326160611526,-0.0087584346381802,0001193125-17-050077_next,next
0.0068028132527626,0.0010179830611165,3,0.0026683401997898,0.0041344730529728,0001193125-17-050077_next,next
0.0044340625949559,-0.0025783763780462,4,-0.0018198427316039,0.0062539053265599,0001193125-17-050077_next,next
0.0311123173401266,0.0136738546598662,5,0.0184626087795297,0.0126497085605969,0001193125-17-050077_next,next
-0.0016854158317297,0.002612929746329,-5,0.0046205847639074,-0.0063060005956371,0001193125-18-049729_next,next
0.0410727919510911,0.0134024582572458,-4,0.0155049240110778,0.0255678679400132,0001193125-18-049729_next,next
-0.0174743299773008,0.0120691127622993,-3,0.0141598620200928,-0.0316341919973936,0001193125-18-049729_next,next
0.0020168846241919,0.0003734693722488,-2,0.0023614455978704,-0.0003445609736784,0001193125-18-049729_next,next
0.0034768063924828,-0.0058413894593534,-1,-0.0039080250122669,0.0073848314047498,0001193125-18-049729_next,next
-0.0198757686560093,-0.0054965031281792,0,-0.003560108064236,-0.0163156605917733,0001193125-18-049729_next,next
0.0215808724731179,0.0009735510790762,1,0.0029668003978065,0.0186140720753113,0001193125-18-049729_next,next
0.038973034010425,0.0160283763505131,2,0.018153916813079,0.020819117197346,0001193125-18-049729_next,next
-0.0080632152978384,0.0117570153438109,3,0.0138450221104936,-0.0219082374083321,0001193125-18-049729_next,next
-0.0134300196939992,-0.0127068884438292,4,-0.010833853140209,-0.0025961665537902,0001193125-18-049729_next,next
-0.0272250506726526,-0.011095788639207,5,-0.0092085961313585,-0.018016454541294,0001193125-18-049729_next,next
0.0106383892404373,0.0128902247439735,-5,0.0153611647760349,-0.0047227755355976,0001193125-19-043841_next,next
0.004892468907782,0.0030239946687606,-4,0.0037559425318362,0.0011365263759458,0001193125-19-043841_next,next
0.0194749612900031,-0.0026516415551012,-3,-0.002920064337355,0.0223950256273581,0001193125-19-043841_next,next
0.0156295744655594,0.0108787526085869,-2,0.0129951565853461,0.0026344178802132,0001193125-19-043841_next,next
-0.0098318344824789,0.0014987433214488,-1,0.0019618549493575,-0.0117936894318364,0001193125-19-043841_next,next
0.01669304832608,0.0017771107537685,0,0.0022892865917365,0.0144037617343435,0001193125-19-043841_next,next
-0.0058035113845719,-0.0035264367908802,1,-0.0039490483618496,-0.0018544630227222,0001193125-19-043841_next,next
-0.0038438011688708,0.0064111023949868,2,0.0077400517233148,-0.0115838528921856,0001193125-19-043841_next,next
-0.0102902293986194,0.0012318625699112,3,0.0016479345957187,-0.0119381639943381,0001193125-19-043841_next,next
-0.0047652285948251,-0.0007904570968998,4,-0.000730833079801,-0.0040343955150241,0001193125-19-043841_next,next
0.0043531264180463,-0.0005440493877303,5,-0.0004409942856723,0.0047941207037186,0001193125-19-043841_next,next
0.0145153156019379,0.0016884725532351,-5,0.0026628337143961,0.0118524818875417,0001193125-20-039954_next,next
0.0178842552410236,0.0064626464661976,-4,0.0072109340181062,0.0106733212229173,0001193125-20-039954_next,next
-0.0087630774450587,-0.0016304457368023,-3,-0.0004989223418555,-0.0082641551032031,0001193125-20-039954_next,next
-0.0033998450197219,0.0018435333204338,-2,0.0028105518191923,-0.0062103968389142,0001193125-20-039954_next,next
-0.0054588522551968,-0.0029199426368901,-1,-0.0017273571139946,-0.0037314951412021,0001193125-20-039954_next,next
0.0164661138681205,0.0047057858811645,0,0.0055372668442585,0.0109288470238619,0001193125-20-039954_next,next
-0.0064120603423903,-0.0038155197636281,1,-0.0025805255733701,-0.0038315347690202,0001193125-20-039954_next,next
-0.0074730336286513,-0.0105181030271228,2,-0.0089657183904089,0.0014926847617576,0001193125-20-039954_next,next
-0.0352496752656139,-0.0335136266712231,3,-0.0308723246381914,-0.0043773506274224,0001193125-20-039954_next,next
-0.0452289551509778,-0.0302799955650561,4,-0.0277918171233492,-0.0174371380276285,0001193125-20-039954_next,next
-0.0494147333696782,-0.003778540605322,5,-0.0025452975058155,-0.0468694358638626,0001193125-20-039954_next,next
0.0021374610682436,-0.0011135249921484,-5,-0.0007175880872488,0.0028550491554924,0001562762-21-000027_next,next
0.0078925641065468,-0.0003451849323593,-4,0.0003636643082227,0.007528899798324,0001562762-21-000027_next,next
-0.0081160674504734,0.0016624551635393,-3,0.0031889311093982,-0.0113049985598716,0001562762-21-000027_next,next
0.0155038188345373,0.0047110331133788,-2,0.0074790656260738,0.0080247532084635,0001562762-21-000027_next,next
0.0358355879982321,-0.0005692724183511,-1,4.831548846926986e-05,0.0357872725097628,0001562762-21-000027_next,next
0.01044002835264,-0.0003204020092266,0,0.0003985402653755,0.0100414880872644,0001562762-21-000027_next,next
-0.0338330927868476,-0.0044158356273545,1,-0.0053647898560698,-0.0284683029307778,0001562762-21-000027_next,next
0.0153069453681269,-0.0018548966445751,2,-0.0017608889862558,0.0170678343543828,0001562762-21-000027_next,next
0.0508057417127221,-0.0077328394581538,3,-0.0100326687361904,0.0608384104489125,0001562762-21-000027_next,next
0.0239778439485625,0.0012563181187927,4,0.0026173916628639,0.0213604522856985,0001562762-21-000027_next,next
0.0493284084618892,0.011351613765979,5,0.0168240732779163,0.0325043351839729,0001562762-21-000027_next,next
0.0226356447787772,-0.0189694543445634,-5,-0.0174576088267926,0.0400932536055698,0001562762-22-000031_next,next
-0.0210648049403154,-0.0038405967262932,-4,-0.0001230280382473,-0.0209417769020681,0001562762-22-000031_next,next
-0.0204264279867031,0.0157667211707204,-3,0.0223429535122706,-0.0427693814989738,0001562762-22-000031_next,next
0.005910114442154,0.000881207755895,-2,0.0052871954782567,0.0006229189638972,0001562762-22-000031_next,next
0.01053096141101,-0.021173138152195,-1,-0.0199825803718791,0.0305135417828892,0001562762-22-000031_next,next
-0.016783686165974,-0.0071661613961429,0,-0.003933445909285,-0.012850240256689,0001562762-22-000031_next,next
-0.0200825786314458,-0.0101429452648328,1,-0.0073442322200457,-0.0127383464114,0001562762-22-000031_next,next
0.0045543132985763,-0.0184121228454876,2,-0.0168190207628093,0.0213733340613856,0001562762-22-000031_next,next
-0.0056672092523072,0.0149568560673292,3,0.0214150135172769,-0.0270822227695841,0001562762-22-000031_next,next
0.0403511963029898,0.0223726776556034,4,0.0299120303892009,0.0104391659137889,0001562762-22-000031_next,next
0.0393336790054958,-0.0024426034406476,5,0.0014787867294851,0.0378548922760107,0001562762-22-000031_next,next
0.0466658891938553,0.0021952617756952,-5,0.003492389826038,0.0431734993678173,0001163165-23-000006_next,next
-0.0195547824231072,0.0114486093427661,-4,0.0109411796303347,-0.030495962053442,0001163165-23-000006_next,next
0.0110409618564446,-0.0002804145319874,-3,0.0014995118642256,0.0095414499922189,0001163165-23-000006_next,next
-0.0167326067547548,0.002773175690496,-2,0.0039576008477928,-0.0206902076025477,0001163165-23-000006_next,next
-0.0294669943656546,-0.0137887414891306,-1,-0.0093744650811065,-0.0200925292845481,0001163165-23-000006_next,next
-0.0391290299900541,-0.0027674058253277,0,-0.0005024744715228,-0.0386265555185313,0001163165-23-000006_next,next
0.0114291337799368,-0.0200412342553273,1,-0.0144076170329495,0.0258367508128864,0001163165-23-000006_next,next
-0.0116798346055824,-0.0015735561458868,2,0.0004585545242676,-0.01213838912985,0001163165-23-000006_next,next
0.0129707997036816,0.0053294294160743,3,0.006015342281395,0.0069554574222866,0001163165-23-000006_next,next
-0.0017072570889492,-0.0105375514855581,4,-0.0067573115834228,0.0050500544944736,0001163165-23-000006_next,next
0.0057956669339791,0.0030730045671669,5,0.0041989580715858,0.0015967088623932,0001163165-23-000006_next,next
-0.0240561040175953,0.0057423415255595,-5,0.0014695235974252,-0.0255256276150206,0001163165-24-000010_next,next
-0.0005398520241429,-0.0009489536011326,-4,-0.0011803016663462,0.0006404496422032,0001163165-24-000010_next,next
-0.0119712428013509,-0.0136742556536254,-3,-0.0062196589550879,-0.005751583846263,0001163165-24-000010_next,next
0.0031885609507056,0.0095797632750176,-2,0.0029891841275514,0.0001993768231541,0001163165-24-000010_next,next
0.0151820241026898,0.0058212506847294,-1,0.0015007724781803,0.0136812516245094,0001163165-24-000010_next,next
-0.003873927474024,-0.0048034698371121,0,-0.0027067317980813,-0.0011671956759426,0001163165-24-000010_next,next
-0.0093154120902855,-0.0060053220011653,1,-0.0031826782579711,-0.0061327338323143,0001163165-24-000010_next,next
0.0304000223716405,0.0012641999229821,2,-0.0003038689265302,0.0307038912981707,0001163165-24-000010_next,next
-0.0057589016494838,0.021122884217414,3,0.0075603849065929,-0.0133192865560767,0001163165-24-000010_next,next
-0.006326892606606,0.0003479475462115,4,-0.0006667147807314,-0.0056601778258745,0001163165-24-000010_next,next
0.0081606617262084,-0.0037867513501905,5,-0.0023041002773103,0.0104647620035187,0001163165-24-000010_next,next
0.0224163993239934,0.0003395827888592,-5,-0.0004874065122289,0.0229038058362223,0001163165-25-000012_next,next
-0.0325433851256483,-0.0027238667143857,-4,-0.0007619474755224,-0.0317814376501259,0001163165-25-000012_next,next
-0.015243946930837,0.0104262921222306,-3,0.0004165466601383,-0.0156604935909754,0001163165-25-000012_next,next
0.0014566125765207,-7.194380749464546e-05,-2,-0.0005242868029157,0.0019808993794364,0001163165-25-000012_next,next
0.0123622840476367,0.0024449877750611,-1,-0.0002987238156731,0.0126610078633098,0001163165-25-000012_next,next
0.0217548060045502,0.0023769693899173,0,-0.0003048195038701,0.0220596255084204,0001163165-25-000012_next,next
0.0244049593359176,-0.0043341850761716,1,-0.0009062613784562,0.0253112207143739,0001163165-25-000012_next,next
-0.0398039794251047,-0.0170641267025635,2,-0.0020470963858809,-0.0377568830392237,0001163165-25-000012_next,next
0.0089850666683664,-0.0049691065044024,3,-0.0009631619215654,0.0099482285899318,0001163165-25-000012_next,next
-0.0176077409762706,-0.0046797309154723,4,-0.0009372285895962,-0.0166705123866743,0001163165-25-000012_next,next
-0.0097857665998017,0.0001360242800469,5,-0.0005056490682223,-0.0092801175315794,0001163165-25-000012_next,next
-0.0110395540621009,-0.0033037129754581,-5,-0.0015432974224453,-0.0094962566396556,0001163165-26-000009_next,next
0.0345116903010465,-4.895607156218951e-05,-4,-0.0002475001586462,0.0347591904596927,0001163165-26-000009_next,next
-0.003416950325733,-0.0156610121277019,-3,-0.0064630364082533,0.0030460860825202,0001163165-26-000009_next,next
0.0054136237634907,0.0004990891480125,-2,-2.931013188474762e-05,0.0054429338953754,0001163165-26-000009_next,next
-0.0237817894682187,0.0010313220779065,-1,0.0001825846407893,-0.023964374109008,0001163165-26-000009_next,next
0.0239021608980785,0.0055660701474107,0,0.0019879772750128,0.0219141836230656,0001163165-26-000009_next,next
0.009681570417916,-0.0028221256867719,1,-0.0013515659016632,0.0110331363195793,0001163165-26-000009_next,next
-0.0094990138143645,0.0069397247635067,2,0.0025348623252639,-0.0120338761396285,0001163165-26-000009_next,next
-0.0058808264784125,-0.0103856522472848,3,-0.0043627883404429,-0.0015180381379696,0001163165-26-000009_next,next
0.0064616243046025,0.0076516140863223,4,0.0028182826432385,0.0036433416613639,0001163165-26-000009_next,next
-0.0052445985588321,0.0081363556573399,5,0.0030112699599325,-0.0082558685187647,0001163165-26-000009_next,next
-0.0034005789510956,0.0004815597652971,-5,0.0003883039988597,-0.0037888829499554,0000909832-16-000032_next,next
0.0034785867310143,-0.0032534833570118,-4,-0.001417261051192,0.0048958477822063,0000909832-16-000032_next,next
0.0019336833440282,0.0046059050395961,-3,0.0023820624208554,-0.0004483790768272,0000909832-16-000032_next,next
0.0048578717637,-0.0124464715965323,-2,-0.0058612628276841,0.0107191345913841,0000909832-16-000032_next,next
-0.0036423864625683,0.0011465890375803,-1,0.0007097871978418,-0.0043521736604101,0000909832-16-000032_next,next
-0.0015954041986759,-0.0030992637479612,0,-0.0013427094256777,-0.0002526947729982,0000909832-16-000032_next,next
-0.0004656364227844,0.000201604478573,1,0.0002529702249959,-0.0007186066477803,0000909832-16-000032_next,next
-0.0096570886337559,-0.0030379940403031,2,-0.0013130909074567,-0.0083439977262992,0000909832-16-000032_next,next
0.0027575105295516,0.0061604033182458,3,0.0031335257026395,-0.0003760151730879,0000909832-16-000032_next,next
0.0022798560385475,0.002191971018971,4,0.0012151374997644,0.001064718538783,0000909832-16-000032_next,next
0.003948055263105,-0.0013757239543792,5,-0.0005095294296884,0.0044575846927934,0000909832-16-000032_next,next
-0.0041169221988318,-0.001686752950886,-5,-0.0015287095465512,-0.0025882126522805,0000909832-17-000014_next,next
0.0167280415945447,0.0008781073155288,-4,-0.0001944956291148,0.0169225372236596,0000909832-17-000014_next,next
-0.0065063622200174,0.0017507533144689,-3,0.0002594458397545,-0.0067658080597719,0000909832-17-000014_next,next
-0.0027073752072447,0.0006725789853143,-2,-0.0003014093515465,-0.0024059658556981,0000909832-17-000014_next,next
-0.0052407483676011,0.0007423349056041,-1,-0.0002651230396203,-0.0049756253279807,0000909832-17-000014_next,next
0.005776028772773,0.0003279978945605,0,-0.0004806568891178,0.0062566856618908,0000909832-17-000014_next,next
0.0145779072013414,0.0051168427389869,1,0.0020104509203569,0.0125674562809845,0000909832-17-000014_next,next
0.0078997423062163,-0.0039724840397191,2,-0.0027177233381295,0.0106174656443458,0000909832-17-000014_next,next
0.0015429590700275,0.0016179082781735,3,0.0001903412188874,0.00135261785114,0000909832-17-000014_next,next
-0.0006782662601015,-0.0046630497542752,4,-0.003076948516721,0.0023986822566194,0000909832-17-000014_next,next
0.0017268599288522,0.0012709462190783,5,9.85512608587505e-06,0.0017170048027663,0000909832-17-000014_next,next
-0.0026560346473997,-0.0042995275485813,-5,-2.9746476341335933e-06,-0.0026530599997655,0000909832-18-000013_next,next
-0.001353258862612,-0.0055118299970128,-4,-0.0004564753382201,-0.0008967835243919,0000909832-18-000013_next,next
-0.0218141136000548,-0.0308644339777438,-3,-0.0099404316135625,-0.0118736819864922,0000909832-18-000013_next,next
0.0117984327046472,0.0186250400528118,-2,0.008572696590239,0.0032257361144081,0000909832-18-000013_next,next
-0.0362636524203178,-0.0173272640399783,-1,-0.0048764181544627,-0.031387234265855,0000909832-18-000013_next,next
0.0193871708851736,-0.0065595995737004,0,-0.0008484272205392,0.0202355981057128,0000909832-18-000013_next,next
0.0247276633853756,0.0156667800520586,1,0.0074660643673888,0.0172615990179868,0000909832-18-000013_next,next
0.0031154519627638,0.0108513319740386,2,0.0056646912598045,-0.0025492392970406,0000909832-18-000013_next,next
0.0042425641759822,0.0105578436930637,3,0.0055549025364762,-0.001312338360494,0000909832-18-000013_next,next
0.0024391233493292,-0.0063166863793988,4,-0.0007575577337121,0.0031966810830414,0000909832-18-000013_next,next
0.0186391351579298,0.0056003171696019,5,0.003700380420401,0.0149387547375287,0000909832-18-000013_next,next
0.0059655121170685,-0.0044782946735923,-5,-0.0020475362970661,0.0080130484141346,0000909832-19-000019_next,next
-0.0051805235948635,-0.0155608192014078,-4,-0.0108622082913175,0.005681684696454,0000909832-19-000019_next,next
0.0171638382388219,0.0091044925499415,-3,0.008755761619637,0.0084080766191848,0000909832-19-000019_next,next
0.0008084755945956,0.006415695380997,-2,0.0066171816378078,-0.0058087060432122,0000909832-19-000019_next,next
0.001548477208245,0.0109389775131329,-1,0.0102148500419847,-0.0086663728337397,0000909832-19-000019_next,next
-0.0002697234267948,-0.001387118733451,0,0.0004110823976617,-0.0006808058244566,0000909832-19-000019_next,next
0.0029246178809489,0.0099556766411372,1,0.0094327651806745,-0.0065081472997255,0000909832-19-000019_next,next
0.0013068746946336,-0.0019995427986508,2,-7.601936715484893e-05,0.0013828940617884,0000909832-19-000019_next,next
0.0121162776706005,0.002762831573678,3,0.0037118150653833,0.0084044626052171,0000909832-19-000019_next,next
0.0015209869871113,-0.0039193449495069,4,-0.0016029662474601,0.0031239532345714,0000909832-19-000019_next,next
-0.0058775654926032,0.0068716160561175,5,0.0069798058031321,-0.0128573712957353,0000909832-19-000019_next,next
0.009746421525389,0.0052929077692909,-5,0.0026314839144622,0.0071149376109268,0000909832-20-000017_next,next
-0.009624562342499,-0.0095776521786163,-4,-0.0048558245834891,-0.0047687377590099,0000909832-20-000017_next,next
0.0100559547138172,0.017972708676142,-3,0.0090157479512418,0.0010402067625754,0000909832-20-000017_next,next
-0.0006413113963469,-0.0139735156922267,-2,-0.0070691364128074,0.0064278250164604,0000909832-20-000017_next,next
0.0130318834242983,0.0173967548692179,-1,0.0087257559234959,0.0043061275008024,0000909832-20-000017_next,next
0.0057023100191113,0.0080101236424949,0,0.0039995987379442,0.0017027112811671,0000909832-20-000017_next,next
0.0119692846082102,0.0087935331206152,1,0.0043940444389436,0.0075752401692666,0000909832-20-000017_next,next
0.0190010298336209,0.0164158129636475,2,0.0082318528901668,0.0107691769434541,0000909832-20-000017_next,next
0.0111558648425122,-0.0063069189940844,3,-0.0032090144799782,0.0143648793224905,0000909832-20-000017_next,next
-0.006146590885924,-0.0066231417535027,4,-0.0033682322473073,-0.0027783586386167,0000909832-20-000017_next,next
-0.0046522978710217,-0.0015277553060997,5,-0.00080271148806,-0.0038495863829616,0000909832-20-000017_next,next
-0.0054006582945499,-0.0119097141251951,-5,-0.0065659182980043,0.0011652600034544,0000909832-21-000014_next,next
-0.00227005986964,0.0114914776301819,-4,0.0099423782975659,-0.0122124381672059,0000909832-21-000014_next,next
-0.0182677362626911,-0.0129858981367484,-3,-0.0073251088999125,-0.0109426273627786,0000909832-21-000014_next,next
0.0138592013427163,0.0105245146606092,-2,0.009260237333742,0.0045989640089742,0000909832-21-000014_next,next
0.006946837898456,0.0041027928541854,-1,0.0047300540275723,0.0022167838708836,0000909832-21-000014_next,next
0.0078560912011778,0.0082982806564053,0,0.0076897476075469,0.0001663435936308,0000909832-21-000014_next,next
-0.0022520600685879,-0.0019137230947889,1,0.0004857219099644,-0.0027377819785523,0000909832-21-000014_next,next
-0.00475823850887,-0.0068657638480568,2,-0.0030076795527842,-0.0017505589560857,0000909832-21-000014_next,next
-0.0062932304681636,-0.0024167805585421,3,0.0001308416157014,-0.0064240720838651,0000909832-21-000014_next,next
-0.0035134168131639,0.0030225144837938,4,0.0039679750731915,-0.0074813918863554,0000909832-21-000014_next,next
0.0120370551162309,0.0170631019455833,5,0.0138728630215588,-0.0018358079053278,0000909832-21-000014_next,next
-0.0190665123711908,-0.0211264378802388,-5,-0.0218967046207211,0.0028301922495303,0000909832-22-000021_next,next
-0.0140088857918642,-0.0150666957719832,-4,-0.015573148731321,0.0015642629394568,0000909832-22-000021_next,next
0.0115612042854513,0.0258838949525761,-3,0.0271602456152659,-0.0155990413298145,0000909832-22-000021_next,next
0.0175830771480003,0.0305837006795515,-2,0.0320646596403055,-0.0144815824923052,0000909832-22-000021_next,next
-0.0119514685816536,-0.0020179487570848,-1,-0.0019563182521923,-0.0099951503294612,0000909832-22-000021_next,next
0.0045178279148796,-0.0102450808466399,0,-0.0105416224859984,0.0150594504008781,0000909832-22-000021_next,next
-0.0297208658580027,-0.0280036177867735,1,-0.0290732858552897,-0.0006475800027129,0000909832-22-000021_next,next
-0.0039304553186897,-0.0074924636339018,2,-0.0076691687617449,0.0037387134430552,0000909832-22-000021_next,next
0.0122451771694331,-0.0065191757777544,3,-0.0066535083516364,0.0188986855210695,0000909832-22-000021_next,next
-0.0119487389264836,-0.0032907731480149,4,-0.0032845556638922,-0.0086641832625913,0000909832-22-000021_next,next
0.0034521237273634,0.0259656424608649,5,0.027245552040564,-0.0237934283132005,0000909832-22-000021_next,next
-0.0039874379045402,-0.0013040301597772,-5,-0.0004056385358655,-0.0035817993686747,0000909832-23-000042_next,next
-0.0210526491866348,0.0118148930146444,-4,0.0090883241038493,-0.0301409732904841,0000909832-23-000042_next,next
0.0025826476877601,0.0063038542996403,-3,0.0051000702684823,-0.0025174225807221,0000909832-23-000042_next,next
0.0055814735617401,0.0052079907813922,-2,0.0043070107191468,0.0012744628425932,0000909832-23-000042_next,next
0.0061023340908146,0.0042930081710337,-1,0.0036448518968687,0.0024574821939458,0000909832-23-000042_next,next
-0.0030766839555131,-0.0062464343461184,0,-0.0039823803211198,0.0009056963656066,0000909832-23-000042_next,next
0.0054276243900526,-0.0050188588887675,1,-0.0030940028701225,0.0085216272601752,0000909832-23-000042_next,next
0.0095266458020943,0.0105943693839298,2,0.0082050499511744,0.0013215958509198,0000909832-23-000042_next,next
0.0036697282325683,-9.824505308242416e-05,3,0.0004669695739833,0.003202758658585,0000909832-23-000042_next,next
0.0005223774721287,-0.0133998205065164,4,-0.0091591757067872,0.009681553178916,0000909832-23-000042_next,next
-0.0156794993099574,-0.008482848196321,5,-0.0056008385785903,-0.0100786607313671,0000909832-23-000042_next,next
-0.0032553275461312,-0.001681413492255,-5,0.0002204809121167,-0.0034758084582479,0000909832-24-000049_next,next
0.0084962719145256,0.0089702493952743,-4,0.0092206876783298,-0.0007244157638042,0000909832-24-000049_next,next
-0.0107800020962163,-0.0095860221658826,-3,-0.0064585806785332,-0.004321421417683,0000909832-24-000049_next,next
0.0192652908882831,0.0096893474955819,-2,0.0098282953031953,0.0094369955850877,0000909832-24-000049_next,next
0.0209789143632712,0.0071134119874882,-1,0.0076517382309267,0.0133271761323445,0000909832-24-000049_next,next
-0.0170168516408069,-0.0020701228399899,0,-0.0001079621242912,-0.0169088895165156,0000909832-24-000049_next,next
-0.0051475674676111,0.0060518475879536,1,0.006754760999076,-0.0119023284666871,0000909832-24-000049_next,next
0.0008211035979399,0.0077076668832223,2,0.0081538586031084,-0.0073327550051685,0000909832-24-000049_next,next
0.0054509004582687,-0.0076094663324381,3,-0.004788474200906,0.0102393746591747,0000909832-24-000049_next,next
-0.0080817405760447,0.0046791459565738,4,0.0055948859034042,-0.013676626479449,0000909832-24-000049_next,next
-0.0023551706353077,-0.0001711604789117,5,0.0014965811354255,-0.0038517517707333,0000909832-24-000049_next,next
-0.0006215151035129,0.0006183547238911,-5,-0.0007410537250681,0.0001195386215551,0000909832-25-000101_next,next
-0.0015162158488151,6.551280273581206e-05,-4,-0.0010152756645117,-0.0005009401843034,0000909832-25-000101_next,next
-0.0048503788046455,0.0036465919796933,-3,0.0007610195830593,-0.0056113983877049,0000909832-25-000101_next,next
0.0042373549577829,-0.0038114057910215,-2,-0.0029383138697607,0.0071756688275437,0000909832-25-000101_next,next
0.0,0.005827663640568,-1,0.001842879836458,-0.001842879836458,0000909832-25-000101_next,next
0.0307061720978278,-0.0027555704071953,0,-0.0024145959395413,0.0331207680373692,0000909832-25-000101_next,next
-0.0136600771758125,-0.0271116732114136,1,-0.0144957668722775,0.0008356896964649,0000909832-25-000101_next,next
0.005967695205796,0.0155986717875575,2,0.0066895180920862,-0.0007218228862901,0000909832-25-000101_next,next
0.0117042113676999,-0.0015643266604626,3,-0.0018237124372621,0.013527923804962,0000909832-25-000101_next,next
0.0089592036148145,0.0040260011595036,4,0.0009492150095438,0.0080099886052707,0000909832-25-000101_next,next
-0.0307542623183193,-0.0062943870998294,5,-0.0041699280510452,-0.0265843342672741,0000909832-25-000101_next,next
0.0335055548229992,0.0238687918018944,-5,0.0318530806771589,0.0016524741458402,0001108524-16-000053_next,next
0.0058557104530787,0.0040943087350047,-4,0.0041110029963197,0.001744707456759,0001108524-16-000053_next,next
0.0052534234794956,0.0034987406745825,-3,0.0032754668490247,0.0019779566304708,0001108524-16-000053_next,next
0.003672169155009,0.0033058923144386,-2,0.0030049154434766,0.0006672537115323,0001108524-16-000053_next,next
-0.0080215539119695,0.0008850141950174,-1,-0.0003913902206284,-0.0076301636913411,0001108524-16-000053_next,next
-0.0095046562017023,-0.011240108649505,0,-0.0174020042884969,0.0078973480867945,0001108524-16-000053_next,next
0.0174734635803028,0.0050523932937867,1,0.0054551218875511,0.0120183416927517,0001108524-16-000053_next,next
-0.0047860719942116,0.0001558049334506,2,-0.0014144146866305,-0.0033716573075811,0001108524-16-000053_next,next
0.0131542265818662,0.0163955005341884,3,0.021368628255372,-0.0082144016735057,0001108524-16-000053_next,next
0.0082367893497892,-0.0012609729212872,4,-0.0034020449660001,0.0116388343157893,0001108524-16-000053_next,next
-0.0072002563976411,-0.0018369416879204,5,-0.0042100848126867,-0.0029901715849543,0001108524-16-000053_next,next
-0.0023301283778017,-0.0025783763780462,-5,-0.0031338872048813,0.0008037588270796,0001108524-17-000006_next,next
0.0302395075661132,0.0136738546598662,-4,0.0172560185796124,0.0129834889865007,0001108524-17-000006_next,next
-0.0136022880016194,-0.0058598805035984,-3,-0.0072508333518659,-0.0063514546497535,0001108524-17-000006_next,next
-0.0054432823000734,0.00050387727206,-2,0.0007330810521519,-0.0061763633522253,0001108524-17-000006_next,next
0.0034057182022801,-0.0032772408480052,-1,-0.0040106764078747,0.0074163946101549,0001108524-17-000006_next,next
0.0056967958444904,-0.0029133737680216,0,-0.0035541719770899,0.0092509678215804,0001108524-17-000006_next,next
0.006146846806746,-0.0022842151650487,1,-0.0027648351403075,0.0089116819470536,0001108524-17-000006_next,next
-0.0023957522268955,0.0007998953585612,2,0.0011044627338537,-0.0035002149607493,0001108524-17-000006_next,next
0.0027615961129274,0.0032686701956989,3,0.004201765880415,-0.0014401697674875,0001108524-17-000006_next,next
0.0011977718185565,0.0003666328125562,4,0.0005608953631718,0.0006368764553846,0001108524-17-000006_next,next
-0.0011963388775635,-0.0033790271755046,5,-0.0041383766370321,0.0029420377594686,0001108524-17-000006_next,next
0.0047571747265757,0.011032026532745,-5,0.012610541491526,-0.0078533667649503,0001108524-18-000011_next,next
0.0161632639382851,0.0026388586061694,-4,0.0035991645265343,0.0125640994117508,0001108524-18-000011_next,next
0.0068283951909668,-0.0004838747205661,-3,0.0002464224612581,0.0065819727297087,0001108524-18-000011_next,next
0.0082182927440557,0.0044630782078172,-2,0.0055577492517755,0.0026605434922801,0001108524-18-000011_next,next
0.0083096834279441,0.0173788315189269,-1,0.0194248281535003,-0.0111151447255562,0001108524-18-000011_next,next
-0.0049446965811787,-0.0012739851290425,0,-0.0006018844947125,-0.0043428120864662,0001108524-18-000011_next,next
-0.0003943941450347,-0.0063635765510888,1,-0.0060663559914195,0.0056719618463848,0001108524-18-000011_next,next
0.009942396104148,-0.0057245219485623,2,-0.0053802310413461,0.0153226271454941,0001108524-18-000011_next,next
-0.0060160437146972,-0.0007819305319631,3,-7.35870150923453e-05,-0.0059424566996048,0001108524-18-000011_next,next
-0.0098255688348103,0.0017034471678114,4,0.0025948542157971,-0.0124204230506074,0001108524-18-000011_next,next
-0.0078589207413009,-0.014204195388793,5,-0.0144844851892938,0.0066255644479929,0001108524-18-000011_next,next
-0.0366497367032967,-0.003880558492514,-5,-0.0056976405766882,-0.0309520961266084,0001108524-19-000009_next,next
-0.0096529231067478,-0.0011315328231061,-4,-0.0006387639566813,-0.0090141591500664,0001108524-19-000009_next,next
-0.0011466662968275,-0.0065240986535923,-3,-0.0105623981756268,0.0094157318787992,0001108524-19-000009_next,next
-0.007589578598628,-0.0081257175586835,-2,-0.013509766955516,0.0059201883568879,0001108524-19-000009_next,next
-0.0034704858300403,-0.0021316888487414,-1,-0.0024792945820412,-0.0009911912479991,0001108524-19-000009_next,next
0.0167031484148114,0.0146660418677571,0,0.0284326201870822,-0.0117294717722708,0001108524-19-000009_next,next
0.0039960699180554,0.0029533182046204,1,0.0068783565963722,-0.0028822866783167,0001108524-19-000009_next,next
0.0096665358054703,0.0069495838138418,2,0.0142324584088092,-0.0045659226033388,0001108524-19-000009_next,next
0.0053813730056786,-0.0008680223820187,3,-0.0001538405802357,0.0055352135859144,0001108524-19-000009_next,next
0.005227815898344,0.0049849029002739,4,0.0106169671276517,-0.0053891512293076,0001108524-19-000009_next,next
0.0027244181306429,0.0037059469012648,5,0.008263376663435,-0.005538958532792,0001108524-19-000009_next,next
-0.0101657702900119,-0.0082383404443618,-5,-0.0078630577734228,-0.0023027125165891,0001108524-20-000014_next,next
0.0373242208371329,0.04603922900611,-4,0.0493520251991222,-0.0120278043619893,0001108524-20-000014_next,next
-0.0418082186526552,-0.0281078961210758,-3,-0.0288079579998074,-0.0130002606528478,0001108524-20-000014_next,next
0.0373149669070684,0.0422025907744911,-2,0.0453077472961108,-0.0079927803890424,0001108524-20-000014_next,next
-0.0346634291391987,-0.0339220770468885,-1,-0.034936803625279,0.0002733744860803,0001108524-20-000014_next,next
-0.0325472565245474,-0.0170538520003701,0,-0.0171556666766767,-0.0153915898478707,0001108524-20-000014_next,next
-0.0784374137580706,-0.0759696974774509,1,-0.079260050153994,0.0008226363959233,0001108524-20-000014_next,next
0.0669930871488595,0.0493963062815614,2,0.0528907882057353,0.0141022989431242,0001108524-20-000014_next,next
-0.0419610297635547,-0.0488684451312739,3,-0.0506920723070619,0.0087310425435071,0001108524-20-000014_next,next
-0.0904445922849584,-0.0951126809783365,4,-0.0994390559649424,0.0089944636799839,0001108524-20-000014_next,next
0.051141624329493,0.0928712497297183,5,0.0987186047752073,-0.0475769804457142,0001108524-20-000014_next,next
0.0188243605747131,0.0103954870044358,-5,0.0094781247437129,0.0093462358310001,0001108524-22-000008_next,next
-0.0173187380260043,0.0010153984958789,-4,-0.0003000639181321,-0.0170186741078722,0001108524-22-000008_next,next
0.0027801238584017,0.0064919213014971,-3,0.0054088878849751,-0.0026287640265733,0001108524-22-000008_next,next
0.0078946633838064,-0.0015696837343783,-2,-0.0029948595728618,0.0108895229566682,0001108524-22-000008_next,next
-0.0063407485515503,0.0028793821305308,-1,0.0016430290095722,-0.0079837775611225,0001108524-22-000008_next,next
-0.0170796986938135,-0.0147605393194591,0,-0.0167455480023378,-0.0003341506914756,0001108524-22-000008_next,next
0.0129846317841395,-0.0006027039747036,1,-0.0019868402440826,0.0149714720282222,0001108524-22-000008_next,next
0.0139962465823897,0.0070251180773117,2,0.0059647140547439,0.0080315325276458,0001108524-22-000008_next,next
-0.000790115012937,-0.0076308541839406,3,-0.0093132720391572,0.0085231570262202,0001108524-22-000008_next,next
-0.0254419604734255,-0.0054673360183149,4,-0.0070579320412971,-0.0183840284321283,0001108524-22-000008_next,next
-0.0195197975438835,0.0052402658469594,5,0.0041041109457243,-0.0236239084896078,0001108524-22-000008_next,next
-0.0333971034146148,-0.0295181583134491,-5,-0.0530293513186708,0.0196322479040559,0001108524-22-000013_next,next
-0.021148680501587,-0.0072337535181997,-4,-0.0146246751951001,-0.0065240053064868,0001108524-22-000013_next,next
0.0576841793709324,0.0256982478914358,-3,0.0421299413117606,0.0155542380591717,0001108524-22-000013_next,next
-0.0148158245899197,-0.0042918136516678,-2,-0.0095545712911688,-0.0052612532987508,0001108524-22-000013_next,next
-0.011241664119012,-0.0129615451234751,-1,-0.0244958825944021,0.0132542184753901,0001108524-22-000013_next,next
-0.0241535458747097,-0.0074210024659636,0,-0.0149473777873131,-0.0092061680873965,0001108524-22-000013_next,next
0.0156380103206099,0.0214085741708709,1,0.0347371690377079,-0.0190991587170979,0001108524-22-000013_next,next
0.0480778477622161,0.0223837613571822,2,0.0364177949460168,0.0116600528161992,0001108524-22-000013_next,next
0.0235442628541016,0.0123478175714519,3,0.0191219697163703,0.0044222931377313,0001108524-22-000013_next,next
0.0398745321709559,0.0116622948279487,4,0.0179405480368828,0.021933984134073,0001108524-22-000013_next,next
-0.0232175238341615,-0.0004346603621039,5,-0.0029071995437194,-0.0203103242904421,0001108524-22-000013_next,next
0.1149685825154633,0.0075821940867943,-5,0.0107651818653498,0.1042034006501135,0001108524-23-000011_next,next
-0.0008573838475316,0.0161477371607488,-4,0.0226847824114736,-0.0235421662590052,0001108524-23-000011_next,next
-0.0141072591094925,0.0006871667698291,-3,0.0011702302477759,-0.0152774893572684,0001108524-23-000011_next,next
-0.0026115339817947,-0.0153269191153376,-2,-0.0211145805592502,0.0185030465774555,0001108524-23-000011_next,next
-0.0020182364839101,0.0014147940136839,-1,0.0021827785495408,-0.0042010150334509,0001108524-23-000011_next,next
-0.0231211303289732,-0.0184593578738486,0,-0.0254736058322864,0.0023524755033131,0001108524-23-000011_next,next
-0.0309981904932026,-0.0144781384570513,1,-0.0199334381248829,-0.0110647523683196,0001108524-23-000011_next,next
0.0134539902822314,-0.0015097610031894,2,-0.0018869607857608,0.0153409510679923,0001108524-23-000011_next,next
0.0420491097751303,0.0164766554806239,3,0.0231424971122653,0.0189066126628649,0001108524-23-000011_next,next
0.0001093411616843,-0.0069808835654376,4,-0.0095004413225854,0.0096097824842698,0001108524-23-000011_next,next
0.0240009065992758,0.0175620062171666,5,0.0246528446898016,-0.0006519380905257,0001108524-23-000011_next,next
0.030189892886655,0.0052290946971491,-5,0.0084468276551802,0.0217430652314747,0001108524-24-000005_next,next
0.0260993845728401,0.0080078289488876,-4,0.0122193387967643,0.0138800457760757,0001108524-24-000005_next,next
-0.0070689862630476,-0.0011932620709189,-3,-0.0002723985348041,-0.0067965877282434,0001108524-24-000005_next,next
-0.0505021850376812,-0.0101931008834446,-2,-0.012490908516992,-0.0380112765206892,0001108524-24-000005_next,next
0.0168033547163675,0.0051411032032746,-1,0.0083273671883153,0.0084759875280521,0001108524-24-000005_next,next
-0.0044442410482467,0.0103041279259514,0,0.0153368781836135,-0.0197811192318602,0001108524-24-000005_next,next
0.0094570551424852,-0.0065285190034379,1,-0.0075157382707106,0.0169727934131959,0001108524-24-000005_next,next
0.0023586943145208,-0.0011222380873464,2,-0.0001759737798354,0.0025346680943563,0001108524-24-000005_next,next
0.0020258808231623,0.0112017879813663,3,0.0165555742709738,-0.0145296934478114,0001108524-24-000005_next,next
-0.0050288514886231,-0.0019245297153407,4,-0.0012651942058314,-0.0037636572827917,0001108524-24-000005_next,next
-0.0044637204840598,-0.0028710915621273,5,-0.0025502811517914,-0.0019134393322684,0001108524-24-000005_next,next
-0.040445053786121,-0.0158645536555098,-5,-0.0175518950837001,-0.0228931587024209,0001108524-25-000006_next,next
0.0100032217373302,0.0158541446349889,-4,0.0223402535714726,-0.0123370318341423,0001108524-25-000006_next,next
-0.0160819495253208,-0.0175967394669998,-3,-0.0197304401569396,0.0036484906316188,0001108524-25-000006_next,next
-0.0195180699496355,-0.0122348266022004,-2,-0.0129868398010974,-0.0065312301485381,0001108524-25-000006_next,next
0.0161132795682259,0.0111592778931879,-1,0.0164355874888719,-0.000322307920646,0001108524-25-000006_next,next
-0.0202760683265453,-0.0178190070857499,0,-0.0200099829303285,-0.0002660853962168,0001108524-25-000006_next,next
-0.0110468368019152,0.005520617802748,1,0.0093439261450268,-0.020390762946942,0001108524-25-000006_next,next
-0.0353141501492308,-0.0269730913054258,2,-0.0315229424203044,-0.0037912077289264,0001108524-25-000006_next,next
0.0152069071616414,-0.0075678653236531,3,-0.0071172700165293,0.0223241771781707,0001108524-25-000006_next,next
0.0271791833708805,0.0048868699294464,4,0.008546870599427,0.0186323127714534,0001108524-25-000006_next,next
-0.0451190680866315,-0.0138909842068353,5,-0.0150697652968224,-0.0300493027898091,0001108524-25-000006_next,next
0.0044528205768756,-4.1384533048027805e-05,-5,0.0002511424062128,0.0042016781706628,0000858877-16-000117_next,next
0.0079166047946976,0.0042010413364248,-4,0.0054711457340258,0.0024454590606718,0000858877-16-000117_next,next
0.0012565885624393,0.0029816787577114,-3,0.00397080679717,-0.0027142182347307,0000858877-16-000117_next,next
-0.0025103452074997,-0.0001463852229309,-2,0.0001219465245462,-0.002632291732046,0000858877-16-000117_next,next
-0.0100659249414374,-0.0022230136296667,-1,-0.0024331970483308,-0.0076327278931065,0000858877-16-000117_next,next
-0.0197013598973897,-0.024522068966675,0,-0.0298705988197688,0.010169238922379,0000858877-16-000117_next,next
0.0191248619711221,0.0146770527484909,1,0.018361132764014,0.0007637292071081,0000858877-16-000117_next,next
-0.0120866121483311,-0.0148306742588959,2,-0.0179460268455644,0.0058594146972332,0000858877-16-000117_next,next
-0.0019315695179916,-0.0005876766502063,3,-0.0004210311938124,-0.0015105383241792,0000858877-16-000117_next,next
0.0099996969613169,0.0101092733630299,4,0.0127408050726347,-0.0027411081113178,0000858877-16-000117_next,next
-0.015011019032845,-0.0037722947474507,5,-0.0043394772850095,-0.0106715417478354,0000858877-16-000117_next,next
0.0068774896589285,0.0057209762207304,-5,0.004707323989417,0.0021701656695114,0000858877-17-000016_next,next
0.0027940698267319,0.0019825406825328,-4,0.0009734099170626,0.0018206599096692,0000858877-17-000016_next,next
-0.0210527479170212,-0.0075508068899006,-3,-0.0085484075099452,-0.012504340407076,0000858877-17-000016_next,next
0.0079063868741042,0.0031287267736885,-2,0.0021182097488571,0.005788177125247,0000858877-17-000016_next,next
-0.0034512255747889,-0.0001784361232346,-1,-0.0011849532866471,-0.0022662722881417,0000858877-17-000016_next,next
-0.0088162415294867,-0.0014888507039184,0,-0.002493782981165,-0.0063224585483217,0000858877-17-000016_next,next
0.0225539313710767,0.0108392993187771,1,0.0098194567110816,0.0127344746599951,0000858877-17-000016_next,next
0.0068346804719301,0.0033639480109453,2,0.0023531464968458,0.0044815339750842,0000858877-17-000016_next,next
-0.0070968465879169,0.0007571207193879,3,-0.000250527956997,-0.0068463186309199,0000858877-17-000016_next,next
0.0003107673411104,-0.0011007176162897,4,-0.0021061193226545,0.0024168866637649,0000858877-17-000016_next,next
0.0077663848039009,0.0018471814878802,5,0.0008382144331304,0.0069281703707704,0000858877-17-000016_next,next
-0.0069503276493438,-0.0044303290541448,-5,-0.0063218033251374,-0.0006285243242064,0000858877-18-000011_next,next
0.013149418580725,0.0001344775085945,-4,-0.0003517699862166,0.0135011885669417,0000858877-18-000011_next,next
-0.0008372125757835,-0.0016543221469484,-3,-0.0026912324439277,0.0018540198681442,0000858877-18-000011_next,next
-0.0096377729698595,-0.002803126684318,-2,-0.0041936841456015,-0.005444088824258,0000858877-18-000011_next,next
0.0002117456877388,-0.0036523050860121,-1,-0.0053042730170306,0.0055160187047695,0000858877-18-000011_next,next
-0.0048648532788083,-0.0022133448270275,0,-0.0034223442646401,-0.0014425090141681,0000858877-18-000011_next,next
0.0004254715787945,0.00189782681274,1,0.001954407502188,-0.0015289359233934,0000858877-18-000011_next,next
-0.0008499690368422,0.0037398415100768,2,0.004363466681967,-0.0052134357188092,0000858877-18-000011_next,next
-0.0029770138501455,0.0003566719422101,3,-6.11753776224452e-05,-0.0029158384725231,0000858877-18-000011_next,next
0.007464501239184,0.0052822543297499,4,0.0063806947570819,0.0010838064821021,0000858877-18-000011_next,next
0.0033869299863324,0.0002754818389207,5,-0.0001673589840394,0.0035542889703719,0000858877-18-000011_next,next
0.0085340316015993,0.0126872917935088,-5,0.0177189224129483,-0.0091848908113489,0000858877-19-000012_next,next
-0.0097311156279047,0.0006427872591217,-4,0.0005341751924112,-0.010265290820316,0000858877-19-000012_next,next
-0.0066227639046632,-0.0068991005090608,-3,-0.0102263699584376,0.0036036060537744,0000858877-19-000012_next,next
0.0176344522304618,0.010842079212828,-2,0.0150862270059582,0.0025482252245036,0000858877-19-000012_next,next
0.0232458316740904,0.0130098136422667,-1,0.0181790871651124,0.005066744508978,0000858877-19-000012_next,next
0.0086740580641031,0.0009106051537297,0,0.0009162899408292,0.0077577681232739,0000858877-19-000012_next,next
-0.0053230640649434,-9.401025965849465e-05,1,-0.0005170659837456,-0.0048059980811977,0000858877-19-000012_next,next
0.0129681813003075,0.0003223043548219,2,7.691954663764346e-05,0.0128912617536698,0000858877-19-000012_next,next
0.0166629381218297,0.0072296811894803,3,0.0099321630331342,0.0067307750886954,0000858877-19-000012_next,next
-0.0019985416224393,0.002879153101061,4,0.0037249566460318,-0.0057234982684712,0000858877-19-000012_next,next
0.0020025437895536,-0.0007244143620946,5,-0.0014165081414721,0.0034190519310257,0000858877-19-000012_next,next
-0.0021285165882464,0.0067325653552858,-5,0.0068169254745205,-0.0089454420627669,0000858877-20-000010_next,next
0.0004743463577987,-0.0021949627140287,-4,-0.0015011772952691,0.0019755236530678,0000858877-20-000010_next,next
-0.0045005084314706,0.0075250030166134,-3,0.0075552684799298,-0.0120557769114005,0000858877-20-000010_next,next
0.0092790876737756,0.0153659101548075,-2,0.0148609269866842,-0.0055818393129086,0000858877-20-000010_next,next
-0.0346533306341981,-0.0351258437153412,-1,-0.032184077460002,-0.0024692531741961,0000858877-20-000010_next,next
-0.0031743820865626,-0.0081330272642748,0,-0.0070338881194854,0.0038595060329228,0000858877-20-000010_next,next
-0.0200882643814983,-0.0277563421023609,1,-0.0253176446352653,0.0052293802537669,0000858877-20-000010_next,next
0.0032497731801819,0.0201449863367746,2,0.0193137661732551,-0.0160639929930731,0000858877-20-000010_next,next
-0.0139545009743344,-0.0175847965901794,3,-0.0158404455448776,0.0018859445705431,0000858877-20-000010_next,next
0.0078344020890213,0.000533072190594,4,0.0010406320969882,0.006793769992033,0000858877-20-000010_next,next
0.0122867701551943,0.0127418290893575,5,0.0124159751692043,-0.00012920501401,0000858877-20-000010_next,next
0.0082993095574845,0.0028426384105229,-5,0.0032899722101242,0.0050093373473602,0000858877-21-000013_next,next
-0.0018476818049033,-0.0003350311257153,-4,-0.0002600800887045,-0.0015876017161987,0000858877-21-000013_next,next
-0.0090877652136341,-0.0033955744059817,-3,-0.0036792804126744,-0.0054084848009597,0000858877-21-000013_next,next
-0.0033969199351835,-0.0013185667397751,-2,-0.0013588736630064,-0.0020380462721771,0000858877-21-000013_next,next
-0.0013633694274349,-0.0046056086573933,-1,-0.005031115405866,0.003667745978431,0000858877-21-000013_next,next
-0.012115936209077,-0.0077225787599254,0,-0.0085133550634782,-0.0036025811455987,0000858877-21-000013_next,next
0.0036277213688702,0.0022764876184568,1,0.0026574756909182,0.0009702456779519,0000858877-21-000013_next,next
-0.0039589289251066,-0.0057466385065755,2,-0.006305859551828,0.0023469306267214,0000858877-21-000013_next,next
-0.0053566618762977,0.0084739969795697,3,0.0095812549270933,-0.0149379168033911,0000858877-21-000013_next,next
-0.0039959174997147,-0.001551140448935,4,-0.0016187020754433,-0.0023772154242713,0000858877-21-000013_next,next
-0.0083726132374263,-0.009110872450405,5,-0.0100643392520894,0.0016917260146631,0000858877-21-000013_next,next
0.0127462316363848,0.0029962320243361,-5,0.0011330054572251,0.0116132261791597,0000858877-22-000013_next,next
-0.0154560134075898,-0.010736500458081,-4,-0.0101665105242253,-0.0052895028833645,0000858877-22-000013_next,next
-0.0026912903829833,-0.0040950569838349,-3,-0.0047018226499637,0.0020105322669804,0000858877-22-000013_next,next
0.0123679682471737,0.018341016392734,-2,0.0137589439894597,-0.0013909757422859,0000858877-22-000013_next,next
0.0077742601206418,0.006610721877456,-1,0.004107066585439,0.0036671935352027,0000858877-22-000013_next,next
0.0088164894029469,0.0152714498163328,0,0.0112332546096819,-0.0024167652067349,0000858877-22-000013_next,next
0.0137645872752683,0.0105842727693497,1,0.0073765689851651,0.0063880182901031,0000858877-22-000013_next,next
-0.0493535887829544,-0.0432366134006168,2,-0.0369081328534535,-0.0124454559295008,0000858877-22-000013_next,next
-0.0034006726520258,0.0033870120853238,3,0.0014545456568915,-0.0048552183089173,0000858877-22-000013_next,next
-0.0152409269884148,-0.0113177391843534,4,-0.010644763216103,-0.0045961637723117,0000858877-22-000013_next,next
0.0002308942176463,-0.0071821340894484,5,-0.0072419199784096,0.0074728141960559,0000858877-22-000013_next,next
0.0095054006802135,-0.0015969365120942,-5,-0.0014037649199693,0.0109091656001829,0000858877-23-000023_next,next
0.0085439576480383,0.001799129260001,-4,0.0012948245837839,0.0072491330642544,0000858877-23-000023_next,next
-0.0100277177105233,-0.004194177587506,-3,-0.0034675905273571,-0.0065601271831662,0000858877-23-000023_next,next
-0.0017462629525739,-0.0069715993514528,-2,-0.0056745917230549,0.003928328770481,0000858877-23-000023_next,next
-0.0064730606732327,-0.003211265936186,-1,-0.002686547036632,-0.0037865136366006,0000858877-23-000023_next,next
-0.0021130469580207,0.0014266227216406,0,0.0009988225914907,-0.0031118695495115,0000858877-23-000023_next,next
0.0029998523133936,0.0067234531062752,1,0.0052078019924749,-0.0022079496790813,0000858877-23-000023_next,next
-0.0079170099596243,-0.0056958856048289,2,-0.0046608811657623,-0.0032561287938619,0000858877-23-000023_next,next
-0.0019508398320445,0.0012416323054647,3,0.0008518250864691,-0.0028026649185137,0000858877-23-000023_next,next
0.0015992015583814,0.0084299188671679,4,0.0065637976945306,-0.0049645961361491,0000858877-23-000023_next,next
-0.0058540837291748,-0.0121596129386778,5,-0.0097971028731194,0.0039430191439445,0000858877-23-000023_next,next
0.0108325525003827,-3.937906806072977e-05,-5,-0.0007951937999593,0.0116277463003421,0000858877-24-000017_next,next
0.0029767299032228,0.0100930517744244,-4,0.0044707947443777,-0.0014940648411549,0000858877-24-000017_next,next
-0.0094974232067485,-0.0211510743977116,-3,-0.0117672840600109,0.0022698608532624,0000858877-24-000017_next,next
-0.0071912469894622,-0.0016025435809103,-2,-0.0016075957344552,-0.005583651255007,0000858877-24-000017_next,next
-0.0114688561843556,-0.0030180176155847,-1,-0.0023432405335441,-0.0091256156508115,0000858877-24-000017_next,next
-0.0128232270239557,-0.0172602498592846,0,-0.0097451594814278,-0.0030780675425279,0000858877-24-000017_next,next
0.0041237781776042,0.0115800702824842,1,0.0052436223659418,-0.0011198441883375,0000858877-24-000017_next,next
0.001848017502813,0.0044726726528396,2,0.0015497926147606,0.0002982248880523,0000858877-24-000017_next,next
0.0065587451315312,0.0106650258888965,3,0.0047680589627366,0.0017906861687945,0000858877-24-000017_next,next
0.0101813495096232,0.0074953023589392,4,0.0031207022665051,0.007060647243118,0000858877-24-000017_next,next
0.0038296723159414,0.0054077114053645,5,0.0020357474103918,0.0017939249055495,0000858877-24-000017_next,next
0.0007312545980964,0.0023909843081744,-5,0.0025776571813183,-0.0018464025832219,0000858877-25-000111_next,next
0.0144650068401195,0.0031567194195349,-4,0.0032975050577329,0.0111675017823865,0000858877-25-000111_next,next
-0.0048970828590771,-0.0063981842935716,-3,-0.0056848140826351,0.0007877312235579,0000858877-25-000111_next,next
-0.0186710970569952,-0.0069222799368615,-2,-0.0061775029123142,-0.0124935941446809,0000858877-25-000111_next,next
-0.001917554021155,0.0051000736279842,-1,0.005124402348087,-0.0070419563692421,0000858877-25-000111_next,next
0.0047288119774782,0.0083464864096993,0,0.0081762714764735,-0.0034474594989953,0000858877-25-000111_next,next
-0.0160317478316136,-0.0031651529783888,1,-0.0026455245266408,-0.0133862233049728,0000858877-25-000111_next,next
-0.0002989233521181,0.0021059789159529,2,0.0023097309450605,-0.0026086542971786,0000858877-25-000111_next,next
0.0068779915100409,0.0026881536531127,3,0.0028570184365561,0.0040209730734848,0000858877-25-000111_next,next
0.0117314783644852,0.0029834699435626,4,0.0031346376829471,0.0085968406815381,0000858877-25-000111_next,next
-0.006458272634387,0.0084858903879598,5,0.0083073215696791,-0.0147655942040661,0000858877-25-000111_next,next
-0.0167889943678959,-0.0008641180363413,-5,0.0002968902960113,-0.0170858846639073,0000093410-17-000013_next,next
-0.0031624717680621,0.0016785565287558,-4,0.0026178287289545,-0.0057803004970167,0000093410-17-000013_next,next
0.0125987200794743,0.0060480661608284,-3,0.0066062914985914,0.0059924285808829,0000093410-17-000013_next,next
-0.0119945224262045,-0.001082200145408,-2,9.782622567451996e-05,-0.012092348651879,0000093410-17-000013_next,next
0.0057982083357448,0.0004189867216857,-1,0.001468100795096,0.0043301075406488,0000093410-17-000013_next,next
-0.0081065365340793,0.0014933641914423,0,0.0024487862494105,-0.0105553227834898,0000093410-17-000013_next,next
0.0148023490826292,0.0010179830611165,1,0.002014861141253,0.0127874879413761,0000093410-17-000013_next,next
0.0067109914752105,-0.0025783763780462,2,-0.0012678746659979,0.0079788661412085,0000093410-17-000013_next,next
0.012266573106626,0.0136738546598662,3,0.0135670665233876,-0.0013004934167615,0000093410-17-000013_next,next
-0.0045660856298828,-0.0058598805035984,4,-0.0042632123892761,-0.0003028732406066,0000093410-17-000013_next,next
0.0016758329452273,0.00050387727206,5,0.001545588391685,0.0001302445535422,0000093410-17-000013_next,next
0.0001777083711074,0.0120691127622993,-5,0.0064120994408072,-0.0062343910696997,0000093410-18-000010_next,next
-0.0034656234384445,0.0003734693722488,-4,0.0016076592162226,-0.0050732826546672,0000093410-18-000010_next,next
-0.0103443200228467,-0.0058413894593534,-3,-0.0009453356695537,-0.009398984353293,0000093410-18-000010_next,next
-0.0173001394028072,-0.0054965031281792,-2,-0.0008036602005657,-0.0164964792022415,0000093410-18-000010_next,next
0.0076104555392193,0.0009735510790762,-1,0.001854166107222,0.0057562894319972,0000093410-18-000010_next,next
0.0245696964628063,0.0160283763505131,0,0.0080385208875425,0.0165311755752638,0000093410-18-000010_next,next
0.017852604500455,0.0117570153438109,1,0.006283893292469,0.0115687112079859,0000093410-18-000010_next,next
-0.0086387693605726,-0.0127068884438292,2,-0.0037656062936495,-0.004873163066923,0000093410-18-000010_next,next
-0.0148756462698514,-0.011095788639207,3,-0.0031037844127146,-0.0117718618571368,0000093410-18-000010_next,next
0.0010724592006885,-0.0133243995419872,4,-0.0040192729847562,0.0050917321854447,0000093410-18-000010_next,next
-0.0035702510922587,0.005071602744632,5,0.0035376001525154,-0.0071078512447742,0000093410-18-000010_next,next
0.0100712547979207,0.0108787526085869,-5,0.0099333219134151,0.0001379328845055,0000093410-19-000008_next,next
-0.0003353987502746,0.0014987433214488,-4,0.0016619715010673,-0.0019973702513419,0000093410-19-000008_next,next
0.0081305950444336,0.0017771107537685,-3,0.00190743763075,0.0062231574136836,0000093410-19-000008_next,next
-0.0094782373728408,-0.0035264367908802,-2,-0.0027692635139373,-0.0067089738589034,0000093410-19-000008_next,next
0.0020984527710752,0.0064111023949868,-1,0.005993720223771,-0.0038952674526958,0000093410-19-000008_next,next
0.0019266364027441,0.0012318625699112,0,0.0014266343977975,0.0005000020049465,0000093410-19-000008_next,next
0.0026752794888942,-0.0007904570968998,1,-0.0003566596372001,0.0030319391260944,0000093410-19-000008_next,next
0.0011668441935503,-0.0005440493877303,2,-0.0001393757897695,0.0013062199833199,0000093410-19-000008_next,next
-0.004163699975475,-0.0028255083152146,3,-0.0021511804333403,-0.0020125195421346,0000093410-19-000008_next,next
0.0204884047299247,0.0068953205934343,4,0.0064207068367679,0.0140676978931567,0000093410-19-000008_next,next
0.0007374896089071,-0.003880558492514,5,-0.0030815302285179,0.0038190198374251,0000093410-19-000008_next,next
-0.0026273978160242,0.0018435333204338,-5,0.0002765869393859,-0.0029039847554102,0000093410-20-000010_next,next
0.0014534079808139,-0.0029199426368901,-4,-0.0042245124413234,0.0056779204221373,0000093410-20-000010_next,next
0.0045355724850757,0.0047057858811645,-3,0.0029811840327606,0.001554388452315,0000093410-20-000010_next,next
-0.0083981515888179,-0.0038155197636281,-2,-0.0050707603675547,-0.0033273912212632,0000093410-20-000010_next,next
-0.0072853705570841,-0.0105181030271228,-1,-0.0114041592650727,0.0041187887079886,0000093410-20-000010_next,next
-0.0394456199820808,-0.0335136266712231,0,-0.0331330686079247,-0.0063125513741561,0000093410-20-000010_next,next
-0.0382011442609323,-0.0302799955650561,1,-0.0300775488362687,-0.0081235954246635,0000093410-20-000010_next,next
-0.0265115473874369,-0.003778540605322,2,-0.0050358180548313,-0.0214757293326056,0000093410-20-000010_next,next
-0.0398820173605388,-0.0441632425840791,3,-0.0431960940161767,0.0033140766556378,0000093410-20-000010_next,next
-0.0083926253122534,-0.0082383404443618,4,-0.0092499680733123,0.0008573427610588,0000093410-20-000010_next,next
0.0348190589561445,0.04603922900611,5,0.0420379436173719,-0.0072188846612273,0000093410-20-000010_next,next
0.0084211732297962,-0.0018548966445751,-5,-0.0015675277142469,0.0099887009440432,0000093410-21-000009_next,next
0.0270352593188936,-0.0077328394581538,-4,-0.007963242853892,0.0349985021727856,0000093410-21-000009_next,next
0.0126028115788781,0.0012563181187927,-3,0.0018177456706509,0.0107850659082271,0000093410-21-000009_next,next
0.0369369908161025,0.011351613765979,-2,0.0128023090217517,0.0241346817943508,0000093410-21-000009_next,next
-0.0092926084339005,-0.0244788075251262,-1,-0.0261843186436276,0.016891710209727,0000093410-21-000009_next,next
-0.0229601939328878,-0.0047502141699028,0,-0.0047178860484655,-0.0182423078844222,0000093410-21-000009_next,next
0.0204997701259797,0.0237907635068002,1,0.0263371903305485,-0.0058374202045688,0000093410-21-000009_next,next
0.0038218129276976,-0.0080808516908706,2,-0.0083419105572298,0.0121637234849275,0000093410-21-000009_next,next
0.011226003996323,-0.0130662218719981,3,-0.0137664287186713,0.0249924327149943,0000093410-21-000009_next,next
0.0087846223361165,-0.0134172139301002,4,-0.0141483387322755,0.022932961068392,0000093410-21-000009_next,next
0.0430620507543633,0.0194959681977822,5,0.0216640779422979,0.0213979728120654,0000093410-21-000009_next,next
-0.0051377764702549,-0.021173138152195,-5,-0.0102883023496387,0.0051505258793838,0000093410-22-000019_next,next
-0.0014219019177109,-0.0071661613961429,-4,-0.0010242210201194,-0.0003976808975915,0000093410-22-000019_next,next
-0.007645043467359,-0.0101429452648328,-3,-0.0029930375849095,-0.0046520058824495,0000093410-22-000019_next,next
0.0237916577200909,-0.0184121228454876,-2,-0.0084621930614704,0.0322538507815613,0000093410-22-000019_next,next
-0.0051642082440011,0.0149568560673292,-1,0.0136077325131386,-0.0187719407571397,0000093410-22-000019_next,next
0.0410085575907455,0.0223726776556034,0,0.0185124864450885,0.0224960711456569,0000093410-22-000019_next,next
0.0257870502626775,-0.0024426034406476,1,0.0020998953275069,0.0236871549351705,0000093410-22-000019_next,next
0.0397221156930782,-0.0154735036804118,2,-0.0065186182690025,0.0462407339620808,0000093410-22-000019_next,next
0.0295218473537075,0.018642691757321,3,0.0160455092149936,0.0134763381387138,0000093410-22-000019_next,next
0.0134941472266514,-0.0052546664300883,4,0.0002400235870435,0.0132541236396078,0000093410-22-000019_next,next
0.0155549665409886,-0.0079340425503344,5,-0.0015320903189502,0.0170870568599389,0000093410-22-000019_next,next
-0.0144369792023186,-0.0137887414891306,-5,-0.0089050397598199,-0.0055319394424987,0000093410-23-000009_next,next
-0.0223330366337989,-0.0027674058253277,-4,-0.0004422302102898,-0.021890806423509,0000093410-23-000009_next,next
-0.0113603026179637,-0.0200412342553273,-3,-0.0137060599904185,0.0023457573724548,0000093410-23-000009_next,next
-0.0040369439412047,-0.0015735561458868,-2,0.0004744756025144,-0.0045114195437192,0000093410-23-000009_next,next
0.0098532510207229,0.0053294294160743,-1,0.0057749812686195,0.0040782697521034,0000093410-23-000009_next,next
0.0029641954981518,-0.0105375514855581,0,-0.0064085908130797,0.0093727863112316,0000093410-23-000009_next,next
0.0025246670832819,0.0030730045671669,1,0.0040423696921618,-0.0015177026088799,0000093410-23-000009_next,next
-0.0125906794398197,-0.0030360018281855,2,-0.0006484735266436,-0.0119422059131761,0000093410-23-000009_next,next
0.0079615907736418,-0.00472526484568,3,-0.0019455859304579,0.0099071767040998,0000093410-23-000009_next,next
0.0031472276558155,0.0075821940867943,4,0.0075047823516975,-0.004357554695882,0000093410-23-000009_next,next
0.0147637557158062,0.0161477371607488,5,0.0140818944127379,0.0006818613030683,0000093410-23-000009_next,next
-0.0040744909596787,-0.0060053220011653,-5,-0.002907610545428,-0.0011668804142506,0000093410-24-000013_next,next
0.0093505638939621,0.0012641999229821,-4,-0.0006382354468982,0.0099887993408603,0000093410-24-000013_next,next
-6.416799333175405e-05,0.021122884217414,-3,0.0055611823549312,-0.0056253503482629,0000093410-24-000013_next,next
-0.0049541087692225,0.0003479475462115,-2,-0.0009242680566775,-0.004029840712545,0000093410-24-000013_next,next
-0.0013578275897295,-0.0037867513501905,-1,-0.00221502456217,0.0008571969724404,0000093410-24-000013_next,next
-0.0148268145521606,0.0017063496993998,0,-0.0005002066049891,-0.0143266079471715,0000093410-24-000013_next,next
0.0011828154323803,-0.0016581550604305,1,-0.0015505264747843,0.0027333419071646,0000093410-24-000013_next,next
-0.0021660812748465,0.0052290946971491,2,0.0005995121742895,-0.002765593449136,0000093410-24-000013_next,next
0.0052629743742622,0.0080078289488876,3,0.0014669681613717,0.0037960062128905,0000093410-24-000013_next,next
-0.0257183119256945,-0.0011932620709189,4,-0.0014053977324974,-0.024312914193197,0000093410-24-000013_next,next
0.0047689563655335,-0.0101931008834446,5,-0.004214937383803,0.0089838937493366,0000093410-24-000013_next,next
0.0075891209228782,-7.194380749464546e-05,-5,0.0005099977066482,0.0070791232162299,0000093410-25-000009_next,next
0.0052785684124556,0.0024449877750611,-4,0.0012861830150249,0.0039923853974306,0000093410-25-000009_next,next
0.006851905845153,0.0023769693899173,-3,0.0012652071285074,0.0055866987166456,0000093410-25-000009_next,next
0.0099217938783378,-0.0043341850761716,-2,-0.0008044158739325,0.0107262097522703,0000093410-25-000009_next,next
-0.0117764663057046,-0.0170641267025635,-1,-0.0047301458124733,-0.0070463204932312,0000093410-25-000009_next,next
0.0061814206302714,-0.0049691065044024,0,-0.0010002164622289,0.0071816370925004,0000093410-25-000009_next,next
-0.009310263115014,-0.0046797309154723,1,-0.000910977214612,-0.0083992859004019,0000093410-25-000009_next,next
-0.0081830090074739,0.0001360242800469,2,0.0005741320578876,-0.0087571410653615,0000093410-25-000009_next,next
0.0098621038101542,-0.0158645536555098,3,-0.0043602148290883,0.0142223186392426,0000093410-25-000009_next,next
0.0124462854990221,0.0158541446349889,4,0.0054213731109853,0.0070249123880368,0000093410-25-000009_next,next
-0.0348630747966119,-0.0175967394669998,5,-0.0048943958881109,-0.029968678908501,0000093410-25-000009_next,next
0.0183883087040344,0.0055660701474107,-5,0.0014651541477848,0.0169231545562495,0000093410-26-000078_next,next
0.0049490472171749,-0.0028221256867719,-4,-2.659045649935503e-05,0.0049756376736742,0000093410-26-000078_next,next
-0.0046000282111302,0.0069397247635067,-3,0.0017094428961902,-0.0063094711073205,0000093410-26-000078_next,next
0.0053281348015064,-0.0103856522472848,-2,-0.0013716770709566,0.006699811872463,0000093410-26-000078_next,next
0.0023254458189521,0.0076516140863223,-1,0.001836044262819,0.000489401556133,0000093410-26-000078_next,next
-0.0060429596984329,0.0081363556573399,0,0.0019222500020903,-0.0079652097005232,0000093410-26-000078_next,next
-0.000325633421085,-0.0053655805693283,1,-0.0004789147908731,0.0001532813697881,0000093410-26-000078_next,next
0.0141181332816018,-0.0043393528110311,2,-0.0002964119319189,0.0144145452135207,0000093410-26-000078_next,next
0.0152066547089588,0.0003983547353176,3,0.0005461351197536,0.0146605195892052,0000093410-26-000078_next,next
-0.0043775672657523,-0.0094440310956254,4,-0.0012042205284491,-0.0031733467373031,0000093410-26-000078_next,next
-0.0145150671581052,0.0077560492642863,5,0.0018546168636863,-0.0163696840217916,0000093410-26-000078_next,next
0.0025223176618207,0.0046763696083751,-5,0.0026115492331843,-8.923157136355841e-05,0001001039-16-000516_next,next
-0.0113719948938932,-0.0023867984216902,-4,-0.0020621083111629,-0.0093098865827303,0001001039-16-000516_next,next
-0.0062090870555897,0.0074614006258433,-3,0.0044543881930711,-0.0106634752486608,0001001039-16-000516_next,next
0.000819310764573,0.0021654322729041,-2,0.0009500764816718,-0.0001307657170987,0001001039-16-000516_next,next
0.0056291248737929,0.0008080244329033,-1,5.188754362435975e-05,0.0055772373301686,0001001039-16-000516_next,next
0.0056990774519356,0.0039143868916706,0,0.0021073496647429,0.0035917277871927,0001001039-16-000516_next,next
0.0015179179679085,-0.0052545356315027,1,-0.0039596734814654,0.005477591449374,0001001039-16-000516_next,next
0.0070727416861717,0.0013352930642269,2,0.0004007781556264,0.0066719635305453,0001001039-16-000516_next,next
-0.0055180962318764,-0.0026534040390964,3,-0.0022385197103895,-0.0032795765214869,0001001039-16-000516_next,next
-0.0018159885182879,-0.0035155289737457,4,-0.0028089828068134,0.0009929942885255,0001001039-16-000516_next,next
-0.0044472985207807,0.0003970065063159,5,-0.0002200806476009,-0.0042272178731797,0001001039-16-000516_next,next
-0.0008681923263502,0.0081960580632411,-5,0.0046044765422126,-0.0054726688685629,0001001039-17-000198_next,next
-0.0015442168472845,-0.0026259630899742,-4,-0.0027763615813067,0.0012321447340221,0001001039-17-000198_next,next
-0.0066704936220475,0.0012756828808564,-3,-0.0001153598221828,-0.0065551337998647,0001001039-17-000198_next,next
0.002433046567241,0.0065411392958598,-2,0.0034757883464788,-0.0010427417792377,0001001039-17-000198_next,next
-0.0025243060573605,-0.0007502611166068,-1,-0.0014970947569874,-0.0010272113003731,0001001039-17-000198_next,next
-0.0009733134288355,0.0020560951489239,0,0.0004168971877291,-0.0013902106165647,0001001039-17-000198_next,next
0.0014613925362336,-0.0003842577408796,1,-0.0012474730245348,0.0027088655607685,0001001039-17-000198_next,next
0.0060316872870125,0.0098485127187901,2,0.005731484163653,0.0003002031233594,0001001039-17-000198_next,next
0.0176965491642366,-0.0003692257021979,3,-0.0012372208689897,0.0189337700332263,0001001039-17-000198_next,next
-0.0039907296584664,0.0081909504338029,4,0.0046009930352461,-0.0085917226937126,0001001039-17-000198_next,next
0.0041021193258634,-0.0020245308031139,5,-0.002366172552037,0.0064682918779005,0001001039-17-000198_next,next
-8.546346039550734e-05,0.0105937533662663,-5,0.0120165837730871,-0.0121020472334826,0001001039-18-000187_next,next
-0.0078557708599388,0.0022233054237545,-4,0.0037534925883359,-0.0116092634482748,0001001039-18-000187_next,next
-0.0066272105957997,-0.0166431085884942,-3,-0.0148709466750303,0.0082437360792306,0001001039-18-000187_next,next
-0.0307570497467178,-0.0181512408324661,-2,-0.0163597360846522,-0.0143973136620656,0001001039-18-000187_next,next
0.0103691783375976,0.0030432907461763,-1,0.004562961034453,0.0058062173031445,0001001039-18-000187_next,next
-0.0084049332272461,-0.0065548423901612,0,-0.0049120694362747,-0.0034928637909713,0001001039-18-000187_next,next
0.0041933983607409,0.0155323683669224,1,0.0168918576362151,-0.0126984592754742,0001001039-18-000187_next,next
0.0119946303195528,0.0032616921440038,2,0.004778561283988,0.0072160690355647,0001001039-18-000187_next,next
0.0193151793574517,0.0229739796442216,3,0.0242380251254719,-0.0049228457680202,0001001039-18-000187_next,next
0.0043929198899663,-0.0021831080910337,4,-0.0005964056393913,0.0049893255293577,0001001039-18-000187_next,next
-0.0096047529185177,0.0081707475520171,5,0.0096246546766002,-0.0192294075951179,0001001039-18-000187_next,next
-0.0105565716159334,0.0008370427393644,-5,-0.0001236463275477,-0.0104329252883856,0001744489-19-000225_next,next
-0.0168534526537224,0.0076954880069026,-4,0.0058036182767416,-0.022657070930464,0001744489-19-000225_next,next
0.0205984543498727,0.0005031528617669,-3,-0.0004122035115762,0.021010657861449,0001744489-19-000225_next,next
0.0049441362676827,-0.000592594446206,-2,-0.001359179681895,0.0063033159495777,0001744489-19-000225_next,next
-0.0097722966428249,-0.0037561842457471,-1,-0.0040932444895656,-0.0056790521532593,0001744489-19-000225_next,next
-0.0002040834138694,-0.0015827522106851,0,-0.0022149023480563,0.0020108189341868,0001744489-19-000225_next,next
0.0094622856296056,0.0021749356911917,1,0.0010325990354104,0.0084296865941951,0001744489-19-000225_next,next
0.0094410651153664,0.0075072913530158,2,0.0056409733445864,0.00380009177078,0001744489-19-000225_next,next
0.0130267520873676,0.0021955703874654,3,0.0010504321302406,0.011976319957127,0001744489-19-000225_next,next
-0.0010551244584343,0.0041744243627546,4,0.0027606143460708,-0.0038157388045052,0001744489-19-000225_next,next
0.000660123197216,-0.0040112197099262,5,-0.0043136534336774,0.0049737766308935,0001744489-19-000225_next,next
-0.0151492996569947,0.0039464424674215,-5,0.0032043137627118,-0.0183536134197065,0001744489-20-000197_next,next
-0.0045865263487065,-0.0067925629151801,-4,-0.007087199962215,0.0025006736135085,0001744489-20-000197_next,next
0.0348054445841425,0.0056359306172162,-3,0.0048234013655434,0.0299820432185991,0001744489-20-000197_next,next
0.0377449476366245,0.0161616682734162,-2,0.0149105341766751,0.0228344134599493,0001744489-20-000197_next,next
-0.0158426182939704,-0.0015844182375249,-1,-0.0020960773654865,-0.0137465409284839,0001744489-20-000197_next,next
-0.0131464276922725,0.0023969791981541,0,0.0017194162387967,-0.0148658439310693,0001744489-20-000197_next,next
0.0059809616838726,-0.0045955486401709,1,-0.0049817347203642,0.0109626964042368,0001744489-20-000197_next,next
0.0096616112758387,0.0112711871947761,2,0.0102238382165576,-0.0005622269407189,0001744489-20-000197_next,next
0.0279041548774481,0.0017911667548251,3,0.0011388478478587,0.0267653070295894,0001744489-20-000197_next,next
-0.0024086688308827,-0.0006241572130915,4,-0.0011758301768148,-0.0012328386540679,0001744489-20-000197_next,next
0.0058730205026811,0.0088362751296118,5,0.0078903883257301,-0.0020173678230489,0001744489-20-000197_next,next
-0.0111229914000778,0.0033847802152713,-5,0.002743393896833,-0.0138663852969109,0001744489-21-000220_next,next
-0.0101557240696334,-0.0013986655593032,-4,-0.003055588795159,-0.0071001352744744,0001744489-21-000220_next,next
0.0010390013323988,-0.0031971365563219,-3,-0.0052358794632786,0.0062748807956775,0001744489-21-000220_next,next
-0.0203034548939439,0.0016571329129451,-2,0.0006489629622736,-0.0209524178562175,0001744489-21-000220_next,next
0.0020524887768034,0.0022938506357221,-1,0.0014208573723021,0.0006316314045012,0001744489-21-000220_next,next
-0.0213427376052363,-0.0227248226375824,0,-0.0289093397545594,0.0075666021493231,0001744489-21-000220_next,next
-0.0020254805495638,0.0132001995370349,1,0.0146426500907877,-0.0166681306403515,0001744489-21-000220_next,next
-0.0196873138716006,-0.0189613103345052,2,-0.0243468248364122,0.0046595109648116,0001744489-21-000220_next,next
-0.0189787614690956,-0.0118151874178892,3,-0.0156835630244833,-0.0032951984446122,0001744489-21-000220_next,next
0.035525797479605,0.0141944361315831,4,0.0158479654795761,0.0196778320000288,0001744489-21-000220_next,next
-0.0066573458692605,-0.0084485637302975,5,-0.011602197119059,0.0049448512497984,0001744489-21-000220_next,next
-0.0140398299453579,0.013579987927526,-5,0.0165909680056286,-0.0306307979509865,0001744489-22-000213_next,next
0.0277518325593932,0.0059146891478476,-4,0.0076321451153666,0.0201196874440266,0001744489-22-000213_next,next
-0.0001013056975422,-0.0002830441976333,-3,0.0003885402724038,-0.0004898459699461,0001744489-22-000213_next,next
-0.032163321011466,-0.0154441929131232,-2,-0.0173310620626139,-0.014832258948852,0001744489-22-000213_next,next
-0.0104503643055777,-0.0015918653377758,-1,-0.0011411452788826,-0.0093092190266951,0001744489-22-000213_next,next
0.0335831342147818,0.030947872397389,0,0.0368896941761646,-0.0033065599613827,0001744489-22-000213_next,next
0.0073566609302844,-0.0008676332180498,1,-0.0002946985220692,0.0076513594523536,0001744489-22-000213_next,next
0.0085203444054231,-0.0011946604880656,2,-0.0006769118547215,0.0091972562601447,0001744489-22-000213_next,next
-0.0352007146665475,-0.0178942122835648,3,-0.0201945237812474,-0.0150061908853001,0001744489-22-000213_next,next
-0.0379443645177566,-0.014399194981406,4,-0.0161097200562508,-0.0218346444615057,0001744489-22-000213_next,next
-0.0015169947406529,-0.0018623708845491,5,-0.0014572988110579,-5.9695929594929696e-05,0001744489-22-000213_next,next
0.0314045730687844,0.0015970120755575,-5,0.0006424081491816,0.0307621649196027,0001744489-23-000216_next,next
0.00617473528232,0.0011904273935798,-4,0.0002787815021276,0.0058959537801924,0001744489-23-000216_next,next
-0.0038091431925614,0.001282049060336,-3,0.0003607228072401,-0.0041698659998016,0001744489-23-000216_next,next
0.0093468145167188,0.0073902780973298,-2,0.0058235819424063,0.0035232325743124,0001744489-23-000216_next,next
-0.006103426958021,-0.0020209310950652,-1,-0.0025932782961773,-0.0035101486618437,0001744489-23-000216_next,next
0.0065643868019433,0.0040611292209464,0,0.0028461769954841,0.0037182098064591,0001744489-23-000216_next,next
0.0104135653959143,0.000596873667884,1,-0.0002520598224185,0.0106656252183328,0001744489-23-000216_next,next
-0.0092651640725763,-0.00195415746009,2,-0.0025335596838588,-0.0067316043887175,0001744489-23-000216_next,next
-0.0280550996531466,0.0009801185306033,3,9.069299294436308e-05,-0.028145792646091,0001744489-23-000216_next,next
0.0,-0.0009462486392383,4,-0.0016321422883981,0.0016321422883981,0001744489-23-000216_next,next
0.0020540803473272,0.0037840728581564,5,0.0025983932478124,-0.0005443129004852,0001744489-23-000216_next,next
0.0009096830780008,0.0037568333092317,-5,0.001729713947882,-0.0008200308698812,0001744489-24-000276_next,next
0.018582236199667,0.0009690634297987,-4,-0.0003599227655727,0.0189421589652397,0001744489-24-000276_next,next
0.001288834259862,-0.0028926596513724,-3,-0.0032545656796615,0.0045433999395236,0001744489-24-000276_next,next
0.0171303319497551,0.0002322277248243,-2,-0.000912234831306,0.0180425667810611,0001744489-24-000276_next,next
0.0623053918453508,-0.006049734794859,-1,-0.0056210236056318,0.0679264154509827,0001744489-24-000276_next,next
0.0546187379048113,-0.0132034898513612,0,-0.010983284427594,0.0656020223324053,0001744489-24-000276_next,next
-0.0133820053679718,0.003917814394541,1,0.0018503810045555,-0.0152323863725274,0001744489-24-000276_next,next
-0.0098643538743348,0.00396358482847,2,0.0018846892807997,-0.0117490431551345,0001744489-24-000276_next,next
0.0163671708759418,2.195086225209586e-05,3,-0.0010698526659999,0.0174370235419418,0001744489-24-000276_next,next
0.0040259001237308,0.0053404615405816,4,0.0029167587312791,0.0011091413924516,0001744489-24-000276_next,next
0.0081066934750573,0.0034679590949915,5,0.0015131816694827,0.0065935118055745,0001744489-24-000276_next,next
0.0022626982829383,0.001261841800771,-5,6.866221011514028e-05,0.0021940360728232,0001744489-25-000155_next,next
0.0135451907656942,0.0154010186217099,-4,0.012536572062689,0.0010086187030052,0001744489-25-000155_next,next
0.0232537436034363,0.0020753505173405,-3,0.0007860132603863,0.0224677303430499,0001744489-25-000155_next,next
0.0156726802680358,0.0006295171887717,-2,-0.0004889209052112,0.0161616011732471,0001744489-25-000155_next,next
-0.0774968260896163,-0.0165568549615969,-1,-0.0156438440932611,-0.0618529819963552,0001744489-25-000155_next,next
-0.0168199931886845,-0.0005017255648851,0,-0.0014864494638106,-0.0153335437248739,0001744489-25-000155_next,next
-0.0010396883393012,-0.0091622661768078,1,-0.0091233042108351,0.0080836158715339,0001744489-25-000155_next,next
0.0055823140503492,-0.0082564366909679,2,-0.0083245448124429,0.0139068588627922,0001744489-25-000155_next,next
-0.0151486760693316,0.0037538357962292,3,0.0022660996480935,-0.0174147757174252,0001744489-25-000155_next,next
-0.0188210389290983,-0.0155672835632704,4,-0.0147712411727891,-0.0040497977563091,0001744489-25-000155_next,next
0.0153846304573901,0.0098230354153194,5,0.0076179128891608,0.0077667175682292,0001744489-25-000155_next,next
-0.0068445410614994,0.0016785565287558,-5,0.0008424574210049,-0.0076869984825044,0001326160-17-000016_next,next
0.0093165374576398,0.0060480661608284,-4,0.0046678478797954,0.0046486895778443,0001326160-17-000016_next,next
0.0098618165098953,-0.001082200145408,-3,-0.0015745122459961,0.0114363287558914,0001326160-17-000016_next,next
0.0130214287126046,0.0004189867216857,-2,-0.0002602627301944,0.0132816914427991,0001326160-17-000016_next,next
0.0129775487914682,0.0014933641914423,-1,0.000680326413214,0.0122972223782542,0001326160-17-000016_next,next
-0.0012204578209189,0.0010179830611165,0,0.0002641427694273,-0.0014846005903462,0001326160-17-000016_next,next
0.0084288437717248,-0.0025783763780462,1,-0.0028843750834624,0.0113132188551872,0001326160-17-000016_next,next
-0.0075101975938073,0.0136738546598662,2,0.0113440246184507,-0.018854222212258,0001326160-17-000016_next,next
0.0052484082595452,-0.0058598805035984,3,-0.0057572454120294,0.0110056536715746,0001326160-17-000016_next,next
-0.0054639939518841,0.00050387727206,4,-0.0001859432919079,-0.0052780506599762,0001326160-17-000016_next,next
-0.000488166890612,-0.0032772408480052,5,-0.0034962124978363,0.0030080456072242,0001326160-17-000016_next,next
-0.0207576872483189,0.0134024582572458,-5,-0.0016697721153524,-0.0190879151329664,0001326160-18-000034_next,next
0.0215846429469335,0.0120691127622993,-4,-0.0016075778955841,0.0231922208425176,0001326160-18-000034_next,next
0.0065615264838638,0.0003734693722488,-3,-0.0010620318101244,0.0076235582939883,0001326160-18-000034_next,next
-0.0131681857014017,-0.0058413894593534,-2,-0.000772138232303,-0.0123960474690987,0001326160-18-000034_next,next
-0.0047562200622839,-0.0054965031281792,-1,-0.0007882255377744,-0.0039679945245094,0001326160-18-000034_next,next
0.0027879640810564,0.0009735510790762,0,-0.0010900227649781,0.0038779868460345,0001326160-18-000034_next,next
0.0222397857486544,0.0160283763505131,1,-0.0017922586933665,0.024032044442021,0001326160-18-000034_next,next
0.0090648527094325,0.0117570153438109,2,-0.0015930200367934,0.010657872746226,0001326160-18-000034_next,next
-0.0204054186565245,-0.0127068884438292,3,-0.0004518953888102,-0.0199535232677143,0001326160-18-000034_next,next
-0.0129700936667283,-0.011095788639207,4,-0.0005270455248381,-0.0124430481418901,0001326160-18-000034_next,next
0.002919990618996,-0.0133243995419872,5,-0.0004230914358259,0.0033430820548219,0001326160-18-000034_next,next
0.0035721046072645,0.0064111023949868,-5,0.0017572464762672,0.0018148581309972,0001326160-19-000057_next,next
-0.0047826557057623,0.0012318625699112,-4,0.000976795108468,-0.0057594508142303,0001326160-19-000057_next,next
-0.0067055700629394,-0.0007904570968998,-3,0.0006720549915018,-0.0073776250544412,0001326160-19-000057_next,next
0.0045005973539022,-0.0005440493877303,-2,0.0007091857751983,0.0037914115787038,0001326160-19-000057_next,next
0.0042559914160396,-0.0028255083152146,-1,0.0003653963773967,0.0038905950386428,0001326160-19-000057_next,next
-0.0014493656291854,0.0068953205934343,0,0.0018302125423416,-0.003279578171527,0001326160-19-000057_next,next
0.0039087281590211,-0.003880558492514,1,0.0002064125531715,0.0037023156058495,0001326160-19-000057_next,next
-0.0038935094888447,-0.0011315328231061,2,0.0006206588356891,-0.0045141683245338,0001326160-19-000057_next,next
0.0004467117896023,-0.0065240986535923,3,-0.0001919382867638,0.0006386500763661,0001326160-19-000057_next,next
0.0001111696502729,-0.0081257175586835,4,-0.0004332836786338,0.0005444533289067,0001326160-19-000057_next,next
0.0069214323064117,-0.0021316888487414,5,0.0004699469234041,0.0064514853830075,0001326160-19-000057_next,next
0.0323276645309935,-0.0016304457368023,-5,-0.0003967377259401,0.0327244022569337,0001326160-20-000034_next,next
0.0116868468642106,0.0018435333204338,-4,0.0006634918587456,0.011023355005465,0001326160-20-000034_next,next
0.0073069197912607,-0.0029199426368901,-3,-0.0007902814808991,0.0080972012721598,0001326160-20-000034_next,next
-0.005881081477493,0.0047057858811645,-2,0.0015370275921888,-0.0074181090696818,0001326160-20-000034_next,next
9.842478604005224e-05,-0.0038155197636281,-1,-0.0010636041893816,0.0011620289754217,0001326160-20-000034_next,next
0.0098590771478295,-0.0105181030271228,0,-0.0031091769901083,0.0129682541379379,0001326160-20-000034_next,next
-0.0012690201653493,-0.0335136266712231,1,-0.0101272200125703,0.008858199847221,0001326160-20-000034_next,next
-0.0296189045191371,-0.0302799955650561,2,-0.0091403426283854,-0.0204785618907517,0001326160-20-000034_next,next
-0.0033245126580194,-0.003778540605322,3,-0.0010523184570824,-0.0022721942009369,0001326160-20-000034_next,next
-0.0399230475326256,-0.0441632425840791,4,-0.0133773944293766,-0.026545653103249,0001326160-20-000034_next,next
-0.034635182756063,-0.0082383404443618,5,-0.0024134123650257,-0.0322217703910372,0001326160-20-000034_next,next
-0.0122865061629936,-0.0018548966445751,-5,0.0001023029278185,-0.0123888090908121,0001326160-21-000063_next,next
-0.0009044371783905,-0.0077328394581538,-4,-0.0028433091382169,0.0019388719598264,0001326160-21-000063_next,next
0.0078096327338834,0.0012563181187927,-3,0.001661425232621,0.0061482075012624,0001326160-21-000063_next,next
-0.0190926760277104,0.011351613765979,-2,0.0067204783081038,-0.0258131543358142,0001326160-21-000063_next,next
-0.0025184855501135,-0.0244788075251262,-1,-0.0112352120811253,0.0087167265310117,0001326160-21-000063_next,next
-0.0175622528414777,-0.0047502141699028,0,-0.0013486268460995,-0.0162136259953781,0001326160-21-000063_next,next
0.0169414210873513,0.0237907635068002,1,0.0129541064208408,0.0039873146665104,0001326160-21-000063_next,next
0.0022975804147731,-0.0080808516908706,2,-0.003017708424554,0.0053152888393271,0001326160-21-000063_next,next
0.0003439118738519,-0.0130662218719981,3,-0.0055160257823307,0.0058599376561827,0001326160-21-000063_next,next
-0.0092815641822112,-0.0134172139301002,4,-0.0056919183478452,-0.0035896458343659,0001326160-21-000063_next,next
0.0239417094175127,0.0194959681977822,5,0.0108018566823488,0.0131398527351639,0001326160-21-000063_next,next
0.0020806528468331,-0.021173138152195,-5,-0.0037341150542317,0.0058147679010648,0001326160-22-000072_next,next
0.0109389413394895,-0.0071661613961429,-4,-0.0013319273094354,0.012270868648925,0001326160-22-000072_next,next
-0.0036067373989107,-0.0101429452648328,-3,-0.0018424438793429,-0.0017642935195677,0001326160-22-000072_next,next
-0.0178985901604268,-0.0184121228454876,-2,-0.0032606026576253,-0.0146379875028014,0001326160-22-000072_next,next
-0.0064502942044768,0.0149568560673292,-1,0.0024621563357525,-0.0089124505402293,0001326160-22-000072_next,next
0.0327699550965521,0.0223726776556034,0,0.0037339650955729,0.0290359900009791,0001326160-22-000072_next,next
0.0018960425654768,-0.0024426034406476,1,-0.0005218400771836,0.0024178826426604,0001326160-22-000072_next,next
-0.0057763669934274,-0.0154735036804118,2,-0.0027566313104952,-0.0030197356829321,0001326160-22-000072_next,next
0.0096163718091781,0.018642691757321,3,0.0030942748491216,0.0065220969600565,0001326160-22-000072_next,next
0.018354822525743,-0.0052546664300883,4,-0.001004107119421,0.0193589296451641,0001326160-22-000072_next,next
0.0255262020952911,-0.0079340425503344,5,-0.0014636184466583,0.0269898205419494,0001326160-22-000072_next,next
-0.0181926064441887,-0.0200412342553273,-5,-0.0145577329454024,-0.0036348734987862,0001326160-23-000073_next,next
-0.0021500177642013,-0.0015735561458868,-4,-0.0016296467171144,-0.0005203710470868,0001326160-23-000073_next,next
-0.0064636823203721,0.0053294294160743,-3,0.0032027091453175,-0.0096663914656897,0001326160-23-000073_next,next
0.000826124865241,-0.0105375514855581,-2,-0.0079047888337621,0.0087309136990031,0001326160-23-000073_next,next
-0.0114526607389875,0.0030730045671669,-1,0.0016231248120052,-0.0130757855509927,0001326160-23-000073_next,next
-0.0161776945200545,-0.0030360018281855,0,-0.0026534150421255,-0.013524279477929,0001326160-23-000073_next,next
-0.0249311743874108,-0.00472526484568,1,-0.0038359642409478,-0.021095210146463,0001326160-23-000073_next,next
0.0202371999480091,0.0075821940867943,2,0.0047797312128735,0.0154574687351355,0001326160-23-000073_next,next
0.0172763569414757,0.0161477371607488,3,0.0107759413913252,0.0065004155501504,0001326160-23-000073_next,next
0.0061852829528648,0.0006871667698291,4,-4.705357143349788e-05,0.0062323365242982,0001326160-23-000073_next,next
-0.025630404673278,-0.0153269191153376,5,-0.0112575307068787,-0.0143728739663992,0001326160-23-000073_next,next
-0.0051972704748285,-0.0048034698371121,-5,-0.0023005651011741,-0.0028967053736543,0001326160-24-000037_next,next
0.0006532346336298,-0.0060053220011653,-4,-0.0029899892257123,0.0036432238593422,0001326160-24-000037_next,next
0.0114203749710668,0.0012641999229821,-3,0.0011800609171142,0.0102403140539526,0001326160-24-000037_next,next
-0.0092481820877702,0.021122884217414,-2,0.0125716916381477,-0.0218198737259179,0001326160-24-000037_next,next
0.0065126253932763,0.0003479475462115,-1,0.0006544667453812,0.0058581586478951,0001326160-24-000037_next,next
-0.022430710443431,-0.0037867513501905,0,-0.001717340080899,-0.020713370362532,0001326160-24-000037_next,next
0.0022060414941733,0.0017063496993998,1,0.0014336933784425,0.0007723481157308,0001326160-24-000037_next,next
-0.0012107301847119,-0.0016581550604305,2,-0.0004963033532087,-0.0007144268315032,0001326160-24-000037_next,next
0.0120123974485237,0.0052290946971491,3,0.0034544622039976,0.0085579352445261,0001326160-24-000037_next,next
-0.0105629048970352,0.0080078289488876,4,0.0050484406367262,-0.0156113455337615,0001326160-24-000037_next,next
0.017169247297383,-0.0011932620709189,5,-0.0002296245953013,0.0173988718926843,0001326160-24-000037_next,next
0.0211206403927275,-0.0170641267025635,-5,-0.0004215745373607,0.0215422149300883,0001326160-25-000072_next,next
0.0032020690463527,-0.0049691065044024,-4,-0.0003116232849866,0.0035136923313394,0001326160-25-000072_next,next
0.0118185486255919,-0.0046797309154723,-3,-0.0003089926809952,0.0121275413065871,0001326160-25-000072_next,next
-0.0083554336394263,0.0001360242800469,-2,-0.0002652144725921,-0.0080902191668342,0001326160-25-000072_next,next
-0.0036110623328944,-0.0158645536555098,-1,-0.000410669672658,-0.0032003926602364,0001326160-25-000072_next,next
0.013806210623884,0.0158541446349889,0,-0.0001223269875215,0.0139285376114056,0001326160-25-000072_next,next
0.0100434683796235,-0.0175967394669998,1,-0.0004264163184839,0.0104698846981075,0001326160-25-000072_next,next
-0.0190443994758012,-0.0122348266022004,2,-0.0003776731973525,-0.0186667262784487,0001326160-25-000072_next,next
-0.0101365774431962,0.0111592778931879,3,-0.0001650062447309,-0.0099715711984653,0001326160-25-000072_next,next
-0.0033846511420911,-0.0178190070857499,4,-0.0004284368693093,-0.0029562142727818,0001326160-25-000072_next,next
0.0165447501471929,0.005520617802748,5,-0.0002162651701811,0.016761015317374,0001326160-25-000072_next,next
0.0032443941532838,0.0069397247635067,-5,-0.0013287785867229,0.0045731727400067,0001326160-26-000014_next,next
0.0079666388959545,-0.0103856522472848,-4,0.0027125272052075,0.0052541116907469,0001326160-26-000014_next,next
0.0052429735880048,0.0076516140863223,-3,-0.0014948334114875,0.0067378069994924,0001326160-26-000014_next,next
0.0036586205256576,0.0081363556573399,-2,-0.0016079039044022,0.0052665244300599,0001326160-26-000014_next,next
0.0023269075737932,-0.0053655805693283,-1,0.0015415486611103,0.0007853589126829,0001326160-26-000014_next,next
0.0125358060978719,-0.0043393528110311,0,0.0013021714642468,0.0112336346336251,0001326160-26-000014_next,next
0.0059609728210821,0.0003983547353176,1,0.0001970569876264,0.0057639158334556,0001326160-26-000014_next,next
-0.00151945192159,-0.0094440310956254,2,0.0024928852885187,-0.0040123372101088,0001326160-26-000014_next,next
0.0034240284459565,0.0077560492642863,3,-0.0015191938908771,0.0049432223368336,0001326160-26-000014_next,next
-0.002047288960886,-0.005646704863891,4,0.0016071235250316,-0.0036544124859176,0001326160-26-000014_next,next
0.0067623634945856,-0.0132767958125692,5,0.0033869134092369,0.0033754500853487,0001326160-26-000014_next,next
-0.0250878292314458,-0.0060095435176958,-5,-0.0067310035974011,-0.0183568256340446,0001652044-17-000008_next,next
-0.0044184346731521,-0.000889905407144,-4,-0.001163715563451,-0.0032547191097011,0001652044-17-000008_next,next
-0.0060350860982014,0.0002983634896507,-3,0.0001284529585009,-0.0061635390567023,0001652044-17-000008_next,next
0.0037043709782516,0.0005703094032936,-2,0.0004241772261567,0.0032801937520948,0001652044-17-000008_next,next
0.0022853909209175,0.0072647580986477,-1,0.0077039738271553,-0.0054185829062378,0001652044-17-000008_next,next
0.001816818730306,-0.0021153569858851,0,-0.0024963179394762,0.0043131366697823,0001652044-17-000008_next,next
0.0092621331319264,0.0002268291856959,1,5.066385196159602e-05,0.0092114692799648,0001652044-17-000008_next,next
0.0007838249879208,0.00069332238554,2,0.0005579461936682,0.0002258787942525,0001652044-17-000008_next,next
0.0002167078906638,0.0057525464497805,3,0.0060595377096518,-0.0058428298189879,0001652044-17-000008_next,next
0.0057707896145271,0.0035660501028451,4,0.0036818589195279,0.0020889306949991,0001652044-17-000008_next,next
0.00492324252973,0.0052458450979924,5,0.0055085315034158,-0.0005852889736857,0001652044-17-000008_next,next
0.004119435365482,0.0004889853730833,-5,0.0009130870163407,0.0032063483491413,0001652044-18-000007_next,next
-0.0005328500873608,-0.0006480882520516,-4,-0.0006300737713888,9.722368402805448e-05,0001652044-18-000007_next,next
-0.0528019234808089,-0.021208547923968,-3,-0.0285333637976867,-0.0242685596831222,0001652044-18-000007_next,next
-0.0507593229264192,-0.0409792248042282,-2,-0.0553648130847686,0.0046054901583494,0001652044-18-000007_next,next
0.0207455547466517,0.0174409205923138,-1,0.023919127371328,-0.0031735726246763,0001652044-18-000007_next,next
-0.0267605643806116,-0.0050015884169394,0,-0.0065383549902336,-0.020222209390378,0001652044-18-000007_next,next
-0.0451956221505027,-0.037536419758088,1,-0.0506924667832087,0.005496844632706,0001652044-18-000007_next,next
0.0382648529978699,0.0149360902084947,2,0.0205197379713987,0.0177451150264712,0001652044-18-000007_next,next
0.0079235717665639,0.0139145847540425,3,0.0191334186276751,-0.0112098468611111,0001652044-18-000007_next,next
-0.0003982605661201,0.002612929746329,4,0.0037955632251459,-0.004193823791266,0001652044-18-000007_next,next
0.0176065795214994,0.0134024582572458,5,0.0184383945670123,-0.0008318150455129,0001652044-18-000007_next,next
0.0261015322223312,0.0155492609197442,-5,0.0199919913615714,0.0061095408607597,0001652044-19-000004_next,next
0.0254100752529475,0.0085973959487253,-4,0.0109992054382981,0.0144108698146494,0001652044-19-000004_next,next
-0.0064571720497867,0.0008986100931438,-3,0.0010402184100702,-0.007497390459857,0001652044-19-000004_next,next
0.0203821706922968,0.006776236617404,-2,0.0086433921325135,0.0117387785597833,0001652044-19-000004_next,next
0.0091553204706298,0.0047084203769747,-1,0.0059685086506896,0.0031868118199401,0001652044-19-000004_next,next
-0.025158941760337,-0.0022244379802809,0,-0.0029996907178373,-0.0221592510424997,0001652044-19-000004_next,next
-0.0151218028626234,-0.0093571401439401,1,-0.0122264038199554,-0.002895399042668,0001652044-19-000004_next,next
-0.0031918516583964,0.000676201086956,2,0.0007525148099007,-0.0039443664682971,0001652044-19-000004_next,next
-0.0002358708241134,0.0007091030986317,3,0.0007950761583557,-0.0010309469824692,0001652044-19-000004_next,next
0.0231008775053125,0.0128902247439735,4,0.0165523182392321,0.0065485592660803,0001652044-19-000004_next,next
0.0009312774101497,0.0030239946687606,5,0.0037895710762725,-0.0028582936661228,0001652044-19-000004_next,next
0.0042745671590562,-0.0008668741908683,-5,-0.0007379840621162,0.0050125512211725,0001652044-20-000008_next,next
-0.0016819922249364,0.0031343587926053,-4,0.0041585493714514,-0.0058405415963879,0001652044-20-000008_next,next
-0.0147633601063137,-0.0177058203755262,-3,-0.0213447478571207,0.0065813877508069,0001652044-20-000008_next,next
0.0347713667678704,0.0072546138923517,-2,0.009200736850677,0.0255706299171933,0001652044-20-000008_next,next
-0.0250842071107904,0.0149804141640821,-1,0.0186552323743922,-0.0437394394851826,0001652044-20-000008_next,next
0.0004425924171438,0.0112505958978537,0,0.0140908443677075,-0.0136482519505637,0001652044-20-000008_next,next
0.0206909099586003,0.0033256728767856,1,0.0043926711567536,0.0162982388018466,0001652044-20-000008_next,next
0.0021274841521476,-0.0054008536727301,2,-0.0062864692944788,0.0084139534466265,0001652044-20-000008_next,next
0.0199780777692437,0.0073263978048905,3,0.0092885828544439,0.0106894949147998,0001652044-20-000008_next,next
0.0009280212277835,0.0016884725532351,4,0.0023891372073875,-0.001461115979604,0001652044-20-000008_next,next
0.0056751748385144,0.0064626464661976,5,0.0082315618497518,-0.0025563870112374,0001652044-20-000008_next,next
0.0188351508069659,0.0097606259756297,-5,0.0125161382562854,0.0063190125506805,0001652044-21-000010_next,next
-0.0139433019875647,-0.0193114751731245,-4,-0.0244307627595382,0.0104874607719734,0001652044-21-000010_next,next
0.0359589018000987,0.0160517676144393,-3,0.020511370049691,0.0154475317504076,0001652044-21-000010_next,next
0.0137607112944799,0.0138982234844169,-2,0.0177744924708045,-0.0040137811763245,0001652044-21-000010_next,next
0.0728249971726342,0.0010087690809532,-1,0.0013936538944655,0.0714313432781687,0001652044-21-000010_next,next
-0.0025497740891179,0.0108533222304207,0,0.0139048146426103,-0.0164545887317283,0001652044-21-000010_next,next
0.0171402082687948,0.0038974951646253,1,0.0050648531699892,0.0120753550988055,0001652044-21-000010_next,next
-0.0020633731357372,0.0073993483603735,2,0.0095152581384241,-0.0115786312741613,0001652044-21-000010_next,next
-0.0043798781289857,-0.0011135249921484,3,-0.0013035088817694,-0.0030763692472163,0001652044-21-000010_next,next
0.0053435482781576,-0.0003451849323593,4,-0.000327047497356,0.0056705957755136,0001652044-21-000010_next,next
0.0010879978123397,0.0016624551635393,5,0.0022244048217945,-0.0011364070094548,0001652044-21-000010_next,next
-0.0017642716602891,-0.0053840887577105,-5,-0.0071779426323313,0.0054136709720422,0001652044-22-000019_next,next
0.0336885884577617,0.0243476468880761,-4,0.0294940636059969,0.0041945248517648,0001652044-22-000019_next,next
0.0146418227095705,0.0188859517327795,-3,0.0227574465045574,-0.0081156237949868,0001652044-22-000019_next,next
0.0172982422944767,0.0068630035578014,-2,0.0079279849578557,0.0093702573366209,0001652044-22-000019_next,next
0.0752374012784131,0.0094225154473364,-1,0.0110849629795341,0.064152438298879,0001652044-22-000019_next,next
-0.0331756124464646,-0.024391082077444,0,-0.0306217329948326,-0.0025538794516319,0001652044-22-000019_next,next
0.0014186438742047,0.0051569298644233,1,0.0058236629676434,-0.0044050190934386,0001652044-22-000019_next,next
-0.0285569283655892,-0.0037017126347429,2,-0.005102849929648,-0.0234540784359411,0001652044-22-000019_next,next
0.0014225349229279,0.0084012071916632,3,0.0098252510283212,-0.0084027161053932,0001652044-22-000019_next,next
0.0157317388508144,0.0145172078875055,4,0.0173689080264733,-0.0016371691756588,0001652044-22-000019_next,next
-0.0209898818580044,-0.0181157256684597,5,-0.0228815219247595,0.0018916400667551,0001652044-22-000019_next,next
-0.0244540785449781,-0.0129687409846833,-5,-0.0187117646295518,-0.0057423139154263,0001652044-23-000016_next,next
0.0195996409762224,0.0146424702855101,-4,0.0170071241341722,0.0025925168420501,0001652044-23-000016_next,next
0.0160865222825985,0.0104523039445902,-3,0.0115865692744735,0.004499953008125,0001652044-23-000016_next,next
0.0727871050072548,0.0146993732443099,-2,0.0170807359158434,0.0557063690914114,0001652044-23-000016_next,next
-0.0274736131300191,-0.0103546106913104,-1,-0.0153300285568694,-0.0121435845731496,0001652044-23-000016_next,next
-0.0179422356320652,-0.0061404630177543,0,-0.009878450554272,-0.0080637850777931,0001652044-23-000016_next,next
0.046064056930978,0.0128725105980265,1,0.0147174385215113,0.0313466184094666,0001652044-23-000016_next,next
-0.0768300356578557,-0.0110807244761647,2,-0.0162693563269268,-0.0605606793309288,0001652044-23-000016_next,next
-0.0438766329433534,-0.0088297961777351,3,-0.0133574718492793,-0.0305191610940741,0001652044-23-000016_next,next
-0.004631086549469,0.0021952617756952,4,0.0009049527433464,-0.0055360392928155,0001652044-23-000016_next,next
0.0004230110864089,0.0114486093427661,5,0.0128754269542,-0.0124524158677911,0001652044-23-000016_next,next
0.0213179990977221,0.0052603655277063,-5,0.0070024922216071,0.0143155068761149,0001652044-24-000022_next,next
0.0021070814021717,-0.0006517852510764,-4,-0.0007416227047069,0.0028487041068786,0001652044-24-000022_next,next
0.0086733592384302,0.0075567748961808,-3,0.0100104767491926,-0.0013371175107624,0001652044-24-000022_next,next
-0.0133540365503295,-0.0006006499345398,-2,-0.0006746423818312,-0.0126793941684982,0001652044-24-000022_next,next
-0.0750033562098018,-0.0161057446115979,-1,-0.020984211541236,-0.0540191446685657,0001652044-24-000022_next,next
0.0075658754082441,0.0124936882116097,0,0.0164771629902027,-0.0089112875819585,0001652044-24-000022_next,next
0.0086427553454548,0.0106844460775146,1,0.0141073014051016,-0.0054645460596467,0001652044-24-000022_next,next
0.0091305250500888,-0.0031863375266721,2,-0.0040615421119391,0.0131920671620279,0001652044-24-000022_next,next
0.002923198235746,0.0023104108269635,3,0.0031384520296762,-0.0002152537939302,0001652044-24-000022_next,next
0.00999302918815,0.00824145796339,4,0.0109073186192608,-0.0009142894311108,0001652044-24-000022_next,next
0.0025423882192201,0.0005705832608251,5,0.0008595141053428,0.0016828741138772,0001652044-24-000022_next,next
0.0279412023440142,0.0052754144053117,-5,0.0070225898323216,0.0209186125116925,0001652044-25-000014_next,next
0.0156817984195791,-0.0050468257540199,-4,-0.0049573917718073,0.0206391901913865,0001652044-25-000014_next,next
-0.0136751657082911,-0.0076085976846667,-3,-0.0079305817121109,-0.0057445839961802,0001652044-25-000014_next,next
0.0255926824615657,0.0072248818286797,-2,0.0092851397739333,0.0163075426876324,0001652044-25-000014_next,next
-0.0729236875984417,0.0039086729306143,-1,0.0054363510438671,-0.0783600386423088,0001652044-25-000014_next,next
0.0014111365798272,0.0036442987226186,0,0.0051295186025068,-0.0037183820226795,0001652044-25-000014_next,next
-0.0326722729788424,-0.0094647701115428,1,-0.0100848535741122,-0.0225874194047302,0001652044-25-000014_next,next
0.0060969393818111,0.0067125410858628,2,0.0086905176202873,-0.0025935782384762,0001652044-25-000014_next,next
-0.006167159607582,0.0003395827888592,3,0.0012940685953184,-0.0074612282029004,0001652044-25-000014_next,next
-0.009227476786372,-0.0027238667143857,4,-0.002261367833941,-0.0069661089524309,0001652044-25-000014_next,next
0.0137793251608107,0.0104262921222306,5,0.0130006933584269,0.0007786318023837,0001652044-25-000014_next,next
-0.0007390896812468,-0.0043018996208942,-5,-0.0022046296490379,0.0014655399677911,0001652044-26-000018_next,next
0.0168343257119247,0.0053912661291679,-4,0.0115295894670841,0.0053047362448406,0001652044-26-000018_next,next
-0.0115802529303606,-0.0084039830206983,-3,-0.0080168600078507,-0.0035633929225099,0001652044-26-000018_next,next
-0.0196343746019915,-0.0050723919062231,-2,-0.0032963379873504,-0.0163380366146411,0001652044-26-000018_next,next
-0.0053748361047742,-0.0122510155676747,-1,-0.0134677095351775,0.0080928734304032,0001652044-26-000018_next,next
-0.0253282348678729,0.0196957966973359,0,0.0317976383421612,-0.0571258732100341,0001652044-26-000018_next,next
0.0045221412460498,0.0046910867168872,1,0.0105375072395828,-0.0060153659935329,0001652044-26-000018_next,next
-0.0176986494837925,-0.0033037129754581,2,-0.0007903018163463,-0.0169083476674461,0001652044-26-000018_next,next
-0.0239186037840049,-4.895607156218951e-05,3,0.0038213540286526,-0.0277399578126575,0001652044-26-000018_next,next
-0.0063031023169292,-0.0156610121277019,4,-0.018299324009565,0.0119962216926357,0001652044-26-000018_next,next
-0.0106148509156211,0.0004990891480125,5,0.0045978777491032,-0.0152127286647244,0001652044-26-000018_next,next
0.0055114866407581,0.0060480661608284,-5,0.0107455552214201,-0.0052340685806619,0001193125-17-056804_next,next
-0.0001190338110265,-0.001082200145408,-4,0.0012959361989284,-0.0014149700099549,0001193125-17-056804_next,next
-0.0021452416588571,0.0004189867216857,-3,0.0032854332760848,-0.0054306749349419,0001193125-17-056804_next,next
-0.015287285248294,0.0014933641914423,-2,0.0047092872163883,-0.0199965724646823,0001193125-17-056804_next,next
0.0080048462425927,0.0010179830611165,-1,0.0040792727990964,0.0039255734434963,0001193125-17-056804_next,next
-0.002493161250437,-0.0025783763780462,0,-0.0006869203707584,-0.0018062408796786,0001193125-17-056804_next,next
0.0187455952247537,0.0136738546598662,1,0.0208518812641063,-0.0021062860393526,0001193125-17-056804_next,next
-0.0065293130614244,-0.0058598805035984,2,-0.005035841221033,-0.0014934718403913,0001193125-17-056804_next,next
0.007289004676791,0.00050387727206,3,0.0033979372591331,0.0038910674176579,0001193125-17-056804_next,next
-0.003479610821875,-0.0032772408480052,4,-0.0016131134056093,-0.0018664974162657,0001193125-17-056804_next,next
-0.0044046989477037,-0.0029133737680216,5,-0.0011308866369311,-0.0032738123107726,0001193125-17-056804_next,next
-0.0102008724315922,-0.0058413894593534,-5,-0.0062004867957468,-0.0040003856358454,0001193125-18-056383_next,next
-0.0056252220399796,-0.0054965031281792,-4,-0.005812526536895,0.0001873044969154,0001193125-18-056383_next,next
-0.0074791120422702,0.0009735510790762,-3,0.0014655928843256,-0.0089447049265959,0001193125-18-056383_next,next
0.020426335628028,0.0160283763505131,-2,0.0184006621559641,0.0020256734720639,0001193125-18-056383_next,next
0.0168309753767883,0.0117570153438109,-1,0.0135958375745776,0.0032351378022106,0001193125-18-056383_next,next
-0.0122762744029074,-0.0127068884438292,0,-0.013923439323602,0.0016471649206946,0001193125-18-056383_next,next
-0.0159067107112387,-0.011095788639207,1,-0.012111124248344,-0.0037955864628947,0001193125-18-056383_next,next
-0.0233903140510391,-0.0133243995419872,2,-0.0146180733053827,-0.0087722407456563,0001193125-18-056383_next,next
0.0052182955151112,0.005071602744632,3,0.0060754629813644,-0.0008571674662532,0001193125-18-056383_next,next
0.0193708874075064,0.011032026532745,4,0.0127803026537003,0.0065905847538061,0001193125-18-056383_next,next
0.0144800039207999,0.0026388586061694,5,0.0033388858532856,0.0111411180675143,0001193125-18-056383_next,next
-0.0003524961737242,0.0017771107537685,-5,0.0014895092569405,-0.0018420054306648,0001193125-19-050198_next,next
-0.0112789919770813,-0.0035264367908802,-4,-0.0044014043726363,-0.0068775876044449,0001193125-19-050198_next,next
-0.0018332361992227,0.0064111023949868,-3,0.0066367138947386,-0.0084699500939613,0001193125-19-050198_next,next
0.0135202402887542,0.0012318625699112,-2,0.0008838750223559,0.0126363652663982,0001193125-19-050198_next,next
0.0012586750053618,-0.0007904570968998,-1,-0.0013624158590371,0.0026210908643989,0001193125-19-050198_next,next
-9.161815717195765e-08,-0.0005440493877303,0,-0.0010887185799688,0.0010886269618117,0001193125-19-050198_next,next
-0.0070672420531777,-0.0028255083152146,1,-0.0036228483069283,-0.0034443937462493,0001193125-19-050198_next,next
0.0076258603279211,0.0068953205934343,2,0.0071745590938076,0.0004513012341134,0001193125-19-050198_next,next
-0.0112006226892391,-0.003880558492514,3,-0.004794744932162,-0.0064058777570771,0001193125-19-050198_next,next
0.0001017775415212,-0.0011315328231061,4,-0.0017412656057984,0.0018430431473197,0001193125-19-050198_next,next
-0.0064283709499971,-0.0065240986535923,5,-0.0077310562660622,0.001302685316065,0001193125-19-050198_next,next
-0.0053281887237132,0.0018435333204338,-5,0.002838073967636,-0.0081662626913492,0001193125-20-043853_next,next
-0.0163237637733713,-0.0029199426368901,-4,-0.0045141636294481,-0.0118096001439231,0001193125-20-043853_next,next
0.0176665034898755,0.0047057858811645,-3,0.007255848105238,0.0104106553846375,0001193125-20-043853_next,next
-0.0193821226189788,-0.0038155197636281,-2,-0.0058964516647573,-0.0134856709542214,0001193125-20-043853_next,next
-0.0090663193249176,-0.0105181030271228,-1,-0.0162416250442273,0.0071753057193096,0001193125-20-043853_next,next
-0.0263637638262738,-0.0335136266712231,0,-0.0517343104310077,0.0253705466047339,0001193125-20-043853_next,next
-0.0308629630527876,-0.0302799955650561,1,-0.0467433281300877,0.0158803650773,0001193125-20-043853_next,next
-0.0084097315467904,-0.003778540605322,2,-0.0058393757898201,-0.0025703557569703,0001193125-20-043853_next,next
-0.046760569813432,-0.0441632425840791,3,-0.0681715733059509,0.0214110034925189,0001193125-20-043853_next,next
-0.0179514649691923,-0.0082383404443618,4,-0.0127229012543801,-0.0052285637148121,0001193125-20-043853_next,next
0.0433331536049823,0.04603922900611,5,0.0710523902275764,-0.027719236622594,0001193125-20-043853_next,next
0.018412007601396,-0.0005692724183511,-5,0.0020756206876797,0.0163363869137163,0001193125-21-049380_next,next
0.002500322474422,-0.0003204020092266,-4,0.0022811077578158,0.0002192147166061,0001193125-21-049380_next,next
-0.0090807982994408,-0.0044158356273545,-3,-0.0011004057699944,-0.0079803925294463,0001193125-21-049380_next,next
0.0184575393555641,-0.0018548966445751,-2,0.0010141077642583,0.0174434315913058,0001193125-21-049380_next,next
0.0039603774439562,-0.0077328394581538,-1,-0.0038391861706822,0.0077995636146385,0001193125-21-049380_next,next
0.0073848467144705,0.0012563181187927,0,0.0035829724538687,0.0038018742606018,0001193125-21-049380_next,next
0.0358072897464758,0.011351613765979,1,0.011918446052342,0.0238888436941337,0001193125-21-049380_next,next
-0.0087104644322524,-0.0244788075251262,2,-0.0176659803113799,0.0089555158791275,0001193125-21-049380_next,next
-0.025262554731262,-0.0047502141699028,3,-0.0013764951100906,-0.0238860596211714,0001193125-21-049380_next,next
0.0367343450584018,0.0237907635068002,4,0.0221891907512326,0.0145451543071692,0001193125-21-049380_next,next
0.0030919062256182,-0.0080808516908706,5,-0.0041265325624212,0.0072184387880395,0001193125-21-049380_next,next
-0.0086518535331485,-0.0071661613961429,-5,-0.0089893439040802,0.0003374903709317,0001193125-22-052682_next,next
-0.0051151652424259,-0.0101429452648328,-4,-0.01219132554204,0.007076160299614,0001193125-22-052682_next,next
-0.008946325728555,-0.0184121228454876,-3,-0.0210860777115812,0.0121397519830262,0001193125-22-052682_next,next
-0.0029309552240395,0.0149568560673292,-2,0.0148073100751943,-0.0177382652992338,0001193125-22-052682_next,next
0.0291895106614599,0.0223726776556034,-1,0.0227841487048963,0.0064053619565635,0001193125-22-052682_next,next
-0.0252200434723373,-0.0024426034406476,0,-0.0039084423316087,-0.0213116011407285,0001193125-22-052682_next,next
-0.0326856133960721,-0.0154735036804118,1,-0.0179251479892396,-0.0147604654068324,0001193125-22-052682_next,next
0.0249238415971653,0.018642691757321,2,0.0187719842740922,0.006151857323073,0001193125-22-052682_next,next
-0.0087997941255912,-0.0052546664300883,3,-0.0069332417306117,-0.0018665523949794,0001193125-22-052682_next,next
-0.0112467523550406,-0.0079340425503344,4,-0.0098153163173676,-0.001431436037673,0001193125-22-052682_next,next
-0.023599519645461,-0.0295181583134491,5,-0.0330322999459126,0.0094327803004516,0001193125-22-052682_next,next
-0.0045920583373677,-0.0027674058253277,-5,-0.0019353300333235,-0.0026567283040442,0000886982-23-000003_next,next
-0.0200273820960307,-0.0200412342553273,-4,-0.0170616579526117,-0.0029657241434189,0000886982-23-000003_next,next
-0.0006366438753211,-0.0015735561458868,-3,-0.0008899010011468,0.0002532571258257,0000886982-23-000003_next,next
0.007342721131835,0.0053294294160743,-2,0.0051548981385155,0.0021878229933195,0000886982-23-000003_next,next
0.0008530040243091,-0.0105375514855581,-1,-0.0087394830161769,0.009592487040486,0000886982-23-000003_next,next
0.0046171428990908,0.0030730045671669,0,0.0031789943990452,0.0014381485000455,0000886982-23-000003_next,next
-0.0379722405053185,-0.0030360018281855,1,-0.0021705338987261,-0.0358017066065924,0000886982-23-000003_next,next
-0.0083630074849595,-0.00472526484568,2,-0.0036497859619323,-0.0047132215230271,0000886982-23-000003_next,next
0.0082891532396587,0.0075821940867943,3,0.0071275967369986,0.00116155650266,0000886982-23-000003_next,next
0.0228873053866855,0.0161477371607488,4,0.0146282624908859,0.0082590428957996,0000886982-23-000003_next,next
-0.0001119572163761,0.0006871667698291,5,0.0010897664649477,-0.0012017236813238,0000886982-23-000003_next,next
-0.0025427820305814,-0.0048034698371121,-5,-0.005244080916383,0.0027012988858015,0000886982-24-000006_next,next
0.0002080052823743,-0.0060053220011653,-4,-0.0067010358394747,0.006909041121849,0000886982-24-000006_next,next
0.0097524174638614,0.0012641999229821,-3,0.0021115004047425,0.0076409170591188,0000886982-24-000006_next,next
0.0056663461927153,0.021122884217414,-2,0.0261853496802815,-0.0205190034875662,0000886982-24-000006_next,next
0.0014851847434729,0.0003479475462115,-1,0.0010007661139057,0.0004844186295671,0000886982-24-000006_next,next
-0.0021223528208399,-0.0037867513501905,0,-0.0040115557779142,0.0018892029570742,0000886982-24-000006_next,next
0.0015119281101445,0.0017063496993998,1,0.0026475000166443,-0.0011355719064997,0000886982-24-000006_next,next
0.0131938109745797,-0.0016581550604305,2,-0.001431147857208,0.0146249588317878,0000886982-24-000006_next,next
-0.0105039549507557,0.0052290946971491,3,0.0069179758877851,-0.0174219308385408,0000886982-24-000006_next,next
-0.0024419446552015,0.0080078289488876,4,0.010286518766121,-0.0127284634213225,0000886982-24-000006_next,next
0.010693111017439,-0.0011932620709189,5,-0.0008675776028637,0.0115606886203028,0000886982-24-000006_next,next
-0.0259398358271616,-0.0170641267025635,-5,-0.0268364993762995,0.0008966635491379,0000886982-25-000005_next,next
0.000863340658648,-0.0049691065044024,-4,-0.0068580888652212,0.0077214295238692,0000886982-25-000005_next,next
-0.0179353750425267,-0.0046797309154723,-3,-0.006380101709118,-0.0115552733334086,0000886982-25-000005_next,next
0.0046509257096394,0.0001360242800469,-2,0.001574505446608,0.0030764202630314,0000886982-25-000005_next,next
-0.0158148397587235,-0.0158645536555098,-1,-0.0248550588843104,0.0090402191255868,0000886982-25-000005_next,next
0.0285785792964476,0.0158541446349889,0,0.0275375097052787,0.0010410695911689,0000886982-25-000005_next,next
-0.0273668077015729,-0.0175967394669998,1,-0.0277162628059601,0.0003494551043871,0000886982-25-000005_next,next
-0.0398505600103724,-0.0122348266022004,2,-0.018859518907849,-0.0209910411025234,0000886982-25-000005_next,next
0.0205285614415049,0.0111592778931879,3,0.0197825846596166,0.0007459767818883,0000886982-25-000005_next,next
-0.0428279085469105,-0.0178190070857499,4,-0.0280834018150693,-0.0147445067318411,0000886982-25-000005_next,next
-0.0140926774791204,0.005520617802748,5,0.0104687129856884,-0.0245613904648089,0000886982-25-000005_next,next
-0.0182922607186698,-0.0028221256867719,-5,-0.0019645735338433,-0.0163276871848264,0000886982-26-000091_next,next
0.0060983445034301,0.0069397247635067,-4,0.0104315077690418,-0.0043331632656117,0000886982-26-000091_next,next
-0.0324536253991072,-0.0103856522472848,-3,-0.0115691142567523,-0.0208845111423549,0000886982-26-000091_next,next
0.0111620148092586,0.0076516140863223,-2,0.0113355000980808,-0.0001734852888222,0000886982-26-000091_next,next
0.0211799030565114,0.0081363556573399,-1,0.0119510489590092,0.0092288540975021,0000886982-26-000091_next,next
0.0082702764465891,-0.0053655805693283,0,-0.0051943785462207,0.0134646549928099,0000886982-26-000091_next,next
-0.0747362901474326,-0.0043393528110311,1,-0.0038912236995117,-0.0708450664479209,0000886982-26-000091_next,next
0.007753809505695,0.0003983547353176,2,0.0021249520484127,0.0056288574572822,0000886982-26-000091_next,next
0.001021258841467,-0.0094440310956254,3,-0.0103733970705549,0.011394655912022,0000886982-26-000091_next,next
0.0054139702515167,0.0077560492642863,4,0.011468117060768,-0.0060541468092512,0000886982-26-000091_next,next
-0.0366561228266204,-0.005646704863891,5,-0.0055513641023267,-0.0311047587242937,0000886982-26-000091_next,next
0.005849809432485,-0.0013143147950017,-5,-0.0006091673602191,0.0064589767927041,0000354950-17-000005_next,next
-0.0120324055853804,-0.0020098935338483,-4,-0.001226101214829,-0.0108063043705513,0000354950-17-000005_next,next
-0.0080517559192662,-0.0124079729406268,-3,-0.0104485326243932,0.002396776705127,0000354950-17-000005_next,next
0.0051159328668581,0.0018898864360001,-2,0.0022327542023429,0.0028831786645152,0000354950-17-000005_next,next
0.0042751341001421,-0.0010602696613281,-1,-0.0003838455744755,0.0046589796746176,0000354950-17-000005_next,next
-0.0018915591927471,-0.0008439958489141,0,-0.0001920245349696,-0.0016995346577775,0000354950-17-000005_next,next
-0.0056870612155812,-0.0010195874529811,1,-0.0003477630575614,-0.0053392981580198,0000354950-17-000005_next,next
0.0022470141133486,0.0072514743535005,2,0.0069881397770348,-0.0047411256636862,0000354950-17-000005_next,next
-0.0010870465862441,0.0010853247429301,3,0.0015191594374997,-0.0026062060237438,0000354950-17-000005_next,next
-0.0006120718320533,0.0029351099368557,4,0.003159800598817,-0.0037718724308703,0000354950-17-000005_next,next
-0.0008166392641153,-0.0022550474897145,5,-0.0014435370945055,0.0006268978303901,0000354950-17-000005_next,next
0.0049979103127151,0.0017034471678114,-5,0.0025597521110749,0.0024381582016402,0000354950-18-000019_next,next
-0.0103933197448878,-0.014204195388793,-4,-0.0170781349212397,0.0066848151763518,0000354950-18-000019_next,next
0.0059853319343499,0.0014818054520648,-3,0.0022861367742962,0.0036991951600536,0000354950-18-000019_next,next
-0.0007856805985924,-0.0018439898833508,-2,-0.0018195371404333,0.0010338565418409,0000354950-18-000019_next,next
-0.0153355151571041,-0.0251628884058564,-1,-0.0306065741431506,0.0152710589860464,0000354950-18-000019_next,next
-0.0199094803929676,-0.020966880711866,0,-0.0254266284165542,0.0055171480235865,0000354950-18-000019_next,next
0.0266587940651719,0.0271572557615125,1,0.0339823224841897,-0.0073235284190178,0000354950-18-000019_next,next
-0.0096385912542432,-0.0172763088138478,2,-0.0208706400757283,0.011232048821485,0000354950-18-000019_next,next
0.0004581663709763,-0.0029166571662562,3,-0.00314373831292,0.0036019046838964,0000354950-18-000019_next,next
0.0199131918634338,0.0137697186900191,4,0.0174554901949038,0.00245770166853,0000354950-18-000019_next,next
-0.0299600153579895,-0.0223374235601651,5,-0.0271185551449851,-0.0028414602130044,0000354950-18-000019_next,next
-0.0064225778776023,-0.0189745012394827,-5,-0.0187478954764944,0.0123253175988921,0000354950-19-000010_next,next
0.0049274768494762,-0.0008390206584756,-4,-0.0012395187691133,0.0061669956185896,0000354950-19-000010_next,next
-0.0017927309613899,0.0071827258623062,-3,0.0065048450656152,-0.0082975760270052,0000354950-19-000010_next,next
-0.0004750503903828,-0.0046443248906916,-2,-0.0049132399967495,0.0044381896063666,0000354950-19-000010_next,next
0.0042799133859192,0.003589481529391,-1,0.0030358509520416,0.0012440624338776,0000354950-19-000010_next,next
0.0096287273811017,0.0067342800173637,0,0.006071905957603,0.0035568214234987,0000354950-19-000010_next,next
0.0195423441560835,0.0115686001242754,1,0.0107390608850836,0.0088032832709999,0000354950-19-000010_next,next
-0.0067980271780173,1.745570720723677e-05,2,-0.0004126583622792,-0.0063853688157381,0000354950-19-000010_next,next
0.022129415315542,0.0021483768817243,3,0.0016445780307973,0.0204848372847447,0000354950-19-000010_next,next
0.0092644653397804,0.0020846350796801,4,0.0015830403463002,0.0076814249934801,0000354950-19-000010_next,next
0.0080316741251693,0.004636432770241,5,0.0040465998338914,0.0039850742912779,0000354950-19-000010_next,next
0.0353399637206668,0.0047078080405855,-5,0.0036124301754068,0.0317275335452599,0000354950-20-000015_next,next
-0.055731435855905,-0.0433595123084619,-4,-0.0351696083900648,-0.0205618274658401,0000354950-20-000015_next,next
0.0673021059143603,-0.0292938678218044,-3,-0.0238210588356361,0.0911231647499965,0000354950-20-000015_next,next
0.1375086167469426,0.0938277397622755,-2,0.075516846812006,0.0619917699349365,0000354950-20-000015_next,next
-0.0160243271848167,0.0115350114482219,-1,0.0091208060101027,-0.0251451331949194,0000354950-20-000015_next,next
0.0739988716795001,0.0624141633038768,0,0.050171507715874,0.0238273639636261,0000354950-20-000015_next,next
-0.0238717306878631,-0.0336873525622525,1,-0.027365843387876,0.0034941127000128,0000354950-20-000015_next,next
0.0291259462946817,0.0335160094837001,2,0.0268556809174027,0.002270265377279,0000354950-20-000015_next,next
-0.0478835199842224,-0.0160127219145556,3,-0.0131054643521423,-0.03477805563208,0000354950-20-000015_next,next
-0.0432755341666417,-0.0441424303316654,4,-0.0358012882247008,-0.0074742459419408,0000354950-20-000015_next,next
0.0150026632421067,0.0228293472348715,5,0.018233387341213,-0.0032307240991062,0000354950-20-000015_next,next
0.0111770742244692,-0.0147605393194591,-5,-0.0099535962667553,0.0211306704912246,0000354950-21-000089_next,next
0.0209776380135169,-0.0006027039747036,-4,-0.0018059129860944,0.0227835509996114,0000354950-21-000089_next,next
-0.0005531365164894,0.0070251180773117,-3,0.0025838172719342,-0.0031369537884237,0000354950-21-000089_next,next
0.0035992547117726,-0.0076308541839406,-2,-0.0058505384927038,0.0094497932044765,0000354950-21-000089_next,next
0.0095522655030977,-0.0054673360183149,-1,-0.0046054568572542,0.0141577223603519,0000354950-21-000089_next,next
0.0151323059821406,0.0052402658469594,0,0.0015566538446467,0.0135756521374939,0000354950-21-000089_next,next
0.0223095457570572,0.0166312026045196,1,0.0081120164908875,0.0141975292661696,0000354950-21-000089_next,next
-0.0052994887367719,-0.0008680126852336,2,-0.0019585953201067,-0.0033408934166652,0000354950-21-000089_next,next
0.0086703762992419,-0.0031578329337678,3,-0.0032763624575535,0.0119467387567954,0000354950-21-000089_next,next
0.0014100982831959,0.0036224990395776,4,0.0006256462967029,0.0007844519864929,0000354950-21-000089_next,next
0.0081901228478296,0.0118252017749447,5,0.0053462142582408,0.0028439085895887,0000354950-21-000089_next,next
0.0164697472771404,0.0123478175714519,-5,0.0108625940074004,0.0056071532697399,0000354950-22-000070_next,next
0.0130219305940846,0.0116622948279487,-4,0.0102439552599968,0.0027779753340877,0000354950-22-000070_next,next
-0.0333687474230689,-0.0004346603621039,-3,-0.0006727433865399,-0.032696004036529,0000354950-22-000070_next,next
0.0010930597938789,0.0113041136006502,-2,0.0099207204907649,-0.008827660696886,0000354950-22-000070_next,next
-0.0384557626185487,-0.012272698789159,-1,-0.0113557868502828,-0.0270999757682659,0000354950-22-000070_next,next
-0.0040057889636982,0.0143439129205664,0,0.0126639374904246,-0.0166697264541229,0000354950-22-000070_next,next
-0.0161502566232069,0.005066170567449,1,0.0042913911927845,-0.0204416478159914,0000354950-22-000070_next,next
0.0115875011189161,0.0071449552765867,2,0.0061673563314622,0.0054201447874539,0000354950-22-000070_next,next
0.0109140214756187,0.0122565474275304,3,0.0107802287641666,0.000133792711452,0000354950-22-000070_next,next
-0.0291147906465097,-0.0062937001746978,4,-0.005960137692567,-0.0231546529539427,0000354950-22-000070_next,next
-0.0295987923561095,-0.0156525407131773,5,-0.0144058697164059,-0.0151929226397035,0000354950-22-000070_next,next
-0.0119729992602691,-0.0184593578738486,-5,-0.018835219500592,0.0068622202403228,0000354950-23-000059_next,next
-0.0058677527186875,-0.0144781384570513,-4,-0.0145956314807631,0.0087278787620755,0000354950-23-000059_next,next
0.0007331599016728,-0.0015097610031894,-3,-0.0007856471684083,0.0015188070700812,0000354950-23-000059_next,next
-0.0033157506200124,0.0164766554806239,-2,0.0183680311048109,-0.0216837817248233,0000354950-23-000059_next,next
0.0084043464359178,-0.0069808835654376,-1,-0.0066118283560262,0.015016174791944,0000354950-23-000059_next,next
-0.0043058491748532,0.0175620062171666,0,0.0195238176863153,-0.0238296668611685,0000354950-23-000059_next,next
0.0057894574942638,-0.0110194573100675,1,-0.0109124928189516,0.0167019503132154,0000354950-23-000059_next,next
0.0030166782688298,0.00891840371831,2,0.0103192726045485,-0.0073025943357186,0000354950-23-000059_next,next
0.0005876611260433,0.0129821938977849,3,0.0146467899695322,-0.0140591288434888,0000354950-23-000059_next,next
-0.0235637451967468,-0.0164632237757136,4,-0.0167095425854439,-0.0068542026113028,0000354950-23-000059_next,next
0.0046001875161882,0.0029845287333754,5,0.0040003078192493,0.0005998796969389,0000354950-23-000059_next,next
-0.0023577966810803,0.0103041279259514,-5,0.0116965093286621,-0.0140543060097425,0000354950-24-000062_next,next
-0.0084983272145953,-0.0065285190034379,-4,-0.0072560589465545,-0.0012422682680407,0000354950-24-000062_next,next
-0.0049015834671347,-0.0011222380873464,-3,-0.0011689052976339,-0.0037326781695008,0000354950-24-000062_next,next
0.0081288648550157,0.0112017879813663,-2,0.0127072216402523,-0.0045783567852366,0000354950-24-000062_next,next
0.011881130647773,-0.0019245297153407,-1,-0.0020722383812529,0.013953369029026,0000354950-24-000062_next,next
-0.0098155466249841,-0.0028710915621273,0,-0.0031380112275078,-0.0066775353974763,0000354950-24-000062_next,next
-0.0054360604003627,-0.0064829174844615,1,-0.0072047143240788,0.0017686539237161,0000354950-24-000062_next,next
-0.0035368251866599,0.0063180595049523,2,0.0072084312375825,-0.0107452564242425,0000354950-24-000062_next,next
0.0201662642403943,0.0056491496501236,3,0.0064552781686215,0.0137109860717728,0000354950-24-000062_next,next
0.0131783881331288,0.0089041739128465,4,0.0101202436274426,0.0030581445056862,0000354950-24-000062_next,next
0.0280689129089364,0.003236535401516,5,0.0037388167314924,0.0243300961774439,0000354950-24-000062_next,next
0.0080272610862961,0.0064161307191059,-5,0.0029827230423232,0.0050445380439729,0000354950-25-000085_next,next
-0.012876620641009,-0.0106535121176365,-4,-0.0061747111530025,-0.0067019094880065,0000354950-25-000085_next,next
0.0110135246049445,0.0107984955678945,-3,0.005333751596729,0.0056797730082155,0000354950-25-000085_next,next
0.005941821046669,-0.0021848931523151,-2,-0.0016315100068549,0.007573331053524,0000354950-25-000085_next,next
-0.012291771174099,0.0008246534476661,-1,-1.6963925798565733e-05,-0.0122748072483005,0000354950-25-000085_next,next
0.0359389985227576,0.0176460001466336,0,0.0090072656345869,0.0269317328881706,0000354950-25-000085_next,next
-0.007642138877031,0.0015743334544251,1,0.0003852205484231,-0.0080273594254541,0000354950-25-000085_next,next
0.0031579147382374,-0.0111569349226271,2,-0.0064447848301859,0.0096026995684234,0000354950-25-000085_next,next
0.0016569436505866,-0.0033069808607638,3,-0.0022334818494868,0.0038904255000735,0000354950-25-000085_next,next
-0.0126265701465565,-0.019737220708344,4,-0.011047892417807,-0.0015786777287494,0000354950-25-000085_next,next
0.023286439009079,0.0055385215706533,5,0.0025119078001394,0.0207745312089395,0000354950-25-000085_next,next
-0.0274884449811176,-0.0152276765067085,-5,-0.0065277033707123,-0.0209607416104053,0001628280-26-019436_next,next
0.0002949902108577,-0.0060591154705643,-4,-0.0030502136061265,0.0033452038169842,0001628280-26-019436_next,next
0.010471074087216,0.0101308831622519,-3,0.0030903960612281,0.0073806780259879,0001628280-26-019436_next,next
-0.0033568764025032,0.0024942548757938,-2,0.0001939440882941,-0.0035508204907974,0001628280-26-019436_next,next
-0.0307529828907481,-0.0136075678800734,-1,-0.0059132218676247,-0.0248397610231234,0001628280-26-019436_next,next
-0.0082192368028032,-0.0027487977418789,0,-0.0017946626015959,-0.0064245742012072,0001628280-26-019436_next,next
-0.0227293038191673,-0.0151381823567792,1,-0.0064937596592463,-0.016235544159921,0001628280-26-019436_next,next
0.0316445654719226,0.0114532004639904,2,0.0035919300385014,0.0280526354334212,0001628280-26-019436_next,next
3.0139994658950897e-05,-0.0037425745042546,3,-0.0021715863637676,0.0022017263584266,0001628280-26-019436_next,next
0.0048352641536471,0.0054191243815093,4,0.0013033006960299,0.0035319634576171,0001628280-26-019436_next,next
-0.012270456971569,-0.0174061723924167,5,-0.0073539723037409,-0.004916484667828,0001628280-26-019436_next,next
0.0012587053996835,-0.0021153569858851,-5,-0.0021310495443073,0.0033897549439908,0000930413-17-000391_next,next
0.003184277947823,0.0002268291856959,-4,0.0001481975260116,0.0030360804218114,0000930413-17-000391_next,next
8.341629121799699e-05,0.00069332238554,-3,0.0006021551455934,-0.0005187388543755,0000930413-17-000391_next,next
0.0077674941841281,0.0057525464497805,-2,0.0055254280119528,0.0022420661721753,0000930413-17-000391_next,next
0.0098620781905041,0.0035660501028451,-1,0.0033976870776566,0.0064643911128474,0000930413-17-000391_next,next
0.0145262785635507,0.0052458450979924,0,0.0050323427117308,0.0094939358518198,0000930413-17-000391_next,next
0.0,0.0040073351766347,1,0.0038271139625961,-0.0038271139625961,0000930413-17-000391_next,next
0.0053390236695893,0.0049923089198982,2,0.0047856195442249,0.0005534041253644,0000930413-17-000391_next,next
-0.0009656122914399,-0.0008641180363413,3,-0.0009134338207495,-5.2178470690423216e-05,0000930413-17-000391_next,next
0.003221449221483,0.0016785565287558,4,0.001560914129721,0.001660535091762,0000930413-17-000391_next,next
0.0012045194098548,0.0060480661608284,5,0.0058130065331652,-0.0046084871233103,0000930413-17-000391_next,next
-0.0413658659071624,-0.0409792248042282,-5,-0.0328047003039648,-0.0085611656031975,0000930413-18-000292_next,next
0.0081902451416737,0.0174409205923138,-4,0.0147817798521037,-0.00659153471043,0000930413-18-000292_next,next
-0.0013868088523188,-0.0050015884169394,-3,-0.0034989005942073,0.0021120917418884,0000930413-18-000292_next,next
-0.0341953001903075,-0.037536419758088,-2,-0.0300003427848708,-0.0041949574054367,0000930413-18-000292_next,next
0.0128751141171667,0.0149360902084947,-1,0.0127414552253016,0.0001336588918651,0000930413-18-000292_next,next
0.0106150290775968,0.0139145847540425,0,0.011909381824805,-0.0012943527472082,0000930413-18-000292_next,next
-0.006489398458344,0.002612929746329,1,0.0027035508891785,-0.0091929493475225,0000930413-18-000292_next,next
0.0126597047900021,0.0134024582572458,2,0.0114922261123056,0.0011674786776964,0000930413-18-000292_next,next
0.0202155922503917,0.0120691127622993,3,0.0104061415347036,0.009809450715688,0000930413-18-000292_next,next
0.0039761370256534,0.0003734693722488,4,0.0008793849969487,0.0030967520287046,0000930413-18-000292_next,next
0.0020123660811735,-0.0058413894593534,5,-0.0041829655750221,0.0061953316561956,0000930413-18-000292_next,next
0.0222511481383673,0.006776236617404,-5,0.0059145351764909,0.0163366129618764,0000930413-19-000366_next,next
0.0051376009915182,0.0047084203769747,-4,0.0041442489291247,0.0009933520623934,0000930413-19-000366_next,next
0.0014122129440707,-0.0022244379802809,-3,-0.0017910675486291,0.0032032804926999,0000930413-19-000366_next,next
-0.0050368261264731,-0.0093571401439401,-2,-0.0078974730889315,0.0028606469624584,0000930413-19-000366_next,next
0.0031050663659244,0.000676201086956,-1,0.0006922099055786,0.0024128564603458,0000930413-19-000366_next,next
-0.0008748685932034,0.0007091030986317,0,0.0007203777754507,-0.0015952463686541,0000930413-19-000366_next,next
0.0126620402324093,0.0128902247439735,1,0.0111488054590277,0.0015132347733816,0000930413-19-000366_next,next
0.0074484268418157,0.0030239946687606,2,0.0027021886494636,0.0047462381923521,0000930413-19-000366_next,next
-0.0063376587146478,-0.0026516415551012,3,-0.0021568024715607,-0.0041808562430871,0000930413-19-000366_next,next
0.0186024252307064,0.0108787526085869,4,0.0094267561837517,0.0091756690469546,0000930413-19-000366_next,next
-0.0002608754134066,0.0014987433214488,5,0.0013963997543332,-0.0016572751677399,0000930413-19-000366_next,next
0.0095272447438821,0.0073263978048905,-5,0.0092640279297169,0.0002632168141651,0000773840-20-000009_next,next
0.0124331526423229,0.0016884725532351,-4,0.0018243879162301,0.0106087647260927,0000773840-20-000009_next,next
0.011331302060118,0.0064626464661976,-3,0.0081242471177674,0.0032070549423505,0000773840-20-000009_next,next
-0.0058503812885654,-0.0016304457368023,-2,-0.002555158851405,-0.0032952224371604,0000773840-20-000009_next,next
0.0038306482769563,0.0018435333204338,-1,0.0020290015350139,0.0018016467419423,0000773840-20-000009_next,next
-0.0076875602919468,-0.0029199426368901,0,-0.0042567409595294,-0.0034308193324173,0000773840-20-000009_next,next
0.0080260722098473,0.0047057858811645,1,0.005805945664109,0.0022201265457382,0000773840-20-000009_next,next
-0.0008850011229162,-0.0038155197636281,2,-0.0054385181434833,0.0045535170205671,0000773840-20-000009_next,next
-0.0045381275614841,-0.0105181030271228,3,-0.0142830494941217,0.0097449219326375,0000773840-20-000009_next,next
-0.0256279521963492,-0.0335136266712231,4,-0.044627264821116,0.0189993126247668,0000773840-20-000009_next,next
-0.0426200398773232,-0.0302799955650561,5,-0.040360260507919,-0.0022597793694041,0000773840-20-000009_next,next
0.0046322839153323,0.0073993483603735,-5,0.0095466142488571,-0.0049143303335248,0000773840-21-000015_next,next
-0.0090258714907084,-0.0011135249921484,-4,0.0005221494377149,-0.0095480209284233,0000773840-21-000015_next,next
0.0006931999681658,-0.0003451849323593,-3,0.0013366638261503,-0.0006434638579845,0000773840-21-000015_next,next
9.88130521328845e-05,0.0016624551635393,-2,0.003464955490857,-0.0033661424387241,0000773840-21-000015_next,next
0.0068750122111611,0.0047110331133788,-1,0.0066967414335199,0.0001782707776412,0000773840-21-000015_next,next
-0.0006383043368693,-0.0005692724183511,0,0.001099109530649,-0.0017374138675184,0000773840-21-000015_next,next
-0.0075699298123609,-0.0003204020092266,1,0.0013629361091347,-0.0089328659214957,0000773840-21-000015_next,next
0.0080236035687843,-0.0044158356273545,2,-0.0029786175640694,0.0110022211328538,0000773840-21-000015_next,next
0.0001968162921666,-0.0018548966445751,3,-0.0002637758441784,0.000460592136345,0000773840-21-000015_next,next
0.0002946556762879,-0.0077328394581538,4,-0.0064949607668733,0.0067896164431613,0000773840-21-000015_next,next
0.0069739309944745,0.0012563181187927,5,0.0030344111473621,0.0039395198471123,0000773840-21-000015_next,next
0.0051175546748967,-0.0037017126347429,-5,-0.0034305418018771,0.0085480964767739,0000773840-22-000018_next,next
0.0108062926009901,0.0084012071916632,-4,0.0054193401840852,0.0053869524169049,0000773840-22-000018_next,next
0.0105882411652808,0.0145172078875055,-3,0.009891474607894,0.0006967665573868,0000773840-22-000018_next,next
-0.0247688076832875,-0.0181157256684597,-2,-0.0139703384891362,-0.0107984691941513,0000773840-22-000018_next,next
-0.0248240058311601,-0.0189694543445634,-1,-0.0145946009100989,-0.0102294049210612,0000773840-22-000018_next,next
-0.0016038512836503,-0.0038405967262932,0,-0.0035320964546037,0.0019282451709533,0000773840-22-000018_next,next
0.0152118835871826,0.0157667211707204,1,0.010805142157126,0.0044067414300565,0000773840-22-000018_next,next
-0.0024797691336824,0.000881207755895,2,-7.942445251517467e-05,-0.0024003446811672,0000773840-22-000018_next,next
-0.0236435348965946,-0.021173138152195,3,-0.0162059758437216,-0.007437559052873,0000773840-22-000018_next,next
-0.0133266189461623,-0.0071661613961429,4,-0.005963811717283,-0.0073628072288793,0000773840-22-000018_next,next
0.0023610133876492,-0.0101429452648328,5,-0.0081404919162334,0.0105015053038826,0000773840-22-000018_next,next
0.0066605264856647,-0.0061404630177543,-5,-0.0038059279496926,0.0104664544353573,0000773840-23-000013_next,next
0.0070082444594234,0.0128725105980265,-4,0.0118222207128122,-0.0048139762533888,0000773840-23-000013_next,next
-0.0158171341239951,-0.0110807244761647,-3,-0.0078666888839842,-0.0079504452400108,0000773840-23-000013_next,next
-0.0148354671990769,-0.0088297961777351,-2,-0.0060164868699605,-0.0088189803291163,0000773840-23-000013_next,next
0.0062743278059416,0.0021952617756952,-1,0.0030458117578528,0.0032285160480888,0000773840-23-000013_next,next
0.0144660643801801,0.0114486093427661,0,0.010651812498525,0.0038142518816551,0000773840-23-000013_next,next
-0.011653650647007,-0.0002804145319874,1,0.0010108729755997,-0.0126645236226067,0000773840-23-000013_next,next
0.003532336073676,0.002773175690496,2,0.0035208413222519,1.1494751424143308e-05,0000773840-23-000013_next,next
-0.0116502711226009,-0.0137887414891306,3,-0.0100926054246823,-0.0015576656979185,0000773840-23-000013_next,next
0.0103330061836972,-0.0027674058253277,4,-0.0010333664179908,0.0113663726016881,0000773840-23-000013_next,next
-0.0231357296248466,-0.0200412342553273,5,-0.0152319849050312,-0.0079037447198154,0000773840-23-000013_next,next
0.0128823217560964,-0.0009489536011326,-5,-0.000807745692745,0.0136900674488415,0000773840-24-000014_next,next
-0.0169243239830837,-0.0136742556536254,-4,-0.0118106345034334,-0.0051136894796503,0000773840-24-000014_next,next
0.004432775352998,0.0095797632750176,-3,0.0082958732728107,-0.0038630979198127,0000773840-24-000014_next,next
0.0158054999040588,0.0058212506847294,-2,0.0050460882418603,0.0107594116621984,0000773840-24-000014_next,next
-0.0039402726334092,-0.0048034698371121,-1,-0.0041405399469425,0.0002002673135332,0000773840-24-000014_next,next
0.0089768734413884,-0.0060053220011653,0,-0.0051797173019014,0.0141565907432898,0000773840-24-000014_next,next
0.0029657781507004,0.0012641999229821,1,0.0011058499175098,0.0018599282331906,0000773840-24-000014_next,next
0.0064149256987622,0.021122884217414,2,0.0182765932379321,-0.0118616675391699,0000773840-24-000014_next,next
-0.0008963120697936,0.0003479475462115,3,0.0003136154398881,-0.0012099275096818,0000773840-24-000014_next,next
-0.0071773362559532,-0.0037867513501905,4,-0.0032614377914712,-0.003915898464482,0000773840-24-000014_next,next
-0.0050705961819695,0.0017063496993998,5,0.0014881532064633,-0.0065587493884329,0000773840-24-000014_next,next
0.0145971251943151,0.0067125410858628,-5,0.0055466679706749,0.0090504572236401,0000773840-25-000010_next,next
-0.0075772863116477,0.0003395827888592,-4,0.0008721259394324,-0.0084494122510802,0000773840-25-000010_next,next
-0.0093263183152894,-0.0027238667143857,-3,-0.0013749032730826,-0.0079514150422067,0000773840-25-000010_next,next
0.0012682957945904,0.0104262921222306,-2,0.0082706910230828,-0.0070023952284923,0000773840-25-000010_next,next
-0.0122766208213526,-7.194380749464546e-05,-1,0.0005702726584318,-0.0128468934797844,0000773840-25-000010_next,next
0.0260912549315408,0.0024449877750611,0,0.0024164329381799,0.0236748219933609,0000773840-25-000010_next,next
0.0133148031954113,0.0023769693899173,1,0.0023665416968703,0.010948261498541,0000773840-25-000010_next,next
0.0025615219916488,-0.0043341850761716,2,-0.0025560660102355,0.0051175880018843,0000773840-25-000010_next,next
0.0027916628025945,-0.0170641267025635,3,-0.0118934324913264,0.014685095293921,0000773840-25-000010_next,next
-0.0095781966697705,-0.0049691065044024,4,-0.0030217785984061,-0.0065564180713644,0000773840-25-000010_next,next
0.0099566595780686,-0.0046797309154723,5,-0.0028095226428156,0.0127661822208843,0000773840-25-000010_next,next
0.0145930520489192,-0.0033037129754581,-5,-0.0018160599498881,0.0164091119988074,0000773840-26-000013_next,next
-0.0026300212554147,-4.895607156218951e-05,-4,0.0001206396292791,-0.0027506608846939,0000773840-26-000013_next,next
-0.0118253230333997,-0.0156610121277019,-3,-0.0091691055918371,-0.0026562174415626,0000773840-26-000013_next,next
0.0064629392422597,0.0004990891480125,-2,0.0004467466097558,0.0060161926325038,0000773840-26-000013_next,next
0.0052613345122931,0.0010313220779065,-1,0.0007634446986702,0.0044978898136229,0000773840-26-000013_next,next
-0.0062228982601711,0.0055660701474107,0,0.003461785907295,-0.0096846841674662,0000773840-26-000013_next,next
-0.0015344015806317,-0.0028221256867719,1,-0.0015294978726361,-4.903707995643344e-06,0000773840-26-000013_next,next
0.0132907778562327,0.0069397247635067,2,0.0042791607206735,0.0090116171355591,0000773840-26-000013_next,next
-0.0037300376980833,-0.0103856522472848,3,-0.0060300732271986,0.0023000355291152,0000773840-26-000013_next,next
0.0022627942700308,0.0076516140863223,4,0.004702760944168,-0.0024399666741372,0000773840-26-000013_next,next
-0.0057879145965566,0.0081363556573399,5,0.0049911999349483,-0.010779114531505,0000773840-26-000013_next,next
0.0049370579246124,-0.001082200145408,-5,-0.0005046359014176,0.00544169382603,0001047469-17-001061_next,next
0.0027607420600337,0.0004189867216857,-4,0.0009709155638488,0.0017898264961848,0001047469-17-001061_next,next
-0.0016518061975061,0.0014933641914423,-3,0.0020269461517115,-0.0036787523492176,0001047469-17-001061_next,next
-0.0107527657838544,0.0010179830611165,-2,0.0015596829889513,-0.0123124487728058,0001047469-17-001061_next,next
0.0023413338080831,-0.0025783763780462,-1,-0.0019752622976106,0.0043165961056937,0001047469-17-001061_next,next
0.0118450936119411,0.0136738546598662,0,0.0139994333565478,-0.0021543397446066,0001047469-17-001061_next,next
-0.0078046135740172,-0.0058598805035984,1,-0.0052007289779252,-0.002603884596092,0001047469-17-001061_next,next
-0.0026585625978018,0.00050387727206,2,0.0010543564590084,-0.0037129190568102,0001047469-17-001061_next,next
0.0023325506173001,-0.0032772408480052,3,-0.0026621924295449,0.0049947430468451,0001047469-17-001061_next,next
-0.0004987491708394,-0.0029133737680216,4,-0.0023045390188996,0.0018057898480601,0001047469-17-001061_next,next
-0.0051553675670795,-0.0022842151650487,5,-0.0016861244038696,-0.0034692431632098,0001047469-17-001061_next,next
-0.007734112988436,-0.0054965031281792,-5,-0.0041480562981728,-0.0035860566902632,0001047469-18-001117_next,next
-0.005066379500289,0.0009735510790762,-4,0.0011771653089834,-0.0062435448092725,0001047469-18-001117_next,next
0.0152763113051688,0.0160283763505131,-3,0.013568140447571,0.0017081708575977,0001047469-18-001117_next,next
0.0196759776602024,0.0117570153438109,-2,0.0100525680588037,0.0096234096013987,0001047469-18-001117_next,next
-0.0128009482397504,-0.0127068884438292,-1,-0.0100826124006182,-0.0027183358391321,0001047469-18-001117_next,next
-0.0045992064773048,-0.011095788639207,0,-0.0087565858765686,0.0041573793992638,0001047469-18-001117_next,next
-0.0129629444843745,-0.0133243995419872,1,-0.010590859060883,-0.0023720854234914,0001047469-18-001117_next,next
0.0044208189709866,0.005071602744632,2,0.0045500942795302,-0.0001292753085435,0001047469-18-001117_next,next
0.0159236298087437,0.011032026532745,3,0.0094558611444621,0.0064677686642815,0001047469-18-001117_next,next
-0.0078369846582143,0.0026388586061694,4,0.0025478078633984,-0.0103847925216128,0001047469-18-001117_next,next
0.0166967638575261,-0.0004838747205661,5,-2.2378792266759936e-05,0.0167191426497929,0001047469-18-001117_next,next
-0.0050467127561872,0.0017771107537685,-5,0.0019947484414719,-0.0070414611976591,0001047469-19-000712_next,next
-0.0011594803780853,-0.0035264367908802,-4,-0.0031158707325067,0.0019563903544214,0001047469-19-000712_next,next
0.0102292770635958,0.0064111023949868,-3,0.0064601683013471,0.0037691087622487,0001047469-19-000712_next,next
0.0015081277996578,0.0012318625699112,-2,0.0014693348763932,3.879292326454268e-05,0001047469-19-000712_next,next
0.0018642934370154,-0.0007904570968998,-1,-0.0004794184020697,0.0023437118390852,0001047469-19-000712_next,next
-0.0039361697638206,-0.0005440493877303,0,-0.0002419743228951,-0.0036941954409254,0001047469-19-000712_next,next
-0.0074731034103994,-0.0028255083152146,1,-0.0024404400934548,-0.0050326633169445,0001047469-19-000712_next,next
0.0077463616352655,0.0068953205934343,2,0.0069267719828531,0.0008195896524123,0001047469-19-000712_next,next
-0.005531787717911,-0.003880558492514,3,-0.0034571104674305,-0.0020746772504805,0001047469-19-000712_next,next
-0.0039730082485136,-0.0011315328231061,4,-0.0008080867380192,-0.0031649215104943,0001047469-19-000712_next,next
-0.0065272189194477,-0.0065240986535923,5,-0.0060044859591466,-0.000522732960301,0001047469-19-000712_next,next
-0.0015885211688793,0.0047057858811645,-5,0.0039335094167942,-0.0055220305856735,0001558370-20-001334_next,next
0.0023860542575988,-0.0038155197636281,-4,-0.0042466771707226,0.0066327314283215,0001558370-20-001334_next,next
-0.0091256659233374,-0.0105181030271228,-3,-0.0106809472226671,0.0015552812993297,0001558370-20-001334_next,next
-0.0227575636226522,-0.0335136266712231,-2,-0.0327559298518078,0.0099983662291555,0001558370-20-001334_next,next
-0.0322336150770955,-0.0302799955650561,-1,-0.0296517452460356,-0.0025818698310599,0001558370-20-001334_next,next
-0.0138310028798455,-0.003778540605322,0,-0.0042111783366938,-0.0096198245431516,0001558370-20-001334_next,next
-0.0475135973714969,-0.0441632425840791,1,-0.0429792276519268,-0.0045343697195701,0001558370-20-001334_next,next
-0.0222373719886967,-0.0082383404443618,2,-0.0084924465304497,-0.013744925458247,0001558370-20-001334_next,next
0.0318862460111235,0.04603922900611,3,0.0436123205240089,-0.0117260745128854,0001558370-20-001334_next,next
-0.0402083162770955,-0.0281078961210758,4,-0.0275665977957434,-0.012641718481352,0001558370-20-001334_next,next
0.0412723477722087,0.0422025907744911,5,0.0399292679600369,0.0013430798121718,0001558370-20-001334_next,next
-0.0008327690034437,-0.0003204020092266,-5,-0.0007625842895865,-7.018471385719324e-05,0001558370-21-001489_next,next
0.0063347148867529,-0.0044158356273545,-4,-0.0039826295076724,0.0103173443944254,0001558370-21-001489_next,next
-0.0144122945094569,-0.0018548966445751,-3,-0.0019690846442403,-0.0124432098652165,0001558370-21-001489_next,next
0.0157154637558565,-0.0077328394581538,-2,-0.0065906323028978,0.0223060960587544,0001558370-21-001489_next,next
-0.0012410296031681,0.0012563181187927,-1,0.0004771159673082,-0.0017181455704764,0001558370-21-001489_next,next
0.020710810602798,0.011351613765979,0,0.0084145681408695,0.0122962424619284,0001558370-21-001489_next,next
-0.0060058578591981,-0.0244788075251262,1,-0.0197571927759064,0.0137513349167083,0001558370-21-001489_next,next
-0.028905153856794,-0.0047502141699028,2,-0.0042455354969667,-0.0246596183598272,0001558370-21-001489_next,next
0.0152190412573263,0.0237907635068002,3,0.0181948816253047,-0.0029758403679784,0001558370-21-001489_next,next
-0.0033955949109789,-0.0080808516908706,4,-0.006864257816161,0.003468662905182,0001558370-21-001489_next,next
0.0168700709178386,-0.0130662218719981,5,-0.0107840179463387,0.0276540888641774,0001558370-21-001489_next,next
-0.0016135249002821,0.0157667211707204,-5,0.0049422749766055,-0.0065557998768876,0001558370-22-001584_next,next
-0.0058488706343865,0.000881207755895,-4,0.0007287866559707,-0.0065776572903572,0001558370-22-001584_next,next
-0.0325901464262088,-0.021173138152195,-3,-0.0055139089308961,-0.0270762374953126,0001558370-22-001584_next,next
-0.0049611350841802,-0.0071661613961429,-2,-0.0015490988955063,-0.0034120361886739,0001558370-22-001584_next,next
-0.0034581925892872,-0.0101429452648328,-1,-0.0023917063161739,-0.0010664862731132,0001558370-22-001584_next,next
-0.0149288308366052,-0.0184121228454876,0,-0.0047323768853626,-0.0101964539512426,0001558370-22-001584_next,next
-0.0008193928685517,0.0149568560673292,1,0.0047130348382687,-0.0055324277068204,0001558370-22-001584_next,next
0.0181193411446771,0.0223726776556034,2,0.006812154753003,0.0113071863916741,0001558370-22-001584_next,next
-0.0134482482473188,-0.0024426034406476,3,-0.000212050201069,-0.0132361980462497,0001558370-22-001584_next,next
-0.0094684383672115,-0.0154735036804118,4,-0.0039005723526073,-0.0055678660146041,0001558370-22-001584_next,next
0.0206838580334522,0.018642691757321,5,0.0057563462242295,0.0149275118092227,0001558370-22-001584_next,next
-0.0056184079225382,-0.0015735561458868,-5,-0.0005759689160309,-0.0050424390065072,0001558370-23-002376_next,next
-0.0013744588723317,0.0053294294160743,-4,0.0040647249532798,-0.0054391838256116,0001558370-23-002376_next,next
-0.0016819949132758,-0.0105375514855581,-3,-0.0066022249242391,0.0049202300109633,0001558370-23-002376_next,next
-0.0006127785185151,0.0030730045671669,-2,0.0025477904516943,-0.0031605689702095,0001558370-23-002376_next,next
-0.0091194611870074,-0.0030360018281855,-1,-0.001559132309772,-0.0075603288772353,0001558370-23-002376_next,next
-0.0085845938108055,-0.00472526484568,0,-0.002694778974331,-0.0058898148364744,0001558370-23-002376_next,next
0.0057724842552182,0.0075821940867943,1,0.0055791988142739,0.0001932854409442,0001558370-23-002376_next,next
0.0055069633971609,0.0161477371607488,2,0.0113375859460188,-0.0058306225488578,0001558370-23-002376_next,next
0.0042426524801477,0.0006871667698291,3,0.0009438550617252,0.0032987974184225,0001558370-23-002376_next,next
-0.0149013235962184,-0.0153269191153376,4,-0.0098219895895268,-0.0050793340066915,0001558370-23-002376_next,next
-0.0015595582872783,0.0014147940136839,5,0.0014330195340236,-0.002992577821302,0001558370-23-002376_next,next
-0.0223831939882639,-0.0060053220011653,-5,-0.0016567354027623,-0.0207264585855016,0000051143-24-000012_next,next
-0.0203883234753502,0.0012641999229821,-4,0.0027581893612928,-0.023146512836643,0000051143-24-000012_next,next
0.025097499732146,0.021122884217414,-3,0.014818761980492,0.010278737751654,0000051143-24-000012_next,next
0.008197216801183,0.0003479475462115,-2,0.0022017311305401,0.0059954856706428,0000051143-24-000012_next,next
-0.008561226207214,-0.0037867513501905,-1,-0.000309353468985,-0.0082518727382289,0000051143-24-000012_next,next
0.0040187594955785,0.0017063496993998,0,0.0030267156849901,0.0009920438105883,0000051143-24-000012_next,next
0.0023259702742417,-0.0016581550604305,1,0.0009833852517169,0.0013425850225247,0000051143-24-000012_next,next
-0.001457128481578,0.0052290946971491,2,0.0051661485514559,-0.006623277033034,0000051143-24-000012_next,next
0.0171325944467306,0.0080078289488876,3,0.0068537289437755,0.0102788655029551,0000051143-24-000012_next,next
0.0258232803396443,-0.0011932620709189,4,0.0012657239795516,0.0245575563600926,0000051143-24-000012_next,next
-0.005749436103686,-0.0101931008834446,5,-0.0042000565298845,-0.0015493795738015,0000051143-24-000012_next,next
0.0047516583761177,0.0023769693899173,-5,0.0024443898246069,0.0023072685515108,0000051143-25-000015_next,next
0.0015888411238111,-0.0043341850761716,-4,-0.0024220893486488,0.00401093047246,0000051143-25-000015_next,next
-0.012313897683303,-0.0170641267025635,-3,-0.0116529893546949,-0.000660908328608,0000051143-25-000015_next,next
0.0014916584720412,-0.0049691065044024,-2,-0.0028824917909933,0.0043741502630346,0000051143-25-000015_next,next
-0.0157331487739668,-0.0046797309154723,-1,-0.0026726560192357,-0.013060492754731,0000051143-25-000015_next,next
-0.0074102399209907,0.0001360242800469,0,0.0008194067072165,-0.0082296466282073,0000051143-25-000015_next,next
-0.0102017743801769,-0.0158645536555098,1,-0.0107831394235418,0.0005813650433648,0000051143-25-000015_next,next
-0.003119607727655,0.0158541446349889,2,0.0122171335419303,-0.0153367412695854,0000051143-25-000015_next,next
-0.0089130168347416,-0.0175967394669998,3,-0.0120392044148066,0.0031261875800649,0000051143-25-000015_next,next
0.0120709081430037,-0.0122348266022004,4,-0.0081511047715623,0.020222012914566,0000051143-25-000015_next,next
-0.0073457859292911,0.0111592778931879,5,0.0088127310154154,-0.0161585169447065,0000051143-25-000015_next,next
0.0096008871079924,0.0055660701474107,-5,0.0071233158619497,0.0024775712460427,0000051143-26-000010_next,next
-0.0172936599629264,-0.0028221256867719,-4,-0.0017251436868457,-0.0155685162760806,0000051143-26-000010_next,next
0.0034338314797244,0.0069397247635067,-3,0.0085723434651216,-0.0051385119853971,0000051143-26-000010_next,next
-0.1314746233312285,-0.0103856522472848,-2,-0.009703684023757,-0.1217709393074714,0000051143-26-000010_next,next
0.0267294118560379,0.0076516140863223,-1,0.0093232944444112,0.0174061174116267,0000051143-26-000010_next,next
0.0358450257566922,0.0081363556573399,0,0.0098346339824427,0.0260103917742494,0000051143-26-000010_next,next
0.0188178600675266,-0.0053655805693283,1,-0.0044081589725372,0.0232260190400639,0000051143-26-000010_next,next
-0.0074376538036604,-0.0043393528110311,2,-0.0033256216800554,-0.004112032123605,0000051143-26-000010_next,next
-0.0034970170624916,0.0003983547353176,3,0.0016720458048948,-0.0051690628673865,0000051143-26-000010_next,next
0.0246898473342822,-0.0094440310956254,4,-0.0087103957368056,0.0334002430710878,0000051143-26-000010_next,next
0.0194879677062704,0.0077560492642863,5,0.0094334600230353,0.010054507683235,0000051143-26-000010_next,next
0.0130165627092524,0.0052458450979924,-5,0.0062218786804528,0.0067946840287996,0000050863-17-000012_next,next
0.0036312785269034,0.0040073351766347,-4,0.0047609206977275,-0.001129642170824,0000050863-17-000012_next,next
0.0033396775607072,0.0049923089198982,-3,0.0059228050138564,-0.0025831274531491,0000050863-17-000012_next,next
0.0099861341586429,-0.0008641180363413,-2,-0.0009854914514528,0.0109716256100958,0000050863-17-000012_next,next
0.0019228397169743,0.0016785565287558,-1,0.0020138714436615,-9.103172668714458e-05,0000050863-17-000012_next,next
0.0010963570752517,0.0060480661608284,0,0.0071681862113411,-0.0060718291360893,0000050863-17-000012_next,next
-0.0123222085914355,-0.001082200145408,1,-0.0012427431638827,-0.0110794654275528,0000050863-17-000012_next,next
0.0030497842011261,0.0004189867216857,2,0.0005280710211492,0.0025217131799768,0000050863-17-000012_next,next
0.0096735206031652,0.0014933641914423,3,0.0017954168161514,0.0078781037870138,0000050863-17-000012_next,next
-0.0005470792319325,0.0010179830611165,4,0.0012346527518433,-0.0017817319837759,0000050863-17-000012_next,next
-0.0084912000377161,-0.0025783763780462,5,-0.0030076467572592,-0.0054835532804569,0000050863-17-000012_next,next
0.0200227118639191,0.0139145847540425,-5,0.0235045780049714,-0.0034818661410523,0000050863-18-000007_next,next
-0.0082531127751237,0.002612929746329,-4,0.0047928849849294,-0.0130459977600532,0000050863-18-000007_next,next
0.0206926635535695,0.0134024582572458,-3,0.0226566708808424,-0.0019640073272728,0000050863-18-000007_next,next
0.0118992763124328,0.0120691127622993,-2,0.0204491046815498,-0.0085498283691169,0000050863-18-000007_next,next
-0.0078395984791999,0.0003734693722488,-1,0.0010851010345488,-0.0089246995137487,0000050863-18-000007_next,next
0.0166811021246822,-0.0058413894593534,0,-0.0092045893285412,0.0258856914532234,0000050863-18-000007_next,next
-0.0082038503939787,-0.0054965031281792,1,-0.0086335749814093,0.0004297245874306,0000050863-18-000007_next,next
-0.0030472912246423,0.0009735510790762,2,0.0020786320419486,-0.0051259232665909,0000050863-18-000007_next,next
0.0421398072102467,0.0160283763505131,3,0.0270042972438358,0.0151355099664109,0000050863-18-000007_next,next
0.028912697753771,0.0117570153438109,4,0.0199323776107696,0.0089803201430014,0000050863-18-000007_next,next
0.0162901016845844,-0.0127068884438292,5,-0.0205715182729519,0.0368616199575364,0000050863-18-000007_next,next
-0.0070155683747716,-0.0078468274939378,-5,-0.0090772496903206,0.002061681315549,0000050863-19-000007_next,next
-0.0036392753257777,-0.0014562465775435,-4,-0.0007515022975385,-0.0028877730282391,0000050863-19-000007_next,next
0.0214870164354608,0.0155492609197442,-3,0.0214035351803944,8.348125506631512e-05,0000050863-19-000007_next,next
-0.0088345884290518,0.0085973959487253,-2,0.0123465382634239,-0.0211811266924757,0000050863-19-000007_next,next
0.0341680000827799,0.0008986100931438,-1,0.0023164412967681,0.0318515587860118,0000050863-19-000007_next,next
0.0100552892644376,0.006776236617404,0,0.0099739037951408,8.138546929681127e-05,0000050863-19-000007_next,next
0.0160504493639523,0.0047084203769747,1,0.0072799209009816,0.0087705284629707,0000050863-19-000007_next,next
0.0041250272986916,-0.0022244379802809,2,-0.0017523139064004,0.0058773412050921,0000050863-19-000007_next,next
-0.0134267114703304,-0.0093571401439401,3,-0.0110449083073619,-0.0023818031629685,0000050863-19-000007_next,next
-0.0079220579367309,0.000676201086956,4,0.002026683412841,-0.009948741349572,0000050863-19-000007_next,next
-0.0014332899699913,0.0007091030986317,5,0.0020695486611665,-0.0035028386311579,0000050863-19-000007_next,next
-0.001005836256874,0.0038621622485013,-5,0.0060825311137509,-0.0070883673706249,0000050863-20-000011_next,next
0.0159397922303707,-0.0026519776473655,-4,-0.0026380855837314,0.0185778778141022,0000050863-20-000011_next,next
0.0360031928495709,0.000289076071118,-3,0.0012991651624298,0.0347040276871411,0000050863-20-000011_next,next
0.0094052708867891,0.0011409766124783,-2,0.0024396224145521,0.0069656484722369,0000050863-20-000011_next,next
0.081333147199621,-0.0090421609742074,-1,-0.0111927590035313,0.0925259062031524,0000050863-20-000011_next,next
-0.0406018113940114,-0.0157307116591823,0,-0.0201468631090263,-0.020454948284985,0000050863-20-000011_next,next
0.0246612322860957,0.010053584595046,1,0.0143711190101669,0.0102901132759287,0000050863-20-000011_next,next
-0.0145596052230108,-0.0008668741908683,2,-0.0002483298741035,-0.0143112753489072,0000050863-20-000011_next,next
0.0021106648721485,0.0031343587926053,3,0.0051082052516369,-0.0029975403794884,0000050863-20-000011_next,next
-0.038212595104525,-0.0177058203755262,4,-0.0227909828740961,-0.0154216122304288,0000050863-20-000011_next,next
0.0076646202199452,0.0072546138923517,5,0.010624077798914,-0.0029594575789687,0000050863-20-000011_next,next
-0.0281853972862579,-0.0071900279753709,-5,-0.0075927205006479,-0.0205926767856099,0000050863-21-000010_next,next
0.0071203234334789,0.0081363795155244,-4,0.0063388936492137,0.0007814297842651,0000050863-21-000010_next,next
0.0117261837496995,0.0139356254219462,-3,0.011610374025579,0.0001158097241204,0000050863-21-000010_next,next
0.0645986424383548,0.0003167233075522,-2,-0.0007691277927813,0.0653677702311362,0000050863-21-000010_next,next
-0.0928595672281558,-0.0030106116552376,-1,-0.0037936556788153,-0.0890659115493404,0000050863-21-000010_next,next
-0.0215318377325196,0.0036158389430824,0,0.0022297488909611,-0.0237615866234808,0000050863-21-000010_next,next
-0.0041486666832085,-0.0014888337468982,1,-0.0024103685220982,-0.0017382981611103,0000050863-21-000010_next,next
-0.0293424812466528,-0.025677883699462,2,-0.0243980724762726,-0.0049444087703802,0000050863-21-000010_next,next
0.0462772645325801,0.0097606259756297,3,0.0078153241160344,0.0384619404165457,0000050863-21-000010_next,next
-0.0099876291961805,-0.0193114751731245,4,-0.0186110446185042,0.0086234154223236,0000050863-21-000010_next,next
0.0212575042616793,0.0160517676144393,5,0.0135339348162973,0.007723569445382,0000050863-21-000010_next,next
0.0,-0.0189148218679086,-5,-0.0218163849375006,0.0218163849375006,0000050863-22-000007_next,next
-0.0019215217389931,0.0027717389433818,-4,0.002006552051918,-0.0039280737909112,0000050863-22-000007_next,next
-0.0180978859944757,-0.0121719062536467,-3,-0.0144092144229441,-0.0036886715715315,0000050863-22-000007_next,next
0.013529369495848,-0.0014966358477518,-2,-0.0026823068492804,0.0162116763451284,0000050863-22-000007_next,next
-0.0704197121181062,-0.0053840887577105,-1,-0.0069527186738729,-0.0634669934442333,0000050863-22-000007_next,next
-0.0066598558427927,0.0243476468880761,0,0.0257079355921033,-0.032367791434896,0000050863-22-000007_next,next
0.0228367553437083,0.0188859517327795,1,0.0197082005178215,0.0031285548258867,0000050863-22-000007_next,next
0.0026628545730253,0.0068630035578014,2,0.0065008533827963,-0.0038379988097709,0000050863-22-000007_next,next
0.0114402749302591,0.0094225154473364,3,0.0093125066918961,0.0021277682383629,0000050863-22-000007_next,next
-0.0248434186486015,-0.024391082077444,4,-0.0278321198917263,0.0029887012431248,0000050863-22-000007_next,next
0.0019825692025017,0.0051569298644233,5,0.0046267117680737,-0.002644142565572,0000050863-22-000007_next,next
0.0359342778894835,0.0118813449836652,-5,0.0151181369962767,0.0208161408932068,0000050863-23-000006_next,next
-0.0115625554211326,-0.0007115031258156,-4,-0.0026566537243828,-0.0089059016967497,0000050863-23-000006_next,next
-0.0073528726360844,-0.0001817250594663,-3,-0.0019088725889408,-0.0054440000471435,0000050863-23-000006_next,next
0.0131312382572463,0.0110078534691813,-2,0.0138852047214457,-0.0007539664641993,0000050863-23-000006_next,next
-0.0641408867232113,0.002494840970949,-1,0.0018690973053233,-0.0660099840285347,0000050863-23-000006_next,next
-0.0074572847675373,-0.0129687409846833,0,-0.0199577309596977,0.0125004461921603,0000050863-23-000006_next,next
0.011091065259873,0.0146424702855101,1,0.0190154622055644,-0.0079243969456914,0000050863-23-000006_next,next
0.0286624917128062,0.0104523039445902,2,0.0131010472021366,0.0155614445106696,0000050863-23-000006_next,next
0.0385277337464535,0.0146993732443099,3,0.0190957806669053,0.0194319530795482,0000050863-23-000006_next,next
0.0043060152324259,-0.0103546106913104,4,-0.0162678890369434,0.0205739042693693,0000050863-23-000006_next,next
-0.042230002471857,-0.0061404630177543,5,-0.0103196244098954,-0.0319103780619616,0000050863-23-000006_next,next
0.0014537445181501,0.002194325202627,-5,0.0060734134015872,-0.004619668883437,0000050863-24-000010_next,next
0.0138946254820606,0.002921374261968,-4,0.0071372221225217,0.0067574033595388,0000050863-24-000010_next,next
0.0040907442276305,0.0008119284117831,-3,0.0040507084094031,4.003581822744663e-05,0000050863-24-000010_next,next
0.0093706555174917,0.0052603655277063,-2,0.0105596037000973,-0.0011889481826056,0000050863-24-000010_next,next
-0.1190716931412595,-0.0006517852510764,-1,0.0019090216284415,-0.1209807147697011,0000050863-24-000010_next,next
0.0043527964119831,0.0075567748961808,0,0.0139196799998087,-0.0095668835878255,0000050863-24-000010_next,next
-0.0209854741113519,-0.0006006499345398,1,0.0019838421580611,-0.0229693162694131,0000050863-24-000010_next,next
0.0037280708667621,-0.0161057446115979,2,-0.0207030105714117,0.0244310814381739,0000050863-24-000010_next,next
0.0064995105849687,0.0124936882116097,3,0.0211433073080014,-0.0146437967230326,0000050863-24-000010_next,next
-0.0175278116420447,0.0106844460775146,4,0.0184960477650521,-0.0360238594070968,0000050863-24-000010_next,next
0.0039906538697618,-0.0031863375266721,5,-0.0017995022734906,0.0057901561432524,0000050863-24-000010_next,next
-0.0259241003435698,-0.0145807156908095,-5,-0.0370319271879222,0.0111078268443524,0000050863-25-000009_next,next
-0.0241499091353817,0.0092178694499676,-4,0.0200276724600793,-0.044177581595461,0000050863-25-000009_next,next
-0.0025252140902591,-0.0046788957603215,-3,-0.0132912771585987,0.0107660630683396,0000050863-25-000009_next,next
0.0131645685509791,0.0052754144053117,-2,0.010575223705348,0.0025893448456311,0000050863-25-000009_next,next
-0.0289855031020391,-0.0050468257540199,-1,-0.014173427841706,-0.0148120752603331,0000050863-25-000009_next,next
-0.0025733990542378,-0.0076085976846667,0,-0.0203155442695324,0.0177421452152946,0000050863-25-000009_next,next
-0.0046438725044659,0.0072248818286797,1,0.0152492759671189,-0.0198931484715849,0000050863-25-000009_next,next
0.018662451317623,0.0039086729306143,2,0.0072983179184182,0.0113641333992047,0000050863-25-000009_next,next
-0.0137404815778754,0.0036442987226186,3,0.0066644530740898,-0.0204049346519653,0000050863-25-000009_next,next
-0.0144478220547972,-0.0094647701115428,4,-0.0247659120089885,0.0103180899541913,0000050863-25-000009_next,next
0.0350785373252642,0.0067125410858628,5,0.0140208853928237,0.0210576519324404,0000050863-25-000009_next,next
-0.0281457081734468,-0.0006423023039563,-5,0.0034246051110681,-0.031570313284515,0000050863-26-000011_next,next
0.0340715996595366,-0.0206267580562774,-4,-0.0382272587127669,0.0722988583723035,0000050863-26-000011_next,next
0.1171745977305223,0.0115877413232745,-3,0.0289146218537967,0.0882599758767255,0000050863-26-000011_next,next
0.0012903169552851,0.0054875021926288,-2,0.0162004237434491,-0.014910106788164,0000050863-26-000011_next,next
-0.1702871879964567,0.0003268698377891,-1,0.0054445663534527,-0.1757317543499094,0000050863-26-000011_next,next
-0.0572442430403146,0.0050060830312763,0,0.0151970436364622,-0.0724412866767769,0000050863-26-000011_next,next
0.0338902934767062,0.0040818961771371,1,0.0132708413183474,0.0206194521583587,0000050863-26-000011_next,next
0.1104028782251038,-8.172305219089626e-05,2,0.0045929717129101,0.1058099065121936,0000050863-26-000011_next,next
-0.0024600027652256,-0.0012926312740076,3,0.0020691809735793,-0.0045291837388049,0000050863-26-000011_next,next
-0.0450061371470689,-0.0043018996208942,4,-0.0042027754383103,-0.0408033617087585,0000050863-26-000011_next,next
0.050355069746488,0.0053912661291679,5,0.015999847282429,0.034355222464059,0000050863-26-000011_next,next
0.0067301850892933,0.0060480661608284,-5,0.0024746914801618,0.0042554936091314,0000200406-17-000006_next,next
-0.001169825580801,-0.001082200145408,-4,-0.0012281897556494,5.836417484837773e-05,0000200406-17-000006_next,next
0.0182393174781485,0.0004189867216857,-3,-0.0004485952155764,0.018687912693725,0000200406-17-000006_next,next
0.0151368362149215,0.0014933641914423,-2,0.000109349186789,0.0150274870281325,0000200406-17-000006_next,next
-0.0026888168787154,0.0010179830611165,-1,-0.0001375251642856,-0.0025512917144297,0000200406-17-000006_next,next
-0.0015524394664431,-0.0025783763780462,0,-0.0020051821791241,0.000452742712681,0000200406-17-000006_next,next
0.0135018563415483,0.0136738546598662,1,0.0064349066991438,0.0070669496424044,0000200406-17-000006_next,next
-0.0018572548313949,-0.0058598805035984,2,-0.0037093289150064,0.0018520740836114,0000200406-17-000006_next,next
0.0012941468284093,0.00050387727206,3,-0.000404509958087,0.0016986567864963,0000200406-17-000006_next,next
-0.0006461971850321,-0.0032772408480052,4,-0.002368115626634,0.0017219184416019,0000200406-17-000006_next,next
0.0009698826094659,-0.0029133737680216,5,-0.002179152616708,0.0031490352261739,0000200406-17-000006_next,next
-0.0022317529601698,0.0134024582572458,-5,0.0068986796467997,-0.0091304326069696,0000200406-18-000005_next,next
0.0120310155769323,0.0120691127622993,-4,0.0062179993675848,0.0058130162093474,0000200406-18-000005_next,next
0.0146306860253435,0.0003734693722488,-3,0.0002473084712558,0.0143833775540877,0000200406-18-000005_next,next
-0.0171235898258682,-0.0058413894593534,-2,-0.0029254114732821,-0.0141981783525861,0000200406-18-000005_next,next
-0.0073353562839725,-0.0054965031281792,-1,-0.0027493450860698,-0.0045860111979027,0000200406-18-000005_next,next
0.0,0.0009735510790762,0,0.0005536535148347,-0.0005536535148347,0000200406-18-000005_next,next
0.01624181414328,0.0160283763505131,1,0.008239225415091,0.0080025887281889,0000200406-18-000005_next,next
0.0067846888785874,0.0117570153438109,2,0.0060586719023748,0.0007260169762125,0000200406-18-000005_next,next
-0.003028925417333,-0.0127068884438292,3,-0.0064302868288557,0.0034013614115227,0000200406-18-000005_next,next
-0.0135945150293145,-0.011095788639207,4,-0.0056078114321863,-0.0079867035971281,0000200406-18-000005_next,next
-0.0200183976813435,-0.0133243995419872,5,-0.0067455296734939,-0.0132728680078495,0000200406-18-000005_next,next
0.0021617017936175,0.0030239946687606,-5,0.0021878965163217,-2.6194722704191847e-05,0000200406-19-000009_next,next
-0.0010414598293614,-0.0026516415551012,-4,-0.0014349034385775,0.0003934436092161,0000200406-19-000009_next,next
0.0154119407655914,0.0108787526085869,-3,0.0072016457398025,0.0082102950257889,0000200406-19-000009_next,next
-0.0050590856335682,0.0014987433214488,-2,0.0012143174682107,-0.006273403101779,0000200406-19-000009_next,next
0.004864136610883,0.0017771107537685,-1,0.0013920014284711,0.0034721351824118,0000200406-19-000009_next,next
-0.0068207073769115,-0.0035264367908802,0,-0.001993291611414,-0.0048274157654975,0000200406-19-000009_next,next
0.0087138080868856,0.0064111023949868,1,0.0043499120567507,0.0043638960301348,0000200406-19-000009_next,next
0.0036843161884005,0.0012318625699112,2,0.0010439655399865,0.0026403506484139,0000200406-19-000009_next,next
-0.0006608402686227,-0.0007904570968998,3,-0.0002468958381462,-0.0004139444304765,0000200406-19-000009_next,next
-0.0017631535011811,-0.0005440493877303,4,-8.961200203411456e-05,-0.001673541499147,0000200406-19-000009_next,next
0.0056671119077105,-0.0028255083152146,5,-0.0015458838583672,0.0072129957660777,0000200406-19-000009_next,next
0.0008562281334552,0.0016884725532351,-5,0.0017486349821867,-0.0008924068487315,0000200406-20-000010_next,next
-0.005921983894798,0.0064626464661976,-4,0.0033197798245867,-0.0092417637193847,0000200406-20-000010_next,next
-0.0066179996103735,-0.0016304457368023,-3,0.000656403855126,-0.0072744034654995,0000200406-20-000010_next,next
0.0002663735008998,0.0018435333204338,-2,0.0017996643181691,-0.0015332908172692,0000200406-20-000010_next,next
-0.0065944120233772,-0.0029199426368901,-1,0.0002320400927664,-0.0068264521161437,0000200406-20-000010_next,next
-0.0013407824392024,0.0047057858811645,0,0.0027416101773738,-0.0040823926165762,0000200406-20-000010_next,next
-0.0038272876960847,-0.0038155197636281,1,-6.268762543108568e-05,-0.0037646000706536,0000200406-20-000010_next,next
0.0105144439058513,-0.0105181030271228,2,-0.002268457527655,0.0127829014335064,0000200406-20-000010_next,next
-0.0206070884446825,-0.0335136266712231,3,-0.0098361119596852,-0.0107709764849972,0000200406-20-000010_next,next
-0.0086350850270106,-0.0302799955650561,4,-0.0087719482054315,0.0001368631784209,0000200406-20-000010_next,next
-0.0067061082303475,-0.003778540605322,5,-5.051806166818406e-05,-0.0066555901686793,0000200406-20-000010_next,next
-0.0090648257661701,-0.0005692724183511,-5,-3.015156687121692e-05,-0.0090346741992989,0000200406-21-000008_next,next
0.0035745267389604,-0.0003204020092266,-4,0.0001173884033234,0.0034571383356369,0000200406-21-000008_next,next
0.0004828455525296,-0.0044158356273545,-3,-0.0023105424868073,0.0027933880393369,0000200406-21-000008_next,next
-0.0166527198547504,-0.0018548966445751,-2,-0.0007923191571681,-0.0158604006975822,0000200406-21-000008_next,next
-0.0006176484294262,-0.0077328394581538,-1,-0.0042769901976997,0.0036593417682734,0000200406-21-000008_next,next
-0.0088338924094311,0.0012563181187927,0,0.0010521288632748,-0.0098860212727059,0000200406-21-000008_next,next
0.0134007075107764,0.011351613765979,1,0.007037009203738,0.0063636983070384,0000200406-21-000008_next,next
0.0010451134447269,-0.0244788075251262,2,-0.0142046454708745,0.0152497589156014,0000200406-21-000008_next,next
-0.0264187404625756,-0.0047502141699028,3,-0.0025087749740477,-0.0239099654885278,0000200406-21-000008_next,next
0.0054271035083568,0.0237907635068002,4,0.0144114165849293,-0.0089843130765725,0000200406-21-000008_next,next
-0.001882985157948,-0.0080808516908706,5,-0.0044833052619255,0.0026003201039774,0000200406-21-000008_next,next
-0.0100929401994038,-0.0189694543445634,-5,-0.0050490018897941,-0.0050439383096097,0000200406-22-000022_next,next
-0.0125814978083457,-0.0038405967262932,-4,-0.0012748251073773,-0.0113066727009683,0000200406-22-000022_next,next
0.0103262860937656,0.0157667211707204,-3,0.0036165874393972,0.0067096986543684,0000200406-22-000022_next,next
-0.000597708578884,0.000881207755895,-2,-9.688257546636606e-05,-0.0005008260034177,0000200406-22-000022_next,next
-0.0061001277444893,-0.021173138152195,-1,-0.0055987520740054,-0.0005013756704838,0000200406-22-000022_next,next
-0.0107187171900353,-0.0071661613961429,0,-0.0021044494770465,-0.0086142677129888,0000200406-22-000022_next,next
-0.0135897658546649,-0.0101429452648328,1,-0.0028470639458293,-0.0107427019088356,0000200406-22-000022_next,next
0.0004965766308027,-0.0184121228454876,2,-0.004909965112729,0.0054065417435317,0000200406-22-000022_next,next
-0.0191044141155439,0.0149568560673292,3,0.0034145514266835,-0.0225189655422274,0000200406-22-000022_next,next
0.0497028089401554,0.0223726776556034,4,0.0052645669643543,0.044438241975801,0000200406-22-000022_next,next
-0.0086143997355675,-0.0024426034406476,5,-0.0009260695083897,-0.0076883302271777,0000200406-22-000022_next,next
0.0046467527137452,0.0021952617756952,-5,0.0011637909814267,0.0034829617323185,0000200406-23-000016_next,next
0.003700333916222,0.0114486093427661,-4,0.0045196807389127,-0.0008193468226907,0000200406-23-000016_next,next
-0.0043625402211138,-0.0002804145319874,-3,0.0002659432886232,-0.004628483509737,0000200406-23-000016_next,next
-0.0164775901629206,0.002773175690496,-2,0.0013733816591064,-0.017850971822027,0000200406-23-000016_next,next
-0.0070901403917498,-0.0137887414891306,-1,-0.0046330898177923,-0.0024570505739575,0000200406-23-000016_next,next
0.0208770393784019,-0.0027674058253277,0,-0.0006360079833659,0.0215130473617678,0000200406-23-000016_next,next
-0.0149012659441631,-0.0200412342553273,1,-0.006900666635884,-0.0080005993082791,0000200406-23-000016_next,next
-0.0013924231941885,-0.0015735561458868,2,-0.0002030373333202,-0.0011893858608682,0000200406-23-000016_next,next
-0.0003170079579044,0.0053294294160743,3,0.0023004521741848,-0.0026174601320893,0000200406-23-000016_next,next
-0.0111582414100058,-0.0105375514855581,4,-0.0034539884003272,-0.0077042530096786,0000200406-23-000016_next,next
-0.0021797186692471,0.0030730045671669,5,0.0014821198912894,-0.0036618385605366,0000200406-23-000016_next,next
0.006953412880329,-0.0009489536011326,-5,-0.0009450259176817,0.0078984387980108,0000200406-24-000013_next,next
-0.0087425751032264,-0.0136742556536254,-4,-0.0064423576414672,-0.0023002174617591,0000200406-24-000013_next,next
-0.0046653762247758,0.0095797632750176,-3,0.0036033807963795,-0.0082687570211553,0000200406-24-000013_next,next
0.0139976942184836,0.0058212506847294,-2,0.0019797029919858,0.0120179912264977,0000200406-24-000013_next,next
-0.001148353827846,-0.0048034698371121,-1,-0.0026101773063472,0.0014618234785011,0000200406-24-000013_next,next
0.0083677167845201,-0.0060053220011653,0,-0.003129377558058,0.0114970943425782,0000200406-24-000013_next,next
0.0051943917151733,0.0012641999229821,1,1.1056619890701769e-05,0.0051833350952826,0000200406-24-000013_next,next
0.0111545658165572,0.021122884217414,2,0.0085900101656758,0.0025645556508813,0000200406-24-000013_next,next
0.0086632482174278,0.0003479475462115,3,-0.0003847644959489,0.0090480127133767,0000200406-24-000013_next,next
-0.006487879566581,-0.0037867513501905,4,-0.0021709548211553,-0.0043169247454256,0000200406-24-000013_next,next
0.001181628861089,0.0017063496993998,5,0.0002020653662874,0.0009795634948016,0000200406-24-000013_next,next
-0.0025404138774089,-0.0094647701115428,-5,-0.0006233107294392,-0.0019171031479697,0000200406-25-000038_next,next
0.0073143344927155,0.0067125410858628,-4,-0.0007181178284808,0.0080324523211963,0000200406-25-000038_next,next
0.0122537743267976,0.0003395827888592,-3,-0.0006807691194723,0.0129345434462699,0000200406-25-000038_next,next
-0.0055723716475503,-0.0027238667143857,-2,-0.0006628157799513,-0.0049095558675989,0000200406-25-000038_next,next
0.0128173224093655,0.0104262921222306,-1,-0.0007398822588008,0.0135572046681663,0000200406-25-000038_next,next
-0.0069953156930633,-7.194380749464546e-05,0,-0.0006783573686997,-0.0063169583243635,0000200406-25-000038_next,next
0.0005164589966655,0.0024449877750611,1,-0.0006931078410691,0.0012095668377346,0000200406-25-000038_next,next
0.018710875182897,0.0023769693899173,2,-0.0006927092194627,0.0194035844023597,0000200406-25-000038_next,next
0.0113370022303533,-0.0043341850761716,3,-0.0006533785125,0.0119903807428533,0000200406-25-000038_next,next
0.016407754219726,-0.0170641267025635,4,-0.0005787747157479,0.0169865289354739,0000200406-25-000038_next,next
0.0088725852917574,-0.0049691065044024,5,-0.000649657556774,0.0095222428485315,0000200406-25-000038_next,next
0.0141595760782875,-0.0122510155676747,-5,0.0034148261000754,0.010744749978212,0000200406-26-000016_next,next
0.009251934979171,0.0196957966973359,-4,0.0003706611611907,0.0088812738179803,0000200406-26-000016_next,next
-0.0056252937041081,0.0046910867168872,-3,0.0018004379934364,-0.0074257316975446,0000200406-26-000016_next,next
-0.0012151164830424,-0.0033037129754581,-2,0.0025622507437965,-0.0037773672268389,0000200406-26-000016_next,next
0.0105307034556223,-4.895607156218951e-05,-1,0.0022521097266195,0.0082785937290028,0000200406-26-000016_next,next
0.0153200540092106,-0.0156610121277019,0,0.0037397596766602,0.0115802943325503,0000200406-26-000016_next,next
-0.0044980300989144,0.0004990891480125,1,0.0021998873005285,-0.006697917399443,0000200406-26-000016_next,next
-0.0004929252175764,0.0010313220779065,2,0.0021491716043563,-0.0026420968219328,0000200406-26-000016_next,next
0.0068220342249889,0.0055660701474107,3,0.0017170621041862,0.0051049721208026,0000200406-26-000016_next,next
0.0078370373154914,-0.0028221256867719,4,0.0025163609965795,0.0053206763189119,0000200406-26-000016_next,next
-0.0179012773601625,0.0069397247635067,5,0.0015861685682125,-0.019487445928375,0000200406-26-000016_next,next
0.0005493998635326,-0.001082200145408,-5,0.0009457293100312,-0.0003963294464985,0000019617-17-000314_next,next
0.0007689956613281,0.0004189867216857,-4,0.0024366216757849,-0.0016676260144568,0000019617-17-000314_next,next
-0.0087789276496607,0.0014933641914423,-3,0.0035036315216004,-0.0122825591712611,0000019617-17-000314_next,next
0.0011070714186869,0.0010179830611165,-2,0.0030315103529693,-0.0019244389342823,0000019617-17-000314_next,next
0.0021014129450851,-0.0025783763780462,-1,-0.0005401867820678,0.002641599727153,0000019617-17-000314_next,next
0.032883907925447,0.0136738546598662,0,0.0156005933646428,0.0172833145608042,0000019617-17-000314_next,next
-0.0155980673853005,-0.0058598805035984,1,-0.0037991877473818,-0.0117988796379187,0000019617-17-000314_next,next
0.0071631606450917,0.00050387727206,2,0.002520930082854,0.0046422305622376,0000019617-17-000314_next,next
-0.0094827770035188,-0.0032772408480052,3,-0.0012342587365978,-0.0082485182669209,0000019617-17-000314_next,next
-0.0055485280925807,-0.0029133737680216,4,-0.0008728869023592,-0.0046756411902215,0000019617-17-000314_next,next
-0.0021876617932524,-0.0022842151650487,5,-0.0002480428016133,-0.0019396189916391,0000019617-17-000314_next,next
0.0041845145399352,-0.0054965031281792,-5,-0.0044846400859051,0.0086691546258404,0000019617-18-000057_next,next
-0.0018232003070828,0.0009735510790762,-4,0.0022245407243924,-0.0040477410314752,0000019617-18-000057_next,next
0.0202642386255356,0.0160283763505131,-3,0.0178357769796064,0.0024284616459291,0000019617-18-000057_next,next
0.0124458473169575,0.0117570153438109,-2,0.0134065508275467,-0.0009607035105892,0000019617-18-000057_next,next
-0.0118716841372288,-0.0127068884438292,-1,-0.011961513887111,8.982974988217679e-05,0000019617-18-000057_next,next
-0.0158488175451586,-0.011095788639207,0,-0.0102908694772814,-0.0055579480678772,0000019617-18-000057_next,next
-0.017922189056179,-0.0133243995419872,1,-0.0126018475654998,-0.0053203414906791,0000019617-18-000057_next,next
-0.0009693293745908,0.005071602744632,2,0.0064740521988592,-0.0074433815734501,0000019617-18-000057_next,next
0.0153546308531451,0.011032026532745,3,0.0126547671696248,0.0026998636835202,0000019617-18-000057_next,next
0.0008689971043978,0.0026388586061694,4,0.0039513963188151,-0.0030823992144173,0000019617-18-000057_next,next
-0.0037338758213403,-0.0004838747205661,5,0.0007132499539954,-0.0044471257753358,0000019617-18-000057_next,next
0.0048490189016727,0.0017771107537685,-5,0.0015294012201386,0.0033196176815341,0000019617-19-000054_next,next
-0.0020817939392482,-0.0035264367908802,-4,-0.0029619320464093,0.000880138107161,0000019617-19-000054_next,next
-0.0044562518268861,0.0064111023949868,-3,0.0054537180363627,-0.0099099698632488,0000019617-19-000054_next,next
0.0104760398612515,0.0012318625699112,-2,0.0010676553253264,0.0094083845359251,0000019617-19-000054_next,next
-0.0076342946635286,-0.0007904570968998,-1,-0.0006449552468758,-0.0069893394166527,0000019617-19-000054_next,next
-0.0012345385532961,-0.0005440493877303,0,-0.0004362837619857,-0.0007982547913103,0000019617-19-000054_next,next
-0.0076075961395852,-0.0028255083152146,1,-0.0023683475911508,-0.0052392485484344,0000019617-19-000054_next,next
0.0006709163704579,0.0068953205934343,2,0.0058637804115269,-0.005192864041069,0000019617-19-000054_next,next
-0.0022982058469118,-0.003880558492514,3,-0.0032618216138289,0.000963615766917,0000019617-19-000054_next,next
-0.0007678332545122,-0.0011315328231061,4,-0.0009337967708984,0.0001659635163861,0000019617-19-000054_next,next
-0.0037461307474984,-0.0065240986535923,5,-0.0055005155761158,0.0017543848286174,0000019617-19-000054_next,next
0.0136389522687501,0.0047057858811645,-5,0.0068248874581498,0.0068140648106002,0000019617-20-000257_next,next
0.0,-0.0038155197636281,-4,-0.0041468249850525,0.0041468249850525,0000019617-20-000257_next,next
-0.0122192624920812,-0.0105181030271228,-3,-0.0127768189389278,0.0005575564468465,0000019617-20-000257_next,next
-0.0268755089185578,-0.0335136266712231,-2,-0.0423849897311711,0.0155094808126133,0000019617-20-000257_next,next
-0.0446429950417111,-0.0302799955650561,-1,-0.0382214880187381,-0.0064215070229729,0000019617-20-000257_next,next
0.0030098939729261,-0.003778540605322,0,-0.0040992120125528,0.007109105985479,0000019617-20-000257_next,next
-0.0416141313500754,-0.0441632425840791,1,-0.0560970343751524,0.014482903025077,0000019617-20-000257_next,next
-0.0433384673502089,-0.0082383404443618,2,-0.0098414824377531,-0.0334969849124557,0000019617-20-000257_next,next
0.0465936042748591,0.04603922900611,3,0.0600442732140745,-0.0134506689392153,0000019617-20-000257_next,next
-0.0375247326071465,-0.0281078961210758,4,-0.0354247745230834,-0.002099958084063,0000019617-20-000257_next,next
0.0247091009754572,0.0422025907744911,5,0.0551043622214859,-0.0303952612460287,0000019617-20-000257_next,next
0.0031110029885488,-0.0003204020092266,-5,0.0018859078260297,0.001225095162519,0000019617-21-000236_next,next
0.0033770922584592,-0.0044158356273545,-4,-0.00184361468504,0.0052207069434993,0000019617-21-000236_next,next
0.0166905037203526,-0.0018548966445751,-3,0.0004885143338446,0.0162019893865079,0000019617-21-000236_next,next
0.0093909392570263,-0.0077328394581538,-2,-0.0048642570906482,0.0142551963476746,0000019617-21-000236_next,next
0.0080310427335215,0.0012563181187927,-1,0.0033217541269138,0.0047092886066076,0000019617-21-000236_next,next
0.0175952721512209,0.011351613765979,0,0.0125150742689937,0.0050801978822272,0000019617-21-000236_next,next
-0.0135717459845285,-0.0244788075251262,1,-0.0201140378706327,0.0065422918861042,0000019617-21-000236_next,next
-0.0265243112518814,-0.0047502141699028,2,-0.0021481178019096,-0.0243761934499718,0000019617-21-000236_next,next
0.0226267209180495,0.0237907635068002,3,0.0238428342335581,-0.0012161133155086,0000019617-21-000236_next,next
-0.0032555721173679,-0.0080808516908706,4,-0.0051811757803567,0.0019256036629887,0000019617-21-000236_next,next
0.019331803420775,-0.0130662218719981,5,-0.0097211224747021,0.0290529258954771,0000019617-21-000236_next,next
0.014623760829749,0.0157667211707204,-5,0.0128821704941134,0.0017415903356355,0000019617-22-000272_next,next
0.0018096714221109,0.000881207755895,-4,0.0003808445340885,0.0014288268880224,0000019617-22-000272_next,next
-0.0230322647923381,-0.021173138152195,-3,-0.0181410941689179,-0.0048911706234201,0000019617-22-000272_next,next
0.0046886484249351,-0.0071661613961429,-2,-0.0063775911400266,0.0110662395649617,0000019617-22-000272_next,next
-0.0017748855713168,-0.0101429452648328,-1,-0.0088775885816985,0.0071027030103817,0000019617-22-000272_next,next
-0.0209391262710902,-0.0184121228454876,0,-0.0158223060043531,-0.0051168202667371,0000019617-22-000272_next,next
-0.0278430477587805,0.0149568560673292,1,0.0122020201117249,-0.0400450678705054,0000019617-22-000272_next,next
0.0236596451283725,0.0223726776556034,2,0.0184300621249801,0.0052295830033924,0000019617-22-000272_next,next
-0.0416975840450392,-0.0024426034406476,3,-0.0024105974564964,-0.0392869865885427,0000019617-22-000272_next,next
-0.0377292297648549,-0.0154735036804118,4,-0.0133543604904013,-0.0243748692744536,0000019617-22-000272_next,next
0.02074016973806,0.018642691757321,5,0.0152975017462239,0.005442667991836,0000019617-22-000272_next,next
0.0044185117835102,-0.0002804145319874,-5,0.0018895317594051,0.002528980024105,0000019617-23-000231_next,next
0.0041902382245782,0.002773175690496,-4,0.0045442012941965,-0.0003539630696183,0000019617-23-000231_next,next
-0.0137692695237284,-0.0137887414891306,-3,-0.0098540688635898,-0.0039152006601386,0000019617-23-000231_next,next
0.0029614863321083,-0.0027674058253277,-2,-0.0002725592674491,0.0032340455995575,0000019617-23-000231_next,next
-0.0183492810308548,-0.0200412342553273,-1,-0.0152897366688875,-0.0030595443619672,0000019617-23-000231_next,next
-0.0076631155135044,-0.0015735561458868,0,0.0007653260223965,-0.0084284415359009,0000019617-23-000231_next,next
0.0080110598310381,0.0053294294160743,1,0.00676650631683,0.001244553514208,0000019617-23-000231_next,next
0.009021102333111,-0.0105375514855581,2,-0.0070276139611757,0.0160487162942868,0000019617-23-000231_next,next
0.008728014915029,0.0030730045671669,3,0.0048048605597025,0.0039231543553264,0000019617-23-000231_next,next
0.0083706919320551,-0.0030360018281855,4,-0.0005060659183099,0.0088767578503651,0000019617-23-000231_next,next
-0.0055808680086119,-0.00472526484568,5,-0.0019746438027207,-0.0036062242058911,0000019617-23-000231_next,next
0.0044569215705301,-0.0009489536011326,-5,0.0002836654011587,0.0041732561693713,0000019617-24-000225_next,next
-0.0087034979753648,-0.0136742556536254,-4,-0.0085125212443162,-0.0001909767310485,0000019617-24-000225_next,next
0.0101572403859615,0.0095797632750176,-3,0.0075614933378119,0.0025957470481496,0000019617-24-000225_next,next
0.0218145402313498,0.0058212506847294,-2,0.0049634742010428,0.016851066030307,0000019617-24-000225_next,next
-0.0046701561412473,-0.0048034698371121,-1,-0.0023807149098018,-0.0022894412314454,0000019617-24-000225_next,next
0.0039098777139214,-0.0060053220011653,0,-0.0032114783692208,0.0071213560831423,0000019617-24-000225_next,next
0.0065099030032773,0.0012641999229821,1,0.0018134767481036,0.0046964262551737,0000019617-24-000225_next,next
0.0119956113877057,0.021122884217414,2,0.0155405138641436,-0.0035449024764378,0000019617-24-000225_next,next
0.0050253626695726,0.0003479475462115,3,0.0011801301377687,0.0038452325318038,0000019617-24-000225_next,next
-0.0034240974969284,-0.0037867513501905,4,-0.0016779225092777,-0.0017461749876506,0000019617-24-000225_next,next
0.0004907873444572,0.0017063496993998,5,0.0021191065824747,-0.0016283192380174,0000019617-24-000225_next,next
-0.0172589367230845,0.0067125410858628,-5,0.0087322951063952,-0.0259912318294797,0000019617-25-000270_next,next
0.0145734689800578,0.0003395827888592,-4,0.0015603610318539,0.0130131079482039,0000019617-25-000270_next,next
0.0016728674056478,-0.0027238667143857,-3,-0.0018871521722242,0.0035600195778721,0000019617-25-000270_next,next
0.0031585281115167,0.0104262921222306,-2,0.012911637942298,-0.0097531098307813,0000019617-25-000270_next,next
0.0009770405707392,-7.194380749464546e-05,-1,0.0010972414755313,-0.0001202009047921,0000019617-25-000270_next,next
0.0121479959637795,0.0024449877750611,0,0.0039297199790716,0.0082182759847079,0000019617-25-000270_next,next
-0.0025003352724849,0.0023769693899173,1,0.0038531741503726,-0.0063535094228576,0000019617-25-000270_next,next
-0.0445838815576495,-0.0043341850761716,2,-0.0036993556406169,-0.0408845259170326,0000019617-25-000270_next,next
-0.0095950523500417,-0.0170641267025635,3,-0.018025246045418,0.0084301936953763,0000019617-25-000270_next,next
-0.0109750197058778,-0.0049691065044024,4,-0.0044138769686359,-0.0065611427372419,0000019617-25-000270_next,next
-0.0150760625118324,-0.0046797309154723,5,-0.004088222453124,-0.0109878400587083,0000019617-25-000270_next,next
-0.0009304747294303,0.0046910867168872,-5,0.0045110116622531,-0.0054414863916834,0001628280-26-008131_next,next
-0.0118597745878508,-0.0033037129754581,-4,-0.0031384944467659,-0.0087212801410848,0001628280-26-008131_next,next
-0.0234384900095946,-4.895607156218951e-05,-3,-2.4309754488754887e-05,-0.0234141802551058,0001628280-26-008131_next,next
-0.0263173364412929,-0.0156610121277019,-2,-0.014962084654607,-0.0113552517866858,0001628280-26-008131_next,next
-0.0002974903603247,0.0004990891480125,-1,0.0005000655164976,-0.0007975558768224,0001628280-26-008131_next,next
0.0151380274145314,0.0010313220779065,0,0.0010093114270041,0.0141287159875272,0001628280-26-008131_next,next
0.0053722508346552,0.0055660701474107,1,0.0053482047570956,2.404607755957227e-05,0001628280-26-008131_next,next
-0.0023642313244635,-0.0028221256867719,2,-0.0026777068037236,0.0003134754792601,0001628280-26-008131_next,next
0.008894804889022,0.0069397247635067,3,0.0066625315422394,0.0022322733467825,0001628280-26-008131_next,next
-0.0422150056599429,-0.0103856522472848,4,-0.0099145663695445,-0.0323004392903984,0001628280-26-008131_next,next
-0.0012430563929834,0.0076516140863223,5,0.0073436745268519,-0.0085867309198354,0001628280-26-008131_next,next
0.0007282974282576,0.0016785565287558,-5,0.0007382817337546,-9.984305497015803e-06,0000021344-17-000009_next,next
0.0055782157627686,0.0060480661608284,-4,0.0045958278569819,0.0009823879057867,0000021344-17-000009_next,next
0.0033771384205052,-0.001082200145408,-3,-0.0016990046215435,0.0050761430420487,0000021344-17-000009_next,next
0.0014419068553339,0.0004189867216857,-2,-0.0003737077193713,0.0018156145747053,0000021344-17-000009_next,next
0.0028805899907837,0.0014933641914423,-1,0.0005747878767754,0.0023058021140082,0000021344-17-000009_next,next
-0.0026330232217093,0.0010179830611165,0,0.0001551058550485,-0.0027881290767579,0000021344-17-000009_next,next
0.0069597916932768,-0.0025783763780462,1,-0.0030198779716133,0.0099796696648902,0000021344-17-000009_next,next
0.0047666769933809,0.0136738546598662,2,0.0113281235464322,-0.0065614465530513,0000021344-17-000009_next,next
0.0073525584467812,-0.0058598805035984,3,-0.0059168972217743,0.0132694556685556,0000021344-17-000009_next,next
0.0002353443495861,0.00050387727206,4,-0.0002987635629169,0.0005341079125031,0000021344-17-000009_next,next
-0.0070617651772316,-0.0032772408480052,5,-0.0036368584004842,-0.0034249067767473,0000021344-17-000009_next,next
0.0044664878585853,0.0003734693722488,-5,0.000679623786163,0.0037868640724223,0000021344-18-000008_next,next
-0.0220101660643542,-0.0058413894593534,-4,-2.9490385346521365e-05,-0.0219806756790077,0000021344-18-000008_next,next
-0.0147760683272076,-0.0054965031281792,-3,9.861077272698336e-06,-0.0147859294044803,0000021344-18-000008_next,next
0.0041533440025935,0.0009735510790762,-2,0.0007480929910002,0.0034052510115933,0000021344-18-000008_next,next
0.0119486283618523,0.0160283763505131,-1,0.0024658455963034,0.0094827827655489,0000021344-18-000008_next,next
-0.0002271618500423,0.0117570153438109,0,0.0019784841447312,-0.0022056459947735,0000021344-18-000008_next,next
-0.0093117857153784,-0.0127068884438292,1,-0.0008128424704527,-0.0084989432449257,0000021344-18-000008_next,next
-0.0091705329055352,-0.011095788639207,2,-0.0006290162993151,-0.00854151660622,0000021344-18-000008_next,next
0.0048594077022512,-0.0133243995419872,3,-0.0008833003654159,0.0057427080676672,0000021344-18-000008_next,next
0.0066774639354791,0.005071602744632,4,0.0012156798808016,0.0054617840546775,0000021344-18-000008_next,next
0.0038879620514271,0.011032026532745,5,0.0018957630638438,0.0019921989875833,0000021344-18-000008_next,next
-0.0843543938414298,-0.0026516415551012,-5,4.0319388396306034e-05,-0.0843947132298261,0000021344-19-000014_next,next
-0.0076770621704405,0.0108787526085869,-4,0.0050125603592934,-0.0126896225297339,0000021344-19-000014_next,next
-0.0090627323329917,0.0014987433214488,-3,0.0015655309586221,-0.0106282632916138,0000021344-19-000014_next,next
0.0060226680302111,0.0017771107537685,-2,0.0016678273097261,0.0043548407204849,0000021344-19-000014_next,next
0.0168516574852977,-0.0035264367908802,-1,-0.0002811562951546,0.0171328137804524,0000021344-19-000014_next,next
-0.012647346694709,0.0064111023949868,0,0.0033707579722412,-0.0160181046669503,0000021344-19-000014_next,next
-0.0075090364063648,0.0012318625699112,1,0.0014674558108411,-0.0089764922172059,0000021344-19-000014_next,next
-0.0055628841143793,-0.0007904570968998,2,0.0007242800702145,-0.0062871641845938,0000021344-19-000014_next,next
0.0055940029042713,-0.0005440493877303,3,0.0008148316455977,0.0047791712586736,0000021344-19-000014_next,next
0.0089009794608136,-0.0028255083152146,4,-2.357434726686344e-05,0.0089245538080805,0000021344-19-000014_next,next
0.0008824472039477,0.0068953205934343,5,0.0035487017583606,-0.0026662545544129,0000021344-19-000014_next,next
-0.0070059685671421,-0.0029199426368901,-5,-0.0007963425504791,-0.006209626016663,0000021344-20-000006_next,next
0.0040314879951348,0.0047057858811645,-4,0.0019060999208283,0.0021253880743065,0000021344-20-000006_next,next
-0.0008363938146276,-0.0038155197636281,-3,-0.0011137214943922,0.0002773276797646,0000021344-20-000006_next,next
0.006865360239634,-0.0105181030271228,-2,-0.0034890152956149,0.0103543755352489,0000021344-20-000006_next,next
-0.0246131204930787,-0.0335136266712231,-1,-0.0116382799329068,-0.0129748405601718,0000021344-20-000006_next,next
-0.0141519464764798,-0.0302799955650561,0,-0.0104923301371388,-0.0036596163393409,0000021344-20-000006_next,next
-0.0038053293529655,-0.003778540605322,1,-0.0011006166418233,-0.0027047127111421,0000021344-20-000006_next,next
-0.0463537358950379,-0.0441632425840791,2,-0.0154123422113992,-0.0309413936836387,0000021344-20-000006_next,next
-0.0262152583489106,-0.0082383404443618,3,-0.002681102030205,-0.0235341563187056,0000021344-20-000006_next,next
0.045428847668282,0.04603922900611,4,0.0165540449560809,0.028874802712201,0000021344-20-000006_next,next
0.0025036238971567,-0.0281078961210758,5,-0.0097225710543945,0.0122261949515512,0000021344-20-000006_next,next
-0.0129997175987274,-0.0018548966445751,-5,-0.0018930118060414,-0.0111067057926859,0000021344-21-000008_next,next
0.010377019126794,-0.0077328394581538,-4,-0.0060369028884533,0.0164139220152473,0000021344-21-000008_next,next
-0.0017775662938218,0.0012563181187927,-3,0.0003003635843426,-0.0020779298781645,0000021344-21-000008_next,next
0.0033635446281616,0.011351613765979,-2,0.007417446368824,-0.0040539017406623,0000021344-21-000008_next,next
-0.0106488404281035,-0.0244788075251262,-1,-0.0178426434238622,0.0071938029957587,0000021344-21-000008_next,next
-0.023519620119791,-0.0047502141699028,0,-0.0039341817960318,-0.0195854383237592,0000021344-21-000008_next,next
0.0185750850006776,0.0237907635068002,1,0.0161869229218617,0.0023881620788158,0000021344-21-000008_next,next
0.0040079646601267,-0.0080808516908706,2,-0.0062822480429509,0.0102902127030777,0000021344-21-000008_next,next
-0.0023950707392581,-0.0130662218719981,3,-0.009796884318141,0.0074018135788828,0000021344-21-000008_next,next
-0.0008003640616457,-0.0134172139301002,4,-0.0100443302198273,0.0092439661581815,0000021344-21-000008_next,next
0.0170203187403163,0.0194959681977822,5,0.013159135046704,0.0038611836936123,0000021344-21-000008_next,next
0.0037902385632637,0.0157667211707204,-5,0.0082157380497878,-0.004425499486524,0000021344-22-000009_next,next
-0.0001640237264636,0.000881207755895,-4,0.0013531585045961,-0.0015171822310597,0000021344-22-000009_next,next
0.0200328849570461,-0.021173138152195,-3,-0.0088144251650879,0.028847310122134,0000021344-22-000009_next,next
0.0067610157832274,-0.0071661613961429,-2,-0.0023568721403918,0.0091178879236192,0000021344-22-000009_next,next
-0.0041573199660099,-0.0101429452648328,-1,-0.0037292410683848,-0.0004280788976251,0000021344-22-000009_next,next
-0.0110790193906584,-0.0184121228454876,0,-0.0075415307314367,-0.0035374886592217,0000021344-22-000009_next,next
-0.0175354843979067,0.0149568560673292,1,0.0078423707672484,-0.0253778551651551,0000021344-22-000009_next,next
0.0386714105771379,0.0223726776556034,2,0.0112612428023772,0.0274101677747606,0000021344-22-000009_next,next
-0.0097056011572344,-0.0024426034406476,3,-0.0001791983643819,-0.0095264027928524,0000021344-22-000009_next,next
-0.0043379476359818,-0.0154735036804118,4,-0.0061867566493233,0.0018488090133414,0000021344-22-000009_next,next
0.0074228189741778,0.018642691757321,5,0.0095416296310967,-0.0021188106569189,0000021344-22-000009_next,next
-0.0166667368971069,-0.0002804145319874,-5,-0.0003579466536661,-0.0163087902434408,0000021344-23-000011_next,next
0.0,0.002773175690496,-4,0.0015129526165092,-0.0015129526165092,0000021344-23-000011_next,next
-0.0062089665232893,-0.0137887414891306,-3,-0.0086343417178524,0.002425375194563,0000021344-23-000011_next,next
0.0151973575937198,-0.0027674058253277,-2,-0.00188169733946,0.0170790549331799,0000021344-23-000011_next,next
-0.0053225759067199,-0.0200412342553273,-1,-0.0124651714300135,0.0071425955232935,0000021344-23-000011_next,next
0.0030099208105862,-0.0015735561458868,0,-0.0011502395041816,0.0041601603147679,0000021344-23-000011_next,next
0.0018341521702727,0.0053294294160743,1,0.0030791395902408,-0.001244987419968,0000021344-23-000011_next,next
-0.0041604903007003,-0.0105375514855581,2,-0.0066423753563874,0.0024818850556871,0000021344-23-000011_next,next
-0.0003342041797641,0.0030730045671669,3,0.0016966542875491,-0.0020308584673132,0000021344-23-000011_next,next
-0.0051823590480298,-0.0030360018281855,4,-0.0020462629913994,-0.0031360960566304,0000021344-23-000011_next,next
-0.010922475994847,-0.00472526484568,5,-0.0030812548260256,-0.0078412211688214,0000021344-23-000011_next,next
-0.0058626422830359,-0.0136742556536254,-5,-0.0067895279541754,0.0009268856711395,0000021344-24-000009_next,next
-0.0010109770572233,0.0095797632750176,-4,0.0041421265532135,-0.0051531036104368,0000021344-24-000009_next,next
0.0018551828666832,0.0058212506847294,-3,0.0023752594484442,-0.0005200765817609,0000021344-24-000009_next,next
-0.0001682964846455,-0.0048034698371121,-2,-0.0026193943504857,0.0024510978658402,0000021344-24-000009_next,next
0.0220575669471478,-0.0060053220011653,-1,-0.0031843819625928,0.0252419489097407,0000021344-24-000009_next,next
0.0088962284760059,0.0012641999229821,0,0.0002330016024813,0.0086632268735245,0000021344-24-000009_next,next
-0.0014694958346543,0.021122884217414,1,0.009568518028446,-0.0110380138631004,0000021344-24-000009_next,next
0.0008175355402273,0.0003479475462115,2,-0.0001977262839612,0.0010152618241885,0000021344-24-000009_next,next
-0.0080065441102166,-0.0037867513501905,3,-0.0021414376039807,-0.0058651065062359,0000021344-24-000009_next,next
-0.0060945749176709,0.0017063496993998,4,0.0004408550755153,-0.0065354299931863,0000021344-24-000009_next,next
0.0009944584105923,-0.0016581550604305,5,-0.0011407899612325,0.0021352483718249,0000021344-24-000009_next,next
0.0114975908350229,0.0104262921222306,-5,-0.0008799120272736,0.0123775028622966,0000021344-25-000011_next,next
-0.0090645554785957,-7.194380749464546e-05,-4,-0.0013488030605812,-0.0077157524180145,0000021344-25-000011_next,next
0.0026134807426847,0.0024449877750611,-3,-0.0012363873501314,0.0038498680928162,0000021344-25-000011_next,next
0.0147718159313479,0.0023769693899173,-2,-0.0012394253091855,0.0160112412405334,0000021344-25-000011_next,next
-0.0004280634562364,-0.0043341850761716,-1,-0.0015391709210536,0.0011111074648171,0000021344-25-000011_next,next
0.0187035006144187,-0.0170641267025635,0,-0.0021077383949702,0.0208112390093889,0000021344-25-000011_next,next
-0.0106517884056129,-0.0049691065044024,1,-0.0015675289201065,-0.0090842594855064,0000021344-25-000011_next,next
0.0127495737570215,-0.0046797309154723,2,-0.0015546043087893,0.0143041780658109,0000021344-25-000011_next,next
-0.0096514698465488,0.0001360242800469,3,-0.0013395144170305,-0.0083119554295183,0000021344-25-000011_next,next
0.0009886669722463,-0.0158645536555098,4,-0.002054160913065,0.0030428278853113,0000021344-25-000011_next,next
0.0047974505790395,0.0158541446349889,5,-0.0006374835478238,0.0054349341268634,0000021344-25-000011_next,next
-0.00405064487499,0.0004990891480125,-5,0.0008697013943935,-0.0049203462693836,0001628280-26-010047_next,next
0.0111844793095783,0.0010313220779065,-4,0.0007095206265043,0.010474958683074,0001628280-26-010047_next,next
-0.0008798173420991,0.0055660701474107,-3,-0.0006552566865083,-0.0002245606555908,0001628280-26-010047_next,next
-0.0072964883161082,-0.0028221256867719,-2,0.0018692538697862,-0.0091657421858945,0001628280-26-010047_next,next
0.0117855397240815,0.0069397247635067,-1,-0.0010686716386135,0.0128542113626951,0001628280-26-010047_next,next
0.0090180633052965,-0.0103856522472848,0,0.0041455720462192,0.0048724912590772,0001628280-26-010047_next,next
0.0019861998068926,0.0076516140863223,1,-0.0012829217760551,0.0032691215829478,0001628280-26-010047_next,next
-0.0030971589078391,0.0081363556573399,2,-0.0014288095494572,-0.0016683493583819,0001628280-26-010047_next,next
0.0003727866697595,-0.0053655805693283,3,0.002634731789878,-0.0022619451201184,0001628280-26-010047_next,next
0.013167499125867,-0.0043393528110311,4,0.0023258783891948,0.0108416207366721,0001628280-26-010047_next,next
-0.0164295310256649,0.0003983547353176,5,0.0009000184128868,-0.0173295494385518,0001628280-26-010047_next,next
0.0098820817233129,0.0072647580986477,-5,0.0040349883450286,0.0058470933782842,0001193125-17-036192_next,next
0.0033402907862782,-0.0021153569858851,-4,-0.0013240096178632,0.0046643004041415,0001193125-17-036192_next,next
0.0041518413299987,0.0002268291856959,-3,1.4115853850147551e-05,0.0041377254761486,0001193125-17-036192_next,next
0.0014433611582229,0.00069332238554,-2,0.0002806302926537,0.0011627308655691,0001193125-17-036192_next,next
0.0056867345212745,0.0057525464497805,-1,0.0031710395477368,0.0025156949735377,0001193125-17-036192_next,next
0.0091011538791012,0.0035660501028451,0,0.0019218619669182,0.007179291912183,0001193125-17-036192_next,next
0.0069086781494256,0.0052458450979924,1,0.0028815535992643,0.0040271245501612,0001193125-17-036192_next,next
0.0008007454069574,0.0040073351766347,2,0.0021739746318675,-0.0013732292249101,0001193125-17-036192_next,next
0.0034275924385105,0.0049923089198982,3,0.0027367046448878,0.0006908877936227,0001193125-17-036192_next,next
0.0070977086966983,-0.0008641180363413,4,-0.0006091583691026,0.007706867065801,0001193125-17-036192_next,next
7.555368356926273e-05,0.0016785565287558,5,0.0008435090760037,-0.0007679553924344,0001193125-17-036192_next,next
0.012728537500527,0.0004889853730833,-5,0.0004582090435143,0.0122703284570126,0000936468-18-000009_next,next
0.0071300896069159,-0.0006480882520516,-4,-0.0003745929738029,0.0075046825807189,0000936468-18-000009_next,next
-0.0132072372422217,-0.021208547923968,-3,-0.0154332416956127,0.002226004453391,0000936468-18-000009_next,next
-0.0459366609500093,-0.0409792248042282,-2,-0.0299134470452479,-0.0160232139047614,0000936468-18-000009_next,next
0.003358470218759,0.0174409205923138,-1,0.0128739449606419,-0.0095154747418829,0000936468-18-000009_next,next
0.0232233217079411,-0.0050015884169394,0,-0.0035631320794208,0.026786453787362,0000936468-18-000009_next,next
-0.0322205773492867,-0.037536419758088,1,-0.0273919084884853,-0.0048286688608013,0000936468-18-000009_next,next
0.0212978108985,0.0149360902084947,2,0.0110393867134268,0.0102584241850731,0000936468-18-000009_next,next
0.0128581126569335,0.0139145847540425,3,0.0102912277689544,0.0025668848879791,0000936468-18-000009_next,next
0.0127819840781695,0.002612929746329,4,0.0020138032632806,0.0107681808148888,0000936468-18-000009_next,next
0.0126487858233248,0.0134024582572458,5,0.0099161421366557,0.002732643686669,0000936468-18-000009_next,next
0.0281851431779718,0.006776236617404,-5,0.0049652132658576,0.0232199299121141,0000936468-19-000009_next,next
0.0023095820319953,0.0047084203769747,-4,0.003254617687961,-0.0009450356559656,0000936468-19-000009_next,next
0.0012350714194153,-0.0022244379802809,-3,-0.0024805712597971,0.0037156426792125,0000936468-19-000009_next,next
0.0010008856177183,-0.0093571401439401,-2,-0.0083810804738441,0.0093819660915625,0000936468-19-000009_next,next
0.0045647433092594,0.000676201086956,-1,-8.102517611825125e-05,0.0046457684853777,0000936468-19-000009_next,next
-0.0048424231496387,0.0007091030986317,0,-5.380707299294167e-05,-0.0047886160766458,0000936468-19-000009_next,next
0.0135645868495994,0.0128902247439735,1,0.0100229939564913,0.0035415928931081,0000936468-19-000009_next,next
0.0010193574317545,0.0030239946687606,2,0.0018611809253364,-0.0008418234935819,0000936468-19-000009_next,next
-0.0112342849187582,-0.0026516415551012,3,-0.0028339743000003,-0.0084003106187578,0000936468-19-000009_next,next
0.0206978440353227,0.0108787526085869,4,0.0083590088921608,0.0123388351431618,0000936468-19-000009_next,next
-0.0066728261296161,0.0014987433214488,5,0.0005994207365535,-0.0072722468661697,0000936468-19-000009_next,next
-0.009950373244679,0.0072546138923517,-5,0.0042782938929897,-0.0142286671376688,0000936468-20-000016_next,next
0.0163262686688698,0.0149804141640821,-4,0.0083770090316794,0.0079492596371903,0000936468-20-000016_next,next
0.0102372460272841,0.0112505958978537,-3,0.0063982544619696,0.0038389915653144,0000936468-20-000016_next,next
0.0086856349586872,0.0033256728767856,-2,0.0021939001145944,0.0064917348440928,0000936468-20-000016_next,next
0.0004557579925059,-0.0054008536727301,-1,-0.0024357233831234,0.0028914813756294,0000936468-20-000016_next,next
0.0013434240404721,0.0073263978048905,0,0.0043163769133486,-0.0029729528728764,0000936468-20-000016_next,next
0.0002046893821996,0.0016884725532351,1,0.0013253276023385,-0.0011206382201388,0000936468-20-000016_next,next
-0.007389004710799,0.0064626464661976,2,0.0038581369170445,-0.0112471416278436,0000936468-20-000016_next,next
-0.0043516126465994,-0.0016304457368023,3,-0.0004354350579682,-0.0039161775886311,0000936468-20-000016_next,next
0.0072464261788784,0.0018435333204338,4,0.0014075909137859,0.0058388352650925,0000936468-20-000016_next,next
-0.0052531191804232,-0.0029199426368901,5,-0.0011195428888453,-0.0041335762915778,0000936468-20-000016_next,next
0.00061832437662,-0.0030106116552376,-5,-0.0033661714760775,0.0039844958526976,0000936468-21-000013_next,next
0.0106802703466046,0.0036158389430824,-4,0.0012624160538906,0.009417854292714,0000936468-21-000013_next,next
-0.037320636325317,-0.0014888337468982,-3,-0.0023032069001843,-0.0350174294251326,0000936468-21-000013_next,next
0.0055036844654845,-0.025677883699462,-2,-0.0191993013192083,0.0247029857846928,0000936468-21-000013_next,next
-0.0137740568406312,0.0097606259756297,-1,0.0055545607263897,-0.019328617567021,0000936468-21-000013_next,next
-0.0186318362803719,-0.0193114751731245,0,-0.0147523536390794,-0.0038794826412925,0000936468-21-000013_next,next
0.0068671313427755,0.0160517676144393,1,0.0099489343516968,-0.0030818030089213,0000936468-21-000013_next,next
0.0267564422519055,0.0138982234844169,2,0.0084446799461806,0.0183117623057248,0000936468-21-000013_next,next
-0.0009314889552025,0.0010087690809532,3,-0.0005586268822276,-0.0003728620729749,0000936468-21-000013_next,next
0.014561141049358,0.0108533222304207,4,0.0063178110040347,0.0082433300453232,0000936468-21-000013_next,next
-0.0005633934423751,0.0038974951646253,5,0.0014591534256446,-0.0020225468680197,0000936468-21-000013_next,next
0.0020981248732547,-0.0096895418683388,-5,-0.0041437140759722,0.006241838949227,0000936468-22-000008_next,next
-0.0058306134715339,-0.0110373784941483,-4,-0.0046783833809939,-0.0011522300905399,0000936468-22-000008_next,next
-0.0104761933748909,-0.0189148218679086,-3,-0.0078032629794145,-0.0026729303954763,0000936468-22-000008_next,next
0.005738061170629,0.0027717389433818,-2,0.0007995143715269,0.004938546799102,0000936468-22-000008_next,next
0.0370717219110212,-0.0121719062536467,-1,-0.0051284358258401,0.0422001577368614,0000936468-22-000008_next,next
0.0105124202801947,-0.0014966358477518,0,-0.0008936945378072,0.0114061148180019,0000936468-22-000008_next,next
-0.0055209072858997,-0.0053840887577105,1,-0.0024357966782828,-0.0030851106076168,0000936468-22-000008_next,next
0.0104603675036418,0.0243476468880761,2,0.0093583971657033,0.0011019703379385,0000936468-22-000008_next,next
-0.0102250912292972,0.0188859517327795,3,0.0071918135479232,-0.0174169047772205,0000936468-22-000008_next,next
-0.0054478832770201,0.0068630035578014,4,0.0024224659712712,-0.0078703492482914,0000936468-22-000008_next,next
0.0008524303204144,0.0094225154473364,5,0.0034377911352914,-0.0025853608148769,0000936468-22-000008_next,next
0.0090370488382351,0.0189184010459815,-5,0.0112290132245199,-0.0021919643862847,0000936468-23-000009_next,next
-0.0045118622718371,0.0118813449836652,-4,0.0077419266447119,-0.0122537889165491,0000936468-23-000009_next,next
0.018015869201972,-0.0007115031258156,-3,0.0015017672292875,0.0165141019726845,0000936468-23-000009_next,next
0.0109742341034355,-0.0001817250594663,-2,0.0017642892227296,0.0092099448807058,0000936468-23-000009_next,next
0.0124404932904864,0.0110078534691813,-1,0.0073090836332651,0.0051314096572213,0000936468-23-000009_next,next
-0.0004565664996769,0.002494840970949,0,0.0030906133847059,-0.0035471798843829,0000936468-23-000009_next,next
0.0021539653935134,-0.0129687409846833,1,-0.0045720865619388,0.0067260519554523,0000936468-23-000009_next,next
0.0057969264146737,0.0146424702855101,2,0.0091101526329617,-0.0033132262182879,0000936468-23-000009_next,next
-0.0021802488477625,0.0104523039445902,3,0.0070337910571558,-0.0092140399049184,0000936468-23-000009_next,next
-0.010946506025432,0.0146993732443099,4,0.0091383498708726,-0.0200848558963047,0000936468-23-000009_next,next
0.0041339737560028,-0.0103546106913104,5,-0.0032767013066323,0.0074106750626351,0000936468-23-000009_next,next
-0.0029923568328348,-0.0056168971839904,-5,-0.0022035805726502,-0.0007887762601845,0000936468-24-000010_next,next
0.006791282939466,0.008805260963896,-4,0.0034270258223114,0.0033642571171546,0000936468-24-000010_next,next
-0.0039383646151988,0.0123135027649361,-3,0.0047966910636334,-0.0087350556788322,0000936468-24-000010_next,next
0.0021844815264138,0.002194325202627,-2,0.0008460267240914,0.0013384548023224,0000936468-24-000010_next,next
-0.0416122243475256,0.002921374261968,-1,0.0011298765502407,-0.0427421008977664,0000936468-24-000010_next,next
-0.0182410262956916,0.0008119284117831,0,0.0003063202438902,-0.0185473465395819,0000936468-24-000010_next,next
-0.0014130879793458,0.0052603655277063,1,0.0020430505040679,-0.0034561384834137,0000936468-24-000010_next,next
-0.0026216015490041,-0.0006517852510764,2,-0.0002651334474352,-0.0023564681015688,0000936468-24-000010_next,next
-0.0044195045482303,0.0075567748961808,3,0.0029395999069377,-0.0073591044551681,0000936468-24-000010_next,next
0.0085744827522213,-0.0006006499345398,4,-0.0002451695254378,0.0088196522776592,0000936468-24-000010_next,next
-0.0052583171590626,-0.0161057446115979,5,-0.0062985690477502,0.0010402518886876,0000936468-24-000010_next,next
-0.0137273256872175,0.0061379415222275,-5,3.060038191214512e-05,-0.0137579260691297,0000936468-25-000009_next,next
-0.0041255136473956,0.0053134862204113,-4,-0.0001310697037109,-0.0039944439436847,0000936468-25-000009_next,next
-0.0006434788302605,-0.0028551323193988,-3,-0.0017328803244252,0.0010894014941647,0000936468-25-000009_next,next
0.0135423527421036,-0.0145807156908095,-2,-0.0040321875924609,0.0175745403345646,0000936468-25-000009_next,next
-0.0918024939508074,0.0092178694499676,-1,0.0006345533320523,-0.0924370472828598,0000936468-25-000009_next,next
-0.0067549482166785,-0.0046788957603215,0,-0.0020905079495987,-0.0046644402670798,0000936468-25-000009_next,next
0.0116428755972406,0.0052754144053117,1,-0.0001385353280976,0.0117814109253382,0000936468-25-000009_next,next
0.0071793928253114,-0.0050468257540199,2,-0.0021626565226668,0.0093420493479783,0000936468-25-000009_next,next
-0.0162652815849363,-0.0076085976846667,3,-0.0026650026006921,-0.0136002789842442,0000936468-25-000009_next,next
-0.0038206774227736,0.0072248818286797,4,0.0002437419943491,-0.0040644194171227,0000936468-25-000009_next,next
-0.0083980486830894,0.0039086729306143,5,-0.0004065440494342,-0.0079915046336552,0000936468-25-000009_next,next
-0.0052028048648935,0.0003268698377891,-5,0.0013131355583036,-0.0065159404231971,0001628280-26-004195_next,next
-0.0155038841222232,0.0050060830312763,-4,0.001790522622702,-0.0172944067449252,0001628280-26-004195_next,next
0.0228484820578771,0.0040818961771371,-3,0.0016962343671749,0.0211522476907021,0001628280-26-004195_next,next
0.0038994079342205,-8.172305219089626e-05,-2,0.0012714497123684,0.002627958221852,0001628280-26-004195_next,next
0.0422589019443988,-0.0012926312740076,-1,0.001147909301328,0.0411109926430708,0001628280-26-004195_next,next
0.0188109466125443,-0.0043018996208942,0,0.000840894911792,0.0179700517007522,0001628280-26-004195_next,next
0.002806717623788,0.0053912661291679,1,0.001829820132936,0.0009768974908519,0001628280-26-004195_next,next
-0.0121698615928247,-0.0084039830206983,2,0.0004223883229331,-0.0125922499157578,0001628280-26-004195_next,next
-0.0405882426831918,-0.0050723919062231,3,0.0007622870272984,-0.0413505297104902,0001628280-26-004195_next,next
0.0106509750507142,-0.0122510155676747,4,2.9902770703490664e-05,0.0106210722800107,0001628280-26-004195_next,next
0.0236384365993758,0.0196957966973359,5,0.0032892103280739,0.0203492262713018,0001628280-26-004195_next,next
0.003285045048518,0.0004189867216857,-5,0.0005565282941292,0.0027285167543887,0000063908-17-000017_next,next
0.0029626055017779,0.0014933641914423,-4,0.0010719658915887,0.0018906396101891,0000063908-17-000017_next,next
-0.0056380269375059,0.0010179830611165,-3,0.0008438995791518,-0.0064819265166577,0000063908-17-000017_next,next
0.0051972566756535,-0.0025783763780462,-2,-0.0008814706199672,0.0060787272956207,0000063908-17-000017_next,next
0.0109676781323129,0.0136738546598662,-1,0.0069156129520074,0.0040520651803054,0000063908-17-000017_next,next
-0.0063540631874061,-0.0058598805035984,0,-0.0024557875152306,-0.0038982756721755,0000063908-17-000017_next,next
-0.0025734241177484,0.00050387727206,1,0.0005972549312411,-0.0031706790489895,0000063908-17-000017_next,next
0.0010160808106647,-0.0032772408480052,2,-0.0012167541059724,0.0022328349166372,0000063908-17-000017_next,next
0.0003126731449001,-0.0029133737680216,3,-0.0010421871788161,0.0013548603237163,0000063908-17-000017_next,next
0.0001561757782635,-0.0022842151650487,4,-0.0007403454073102,0.0008965211855738,0000063908-17-000017_next,next
0.0003902665682555,0.0007998953585612,5,0.000739270987614,-0.0003490044193585,0000063908-17-000017_next,next
-0.018596813188994,0.0003734693722488,-5,0.0003243823311247,-0.0189211955201188,0000063908-18-000010_next,next
-0.0039928599221256,-0.0058413894593534,-4,-0.004341620792128,0.0003487608700024,0000063908-18-000010_next,next
0.0094172808533838,-0.0054965031281792,-3,-0.0040826863992432,0.0134999672526271,0000063908-18-000010_next,next
0.0127330891599017,0.0009735510790762,-2,0.0007749127766476,0.0119581763832541,0000063908-18-000010_next,next
0.0149383114853784,0.0160283763505131,-1,0.0120778021326139,0.0028605093527645,0000063908-18-000010_next,next
0.0031894467849988,0.0117570153438109,0,0.0088709418743456,-0.0056814950893468,0000063908-18-000010_next,next
-0.0178509549164508,-0.0127068884438292,1,-0.009496112723845,-0.0083548421926057,0000063908-18-000010_next,next
-0.0119637340112517,-0.011095788639207,2,-0.0082865282547636,-0.003677205756488,0000063908-18-000010_next,next
-0.0129326954968534,-0.0133243995419872,3,-0.0099597288397891,-0.0029729666570643,0000063908-18-000010_next,next
-0.0477196420715383,0.005071602744632,4,0.0038516555295968,-0.0515712976011352,0000063908-18-000010_next,next
0.0186148511357233,0.011032026532745,5,0.0083266334437896,0.0102882176919337,0000063908-18-000010_next,next
0.0233126706601385,0.0108787526085869,-5,0.0058424289820637,0.0174702416780747,0000063908-19-000010_next,next
-0.0040004483708311,0.0014987433214488,-4,0.0022728324098669,-0.0062732807806981,0000063908-19-000010_next,next
0.0069174072764213,0.0017771107537685,-3,0.0023787661463699,0.0045386411300513,0000063908-19-000010_next,next
0.0128539295848402,-0.0035264367908802,-2,0.0003604818828544,0.0124934477019858,0000063908-19-000010_next,next
0.0019692003644598,0.0064111023949868,-1,0.004142248481165,-0.0021730481167052,0000063908-19-000010_next,next
-0.0030573802472768,0.0012318625699112,0,0.0021712699714182,-0.005228650218695,0000063908-19-000010_next,next
0.0032859966958584,-0.0007904570968998,1,0.001401668883663,0.0018843278121954,0000063908-19-000010_next,next
0.0008187336326963,-0.0005440493877303,2,0.0014954402315465,-0.0006767065988501,0000063908-19-000010_next,next
0.0090011983427467,-0.0028255083152146,3,0.0006272227577831,0.0083739755849635,0000063908-19-000010_next,next
0.0065820068922035,0.0068953205934343,4,0.0043265194737048,0.0022554874184987,0000063908-19-000010_next,next
-0.0241020039982254,-0.003880558492514,5,0.0002257195842684,-0.0243277235824939,0000063908-19-000010_next,next
-0.0025506881925851,-0.0038155197636281,-5,-0.0027470600664164,0.0001963718738312,0000063908-20-000022_next,next
0.0036730091091392,-0.0105181030271228,-4,-0.0064144987130885,0.0100875078222277,0000063908-20-000022_next,next
-0.0108859629388059,-0.0335136266712231,-3,-0.0189969119107221,0.0081109489719162,0000063908-20-000022_next,next
-0.0066507782220875,-0.0302799955650561,-2,-0.0172275726542554,0.0105767944321678,0000063908-20-000022_next,next
-0.0094292706939022,-0.003778540605322,-1,-0.0027268262567102,-0.0067024444371919,0000063908-20-000022_next,next
-0.0433127820945928,-0.0441632425840791,0,-0.024824040263419,-0.0184887418311738,0000063908-20-000022_next,next
-0.0279348855342529,-0.0082383404443618,1,-0.0051670857272936,-0.0227677998069592,0000063908-20-000022_next,next
0.0431581923023087,0.04603922900611,2,0.0245318598918164,0.0186263324104923,0000063908-20-000022_next,next
-0.0150087296155496,-0.0281078961210758,3,-0.0160390694858346,0.0010303398702849,0000063908-20-000022_next,next
0.037642237058767,0.0422025907744911,4,0.0224325744714363,0.0152096625873306,0000063908-20-000022_next,next
-0.0420250138104694,-0.0339220770468885,5,-0.0192204028595212,-0.0228046109509481,0000063908-20-000022_next,next
-0.0073478644769572,-0.0003204020092266,-5,-0.0004466669092977,-0.0069011975676595,0000063908-21-000013_next,next
0.0092762883865502,-0.0044158356273545,-4,-0.0024473156246301,0.0117236040111803,0000063908-21-000013_next,next
-0.014807599243385,-0.0018548966445751,-3,-0.0011962785517146,-0.0136113206916703,0000063908-21-000013_next,next
-0.0008480692312415,-0.0077328394581538,-2,-0.0040676958020713,0.0032196265708298,0000063908-21-000013_next,next
-0.0034895666627959,0.0012563181187927,-1,0.0003235721893408,-0.0038131388521368,0000063908-21-000013_next,next
0.0092276758642475,0.011351613765979,0,0.0052551965668044,0.003972479297443,0000063908-21-000013_next,next
-0.0108781068828028,-0.0244788075251262,1,-0.012248221388395,0.0013701145055921,0000063908-21-000013_next,next
-0.0167892289279398,-0.0047502141699028,2,-0.0026106619424956,-0.0141785669854442,0000063908-21-000013_next,next
0.0102358994987448,0.0237907635068002,3,0.0113318104908209,-0.001095910992076,0000063908-21-000013_next,next
0.0020167826345118,-0.0080808516908706,4,-0.0042377022754331,0.0062544849099449,0000063908-21-000013_next,next
-0.0136581279105619,-0.0130662218719981,5,-0.0066730913888545,-0.0069850365217074,0000063908-21-000013_next,next
-0.0085345282876514,-0.021173138152195,-5,-0.0103479598812078,0.0018134315935564,0000063908-22-000011_next,next
-0.001315128984013,-0.0071661613961429,-4,-0.003053005577958,0.0017378765939449,0000063908-22-000011_next,next
0.0083799182942148,-0.0101429452648328,-3,-0.0046033402912188,0.0129832585854336,0000063908-22-000011_next,next
-0.0194302770284106,-0.0184121228454876,-2,-0.0089099992960087,-0.0105202777324018,0000063908-22-000011_next,next
-0.011138331998282,0.0149568560673292,-1,0.0084688527257115,-0.0196071847239936,0000063908-22-000011_next,next
0.0180385435682373,0.0223726776556034,0,0.0123310765695641,0.0057074669986731,0000063908-22-000011_next,next
-0.013302791170066,-0.0024426034406476,1,-0.0005929358545467,-0.0127098553155193,0000063908-22-000011_next,next
-0.0209990575973894,-0.0154735036804118,2,-0.0073795410895567,-0.0136195165078326,0000063908-22-000011_next,next
0.0054665022140536,0.018642691757321,3,0.0103884677430035,-0.0049219655289498,0000063908-22-000011_next,next
-0.0178051444934251,-0.0052546664300883,4,-0.0020574825131942,-0.0157476619802309,0000063908-22-000011_next,next
-0.0035494666342826,-0.0079340425503344,5,-0.003452924705955,-9.65419283276408e-05,0000063908-22-000011_next,next
0.0156489916530806,-0.0027674058253277,-5,-0.00066798378908,0.0163169754421607,0000063908-23-000012_next,next
-0.0053335423441064,-0.0200412342553273,-4,-0.0083676120111225,0.0030340696670161,0000063908-23-000012_next,next
0.0003352541573005,-0.0015735561458868,-3,-0.0001358377901806,0.0004710919474811,0000063908-23-000012_next,next
-0.0069238843251154,0.0053294294160743,-2,0.0029410957723248,-0.0098649800974403,0000063908-23-000012_next,next
-0.0116200353817945,-0.0105375514855581,-1,-0.0041314448890518,-0.0074885904927426,0000063908-23-000012_next,next
0.0041717893064578,0.0030730045671669,0,0.0019353180133312,0.0022364712931266,0000063908-23-000012_next,next
0.0024689313127337,-0.0030360018281855,1,-0.00078770764603,0.0032566389587637,0000063908-23-000012_next,next
-0.0045092370094552,-0.00472526484568,2,-0.0015406789550054,-0.0029685580544498,0000063908-23-000012_next,next
0.0184611429125345,0.0075821940867943,3,0.0039452420452016,0.0145159008673329,0000063908-23-000012_next,next
0.0056059956082754,0.0161477371607488,4,0.0077632432171248,-0.0021572476088494,0000063908-23-000012_next,next
0.0058349640500825,0.0006871667698291,5,0.0008718557871061,0.0049631082629763,0000063908-23-000012_next,next
0.0128048948867789,0.0058212506847294,-5,0.0035470461685251,0.0092578487182538,0000063908-24-000072_next,next
0.0005482091016564,-0.0048034698371121,-4,-0.002723756748236,0.0032719658498924,0000063908-24-000072_next,next
0.0021573487560822,-0.0060053220011653,-3,-0.0034331004001813,0.0055904491562635,0000063908-24-000072_next,next
0.0043054092428891,0.0012641999229821,-2,0.0008574349782967,0.0034479742645924,0000063908-24-000072_next,next
0.0068387728047401,0.021122884217414,-1,0.01257820402258,-0.0057394312178399,0000063908-24-000072_next,next
0.0061841856421709,0.0003479475462115,0,0.0003166548170745,0.0058675308250963,0000063908-24-000072_next,next
-0.0021158322015926,-0.0037867513501905,1,-0.0021236806106844,7.848409091788626e-06,0000063908-24-000072_next,next
-0.011308365011332,0.0017063496993998,2,0.0011183956409236,-0.0124267606522557,0000063908-24-000072_next,next
0.0048676643648555,-0.0016581550604305,3,-0.0008673644755922,0.0057350288404477,0000063908-24-000072_next,next
-0.0042245017121953,0.0052290946971491,4,0.0031975505289492,-0.0074220522411445,0000063908-24-000072_next,next
-0.0053031130117714,0.0080078289488876,5,0.0048375837716951,-0.0101406967834666,0000063908-24-000072_next,next
-0.0094808091513316,0.0023769693899173,-5,0.0008121008208313,-0.0102929099721629,0000063908-25-000012_next,next
0.0036762162517864,-0.0043341850761716,-4,-0.0014763759649464,0.0051525922167329,0000063908-25-000012_next,next
0.0058074464593194,-0.0170641267025635,-3,-0.0058172350590868,0.0116246815184062,0000063908-25-000012_next,next
0.0090550134820783,-0.0049691065044024,-2,-0.0016928816282627,0.0107478951103411,0000063908-25-000012_next,next
0.0102416415779507,-0.0046797309154723,-1,-0.0015942057117742,0.0118358472897249,0000063908-25-000012_next,next
-0.0207581901674233,0.0001360242800469,0,4.794751635088834e-05,-0.0208061376837741,0000063908-25-000012_next,next
0.0186676046008729,-0.0158645536555098,1,-0.0054081854559376,0.0240757900568105,0000063908-25-000012_next,next
-0.005226864020275,0.0158541446349889,2,0.0054077635852704,-0.0106346276055455,0000063908-25-000012_next,next
-0.0074045341773469,-0.0175967394669998,3,-0.0059988538779324,-0.0014056802994145,0000063908-25-000012_next,next
0.0048636245785802,-0.0122348266022004,4,-0.0041704630726754,0.0090340876512557,0000063908-25-000012_next,next
0.0054945470234264,0.0111592778931879,5,0.0038068328355431,0.0016877141878832,0000063908-25-000012_next,next
0.0008242903424304,0.0055660701474107,-5,0.0003186384930178,0.0005056518494126,0000063908-26-000035_next,next
-0.002378974003524,-0.0028221256867719,-4,-0.0001467154639024,-0.0022322585396215,0000063908-26-000035_next,next
0.0064811336647494,0.0069397247635067,-3,0.0003948450603987,0.0060862886043507,0000063908-26-000035_next,next
0.0161891335070001,-0.0103856522472848,-2,-0.0005663190452665,0.0167554525522667,0000063908-26-000035_next,next
-0.0045134459842478,0.0076516140863223,-1,0.0004343387155076,-0.0049477846997555,0000063908-26-000035_next,next
-0.0001199600208003,0.0081363556573399,0,0.0004612308401809,-0.0005811908609813,0000063908-26-000035_next,next
0.004564447096423,-0.0053655805693283,1,-0.0002878193219004,0.0048522664183234,0000063908-26-000035_next,next
0.0195198979977178,-0.0043393528110311,2,-0.0002308870378354,0.0197507850355532,0000063908-26-000035_next,next
-0.0182959700822726,0.0003983547353176,3,3.194790271761185e-05,-0.0183279179849902,0000063908-26-000035_next,next
-0.0023725771345457,-0.0094440310956254,4,-0.0005140805022584,-0.0018584966322872,0000063908-26-000035_next,next
-0.0012946532163581,0.0077560492642863,5,0.0004401324909831,-0.0017347857073412,0000063908-26-000035_next,next
-0.0029014323720489,-0.001082200145408,-5,-0.001550704942862,-0.0013507274291869,0000310158-17-000010_next,next
0.0085767389590369,0.0004189867216857,-4,3.076019219082316e-05,0.0085459787668461,0000310158-17-000010_next,next
0.004707928707597,0.0014933641914423,-3,0.0011625916433916,0.0035453370642054,0000310158-17-000010_next,next
-0.0046858679752364,0.0010179830611165,-2,0.0006617887787038,-0.0053476567539402,0000310158-17-000010_next,next
0.0003040722957843,-0.0025783763780462,-1,-0.0031268914921041,0.0034309637878885,0000310158-17-000010_next,next
0.0051616908865625,0.0136738546598662,0,0.0139944525035581,-0.0088327616169955,0000310158-17-000010_next,next
-0.0019635677555289,-0.0058598805035984,1,-0.0065838790789592,0.0046203113234302,0000310158-17-000010_next,next
0.0075663839895263,0.00050387727206,2,0.0001201903948226,0.0074461935947037,0000310158-17-000010_next,next
-0.0016517563031128,-0.0032772408480052,3,-0.0038631288104515,0.0022113725073386,0000310158-17-000010_next,next
-0.0076728896981606,-0.0029133737680216,4,-0.0034798033808189,-0.0041930863173416,0000310158-17-000010_next,next
-0.0024258275415296,-0.0022842151650487,5,-0.0028169995575037,0.000391172015974,0000310158-17-000010_next,next
-0.0078212843602246,-0.0054965031281792,-5,-0.0039650392913089,-0.0038562450689157,0000310158-18-000005_next,next
0.0003665815172242,0.0009735510790762,-4,-0.00045413271955,0.0008207142367743,0000310158-18-000005_next,next
0.0054977607760409,0.0160283763505131,-3,0.0077152091884195,-0.0022174484123786,0000310158-18-000005_next,next
0.0216873432216735,0.0117570153438109,-2,0.005397400256932,0.0162899429647414,0000310158-18-000005_next,next
-0.0239028518058225,-0.0127068884438292,-1,-0.0078776787188488,-0.0160251730869736,0000310158-18-000005_next,next
-0.0091378799438814,-0.011095788639207,0,-0.0070034324280736,-0.0021344475158078,0000310158-18-000005_next,next
-0.0095904819317852,-0.0133243995419872,1,-0.0082127645934348,-0.0013777173383504,0000310158-18-000005_next,next
0.0122908172382734,0.005071602744632,2,0.0017696317286476,0.0105211855096257,0000310158-18-000005_next,next
0.0007358217375983,0.011032026532745,3,0.0050039927367341,-0.0042681709991358,0000310158-18-000005_next,next
-0.0018383457960707,0.0026388586061694,4,0.0004495288192225,-0.0022878746152933,0000310158-18-000005_next,next
0.0031306742388281,-0.0004838747205661,5,-0.0012449894347963,0.0043756636736245,0000310158-18-000005_next,next
0.0050357282353084,-0.0035264367908802,-5,-0.0009684743538245,0.0060042025891329,0000310158-19-000014_next,next
0.0117750736739719,0.0064111023949868,-4,0.0058290306720762,0.0059460430018956,0000310158-19-000014_next,next
-0.0048286872770478,0.0012318625699112,-3,0.0022863116867397,-0.0071149989637876,0000310158-19-000014_next,next
0.0044786925693403,-0.0007904570968998,-2,0.0009029985906086,0.0035756939787316,0000310158-19-000014_next,next
-0.0014861574048731,-0.0005440493877303,-1,0.0010715471226116,-0.0025577045274847,0000310158-19-000014_next,next
0.0083108900177153,-0.0028255083152146,0,-0.0004890231791403,0.0087999131968556,0000310158-19-000014_next,next
0.0044286166687999,0.0068953205934343,1,0.0061602470402351,-0.0017316303714352,0000310158-19-000014_next,next
-0.0034294029666741,-0.003880558492514,2,-0.0012107017304027,-0.0022187012362714,0000310158-19-000014_next,next
0.0040555692973944,-0.0011315328231061,3,0.0006696949608329,0.0033858743365614,0000310158-19-000014_next,next
-0.0115058048284514,-0.0065240986535923,4,-0.0030189439113902,-0.0084868609170612,0000310158-19-000014_next,next
-0.0038382368649731,-0.0081257175586835,5,-0.0041144880248079,0.0002762511598347,0000310158-19-000014_next,next
0.005975211255266,-0.0038155197636281,-5,-0.0031500095946492,0.0091252208499152,0000310158-20-000005_next,next
-0.0018184867644407,-0.0105181030271228,-4,-0.0079159773903077,0.006097490625867,0000310158-20-000005_next,next
-0.0122660774331379,-0.0335136266712231,-3,-0.0242672737224243,0.0120011962892864,0000310158-20-000005_next,next
-0.0130331496938185,-0.0302799955650561,-2,-0.0219679540259471,0.0089348043321286,0000310158-20-000005_next,next
-0.0041112290837233,-0.003778540605322,-1,-0.0031237150346759,-0.0009875140490473,0000310158-20-000005_next,next
-0.0232676776355357,-0.0441632425840791,0,-0.0318398355961787,0.008572157960643,0000310158-20-000005_next,next
-0.0194670080609726,-0.0082383404443618,1,-0.0062949195646835,-0.0131720884962891,0000310158-20-000005_next,next
0.0628264396114552,0.04603922900611,2,0.0322999233276809,0.0305265162837743,0000310158-20-000005_next,next
-0.0275285066888278,-0.0281078961210758,3,-0.0204234516166506,-0.0071050550721771,0000310158-20-000005_next,next
0.0485275473638868,0.0422025907744911,4,0.0295718267809244,0.0189557205829624,0000310158-20-000005_next,next
-0.0167529200308094,-0.0339220770468885,5,-0.0245577082101461,0.0078047881793367,0000310158-20-000005_next,next
-0.0145867881042217,-0.0018548966445751,-5,-0.0022989025253683,-0.0122878855788534,0000310158-21-000004_next,next
0.0083433948108324,-0.0077328394581538,-4,-0.0057260415796822,0.0140694363905146,0000310158-21-000004_next,next
-0.0052049733078619,0.0012563181187927,-3,-0.0004849063773853,-0.0047200669304766,0000310158-21-000004_next,next
0.0004025218629872,0.011351613765979,-2,0.0054011634730037,-0.0049986416100164,0000310158-21-000004_next,next
0.0006705570863345,-0.0244788075251262,-1,-0.0154897910724528,0.0161603481587874,0000310158-21-000004_next,next
-0.0268026433366288,-0.0047502141699028,0,-0.0039870196235421,-0.0228156237130867,0000310158-21-000004_next,next
-0.003304852400491,0.0237907635068002,1,0.0126538192458269,-0.015958671646318,0000310158-21-000004_next,next
0.006493531377671,-0.0080808516908706,2,-0.0059289503782107,0.0124224817558818,0000310158-21-000004_next,next
0.0061772393739993,-0.0130662218719981,3,-0.0088356742763208,0.0150129136503202,0000310158-21-000004_next,next
-0.0154161405406068,-0.0134172139301002,4,-0.0090403204643199,-0.0063758200762868,0000310158-21-000004_next,next
0.0133017678173277,0.0194959681977822,5,0.0101497355552171,0.0031520322621105,0000310158-21-000004_next,next
0.0001312464910592,-0.0071661613961429,-5,-7.280835010463566e-05,0.0002040548411638,0000310158-22-000003_next,next
-0.0054999823566977,-0.0101429452648328,-4,-0.000455460136281,-0.0050445222204167,0000310158-22-000003_next,next
-0.0014483744544825,-0.0184121228454876,-3,-0.0015184246345534,7.005018007093982e-05,0000310158-22-000003_next,next
-0.0307221255832208,0.0149568560673292,-2,0.0027710031328348,-0.0334931287160557,0000310158-22-000003_next,next
0.0382259497215287,0.0223726776556034,-1,0.0037242726686468,0.0345016770528818,0000310158-22-000003_next,next
0.0034068118004189,-0.0024426034406476,0,0.0005343831587547,0.0028724286416641,0000310158-22-000003_next,next
-0.0031344260047878,-0.0154735036804118,1,-0.0011406787443544,-0.0019937472604334,0000310158-22-000003_next,next
0.0043230410102861,0.018642691757321,2,0.0032448002482931,0.0010782407619929,0000310158-22-000003_next,next
0.0062605754321576,-0.0052546664300883,3,0.000172905479079,0.0060876699530785,0000310158-22-000003_next,next
0.008814196317,-0.0079340425503344,4,-0.0001715159177964,0.0089857122347965,0000310158-22-000003_next,next
-0.0012849600271747,-0.0295181583134491,5,-0.0029460540818415,0.0016610940546668,0000310158-22-000003_next,next
0.0282602083196312,-0.0027674058253277,-5,0.0012190665998291,0.027041141719802,0001628280-23-005061_next,next
-0.004108742094962,-0.0200412342553273,-4,-0.0036811524193469,-0.000427589675615,0001628280-23-005061_next,next
0.0008252325753224,-0.0015735561458868,-3,0.0015577364510981,-0.0007325038757757,0001628280-23-005061_next,next
0.0130997407143502,0.0053294294160743,-2,0.0035159671511944,0.0095837735631558,0001628280-23-005061_next,next
-0.006329504085461,-0.0105375514855581,-1,-0.0009851590413091,-0.0053443450441519,0001628280-23-005061_next,next
-0.0048230603733924,0.0030730045671669,0,0.002875867244867,-0.0076989276182594,0001628280-23-005061_next,next
-0.0285295758384338,-0.0030360018281855,1,0.0011428716065182,-0.029672447444952,0001628280-23-005061_next,next
0.0038590084556857,-0.00472526484568,2,0.0006636634911741,0.0031953449645116,0001628280-23-005061_next,next
0.0033756725804006,0.0075821940867943,3,0.0041550287425448,-0.0007793561621442,0001628280-23-005061_next,next
-0.0012146747444051,0.0161477371607488,4,0.0065848917720785,-0.0077995665164837,0001628280-23-005061_next,next
0.0394835066274055,0.0006871667698291,5,0.0021990556278846,0.0372844509995208,0001628280-23-005061_next,next
-0.0032865412563226,-0.0060053220011653,-5,0.000102046609711,-0.0033885878660337,0001628280-24-006850_next,next
0.0058882312596018,0.0012641999229821,-4,0.0012279822127282,0.0046602490468735,0001628280-24-006850_next,next
0.008898033238526,0.021122884217414,-3,0.0043037827824888,0.0045942504560371,0001628280-24-006850_next,next
0.0014697655566937,0.0003479475462115,-2,0.001086069005351,0.0003836965513427,0001628280-24-006850_next,next
-0.0047121973470197,-0.0037867513501905,-1,0.0004456686126166,-0.0051578659596364,0001628280-24-006850_next,next
0.0014746213415264,0.0017063496993998,0,0.0012964643192999,0.0001781570222264,0001628280-24-006850_next,next
-0.0065101075107236,-0.0016581550604305,1,0.0007753549898088,-0.0072854625005324,0001628280-24-006850_next,next
-0.0081128876150939,0.0052290946971491,2,0.001842082594436,-0.0099549702095299,0001628280-24-006850_next,next
-0.0014944169397804,0.0080078289488876,3,0.0022724652052873,-0.0037668821450678,0001628280-24-006850_next,next
-0.022920445537677,-0.0011932620709189,4,0.000847359665487,-0.023767805203164,0001628280-24-006850_next,next
-0.0098347793731783,-0.0101931008834446,5,-0.000546575045237,-0.0092882043279413,0001628280-24-006850_next,next
0.027734435060214,0.0023769693899173,-5,-0.001682136058419,0.029416571118633,0001628280-25-007732_next,next
0.0242991456944454,-0.0043341850761716,-4,-0.0017959851567604,0.0260951308512059,0001628280-25-007732_next,next
0.0207572625492662,-0.0170641267025635,-3,-0.0020119379236691,0.0227692004729353,0001628280-25-007732_next,next
0.0197765387437172,-0.0049691065044024,-2,-0.0018067560654747,0.0215832948091919,0001628280-25-007732_next,next
0.0017529576180312,-0.0046797309154723,-1,-0.0018018470516756,0.0035548046697069,0001628280-25-007732_next,next
-0.0224214283688102,0.0001360242800469,0,-0.0017201518098788,-0.0207012765589313,0001628280-25-007732_next,next
0.0134257302767974,-0.0158645536555098,1,-0.0019915881745325,0.01541731845133,0001628280-25-007732_next,next
0.0184369083901647,0.0158541446349889,2,-0.001453507100824,0.0198904154909887,0001628280-25-007732_next,next
0.009755964262639,-0.0175967394669998,3,-0.0020209732518384,0.0117769375144775,0001628280-25-007732_next,next
-0.00633384222303,-0.0122348266022004,4,-0.0019300129039389,-0.004403829319091,0001628280-25-007732_next,next
0.0068063908530711,0.0111592778931879,5,-0.0015331515715463,0.0083395424246174,0001628280-25-007732_next,next
0.0007403194172752,0.0055660701474107,-5,0.0043802374684631,-0.0036399180511878,0000310158-26-000063_next,next
0.0016439727803936,-0.0028221256867719,-4,0.0012987813343712,0.0003451914460223,0000310158-26-000063_next,next
0.0032824213391127,0.0069397247635067,-3,0.0048848580718166,-0.0016024367327039,0000310158-26-000063_next,next
0.0127596756112478,-0.0103856522472848,-2,-0.0014797273909832,0.014239403002231,0000310158-26-000063_next,next
0.0008883646493507,0.0076516140863223,-1,0.0051463750611607,-0.00425801041181,0000310158-26-000063_next,next
-0.0118614506560811,0.0081363556573399,0,0.0053244479050701,-0.0171858985611512,0000310158-26-000063_next,next
-0.0258043823676707,-0.0053655805693283,1,0.0003644272963192,-0.02616880966399,0000310158-26-000063_next,next
0.0378876529111269,-0.0043393528110311,2,0.0007414184733604,0.0371462344377665,0000310158-26-000063_next,next
-0.0194637135176822,0.0003983547353176,3,0.0024818449332121,-0.0219455584508944,0000310158-26-000063_next,next
-0.0130137747598344,-0.0094440310956254,4,-0.0011338169793608,-0.0118799577804735,0000310158-26-000063_next,next
0.0037553463649071,0.0077560492642863,5,0.0051847399761095,-0.0014293936112023,0000310158-26-000063_next,next
0.0088835504552418,0.0060480661608284,-5,0.0118199986910859,-0.0029364482358441,0001193125-17-059212_next,next
-0.0008588782294133,-0.001082200145408,-4,0.0008240973829274,-0.0016829756123407,0001193125-17-059212_next,next
0.0012898548262909,0.0004189867216857,-3,0.0031391445251679,-0.001849289698877,0001193125-17-059212_next,next
-0.0225422007296683,0.0014933641914423,-2,0.004795989882377,-0.0273381906120454,0001193125-17-059212_next,next
0.0068087557527758,0.0010179830611165,-1,0.0040628834641426,0.0027458722886332,0001193125-17-059212_next,next
-0.0037086568711779,-0.0025783763780462,0,-0.0014832226367067,-0.0022254342344712,0001193125-17-059212_next,next
0.0249621681631309,0.0136738546598662,1,0.0235800668471616,0.0013821013159692,0001193125-17-059212_next,next
-0.0113223452185461,-0.0058598805035984,2,-0.0065437763323417,-0.0047785688862043,0001193125-17-059212_next,next
0.0118839378484703,0.00050387727206,3,0.003270058024583,0.0086138798238872,0001193125-17-059212_next,next
-0.0055519085346377,-0.0032772408480052,4,-0.0025609726686693,-0.0029909358659683,0001193125-17-059212_next,next
-0.0051534501311236,-0.0029133737680216,5,-0.0019998370351673,-0.0031536130959562,0001193125-17-059212_next,next
0.0007261902024831,-0.0054965031281792,-5,-0.0065007824558793,0.0072269726583624,0001193125-18-060831_next,next
-0.0043554932368347,0.0009735510790762,-4,0.0019129993133279,-0.0062684925501626,0001193125-18-060831_next,next
0.022056171928775,0.0160283763505131,-3,0.0214905809455453,0.0005655909832296,0001193125-18-060831_next,next
0.0167648486246503,0.0117570153438109,-2,0.0159360217074492,0.0008288269172011,0001193125-18-060831_next,next
-0.0050869261479536,-0.0127068884438292,-1,-0.0158773049044461,0.0107903787564924,0001193125-18-060831_next,next
-0.0123413740054409,-0.011095788639207,0,-0.0137822000211975,0.0014408260157565,0001193125-18-060831_next,next
-0.0273117886464764,-0.0133243995419872,1,-0.0166803281023258,-0.0106314605441506,0001193125-18-060831_next,next
0.0045883059115532,0.005071602744632,2,0.0072421837820232,-0.00265387787047,0001193125-18-060831_next,next
0.0137012418296611,0.011032026532745,3,0.0149932324438624,-0.0012919906142012,0001193125-18-060831_next,next
0.0192822367808487,0.0026388586061694,4,0.0040785969517322,0.0152036398291164,0001193125-18-060831_next,next
0.0056577941516839,-0.0004838747205661,5,1.773503420460904e-05,0.0056400591174793,0001193125-18-060831_next,next
0.0061667590013232,0.0017771107537685,-5,0.0018581714695489,0.0043085875317743,0001193125-19-051943_next,next
-0.0108438714092541,-0.0035264367908802,-4,-0.0041556348255662,-0.0066882365836879,0001193125-19-051943_next,next
-0.0040512477304501,0.0064111023949868,-3,0.0071127539671807,-0.0111640016976309,0001193125-19-051943_next,next
0.0095713988690002,0.0012318625699112,-2,0.0012399028610607,0.0083314960079395,0001193125-19-051943_next,next
0.0052145705695156,-0.0007904570968998,-1,-0.0010532487776522,0.0062678193471679,0001193125-19-051943_next,next
0.003537099300888,-0.0005440493877303,0,-0.0007738417920273,0.0043109410929154,0001193125-19-051943_next,next
-0.0136275659880122,-0.0028255083152146,1,-0.0033608369956426,-0.0102667289923696,0001193125-19-051943_next,next
0.0123865110542247,0.0068953205934343,2,0.0076618193664286,0.0047246916877961,0001193125-19-051943_next,next
-0.0117651365688735,-0.003880558492514,3,-0.0045571810171659,-0.0072079555517076,0001193125-19-051943_next,next
-0.0023807442279176,-0.0011315328231061,4,-0.0014400018579447,-0.0009407423699729,0001193125-19-051943_next,next
-0.0066823804159307,-0.0065240986535923,5,-0.0075547478963623,0.0008723674804316,0001193125-19-051943_next,next
-0.0247440349881776,-0.0105181030271228,-5,-0.0173566367318086,-0.007387398256369,0000895421-20-000265_next,next
-0.0522701425403234,-0.0335136266712231,-4,-0.0571954484423709,0.0049253059020474,0000895421-20-000265_next,next
-0.0332126799342619,-0.0302799955650561,-3,-0.0515933137498193,0.0183806338155573,0000895421-20-000265_next,next
-0.0164478666819785,-0.003778540605322,-2,-0.0056806182819052,-0.0107672484000732,0000895421-20-000265_next,next
-0.0387385515293382,-0.0441632425840791,-1,-0.0756454759219985,0.0369069243926602,0000895421-20-000265_next,next
-0.0083682668841623,-0.0082383404443618,0,-0.0134070405545238,0.0050387736703615,0000895421-20-000265_next,next
0.0322007991719885,0.04603922900611,1,0.0806266463017043,-0.0484258471297157,0000895421-20-000265_next,next
-0.0447501257287611,-0.0281078961210758,2,-0.04783023959223,0.0030801138634689,0000895421-20-000265_next,next
0.0189187095348455,0.0422025907744911,3,0.0739798262302587,-0.0550611166954132,0000895421-20-000265_next,next
-0.0585765698453429,-0.0339220770468885,4,-0.0579030721460571,-0.0006734976992858,0000895421-20-000265_next,next
-0.0176098433528199,-0.0170538520003701,5,-0.0286795566514644,0.0110697132986445,0000895421-20-000265_next,next
0.0184209241482953,-0.0077328394581538,-5,-0.0076871430059764,0.0261080671542717,0000895421-21-000286_next,next
0.0012918221275053,0.0012563181187927,-4,0.003324989490831,-0.0020331673633257,0000895421-21-000286_next,next
0.0307098576029429,0.011351613765979,-3,0.0156921921246311,0.0150176654783117,0000895421-21-000286_next,next
-0.0181525934971296,-0.0244788075251262,-2,-0.0282017259980175,0.0100491325008879,0000895421-21-000286_next,next
-0.0198903377968344,-0.0047502141699028,-1,-0.0040332895073146,-0.0158570482895198,0000895421-21-000286_next,next
0.0297905646729057,0.0237907635068002,0,0.0309307240917257,-0.0011401594188199,0000895421-21-000286_next,next
0.0205913571337761,-0.0080808516908706,1,-0.0081134740369304,0.0287048311707065,0000895421-21-000286_next,next
0.0157194571200207,-0.0130662218719981,2,-0.0142207823703612,0.0299402394903819,0000895421-21-000286_next,next
-0.0115769436074801,-0.0134172139301002,3,-0.0146507638248036,0.0030738202173234,0000895421-21-000286_next,next
-0.002958428687631,0.0194959681977822,4,0.0256694018171151,-0.0286278305047462,0000895421-21-000286_next,next
0.0028439930006414,-0.0053592310301612,5,-0.0047793632412042,0.0076233562418457,0000895421-21-000286_next,next
-0.0494316478352844,-0.021173138152195,-5,-0.0208768587699193,-0.028554789065365,0000895421-22-000400_next,next
-0.0075920989240404,-0.0071661613961429,-4,-0.006864518219013,-0.0007275807050273,0000895421-22-000400_next,next
-0.0070217652808719,-0.0101429452648328,-3,-0.0098424420094916,0.0028206767286196,0000895421-22-000400_next,next
-0.0126648961035816,-0.0184121228454876,-2,-0.0181147861672692,0.0054498900636875,0000895421-22-000400_next,next
-0.0185996291278998,0.0149568560673292,-1,0.0152669709746044,-0.0338666001025042,0000895421-22-000400_next,next
0.029844485152046,0.0223726776556034,0,0.0226856323581012,0.0071588527939448,0000895421-22-000400_next,next
-0.0402966018024031,-0.0024426034406476,1,-0.0021391514366526,-0.0381574503657504,0000895421-22-000400_next,next
-0.0342733895748398,-0.0154735036804118,2,-0.0151750416950961,-0.0190983478797437,0000895421-22-000400_next,next
0.0085586152524812,0.018642691757321,3,0.0189542181088251,-0.0103956028563439,0000895421-22-000400_next,next
-0.0067890091988014,-0.0052546664300883,4,-0.0049522912701015,-0.0018367179286998,0000895421-22-000400_next,next
-0.016176702958438,-0.0079340425503344,5,-0.007632693423595,-0.008544009534843,0000895421-22-000400_next,next
-0.0006025811714547,-0.0027674058253277,-5,-0.0018055680668041,0.0012029868953494,0000895421-23-000284_next,next
-0.0189931365973446,-0.0200412342553273,-4,-0.0196819586240837,0.000688822026739,0000895421-23-000284_next,next
-0.0035853153826845,-0.0015735561458868,-3,-0.0005700733863484,-0.0030152419963361,0000895421-23-000284_next,next
0.0068880612365476,0.0053294294160743,-2,0.0065737086893476,0.0003143525471999,0000895421-23-000284_next,next
-0.0024505263428756,-0.0105375514855581,-1,-0.0098467593448185,0.0073962330019428,0000895421-23-000284_next,next
-0.0102353330973431,0.0030730045671669,0,0.0042385730808355,-0.0144739061781787,0000895421-23-000284_next,next
-0.0020683061381877,-0.0030360018281855,1,-0.0020835334911261,1.5227352938394691e-05,0000895421-23-000284_next,next
-0.0032123381170047,-0.00472526484568,2,-0.0038317229893068,0.0006193848723021,0000895421-23-000284_next,next
-0.001143595295433,0.0075821940867943,3,0.0089050564418523,-0.0100486517372854,0000895421-23-000284_next,next
0.0234179071055242,0.0161477371607488,4,0.0177693909433623,0.0056485161621619,0000895421-23-000284_next,next
0.0005084401321702,0.0006871667698291,5,0.0017695102182301,-0.0012610700860599,0000895421-23-000284_next,next
0.0198809930268362,0.0058212506847294,-5,0.0073720505789192,0.0125089424479169,0000895421-24-000300_next,next
0.0096883641157647,-0.0048034698371121,-4,-0.00706085736968,0.0167492214854448,0000895421-24-000300_next,next
-0.0132949401280729,-0.0060053220011653,-3,-0.0086934858812673,-0.0046014542468056,0000895421-24-000300_next,next
0.001288878960997,0.0012641999229821,-2,0.0011816294731418,0.0001072494878551,0000895421-24-000300_next,next
0.0045634836666501,0.021122884217414,-1,0.028158203756919,-0.0235947200902688,0000895421-24-000300_next,next
0.0081539278580875,0.0003479475462115,0,-6.303255673727274e-05,0.0082169604148248,0000895421-24-000300_next,next
-0.0101675965400277,-0.0037867513501905,1,-0.005679719456338,-0.0044878770836896,0000895421-24-000300_next,next
-0.0021012659267599,0.0017063496993998,2,0.0017822576976126,-0.0038835236243725,0000895421-24-000300_next,next
0.0065505161382515,-0.0016581550604305,3,-0.0027881766391241,0.0093386927773756,0000895421-24-000300_next,next
-0.0001161052756297,0.0052290946971491,4,0.0065676498568118,-0.0066837551324416,0000895421-24-000300_next,next
0.0051139804036044,0.0080078289488876,5,0.0103423576796214,-0.005228377276017,0000895421-24-000300_next,next
0.0154194756216161,-7.194380749464546e-05,-5,0.0017228344431831,0.013696641178433,0000895421-25-000304_next,next
0.0126664453702618,0.0024449877750611,-4,0.0056592246303226,0.0070072207399391,0000895421-25-000304_next,next
-0.0001421710521501,0.0023769693899173,-3,0.0055528463299823,-0.0056950173821325,0000895421-25-000304_next,next
-0.0451346381305417,-0.0043341850761716,-2,-0.0049431571242968,-0.0401914810062448,0000895421-25-000304_next,next
-0.0197261144198819,-0.0170641267025635,-1,-0.0248523265464165,0.0051262121265346,0000895421-25-000304_next,next
-0.0130609219826679,-0.0049691065044024,0,-0.0059361513308196,-0.0071247706518483,0000895421-25-000304_next,next
-0.0028468363069124,-0.0046797309154723,1,-0.0054835783500693,0.0026367420431569,0000895421-25-000304_next,next
0.0111883787324742,0.0001360242800469,2,0.0020480890288504,0.0091402897036238,0000895421-25-000304_next,next
-0.0138115730815372,-0.0158645536555098,3,-0.0229762375800315,0.0091646644984942,0000895421-25-000304_next,next
0.0299443152972873,0.0158541446349889,4,0.026630662172393,0.0033136531248942,0000895421-25-000304_next,next
-0.0299000707176467,-0.0175967394669998,5,-0.0256853136939429,-0.0042147570237038,0000895421-25-000304_next,next
-0.048788732905906,-0.0156610121277019,-5,-0.01902474100166,-0.029763991904246,0000895421-26-000086_next,next
0.0183862848105007,0.0004990891480125,-4,0.0019714750457031,0.0164148097647976,0000895421-26-000086_next,next
0.0022786811858876,0.0010313220779065,-3,0.002662985413919,-0.0003843042280313,0000895421-26-000086_next,next
0.0294392385539949,0.0055660701474107,-2,0.0085548142189004,0.0208844243350945,0000895421-26-000086_next,next
-0.0125714942590583,-0.0028221256867719,-1,-0.0023436553498989,-0.0102278389091593,0000895421-26-000086_next,next
0.0059643307860208,0.0069397247635067,0,0.0103395523589611,-0.0043752215729402,0000895421-26-000086_next,next
-0.0490848976364325,-0.0103856522472848,1,-0.0121706629307951,-0.0369142347056373,0000895421-26-000086_next,next
0.0119302361346504,0.0076516140863223,2,0.011264483568774,0.0006657525658764,0000895421-26-000086_next,next
0.0292671955911909,0.0081363556573399,3,0.0118942901880876,0.0173729054031032,0000895421-26-000086_next,next
0.0216429241592011,-0.0053655805693283,4,-0.0056482712869988,0.0272911954461999,0000895421-26-000086_next,next
-0.0618627660666361,-0.0043393528110311,5,-0.0043149318877346,-0.0575478341789014,0000895421-26-000086_next,next
0.0137994553627369,0.0045539647130032,-5,0.0045747571726511,0.0092246981900857,0001193125-16-662209_next,next
0.0028282501321779,-0.0030114751244342,-4,-0.0045226328015734,0.0073508829337514,0001193125-16-662209_next,next
0.000528515571512,0.000322784244346,-3,-0.0005132085771016,0.0010417241486136,0001193125-16-662209_next,next
-0.0100425079500109,-0.0011985421207814,-2,-0.0023425931891035,-0.0076999147609074,0001193125-16-662209_next,next
0.0003563454649269,0.0016062090221755,-1,0.001030100993443,-0.0006737555285161,0001193125-16-662209_next,next
0.0083618300465406,0.0016313092573088,0,0.0010602838555579,0.0073015461909826,0001193125-16-662209_next,next
-0.0017647213598855,-0.0012697872845152,1,-0.0024282650141647,0.0006635436542791,0001193125-16-662209_next,next
0.0,-0.0063616194812253,2,-0.0085511586161413,0.0085511586161413,0001193125-16-662209_next,next
0.0068929682570946,0.0031339432802557,3,0.0028671910531593,0.0040257772039352,0001193125-16-662209_next,next
0.0073722214174949,0.0002125718896919,4,-0.0006457381843433,0.0080179596018382,0001193125-16-662209_next,next
0.0099322653892754,0.0086034964479611,5,0.0094442915549889,0.0004879738342865,0001193125-16-662209_next,next
-0.0120186355142273,-0.0009726882691745,-5,-0.0008208775318336,-0.0111977579823936,0001564590-17-014900_next,next
-0.0016407938804567,-0.0013411155777705,-4,-0.0012509018653684,-0.0003898920150883,0001564590-17-014900_next,next
-0.0046545933088503,-0.0007281456077897,-3,-0.0005354500064324,-0.0041191433024178,0001564590-17-014900_next,next
-0.0016504799513556,0.0024491149692504,-2,0.0031730138620975,-0.0048234938134532,0001564590-17-014900_next,next
-0.0044091371555307,0.0004926487188865,-1,0.0008894478077728,-0.0052985849633036,0001564590-17-014900_next,next
-0.0015223276275033,-0.0021836541856442,0,-0.0022343037329143,0.0007119761054109,0001564590-17-014900_next,next
0.00734559863794,0.0018891035295691,1,0.0025193746217314,0.0048262240162085,0001564590-17-014900_next,next
-0.003852064834639,0.0016471997899281,2,0.0022370272169879,-0.006089092051627,0001564590-17-014900_next,next
0.0053866937317794,-0.0024144327873969,3,-0.0025036659981355,0.007890359729915,0001564590-17-014900_next,next
-0.004396069424015,-0.0003636086710507,4,-0.0001099664724692,-0.0042861029515458,0001564590-17-014900_next,next
-0.0146266709062476,-0.0144744417228017,5,-0.0165799768032001,0.0019533058969524,0001564590-17-014900_next,next
-0.0214525017252138,-0.0057541702945819,-5,-0.0076513292743007,-0.013801172450913,0001564590-18-019062_next,next
0.0067384772823613,0.0048847287979825,-4,0.0079448858781124,-0.001206408595751,0001564590-18-019062_next,next
0.0018851411539602,-0.0010403515262938,-3,-0.000741053026725,0.0026261941806852,0001564590-18-019062_next,next
0.0121374961721252,0.0049264448033816,-2,0.0080060399307868,0.0041314562413384,0001564590-18-019062_next,next
0.0043694744671383,0.0046441830098771,-1,0.0075922550436005,-0.0032227805764622,0001564590-18-019062_next,next
0.0008330466281749,0.0035382274515358,0,0.0059709669115462,-0.0051379202833713,0001564590-18-019062_next,next
0.0069359454489197,0.0028241822564987,1,0.0049242042349334,0.0020117412139862,0001564590-18-019062_next,next
0.0056027638386833,-0.0002623799656497,2,0.000399423232773,0.0052033406059102,0001564590-18-019062_next,next
0.0016438774744584,-0.0014416744645237,3,-0.0013293769534558,0.0029732544279143,0001564590-18-019062_next,next
-0.006109388284938,-0.0071138879135516,4,-0.0096446227859198,0.0035352345009818,0001564590-18-019062_next,next
-0.0072474839531545,-0.0040059921853423,5,-0.0050885676878604,-0.002158916265294,0001564590-18-019062_next,next
0.0082034422077403,0.0073876910992347,-5,0.011408238492903,-0.0032047962851626,0001564590-19-027952_next,next
-0.0021929698250946,-0.0016161146071345,-4,-0.0008398855146053,-0.0013530843104893,0001564590-19-027952_next,next
-0.0048223914309645,-0.0025786549148275,-3,-0.0021492555116178,-0.0026731359193467,0001564590-19-027952_next,next
-0.0290698011650425,-0.0108855261126957,-2,-0.0134493203801784,-0.015620480784864,0001564590-19-027952_next,next
0.013135506191567,-0.008998793869673,-1,-0.0108827467295321,0.0240182529210991,0001564590-19-027952_next,next
-0.0084021790520559,-0.0072827399270378,0,-0.0085483514550871,0.0001461724030311,0001564590-19-027952_next,next
-0.0342583169495663,-0.0297778200029859,1,-0.0391490262490953,0.0048907092995289,0001564590-19-027952_next,next
0.0187579828228954,0.0130170171699326,2,0.0190659652410305,-0.0003079824181351,0001564590-19-027952_next,next
0.0043804236633782,0.0007668762331907,3,0.002401762325531,0.0019786613378471,0001564590-19-027952_next,next
0.0266852631832961,0.0187623034099841,4,0.0268814357900011,-0.000196172606705,0001564590-19-027952_next,next
-0.0084955708641225,-0.0066166063549235,5,-0.0076421916752232,-0.0008533791888993,0001564590-19-027952_next,next
-0.006122138955203,-0.0061904000546884,-5,-0.0046961715235023,-0.0014259674317006,0001564590-20-034944_next,next
0.0126679027648892,0.0073951387950395,-4,0.0099771142816512,0.002690788483238,0001564590-20-034944_next,next
-0.0089775556375059,-0.0064733921522979,-3,-0.0050018218164171,-0.0039757338210887,0001564590-20-034944_next,next
0.0100981729215976,0.01242838167815,-2,0.0154133514576331,-0.0053151785360354,0001564590-20-034944_next,next
-0.0007840894473604,-0.0037502519373892,-1,-0.0020606492134869,0.0012765597661265,0001564590-20-034944_next,next
0.0054439481974981,0.0076705049901413,0,0.0102745280925055,-0.0048305798950073,0001564590-20-034944_next,next
0.0562410783598026,0.0071810234393261,1,0.0097458554523618,0.0464952229074408,0001564590-20-034944_next,next
-0.0150088396084573,0.0036119303819721,2,0.0058909974982517,-0.0208998371067091,0001564590-20-034944_next,next
-0.0016408773928268,0.0064297430531994,3,0.0089344226525752,-0.010575300045402,0001564590-20-034944_next,next
0.0160138217347289,0.0064276955596642,4,0.0089322112233373,0.0070816105113916,0001564590-20-034944_next,next
-0.0178876600087483,0.0006330295486443,5,0.0026735864116458,-0.0205612464203941,0001564590-20-034944_next,next
0.0123364446023503,0.0101454520208228,-5,0.0124351765824047,-9.87319800543618e-05,0001564590-21-039151_next,next
-0.0021405075715148,0.0023821998626283,-4,0.0028713301621333,-0.0050118377336481,0001564590-21-039151_next,next
-0.0086836727113449,-0.0047124448070912,-3,-0.0058688331927274,-0.0028148395186175,0001564590-21-039151_next,next
-0.001116745862153,-0.0001862618826539,-2,-0.0002928558217385,-0.0008238900404145,0001564590-21-039151_next,next
0.0009783007353671,0.0042061529800074,-1,0.005118327572101,-0.0041400268367338,0001564590-21-039151_next,next
-0.0055493690795257,-0.0054060480514769,0,-0.0067233094831703,0.0011739404036446,0001564590-21-039151_next,next
-0.0003162309917551,-0.0018428056148913,1,-0.0023336152252391,0.002017384233484,0001564590-21-039151_next,next
0.0080752778355082,0.0082034265474622,2,0.0100427213338822,-0.001967443498374,0001564590-21-039151_next,next
-0.0021247875794964,-0.0046323879014122,3,-0.0057702080372908,0.0036454204577944,0001564590-21-039151_next,next
0.0105058953329049,0.0060054468134942,4,0.0073349462697488,0.003170949063156,0001564590-21-039151_next,next
-0.0002070970691032,0.0016752662417647,5,0.0020004316724933,-0.0022075287415965,0001564590-21-039151_next,next
-0.0169160368847856,-0.0093324669763467,-5,-0.0108757143969817,-0.0060403224878038,0001564590-22-026876_next,next
-0.0058764580770439,0.0013151670479691,-4,0.0022139496135293,-0.0080904076905733,0001564590-22-026876_next,next
-0.0267742970703895,-0.0115432026620586,-3,-0.0135934812995567,-0.0131808157708328,0001564590-22-026876_next,next
0.066851631058763,0.0261562737829377,-2,0.0327523527993841,0.0340992782593789,0001564590-22-026876_next,next
0.0285406335443516,0.0121333386971809,-1,0.0155132639750893,0.0130273695692623,0001564590-22-026876_next,next
0.0156652608304457,0.0142077600825818,0,0.0180634529550173,-0.0023981921245716,0001564590-22-026876_next,next
-0.009724116412041,-0.0028230841271976,1,-0.0028734075730844,-0.0068507088389566,0001564590-22-026876_next,next
-0.0114746182553596,-0.0066623955507048,2,-0.0075932633129284,-0.0038813549424312,0001564590-22-026876_next,next
0.0278366516584265,0.0156384771631401,3,0.0198223043426439,0.0080143473157826,0001564590-22-026876_next,next
0.0041773697315665,-0.0007773401640558,4,-0.0003584731690745,0.0045358429006411,0001564590-22-026876_next,next
-0.0026090747315696,-0.0016257460597355,5,-0.0014014605683054,-0.0012076141632641,0001564590-22-026876_next,next
-0.0089370330143994,0.000324094521898,-5,0.0022717401694694,-0.0112087731838688,0000950170-23-035122_next,next
0.003897810217649,0.0040341538771535,-4,0.0067216575649103,-0.0028238473472613,0000950170-23-035122_next,next
0.017009245525404,0.0028146733515561,-3,0.0052589888891194,0.0117502566362846,0000950170-23-035122_next,next
-0.0376374424534547,-0.0001554388967985,-2,0.0016965784544605,-0.0393340209079153,0000950170-23-035122_next,next
-0.0208722263111938,-0.0064246660644878,-1,-0.0058228546214423,-0.0150493716897515,0000950170-23-035122_next,next
0.0231311721311864,0.0098778427947523,0,0.0137306917818783,0.0094004803493081,0000950170-23-035122_next,next
-0.0072404495799629,0.0014687129405193,1,0.0036446177771954,-0.0108850673571584,0000950170-23-035122_next,next
0.001250187276526,-0.0026650876392156,2,-0.0013135430896889,0.002563730366215,0000950170-23-035122_next,next
-0.02628284762721,-0.0138395413363479,3,-0.0147164003299588,-0.0115664472972511,0000950170-23-035122_next,next
-0.0025649457666735,-0.0025479738404268,4,-0.0011730745201663,-0.0013918712465071,0000950170-23-035122_next,next
0.0034285944238392,-0.0053000741550505,5,-0.004473997198585,0.0079025916224242,0000950170-23-035122_next,next
-0.0358548481713535,-0.0231490937547349,-5,-0.032634453026768,-0.0032203951445855,0000950170-24-087843_next,next
-0.0244812335209796,-0.0051426202378422,-4,-0.0073750744351252,-0.0171061590858543,0000950170-24-087843_next,next
0.0164195757356502,0.0110904687028463,-3,0.0153966103636771,0.001022965371973,0000950170-24-087843_next,next
0.0034332192699892,0.0008133101292933,-2,0.0009798707943113,0.0024533484756778,0000950170-24-087843_next,next
-0.0089284759105811,-0.0049601718780302,-1,-0.0071191369141223,-0.0018093389964587,0000950170-24-087843_next,next
-0.0108057007903111,0.0157933986591674,0,0.0219938537464664,-0.0327995545367776,0000950170-24-087843_next,next
-0.0029640648063384,-0.013693502993456,1,-0.019370204109693,0.0164061393033545,0000950170-24-087843_next,next
-0.0206659187010682,-0.0183818608686967,2,-0.0259470058600587,0.0052810871589905,0000950170-24-087843_next,next
-0.0326569295108774,-0.0299687983886397,3,-0.042201095882704,0.0095441663718266,0000950170-24-087843_next,next
0.0112867995145229,0.010354085880061,4,0.0143636167299339,-0.0030768172154109,0000950170-24-087843_next,next
-0.0029528446348003,-0.0077346478585028,5,-0.0110111560326039,0.0080583113978035,0000950170-24-087843_next,next
0.0099038679690597,0.0006982236416543,-5,0.0021854487928032,0.0077184191762564,0000950170-25-100235_next,next
0.0055394167279225,0.0039743277792958,-4,0.0052147947932697,0.0003246219346527,0000950170-25-100235_next,next
-0.0023554037320739,0.0001768581088181,-3,0.0017033528259713,-0.0040587565580452,0000950170-25-100235_next,next
0.0001365067114698,-0.0029594423887242,-2,-0.0011967196287862,0.001333226340256,0000950170-25-100235_next,next
0.0013071589681477,-0.0012494327466496,-1,0.000384491056936,0.0009226679112116,0000950170-25-100235_next,next
0.0394746868610285,-0.003694819341153,0,-0.0018767075461664,0.0413513944071949,0000950170-25-100235_next,next
-0.0176007662352741,-0.0159921331401484,1,-0.0132477802619096,-0.0043529859733644,0000950170-25-100235_next,next
0.0219992673144016,0.014737100330916,2,0.0151669088327989,0.0068323584816026,0000950170-25-100235_next,next
-0.0147301089156945,-0.0048578659963033,3,-0.0029521528266305,-0.011777956089064,0000950170-25-100235_next,next
-0.0053244450870758,0.0072819072950924,4,0.008273245427448,-0.0135976905145238,0000950170-25-100235_next,next
-0.0078103139683747,-0.0007974800154801,5,0.0008024024361371,-0.0086127164045118,0000950170-25-100235_next,next
0.007183201246063,-0.0008641180363413,-5,-0.0011506652304853,0.0083338664765484,0000753308-17-000060_next,next
0.0053092898005557,0.0016785565287558,-4,0.0008362580504059,0.0044730317501498,0000753308-17-000060_next,next
0.0110358598007898,0.0060480661608284,-3,0.0042507258447586,0.0067851339560311,0000753308-17-000060_next,next
0.0014036632607721,-0.001082200145408,-2,-0.001321081226932,0.0027247444877041,0000753308-17-000060_next,next
0.0056833609336111,0.0004189867216857,-1,-0.0001480081266066,0.0058313690602177,0000753308-17-000060_next,next
0.0216325689978518,0.0014933641914423,0,0.0006915431224706,0.0209410258753811,0000753308-17-000060_next,next
-0.0083231536010469,0.0010179830611165,1,0.0003200658409867,-0.0086432194420336,0000753308-17-000060_next,next
0.0087010397482507,-0.0025783763780462,2,-0.0024902388650159,0.0111912786132667,0000753308-17-000060_next,next
-0.0121375124050743,0.0136738546598662,3,0.0102097490370611,-0.0223472614421354,0000753308-17-000060_next,next
0.0118228420346122,-0.0058598805035984,4,-0.0050545060476514,0.0168773480822636,0000753308-17-000060_next,next
-0.0010690352858706,0.00050387727206,5,-8.167206725337965e-05,-0.0009873632186172,0000753308-17-000060_next,next
0.0128291986647892,0.0139145847540425,-5,0.0025333894999622,0.010295809164827,0000753308-18-000013_next,next
0.0071333306658774,0.002612929746329,-4,0.0003128355615327,0.0068204951043446,0000753308-18-000013_next,next
-0.0065533669444762,0.0134024582572458,-3,0.0024327666700616,-0.0089861336145379,0000753308-18-000013_next,next
0.0289843765745079,0.0120691127622993,-2,0.0021707903853432,0.0268135861891647,0000753308-18-000013_next,next
0.0104902790877032,0.0003734693722488,-1,-0.0001271745564744,0.0106174536441777,0000753308-18-000013_next,next
-0.0143542154281256,-0.0058413894593534,0,-0.0013482726386472,-0.0130059427894783,0000753308-18-000013_next,next
-0.0133285106783489,-0.0054965031281792,1,-0.0012805092269631,-0.0120480014513857,0000753308-18-000013_next,next
0.0036242981592713,0.0009735510790762,2,-9.270249842752008e-06,0.003633568409114,0000753308-18-000013_next,next
0.0259341797687806,0.0160283763505131,3,0.0029487081635878,0.0229854716051927,0000753308-18-000013_next,next
-0.0032227568696096,0.0117570153438109,4,0.0021094693530408,-0.0053322262226504,0000753308-18-000013_next,next
-0.0192044400867245,-0.0127068884438292,5,-0.0026972087722362,-0.0165072313144882,0000753308-18-000013_next,next
0.0,0.0007091030986317,-5,0.0007733301847303,-0.0007733301847303,0000753308-19-000039_next,next
0.0014204798461072,0.0128902247439735,-4,0.0038578398957688,-0.0024373600496616,0000753308-19-000039_next,next
-0.0022917162698213,0.0030239946687606,-3,0.0013595081850785,-0.0036512244548999,0000753308-19-000039_next,next
-0.0013123286469611,-0.0026516415551012,-2,-7.767925615504345e-05,-0.0012346493908061,0000753308-19-000039_next,next
0.0078308680976078,0.0108787526085869,-1,0.0033484939163322,0.0044823741812755,0000753308-19-000039_next,next
0.0072265864797247,0.0014987433214488,0,0.0009732832766065,0.0062533032031181,0000753308-19-000039_next,next
0.0014565489700895,0.0017771107537685,1,0.0010437716169438,0.0004127773531456,0000753308-19-000039_next,next
0.0049559186233254,-0.0035264367908802,2,-0.000299195342973,0.0052551139662985,0000753308-19-000039_next,next
0.0084151035442732,0.0064111023949868,3,0.0022171932963567,0.0061979102479164,0000753308-19-000039_next,next
-0.0013287581078413,0.0012318625699112,4,0.0009057035993178,-0.0022344617071592,0000753308-19-000039_next,next
0.0018630519312292,-0.0007904570968998,5,0.0003936108025524,0.0014694411286768,0000753308-19-000039_next,next
0.0081615672162749,0.0073263978048905,-5,0.0011526357839813,0.0070089314322935,0000753308-20-000021_next,next
0.0015091085551954,0.0016884725532351,-4,0.0014583762140042,5.0732341191195686e-05,0000753308-20-000021_next,next
-0.0069446488634219,0.0064626464661976,-3,0.0011994763669861,-0.008144125230408,0000753308-20-000021_next,next
0.0192779270221392,-0.0016304457368023,-2,0.0016383586472423,0.0176395683748969,0000753308-20-000021_next,next
0.0110716041064207,0.0018435333204338,-1,0.0014499673856628,0.0096216367207578,0000753308-20-000021_next,next
0.0126384289191365,-0.0029199426368901,0,0.0017082870906232,0.0109301418285133,0000753308-20-000021_next,next
-0.0261310192846652,0.0047057858811645,1,0.0012947495901634,-0.0274257688748287,0000753308-20-000021_next,next
0.0085921965303077,-0.0038155197636281,2,0.0017568535620866,0.006835342968221,0000753308-20-000021_next,next
0.0020215040034172,-0.0105181030271228,3,0.0021203295923237,-9.88255889065215e-05,0000753308-20-000021_next,next
-0.0131489672321403,-0.0335136266712231,4,0.0033673594789803,-0.0165163267111206,0000753308-20-000021_next,next
-0.0131784744476567,-0.0302799955650561,5,0.0031920021053357,-0.0163704765529924,0000753308-20-000021_next,next
-0.0023927207202472,0.0073993483603735,-5,0.0060225100299579,-0.0084152307502051,0000753308-21-000014_next,next
0.0051561728705213,-0.0011135249921484,-4,0.0002054704958321,0.0049507023746892,0000753308-21-000014_next,next
0.0009540820030733,-0.0003451849323593,-3,0.0007304946936984,0.0002235873093748,0000753308-21-000014_next,next
0.000476797458319,0.0016624551635393,-2,0.0021023607281766,-0.0016255632698575,0000753308-21-000014_next,next
-0.0097676846759771,0.0047110331133788,-1,0.0041855232189972,-0.0139532078949743,0000753308-21-000014_next,next
-0.0233371741242378,-0.0005692724183511,0,0.0005773706295737,-0.0239145447538116,0000753308-21-000014_next,next
-0.0062811937367014,-0.0003204020092266,1,0.0007474294274439,-0.0070286231641454,0000753308-21-000014_next,next
0.0006195277972744,-0.0044158356273545,2,-0.0020510732965487,0.0026706010938232,0000753308-21-000014_next,next
-0.0325777184019714,-0.0018548966445751,3,-0.000301125577322,-0.0322765928246494,0000753308-21-000014_next,next
-0.0384123299867702,-0.0077328394581538,4,-0.0043176572828933,-0.0340946727038769,0000753308-21-000014_next,next
-0.0051931803395957,0.0012563181187927,5,0.0018248380695241,-0.0070180184091198,0000753308-21-000014_next,next
-0.00053385549021,-0.0038405967262932,-5,-0.0022431178368889,0.0017092623466789,0000753308-22-000014_next,next
0.0022689960579584,0.0157667211707204,-4,0.0092764777445409,-0.0070074816865824,0000753308-22-000014_next,next
0.0018645657644436,0.000881207755895,-3,0.0005310136549902,0.0013335521094533,0000753308-22-000014_next,next
0.0019937918053585,-0.021173138152195,-2,-0.0124262478638254,0.0144200396691839,0000753308-22-000014_next,next
-0.0163175060989089,-0.0071661613961429,-1,-0.0041969373382494,-0.0121205687606594,0000753308-22-000014_next,next
-0.0049898243250479,-0.0101429452648328,0,-0.0059458428479548,0.0009560185229069,0000753308-22-000014_next,next
-0.0197883698071463,-0.0184121228454876,1,-0.0108041096451019,-0.0089842601620443,0000753308-22-000014_next,next
0.0431417668110434,0.0149568560673292,2,0.0088006697571567,0.0343410970538866,0000753308-22-000014_next,next
0.0227994771422483,0.0223726776556034,3,0.0131575770123794,0.0096419001298689,0000753308-22-000014_next,next
0.0200037856016297,-0.0024426034406476,4,-0.0014217756543029,0.0214255612559326,0000753308-22-000014_next,next
-0.0106040917913694,-0.0154735036804118,5,-0.0090776264755366,-0.0015264653158328,0000753308-22-000014_next,next
0.0117737577367578,0.0114486093427661,-5,0.0099336836309993,0.0018400741057584,0000753308-23-000019_next,next
0.0054220610919222,-0.0002804145319874,-4,-0.0006314959886819,0.0060535570806041,0000753308-23-000019_next,next
0.0119689541615259,0.002773175690496,-3,0.0021190934491044,0.0098498607124215,0000753308-23-000019_next,next
-0.0162464950069085,-0.0137887414891306,-2,-0.0127994225090462,-0.0034470724978622,0000753308-23-000019_next,next
0.0050206492632776,-0.0027674058253277,-1,-0.0028717088151969,0.0078923580784745,0000753308-23-000019_next,next
-0.0316814663209549,-0.0200412342553273,0,-0.0184314946960434,-0.0132499716249114,0000753308-23-000019_next,next
0.0002713932985487,-0.0015735561458868,1,-0.0017963221132104,0.0020677154117591,0000753308-23-000019_next,next
-0.0109932955179146,0.0053294294160743,2,0.0044216959548719,-0.0154149914727865,0000753308-23-000019_next,next
0.0006860722660451,-0.0105375514855581,3,-0.0098708406652159,0.010556912931261,0000753308-23-000019_next,next
-0.0081707600183387,0.0030730045671669,4,0.0023891709910227,-0.0105599310093615,0000753308-23-000019_next,next
-0.0115502370621466,-0.0030360018281855,5,-0.0031136526500482,-0.0084365844120983,0000753308-23-000019_next,next
0.0171437294505836,-0.0009489536011326,-5,-0.0029708300544248,0.0201145595050085,0000753308-24-000008_next,next
-0.0399651507536821,-0.0136742556536254,-4,-0.013548683045249,-0.026416467708433,0000753308-24-000008_next,next
0.0137556441700474,0.0095797632750176,-3,0.0057811208885478,0.0079745232814995,0000753308-24-000008_next,next
0.0224959616573099,0.0058212506847294,-2,0.0026568733476856,0.0198390883096242,0000753308-24-000008_next,next
-0.0041906684440838,-0.0048034698371121,-1,-0.0061748802158077,0.0019842117717238,0000753308-24-000008_next,next
-0.0073644414228722,-0.0060053220011653,0,-0.0071739146949593,-0.0001905267279129,0000753308-24-000008_next,next
0.0086555188550716,0.0012641999229821,1,-0.0011311556382388,0.0097866744933105,0000753308-24-000008_next,next
-0.0075307290576228,0.021122884217414,2,0.0153762908798216,-0.0229070199374445,0000753308-24-000008_next,next
0.00194112917907,0.0003479475462115,3,-0.0018927865137961,0.0038339156928662,0000753308-24-000008_next,next
-0.0198168471722746,-0.0037867513501905,4,-0.0053297373152034,-0.0144871098570711,0000753308-24-000008_next,next
0.0074343308455606,0.0017063496993998,5,-0.0007636205246847,0.0081979513702454,0000753308-24-000008_next,next
0.0209463842602846,0.0067125410858628,-5,0.0006836479224594,0.0202627363378252,0000753308-25-000011_next,next
0.0090386778412083,0.0003395827888592,-4,-0.0009454605079507,0.0099841383491591,0000753308-25-000011_next,next
-0.0149296723537417,-0.0027238667143857,-3,-0.0017285648653444,-0.0132011074883972,0000753308-25-000011_next,next
-0.0098152249412795,0.0104262921222306,-2,0.0016329877486176,-0.0114482126898971,0000753308-25-000011_next,next
-0.0078718196403734,-7.194380749464546e-05,-1,-0.0010506583479826,-0.0068211612923907,0000753308-25-000011_next,next
0.0064652550418855,0.0024449877750611,0,-0.000407259431998,0.0068725144738835,0000753308-25-000011_next,next
0.0081749446127492,0.0023769693899173,1,-0.000424646855467,0.0085995914682163,0000753308-25-000011_next,next
0.0156385395524303,-0.0043341850761716,2,-0.0021402077941964,0.0177787473466267,0000753308-25-000011_next,next
0.0205303982296218,-0.0170641267025635,3,-0.0053943410013656,0.0259247392309875,0000753308-25-000011_next,next
-0.0108967365607663,-0.0049691065044024,4,-0.0023025116730504,-0.0085942248877159,0000753308-25-000011_next,next
0.0067794804983345,-0.0046797309154723,5,-0.0022285390861432,0.0090080195844778,0000753308-25-000011_next,next
0.0001117927301788,0.0046910867168872,-5,0.0030174111836318,-0.002905618453453,0000753308-26-000015_next,next
0.0150871951167981,-0.0033037129754581,-4,-0.0007826743579507,0.0158698694747488,0000753308-26-000015_next,next
0.0058350974092631,-4.895607156218951e-05,-3,0.0007643756155093,0.0050707217937538,0000753308-26-000015_next,next
0.0062389959990725,-0.0156610121277019,-2,-0.0066563416977857,0.0128953376968582,0000753308-26-000015_next,next
0.0203416714240696,0.0004990891480125,-1,0.001024872287744,0.0193167991363255,0000753308-26-000015_next,next
-0.0116205757636705,0.0010313220779065,0,0.0012778530676854,-0.0128984288313559,0000753308-26-000015_next,next
-0.0160716254291363,0.0055660701474107,1,0.0034333080180003,-0.0195049334471366,0000753308-26-000015_next,next
0.0046042782055732,-0.0028221256867719,2,-0.0005537664474125,0.0051580446529858,0000753308-26-000015_next,next
0.0058925819244304,0.0069397247635067,3,0.0040862330751162,0.0018063488493141,0000753308-26-000015_next,next
0.0203949251265365,-0.0103856522472848,4,-0.0041488593868265,0.024543784513363,0000753308-26-000015_next,next
0.0172230109810143,0.0076516140863223,5,0.0044246080722319,0.0127984029087823,0000753308-26-000015_next,next
-0.0105999839946581,-0.0009289473209127,-5,-0.0028524483938936,-0.0077475356007644,0000320187-16-000336_next,next
-0.002246329789316,0.0023822949878407,-4,0.000230762129437,-0.002477091918753,0000320187-16-000336_next,next
0.0003462552672903,-0.0014351736522938,-3,-0.0033238129775048,0.0036700682447952,0000320187-16-000336_next,next
0.0,0.0042703001734318,-2,0.001988748079583,-0.001988748079583,0000320187-16-000336_next,next
-0.0133310773382485,-0.0036125289162974,-1,-0.0053512226434355,-0.0079798546948129,0000320187-16-000336_next,next
-0.0045621877944863,0.0045539647130032,0,0.002252877796454,-0.0068150655909403,0000320187-16-000336_next,next
0.0072274549705364,-0.0030114751244342,1,-0.0047915609807231,0.0120190159512596,0000320187-16-000336_next,next
-0.0134759563490136,0.000322784244346,2,-0.0016869184886406,-0.0117890378603729,0000320187-16-000336_next,next
-0.0102889800405747,-0.0011985421207814,3,-0.00310347729679,-0.0071855027437847,0000320187-16-000336_next,next
-0.0060943817131119,0.0016062090221755,4,-0.0004918779534172,-0.0056025037596947,0000320187-16-000336_next,next
0.0009015074938258,0.0016313092573088,5,-0.0004685062693528,0.0013700137631786,0000320187-16-000336_next,next
0.0010354856414092,0.0046735030786992,-5,0.0026715281259629,-0.0016360424845537,0000320187-17-000090_next,next
-0.0036206390734442,-5.291283677333336e-05,-4,-0.0004275779164493,-0.0031930611569948,0000320187-17-000090_next,next
-0.0024226312574752,0.0005978573436131,-3,-8.685801729302659e-07,-0.0024217626773022,0000320187-17-000090_next,next
0.0020816164562018,0.0053726393560888,-2,0.0031299510621744,-0.0010483346059726,0000320187-17-000090_next,next
0.0230222838119451,-0.0001536592818101,-1,-0.0004936372565812,0.0235159210685263,0000320187-17-000090_next,next
0.0143823034239694,-0.000367871647835,0,-0.0006340960841114,0.0150163995080808,0000320187-17-000090_next,next
-0.0166807064634377,-0.0010637348279797,1,-0.0010903728538343,-0.0155903336096034,0000320187-17-000090_next,next
0.0074639803400484,0.0029231716783382,2,0.0015238376314965,0.0059401427085519,0000320187-17-000090_next,next
-0.0173428389787351,0.0002826639480466,3,-0.0002075405646529,-0.0171352984140821,0000320187-17-000090_next,next
-0.0035983797225693,-0.0009726882691745,4,-0.0010306737191029,-0.0025677060034663,0000320187-17-000090_next,next
0.0089422516508541,-0.0013411155777705,5,-0.0012722511254674,0.0102145027763215,0000320187-17-000090_next,next
0.0046999630364028,-0.0039529931204791,-5,-0.0028842786611998,0.0075842416976026,0000320187-18-000142_next,next
0.0001300340992005,-0.0009484477101494,-4,0.0001320327024341,-1.9986032336523915e-06,0000320187-18-000142_next,next
-0.004807385693872,0.0018380494891383,-3,0.0029294419670935,-0.0077368276609656,0000320187-18-000142_next,next
-0.0138399501025227,0.0047809111459209,-2,0.0058838280204507,-0.0197237781229734,0000320187-18-000142_next,next
0.0215805606158252,0.0091016050575996,-1,0.0102214419901961,0.011359118625629,0000320187-18-000142_next,next
0.0128306243776608,-0.0030322960242857,0,-0.0019599760681469,0.0147906004458077,0000320187-18-000142_next,next
-0.0161232178796699,-0.0065622086921236,1,-0.0055037120543062,-0.0106195058253637,0000320187-18-000142_next,next
-0.012095093215224,-0.0057541702945819,2,-0.0046925093371236,-0.0074025838781003,0000320187-18-000142_next,next
0.0125069739643584,0.0048847287979825,3,0.0059880522277409,0.0065189217366174,0000320187-18-000142_next,next
0.008191246781245,-0.0010403515262938,4,3.976898625112561e-05,0.0081514777949939,0000320187-18-000142_next,next
0.0143150560504305,0.0049264448033816,5,0.0060299315951481,0.0082851244552824,0000320187-18-000142_next,next
-0.0124152424835493,-0.0065312435694508,-5,-0.0101071445222126,-0.0023080979613366,0000320187-19-000051_next,next
-0.0006858040320829,0.0035819977840647,-4,0.0041419148736082,-0.0048277189056912,0000320187-19-000051_next,next
-0.0101780820340275,-0.0061767345227666,-3,-0.0096076587207783,-0.0005704233132492,0000320187-19-000051_next,next
-0.0067016125970992,0.0028286949150666,-2,0.0030805482011254,-0.0097821607982247,0000320187-19-000051_next,next
0.0084914533074789,0.0068474826737554,-1,0.0087428223890986,-0.0002513690816197,0000320187-19-000051_next,next
0.0,0.0046881479528901,0,0.0057004260279783,-0.0057004260279783,0000320187-19-000051_next,next
0.0066896255291999,-0.0052624012804535,1,-0.0083194081765781,0.0150090337057781,0000320187-19-000051_next,next
0.0029786240096552,0.0073876910992347,2,0.0095039494770131,-0.0065253254673579,0000320187-19-000051_next,next
0.0009142802998769,-0.0016161146071345,3,-0.0031819696871614,0.0040962499870383,0000320187-19-000051_next,next
-0.0047936635598103,-0.0025786549148275,4,-0.0045381416142184,-0.0002555219455919,0000320187-19-000051_next,next
-0.0134171342743911,-0.0108855261126957,5,-0.0162421143519708,0.0028249800775797,0000320187-19-000051_next,next
-0.0065431784520596,0.0084069387471426,-5,0.0087106233286384,-0.0152538017806981,0000320187-20-000047_next,next
0.0283323040303502,0.0016790373419135,-4,0.0020531771754506,0.0262791268548996,0000320187-20-000047_next,next
0.0055920068953088,0.0057470820687397,-3,0.0060786209336715,-0.0004866140383627,0000320187-20-000047_next,next
-0.0061673578530098,-0.012319859824193,-2,-0.011799122148516,0.0056317642955062,0000320187-20-000047_next,next
0.0013224817778607,-0.0061904000546884,-1,-0.0057338506907784,0.0070563324686392,0000320187-20-000047_next,next
-0.0123946968117553,0.0073951387950395,0,0.0077094190461724,-0.0201041158579277,0000320187-20-000047_next,next
-0.0096696580240986,-0.0064733921522979,1,-0.0060138792670219,-0.0036557787570767,0000320187-20-000047_next,next
0.0072712341115275,0.01242838167815,2,0.0126899533096771,-0.0054187191981496,0000320187-20-000047_next,next
-0.0015467557231965,-0.0037502519373892,3,-0.0033192560470317,0.0017725003238352,0000320187-20-000047_next,next
0.008159279433733,0.0076705049901413,4,0.0079819015791171,0.0001773778546159,0000320187-20-000047_next,next
0.0073763711628009,0.0071810234393261,5,0.0074975459277399,-0.0001211747649389,0000320187-20-000047_next,next
-0.0003093247629089,0.0011649345752446,-5,0.0001677719558423,-0.0004770967187512,0000320187-21-000028_next,next
0.000928676195725,-0.0032622408541723,-4,-0.0042373207999985,0.0051659969957235,0000320187-21-000028_next,next
-0.0113797139086508,-0.0075388542110778,-3,-0.0084926024843109,-0.0028871114243398,0000320187-21-000028_next,next
-0.0123868470372615,-0.0158695124274093,-2,-0.0167817075232274,0.0043948604859659,0000320187-21-000028_next,next
0.0118451038108433,0.0151626094378556,-1,0.0140956266611668,-0.0022505228503234,0000320187-21-000028_next,next
0.0083889318530363,0.0082418199908353,0,0.0072093579908098,0.0011795738622264,0000320187-21-000028_next,next
0.0161409054867349,0.0020166699583279,1,0.0010152588977382,0.0151256465889967,0000320187-21-000028_next,next
0.0163733811235671,0.0101454520208228,2,0.009103494737541,0.007269886386026,0000320187-21-000028_next,next
-0.0076339267464431,0.0023821998626283,3,0.0013789655452719,-0.009012892291715,0000320187-21-000028_next,next
-0.0031499317810715,-0.0047124448070912,4,-0.0056802911609755,0.0025303593799039,0000320187-21-000028_next,next
0.0054079890692095,-0.0001862618826539,5,-0.0011766847577672,0.0065846738269768,0000320187-21-000028_next,next
0.0143382421288107,0.0192012493594366,-5,0.0229102884078301,-0.0085720462790193,0000320187-22-000038_next,next
-0.0072588326441976,-0.0083635715808313,-4,-0.0115108406426578,0.0042520079984601,0000320187-22-000038_next,next
0.0505097916357806,0.0276282916459595,-3,0.0334334226116362,0.0170763690241444,0000320187-22-000038_next,next
0.0175841287440565,0.0058958061932632,-2,0.0062953291708652,0.0112887995731913,0000320187-22-000038_next,next
0.0045900741207813,0.0098613727091971,-1,0.0112472668997206,-0.0066571927789392,0000320187-22-000038_next,next
-0.0223975656463693,-0.0093324669763467,0,-0.0127207332633183,-0.0096768323830509,0000320187-22-000038_next,next
0.0014664997975035,0.0013151670479691,1,0.0005753293386315,0.0008911704588719,0000320187-22-000038_next,next
-0.0373355112128156,-0.0115432026620586,2,-0.0154813540741448,-0.0218541571386707,0000320187-22-000038_next,next
0.0252854042089225,0.0261562737829377,3,0.0315952638607596,-0.006309859651837,0000320187-22-000038_next,next
0.0405153522367904,0.0121333386971809,4,0.0140843480706874,0.0264310041661029,0000320187-22-000038_next,next
0.0239685226848476,0.0142077600825818,5,0.0166747485803337,0.0072937741045138,0000320187-22-000038_next,next
0.0010199740478176,-0.0010244071333035,-5,-0.00318544962663,0.0042054236744476,0000320187-23-000039_next,next
0.0070403206823836,0.0038553825145495,-4,0.0020723015817034,0.0049680191006802,0000320187-23-000039_next,next
0.0092907408244864,0.0071172752058423,-3,0.0055868424690641,0.0037038983554223,0000320187-23-000039_next,next
0.0014584159584527,0.002357910335732,-2,0.0004588434767854,0.0009995724816672,0000320187-23-000039_next,next
-0.0213871098021221,-0.0067568962189037,-1,-0.0093619456626493,-0.0120251641394727,0000320187-23-000039_next,next
0.0142285268457456,0.000324094521898,0,-0.0017325004794889,0.0159610273252345,0000320187-23-000039_next,next
-0.0026591267423262,0.0040341538771535,1,0.0022649195868996,-0.0049240463292259,0000320187-23-000039_next,next
-0.0043210289219037,0.0028146733515561,2,0.0009509848336219,-0.0052720137555257,0000320187-23-000039_next,next
0.0092336867542777,-0.0001554388967985,3,-0.0022491759088689,0.0114828626631466,0000320187-23-000039_next,next
-0.0149130763870534,-0.0064246660644878,4,-0.0090039827950095,-0.0059090935920439,0000320187-23-000039_next,next
0.0088233437783658,0.0098778427947523,5,0.0085612283798714,0.0002621153984943,0000320187-23-000039_next,next
0.0044210632933354,-0.0071402655319269,-5,-0.0042187287098388,0.0086397920031742,0000320187-24-000044_next,next
0.0297111020559626,0.0107920356494095,-4,0.003659366812347,0.0260517352436156,0000320187-24-000044_next,next
-0.0195030131144603,-0.0015581025897707,-3,-0.0017663489268981,-0.0177366641875621,0000320187-24-000044_next,next
-0.0314715276584256,-0.0231490937547349,-2,-0.0112517958361487,-0.0202197318222769,0000320187-24-000044_next,next
0.0045014025408276,-0.0051426202378422,-1,-0.0033411146051513,0.007842517145979,0000320187-24-000044_next,next
0.0161043060358654,0.0110904687028463,0,0.0037904757022868,0.0123138303335785,0000320187-24-000044_next,next
0.0136439083445891,0.0008133101292933,1,-0.0007245297128222,0.0143684380574114,0000320187-24-000044_next,next
0.010468893830122,-0.0049601718780302,2,-0.0032609606086324,0.0137298544387545,0000320187-24-000044_next,next
0.0072659226431561,0.0157933986591674,3,0.0058565870761359,0.0014093355670202,0000320187-24-000044_next,next
-0.0134918089614848,-0.013693502993456,4,-0.0070977251185777,-0.006394083842907,0000320187-24-000044_next,next
0.0021665306353217,-0.0183818608686967,5,-0.0091574346232218,0.0113239652585436,0000320187-24-000044_next,next
-0.0266684360551836,-0.0032975229626984,-5,-0.005101429262791,-0.0215670067923926,0000320187-25-000047_next,next
-0.0052318610927627,0.0014074138094573,-4,5.395583667287948e-06,-0.00523725667643,0000320187-25-000047_next,next
-0.0035987926249202,-0.0039562982147312,-3,-0.0058164760292475,0.0022176834043273,0000320187-25-000047_next,next
0.0015280399064248,0.0031936574173276,-2,0.0019442172257528,-0.000416177319328,0000320187-25-000047_next,next
0.012205229007361,0.0053737674089093,-1,0.0043105486797502,0.0078946803276107,0000320187-25-000047_next,next
-0.0069881678328267,-9.048620868445932e-05,0,-0.0016204526265418,-0.0053677152062848,0000320187-25-000047_next,next
0.0213880530399317,0.0013991348828683,1,-3.5905154141364307e-06,0.0213916435553458,0000320187-25-000047_next,next
0.0185086009732751,0.0006375316336257,2,-0.0008302486799601,0.0193388496532352,0000320187-25-000047_next,next
0.0180394380416888,0.0078118869515191,3,0.0069569284424968,0.0110825095991919,0000320187-25-000047_next,next
-0.0173290034478615,0.0006982236416543,4,-0.0007643724589626,-0.0165646309888989,0000320187-25-000047_next,next
0.0112702833431455,0.0039743277792958,5,0.0027915711848935,0.008478712158252,0000320187-25-000047_next,next
0.0170454768673149,0.0163955005341884,-5,0.0238088072793064,-0.0067633304119915,0001045810-16-000205_next,next
0.0024830256269028,-0.0012609729212872,-4,0.0013648456157983,0.0011181800111044,0001045810-16-000205_next,next
-0.0049536754095593,-0.0018369416879204,-3,0.0006327050244003,-0.0055863804339597,0001045810-16-000205_next,next
0.0298694873266351,0.0056003515456328,-2,0.0100865931201782,0.0197828942064569,0001045810-16-000205_next,next
-0.0084595027295794,0.0065952364866208,-1,0.011351237474638,-0.0198107402042174,0001045810-16-000205_next,next
0.030164614362498,0.0044056436889678,0,0.0085679445972046,0.0215966697652934,0001045810-16-000205_next,next
0.0029577649811829,0.0009855772666846,1,0.0042205396716434,-0.0012627746904605,0001045810-16-000205_next,next
-0.0017693678709105,-0.0008773877668368,2,0.0018524384821136,-0.0036218063530241,0001045810-16-000205_next,next
0.0171341580699329,-0.0063860316025012,3,-0.0051498539845754,0.0222840120545083,0001045810-16-000205_next,next
0.0014523934474381,-0.0003780702927851,4,0.002487144063259,-0.0010347506158208,0001045810-16-000205_next,next
0.0101509477683621,0.0005452554858313,5,0.0036608262501609,0.0064901215182011,0001045810-16-000205_next,next
-0.0927228698492144,0.0004189867216857,-5,0.006651597979291,-0.0993744678285054,0001045810-17-000027_next,next
0.0096524243803091,0.0014933641914423,-4,0.0081571411625354,0.0014952832177736,0001045810-17-000027_next,next
0.0290755131543227,0.0010179830611165,-3,0.0074909816046966,0.021584531549626,0001045810-17-000027_next,next
-0.0280624278654216,-0.0025783763780462,-2,0.0024513427528554,-0.0305137706182771,0001045810-17-000027_next,next
0.0129093447370829,0.0136738546598662,-1,0.025225866921894,-0.0123165221848111,0001045810-17-000027_next,next
-0.0368717480434638,-0.0058598805035984,0,-0.0021470840627521,-0.0347246639807116,0001045810-17-000027_next,next
-0.0057572900531362,0.00050387727206,1,0.0067705565325329,-0.0125278465856692,0001045810-17-000027_next,next
-0.0077214614308958,-0.0032772408480052,2,0.0014720122397194,-0.0091934736706152,0001045810-17-000027_next,next
0.0109550510790181,-0.0029133737680216,3,0.0019819052869,0.0089731457921181,0001045810-17-000027_next,next
-0.0018225951147501,-0.0022842151650487,4,0.0028635557985215,-0.0046861509132716,0001045810-17-000027_next,next
-0.0002031534808815,0.0007998953585612,5,0.0071853716462098,-0.0073885251270913,0001045810-17-000027_next,next
0.0032730681301511,0.0009735510790762,-5,0.0032738190550539,-7.509249027991965e-07,0001045810-18-000010_next,next
0.0156103080644443,0.0160283763505131,-4,0.0366870251083482,-0.0210767170439038,0001045810-18-000010_next,next
0.002642841991971,0.0117570153438109,-3,0.0272070170131545,-0.0245641750211834,0001045810-18-000010_next,next
-0.0021088730077652,-0.0127068884438292,-2,-0.0270890271711145,0.0249801541633492,0001045810-18-000010_next,next
-0.0165000683897534,-0.011095788639207,-1,-0.0235132958840567,0.0070132274943032,0001045810-18-000010_next,next
-0.0404544773762455,-0.0133243995419872,0,-0.0284595529122598,-0.0119949244639856,0001045810-18-000010_next,next
0.0186469482727462,0.005071602744632,1,0.0123691783335208,0.0062777699392254,0001045810-18-000010_next,next
-0.0037627783398639,0.011032026532745,2,0.0255979514747828,-0.0293607298146467,0001045810-18-000010_next,next
0.0276258621680569,0.0026388586061694,3,0.006969860858371,0.0206560013096859,0001045810-18-000010_next,next
-0.0013212896859621,-0.0004838747205661,4,3.915723249335048e-05,-0.0013604469184554,0001045810-18-000010_next,next
-0.0027293196952563,0.0044630782078172,5,0.0110185976811066,-0.0137479173763629,0001045810-18-000010_next,next
0.0107927771652009,-0.0026516415551012,-5,-0.008223799856155,0.019016577021356,0001045810-19-000023_next,next
0.0181839685181239,0.0108787526085869,-4,0.0187914818120473,-0.0006075132939233,0001045810-19-000023_next,next
-0.0044489216087013,0.0014987433214488,-3,6.301094292399676e-05,-0.0045119325516253,0001045810-19-000023_next,next
0.0121934401721379,0.0017771107537685,-2,0.0006188095767548,0.0115746305953831,0001045810-19-000023_next,next
-0.0175336639965117,-0.0035264367908802,-1,-0.0099704481363652,-0.0075632158601465,0001045810-19-000023_next,next
0.0219554393671419,0.0064111023949868,0,0.0098712073946676,0.0120842319724742,0001045810-19-000023_next,next
-0.0031408876836099,0.0012318625699112,1,-0.000469852962398,-0.0026710347212119,0001045810-19-000023_next,next
-0.0100195670419167,-0.0007904570968998,2,-0.0045076906455505,-0.0055118763963661,0001045810-19-000023_next,next
-0.0107576198605761,-0.0005440493877303,3,-0.004015703968156,-0.00674191589242,0001045810-19-000023_next,next
-0.0063766974687534,-0.0028255083152146,4,-0.008570948611792,0.0021942511430385,0001045810-19-000023_next,next
0.0141969312975194,0.0068953205934343,5,0.0108380152246298,0.0033589160728895,0001045810-19-000023_next,next
-0.0064577762194873,-0.0016304457368023,-5,-0.001744344406718,-0.0047134318127693,0001045810-20-000010_next,next
0.0702046063193881,0.0018435333204338,-4,0.0055457742510486,0.0646588320683394,0001045810-20-000010_next,next
0.0233960981321648,-0.0029199426368901,-3,-0.0044503438544926,0.0278464419866575,0001045810-20-000010_next,next
0.0611322947490671,0.0047057858811645,-2,0.0115521895035412,0.0495801052455258,0001045810-20-000010_next,next
-0.0190657326038964,-0.0038155197636281,-1,-0.0063297056507311,-0.0127360269531653,0001045810-20-000010_next,next
-0.0473921316832615,-0.0105181030271228,0,-0.0203950257057435,-0.0269971059775179,0001045810-20-000010_next,next
-0.0706976961658663,-0.0335136266712231,1,-0.0686509573624934,-0.0020467388033729,0001045810-20-000010_next,next
-0.041093271150505,-0.0302799955650561,2,-0.0618652070539819,0.0207719359034768,0001045810-20-000010_next,next
0.0213699506307261,-0.003778540605322,3,-0.0062521051679779,0.027622055798704,0001045810-20-000010_next,next
-0.0556655940247747,-0.0441632425840791,4,-0.090999095444283,0.0353335014195083,0001045810-20-000010_next,next
0.0691608566304615,-0.0082383404443618,5,-0.0156109612465046,0.0847718178769661,0001045810-20-000010_next,next
-0.0382375407176895,-0.0077328394581538,-5,-0.0116623458296068,-0.0265751948880827,0001045810-21-000010_next,next
-0.0148893858079107,0.0012563181187927,-4,0.00100719265998,-0.0158965784678908,0001045810-21-000010_next,next
0.0252439951453464,0.011351613765979,-3,0.0152357491927748,0.0100082459525716,0001045810-21-000010_next,next
-0.0821781367824295,-0.0244788075251262,-2,-0.0352645226914308,-0.0469136140909987,0001045810-21-000010_next,next
0.0305842493492978,-0.0047502141699028,-1,-0.0074585608179364,0.0380428101672343,0001045810-21-000010_next,next
0.0092784671775953,0.0237907635068002,0,0.0327677909964741,-0.0234893238188787,0001045810-21-000010_next,next
-0.0314627066404379,-0.0080808516908706,1,-0.0121528427799062,-0.0193098638605316,0001045810-21-000010_next,next
-0.0448672447726455,-0.0130662218719981,2,-0.0191793454142151,-0.0256878993584304,0001045810-21-000010_next,next
-0.0339326516962844,-0.0134172139301002,3,-0.0196740422032744,-0.01425860949301,0001045810-21-000010_next,next
0.0073766086833546,0.0194959681977822,4,0.0267146014726807,-0.0193379927893261,0001045810-21-000010_next,next
-0.069674556474743,-0.0053592310301612,5,-0.0083169240723129,-0.0613576324024301,0001045810-21-000010_next,next
-0.0348417885158527,-0.0074210024659636,-5,-0.0180325675731876,-0.016809220942665,0001045810-22-000036_next,next
0.0770276805418055,0.0214085741708709,-4,0.0597001657761862,0.0173275147656192,0001045810-22-000036_next,next
0.0662953169198812,0.0223837613571822,-3,0.062329547625048,0.0039657692948331,0001045810-22-000036_next,next
0.0110223430352052,0.0123478175714519,-2,0.0352697904863067,-0.0242474474511014,0001045810-22-000036_next,next
0.0681173308554301,0.0116622948279487,-1,0.0334214263116631,0.0346959045437669,0001045810-22-000036_next,next
0.0106224823913094,-0.0004346603621039,0,0.0008045965894304,0.009817885801879,0001045810-22-000036_next,next
-0.0078550410797842,0.0113041136006502,1,0.0324556679107306,-0.0403107089905149,0001045810-22-000036_next,next
-0.0335545095971012,-0.012272698789159,2,-0.0311141199433057,-0.0024403896537955,0001045810-22-000036_next,next
0.0981508571804268,0.0143439129205664,3,0.0406518309327278,0.0574990262476989,0001045810-22-000036_next,next
-0.0162699900831986,0.005066170567449,4,0.0156364003732088,-0.0319063904564074,0001045810-22-000036_next,next
0.0190307906821889,0.0071449552765867,5,0.0212413948385003,-0.0022106041563114,0001045810-22-000036_next,next
-0.0279066235665326,-0.0027674058253277,-5,-0.0019734626419486,-0.0259331609245839,0001045810-23-000017_next,next
-0.0342716833330244,-0.0200412342553273,-4,-0.0373046211017893,0.0030329377687648,0001045810-23-000017_next,next
0.0047930697836748,-0.0015735561458868,-3,0.000468387025164,0.0043246827585107,0001045810-23-000017_next,next
0.1402140101052902,0.0053294294160743,-2,0.0145874618859562,0.1256265482193339,0001045810-23-000017_next,next
-0.0159738334596264,-0.0105375514855581,-1,-0.0178661901105662,0.0018923566509398,0001045810-23-000017_next,next
0.0092330739100385,0.0030730045671669,0,0.0099722658851081,-0.0007391919750695,0001045810-23-000017_next,next
-0.0121271304765038,-0.0030360018281855,1,-0.0025228375519232,-0.0096042929245805,0001045810-23-000017_next,next
-0.0223120998474194,-0.00472526484568,2,-0.0059779847182453,-0.016334115129174,0001045810-23-000017_next,next
0.0271386818665271,0.0075821940867943,3,0.0191951715130653,0.0079435103534618,0001045810-23-000017_next,next
0.0247062245018827,0.0161477371607488,4,0.0367147712281402,-0.0120085467262574,0001045810-23-000017_next,next
-0.0140641635707806,0.0006871667698291,5,0.0050923741101716,-0.0191565376809523,0001045810-23-000017_next,next
0.0245676110011214,0.0095797632750176,-5,0.0184567517641639,0.0061108592369575,0001045810-24-000029_next,next
-0.016806704417549,0.0058212506847294,-4,0.0116133833016019,-0.028420087719151,0001045810-24-000029_next,next
-0.000619424834239,-0.0048034698371121,-3,-0.0077317367681253,0.0071123119338862,0001045810-24-000029_next,next
-0.0435322397498678,-0.0060053220011653,-2,-0.0099200272150952,-0.0336122125347726,0001045810-24-000029_next,next
-0.0285086255200287,0.0012641999229821,-1,0.0033160644244965,-0.0318246899445253,0001045810-24-000029_next,next
0.164008658523143,0.021122884217414,0,0.0394740632455332,0.1245345952776098,0001045810-24-000029_next,next
0.0035524788535734,0.0003479475462115,1,0.0016477840959589,0.0019046947576145,0001045810-24-000029_next,next
0.0034890338133393,-0.0037867513501905,2,-0.0058805312548908,0.0093695650682301,0001045810-24-000029_next,next
-0.0049436062621398,0.0017063496993998,3,0.0041211152958132,-0.009064721557953,0001045810-24-000029_next,next
-0.013189204219262,-0.0016581550604305,4,-0.0020048574693326,-0.0111843467499294,0001045810-24-000029_next,next
0.0186576880352511,0.0052290946971491,5,0.010535206359799,0.008122481675452,0001045810-24-000029_next,next
0.006320552972018,-0.0043341850761716,-5,-0.0113753246312952,0.0176958776033132,0001045810-25-000023_next,next
-0.0405395843861114,-0.0170641267025635,-4,-0.0435637060622989,0.0030241216761874,0001045810-25-000023_next,next
-0.0308710538732409,-0.0049691065044024,-3,-0.0129807595743933,-0.0178902942988476,0001045810-25-000023_next,next
-0.0280166711896482,-0.0046797309154723,-2,-0.012249056939246,-0.0157676142504021,0001045810-25-000023_next,next
0.0367211173411541,0.0001360242800469,-1,-7.214602628916885e-05,0.0367932633674433,0001045810-25-000023_next,next
-0.084780529564103,-0.0158645536555098,0,-0.0405305173858589,-0.0442500121782441,0001045810-25-000023_next,next
0.0397003547408711,0.0158541446349889,1,0.0396720152756269,2.833946524423425e-05,0001045810-25-000023_next,next
-0.0869356063683991,-0.0175967394669998,2,-0.0449104477300811,-0.042025158638318,0001045810-25-000023_next,next
0.0169208923852866,-0.0122348266022004,3,-0.0313525460870641,0.0482734384723507,0001045810-25-000023_next,next
0.0112941673642892,0.0111592778931879,4,0.0278007776935535,-0.0165066103292643,0001045810-25-000023_next,next
-0.0573744054318778,-0.0178190070857499,5,-0.0454724640457927,-0.0119019413860851,0001045810-25-000023_next,next
0.0052026801839981,0.0031329906996742,-5,0.0043430225689344,0.0008596576150637,0001193125-16-628942_next,next
0.0269152929850895,-0.0032579654199809,-4,-0.0029059537386697,0.0298212467237592,0001193125-16-628942_next,next
0.0012599681663951,0.0058081852565332,-3,0.0073773763648026,-0.0061174081984075,0001193125-16-628942_next,next
0.006543768768189,0.0027120616074642,-2,0.0038655814850836,0.0026781872831054,0001193125-16-628942_next,next
0.0005006586707267,-0.0016515636618127,-1,-0.0010838839157144,0.0015845425864412,0001193125-16-628942_next,next
0.0204949574214226,0.0133640786593027,0,0.0159476890432153,0.0045472683782072,0001193125-16-628942_next,next
-0.0391870722225651,-0.0359197999944317,1,-0.0399528150470928,0.0007657428245277,0001193125-16-628942_next,next
-0.0191176772198378,-0.018096502176123,2,-0.0197366437592096,0.0006189665393718,0001193125-16-628942_next,next
0.0168914196624812,0.0177701650872592,3,0.0209453162413248,-0.0040538965788436,0001193125-16-628942_next,next
0.0362891508341884,0.0170326725700282,4,0.0201088113922301,0.0161803394419583,0001193125-16-628942_next,next
0.0093716071513139,0.0135650447059223,5,0.0161756358610784,-0.0068040287097645,0001193125-16-628942_next,next
0.010689271333224,-0.0005826443900691,-5,0.0008246466130114,0.0098646247202126,0001193125-17-214833_next,next
0.0856893918572396,-0.0004557820722176,-4,0.000912608836164,0.0847767830210756,0001193125-17-214833_next,next
0.0129229279361688,0.0015609155178168,-3,0.0023109216405507,0.0106120062956181,0001193125-17-214833_next,next
-0.0017665463747839,0.0003158017946232,-2,0.0014476001040631,-0.003214146478847,0001193125-17-214833_next,next
-0.0021629427171204,-0.0080728248861335,-1,-0.0043688019965221,0.0022058592794016,0001193125-17-214833_next,next
0.0023645631447171,0.0088080663748337,0,0.0073358613681354,-0.0049712982234183,0001193125-17-214833_next,next
-0.013170627813144,-0.0086000232468206,1,-0.0047343442681265,-0.0084362835450174,0001193125-17-214833_next,next
-0.0011956704126706,0.0015332318107057,2,0.0022917266544915,-0.0034873970671621,0001193125-17-214833_next,next
-0.0155562137758247,0.0023108338495552,3,0.0028308907279814,-0.0183871045038062,0001193125-17-214833_next,next
0.0020259290191702,0.0014532790242456,4,0.0022362899813849,-0.0002103609622147,0001193125-17-214833_next,next
-0.0123334197402306,-0.0093688238205867,5,-0.0052674056907361,-0.0070660140494944,0001193125-17-214833_next,next
0.0051856117470292,-0.0021261277624751,-5,-0.0024118769866095,0.0075974887336388,0001193125-18-201034_next,next
-0.0053738664124367,-0.0040234022926993,-4,-0.0044799508599011,-0.0008939155525355,0001193125-18-201034_next,next
-0.0745625643465702,0.0017121542893689,-3,0.0017719407494587,-0.076334505096029,0001193125-18-201034_next,next
0.0065393699626978,-0.0063455105155799,-2,-0.0070111034528405,0.0135504734155384,0001193125-18-201034_next,next
0.0232018308729238,0.0018619345065358,-1,0.0019352047099052,0.0212666261630185,0001193125-18-201034_next,next
0.0040815130491009,-0.0137246689734161,0,-0.0150545597742227,0.0191360728233237,0001193125-18-201034_next,next
0.0029356040707977,0.0022045770199778,1,0.0023086931105768,0.0006269109602208,0001193125-18-201034_next,next
-0.0216163540185374,-0.0086043551288214,2,-0.0094732972229313,-0.0121430567956061,0001193125-18-201034_next,next
0.0089758353646665,0.0061786898594677,3,0.0066405696007389,0.0023352657639275,0001193125-18-201034_next,next
0.005018221056209,0.0007584033300001,4,0.0007323297657681,0.0042858912904409,0001193125-18-201034_next,next
0.0201996679110227,0.0030679574121528,5,0.0032497980499649,0.0169498698610578,0001193125-18-201034_next,next
-0.0028154894791173,0.0009317492412306,-5,0.0014107659136324,-0.0042262553927497,0001564590-19-023119_next,next
-0.0043290761479038,0.009717399870633,-4,0.0094116034789712,-0.0137406796268751,0001564590-19-023119_next,next
-0.0041583648902306,0.0029851635463971,-3,0.0032807508473603,-0.007439115737591,0001564590-19-023119_next,next
0.0818144463977479,0.0094721851906851,-2,0.0091882935722087,0.0726261528255391,0001564590-19-023119_next,next
-0.0152659489470404,-0.0012592227925193,-1,-0.0005844888593685,-0.0146814600876719,0001564590-19-023119_next,next
0.0110481484580224,-0.0017318870104667,0,-0.0010149304726611,0.0120630789306836,0001564590-19-023119_next,next
-0.0118084884232613,-0.0094963973437341,1,-0.008085845146068,-0.0037226432771933,0001564590-19-023119_next,next
0.0105225273322924,-0.0012339337557076,2,-0.0005614588660021,0.0110839861982946,0001564590-19-023119_next,next
0.0019415051911835,0.0038231755541318,3,0.0040439041110754,-0.0021023989198919,0001564590-19-023119_next,next
0.0035230063226154,0.0057574526279098,4,0.0058053942188046,-0.0022823878961891,0001564590-19-023119_next,next
0.0182552300113012,0.0076723010321881,5,0.0075491911999419,0.0107060388113592,0001564590-19-023119_next,next
0.0251644190048947,0.0189623981938025,-5,0.0195451628598618,0.0056192561450329,0001564590-20-030125_next,next
-0.0562374892596202,-0.003600299556174,-4,-0.002529713998116,-0.0537077752615041,0001564590-20-030125_next,next
0.0421196630485141,0.0005942198825281,-3,0.0015741170735846,0.0405455459749294,0001564590-20-030125_next,next
0.0132240792514202,-0.0056494948094629,-2,-0.0045346042543955,0.0177586835058157,0001564590-20-030125_next,next
0.0132354729594501,0.0064950955376916,-1,0.0073474117782087,0.0058880611812413,0001564590-20-030125_next,next
0.0012699566093754,0.0043074195691641,0,0.0052070348540684,-0.0039370782446929,0001564590-20-030125_next,next
-0.0135895493068418,-0.0258551459390645,1,-0.0243033954452308,0.0107138461383889,0001564590-20-030125_next,next
0.0016532184454729,0.0109594472678098,2,0.0117152411834119,-0.0100620227379389,0001564590-20-030125_next,next
-0.0064186394106154,-0.0242269050447859,3,-0.022710358228023,0.0162917188174075,0001564590-20-030125_next,next
0.0107050832854527,0.0146856784331186,4,0.0153609086931243,-0.0046558254076716,0001564590-20-030125_next,next
0.0093132404211651,0.0154098757315546,5,0.0160694483527433,-0.0067562079315782,0001564590-20-030125_next,next
-0.0118615765703598,-0.0020116937805257,-5,0.0007775510161834,-0.0126391275865432,0001564590-21-033616_next,next
-0.0558550434010715,-0.0053901246128557,-4,-0.0007329634956824,-0.055122079905389,0001564590-21-033616_next,next
0.0062275619137617,-0.0004357155920517,-3,0.0014821793013901,0.0047453826123715,0001564590-21-033616_next,next
-0.0171479139730525,-0.0131244687799005,-2,-0.0041910301792704,-0.0129568837937821,0001564590-21-033616_next,next
0.0230875307690645,0.0140022899627207,-1,0.0079374888800811,0.0151500418889833,0001564590-21-033616_next,next
0.0088474038932568,0.0051244919022186,0,0.0039681778391458,0.0048792260541109,0001564590-21-033616_next,next
-0.0073717034073644,-0.0010832833431588,1,0.0011926482930584,-0.0085643517004228,0001564590-21-033616_next,next
-0.0046093573089416,0.0058112497248854,2,0.0042752309382795,-0.0088845882472211,0001564590-21-033616_next,next
0.0092616144771839,0.0033305973193167,3,0.0031661179673555,0.0060954965098284,0001564590-21-033616_next,next
0.0005102184637069,0.0023149642620619,4,0.0027120229901746,-0.0022018045264677,0001564590-21-033616_next,next
-0.0050960348370266,0.0002773361932608,5,0.0018009885719898,-0.0068970234090165,0001564590-21-033616_next,next
0.1041371943988891,-0.0037736797459957,-5,-0.0040836498839197,0.1082208442828088,0001564590-22-023675_next,next
-0.0144226088729038,0.0145925048589832,-4,0.0138395708720512,-0.028262179744955,0001564590-22-023675_next,next
-0.014204270753828,-0.0325119514881634,-3,-0.0321287991437348,0.0179245283899068,0001564590-22-023675_next,next
-0.0144079994633944,0.0022008656982546,-2,0.0017467988030029,-0.0161547982663974,0001564590-22-023675_next,next
-0.0005910524034283,0.0244772422800869,-1,0.0234859037780822,-0.0240769561815106,0001564590-22-023675_next,next
-0.0169916256815612,-0.0013015723144006,0,-0.00167116584426,-0.0153204598373011,0001564590-22-023675_next,next
0.0165338771692347,0.0095322174091778,1,0.0089013296966389,0.0076325474725958,0001564590-22-023675_next,next
0.0453943839848496,0.0305632935858357,2,0.0294251689782986,0.015969215006551,0001564590-22-023675_next,next
-0.0041019147139664,-0.0029730715337762,3,-0.0033023510983917,-0.0007995636155747,0001564590-22-023675_next,next
-0.0259905720181846,-0.020143036075892,4,-0.0200582027616222,-0.0059323692565623,0001564590-22-023675_next,next
0.0091861892214688,-0.000711745409159,5,-0.0010955646479402,0.0102817538694091,0001564590-22-023675_next,next
0.0021473681915935,0.0069324899514737,-5,0.0072727978856563,-0.0051254296940628,0000950170-23-028914_next,next
0.0479087137668439,0.0008194255259321,-4,0.0023649619278079,0.045543751839036,0000950170-23-028914_next,next
0.0350046428567953,0.0121781374203466,-3,0.0114842335057954,0.0235204093509999,0000950170-23-028914_next,next
-0.0086132985438766,-0.0036716195284263,-2,-0.0012406458119052,-0.0073726527319713,0000950170-23-028914_next,next
-0.0272596527073604,-0.0047351076976228,-1,-0.002094460709671,-0.0251651919976894,0000950170-23-028914_next,next
0.0004916437779896,-0.0052452815830036,0,-0.0025040506575481,0.0029956944355377,0000950170-23-028914_next,next
-0.0124488120019315,0.0037107984144384,1,0.004686282764943,-0.0171350947668746,0000950170-23-028914_next,next
-0.0160890467165987,-0.0076588087666845,2,-0.0044417360265788,-0.0116473106900199,0000950170-23-028914_next,next
-0.0156774692176134,-0.0044868382932564,3,-0.0018951391542016,-0.0137823300634117,0000950170-23-028914_next,next
0.0090767688751165,0.011455854954693,4,0.010904353496377,-0.0018275846212605,0000950170-23-028914_next,next
-0.0111166615783643,-0.0003540766884383,5,0.0014228229344351,-0.0125394845127995,0000950170-23-028914_next,next
-0.0037755404864667,0.0023446558536817,-5,0.003664496380712,-0.0074400368671788,0000950170-24-075605_next,next
-0.0122990067133066,-0.0003938606975009,-4,-0.0002611890582153,-0.0120378176550913,0000950170-24-075605_next,next
0.0230219064111598,0.0076643865645527,-3,0.0112903730188001,0.0117315333923597,0000950170-24-075605_next,next
0.0235652232902845,0.0025213273947457,-2,0.0039177564517269,0.0196474668385575,0000950170-24-075605_next,next
-0.0119606834670088,-0.0025259318472709,-1,-0.0033175301505467,-0.0086431533164621,0000950170-24-075605_next,next
-0.0098663775750775,-0.0015621303211011,0,-0.0019359129331278,-0.0079304646419496,0000950170-24-075605_next,next
-0.0113782108488986,-0.00306517189499,1,-0.0040905350836384,-0.0072876757652602,0000950170-24-075605_next,next
-0.0051468951671547,0.0039335900157368,2,0.0059422462452146,-0.0110891414123693,0000950170-24-075605_next,next
-0.0067541996316136,0.0015724312002203,3,0.0025575061467604,-0.009311705778374,0000950170-24-075605_next,next
0.0141069756644347,0.0009073212238914,4,0.0016040656615342,0.0125029100029005,0000950170-24-075605_next,next
0.0072761539318819,-0.0040836525834456,5,-0.0055505353187191,0.0128266892506011,0000950170-24-075605_next,next
0.1331216436110522,0.0038224199557175,-5,0.0057532773984403,0.1273683662126119,0000950170-25-087926_next,next
0.0768538322489584,-0.0112963798792506,-4,-0.0170615515671432,0.0939153838161017,0000950170-25-087926_next,next
-0.0191430970903638,0.0093926598961591,-3,0.0141589757955118,-0.0333020728858756,0000950170-25-087926_next,next
-0.0138324968949959,-0.0083521847901663,-2,-0.0126186521219497,-0.0012138447730462,0000950170-25-087926_next,next
0.0129216916719949,-0.000309240210107,-1,-0.0004815508323813,0.0134032425043763,0000950170-25-087926_next,next
-0.0270309894433163,-0.0021786584865058,0,-0.0033025722564847,-0.0237284171868316,0000950170-25-087926_next,next
0.0091143690726243,0.0096065041331563,1,0.014481674670133,-0.0053673055975086,0000950170-25-087926_next,next
0.0397508997200986,0.0111217201797018,2,0.0167681918094027,0.0229827079106958,0000950170-25-087926_next,next
-0.0211362250296762,-3.2861029504172024e-06,3,-1.9854751853112127e-05,-0.0211163702778231,0000950170-25-087926_next,next
0.0099658206099444,0.0080201212752302,4,0.012087764176404,-0.0021219435664596,0000950170-25-087926_next,next
-0.0121229949430837,0.0052189708852221,5,0.0078607244806274,-0.0199837194237112,0000950170-25-087926_next,next
0.0026490657454925,0.0057525464497805,-5,0.0032753356662198,-0.0006262699207273,0000077476-17-000010_next,next
0.0012264894442999,0.0035660501028451,-4,0.001786306701459,-0.0005598172571591,0000077476-17-000010_next,next
0.003958877799032,0.0052458450979924,-3,0.0029302662631296,0.0010286115359024,0000077476-17-000010_next,next
0.0037551553795238,0.0040073351766347,-2,0.0020868268726956,0.0016683285068281,0000077476-17-000010_next,next
-0.0017771392460916,0.0049923089198982,-1,0.0027576052324692,-0.0045347444785609,0000077476-17-000010_next,next
0.0130236048303609,-0.0008641180363413,0,-0.0012306883588139,0.0142542931891748,0000077476-17-000010_next,next
0.0002772755500253,0.0016785565287558,1,0.0005009020372536,-0.0002236264872282,0000077476-17-000010_next,next
0.0111882698372698,0.0060480661608284,2,0.0034765879619416,0.0077116818753282,0000077476-17-000010_next,next
0.0004573580413029,-0.001082200145408,3,-0.0013792047638615,0.0018365628051645,0000077476-17-000010_next,next
0.0011882098782671,0.0004189867216857,4,-0.0003568793756878,0.0015450892539549,0000077476-17-000010_next,next
0.0026473747864104,0.0014933641914423,5,0.0003747839421111,0.0022725908442993,0000077476-17-000010_next,next
-0.0005283928703132,-0.0050015884169394,-5,-0.0008700021446565,0.0003416092743432,0000077476-18-000012_next,next
-0.0295152168675369,-0.037536419758088,-4,-0.0067135547843699,-0.022801662083167,0000077476-18-000012_next,next
0.0093510209994764,0.0149360902084947,-3,0.0027109868987401,0.0066400341007363,0000077476-18-000012_next,next
0.0067457112285322,0.0139145847540425,-2,0.0025275151962974,0.0042181960322348,0000077476-18-000012_next,next
0.0018759924910056,0.002612929746329,-1,0.0004976348117655,0.0013783576792401,0000077476-18-000012_next,next
-0.0270198941904321,0.0134024582572458,0,0.0024355326035234,-0.0294554267939556,0000077476-18-000012_next,next
0.0170472258059291,0.0120691127622993,1,0.0021960515837835,0.0148511742221455,0000077476-18-000012_next,next
0.0008109522077566,0.0003734693722488,2,9.540729002822762e-05,0.0007155449177283,0000077476-18-000012_next,next
-0.0142265068224478,-0.0058413894593534,3,-0.0010208380763623,-0.0132056687460855,0000077476-18-000012_next,next
-0.0135185611218312,-0.0054965031281792,4,-0.0009588933436602,-0.0125596677781709,0000077476-18-000012_next,next
0.0116666651168888,0.0009735510790762,5,0.0002031874412515,0.0114634776756372,0000077476-18-000012_next,next
-0.0004422166388525,0.0007091030986317,-5,0.0005901518994077,-0.0010323685382603,0000077476-19-000017_next,next
0.0072585039392503,0.0128902247439735,-4,0.0054558815709301,0.0018026223683201,0000077476-19-000017_next,next
0.0029001437259021,0.0030239946687606,-3,0.0015148316560902,0.0013853120698119,0000077476-19-000017_next,next
-0.0134068276200289,-0.0026516415551012,-2,-0.0007522922084656,-0.0126545354115633,0000077476-19-000017_next,next
0.0294872495467495,0.0108787526085869,-1,0.0046524022249757,0.0248348473217738,0000077476-19-000017_next,next
0.0001725769376166,0.0014987433214488,0,0.0009055724307722,-0.0007329954931556,0000077476-19-000017_next,next
-0.000862568115465,0.0017771107537685,1,0.0010167658589686,-0.0018793339744337,0000077476-19-000017_next,next
0.0023311459050627,-0.0035264367908802,2,-0.0011017277743492,0.0034328736794119,0000077476-19-000017_next,next
0.0056846294404548,0.0064111023949868,3,0.00286780645135,0.0028168229891048,0000077476-19-000017_next,next
-0.0059953047504334,0.0012318625699112,4,0.0007989673389487,-0.0067942720893821,0000077476-19-000017_next,next
-0.0007755087957435,-0.0007904570968998,5,-8.845036184107469e-06,-0.0007666637595593,0000077476-19-000017_next,next
0.0072060107274247,-0.0054008536727301,-5,-0.0030894889167695,0.0102954996441943,0000077476-20-000015_next,next
0.0019949643416845,0.0073263978048905,-4,0.0040936943895567,-0.0020987300478721,0000077476-20-000015_next,next
0.0028834458723816,0.0016884725532351,-3,0.0009116836764646,0.001971762195917,0000077476-20-000015_next,next
0.0,0.0064626464661976,-2,0.0036061983887253,-0.0036061983887253,0000077476-20-000015_next,next
0.002669662640794,-0.0016304457368023,-1,-0.0009614936154258,0.0036311562562199,0000077476-20-000015_next,next
0.0035503304846735,0.0018435333204338,0,0.0009991990301422,0.0025511314545313,0000077476-20-000015_next,next
-0.0094565738832562,-0.0029199426368901,1,-0.0016892778210382,-0.0077672960622179,0000077476-20-000015_next,next
-0.0004807399933792,0.0047057858811645,2,0.0026146369625884,-0.0030953769559677,0000077476-20-000015_next,next
-0.0025421096299129,-0.0038155197636281,3,-0.0021947361030266,-0.0003473735268863,0000077476-20-000015_next,next
0.0047532334837605,-0.0105181030271228,4,-0.005977633321036,0.0107308668047966,0000077476-20-000015_next,next
-0.0220091420249987,-0.0335136266712231,5,-0.0189561669699533,-0.0030529750550453,0000077476-20-000015_next,next
0.0091639099419127,0.0038974951646253,-5,0.0025163024061832,0.0066476075357294,0000077476-21-000007_next,next
-0.0039727309746907,0.0073993483603735,-4,0.0050498445663992,-0.00902257554109,0000077476-21-000007_next,next
-0.0056979571186864,-0.0011135249921484,-3,-0.0011091010939671,-0.0045888560247193,0000077476-21-000007_next,next
-0.0136103052551604,-0.0003451849323593,-2,-0.000553217729918,-0.0130570875252424,0000077476-21-000007_next,next
-0.0198256702562655,0.0016624551635393,-1,0.0008992820012742,-0.0207249522575398,0000077476-21-000007_next,next
-0.0081502712419022,0.0047110331133788,0,0.0031048858152779,-0.0112551570571801,0000077476-21-000007_next,next
0.0038097826101852,-0.0005692724183511,1,-0.0007153419143431,0.0045251245245284,0000077476-21-000007_next,next
0.0005956151774431,-0.0003204020092266,2,-0.0005352876291684,0.0011309028066116,0000077476-21-000007_next,next
0.0067676617806315,-0.0044158356273545,3,-0.0034982769824888,0.0102659387631204,0000077476-21-000007_next,next
-0.0211273861350058,-0.0018548966445751,4,-0.0016454731897742,-0.0194819129452316,0000077476-21-000007_next,next
-0.0039242647091397,-0.0077328394581538,5,-0.0058980831939917,0.001973818484852,0000077476-21-000007_next,next
-0.0164225525411404,0.0051569298644233,-5,0.0029703645826043,-0.0193929171237448,0000077476-22-000010_next,next
-0.0039419968051102,-0.0037017126347429,-4,-0.0005665347972763,-0.0033754620078339,0000077476-22-000010_next,next
0.0012217842988941,0.0084012071916632,-3,0.0042656739336652,-0.003043889634771,0000077476-22-000010_next,next
-0.0004646170877543,0.0145172078875055,-2,0.0067075468358068,-0.0071721639235612,0000077476-22-000010_next,next
-0.020763130652713,-0.0181157256684597,-1,-0.006321470021871,-0.0144416606308419,0000077476-22-000010_next,next
0.0012470645550695,-0.0189694543445634,0,-0.0066623295187275,0.007909394073797,0000077476-22-000010_next,next
-0.0111518727658376,-0.0038405967262932,1,-0.0006219856247959,-0.0105298871410416,0000077476-22-000010_next,next
-0.004439139142532,0.0157667211707204,2,0.0072064271955201,-0.0116455663380521,0000077476-22-000010_next,next
0.0020489804931214,0.000881207755895,3,0.001263240847154,0.0007857396459673,0000077476-22-000010_next,next
0.0027056661003961,-0.021173138152195,4,-0.0075421717624346,0.0102478378628307,0000077476-22-000010_next,next
0.0057572749717966,-0.0071661613961429,5,-0.0019497497398566,0.0077070247116532,0000077476-22-000010_next,next
-0.0050010800641604,-0.0103546106913104,-5,-0.0052726186888972,0.0002715386247367,0000077476-23-000007_next,next
0.0159650072022319,-0.0061404630177543,-4,-0.0030184232468484,0.0189834304490803,0000077476-23-000007_next,next
-0.0015131871680272,0.0128725105980265,-3,0.0071518322317214,-0.0086650193997487,0000077476-23-000007_next,next
-0.002331757343027,-0.0110807244761647,-2,-0.0056610251974061,0.0033292678543791,0000077476-23-000007_next,next
0.0094649586784738,-0.0088297961777351,-1,-0.0044569780913832,0.0139219367698571,0000077476-23-000007_next,next
0.0197939264652335,0.0021952617756952,0,0.0014404505969603,0.0183534758682732,0000077476-23-000007_next,next
0.0089102814198283,0.0114486093427661,1,0.0063901712819458,0.0025201101378824,0000077476-23-000007_next,next
-0.0112504405345924,-0.0002804145319874,2,0.000116183228784,-0.0113666237633764,0000077476-23-000007_next,next
0.0013651101855867,0.002773175690496,3,0.0017495833121746,-0.0003844731265879,0000077476-23-000007_next,next
-0.0028403161964893,-0.0137887414891306,4,-0.0071095742470571,0.0042692580505677,0000077476-23-000007_next,next
0.0043872464024994,-0.0027674058253277,5,-0.0012141366537016,0.0056013830562011,0000077476-23-000007_next,next
-0.0002925553545526,-0.0031863375266721,-5,-0.00266952245537,0.0023769671008174,0000077476-24-000008_next,next
0.0029255210964123,0.0023104108269635,-4,0.0003293211975347,0.0025961998988775,0000077476-24-000008_next,next
0.0002916888944499,0.00824145796339,-3,0.0035651038668262,-0.0032734149723763,0000077476-24-000008_next,next
0.0138800670718348,0.0005705832608251,-2,-0.0006198710372547,0.0144999381090896,0000077476-24-000008_next,next
-0.0355481542468794,0.0057423415255595,-1,0.002201668798437,-0.0377498230453164,0000077476-24-000008_next,next
0.0175344625358122,-0.0009489536011326,0,-0.0014488799677478,0.0189833425035601,0000077476-24-000008_next,next
-0.0101399771040432,-0.0136742556536254,1,-0.0083913828505972,-0.0017485942534459,0000077476-24-000008_next,next
-0.008053007094832,0.0095797632750176,2,0.0042952388723279,-0.0123482459671599,0000077476-24-000008_next,next
0.0020295205739915,0.0058212506847294,3,0.0022447190193874,-0.0002151984453959,0000077476-24-000008_next,next
-0.0091743119266054,-0.0048034698371121,4,-0.0035517762267042,-0.0056225356999012,0000077476-24-000008_next,next
0.0140091218791167,-0.0060053220011653,5,-0.0042074669190964,0.0182165887982131,0000077476-24-000008_next,next
0.0007985894850643,-0.0046788957603215,-5,-0.0015269586169574,0.0023255481020217,0000077476-25-000007_next,next
0.0101748154830574,0.0052754144053117,-4,-0.0012524850217927,0.0114273005048501,0000077476-25-000007_next,next
-0.0079656760506661,-0.0050468257540199,-3,-0.0015371036763797,-0.0064285723742863,0000077476-25-000007_next,next
-0.0027872276265192,-0.0076085976846667,-2,-0.0016077402890728,-0.0011794873374464,0000077476-25-000007_next,next
-0.0451186587743989,0.0072248818286797,-1,-0.0011987316904774,-0.0439199270839214,0000077476-25-000007_next,next
0.0151229259080558,0.0039086729306143,0,-0.0012901706514324,0.0164130965594882,0000077476-25-000007_next,next
-0.0021280885460857,0.0036442987226186,1,-0.001297460331795,-0.0008306282142906,0000077476-25-000007_next,next
-0.0052976492279197,-0.0094647701115428,2,-0.0016589211655749,-0.0036387280623448,0000077476-25-000007_next,next
-0.0015908262728588,0.0067125410858628,3,-0.0012128586368243,-0.0003779676360345,0000077476-25-000007_next,next
0.0089365736734075,0.0003395827888592,4,-0.0013885823933185,0.010325156066726,0000077476-25-000007_next,next
-0.0113293583050467,-0.0027238667143857,5,-0.0014730519331228,-0.0098563063719238,0000077476-25-000007_next,next
-0.0018819745768569,-8.172305219089626e-05,-5,7.485389246673053e-05,-0.0019568284693236,0000077476-26-000007_next,next
0.0012794620922826,-0.0012926312740076,-4,0.0005921102254183,0.0006873518668642,0000077476-26-000007_next,next
0.0332235061826151,-0.0043018996208942,-3,0.0018775611637583,0.0313459450188567,0000077476-26-000007_next,next
0.0102193644736769,0.0053912661291679,-2,-0.0022630097566761,0.0124823742303531,0000077476-26-000007_next,next
0.0492912670755125,-0.0084039830206983,-1,0.0036298232911564,0.045661443784356,0000077476-26-000007_next,next
0.0204481805698693,-0.0050723919062231,0,0.0022066876878799,0.0182414928819893,0000077476-26-000007_next,next
0.008123726646533,-0.0122510155676747,1,0.0052731368901087,0.0028505897564242,0000077476-26-000007_next,next
0.0176684888953919,0.0196957966973359,2,-0.0083733894642184,0.0260418783596104,0000077476-26-000007_next,next
-0.023579110770046,0.0046910867168872,3,-0.0019639183567836,-0.0216151924132623,0000077476-26-000007_next,next
0.003003546167952,-0.0033037129754581,4,0.0014511718185403,0.0015523743494116,0000077476-26-000007_next,next
0.0130563404221659,-4.895607156218951e-05,5,6.0857019758678855e-05,0.0129954834024072,0000077476-26-000007_next,next
0.0032825089812615,-0.0008641180363413,-5,-0.0023938630222438,0.0056763720035054,0000078003-17-000014_next,next
0.0,0.0016785565287558,-4,0.0002833401714522,-0.0002833401714522,0000078003-17-000014_next,next
0.0,0.0060480661608284,-3,0.0048840331985693,-0.0048840331985693,0000078003-17-000014_next,next
-0.0008921412821667,-0.001082200145408,-2,-0.0026234834883844,0.0017313422062176,0000078003-17-000014_next,next
0.0139923481208619,0.0004189867216857,-1,-0.0010428713526097,0.0150352194734717,0000078003-17-000014_next,next
0.005871988464513,0.0014933641914423,0,8.8349619491895e-05,0.0057836388450211,0000078003-17-000014_next,next
0.0005835897673758,0.0010179830611165,1,-0.0004121831257524,0.0009957728931282,0000078003-17-000014_next,next
-0.004667172113255,-0.0025783763780462,2,-0.0041988198854738,-0.0004683522277811,0000078003-17-000014_next,next
0.008792129217811,0.0136738546598662,3,0.0129132893229349,-0.0041211601051238,0000078003-17-000014_next,next
0.0026148487956627,-0.0058598805035984,4,-0.007653942867254,0.0102687916629168,0000078003-17-000014_next,next
0.0002898609638672,0.00050387727206,5,-0.0009534893861967,0.001243350350064,0000078003-17-000014_next,next
0.0147769255524974,0.0120691127622993,-5,0.0093845130076535,0.0053924125448438,0000078003-18-000027_next,next
0.015402093180086,0.0003734693722488,-4,0.000356431917229,0.0150456612628569,0000078003-18-000027_next,next
-0.0068947052887105,-0.0058413894593534,-3,-0.0044409313082073,-0.0024537739805031,0000078003-18-000027_next,next
-0.0069425722785164,-0.0054965031281792,-2,-0.0041747072398958,-0.0027678650386205,0000078003-18-000027_next,next
-0.0005594190734236,0.0009735510790762,-1,0.0008196459644978,-0.0013790650379214,0000078003-18-000027_next,next
0.0145497756053438,0.0160283763505131,0,0.0124407410013325,0.0021090346040113,0000078003-18-000027_next,next
0.0228900291909899,0.0117570153438109,1,0.0091435993008776,0.0137464298901122,0000078003-18-000027_next,next
-0.0078189739155059,-0.0127068884438292,2,-0.0097405355703211,0.0019215616548152,0000078003-18-000027_next,next
-0.0133152254692238,-0.011095788639207,3,-0.0084968981580116,-0.0048183273112121,0000078003-18-000027_next,next
-0.0187273726896486,-0.0133243995419872,4,-0.0102172036836076,-0.0085101690060409,0000078003-18-000027_next,next
0.0089812656183112,0.005071602744632,5,0.0039830070140371,0.0049982586042741,0000078003-18-000027_next,next
0.0194583562125525,0.0064111023949868,-5,0.0059242266631784,0.013534129549374,0000078003-19-000015_next,next
0.0027934474056554,0.0012318625699112,-4,0.0018374120139941,0.0009560353916612,0000078003-19-000015_next,next
-0.0013927323632865,-0.0007904570968998,-3,0.0002416477862705,-0.001634380149557,0000078003-19-000015_next,next
-0.00209194504176,-0.0005440493877303,-2,0.0004360822340886,-0.0025280272758486,0000078003-19-000015_next,next
0.0097832565550932,-0.0028255083152146,-1,-0.0013641626051661,0.0111474191602594,0000078003-19-000015_next,next
0.0002304542953517,0.0068953205934343,0,0.0063063116975952,-0.0060758574022435,0000078003-19-000015_next,next
-0.0066879607982349,-0.003880558492514,1,-0.0021966775428478,-0.004491283255387,0000078003-19-000015_next,next
-0.0041791000350743,-0.0011315328231061,2,-2.7486936472445123e-05,-0.0041516130986019,0000078003-19-000015_next,next
-0.024014863096451,-0.0065240986535923,3,-0.0042826320498578,-0.0197322310465931,0000078003-19-000015_next,next
-0.0112277190024954,-0.0081257175586835,4,-0.0055464313379399,-0.0056812876645554,0000078003-19-000015_next,next
-0.0120807090169426,-0.0021316888487414,5,-0.0008166862080038,-0.0112640228089388,0000078003-19-000015_next,next
-0.0036262664986791,-0.0105181030271228,-5,-0.0053817841687119,0.0017555176700327,0000078003-20-000014_next,next
-0.0293951033894995,-0.0335136266712231,-4,-0.0170328281156778,-0.0123622752738217,0000078003-20-000014_next,next
-0.0213440676013209,-0.0302799955650561,-3,-0.0153944580263803,-0.0059496095749405,0000078003-20-000014_next,next
0.0232832510426439,-0.003778540605322,-2,-0.0019670788036584,0.0252503298463024,0000078003-20-000014_next,next
-0.017857520311143,-0.0441632425840791,-1,-0.0224286236165481,0.004571103305405,0000078003-20-000014_next,next
-0.0199411233423664,-0.0082383404443618,0,-0.00422670657833,-0.0157144167640363,0000078003-20-000014_next,next
0.0436864761001658,0.04603922900611,1,0.0232738781784858,0.0204125979216799,0000078003-20-000014_next,next
-0.0166285029286495,-0.0281078961210758,2,-0.0142939296596132,-0.0023345732690362,0000078003-20-000014_next,next
0.0612244864879014,0.0422025907744911,3,0.021329985039237,0.0398945014486644,0000078003-20-000014_next,next
-0.0258241272322954,-0.0339220770468885,4,-0.0172397759265076,-0.0085843513057877,0000078003-20-000014_next,next
-0.0124082267237758,-0.0170538520003701,5,-0.0086932242425359,-0.0037150024812399,0000078003-20-000014_next,next
-0.0034724506895296,-0.0018548966445751,-5,-0.0010185766010824,-0.0024538740884471,0000078003-21-000038_next,next
-0.0052263479996315,-0.0077328394581538,-4,-0.0046689784614599,-0.0005573695381715,0000078003-21-000038_next,next
-0.0102160217585041,0.0012563181187927,-3,0.0009135932958406,-0.0111296150543447,0000078003-21-000038_next,next
-0.0047183844939713,0.011351613765979,-2,0.0071831143137072,-0.0119014988076785,0000078003-21-000038_next,next
0.0020740795207623,-0.0244788075251262,-1,-0.0150687926352695,0.0171428721560319,0000078003-21-000038_next,next
-0.0097574157370421,-0.0047502141699028,0,-0.0028166669901934,-0.0069407487468487,0000078003-21-000038_next,next
0.0059717955945814,0.0237907635068002,1,0.0149082482245902,-0.0089364526300087,0000078003-21-000038_next,next
-0.005342996085581,-0.0080808516908706,2,-0.0048851058621568,-0.0004578902234242,0000078003-21-000038_next,next
0.0262610422289262,-0.0130662218719981,3,-0.007981189842732,0.0342422320716582,0000078003-21-000038_next,next
-0.0055247288480253,-0.0134172139301002,4,-0.0081991678160654,0.0026744389680401,0000078003-21-000038_next,next
0.005555421042924,0.0194959681977822,5,0.0122410346631104,-0.0066856136201864,0000078003-21-000038_next,next
-0.0157004792879418,-0.021173138152195,-5,0.0082330421456987,-0.0239335214336405,0000078003-22-000027_next,next
-0.0075663808225028,-0.0071661613961429,-4,0.0038152439214313,-0.0113816247439341,0000078003-22-000027_next,next
-0.0206057782426918,-0.0101429452648328,-3,0.0047541210765921,-0.0253598993192839,0000078003-22-000027_next,next
-0.013886088357076,-0.0184121228454876,-2,0.0073622183604106,-0.0212483067174867,0000078003-22-000027_next,next
-0.0194153649123385,0.0149568560673292,-1,-0.0031623522413763,-0.0162530126709622,0000078003-22-000027_next,next
0.0382941527310456,0.0223726776556034,0,-0.0055013011819467,0.0437954539129923,0000078003-22-000027_next,next
-0.0163454460350978,-0.0024426034406476,1,0.0023254344992092,-0.018670880534307,0000078003-22-000027_next,next
-0.0253514870704988,-0.0154735036804118,2,0.0064353783466539,-0.0317868654171527,0000078003-22-000027_next,next
0.042623156518581,0.018642691757321,3,-0.0043248642273515,0.0469480207459326,0000078003-22-000027_next,next
0.0027251266332029,-0.0052546664300883,4,0.0032123587154511,-0.0004872320822482,0000078003-22-000027_next,next
0.0171442118554319,-0.0079340425503344,5,0.0040574335144118,0.01308677834102,0000078003-22-000027_next,next
-0.0085412448801647,-0.0137887414891306,-5,-0.0080237414607867,-0.0005175034193779,0000078003-23-000024_next,next
0.006053718203034,-0.0027674058253277,-4,-0.0017062908042977,0.0077600090073317,0000078003-23-000024_next,next
-0.0118032449621997,-0.0200412342553273,-3,-0.0116076822584733,-0.0001955627037263,0000078003-23-000024_next,next
-0.0074938775600602,-0.0015735561458868,-2,-0.0010219738874377,-0.0064719036726225,0000078003-23-000024_next,next
-0.0018878380940064,0.0053294294160743,-1,0.0029348306234139,-0.0048226687174204,0000078003-23-000024_next,next
-0.0130022056374936,-0.0105375514855581,0,-0.0061601531400085,-0.0068420524974851,0000078003-23-000024_next,next
-0.0232336311905261,0.0030730045671669,1,0.0016414435895841,-0.0248750747801103,0000078003-23-000024_next,next
-0.0051496592171386,-0.0030360018281855,2,-0.0018602505462333,-0.0032894086709052,0000078003-23-000024_next,next
-0.0096128742607095,-0.00472526484568,3,-0.002828539334851,-0.0067843349258585,0000078003-23-000024_next,next
0.010950681098895,0.0075821940867943,4,0.0042261196361146,0.0067245614627804,0000078003-23-000024_next,next
0.013048018706413,0.0161477371607488,5,0.0091359052888153,0.0039121134175976,0000078003-23-000024_next,next
0.0147544646671011,0.0058212506847294,-5,-0.0001929016567138,0.0149473663238149,0000078003-24-000039_next,next
0.0039987111794719,-0.0048034698371121,-4,-0.0045117345406008,0.0085104457200727,0000078003-24-000039_next,next
-0.0010862659447362,-0.0060053220011653,-3,-0.0050002743226133,0.003914008377877,0000078003-24-000039_next,next
0.0028995060399652,0.0012641999229821,-2,-0.0020452930342486,0.0049447990742139,0000078003-24-000039_next,next
-0.0043368879757001,0.021122884217414,-1,0.0060270453002242,-0.0103639332759244,0000078003-24-000039_next,next
0.0076226939912162,0.0003479475462115,0,-0.0024177396211119,0.0100404336123282,0000078003-24-000039_next,next
-0.0208935554093047,-0.0037867513501905,1,-0.0040984495769215,-0.0167951058323832,0000078003-24-000039_next,next
-0.0106696230650034,0.0017063496993998,2,-0.00186556397784,-0.0088040590871633,0000078003-24-000039_next,next
0.0055783608767168,-0.0016581550604305,3,-0.0032331984266595,0.0088115593033763,0000078003-24-000039_next,next
-0.0177513966248163,0.0052290946971491,4,-0.0004336066000857,-0.0173177900247306,0000078003-24-000039_next,next
0.0011295338822914,0.0080078289488876,5,0.0006959185330526,0.0004336153492387,0000078003-24-000039_next,next
0.0154439536194479,-0.0170641267025635,-5,-0.0027645584459894,0.0182085120654373,0000078003-25-000054_next,next
0.0133080127816007,-0.0049691065044024,-4,-0.0009864251666315,0.0142944379482323,0000078003-25-000054_next,next
0.0033771766850552,-0.0046797309154723,-3,-0.0009438829999811,0.0043210596850363,0000078003-25-000054_next,next
-0.0119671213365118,0.0001360242800469,-2,-0.0002359011662926,-0.0117312201702191,0000078003-25-000054_next,next
-0.0121119878341923,-0.0158645536555098,-1,-0.0025882048127552,-0.0095237830214371,0000078003-25-000054_next,next
0.0126436269093166,0.0158541446349889,0,0.0020748773552944,0.0105687495540221,0000078003-25-000054_next,next
-0.0068104154170871,-0.0175967394669998,1,-0.0028428598019143,-0.0039675556151728,0000078003-25-000054_next,next
-0.0190477034935272,-0.0122348266022004,2,-0.0020545853261621,-0.016993118167365,0000078003-25-000054_next,next
0.0073786116732177,0.0111592778931879,3,0.0013846677765609,0.0059939438966568,0000078003-25-000054_next,next
0.0115651866355741,-0.0178190070857499,4,-0.0028755361797415,0.0144407228153156,0000078003-25-000054_next,next
0.0186737873408211,0.005520617802748,5,0.0005557076761617,0.0181180796646594,0000078003-25-000054_next,next
-0.0078182907314217,0.0069397247635067,-5,0.0050387534550022,-0.0128570441864239,0000078003-26-000026_next,next
0.0153845664146232,-0.0103856522472848,-4,-0.0059679262633712,0.0213524926779945,0000078003-26-000026_next,next
0.0029564283854743,0.0076516140863223,-3,0.0054910113057998,-0.0025345829203255,0000078003-26-000026_next,next
-0.0018422756207148,0.0081363556573399,-2,0.0057989639243806,-0.0076412395450954,0000078003-26-000026_next,next
0.0003690623507828,-0.0053655805693283,-1,-0.0027787130596339,0.0031477754104167,0000078003-26-000026_next,next
0.0202952355890024,-0.0043393528110311,0,-0.002126758401063,0.0224219939900655,0000078003-26-000026_next,next
-0.0141049163653673,0.0003983547353176,1,0.0008830710259965,-0.0149879873913639,0000078003-26-000026_next,next
-0.0249449460750151,-0.0094440310956254,2,-0.0053697215359413,-0.0195752245390738,0000078003-26-000026_next,next
0.001504945903737,0.0077560492642863,3,0.0055573581768933,-0.0040524122731563,0000078003-26-000026_next,next
-0.0003757266921057,-0.005646704863891,4,-0.0029573091773044,0.0025815824851987,0000078003-26-000026_next,next
0.0165351487284135,-0.0132767958125692,5,-0.0078046476936236,0.0243397964220371,0000078003-26-000026_next,next
-0.0091061866136066,0.0031339432802557,-5,0.0016173377349651,-0.0107235243485717,0000080424-16-000212_next,next
0.0009308381866928,0.0002125718896919,-4,5.808457064006002e-05,0.0008727536160527,0000080424-16-000212_next,next
-0.0031379005602304,0.0086034964479611,-3,0.0045366577884632,-0.0076745583486937,0000080424-16-000212_next,next
-0.0002326410316181,-0.0009071655678379,-2,-0.0005395642526168,0.0003069232209987,0000080424-16-000212_next,next
0.0026812510776168,0.0003897939364765,-1,0.0001526750900548,0.0025285759875619,0000080424-16-000212_next,next
0.0037219044099563,-0.0028646859974036,0,-0.0015843714735987,0.0053062758835551,0000080424-16-000212_next,next
0.0048659061110636,0.0047345880120621,1,0.0024716660723655,0.0023942400386981,0000080424-16-000212_next,next
0.0035744078634432,-0.0007960463737501,2,-0.0004802554788134,0.0040546633422566,0000080424-16-000212_next,next
-0.0002299638261606,0.002792909218769,3,0.0014353141684876,-0.0016652779946483,0000080424-16-000212_next,next
-0.0050562234316583,-0.005479077019869,4,-0.0029797768943986,-0.0020764465372597,0000080424-16-000212_next,next
0.0043889403470445,0.001868589648029,5,0.0009419677147709,0.0034469726322735,0000080424-16-000212_next,next
0.0030829809506425,0.0024491149692504,-5,0.0009058211751926,0.0021771597754499,0000080424-17-000047_next,next
-0.0006585169201108,0.0004926487188865,-4,2.383979406742821e-05,-0.0006823567141783,0000080424-17-000047_next,next
-0.0019774926200064,-0.0021836541856442,-3,-0.0011826463038186,-0.0007948463161877,0000080424-17-000047_next,next
-0.0020909725929951,0.0018891035295691,-2,0.0006533661875718,-0.002744338780567,0000080424-17-000047_next,next
0.0084924923625409,0.0016471997899281,-1,0.0005443151909864,0.0079481771715544,0000080424-17-000047_next,next
0.00153103849975,-0.0024144327873969,0,-0.0012866820518772,0.0028177205516272,0000080424-17-000047_next,next
0.0037127795441436,-0.0003636086710507,1,-0.0003621638363223,0.0040749433804659,0000080424-17-000047_next,next
-0.0019586664121041,-0.0144744417228017,2,-0.0067233735027273,0.0047647070906231,0000080424-17-000047_next,next
-0.0043599107141438,0.0012755699762128,3,0.0003767832561488,-0.0047366939702927,0000080424-17-000047_next,next
0.0033940886652366,0.0100437545445353,4,0.0043295095217264,-0.0009354208564898,0000080424-17-000047_next,next
0.0060006557306171,-0.0004988078808476,5,-0.0004231120820493,0.0064237678126664,0000080424-17-000047_next,next
-0.0028433560637666,-0.0010403515262938,-5,-0.0007374456034085,-0.002105910460358,0000080424-18-000055_next,next
0.0167388530432133,0.0049264448033816,-4,0.0023293005525059,0.0144095524907073,0000080424-18-000055_next,next
0.0040244583506365,0.0046441830098771,-3,0.0021842268442102,0.0018402315064263,0000080424-18-000055_next,next
0.0023073267493929,0.0035382274515358,-2,0.0016158003771818,0.000691526372211,0000080424-18-000055_next,next
0.0014543836815783,0.0028241822564987,-1,0.0012488035440339,0.0002055801375444,0000080424-18-000055_next,next
-0.0035092772709844,-0.0002623799656497,0,-0.0003375926234852,-0.0031716846474992,0000080424-18-000055_next,next
-0.0115358892112947,-0.0014416744645237,1,-0.0009437130055612,-0.0105921762057335,0000080424-18-000055_next,next
0.0003689447959569,-0.0071138879135516,2,-0.0038590528008579,0.0042279975968148,0000080424-18-000055_next,next
0.0011049264862807,-0.0040059921853423,3,-0.0022616918803809,0.0033666183666617,0000080424-18-000055_next,next
-0.0025760460786713,0.0063892547772768,4,0.0030811389958537,-0.005657185074525,0000080424-18-000055_next,next
0.0121757141241356,-0.0076021648357581,5,-0.0041100118233322,0.0162857259474678,0000080424-18-000055_next,next
-0.0196829407095524,-0.0108855261126957,-5,-0.0043644511788806,-0.0153184895306718,0000080424-19-000050_next,next
-0.0110977920241558,-0.008998793869673,-4,-0.0034277413327627,-0.007670050691393,0000080424-19-000050_next,next
-0.0024843867881877,-0.0072827399270378,-3,-0.0025757684942849,9.138170609723122e-05,0000080424-19-000050_next,next
-0.0288559694684095,-0.0297778200029859,-2,-0.0137439472723139,-0.0151120221960955,0000080424-19-000050_next,next
0.010611840035543,0.0130170171699326,-1,0.007502493758799,0.003109346276744,0000080424-19-000050_next,next
0.0108506271143251,0.0007668762331907,0,0.0014206410347509,0.0094299860795742,0000080424-19-000050_next,next
0.0166205224384035,0.0187623034099841,1,0.0103548678620791,0.0062656545763243,0000080424-19-000050_next,next
-0.005619930461597,-0.0066166063549235,2,-0.0022450517865292,-0.0033748786750678,0000080424-19-000050_next,next
-0.0064225162945389,-0.0123173221779722,3,-0.0050752979229996,-0.0013472183715392,0000080424-19-000050_next,next
0.0105147054029381,0.0151316883221812,4,0.0085523689050673,0.0019623364978708,0000080424-19-000050_next,next
-0.0124519651335647,-0.0292927529117426,5,-0.0135031250135776,0.0010511598800129,0000080424-19-000050_next,next
-0.0022827713622056,0.0076705049901413,-5,0.0061246471985599,-0.0084074185607656,0000080424-20-000053_next,next
0.0012963380703279,0.0071810234393261,-4,0.0057594583168812,-0.0044631202465533,0000080424-20-000053_next,next
0.0190414833355119,0.0036119303819721,-3,0.0030966549894589,0.0159448283460529,0000080424-20-000053_next,next
-0.002615669731689,0.0064297430531994,-2,0.0051989484394816,-0.0078146181711706,0000080424-20-000053_next,next
-0.005470579682567,0.0064276955596642,-1,0.0051974208602028,-0.0106680005427699,0000080424-20-000053_next,next
0.006329495824235,0.0006330295486443,0,0.000874178039831,0.0054553177844039,0000080424-20-000053_next,next
0.0041183889243188,0.002742218294476,1,0.0024477864384661,0.0016706024858526,0000080424-20-000053_next,next
-0.0064877025994551,-0.0079691321542361,2,-0.005543661012658,-0.0009440415867971,0000080424-20-000053_next,next
0.0167380640929795,0.0139965494902376,3,0.0108443370675504,0.005893727025429,0000080424-20-000053_next,next
0.0023621822514512,-0.0020471743504979,4,-0.0011254492453418,0.003487631496793,0000080424-20-000053_next,next
-0.0050079797515524,-0.0001718826227681,5,0.0002736549450623,-0.0052816346966147,0000080424-20-000053_next,next
-0.0024607331184157,-0.0018428056148913,-5,-0.0003410162252483,-0.0021197168931674,0000080424-21-000100_next,next
0.0145898719456156,0.0082034265474622,-4,0.0035328687985177,0.0110570031470978,0000080424-21-000100_next,next
-0.0105592084170412,-0.0046323879014122,-3,-0.001416695232828,-0.0091425131842131,0000080424-21-000100_next,next
0.0004912849305809,0.0060054468134942,-2,0.0026853151449333,-0.0021940302143524,0000080424-21-000100_next,next
-0.007649043417552,0.0016752662417647,-1,0.0010155725592617,-0.0086646159768137,0000080424-21-000100_next,next
0.0054448942713245,-0.0009399082741974,0,7.146193217341136e-06,0.0054377480781072,0000080424-21-000100_next,next
0.000633460259277,0.0009926793341701,1,0.0007523631135694,-0.0001189028542923,0000080424-21-000100_next,next
0.0024597357675848,0.0012757437876824,2,0.0008615143982999,0.0015982213692849,0000080424-21-000100_next,next
0.0023139806964302,0.0041463802816776,3,0.0019684483754417,0.0003455323209885,0000080424-21-000100_next,next
0.004826767147446,0.0016073066558082,4,0.0009893669512284,0.0038374001962175,0000080424-21-000100_next,next
0.0069619195868784,0.0026208507022158,5,0.0013801953771351,0.0055817242097432,0000080424-21-000100_next,next
0.0287239078377172,-0.0028230841271976,-5,-0.0013321123853918,0.0300560202231091,0000080424-22-000064_next,next
-0.0066480163858748,-0.0066623955507048,-4,-0.0033411496223611,-0.0033068667635136,0000080424-22-000064_next,next
0.0206408494347087,0.0156384771631401,-3,0.0083284647321057,0.012312384702603,0000080424-22-000064_next,next
-0.0015874922499664,-0.0007773401640558,-2,-0.0002616142293702,-0.0013258780205962,0000080424-22-000064_next,next
0.0004840453634382,-0.0016257460597355,-1,-0.0007055685869273,0.0011896139503656,0000080424-22-000064_next,next
0.0038002360979809,-0.0012375507238541,0,-0.0005024334934237,0.0043026695914047,0000080424-22-000064_next,next
-0.0023404935834432,-0.004248692893594,1,-0.0020781058152303,-0.0002623877682128,0000080424-22-000064_next,next
0.0094532704822321,0.0212906376412902,2,0.0112861307345049,-0.0018328602522728,0000080424-22-000064_next,next
-0.0071090645727484,-0.0007054739583503,3,-0.0002240080371613,-0.006885056535587,0000080424-22-000064_next,next
0.0097069801320239,0.0173223687745669,4,0.0092096125675388,0.0004973675644851,0000080424-22-000064_next,next
0.0128857618189379,0.0039695418998517,5,0.0022223371290691,0.0106634246898688,0000080424-22-000064_next,next
-0.0007035391269738,0.0014687129405193,-5,0.0011012911058135,-0.0018048302327873,0000080424-23-000073_next,next
-0.0003200060514845,-0.0026650876392156,-4,-0.0004873927785279,0.0001673867270433,0000080424-23-000073_next,next
0.0021759768143805,-0.0138395413363479,-3,-0.0047819092077871,0.0069578860221677,0000080424-23-000073_next,next
0.0026185786850099,-0.0025479738404268,-2,-0.0004423841233736,0.0030609628083835,0000080424-23-000073_next,next
-0.0109553811333995,-0.0053000741550505,-1,-0.0015000590967062,-0.0094553220366932,0000080424-23-000073_next,next
0.01056140060957,0.0090240927793627,0,0.0040049411388826,0.0065564594706873,0000080424-23-000073_next,next
0.0010833429004946,-0.0042182830447931,1,-0.0010843099404661,0.0021676528409607,0000080424-23-000073_next,next
-0.0012729563112143,-0.0070387303805971,2,-0.0021682517375115,0.0008952954262972,0000080424-23-000073_next,next
-0.0049716992987606,0.0002507139445697,3,0.0006331951397199,-0.0056048944384806,0000080424-23-000073_next,next
0.0058294207674873,-0.001069692370023,4,0.0001257424476235,0.0057036783198638,0000080424-23-000073_next,next
-0.0078335884586602,0.005750475751703,5,0.0027468391779791,-0.0105804276366393,0000080424-23-000073_next,next
-0.0484316214472916,-0.0049601718780302,-5,-0.0001159575205093,-0.0483156639267823,0000080424-24-000083_next,next
-0.0058133171164537,0.0157933986591674,-4,0.0023976377486631,-0.0082109548651168,0000080424-24-000083_next,next
0.0306670935599553,-0.013693502993456,-3,-0.0011737061010008,0.0318407996609561,0000080424-24-000083_next,next
0.0264951829370054,-0.0183818608686967,-2,-0.0017415425681894,0.0282367255051949,0000080424-24-000083_next,next
-0.0118767182461669,-0.0299687983886397,-1,-0.0031449093422162,-0.0087318089039507,0000080424-24-000083_next,next
0.0001783338292373,0.010354085880061,0,0.0017388484167452,-0.0015605145875078,0000080424-24-000083_next,next
0.0114821334848915,-0.0077346478585028,1,-0.0004519917314152,0.0119341252163068,0000080424-24-000083_next,next
0.0049992474322473,0.0230426115191364,2,0.0032756354463307,0.0017236119859166,0000080424-24-000083_next,next
-0.0019312029905464,0.0046716768495385,3,0.0010506161710685,-0.002981819161615,0000080424-24-000083_next,next
-0.02187171283341,4.303397765514916e-05,4,0.0004900121629726,-0.0223617249963827,0000080424-24-000083_next,next
0.0028775229494644,0.0168475797535583,5,0.0025253162417186,0.0003522067077457,0000080424-24-000083_next,next
-0.0031824909410183,-0.0029594423887242,-5,-0.0012382724828805,-0.0019442184581377,0000080424-25-000076_next,next
-0.0238171081670176,-0.0012494327466496,-4,-0.0008263082154657,-0.0229907999515519,0000080424-25-000076_next,next
-0.0157640093990195,-0.003694819341153,-3,-0.0014154346578922,-0.0143485747411272,0000080424-25-000076_next,next
0.0011963046087999,-0.0159921331401484,-2,-0.0043780225554825,0.0055743271642825,0000080424-25-000076_next,next
0.0007300624754977,0.014737100330916,-1,0.003025062107693,-0.0022949996321953,0000080424-25-000076_next,next
-0.0016582687032934,-0.0048578659963033,0,-0.0016956282026941,3.735949940070552e-05,0000080424-25-000076_next,next
0.0156135756392736,0.0072819072950924,1,0.0012290060727617,0.0143845695665119,0000080424-25-000076_next,next
0.0041214979238888,-0.0007974800154801,2,-0.0007174267382967,0.0048389246621855,0000080424-25-000076_next,next
0.0001302732924912,0.0077997153489748,3,0.0013537529808086,-0.0012234796883173,0000080424-25-000076_next,next
0.0095759373901953,-0.0025041278217863,4,-0.0011285810943663,0.0107045184845616,0000080424-25-000076_next,next
0.0007096652309848,0.0113454358466127,5,0.0022079646246066,-0.0014982993936218,0000080424-25-000076_next,next
0.0277123566818875,-0.0029867267366989,-5,-0.0014436678702685,0.029156024552156,0001234452-16-000552_next,next
-0.0241118243088382,-0.0031082993435224,-4,-0.001596733863537,-0.0225150904453012,0001234452-16-000552_next,next
0.0046784305824603,-0.0001222764078291,-3,0.0021628183786734,0.0025156122037868,0001234452-16-000552_next,next
-0.0055297475142238,-0.0067868834764276,-2,-0.0062282552961789,0.0006985077819551,0001234452-16-000552_next,next
-0.0182906615814145,-0.0065255002974123,-1,-0.0058991607989477,-0.0123915007824668,0001234452-16-000552_next,next
-0.0020869092970874,-0.0044234008389461,0,-0.0032525124299888,0.0011656031329014,0001234452-16-000552_next,next
-0.0032864363432169,-0.0016661307322337,1,0.0002190285579117,-0.0035054649011286,0001234452-16-000552_next,next
0.0259257653532463,0.0222235439673372,2,0.0302973240086462,-0.0043715586553999,0001234452-16-000552_next,next
-0.0027753743007464,0.0037719744542996,3,0.0070658750114409,-0.0098412493121873,0001234452-16-000552_next,next
-0.0057127219714228,0.0110770207532533,4,0.0162632937132187,-0.0219760156846415,0001234452-16-000552_next,next
-0.0231288095407222,0.0019507459501284,5,0.0047728572236037,-0.0279016667643259,0001234452-16-000552_next,next
-0.0007432355999662,0.0012709462190783,-5,0.0006313274261112,-0.0013745630260774,0001234452-17-000190_next,next
0.0143124276152055,0.0080730224980496,-4,0.0106752378220407,0.0036371897931648,0001234452-17-000190_next,next
0.0016490722139532,-0.0031924705707864,-3,-0.0059593305522006,0.0076084027661539,0001234452-17-000190_next,next
-0.0667765705038896,0.0009444586571358,-2,0.0001492375930887,-0.0669258080969784,0001234452-17-000190_next,next
0.0480300773294439,0.0015921101716727,-1,0.0011055564453054,0.0469245208841385,0001234452-17-000190_next,next
0.0258136384472638,0.0001899658108865,0,-0.0009648426129102,0.026778481060174,0001234452-17-000190_next,next
0.1270971258227682,0.0030970753849743,1,0.0033277802386673,0.1237693455841008,0001234452-17-000190_next,next
0.011486801650427,0.0012712512404724,2,0.0006317778191127,0.0108550238313143,0001234452-17-000190_next,next
0.0252718992771334,-0.0001891029228697,3,-0.0015245735302946,0.0267964728074281,0001234452-17-000190_next,next
0.0216850710970188,0.0014436550000984,4,0.0008863483123837,0.0207987227846351,0001234452-17-000190_next,next
-0.0135898311551517,-0.003761887644002,5,-0.0068001288359499,-0.0067897023192018,0001234452-17-000190_next,next
0.0130385453240844,0.0105578436930637,-5,0.0159080536710558,-0.0028695083469714,0001728949-18-000095_next,next
-0.0059642074740955,-0.0063166863793988,-4,-0.0074229621953865,0.001458754721291,0001728949-18-000095_next,next
0.0022103154401988,0.0056003171696019,-3,0.0090536921285114,-0.0068433766883125,0001728949-18-000095_next,next
0.0025210988088018,0.0062592957741707,-2,0.0099648072951453,-0.0074437084863435,0001728949-18-000095_next,next
-0.0066008501408578,0.0212088560641052,-1,0.0306343267912754,-0.0372351769321333,0001728949-18-000095_next,next
-0.0816326920010214,-0.0025089163835961,0,-0.0021582738273939,-0.0794744181736274,0001728949-18-000095_next,next
-0.0229107764826441,-0.0091990137061033,1,-0.0114081175924759,-0.0115026588901681,0001728949-18-000095_next,next
-0.0393163617818107,-0.0197014893402406,2,-0.0259290212623713,-0.0133873405194394,0001728949-18-000095_next,next
-0.0060561864958108,-0.0014819196931705,3,-0.0007383305177899,-0.0053178559780208,0001728949-18-000095_next,next
-0.00406182984818,-0.0075674106903027,4,-0.0091522351657706,0.0050904053175906,0001728949-18-000095_next,next
0.026881515143228,0.0105937533662663,5,0.0159577030036091,0.0109238121396188,0001728949-18-000095_next,next
-0.0122789630581895,-0.0030228605633046,-5,-0.0049918995991412,-0.0072870634590483,0001728949-19-000072_next,next
0.0390352453866711,0.009662312168146,-4,0.012418581860352,0.026616663526319,0001728949-19-000072_next,next
0.0180665386561327,0.0037040890497046,-3,0.0042408821686518,0.0138256564874808,0001728949-19-000072_next,next
0.0043483789151579,-0.0011856992143612,-2,-0.0024703837884362,0.0068187627035941,0001728949-19-000072_next,next
-0.009712504279142,0.0007024972279667,-1,0.0001211780173819,-0.009833682296524,0001728949-19-000072_next,next
0.0632166917976146,0.0027300951851503,0,0.0029040693022066,0.060312622495408,0001728949-19-000072_next,next
0.0450097738726342,0.0025606760900243,1,0.0026715405005087,0.0423382333721255,0001728949-19-000072_next,next
-0.0232901455713541,-0.0019624672514313,2,-0.0035365029335232,-0.0197536426378308,0001728949-19-000072_next,next
-0.0094734649262309,0.0015646460846321,3,0.0013044828885154,-0.0107779478147463,0001728949-19-000072_next,next
-0.0054961658419214,0.0007115345908383,4,0.0001335818562613,-0.0056297476981828,0001728949-19-000072_next,next
0.000110617571394,0.0008370427393644,5,0.0003058426002961,-0.000195225028902,0001728949-19-000072_next,next
0.0399737036868588,0.0119473308942383,-5,0.0181487968700296,0.0218249068168291,0001728949-20-000067_next,next
-0.0243594881087009,-0.0121295501301756,-4,-0.0128125283799593,-0.0115469597287415,0001728949-20-000067_next,next
0.0049447783898992,0.0123182026012718,-3,0.0186257141059389,-0.0136809357160396,0001728949-20-000067_next,next
0.0119384131632536,0.0177992900964345,-2,0.0256740411915486,-0.013735628028295,0001728949-20-000067_next,next
0.028059107090079,0.0220470477016834,-1,0.0311363851166553,-0.0030772780265762,0001728949-20-000067_next,next
0.127471401282553,0.0194601941389629,0,0.027809857297364,0.099661543985189,0001728949-20-000067_next,next
-0.0027509773616867,-0.0002877151874185,1,0.0024153120885637,-0.0051662894502504,0001728949-20-000067_next,next
-0.0165504403879804,0.0116998892356872,2,0.0178306027624527,-0.0343810431504331,0001728949-20-000067_next,next
-0.0175303058517168,-0.001399794593191,3,0.0009852492763987,-0.0185155551281155,0001728949-20-000067_next,next
0.0541001373269496,0.0076518553187603,4,0.0126250906947612,0.0414750466321884,0001728949-20-000067_next,next
-0.025593748774968,-0.009978532303877,5,-0.0100464573730449,-0.015547291401923,0001728949-20-000067_next,next
0.0189785314860129,0.0098292815764611,-5,0.0096299486568872,0.0093485828291256,0001728949-21-000076_next,next
-0.0048618275692352,0.0019493347191492,-4,0.0014574387297486,-0.0063192662989838,0001728949-21-000076_next,next
0.0133041712871693,0.0018000771431341,-3,0.0013026395865853,0.012001531700584,0001728949-21-000076_next,next
0.0031154432683071,0.0036803630854131,-2,0.0032527359270036,-0.0001372926586965,0001728949-21-000076_next,next
0.0240332482787388,0.0064612791953579,-1,0.006136900620827,0.0178963476579118,0001728949-21-000076_next,next
0.127310835489028,0.0041819423611504,0,0.0037729376091261,0.1235378978799018,0001728949-21-000076_next,next
0.0443279819527937,0.0037327996529492,1,0.0033071193354825,0.0410208626173111,0001728949-21-000076_next,next
0.0172971318120975,0.0008877879113036,2,0.0003564792966033,0.0169406525154942,0001728949-21-000076_next,next
0.0053662894085275,-0.0034987758957707,3,-0.0041929468490917,0.0095592362576192,0001728949-21-000076_next,next
-0.041621559690825,-0.0082258233952297,4,-0.0090954980102759,-0.0325260616805491,0001728949-21-000076_next,next
0.0289109648268841,0.0005509400447352,5,7.12509621160159e-06,0.0289038397306725,0001728949-21-000076_next,next
-0.0288713806882117,-0.0060826106182112,-5,-0.007035087070904,-0.0218362936173076,0000804328-22-000021_next,next
0.0393202111435175,0.0246263778959276,-4,0.0303989016079832,0.0089213095355343,0000804328-22-000021_next,next
-0.0130023715981845,-0.0074544041076575,-3,-0.0087072913484907,-0.0042950802496938,0000804328-22-000021_next,next
-0.0028046740642106,-0.0041012306087846,-2,-0.0046198021517247,0.001815128087514,0000804328-22-000021_next,next
-0.0411660156691875,-0.0250019848573428,-1,-0.0300976389603355,-0.011068376708852,0000804328-22-000021_next,next
-0.0766222050475903,-0.0105859923154296,0,-0.0125246700115067,-0.0640975350360835,0000804328-22-000021_next,next
0.0270504780150981,0.0136187246700705,1,0.0169806685050552,0.0100698095100429,0000804328-22-000021_next,next
0.0318679330874414,0.0096139819205598,2,0.0120989220848494,0.0197690110025919,0000804328-22-000021_next,next
0.0222546426519589,0.0055978928024627,3,0.0072033445404756,0.0150512981114832,0000804328-22-000021_next,next
-0.0187488758188211,-0.0207778869547897,4,-0.0249485005251871,0.006199624706366,0000804328-22-000021_next,next
0.0928188586785869,0.0554344843603449,5,0.0679537142022165,0.0248651444763704,0000804328-22-000021_next,next
0.008016924255793,-0.0118325197781096,-5,-0.01765623766146,0.0256731619172531,0000804328-23-000055_next,next
0.0079529334249808,-0.0048002802297685,-4,-0.0069294995692169,0.0148824329941978,0000804328-23-000055_next,next
0.0128686741860506,0.0120100223258599,-3,0.0187123619638032,-0.0058436877777525,0000804328-23-000055_next,next
0.0107575214967221,0.0064749573072333,-2,0.0102693627783801,0.0004881587183419,0000804328-23-000055_next,next
0.0174330282984145,0.0105059994863139,-1,0.0164181768790008,0.0010148514194136,0000804328-23-000055_next,next
0.0583459866377296,0.0188585570201276,0,0.0291588829442182,0.0291871036935113,0000804328-23-000055_next,next
0.0184048935261276,0.0093937302530313,1,0.0147215593688227,0.0036833341573048,0000804328-23-000055_next,next
0.0034305156316531,0.0017529924220356,2,0.0030666387733036,0.0003638768583495,0000804328-23-000055_next,next
0.0065870327943018,0.0028401189192852,3,0.0047249044124321,0.0018621283818696,0000804328-23-000055_next,next
-0.005467303056208,0.0010049156221052,4,0.0019255479656633,-0.0073928510218713,0000804328-23-000055_next,next
0.0003332204541426,-0.0080838393067328,5,-0.0119381284685713,0.0122713489227139,0000804328-23-000055_next,next
-0.0289344542835983,-0.0186147008716995,-5,-0.0488782395391578,0.0199437852555595,0000804328-24-000075_next,next
0.0153591290508339,0.0040925095436261,-4,0.0069913541336451,0.0083677749171887,0000804328-24-000075_next,next
-0.0005446860345661,-0.0028120834782999,-3,-0.0099969416347652,0.0094522556001991,0000804328-24-000075_next,next
0.0044195488791403,0.0122656445452913,-2,0.0271008137821013,-0.022681264902961,0000804328-24-000075_next,next
0.0426735534885318,0.0252959277864259,-1,0.0591609663419411,-0.0164874128534093,0000804328-24-000075_next,next
-0.0004624665959264,0.0074312297274883,0,0.0152060549554453,-0.0156685215513717,0000804328-24-000075_next,next
-0.0115666458062791,0.0037568333092317,1,0.006165444896966,-0.0177320907032452,0000804328-24-000075_next,next
-0.0153297105295063,0.0009690634297987,2,-0.0006936790362881,-0.0146360314932182,0000804328-24-000075_next,next
-0.0289975650733392,-0.0028926596513724,3,-0.0101951939945632,-0.018802371078776,0000804328-24-000075_next,next
-0.0182975616474219,0.0002322277248243,4,-0.0025066146936222,-0.0157909469537996,0000804328-24-000075_next,next
0.0221294313096553,-0.006049734794859,5,-0.0179629691741183,0.0400924004837737,0000804328-24-000075_next,next
-0.0078916715277094,-0.0099048124395192,-5,-0.0127763927974642,0.0048847212697548,0000804328-25-000085_next,next
0.0205348435481917,0.0026179217059763,-4,0.0026777172571837,0.017857126291008,0000804328-25-000085_next,next
-0.0009949532492521,0.0017207127269924,-3,0.0015704857099723,-0.0025654389592244,0000804328-25-000085_next,next
-0.0436033923642499,-0.0117368300845838,-2,-0.0150372570767773,-0.0285661352874725,0000804328-25-000085_next,next
0.0398054571456971,0.0036535556982648,-1,0.003955776945045,0.0358496802006521,0000804328-25-000085_next,next
-0.0362786670485978,-0.011178189042419,0,-0.0143478469171148,-0.021930820131483,0000804328-25-000085_next,next
-0.0133371081591006,0.001261841800771,1,0.0010042002876107,-0.0143413084467113,0000804328-25-000085_next,next
0.0039792259176894,0.0154010186217099,2,0.0184531369282976,-0.0144739110106082,0000804328-25-000085_next,next
0.0140466764488043,0.0020753505173405,3,0.0020081386520454,0.0120385377967588,0000804328-25-000085_next,next
0.015461593881042,0.0006295171887717,4,0.0002238583885842,0.0152377354924577,0000804328-25-000085_next,next
-0.0122827894677584,-0.0165568549615969,5,-0.0209855742773222,0.0087027848095638,0000804328-25-000085_next,next
-0.0032007752665007,-0.0036093083554193,-5,-0.0031435205702201,-5.725469628064649e-05,0001564590-17-000589_next,next
-0.0081423914290228,0.0033662371547078,-4,0.0037288128453769,-0.0118712042743997,0001564590-17-000589_next,next
-0.0256679059161195,-0.0026901247580694,-3,-0.002237937466796,-0.0234299684493235,0001564590-17-000589_next,next
0.0036791250941856,0.0065645936376641,-2,0.0068798455640224,-0.0032007204698367,0001564590-17-000589_next,next
0.0109957289621436,0.0080260905496174,-1,0.0083197177647308,0.0026760111974127,0001564590-17-000589_next,next
-0.0073678048138876,-0.0007353844075136,0,-0.0003121199933902,-0.0070556848204974,0001564590-17-000589_next,next
-0.0044772992151239,-0.0008664638929263,1,-0.000441259990598,-0.0040360392245258,0001564590-17-000589_next,next
-0.0105322040702481,-0.0060095435176958,2,-0.0055082411912891,-0.0050239628789589,0001564590-17-000589_next,next
0.0011960198170803,-0.000889905407144,3,-0.0004643546577086,0.0016603744747889,0001564590-17-000589_next,next
-0.0064510076707908,0.0002983634896507,4,0.0007063322848827,-0.0071573399556735,0001564590-17-000589_next,next
-0.0087770878319738,0.0005703094032936,5,0.0009742544118116,-0.0097513422437855,0001564590-17-000589_next,next
-0.010879573151278,-0.0016163897301626,-5,-0.0017188603492827,-0.0091607128019953,0001564590-18-000821_next,next
0.0006549980148866,0.0043852351128388,-4,0.002623984648565,-0.0019689866336783,0001564590-18-000821_next,next
0.0440982457734964,0.0080667264993476,-3,0.0052879543019104,0.0388102914715859,0001564590-18-000821_next,next
-0.0072691897604725,0.0021743654797181,-2,0.0010241738676083,-0.0082933636280808,0001564590-18-000821_next,next
-0.0130033927463191,-0.0005599757022828,-1,-0.0009544269672155,-0.0120489657791035,0001564590-18-000821_next,next
-0.01087224334169,0.0006026209018938,0,-0.0001131586475451,-0.0107590846941448,0001564590-18-000821_next,next
0.003621001924704,0.011841196508761,1,0.0080192043598046,-0.0043982024351006,0001564590-18-000821_next,next
-0.0158491565954896,-0.0067319743328871,2,-0.0054205564039629,-0.0104286001915267,0001564590-18-000821_next,next
-0.0240895406863201,-0.0108988156202839,3,-0.0084357308467471,-0.015653809839573,0001564590-18-000821_next,next
-0.0128791446213074,0.0004889853730833,4,-0.0001953866275976,-0.0126837579937098,0001564590-18-000821_next,next
0.026229997677758,-0.0006480882520516,5,-0.0010181862250867,0.0272481839028447,0001564590-18-000821_next,next
-0.0112655495565073,0.0022219854881162,-5,-0.0032303939861222,-0.008035155570385,0001564590-19-000928_next,next
0.002908966108966,0.007591400382211,-4,0.000698587318218,0.002210378790748,0001564590-19-000928_next,next
0.081218107930963,0.01318305304897,-3,0.0047901874685849,0.076427920462378,0001564590-19-000928_next,next
-0.0172139802848304,-0.0141573061645666,-2,-0.0152156720752683,-0.0019983082095621,0001564590-19-000928_next,next
-0.0147863915345619,0.0022029127742235,-1,-0.0032443501317704,-0.0115420414027915,0001564590-19-000928_next,next
0.0057723096931263,0.0013757255543636,0,-0.0038496308161879,0.0096219405093142,0001564590-19-000928_next,next
0.0330583866397118,0.0084886940607138,1,0.0013551672541841,0.0317032193855276,0001564590-19-000928_next,next
-0.0168894158325479,-0.0078468274939378,2,-0.010598082783443,-0.0062913330491049,0001564590-19-000928_next,next
-0.005425149418279,-0.0014562465775435,3,-0.005921879986747,0.0004967305684679,0001564590-19-000928_next,next
0.0227280210407618,0.0155492609197442,4,0.0065216212783804,0.0162063997623814,0001564590-19-000928_next,next
-0.0175560536259087,0.0085973959487253,5,0.0014347080783088,-0.0189907617042175,0001564590-19-000928_next,next
-0.0303564458117517,0.0018701968845122,-5,0.0024890022876158,-0.0328454480993676,0001564590-20-001578_next,next
0.0117397767489595,0.0083665530264682,-4,0.0129056193878262,-0.0011658426388667,0001564590-20-001578_next,next
-0.0105727126928522,0.0038621622485013,-3,0.0056830298347736,-0.0162557425276258,0001564590-20-001578_next,next
-0.0370074855113783,-0.0026519776473655,-2,-0.0047621027210316,-0.0322453827903466,0001564590-20-001578_next,next
-0.007307531041158,0.000289076071118,-1,-4.625436125103535e-05,-0.0072612766799069,0001564590-20-001578_next,next
-0.0068157860852788,0.0011409766124783,0,0.001319730131117,-0.0081355162163959,0001564590-20-001578_next,next
-0.0181167386670699,-0.0090421609742074,1,-0.01500847645137,-0.0031082622156998,0001564590-20-001578_next,next
-0.0506013307636333,-0.0157307116591823,2,-0.0257332689224548,-0.0248680618411785,0001564590-20-001578_next,next
0.0,0.010053584595046,3,0.0156106992051638,-0.0156106992051638,0001564590-20-001578_next,next
-0.0067727228372381,-0.0008668741908683,4,-0.0018997690089832,-0.0048729538282548,0001564590-20-001578_next,next
0.0091910468624223,0.0031343587926053,5,0.0045160294797106,0.0046750173827116,0001564590-20-001578_next,next
-0.0457592889732226,0.0003167233075522,-5,0.0006208951833923,-0.046380184156615,0001564590-21-002477_next,next
0.0090948290206227,-0.0030106116552376,-4,-0.003462843640341,0.0125576726609637,0001564590-21-002477_next,next
-0.0274481105701338,0.0036158389430824,-3,0.0046699995733824,-0.0321181101435163,0001564590-21-002477_next,next
-0.0421229302286638,-0.0014888337468982,-2,-0.0015951195924517,-0.040527810636212,0001564590-21-002477_next,next
-0.0408969803058805,-0.025677883699462,-1,-0.0312830721145754,-0.009613908191305,0001564590-21-002477_next,next
0.0380557195447075,0.0097606259756297,0,0.0122116825265606,0.0258440370181469,0001564590-21-002477_next,next
-0.0189927590934105,-0.0193114751731245,1,-0.0234693863998822,0.0044766273064716,0001564590-21-002477_next,next
-0.0022512827200252,0.0160517676144393,2,0.0199329909140006,-0.0221842736340258,0001564590-21-002477_next,next
0.0157940500517439,0.0138982234844169,3,0.0172898810766244,-0.0014958310248805,0001564590-21-002477_next,next
0.0741893715499244,0.0010087690809532,4,0.0014702638896522,0.0727191076602722,0001564590-21-002477_next,next
0.0260545017584177,0.0108533222304207,5,0.0135527816849382,0.0125017200734794,0001564590-21-002477_next,next
-0.0013476748378268,-0.0110373784941483,-5,-0.0152335471043835,0.0138858722665566,0001564590-22-002421_next,next
-0.0186236059231612,-0.0189148218679086,-4,-0.0259867093463035,0.0073631034231422,0001564590-22-002421_next,next
0.0066009838997689,0.0027717389433818,-3,0.0036166906159045,0.0029842932838644,0001564590-22-002421_next,next
0.0598361856615048,-0.0121719062536467,-2,-0.0167822425994835,0.0766184282609884,0001564590-22-002421_next,next
0.0260374966110965,-0.0014966358477518,-1,-0.0022098859090718,0.0282473825201684,0001564590-22-002421_next,next
-0.0236181496382127,-0.0053840887577105,0,-0.0075164822075427,-0.0161016674306699,0001564590-22-002421_next,next
0.0211012463330944,0.0243476468880761,1,0.0330690430655392,-0.0119677967324448,0001564590-22-002421_next,next
-0.0153728946889574,0.0188859517327795,2,0.0256135157663594,-0.0409864104553168,0001564590-22-002421_next,next
0.011517822184031,0.0068630035578014,3,0.0092015015864312,0.0023163205975998,0001564590-22-002421_next,next
-0.0068320893836134,0.0094225154473364,4,0.0126953821898731,-0.0195274715734865,0001564590-22-002421_next,next
-0.0170696968216574,-0.024391082077444,5,-0.0334621187803157,0.0163924219586583,0001564590-22-002421_next,next
0.004375907318302,-0.0076383502962943,-5,-0.0015699630210295,0.0059458703393316,0001564590-23-000762_next,next
-0.00052290556579,0.0189184010459815,-4,0.0219668925324872,-0.0224897980982773,0001564590-23-000762_next,next
-0.0259807495149769,0.0118813449836652,-3,0.0157300539250077,-0.0417108034399847,0001564590-23-000762_next,next
-0.006981698148039,-0.0007115031258156,-2,0.0045691990772088,-0.0115508972252479,0001564590-23-000762_next,next
0.0140616452895887,-0.0001817250594663,-1,0.0050387335342806,0.009022911755308,0001564590-23-000762_next,next
0.0216887922637247,0.0110078534691813,0,0.0149558913273823,0.0067329009363424,0001564590-23-000762_next,next
-0.0087001117344116,0.002494840970949,1,0.007410934381643,-0.0161110461160546,0001564590-23-000762_next,next
-0.0110584303729259,-0.0129687409846833,2,-0.0062942093740351,-0.0047642209988907,0001564590-23-000762_next,next
0.0113595565864439,0.0146424702855101,3,0.0181771984027748,-0.0068176418163309,0001564590-23-000762_next,next
-0.0224640062162128,0.0104523039445902,4,0.0144635160084061,-0.0369275222246189,0001564590-23-000762_next,next
-0.0612208385984066,0.0146993732443099,5,0.0182276306527356,-0.0794484692511422,0001564590-23-000762_next,next
0.0139904027007187,0.008805260963896,-5,0.0043158597915227,0.009674542909196,0000950170-24-006884_next,next
0.022240588954502,0.0123135027649361,-4,0.0063460774765942,0.0158945114779078,0000950170-24-006884_next,next
0.0209508295828297,0.002194325202627,-3,0.0004901147435556,0.020460714839274,0000950170-24-006884_next,next
-0.0051301844692992,0.002921374261968,-2,0.0009108576517985,-0.0060410421210977,0000950170-24-006884_next,next
0.0247917368847754,0.0008119284117831,-1,-0.000309877552222,0.0251016144369974,0000950170-24-006884_next,next
0.0154828168836127,0.0052603655277063,0,0.0022644306670684,0.0132183862165443,0000950170-24-006884_next,next
0.0085762161857985,-0.0006517852510764,1,-0.0011569278790659,0.0097331440648644,0000950170-24-006884_next,next
0.0052910376816051,0.0075567748961808,2,0.0035933615607881,0.0016976761208169,0000950170-24-006884_next,next
-0.0723684570587788,-0.0006006499345398,3,-0.0011273358982812,-0.0712411211604975,0000950170-24-006884_next,next
-0.0131713214947524,-0.0161057446115979,4,-0.010100126032855,-0.0030711954618973,0000950170-24-006884_next,next
0.0061603650175003,0.0124936882116097,5,0.0064503506998141,-0.0002899856823137,0000950170-24-006884_next,next
0.0193128433413043,0.0183127922796391,-5,0.0149075189156602,0.0044053244256441,0000950170-25-007638_next,next
0.0110726567309089,-0.0021126894641922,-4,-0.0052099163382549,0.0162825730691638,0000950170-25-007638_next,next
0.0605990013140194,0.0099910589693537,-3,0.0067112896580283,0.053887711655991,0000950170-25-007638_next,next
0.0036713882205521,0.0087682271055828,-2,0.0055068999082853,-0.0018355116877332,0000950170-25-007638_next,next
-0.0482397098142184,0.0061379415222275,-1,0.002916282923771,-0.0511559927379894,0000950170-25-007638_next,next
0.0096085467725191,0.0053134862204113,0,0.0021042616279187,0.0075042851446003,0000950170-25-007638_next,next
0.0052343628655746,-0.0028551323193988,1,-0.0059411620565528,0.0111755249221274,0000950170-25-007638_next,next
0.0068639438682598,-0.0145807156908095,2,-0.0174899062794389,0.0243538501476987,0000950170-25-007638_next,next
-0.0286789758221929,0.0092178694499676,3,0.005949760980745,-0.0346287368029379,0000950170-25-007638_next,next
-0.0091965971457914,-0.0046788957603215,4,-0.0077374204460177,-0.0014591766997736,0000950170-25-007638_next,next
0.0019542150310707,0.0052754144053117,5,0.0020667639921287,-0.0001125489610579,0000950170-25-007638_next,next
0.0034357251473167,-0.0006423023039563,-5,0.0003890910862901,0.0030466340610265,0001193125-26-021017_next,next
-0.005991890888592,-0.0206267580562774,-4,-0.0148152590559459,0.0088233681673538,0001193125-26-021017_next,next
0.0445641189034271,0.0115877413232745,-3,0.0096938161119713,0.0348703027914557,0001193125-26-021017_next,next
0.0164879823292416,0.0054875021926288,-2,0.0050527003946752,0.0114352819345664,0001193125-26-021017_next,next
-0.0034468260804073,0.0003268698377891,-1,0.0011264457970627,-0.00457327187747,0001193125-26-021017_next,next
0.0111901266808578,0.0050060830312763,0,0.004686432451975,0.0065036942288827,0001193125-26-021017_next,next
0.0193159476749815,0.0040818961771371,1,0.0039833029446552,0.0153326447303263,0001193125-26-021017_next,next
-0.0353336409579673,-8.172305219089626e-05,2,0.0008155847237425,-0.0361492256817098,0001193125-26-021017_next,next
-0.008594223062305,-0.0012926312740076,3,-0.0001056849281706,-0.0084885381341344,0001193125-26-021017_next,next
-0.0014447339834435,-0.0043018996208942,4,-0.0023951628196411,0.0009504288361975,0001193125-26-021017_next,next
-0.0068210635108004,0.0053912661291679,5,0.0049794831490667,-0.0118005466598672,0001193125-26-021017_next,next
0.0076650602338765,-0.0008641180363413,-5,-0.0002987103847725,0.0079637706186491,0001564590-17-002142_next,next
0.0024915646270859,0.0016785565287558,-4,0.0027515925458832,-0.0002600279187972,0001564590-17-002142_next,next
0.0083729343210983,0.0060480661608284,-3,0.0079934462298723,0.0003794880912259,0001564590-17-002142_next,next
0.0019459684484648,-0.001082200145408,-2,-0.0005603311621779,0.0025062996106428,0001564590-17-002142_next,next
-0.001165646411196,0.0004189867216857,-1,0.0012405578556358,-0.0024062042668319,0001564590-17-002142_next,next
0.0012960045054331,0.0014933641914423,0,0.0025294277682917,-0.0012334232628586,0001564590-17-002142_next,next
-0.0006472275570896,0.0010179830611165,1,0.0019591399009745,-0.0026063674580641,0001564590-17-002142_next,next
-0.0073841210194683,-0.0025783763780462,2,-0.0023552092051018,-0.0050289118143665,0001564590-17-002142_next,next
0.0199687865268511,0.0136738546598662,3,0.0171416735832567,0.0028271129435944,0001564590-17-002142_next,next
-0.0008960606934137,-0.0058598805035984,4,-0.0062918441911636,0.0053957834977499,0001564590-17-002142_next,next
-0.0028175310849418,0.00050387727206,5,0.0013423962498001,-0.0041599273347419,0001564590-17-002142_next,next
0.0184063548334771,0.0120691127622993,-5,0.0205506656153407,-0.0021443107818635,0001564590-18-002832_next,next
-0.0009560333608921,0.0003734693722488,-4,0.0012947455817979,-0.00225077894269,0001564590-18-002832_next,next
0.0078489348983143,-0.0058413894593534,-3,-0.0089375110534287,0.0167864459517431,0001564590-18-002832_next,next
-0.0154808883039442,-0.0054965031281792,-2,-0.0083696839239353,-0.0071112043800089,0001564590-18-002832_next,next
0.0026047136524196,0.0009735510790762,-1,0.0022827310200416,0.0003219826323779,0001564590-18-002832_next,next
0.0299240469403008,0.0160283763505131,0,0.0270692692101817,0.002854777730119,0001564590-18-002832_next,next
0.0241961381145778,0.0117570153438109,1,0.0200368227481581,0.0041593153664197,0001564590-18-002832_next,next
-0.011766548161556,-0.0127068884438292,2,-0.0202409934721813,0.0084744453106252,0001564590-18-002832_next,next
9.21517541541128e-05,-0.011095788639207,3,-0.0175884494462362,0.0176806012003903,0001564590-18-002832_next,next
-0.0167973425669081,-0.0133243995419872,4,-0.0212576749773707,0.0044603324104626,0001564590-18-002832_next,next
0.0158639019349122,0.005071602744632,5,0.0090298378301209,0.0068340641047913,0001564590-18-002832_next,next
0.0056089474858813,0.0108787526085869,-5,0.0145619294336539,-0.0089529819477725,0001564590-19-003839_next,next
-0.0026958950264102,0.0014987433214488,-4,0.0023526652607138,-0.005048560287124,0001564590-19-003839_next,next
0.0061519528412437,0.0017771107537685,-3,0.002714995554245,0.0034369572869986,0001564590-19-003839_next,next
-0.0120432659324937,-0.0035264367908802,-2,-0.004188239937766,-0.0078550259947277,0001564590-19-003839_next,next
0.0062826627569845,0.0064111023949868,-1,0.0087467196592958,-0.0024640569023112,0001564590-19-003839_next,next
0.0082003970105015,0.0012318625699112,0,0.0020052863297928,0.0061951106807087,0001564590-19-003839_next,next
-0.0085033991461358,-0.0007904570968998,1,-0.0006270175729426,-0.0078763815731931,0001564590-19-003839_next,next
-0.0145427226896818,-0.0005440493877303,2,-0.0003062868867135,-0.0142364358029682,0001564590-19-003839_next,next
0.0006620451438028,-0.0028255083152146,3,-0.0032758931944134,0.0039379383382162,0001564590-19-003839_next,next
0.0092646306000223,0.0068953205934343,4,0.009376990666628,-0.0001123600666056,0001564590-19-003839_next,next
0.005994633630294,-0.003880558492514,5,-0.0046491739594994,0.0106438075897935,0001564590-19-003839_next,next
0.002945209062636,-0.0016304457368023,-5,-0.0031081256019518,0.0060533346645878,0000097476-20-000009_next,next
-0.0045176262430525,0.0018435333204338,-4,0.0016427319204511,-0.0061603581635036,0000097476-20-000009_next,next
-0.0073369049401512,-0.0029199426368901,-3,-0.0048715835695916,-0.0024653213705596,0000097476-20-000009_next,next
0.0144009336930317,0.0047057858811645,-2,0.0055570197975872,0.0088439138954444,0000097476-20-000009_next,next
-0.0124688164602408,-0.0038155197636281,-1,-0.0060963345710672,-0.0063724818891736,0000097476-20-000009_next,next
-0.0224385967192866,-0.0105181030271228,0,-0.0152624860049907,-0.0071761107142958,0000097476-20-000009_next,next
-0.0550889027317927,-0.0335136266712231,1,-0.0467101299562709,-0.0083787727755218,0000097476-20-000009_next,next
-0.0251974940451322,-0.0302799955650561,2,-0.0422879614825117,0.0170904674373794,0000097476-20-000009_next,next
0.0034633547254667,-0.003778540605322,3,-0.0060457635372422,0.009509118262709,0000097476-20-000009_next,next
-0.0476470484598715,-0.0441632425840791,4,-0.0612740657304104,0.0136270172705388,0000097476-20-000009_next,next
0.0089275868662659,-0.0082383404443618,5,-0.0121447852252343,0.0210723720915003,0000097476-20-000009_next,next
0.040859473276239,0.0160517676144393,-5,0.0190020672534204,0.0218574060228185,0000097476-21-000006_next,next
0.0132783338619364,0.0138982234844169,-4,0.0165727828328709,-0.0032944489709344,0000097476-21-000006_next,next
-0.0353074937965967,0.0010087690809532,-3,0.0020329596942606,-0.0373404534908573,0000097476-21-000006_next,next
0.0202872366147968,0.0108533222304207,-2,0.0131380117151935,0.0071492248996032,0000097476-21-000006_next,next
-0.0120351892604564,0.0038974951646253,-1,0.005291558936537,-0.0173267481969934,0000097476-21-000006_next,next
0.0305421617364289,0.0073993483603735,0,0.0092417902287067,0.0213003715077222,0000097476-21-000006_next,next
-0.0081659223660294,-0.0011135249921484,1,-0.0003610734048228,-0.0078048489612065,0000097476-21-000006_next,next
0.0038573877982708,-0.0003451849323593,2,0.0005056450946538,0.003351742703617,0000097476-21-000006_next,next
0.0278736380123831,0.0016624551635393,3,0.002770343894667,0.0251032941177161,0000097476-21-000006_next,next
0.0023434948255551,0.0047110331133788,4,0.0062092624731773,-0.0038657676476222,0000097476-21-000006_next,next
0.0062345765873066,-0.0005692724183511,5,0.0002528653949156,0.005981711192391,0000097476-21-000006_next,next
0.012408874469852,0.0188859517327795,-5,0.0212077914231473,-0.0087989169532953,0000097476-22-000009_next,next
0.0100283374005527,0.0068630035578014,-4,0.0071045747745612,0.0029237626259915,0000097476-22-000009_next,next
0.0361299854128098,0.0094225154473364,-3,0.0101069457544069,0.0260230396584028,0000097476-22-000009_next,next
-0.0652151654493302,-0.024391082077444,-2,-0.0295572434793575,-0.0356579219699727,0000097476-22-000009_next,next
-0.023748190687008,0.0051569298644233,-1,0.0051033079832562,-0.0288514986702643,0000097476-22-000009_next,next
-0.0085756774753814,-0.0037017126347429,0,-0.0052880995617025,-0.0032875779136789,0000097476-22-000009_next,next
0.015769703780049,0.0084012071916632,1,0.0089089258191032,0.0068607779609458,0000097476-22-000009_next,next
0.0236341220792308,0.0145172078875055,2,0.0160831464496038,0.007550975629627,0000097476-22-000009_next,next
-0.0342371002342478,-0.0181157256684597,3,-0.0221960946417381,-0.0120410055925097,0000097476-22-000009_next,next
-0.0366813433402826,-0.0189694543445634,4,-0.0231975395704669,-0.0134838037698156,0000097476-22-000009_next,next
-0.0117392338619717,-0.0038405967262932,5,-0.0054510140485379,-0.0062882198134337,0000097476-22-000009_next,next
-0.0049999408497581,-0.0129687409846833,-5,-0.0146847068669399,0.0096847660171817,0000097476-23-000007_next,next
0.0235660513593054,0.0146424702855101,-4,0.0180729789055957,0.0054930724537096,0000097476-23-000007_next,next
0.0275945651203173,0.0104523039445902,-3,0.0131018042987547,0.0144927608215625,0000097476-23-000007_next,next
0.0143875559991435,0.0146993732443099,-2,0.0181404880498216,-0.0037529320506781,0000097476-23-000007_next,next
-0.0131549994926051,-0.0103546106913104,-1,-0.0115833268557262,-0.0015716726368788,0000097476-23-000007_next,next
-0.0070766921950352,-0.0061404630177543,0,-0.0065837010175641,-0.0004929911774711,0000097476-23-000007_next,next
0.0137570353560843,0.0128725105980265,1,0.0159731150964613,-0.002216079740377,0000097476-23-000007_next,next
-0.0380948107351214,-0.0110807244761647,2,-0.0124447815368194,-0.025650029198302,0000097476-23-000007_next,next
-0.0085551005487676,-0.0088297961777351,3,-0.009774301014436,0.0012192004656684,0000097476-23-000007_next,next
0.0045715139711128,0.0021952617756952,4,0.0033057258097525,0.0012657881613603,0000097476-23-000007_next,next
0.0052337056054274,0.0114486093427661,5,0.0142838118118462,-0.0090501062064188,0000097476-23-000007_next,next
0.0118836431926994,0.0075567748961808,-5,0.0088325831525278,0.0030510600401715,0000097476-24-000007_next,next
-0.0163284556111137,-0.0006006499345398,-4,-0.0012954487466484,-0.0150330068644653,0000097476-24-000007_next,next
-0.0119101766694699,-0.0161057446115979,-3,-0.0205461432670068,0.0086359665975369,0000097476-24-000007_next,next
-0.0026852671500344,0.0124936882116097,-2,0.0149621174822623,-0.0176473846322968,0000097476-24-000007_next,next
-0.0030685849254958,0.0106844460775146,-1,0.0127158127442228,-0.0157843976697187,0000097476-24-000007_next,next
-0.0018844809966012,-0.0031863375266721,0,-0.0045057665807517,0.0026212855841505,0000097476-24-000007_next,next
-0.0033353674870904,0.0023104108269635,1,0.0023188433694019,-0.0056542108564923,0000097476-24-000007_next,next
0.0025255345498038,0.00824145796339,2,0.0096826666150692,-0.0071571320652653,0000097476-24-000007_next,next
0.0090699674673835,0.0005705832608251,3,0.0001587218292615,0.008911245638122,0000097476-24-000007_next,next
0.0136694852097909,0.0057423415255595,4,0.00657983311953,0.0070896520902608,0000097476-24-000007_next,next
-0.0081280108870051,-0.0009489536011326,5,-0.0017278928964941,-0.0064001179905109,0000097476-24-000007_next,next
0.0017221441374746,0.0067125410858628,-5,0.007556931291398,-0.0058347871539234,0000097476-25-000007_next,next
-0.0058787713738228,0.0003395827888592,-4,-0.0008942186749225,-0.0049845526989002,0000097476-25-000007_next,next
0.0041283860004095,-0.0027238667143857,-3,-0.0049566446252613,0.0090850306256708,0000097476-25-000007_next,next
0.004500228421622,0.0104262921222306,-2,0.0124817190403905,-0.0079814906187685,0000097476-25-000007_next,next
0.0123341248077493,-7.194380749464546e-05,-1,-0.0014399421551078,0.0137740669628571,0000097476-25-000007_next,next
0.0187400571512621,0.0024449877750611,0,0.0018977489559651,0.0168423081952969,0000097476-25-000007_next,next
0.0528800536387183,0.0023769693899173,1,0.0018075500959495,0.0510725035427688,0000097476-25-000007_next,next
0.038915927056724,-0.0043341850761716,2,-0.0070920802165112,0.0460080072732353,0000097476-25-000007_next,next
-0.0096097299509798,-0.0170641267025635,3,-0.0239731958198768,0.0143634658688969,0000097476-25-000007_next,next
-0.0062375242233853,-0.0049691065044024,4,-0.0079340465305433,0.001696522307158,0000097476-25-000007_next,next
-0.0037859989332917,-0.0046797309154723,5,-0.0075503069256898,0.003764307992398,0000097476-25-000007_next,next
0.0438876412079689,0.0053912661291679,-5,0.0051606524103043,0.0387269887976646,0000097476-26-000059_next,next
0.0008889516720902,-0.0084039830206983,-4,-0.0101565177806599,0.0110454694527502,0000097476-26-000059_next,next
-0.0101682792098122,-0.0050723919062231,-3,-0.0064573784934499,-0.0037109007163623,0000097476-26-000059_next,next
0.0047550763975821,-0.0122510155676747,-2,-0.0144279630885388,0.0191830394861209,0000097476-26-000059_next,next
-0.011340349364549,0.0196957966973359,-1,0.0210432890219528,-0.0323836383865019,0000097476-26-000059_next,next
-0.012057394951402,0.0046910867168872,0,0.0043832277255013,-0.0164406226769033,0000097476-26-000059_next,next
0.0098276048913181,-0.0033037129754581,1,-0.0044935751651162,0.0143211800564344,0000097476-26-000059_next,next
0.0255296654444525,-4.895607156218951e-05,2,-0.000879746600978,0.0264094120454306,0000097476-26-000059_next,next
-0.015713328021327,-0.0156610121277019,3,-0.0182141576757563,0.0025008296544292,0000097476-26-000059_next,next
0.0141703883489776,0.0004990891480125,4,-0.0002712398745408,0.0144416282235184,0000097476-26-000059_next,next
-0.0020781002827714,0.0010313220779065,5,0.0003197101170003,-0.0023978103997718,0000097476-26-000059_next,next
-0.0119847007857474,0.0005703094032936,-5,0.0016161105496415,-0.013600811335389,0000731766-17-000009_next,next
0.0069046390396978,0.0072647580986477,-4,0.0080599683069413,-0.0011553292672434,0000731766-17-000009_next,next
-0.0084019848105938,-0.0021153569858851,-3,-0.0009690242363548,-0.0074329605742389,0000731766-17-000009_next,next
0.0001249312011593,0.0002268291856959,-2,0.0012854877059439,-0.0011605565047846,0000731766-17-000009_next,next
-0.001370716608451,0.00069332238554,-1,0.0017345188302887,-0.0031052354387397,0000731766-17-000009_next,next
0.0008111061178319,0.0057525464497805,0,0.006604362743634,-0.0057932566258021,0000731766-17-000009_next,next
0.0019320749278506,0.0035660501028451,1,0.0044997127436595,-0.0025676378158088,0000731766-17-000009_next,next
0.0077141785988417,0.0052458450979924,2,0.0061166285649227,0.001597550033919,0000731766-17-000009_next,next
0.0070370635525589,0.0040073351766347,3,0.0049244793488458,0.0021125842037131,0000731766-17-000009_next,next
0.0071112542236793,0.0049923089198982,4,0.0058725829172053,0.0012386713064739,0000731766-17-000009_next,next
-0.0038955434873233,-0.0008641180363413,5,0.0002353775266833,-0.0041309210140066,0000731766-17-000009_next,next
0.0028424182545578,-0.0050015884169394,-5,-0.0060687834859032,0.0089112017404611,0000731766-18-000005_next,next
-0.0414492522992384,-0.037536419758088,-4,-0.048227764438377,0.0067785121391385,0000731766-18-000005_next,next
0.0207891568991711,0.0149360902084947,-3,0.0197666728160671,0.001022484083104,0000731766-18-000005_next,next
0.0214064926125723,0.0139145847540425,-2,0.0184429951690085,0.0029634974435637,0000731766-18-000005_next,next
0.0042093279893042,0.002612929746329,-1,0.003798190245769,0.0004111377435351,0000731766-18-000005_next,next
0.0094424860762949,0.0134024582572458,0,0.0177793762002389,-0.0083368901239439,0000731766-18-000005_next,next
-0.012064267727365,0.0120691127622993,1,0.0160516129075668,-0.0281158806349318,0000731766-18-000005_next,next
0.0148217774896961,0.0003734693722488,2,0.0008962736424621,0.013925503847234,0000731766-18-000005_next,next
-0.0118150375069113,-0.0058413894593534,3,-0.0071570066206646,-0.0046580308862467,0000731766-18-000005_next,next
-0.0067498900831388,-0.0054965031281792,4,-0.0067100992396404,-3.9790843498459065e-05,0000731766-18-000005_next,next
0.0087056593502197,0.0009735510790762,5,0.0016738659091252,0.0070317934410944,0000731766-18-000005_next,next
0.0119782407992876,-0.0022244379802809,-5,-0.0014305708538133,0.013408811653101,0000731766-19-000005_next,next
-0.0018550416698042,-0.0093571401439401,-4,-0.0085652679257649,0.0067102262559607,0000731766-19-000005_next,next
-0.0263940501877724,0.000676201086956,-3,0.0014708794780461,-0.0278649296658185,0000731766-19-000005_next,next
-0.0181748610804159,0.0007091030986317,-2,0.0015037906919139,-0.0196786517723299,0000731766-19-000005_next,next
0.0247334450364984,0.0128902247439735,-1,0.0136883192116803,0.011045125824818,0000731766-19-000005_next,next
0.0011387662425341,0.0030239946687606,0,0.0038193297020008,-0.0026805634594667,0000731766-19-000005_next,next
0.0057993422168869,-0.0026516415551012,1,-0.0018578939109749,0.0076572361278618,0000731766-19-000005_next,next
0.0218598997120895,0.0108787526085869,2,0.0116762844981361,0.0101836152139534,0000731766-19-000005_next,next
-0.0026557151454603,0.0014987433214488,3,0.0022936517650893,-0.0049493669105497,0000731766-19-000005_next,next
-0.0033279026611541,0.0017771107537685,4,0.0025720970525453,-0.0058999997136994,0000731766-19-000005_next,next
-0.0115397395243604,-0.0035264367908802,5,-0.002732933813674,-0.0088068057106864,0000731766-19-000005_next,next
-0.0075724980076901,0.0073263978048905,-5,0.0071362852731152,-0.0147087832808053,0000731766-20-000006_next,next
0.0131000602313302,0.0016884725532351,-4,0.002844856363059,0.0102552038682712,0000731766-20-000006_next,next
0.0436396093967874,0.0064626464661976,-3,0.0064788222347611,0.0371607871620262,0000731766-20-000006_next,next
-0.004217839454768,-0.0016304457368023,-2,0.0003185898263043,-0.0045364292810724,0000731766-20-000006_next,next
-0.0113173203743337,0.0018435333204338,-1,0.0029628842242792,-0.0142802045986129,0000731766-20-000006_next,next
0.0112462011665108,-0.0029199426368901,0,-0.000662938666795,0.0119091398333058,0000731766-20-000006_next,next
0.0104914077000901,0.0047057858811645,1,0.0051415497508211,0.0053498579492689,0000731766-20-000006_next,next
-0.0104154161377912,-0.0038155197636281,2,-0.0013446265929944,-0.0090707895447968,0000731766-20-000006_next,next
-0.0023166716987116,-0.0105181030271228,3,-0.006446443006856,0.0041297713081443,0000731766-20-000006_next,next
-0.0784264087404303,-0.0335136266712231,4,-0.023949983859796,-0.0544764248806343,0000731766-20-000006_next,next
-0.0518375194943089,-0.0302799955650561,5,-0.0214886355101726,-0.0303488839841362,0000731766-20-000006_next,next
0.0057073277702757,0.0012563181187927,-5,0.001133505122699,0.0045738226475766,0000731766-21-000013_next,next
0.0081940488144762,0.011351613765979,-4,0.0108496491143785,-0.0026556002999023,0000731766-21-000013_next,next
-0.0100537951163333,-0.0244788075251262,-3,-0.0236350796854115,0.0135812845690781,0000731766-21-000013_next,next
0.0101864945403939,-0.0047502141699028,-2,-0.0046474382639273,0.0148339328043213,0000731766-21-000013_next,next
0.0073140686569983,0.0237907635068002,-1,0.022821618459285,-0.0155075498022867,0000731766-21-000013_next,next
-2.966210922816792e-05,-0.0080808516908706,0,-0.0078529861615596,0.0078233240523314,0000731766-21-000013_next,next
-0.0052891934602996,-0.0130662218719981,1,-0.0126511194926186,0.007361926032319,0000731766-21-000013_next,next
0.0028236364274456,-0.0134172139301002,2,-0.0129889292503156,0.0158125656777613,0000731766-21-000013_next,next
0.0398130590054006,0.0194959681977822,3,0.0186881238994858,0.0211249351059147,0000731766-21-000013_next,next
0.0088448109592857,-0.0053592310301612,4,-0.0052335821188901,0.0140783930781759,0000731766-21-000013_next,next
0.0051691657733365,0.0141546423038221,5,0.0135474035772764,-0.0083782378039398,0000731766-21-000013_next,next
0.0095052699349962,0.0145172078875055,-5,0.0139137583454104,-0.0044084884104142,0000731766-22-000008_next,next
-0.0228468178785269,-0.0181157256684597,-4,-0.0150876536613165,-0.0077591642172104,0000731766-22-000008_next,next
-0.0176488096480013,-0.0189694543445634,-3,-0.0158463760432678,-0.0018024336047334,0000731766-22-000008_next,next
-0.0078012151116056,-0.0038405967262932,-2,-0.0024011173684356,-0.00540009774317,0000731766-22-000008_next,next
0.0080733145760065,0.0157667211707204,-1,0.0150242208624331,-0.0069509062864266,0000731766-22-000008_next,next
0.0038058026933867,0.000881207755895,0,0.0017952260883456,0.002010576605041,0000731766-22-000008_next,next
-0.0202271550397372,-0.021173138152195,1,-0.0178048252255355,-0.0024223298142017,0000731766-22-000008_next,next
-0.00537916387372,-0.0071661613961429,2,-0.0053566000859155,-2.256378780452449e-05,0000731766-22-000008_next,next
-0.0113290958651554,-0.0101429452648328,3,-0.0080021157053678,-0.0033269801597875,0000731766-22-000008_next,next
-0.0062485633883281,-0.0184121228454876,4,-0.0153510665915048,0.0091025032031766,0000731766-22-000008_next,next
-0.0081153151753937,0.0149568560673292,5,0.0143044807418265,-0.0224197959172203,0000731766-22-000008_next,next
0.0240690199464408,-0.0027674058253277,-5,-0.0020625108797829,0.0261315308262238,0000731766-23-000008_next,next
-0.0155687350327858,-0.0200412342553273,-4,-0.0102213238580444,-0.0053474111747414,0000731766-23-000008_next,next
-0.0049255414412117,-0.0015735561458868,-3,-0.0014986291497896,-0.003426912291422,0000731766-23-000008_next,next
0.0057271113574874,0.0053294294160743,-2,0.0017618043099909,0.0039653070474965,0000731766-23-000008_next,next
-0.0149687929510199,-0.0105375514855581,-1,-0.005732523321586,-0.0092362696294339,0000731766-23-000008_next,next
-0.0020854101855359,0.0030730045671669,0,0.0006960447178807,-0.0027814549034167,0000731766-23-000008_next,next
-0.0152693059206674,-0.0030360018281855,1,-0.0021893747399229,-0.0130799311807444,0000731766-23-000008_next,next
-0.0015126107070929,-0.00472526484568,2,-0.0029872511971705,0.0014746404900776,0000731766-23-000008_next,next
0.0052185574442888,0.0075821940867943,3,0.0028258351186169,0.0023927223256719,0000731766-23-000008_next,next
0.0018002695862415,0.0161477371607488,4,0.0068715314320218,-0.0050712618457802,0000731766-23-000008_next,next
0.0046389042706151,0.0006871667698291,5,-0.0004308394852261,0.0050697437558413,0000731766-23-000008_next,next
0.0086787435931179,0.021122884217414,-5,-0.0019668296382059,0.0106455732313238,0000731766-24-000081_next,next
0.0014053877894089,0.0003479475462115,-4,0.0009031812515771,0.0005022065378317,0000731766-24-000081_next,next
-0.0036416195268057,-0.0037867513501905,-3,0.0014743806273661,-0.0051160001541719,0000731766-24-000081_next,next
-0.0226528064918214,0.0017063496993998,-2,0.0007155210418707,-0.0233683275336921,0000731766-24-000081_next,next
-0.02948851282334,-0.0016581550604305,-1,0.0011803198257257,-0.0306688326490658,0000731766-24-000081_next,next
-0.0093922968658414,0.0052290946971491,0,0.0002288617241803,-0.0096211585900217,0000731766-24-000081_next,next
-0.0082455922791809,0.0080078289488876,1,-0.0001550141782361,-0.0080905781009448,0000731766-24-000081_next,next
-0.0156476262305493,-0.0011932620709189,2,0.0011160959022742,-0.0167637221328235,0000731766-24-000081_next,next
-0.0180961581075421,-0.0101931008834446,3,0.0023594034418849,-0.020455561549427,0000731766-24-000081_next,next
-0.0011623994245909,0.0051411032032746,4,0.0002410175516384,-0.0014034169762293,0000731766-24-000081_next,next
0.0130766901852148,0.0103041279259514,5,-0.0004722427298642,0.013548932915079,0000731766-24-000081_next,next
-0.0716531738961666,-0.0170641267025635,-5,-0.0076179467228569,-0.0640352271733096,0000731766-25-000063_next,next
-0.0105056922354764,-0.0049691065044024,-4,-0.0030005450428359,-0.0075051471926405,0000731766-25-000063_next,next
0.019197565196964,-0.0046797309154723,-3,-0.0028900728560523,0.0220876380530163,0000731766-25-000063_next,next
-0.0144351974282953,0.0001360242800469,-2,-0.0010516074573966,-0.0133835899708987,0000731766-25-000063_next,next
0.0107206675962987,-0.0158645536555098,-1,-0.0071599970450535,0.0178806646413523,0000731766-25-000063_next,next
0.013658900624109,0.0158541446349889,0,0.0049489509662028,0.0087099496579061,0000731766-25-000063_next,next
-0.0166540505212005,-0.0175967394669998,1,-0.0078212772698934,-0.008832773251307,0000731766-25-000063_next,next
0.0161867303562519,-0.0122348266022004,2,-0.0057743104137475,0.0219610407699994,0000731766-25-000063_next,next
0.002886664764395,0.0111592778931879,3,0.0031566360112958,-0.0002699712469008,0000731766-25-000063_next,next
0.0246648941201816,-0.0178190070857499,4,-0.007906130280423,0.0325710244006047,0000731766-25-000063_next,next
0.0118099952958776,0.005520617802748,5,0.0010040179794034,0.0108059773164742,0000731766-25-000063_next,next
-0.0297157946008899,0.0076516140863223,-5,0.0038698622602277,-0.0335856568611176,0000731766-26-000062_next,next
0.0374154455054127,0.0081363556573399,-4,0.0041844142785881,0.0332310312268246,0000731766-26-000062_next,next
0.0086558271173575,-0.0053655805693283,-3,-0.0045770816313985,0.0132329087487561,0000731766-26-000062_next,next
0.0230586592785273,-0.0043393528110311,-2,-0.0039111556370751,0.0269698149156024,0000731766-26-000062_next,next
0.0056603891715198,0.0003983547353176,-1,-0.0008368258081383,0.0064972149796582,0000731766-26-000062_next,next
-0.019394426319667,-0.0094440310956254,0,-0.0072236152103867,-0.0121708111092802,0000731766-26-000062_next,next
0.0095085611376786,0.0077560492642863,1,0.0039376309394178,0.0055709301982607,0000731766-26-000062_next,next
-0.0109260144180071,-0.005646704863891,2,-0.0047595050494668,-0.0061665093685402,0000731766-26-000062_next,next
-0.0079301982193911,-0.0132767958125692,3,-0.0097107216392497,0.0017805234198586,0000731766-26-000062_next,next
0.0031660843439655,0.0083041615131052,4,0.0042933046106321,-0.0011272202666665,0000731766-26-000062_next,next
-0.0099240653712234,-0.0021351198877325,5,-0.0024808142832184,-0.007443251088005,0000731766-26-000062_next,next
-0.0109889102177408,-0.0060095435176958,-5,-0.0057556164517028,-0.005233293766038,0000100885-17-000056_next,next
-0.0131479781276985,-0.000889905407144,-4,-0.0001082805083817,-0.0130396976193167,0000100885-17-000056_next,next
0.0105087225818849,0.0002983634896507,-3,0.0012024671472716,0.0093062554346133,0000100885-17-000056_next,next
-0.0037144232530298,0.0005703094032936,-2,0.0015024434150452,-0.005216866668075,0000100885-17-000056_next,next
0.011276907941643,0.0072647580986477,-1,0.0088869108171595,0.0023899971244834,0000100885-17-000056_next,next
-0.0075567452383137,-0.0021153569858851,0,-0.0014600433865353,-0.0060967018517784,0000100885-17-000056_next,next
-0.0003714242303342,0.0002268291856959,1,0.0011235595688098,-0.001494983799144,0000100885-17-000056_next,next
-0.0028796512194244,0.00069332238554,2,0.00163813574742,-0.0045177869668444,0000100885-17-000056_next,next
0.0007451825842548,0.0057525464497805,3,0.0072188305712227,-0.0064736479869679,0000100885-17-000056_next,next
0.0041891574221406,0.0035660501028451,4,0.0048069648995967,-0.000617807477456,0000100885-17-000056_next,next
0.0041718567468678,0.0052458450979924,5,0.0066599018550338,-0.002488045108166,0000100885-17-000056_next,next
-0.0403522894279257,-0.0409792248042282,-5,-0.0429984962773783,0.0026462068494525,0000100885-18-000048_next,next
0.0564684769456658,0.0174409205923138,-4,0.0207496603494631,0.0357188165962026,0000100885-18-000048_next,next
-0.0166983052618702,-0.0050015884169394,-3,-0.003739641580721,-0.0129586636811491,0000100885-18-000048_next,next
-0.0317929231784415,-0.037536419758088,-2,-0.0392417018731998,0.0074487786947583,0000100885-18-000048_next,next
0.0193814484538281,0.0149360902084947,-1,0.018016385405563,0.0013650630482651,0000100885-18-000048_next,next
0.0106852334613001,0.0139145847540425,0,0.0169017170105499,-0.0062164835492498,0000100885-18-000048_next,next
-0.0026431742731037,0.002612929746329,1,0.0045693328871635,-0.0072125071602673,0000100885-18-000048_next,next
0.038113745637653,0.0134024582572458,2,0.0163428837534782,0.0217708618841747,0000100885-18-000048_next,next
0.0052559525753563,0.0120691127622993,3,0.0148879350046761,-0.0096319824293197,0000100885-18-000048_next,next
0.0028381418955063,0.0003734693722488,4,0.002125630124744,0.0007125117707622,0000100885-18-000048_next,next
-0.0300887187269273,-0.0058413894593534,5,-0.0046560338290422,-0.025432684897885,0000100885-18-000048_next,next
0.0091438143056314,0.006776236617404,-5,0.0093147951349501,-0.0001709808293186,0000100885-19-000060_next,next
0.0010551197048402,0.0047084203769747,-4,0.0069264301879806,-0.0058713104831403,0000100885-19-000060_next,next
-0.0034715303003916,-0.0022244379802809,-3,-0.0010811459007614,-0.0023903843996301,0000100885-19-000060_next,next
0.0051633748332853,-0.0093571401439401,-2,-0.0093195451800516,0.0144829200133369,0000100885-19-000060_next,next
0.0009285381625379,0.000676201086956,-1,0.0022691443893279,-0.00134060622679,0000100885-19-000060_next,next
0.0162625296204488,0.0007091030986317,0,0.0023071468045495,0.0139553828158992,0000100885-19-000060_next,next
0.0164281113020885,0.0128902247439735,1,0.0163765613800275,5.154992206102271e-05,0000100885-19-000060_next,next
0.0109549502413408,0.0030239946687606,2,0.004980888200924,0.0059740620404168,0000100885-19-000060_next,next
0.0044408746837261,-0.0026516415551012,3,-0.0015745737128522,0.0060154483965783,0000100885-19-000060_next,next
0.0035961100505219,0.0108787526085869,4,0.0140532748877201,-0.0104571648371982,0000100885-19-000060_next,next
0.0064028194888561,0.0014987433214488,5,0.0032191954634294,0.0031836240254266,0000100885-19-000060_next,next
0.0048489682677985,0.0072546138923517,-5,0.0103696226608565,-0.005520654393058,0000100885-20-000065_next,next
0.0163627507432728,0.0149804141640821,-4,0.0225342092631657,-0.0061714585198929,0000100885-20-000065_next,next
0.0100957166134694,0.0112505958978537,-3,0.0166614587758886,-0.0065657421624192,0000100885-20-000065_next,next
0.005511013183431,0.0033256728767856,-2,0.0041833453098743,0.0013276678735566,0000100885-20-000065_next,next
-0.0122509334972685,-0.0054008536727301,-1,-0.0095569254990108,-0.0026940079982577,0000100885-20-000065_next,next
0.0045692998607484,0.0073263978048905,0,0.0104826493493572,-0.0059133494886087,0000100885-20-000065_next,next
-0.0074183234178979,0.0016884725532351,1,0.0016055068438667,-0.0090238302617646,0000100885-20-000065_next,next
0.0085105290309028,0.0064626464661976,2,0.0091226377527803,-0.0006121087218774,0000100885-20-000065_next,next
-0.0011900648299613,-0.0016304457368023,3,-0.0036202649267134,0.002430200096752,0000100885-20-000065_next,next
-0.003466157835578,0.0018435333204338,4,0.0018496563254565,-0.0053158141610345,0000100885-20-000065_next,next
-0.0103262629813953,-0.0029199426368901,5,-0.0056506302174036,-0.0046756327639917,0000100885-20-000065_next,next
0.0057227128032659,0.0160517676144393,-5,0.0141951527745362,-0.0084724399712702,0000100885-21-000068_next,next
0.0369078579736679,0.0138982234844169,-4,0.0123445982861207,0.0245632596875472,0000100885-21-000068_next,next
-0.0076238214808976,0.0010087690809532,-3,0.0012686062193558,-0.0088924277002535,0000100885-21-000068_next,next
0.0004404760532259,0.0108533222304207,-2,0.0097280948192027,-0.0092876187659768,0000100885-21-000068_next,next
-0.0012227234380915,0.0038974951646253,-1,0.0037509073458651,-0.0049736307839567,0000100885-21-000068_next,next
-0.0003918692766851,0.0073993483603735,0,0.0067600725906454,-0.0071519418673305,0000100885-21-000068_next,next
0.0025964833364806,-0.0011135249921484,1,-0.00055509489174,0.0031515782282206,0000100885-21-000068_next,next
-0.0056192853541519,-0.0003451849323593,2,0.0001051447227866,-0.0057244300769385,0000100885-21-000068_next,next
0.0183291680454242,0.0016624551635393,3,0.0018303229249855,0.0164988451204387,0000100885-21-000068_next,next
0.0286157140690757,0.0047110331133788,4,0.0044499858005734,0.0241657282685022,0000100885-21-000068_next,next
0.0038938435725086,-0.0005692724183511,5,-8.741511251870288e-05,0.0039812586850273,0000100885-21-000068_next,next
-0.0056113318131741,0.0188859517327795,-5,0.0152190749670487,-0.0208304067802229,0001437749-22-002494_next,next
0.0088325344544535,0.0068630035578014,-4,0.0061252127773299,0.0027073216771235,0001437749-22-002494_next,next
0.0184424660938586,0.0094225154473364,-3,0.008061164596936,0.0103813014969226,0001437749-22-002494_next,next
-0.0275012080745039,-0.024391082077444,-2,-0.0175146086288793,-0.0099865994456246,0001437749-22-002494_next,next
-0.0080214145543007,0.0051569298644233,-1,0.0048347806115011,-0.0128561951658018,0001437749-22-002494_next,next
-0.0051155823719,-0.0037017126347429,0,-0.0018656786188782,-0.0032499037530217,0001437749-22-002494_next,next
0.0074642919876293,0.0084012071916632,1,0.0072886721603768,0.0001756198272525,0001437749-22-002494_next,next
0.0145710725906862,0.0145172078875055,2,0.0119146646100461,0.0026564079806401,0001437749-22-002494_next,next
-0.0177291199448651,-0.0181157256684597,3,-0.0127680834385405,-0.0049610365063246,0001437749-22-002494_next,next
-0.0136709445146256,-0.0189694543445634,4,-0.0134138228042025,-0.0002571217104231,0001437749-22-002494_next,next
0.0156610826352938,-0.0038405967262932,5,-0.0019707271286548,0.0176318097639486,0001437749-22-002494_next,next
-0.0063247112393016,-0.0061404630177543,-5,-0.005597198536728,-0.0007275127025736,0001437749-23-002959_next,next
0.0003827936139557,0.0128725105980265,-4,0.0102804982532364,-0.0098977046392806,0001437749-23-002959_next,next
-0.0090891614740715,-0.0110807244761647,-3,-0.0097228011428706,0.000633639668799,0001437749-23-002959_next,next
-0.0209036651055376,-0.0088297961777351,-2,-0.0078430553576689,-0.0130606097478686,0001437749-23-002959_next,next
0.0132636221521338,0.0021952617756952,-1,0.0013639488076899,0.0118996733444438,0001437749-23-002959_next,next
0.0026764709854614,0.0114486093427661,0,0.0090914011216278,-0.0064149301361664,0001437749-23-002959_next,next
-0.0098033933476782,-0.0002804145319874,1,-0.000703483597037,-0.0090999097506411,0001437749-23-002959_next,next
-0.0045091874347801,0.002773175690496,2,0.0018465635788109,-0.006355751013591,0001437749-23-002959_next,next
-0.0127517775238507,-0.0137887414891306,3,-0.0119842608126116,-0.000767516711239,0001437749-23-002959_next,next
0.0053360359126106,-0.0027674058253277,4,-0.0027803651239836,0.0081164010365943,0001437749-23-002959_next,next
-0.0388906975519075,-0.0200412342553273,5,-0.0172057051973405,-0.021684992354567,0001437749-23-002959_next,next
-0.0068054640851414,-0.0031863375266721,-5,-0.002322474747303,-0.0044829893378384,0001437749-24-003599_next,next
0.0130959722593113,0.0023104108269635,-4,0.0017235327222125,0.0113724395370987,0001437749-24-003599_next,next
-0.0028414131654652,0.00824145796339,-3,0.0060892157537375,-0.0089306289192028,0001437749-24-003599_next,next
-0.0013646392085859,0.0005705832608251,-2,0.0004428928101436,-0.0018075320187296,0001437749-24-003599_next,next
0.0025320227751099,0.0057423415255595,-1,0.0042496838843254,-0.0017176611092154,0001437749-24-003599_next,next
-0.0082181518590837,-0.0009489536011326,0,-0.0006755970857271,-0.0075425547733565,0001437749-24-003599_next,next
-0.0072352587737086,-0.0136742556536254,1,-0.0100423469974585,0.0028070882237499,0001437749-24-003599_next,next
0.0183217791503564,0.0095797632750176,2,0.0070743060178308,0.0112474731325256,0001437749-24-003599_next,next
0.0017592234139849,0.0058212506847294,3,0.0043077667774969,-0.002548543363512,0001437749-24-003599_next,next
-0.0158052705370238,-0.0048034698371121,4,-0.0035128020074016,-0.0122924685296221,0001437749-24-003599_next,next
0.0022303705631052,-0.0060053220011653,5,-0.0043974528082331,0.0066278233713383,0001437749-24-003599_next,next
-0.0192500920848032,-0.0076085976846667,-5,-0.0057061615142528,-0.0135439305705504,0000100885-25-000042_next,next
0.0019750815385968,0.0072248818286797,-4,0.0036302309623849,-0.0016551494237881,0000100885-25-000042_next,next
0.0040246369551852,0.0039086729306143,-3,0.0015429642641703,0.0024816726910149,0000100885-25-000042_next,next
-0.0039675712900463,0.0036442987226186,-2,0.0013765635647034,-0.0053441348547497,0000100885-25-000042_next,next
-0.0058724863904698,-0.0094647701115428,-1,-0.0068744615254562,0.0010019751349864,0000100885-25-000042_next,next
0.0092945258778316,0.0067125410858628,0,0.003307756774693,0.0059867691031386,0000100885-25-000042_next,next
0.0139156001300531,0.0003395827888592,1,-0.0007034693064522,0.0146190694365054,0000100885-25-000042_next,next
0.0031484462980886,-0.0027238667143857,2,-0.002631645825584,0.0057800921236726,0000100885-25-000042_next,next
0.009899114737131,0.0104262921222306,3,0.0056452418674423,0.0042538728696886,0000100885-25-000042_next,next
-0.0069729608741978,-7.194380749464546e-05,4,-0.0009624897078812,-0.0060104711663166,0000100885-25-000042_next,next
0.0078243755883551,0.0024449877750611,5,0.0006217010459094,0.0072026745424457,0000100885-25-000042_next,next
0.0005529143004578,0.0053912661291679,-5,0.0021877650742351,-0.0016348507737772,0000100885-26-000037_next,next
0.0266122732481721,-0.0084039830206983,-4,-0.002822674972904,0.0294349482210761,0000100885-26-000037_next,next
0.034245741050727,-0.0050723919062231,-3,-0.0016126397383593,0.0358583807890864,0000100885-26-000037_next,next
0.0067664794324551,-0.0122510155676747,-2,-0.0042199187433222,0.0109863981757773,0000100885-26-000037_next,next
0.0046529681529823,0.0196957966973359,-1,0.0073831763376098,-0.0027302081846275,0000100885-26-000037_next,next
0.0068086441777817,0.0046910867168872,0,0.0019334596297041,0.0048751845480775,0000100885-26-000037_next,next
0.0274437041759412,-0.0033037129754581,1,-0.0009702548383866,0.0284139590143278,0000100885-26-000037_next,next
0.0057017905229783,-4.895607156218951e-05,2,0.0002118741799313,0.005489916343047,0000100885-26-000037_next,next
-0.0039572852252431,-0.0156610121277019,3,-0.0054584308672684,0.0015011456420252,0000100885-26-000037_next,next
-0.0041640186655967,0.0004990891480125,4,0.0004109244244009,-0.0045749430899977,0000100885-26-000037_next,next
0.008132546049508,0.0010313220779065,5,0.0006042316388903,0.0075283144106177,0000100885-26-000037_next,next
0.0045159380348567,0.0040073351766347,-5,0.0037180108090781,0.0007979272257786,0001090727-17-000011_next,next
0.0002753205077554,0.0049923089198982,-4,0.0045546044884252,-0.0042792839806697,0001090727-17-000011_next,next
-0.0089654070826428,-0.0008641180363413,-3,-0.0004195887920117,-0.008545818290631,0001090727-17-000011_next,next
-0.0029848978763282,0.0016785565287558,-2,0.001740047933683,-0.0047249458100113,0001090727-17-000011_next,next
0.007670901883847,0.0060480661608284,-1,0.0054513185792605,0.0022195833045864,0001090727-17-000011_next,next
-0.0194949298036215,-0.001082200145408,0,-0.0006048182108381,-0.0188901115927834,0001090727-17-000011_next,next
-0.0050184218620598,0.0004189867216857,1,0.0006702243505691,-0.0056886462126289,0001090727-17-000011_next,next
0.0103723096118946,0.0014933641914423,2,0.0015827536505414,0.0087895559613532,0001090727-17-000011_next,next
0.0051801101165389,0.0010179830611165,3,0.0011789856804494,0.0040011244360895,0001090727-17-000011_next,next
-0.0090885664405331,-0.0025783763780462,4,-0.0018756049581754,-0.0072129614823576,0001090727-17-000011_next,next
0.0104953944121322,0.0136738546598662,5,0.0119283302782682,-0.0014329358661359,0001090727-17-000011_next,next
-0.0089252004193329,0.0134024582572458,-5,0.0151892085250012,-0.0241144089443342,0001090727-18-000009_next,next
0.0160415561532834,0.0120691127622993,-4,0.0136561384467999,0.0023854177064834,0001090727-18-000009_next,next
-0.0093112570707916,0.0003734693722488,-3,0.0002085804098493,-0.0095198374806409,0001090727-18-000009_next,next
-0.0158834930095158,-0.0058413894593534,-2,-0.006937214998082,-0.0089462780114338,0001090727-18-000009_next,next
-9.53464363447898e-05,-0.0054965031281792,-1,-0.0065406674290478,0.006445320992703,0001090727-18-000009_next,next
0.0036292642827784,0.0009735510790762,0,0.0008985495984054,0.002730714684373,0001090727-18-000009_next,next
0.0050435534005233,0.0160283763505131,1,0.0182084683281456,-0.0131649149276222,0001090727-18-000009_next,next
0.0232938511591915,0.0117570153438109,2,0.0132972913095935,0.0099965598495979,0001090727-18-000009_next,next
-0.0220231496524525,-0.0127068884438292,3,-0.0148311112949633,-0.0071920383574891,0001090727-18-000009_next,next
-0.0121108263216076,-0.011095788639207,4,-0.0129786815137673,0.0008678551921597,0001090727-18-000009_next,next
0.019347054928041,-0.0133243995419872,5,-0.0155411206594764,0.0348881755875174,0001090727-18-000009_next,next
-0.0018749324032838,-0.0026516415551012,-5,-0.003728877775697,0.0018539453724131,0001090727-19-000006_next,next
-0.0083183726427573,0.0108787526085869,-4,0.0104918810589921,-0.0188102537017494,0001090727-19-000006_next,next
-0.0009019962756404,0.0014987433214488,-3,0.0006332732220142,-0.0015352694976547,0001090727-19-000006_next,next
0.002708431822338,0.0017771107537685,-2,0.0009258438651573,0.0017825879571806,0001090727-19-000006_next,next
0.0062121695711341,-0.0035264367908802,-1,-0.0046483079066488,0.0108604774777829,0001090727-19-000006_next,next
-0.0125267278225821,0.0064111023949868,0,0.0057962768159272,-0.0183230046385093,0001090727-19-000006_next,next
0.0133454104497967,0.0012318625699112,1,0.0003527753474274,0.0129926351023693,0001090727-19-000006_next,next
0.0016235764229006,-0.0007904570968998,2,-0.0017727296393785,0.0033963060622792,0001090727-19-000006_next,next
0.0008106130465177,-0.0005440493877303,3,-0.0015137494082991,0.0023243624548168,0001090727-19-000006_next,next
-0.0083684569091809,-0.0028255083152146,4,-0.0039116157828112,-0.0044568411263697,0001090727-19-000006_next,next
0.0175133879373408,0.0068953205934343,5,0.006305201400103,0.0112081865372378,0001090727-19-000006_next,next
-0.0028425528673476,-0.0016304457368023,-5,-0.0034174737760549,0.0005749209087073,0001090727-20-000005_next,next
0.0067464721745398,0.0018435333204338,-4,0.0007016856723476,0.0060447865021921,0001090727-20-000005_next,next
0.0044362114960765,-0.0029199426368901,-3,-0.0049464534423596,0.0093826649384361,0001090727-20-000005_next,next
0.0031946657199577,0.0047057858811645,-2,0.0040955100118151,-0.0009008442918574,0001090727-20-000005_next,next
-0.0026227635913064,-0.0038155197636281,-1,-0.0060083553486742,0.0033855917573678,0001090727-20-000005_next,next
-0.0332453538611777,-0.0105181030271228,0,-0.0139557288715574,-0.0192896249896202,0001090727-20-000005_next,next
-0.0337487507648253,-0.0335136266712231,1,-0.0412219348356546,0.0074731840708293,0001090727-20-000005_next,next
-0.0466036572074237,-0.0302799955650561,2,-0.0373877602755427,-0.009215896931881,0001090727-20-000005_next,next
-0.0018106919238708,-0.003778540605322,3,-0.0059645084955928,0.0041538165717219,0001090727-20-000005_next,next
-0.03723455876116,-0.0441632425840791,4,-0.0538493759590906,0.0166148171979306,0001090727-20-000005_next,next
0.0027702833425575,-0.0082383404443618,5,-0.0112525733751724,0.0140228567177299,0001090727-20-000005_next,next
-0.0100374472745716,-0.0005692724183511,-5,-0.0012633592629974,-0.0087740880115741,0001090727-21-000013_next,next
-0.0046367513684805,-0.0003204020092266,-4,-0.0010325021432488,-0.0036042492252316,0001090727-21-000013_next,next
0.00695671243335,-0.0044158356273545,-3,-0.0048315074670594,0.0117882199004094,0001090727-21-000013_next,next
-0.0034760492607153,-0.0018548966445751,-2,-0.0024559297537572,-0.001020119506958,0001090727-21-000013_next,next
0.0066027459917219,-0.0077328394581538,-1,-0.007908425905324,0.0145111718970459,0001090727-21-000013_next,next
-0.0048890703034089,0.0012563181187927,0,0.0004300946704295,-0.0053191649738384,0001090727-21-000013_next,next
-0.0046013065070997,0.011351613765979,1,0.0097946908243854,-0.0143959973314851,0001090727-21-000013_next,next
-0.0159929787725695,-0.0244788075251262,2,-0.0234423174955069,0.0074493387229374,0001090727-21-000013_next,next
0.0020314357193793,-0.0047502141699028,3,-0.0051416836246428,0.0071731193440221,0001090727-21-000013_next,next
0.0230628146750389,0.0237907635068002,4,0.0213334924496595,0.0017293222253793,0001090727-21-000013_next,next
-0.0006193871628037,-0.0080808516908706,5,-0.0082312489438883,0.0076118617810845,0001090727-21-000013_next,next
0.0152809714689465,0.0157667211707204,-5,0.0122765652263311,0.0030044062426154,0001090727-22-000007_next,next
-0.008975379786853,0.000881207755895,-4,0.0013579150355392,-0.0103332948223923,0001090727-22-000007_next,next
-0.0213643646160834,-0.021173138152195,-3,-0.0148191345190515,-0.0065452300970319,0001090727-22-000007_next,next
0.000812769462652,-0.0071661613961429,-2,-0.0045448984098982,0.0053576678725503,0001090727-22-000007_next,next
-0.0018629081980729,-0.0101429452648328,-1,-0.0067283945950849,0.0048654863970119,0001090727-22-000007_next,next
-0.0214864101121978,-0.0184121228454876,0,-0.012793906401939,-0.0086925037102587,0001090727-22-000007_next,next
0.0132532397700662,0.0149568560673292,1,0.011682522312309,0.0015707174577571,0001090727-22-000007_next,next
0.0133210781761186,0.0223726776556034,2,0.0171220902696389,-0.0038010120935203,0001090727-22-000007_next,next
0.0022385758099388,-0.0024426034406476,3,-0.0010801286344319,0.0033187044443707,0001090727-22-000007_next,next
-0.0230015744744567,-0.0154735036804118,4,-0.0106384043501614,-0.0123631701242952,0001090727-22-000007_next,next
0.0286019530037062,0.018642691757321,5,0.0143861140150765,0.0142158389886297,0001090727-22-000007_next,next
-0.0034147957594702,-0.0002804145319874,-5,-0.0009901942526827,-0.0024246015067874,0001090727-23-000006_next,next
0.0003747076428097,0.002773175690496,-4,0.0020114011139211,-0.0016366934711114,0001090727-23-000006_next,next
-0.006904334378282,-0.0137887414891306,-3,-0.0142685088433535,0.0073641744650714,0001090727-23-000006_next,next
-0.0039143950342208,-0.0027674058253277,-2,-0.0034348384252735,-0.0004795566089472,0001090727-23-000006_next,next
-0.0259265403944021,-0.0200412342553273,-1,-0.0204145375994571,-0.0055120027949449,0001090727-23-000006_next,next
-0.0103666025880931,-0.0015735561458868,0,-0.0022613169619657,-0.0081052856261274,0001090727-23-000006_next,next
0.0188550161944187,0.0053294294160743,1,0.0045241283561244,0.0143308878382942,0001090727-23-000006_next,next
0.0011671685936058,-0.0105375514855581,2,-0.0110726783161207,0.0122398469097265,0001090727-23-000006_next,next
0.0115460057198346,0.0030730045671669,3,0.0023061246692833,0.0092398810505513,0001090727-23-000006_next,next
0.0014269543679437,-0.0030360018281855,4,-0.0036988609230305,0.0051258152909742,0001090727-23-000006_next,next
0.0032327201520752,-0.00472526484568,5,-0.0053593600983792,0.0085920802504544,0001090727-23-000006_next,next
-0.0172939222996354,-0.0136742556536254,-5,-0.0164080860713576,-0.0008858362282778,0001090727-24-000008_next,next
-0.0046928048498907,0.0095797632750176,-4,0.0091760018153216,-0.0138688066652123,0001090727-24-000008_next,next
0.0191372741338986,0.0058212506847294,-3,0.0050408836351828,0.0140963904987157,0001090727-24-000008_next,next
0.0210528604801432,-0.0048034698371121,-2,-0.006648441312746,0.0277013017928892,0001090727-24-000008_next,next
0.001549568504082,-0.0060053220011653,-1,-0.0079707199040849,0.0095202884081669,0001090727-24-000008_next,next
-0.0024889946848791,0.0012641999229821,0,2.7213200392074782e-05,-0.0025162078852712,0001090727-24-000008_next,next
0.0098467664410391,0.021122884217414,1,0.0218757515481764,-0.0120289851071373,0001090727-24-000008_next,next
-0.0073466951106746,0.0003479475462115,2,-0.0009808483052602,-0.0063658468054144,0001090727-24-000008_next,next
-0.0076025270116424,-0.0037867513501905,3,-0.0055298469224502,-0.0020726800891921,0001090727-24-000008_next,next
0.0052203644333104,0.0017063496993998,4,0.0005136666935994,0.004706697739711,0001090727-24-000008_next,next
-0.0033725009358438,-0.0016581550604305,5,-0.0031879637959425,-0.0001845371399012,0001090727-24-000008_next,next
0.0032410682649581,0.0003395827888592,-5,0.0004054492064206,0.0028356190585375,0001090727-25-000019_next,next
-0.0023574913869496,-0.0027238667143857,-4,-0.0010002006240343,-0.0013572907629153,0001090727-25-000019_next,next
0.01207768287888,0.0104262921222306,-3,0.0050336897729072,0.0070439931059727,0001090727-25-000019_next,next
0.0050156744442486,-7.194380749464546e-05,-2,0.0002166221048869,0.0047990523393617,0001090727-25-000019_next,next
0.0073311230269561,0.0024449877750611,-1,0.0013715046804079,0.0059596183465481,0001090727-25-000019_next,next
-0.0036388844042297,0.0023769693899173,0,0.0013402947546547,-0.0049791791588844,0001090727-25-000019_next,next
0.0139131005267203,-0.0043341850761716,1,-0.0017390878587758,0.0156521883854961,0001090727-25-000019_next,next
-0.0023157482725949,-0.0170641267025635,2,-0.0075801635056518,0.0052644152330569,0001090727-25-000019_next,next
-0.001461279178082,-0.0049691065044024,3,-0.0020304186598872,0.0005691394818051,0001090727-25-000019_next,next
0.0167871139799227,-0.0046797309154723,4,-0.0018976399909108,0.0186847539708335,0001090727-25-000019_next,next
-0.0103293115942932,0.0001360242800469,5,0.0003120473131964,-0.0106413589074897,0001090727-25-000019_next,next
0.0066145617135333,-0.0033037129754581,-5,4.944571531808727e-05,0.0065651159982152,0001628280-26-008432_next,next
0.0109520748429483,-4.895607156218951e-05,-4,0.0018698894394929,0.0090821854034553,0001628280-26-008432_next,next
-0.0160833812607936,-0.0156610121277019,-3,-0.0068622126215999,-0.0092211686391937,0001628280-26-008432_next,next
0.0099093395235654,0.0004990891480125,-2,0.0021764209286326,0.0077329185949327,0001628280-26-008432_next,next
-0.0177720175271219,0.0010313220779065,-1,0.0024741083214652,-0.0202461258485872,0001628280-26-008432_next,next
0.0052808925973546,0.0055660701474107,0,0.0050104739879645,0.0002704186093901,0001628280-26-008432_next,next
-0.0049948852467384,-0.0028221256867719,1,0.0003188060955915,-0.0053136913423299,0001628280-26-008432_next,next
0.0102995494595163,0.0069397247635067,2,0.0057787835726412,0.0045207658868751,0001628280-26-008432_next,next
-0.0146492979937025,-0.0103856522472848,3,-0.0039116095287624,-0.01073768846494,0001628280-26-008432_next,next
0.0030430390481774,0.0076516140863223,4,0.0061769559978922,-0.0031339169497147,0001628280-26-008432_next,next
-0.0131750080647838,0.0081363556573399,5,0.0064480806246652,-0.0196230886894491,0001628280-26-008432_next,next
0.0022278079236632,0.0004189867216857,-5,0.0014071607741477,0.0008206471495155,0000072971-17-000278_next,next
-0.0116261459895019,0.0014933641914423,-4,0.0026368628449414,-0.0142630088344433,0000072971-17-000278_next,next
0.0043248346931812,0.0010179830611165,-3,0.0020927550459289,0.0022320796472522,0000072971-17-000278_next,next
-0.0031005094528163,-0.0025783763780462,-2,-0.002023536270808,-0.0010769731820082,0000072971-17-000278_next,next
0.031962573178613,0.0136738546598662,-1,0.016578307796963,0.01538426538165,0000072971-17-000278_next,next
-0.0170768112680873,-0.0058598805035984,0,-0.0057794530990191,-0.0112973581690682,0000072971-17-000278_next,next
0.0030660150334618,0.00050387727206,1,0.0015043240975835,0.0015616909358782,0000072971-17-000278_next,next
-0.0047546664544594,-0.0032772408480052,2,-0.0028234367807354,-0.0019312296737239,0000072971-17-000278_next,next
-0.0052894667362729,-0.0029133737680216,3,-0.0024069648103665,-0.0028825019259064,0000072971-17-000278_next,next
-0.001543491768157,-0.0022842151650487,4,-0.001686847664659,0.000143355896502,0000072971-17-000278_next,next
0.0084179100112762,0.0007998953585612,5,0.0018431380286365,0.0065747719826397,0000072971-17-000278_next,next
0.006121328384274,0.0160283763505131,-5,0.0183392643961446,-0.0122179360118705,0000072971-18-000272_next,next
0.0135202989657265,0.0117570153438109,-4,0.0138540620692729,-0.0003337631035463,0000072971-18-000272_next,next
-0.0126728938668227,-0.0127068884438292,-3,-0.0118346020404844,-0.0008382918263383,0000072971-18-000272_next,next
-0.0135112458963135,-0.011095788639207,-2,-0.0101428441719325,-0.003368401724381,0000072971-18-000272_next,next
-0.0188323403160615,-0.0133243995419872,-1,-0.0124830282001982,-0.0063493121158632,0000072971-18-000272_next,next
0.0017450135596754,0.005071602744632,0,0.0068339511259731,-0.0050889375662976,0000072971-18-000272_next,next
0.003135468935318,0.011032026532745,1,0.0130927774348797,-0.0099573084995617,0000072971-18-000272_next,next
-0.0090295324492994,0.0026388586061694,2,0.0042794141403625,-0.013308946589662,0000072971-18-000272_next,next
-0.0082355052904317,-0.0004838747205661,3,0.0010003443634701,-0.0092358496539018,0000072971-18-000272_next,next
0.0021201987712939,0.0044630782078172,4,0.0061949614306049,-0.0040747626593109,0000072971-18-000272_next,next
0.0266218803804019,0.0173788315189269,5,0.0197573287213564,0.0068645516590454,0000072971-18-000272_next,next
-0.0050188647614125,-0.0035264367908802,-5,-0.0034440360014199,-0.0015748287599926,0000072971-19-000227_next,next
-0.0108957995626203,0.0064111023949868,-4,0.0036853218290867,-0.0145811213917071,0000072971-19-000227_next,next
0.0130558005811396,0.0012318625699112,-3,-3.035197227927789e-05,0.0130861525534189,0000072971-19-000227_next,next
-0.0014097482584343,-0.0007904570968998,-2,-0.0014811981307399,7.144987230560829e-05,0000072971-19-000227_next,next
0.0062513663957519,-0.0005440493877303,-1,-0.0013044210938892,0.0075557874896412,0000072971-19-000227_next,next
-0.0002001568908427,-0.0028255083152146,0,-0.0029411781184826,0.0027410212276399,0000072971-19-000227_next,next
0.0028058431705064,0.0068953205934343,1,0.0040327081125728,-0.0012268649420663,0000072971-19-000227_next,next
0.0015990526342783,-0.003880558492514,2,-0.0036980888689633,0.0052971415032417,0000072971-19-000227_next,next
-0.0043900251954455,-0.0011315328231061,3,-0.0017258915959876,-0.0026641335994578,0000072971-19-000227_next,next
-0.0014035293761223,-0.0065240986535923,4,-0.0055946090632632,0.0041910796871409,0000072971-19-000227_next,next
-0.0028099740642268,-0.0081257175586835,5,-0.0067436374161514,0.0039336633519245,0000072971-19-000227_next,next
0.0076044760611058,-0.0105181030271228,-5,-0.0114837073737663,0.0190881834348721,0000072971-20-000217_next,next
-0.0274632390008017,-0.0335136266712231,-4,-0.0348759548313863,0.0074127158305846,0000072971-20-000217_next,next
-0.0273765005805551,-0.0302799955650561,-3,-0.0315865364127054,0.0042100358321502,0000072971-20-000217_next,next
-0.0217197025611315,-0.003778540605322,-2,-0.0046278725440476,-0.0170918300170838,0000072971-20-000217_next,next
-0.0378342844766412,-0.0441632425840791,-1,-0.0457093002519003,0.007875015775259,0000072971-20-000217_next,next
-0.0381448188125324,-0.0082383404443618,0,-0.0091646138273034,-0.0289802049852289,0000072971-20-000217_next,next
0.0345164184909254,0.04603922900611,1,0.0460493641465942,-0.0115329456556687,0000072971-20-000217_next,next
-0.040936849840293,-0.0281078961210758,2,-0.0293769634330885,-0.0115598864072044,0000072971-20-000217_next,next
0.0214656776309103,0.0422025907744911,3,0.0421465353913804,-0.02068085776047,0000072971-20-000217_next,next
-0.0603862558029387,-0.0339220770468885,4,-0.0352914518824471,-0.0250948039204915,0000072971-20-000217_next,next
-0.0465297445859599,-0.0170538520003701,5,-0.01813221252065,-0.0283975320653099,0000072971-20-000217_next,next
0.0517386470455836,-0.0003204020092266,-5,0.0015094121760685,0.050229234869515,0000072971-21-000197_next,next
0.0101119578832782,-0.0044158356273545,-4,-0.0030473645552012,0.0131593224384794,0000072971-21-000197_next,next
0.0235392726825545,-0.0018548966445751,-3,-0.000197940475837,0.0237372131583916,0000072971-21-000197_next,next
-0.0150676531089889,-0.0077328394581538,-2,-0.0067380228060918,-0.0083296303028971,0000072971-21-000197_next,next
-0.0032202610359938,0.0012563181187927,-1,0.0032637469452322,-0.006484007981226,0000072971-21-000197_next,next
0.0309638639897902,0.011351613765979,0,0.0144962591990666,0.0164676047907235,0000072971-21-000197_next,next
-0.0190650426947314,-0.0244788075251262,1,-0.025370393574452,0.0063053508797206,0000072971-21-000197_next,next
-0.0370073382257918,-0.0047502141699028,2,-0.0034194102295286,-0.0335879279962631,0000072971-21-000197_next,next
0.0254355999597357,0.0237907635068002,3,0.0283366564270565,-0.0029010564673207,0000072971-21-000197_next,next
0.001347866168945,-0.0080808516908706,4,-0.0071252379808713,0.0084731041498163,0000072971-21-000197_next,next
0.0148087892854877,-0.0130662218719981,5,-0.0126722010027044,0.0274809902881922,0000072971-21-000197_next,next
0.0091616378261285,0.0157667211707204,-5,0.0210877121726624,-0.0119260743465338,0000072971-22-000096_next,next
-0.0041111241964559,0.000881207755895,-4,0.0032721473316187,-0.0073832715280747,0000072971-22-000096_next,next
-0.0342274428526543,-0.021173138152195,-3,-0.0231233567133449,-0.0111040861393093,0000072971-22-000096_next,next
-0.0092610159059345,-0.0071661613961429,-2,-0.0063592589177053,-0.0029017569882291,0000072971-22-000096_next,next
-0.006291712523174,-0.0101429452648328,-1,-0.0099219903165162,0.0036302777933421,0000072971-22-000096_next,next
-0.0240590506533955,-0.0184121228454876,0,-0.0198188655713217,-0.0042401850820738,0000072971-22-000096_next,next
-0.0229845291868734,0.0149568560673292,1,0.0201184339314702,-0.0431029631183436,0000072971-22-000096_next,next
0.0265606281181312,0.0223726776556034,2,0.0289939793475879,-0.0024333512294567,0000072971-22-000096_next,next
-0.0136758199162562,-0.0024426034406476,3,-0.0007059199503882,-0.0129698999658679,0000072971-22-000096_next,next
-0.0577103683322318,-0.0154735036804118,4,-0.0163018111829659,-0.0414085571492659,0000072971-22-000096_next,next
0.038377207982243,0.018642691757321,5,0.0245297862912136,0.0138474216910294,0000072971-22-000096_next,next
0.007687634303727,-0.0002804145319874,-5,4.209136199751379e-05,0.0076455429417295,0000072971-23-000071_next,next
-0.0109278250599426,0.002773175690496,-4,0.002576952646364,-0.0135047777063066,0000072971-23-000071_next,next
-0.0156348638177993,-0.0137887414891306,-3,-0.0111715072302778,-0.0044633565875215,0000072971-23-000071_next,next
0.0057181444989542,-0.0027674058253277,-2,-0.0020224220418074,0.0077405665407616,0000072971-23-000071_next,next
-0.0263214238204998,-0.0200412342553273,-1,-0.0163618571754395,-0.0099595666450603,0000072971-23-000071_next,next
-0.0049741796861693,-0.0015735561458868,0,-0.0010313776935887,-0.0039428019925805,0000072971-23-000071_next,next
0.0052163247761298,0.0053294294160743,1,0.0046989625199469,0.0005173622561829,0000072971-23-000071_next,next
0.0080001254200829,-0.0105375514855581,2,-0.0084726134469879,0.0164727388670709,0000072971-23-000071_next,next
0.0034320471469386,0.0030730045671669,3,0.0028258480632448,0.0006061990836938,0000072971-23-000071_next,next
-0.0002138806302006,-0.0030360018281855,4,-0.002245390272373,0.0020315096421724,0000072971-23-000071_next,next
-0.0019242682777641,-0.00472526484568,5,-0.003647689569322,0.0017234212915579,0000072971-23-000071_next,next
-0.0139001792218838,-0.0136742556536254,-5,-0.01274656861899,-0.0011536106028937,0000072971-24-000064_next,next
0.0060115365584545,0.0095797632750176,-4,0.010353202308423,-0.0043416657499684,0000072971-24-000064_next,next
0.0723264380165371,0.0058212506847294,-3,0.006619620593801,0.065706817422736,0000072971-24-000064_next,next
-0.0024981314839369,-0.0048034698371121,-2,-0.0039346242864255,0.0014364928024886,0000072971-24-000064_next,next
-0.0026969192934317,-0.0060053220011653,-1,-0.0051285043534985,0.0024315850600668,0000072971-24-000064_next,next
0.0171914708539198,0.0012641999229821,0,0.0020927975519871,0.0150986733019326,0000072971-24-000064_next,next
0.0134826394453702,0.021122884217414,1,0.0218197556975381,-0.0083371162521679,0000072971-24-000064_next,next
0.009181261072255,0.0003479475462115,2,0.0011826228385303,0.0079986382337246,0000072971-24-000064_next,next
0.0050129933867593,-0.0037867513501905,3,-0.0029246498722126,0.0079376432589719,0000072971-24-000064_next,next
0.012562438445566,0.0017063496993998,4,0.0025320144711011,0.0100304239744648,0000072971-24-000064_next,next
-0.0016421331478304,-0.0016581550604305,5,-0.0008101729363642,-0.0008319602114662,0000072971-24-000064_next,next
-0.0053231190977256,0.0023769693899173,-5,0.0053340681902371,-0.0106571872879628,0000072971-25-000066_next,next
-0.0214065234704495,-0.0043341850761716,-4,-0.003726017577639,-0.0176805058928105,0000072971-25-000066_next,next
-0.0143709433315588,-0.0170641267025635,-3,-0.0209114904404591,0.0065405471089002,0000072971-25-000066_next,next
-0.0036129708839086,-0.0049691065044024,-2,-0.0045831640827149,0.0009701931988062,0000072971-25-000066_next,next
-0.0157989845406182,-0.0046797309154723,-1,-0.0041925058631666,-0.0116064786774515,0000072971-25-000066_next,next
0.0059211155608294,0.0001360242800469,0,0.002308783196557,0.0036123323642723,0000072971-25-000066_next,next
0.0022237724388354,-0.0158645536555098,1,-0.0192920619582128,0.0215158343970483,0000072971-25-000066_next,next
0.022187250519619,0.0158541446349889,2,0.0235283094710823,-0.0013410589514632,0000072971-25-000066_next,next
-0.0164707483620509,-0.0175967394669998,3,-0.0216305198341709,0.0051597714721199,0000072971-25-000066_next,next
-0.0484226840993446,-0.0122348266022004,4,-0.0143919157042214,-0.0340307683951232,0000072971-25-000066_next,next
0.0117325398695848,0.0111592778931879,5,0.01719022031453,-0.0054576804449451,0000072971-25-000066_next,next
0.0132722925837855,0.0055660701474107,-5,0.0056015769533195,0.007670715630466,0000072971-26-000133_next,next
-0.0111788523130935,-0.0028221256867719,-4,-0.0026330903620915,-0.008545761951002,0000072971-26-000133_next,next
0.0129038989641665,0.0069397247635067,-3,0.0069500896720777,0.0059538092920888,0000072971-26-000133_next,next
-0.040022425601657,-0.0103856522472848,-2,-0.0100581822636526,-0.0299642433380043,0000072971-26-000133_next,next
-0.0068114991605936,0.0076516140863223,-1,0.007648949338049,-0.0144604484986426,0000072971-26-000133_next,next
0.025895647619317,0.0081363556573399,0,0.0081248187204749,0.0177708288988421,0000072971-26-000133_next,next
-0.0053019688656091,-0.0053655805693283,1,-0.0051299925808331,-0.000171976284776,0000072971-26-000133_next,next
-0.0561993696150445,-0.0043393528110311,2,-0.0041225477921718,-0.0520768218228727,0000072971-26-000133_next,next
0.0138736637254335,0.0003983547353176,3,0.0005284458485478,0.0133452178768857,0000072971-26-000133_next,next
-0.0006055531466335,-0.0094440310956254,4,-0.0091337955332581,0.0085282423866245,0000072971-26-000133_next,next
0.0169636111339681,0.0077560492642863,5,0.0077514730467892,0.0092121380871789,0000072971-26-000133_next,next
-0.0060409237951928,-0.0063860316025012,-5,-0.0028458470821778,-0.003195076713015,0000104169-16-000079_next,next
0.0080050043604138,-0.0003780702927851,-4,6.650790722894864e-05,0.0079384964531848,0000104169-16-000079_next,next
0.0017646060332463,0.0005452554858313,-3,0.0005140894244156,0.0012505166088307,0000104169-16-000079_next,next
-0.0013212239428773,0.0088166517792884,-2,0.004523642918985,-0.0058448668618624,0000104169-16-000079_next,next
0.0113185018268364,0.0043503152606394,-1,0.0023585894551052,0.0089599123717312,0000104169-16-000079_next,next
-0.0045059584676671,-0.002039759217567,0,-0.0007389946220739,-0.0037669638455931,0000104169-16-000079_next,next
0.0083226154279358,0.0063309151273098,1,0.0033186838376019,0.0050039315903339,0000104169-16-000079_next,next
0.000579173757788,-0.003208322345054,2,-0.0013054547704224,0.0018846285282104,0000104169-16-000079_next,next
-0.0066567421138463,-0.0101444923872143,3,-0.0046677582854252,-0.0019889838284211,0000104169-16-000079_next,next
0.0058267754299439,0.0105076192699393,4,0.0053433382123547,0.0004834372175891,0000104169-16-000079_next,next
-0.0118768052279042,-0.011975786526205,5,-0.0055554768221833,-0.0063213284057209,0000104169-16-000079_next,next
0.0007183124578762,-0.0010195874529811,-5,-0.000507939951393,0.0012262524092693,0000104169-17-000021_next,next
0.0094742104545553,0.0072514743535005,-4,0.0027703758721128,0.0067038345824424,0000104169-17-000021_next,next
0.0059728292003637,0.0010853247429301,-3,0.0003263624780167,0.005646466722347,0000104169-17-000021_next,next
0.0120161568423491,0.0029351099368557,-2,0.0010595428378323,0.0109566140045168,0000104169-17-000021_next,next
0.0068441530499085,-0.0022550474897145,-1,-0.0009976265578404,0.007841779607749,0000104169-17-000021_next,next
-0.0034682120477808,-0.0016421255420062,0,-0.0007546889802042,-0.0027135230675765,0000104169-17-000021_next,next
0.002505892410308,0.0005595225490382,1,0.0001179556624711,0.0023879367478369,0000104169-17-000021_next,next
-0.0049991646616232,-0.0030548611983906,2,-0.0013146405033721,-0.003684524158251,0000104169-17-000021_next,next
-0.0030706063649894,0.0019295094059432,3,0.0006609632830244,-0.0037315696480138,0000104169-17-000021_next,next
0.0205794820091658,-0.0008271302020167,4,-0.0004316576473858,0.0210111396565516,0000104169-17-000021_next,next
0.0021949186905461,0.0006876864837839,5,0.0001687546850283,0.0020261640055177,0000104169-17-000021_next,next
-0.0197383191581642,-0.020966880711866,-5,-0.0179864282060691,-0.001751890952095,0000104169-18-000028_next,next
0.0243499833880793,0.0271572557615125,-4,0.0251979009401445,-0.0008479175520651,0000104169-18-000028_next,next
-0.016571416674474,-0.0172763088138478,-3,-0.0146746831388107,-0.0018967335356632,0000104169-18-000028_next,next
0.0199883501787467,-0.0029166571662562,-2,-0.0017890093664075,0.0217773595451543,0000104169-18-000028_next,next
0.0136723230933235,0.0137697186900191,-1,0.0131845569153157,0.0004877661780077,0000104169-18-000028_next,next
-0.0384398618096707,-0.0223374235601651,0,-0.0192162886837252,-0.0192235731259454,0000104169-18-000028_next,next
0.0146111062903357,0.0126148658487921,1,0.0121482464718322,0.0024628598185035,0000104169-18-000028_next,next
0.0048386842892296,0.0115664827398285,2,0.0112074769418924,-0.0063687926526628,0000104169-18-000028_next,next
0.006764766611188,0.0068628636575538,3,0.0069866711360631,-0.000221904524875,0000104169-18-000028_next,next
-0.0127547415913389,-0.0219202487798424,4,-0.0188419357218821,0.0060871941305431,0000104169-18-000028_next,next
-0.0047295446891989,0.0033365488963206,5,0.0038223226722421,-0.008551867361441,0000104169-18-000028_next,next
-0.0078738716924623,-0.0189745012394827,-5,-0.0102294215407451,0.0023555498482827,0000104169-19-000016_next,next
-0.0011194204403025,-0.0008390206584756,-4,0.0002476459393205,-0.001367066379623,0000104169-19-000016_next,next
0.0015280458929376,0.0071827258623062,-3,0.0048818975231595,-0.0033538516302218,0000104169-19-000016_next,next
-0.0112896407669885,-0.0046443248906916,-2,-0.0019507203540359,-0.0093389204129526,0000104169-19-000016_next,next
-0.0008228532224526,0.003589481529391,-1,0.0028060405763222,-0.0036288937987749,0000104169-19-000016_next,next
0.0041180471496462,0.0067342800173637,0,0.0046228254044124,-0.0005047782547661,0000104169-19-000016_next,next
0.0029734555602543,0.0115686001242754,1,0.0074156655364459,-0.0044422099761916,0000104169-19-000016_next,next
-0.0089959818576103,1.745570720723677e-05,2,0.0007424417975421,-0.0097384236551524,0000104169-19-000016_next,next
0.0025787502113865,0.0021483768817243,3,0.001973498501024,0.0006052517103624,0000104169-19-000016_next,next
0.0094658394261257,0.0020846350796801,4,0.0019366741578072,0.0075291652683185,0000104169-19-000016_next,next
0.0073388472990483,0.004636432770241,5,0.0034108758741643,0.0039279714248839,0000104169-19-000016_next,next
-0.0643295170700465,-0.1198405524039344,-5,-0.048894616869198,-0.0154349002008484,0000104169-20-000011_next,next
0.1170847534109742,0.0599548497440243,-4,0.0237726186766915,0.0933121347342827,0000104169-20-000011_next,next
0.0278383599169653,-0.0518307627291578,-3,-0.0214073544215387,0.049245714338504,0000104169-20-000011_next,next
-0.0212223476819553,0.0047078080405855,-2,0.0014436283648391,-0.0226659760467944,0000104169-20-000011_next,next
-0.0458768735097941,-0.0433595123084619,-1,-0.0179835608076044,-0.0278933127021897,0000104169-20-000011_next,next
0.0027199036757346,-0.0292938678218044,0,-0.0122987018578991,0.0150186055336337,0000104169-20-000011_next,next
0.0065628408194744,0.0938277397622755,1,0.0374628980062523,-0.0309000571867778,0000104169-20-000011_next,next
-0.0489437146793071,0.0115350114482219,2,0.0042029536435476,-0.0531466683228547,0000104169-20-000011_next,next
0.0038387829764607,0.0624141633038768,3,0.0247665902443734,-0.0209278072679126,0000104169-20-000011_next,next
-0.0021850719095667,-0.0336873525622525,4,-0.0140744001610108,0.011889328251444,0000104169-20-000011_next,next
0.0511953063824104,0.0335160094837001,5,0.0130869314466249,0.0381083749357854,0000104169-20-000011_next,next
-0.0051447713114822,0.0064919213014971,-5,0.0026787816124462,-0.0078235529239285,0000104169-21-000033_next,next
-0.000299970714285,-0.0015696837343783,-4,-0.0015483799422727,0.0012484092279877,0000104169-21-000033_next,next
-0.0083213945144242,0.0028793821305308,-3,0.0007845202798124,-0.0091059147942366,0000104169-21-000033_next,next
-0.0130569142238593,-0.0147605393194591,-2,-0.0084651015324479,-0.0045918126914114,0000104169-21-000033_next,next
0.0133067937710398,-0.0006027039747036,-1,-0.0010413370338075,0.0143481308048473,0000104169-21-000033_next,next
0.0047822787978246,0.0070251180773117,0,0.0029583672410888,0.0018239115567357,0000104169-21-000033_next,next
0.0118605398231106,-0.0076308541839406,1,-0.0047265989925696,0.0165871388156802,0000104169-21-000033_next,next
-0.0061966994988879,-0.0054673360183149,2,-0.003592142420712,-0.0026045570781758,0000104169-21-000033_next,next
0.0067610898972085,0.0052402658469594,3,0.0020224669215589,0.0047386229756496,0000104169-21-000033_next,next
0.0083578276188549,0.0166312026045196,4,0.0079953879117976,0.0003624397070573,0000104169-21-000033_next,next
0.01139627253562,-0.0008680126852336,5,-0.0011804535963646,0.0125767261319847,0000104169-21-000033_next,next
0.013936868881839,-0.0074210024659636,-5,-0.0017776625214648,0.0157145314033039,0000104169-22-000012_next,next
0.0120095874539296,0.0214085741708709,-4,0.0044989249981345,0.007510662455795,0000104169-22-000012_next,next
-0.0029496418446623,0.0223837613571822,-3,0.0047112363962511,-0.0076608782409135,0000104169-22-000012_next,next
0.0015195883562617,0.0123478175714519,-2,0.0025262761276208,-0.001006687771359,0000104169-22-000012_next,next
0.0029652987116477,0.0116622948279487,-1,0.0023770285840139,0.0005882701276338,0000104169-22-000012_next,next
-0.0083195929751311,-0.0004346603621039,0,-0.0002566416542797,-0.0080629513208514,0000104169-22-000012_next,next
-0.0029813352074191,0.0113041136006502,1,0.0022990477017645,-0.0052803829091837,0000104169-22-000012_next,next
-0.0128652623123917,-0.012272698789159,2,-0.0028339422225045,-0.0100313200898872,0000104169-22-000012_next,next
0.0061995378041781,0.0143439129205664,3,0.0029608529968549,0.0032386848073231,0000104169-22-000012_next,next
0.0043406192922637,0.005066170567449,4,0.0009409634023184,0.0033996558899452,0000104169-22-000012_next,next
0.0177763992855095,0.0071449552765867,5,0.0013935428600631,0.0163828564254464,0000104169-22-000012_next,next
0.0029203581424519,-0.0015097610031894,-5,-0.0001380220660037,0.0030583802084557,0000104169-23-000020_next,next
0.0053141083454406,0.0164766554806239,-4,0.009832884628648,-0.0045187762832073,0000104169-23-000020_next,next
0.0111510860133583,-0.0069808835654376,-3,-0.0031709804450268,0.0143220664583852,0000104169-23-000020_next,next
-0.0056805334898764,0.0175620062171666,-2,0.010434557059328,-0.0161150905492044,0000104169-23-000020_next,next
0.0080996708371414,-0.0110194573100675,-1,-0.0054097944980326,0.013509465335174,0000104169-23-000020_next,next
0.0107603858646256,0.00891840371831,0,0.005642910313056,0.0051174755515696,0000104169-23-000020_next,next
-0.0034068961021657,0.0129821938977849,1,0.0078957032883911,-0.0113025993905568,0000104169-23-000020_next,next
-0.0064092168819142,-0.0164632237757136,2,-0.0084275878169674,0.0020183709350532,0000104169-23-000020_next,next
0.0080989719148321,0.0029845287333754,3,0.0023534216110815,0.0057455503037505,0000104169-23-000020_next,next
0.0081764361609575,0.0056398072531045,4,0.0038253954415751,0.0043510407193824,0000104169-23-000020_next,next
0.0167137593977457,0.0016469543057482,5,0.0016119270600671,0.0151018323376786,0000104169-23-000020_next,next
0.0089821585938145,-0.0011222380873464,-5,-0.0004231848365466,0.0094053434303612,0000104169-24-000056_next,next
0.0123638257310754,0.0112017879813663,-4,0.0043213803454846,0.0080424453855907,0000104169-24-000056_next,next
-0.0021170001189878,-0.0019245297153407,-3,-0.0007320550793385,-0.0013849450396492,0000104169-24-000056_next,next
-0.0008514511247661,-0.0028710915621273,-2,-0.0010964671923821,0.0002450160676159,0000104169-24-000056_next,next
-0.0055718507384592,-0.0064829174844615,-1,-0.0024869659968409,-0.0030848847416182,0000104169-24-000056_next,next
0.0029663805480575,0.0063180595049523,0,0.0024412181356274,0.00052516241243,0000104169-24-000056_next,next
0.000164357895322,0.0056491496501236,1,0.0021836978748423,-0.0020193399795202,0000104169-24-000056_next,next
0.0062427756058216,0.0089041739128465,2,0.0034368333922029,0.0028059422136187,0000104169-24-000056_next,next
0.003265333942076,0.003236535401516,3,0.0012548775771737,0.0020104563649022,0000104169-24-000056_next,next
-0.0094385590390201,-0.0014021878490156,4,-0.0005309612956784,-0.0089075977433416,0000104169-24-000056_next,next
-0.0049285138168946,-0.0030549644525015,5,-0.0011672554971718,-0.0037612583197227,0000104169-24-000056_next,next
-0.0425207801064025,-0.0269730913054258,-5,-0.0063293137528332,-0.0361914663535693,0000104169-25-000021_next,next
-0.0043269493868198,-0.0075678653236531,-4,0.000164692004205,-0.0044916413910249,0000104169-25-000021_next,next
-0.0256177109434935,0.0048868699294464,-3,0.0043326992467895,-0.0299504101902831,0000104169-25-000021_next,next
-0.0082161067061251,-0.0138909842068353,-2,-0.0019513550064503,-0.0062647516996748,0000104169-25-000021_next,next
0.010059212090612,0.0212658690830878,-1,0.0098139708845526,0.0002452412060593,0000104169-25-000021_next,next
0.0247218891908851,0.0064161307191059,0,0.0048444700646811,0.019877419126204,0000104169-25-000021_next,next
-0.0213812493591031,-0.0106535121176365,1,-0.0008679271501988,-0.0205133222089042,0000104169-25-000021_next,next
0.0086458948799159,0.0107984955678945,2,0.0063110390489438,0.0023348558309721,0000104169-25-000021_next,next
-0.006023396465084,-0.0021848931523151,3,0.0019661166463855,-0.0079895131114696,0000104169-25-000021_next,next
0.004732635155753,0.0008246534476661,4,0.0029732686870117,0.0017593664687413,0000104169-25-000021_next,next
0.0175622575588589,0.0176460001466336,5,0.0086025729995119,0.008959684559347,0000104169-25-000021_next,next
0.0041050352711353,0.0049923089198982,-5,0.0042959135490708,-0.0001908782779354,0000034088-17-000017_next,next
-0.0103413933345363,-0.0008641180363413,-4,-0.0015195728219362,-0.0088218205126,0000034088-17-000017_next,next
-0.0065611260347856,0.0016785565287558,-3,0.00100532664146,-0.0075664526762456,0000034088-17-000017_next,next
0.0015900707862102,0.0060480661608284,-2,0.0053442902968044,-0.0037542195105942,0000034088-17-000017_next,next
-0.0117230351971564,-0.001082200145408,-1,-0.0017361303821201,-0.0099869048150363,0000034088-17-000017_next,next
0.0105025392541042,0.0004189867216857,0,-0.0002454378777736,0.0107479771318779,0000034088-17-000017_next,next
-0.0085593017169205,0.0014933641914423,1,0.0008214289301577,-0.0093807306470782,0000034088-17-000017_next,next
0.0056733894182721,0.0010179830611165,2,0.0003493710516763,0.0053240183665957,0000034088-17-000017_next,next
-0.0026981330651928,-0.0025783763780462,3,-0.0032218472799057,0.0005237142147128,0000034088-17-000017_next,next
0.0209050548489058,0.0136738546598662,4,0.0129167691163496,0.0079882857325562,0000034088-17-000017_next,next
0.0033724160973322,-0.0058598805035984,5,-0.0064804113602141,0.0098528274575464,0000034088-17-000017_next,next
0.0129523747651956,0.0009735510790762,-5,0.0008101067988734,0.0121422679663221,0000034088-18-000015_next,next
0.0220141064235637,0.0160283763505131,-4,0.0133659796317243,0.0086481267918393,0000034088-18-000015_next,next
0.0168966104411019,0.0117570153438109,-3,0.0098036224036333,0.0070929880374685,0000034088-18-000015_next,next
-0.0169966187385764,-0.0127068884438292,-2,-0.0105995147576784,-0.006397103980898,0000034088-18-000015_next,next
-0.0227095098459783,-0.011095788639207,-1,-0.0092558416227768,-0.0134536682232014,0000034088-18-000015_next,next
-0.0071295044200272,-0.0133243995419872,0,-0.0111145251069553,0.0039850206869281,0000034088-18-000015_next,next
0.0046542417167267,0.005071602744632,1,0.0042279223262841,0.0004263193904426,0000034088-18-000015_next,next
0.0095303032252254,0.011032026532745,2,0.0091989745812335,0.0003313286439918,0000034088-18-000015_next,next
-0.0011804786651291,0.0026388586061694,3,0.0021989897092213,-0.0033794683743504,0000034088-18-000015_next,next
-0.0252030532312012,-0.0004838747205661,4,-0.0004054006994662,-0.0247976525317349,0000034088-18-000015_next,next
-0.0018855464128173,0.0044630782078172,5,0.003720406857844,-0.0056059532706614,0000034088-18-000015_next,next
-0.0090409795588696,-0.0035264367908802,-5,-0.0031778899480907,-0.0058630896107788,0000034088-19-000010_next,next
0.0077099739554553,0.0064111023949868,-4,0.0050040410666832,0.0027059328887721,0000034088-19-000010_next,next
0.001020276292668,0.0012318625699112,-3,0.0007397878984537,0.0002804883942143,0000034088-19-000010_next,next
0.0020382691498133,-0.0007904570968998,-2,-0.0009252601274399,0.0029635292772532,0000034088-19-000010_next,next
0.0102972865195334,-0.0005440493877303,-1,-0.0007223838579505,0.011019670377484,0000034088-19-000010_next,next
-0.0055368409110992,-0.0028255083152146,0,-0.0026007904945014,-0.0029360504165978,0000034088-19-000010_next,next
0.0122739508505291,0.0068953205934343,1,0.005402715207403,0.0068712356431261,0000034088-19-000010_next,next
0.0038748217510062,-0.003880558492514,2,-0.0034694509954899,0.0073442727464962,0000034088-19-000010_next,next
-0.0014941992545657,-0.0011315328231061,3,-0.0012060799572226,-0.000288119297343,0000034088-19-000010_next,next
-0.0113478840800581,-0.0065240986535923,4,-0.0056459720464447,-0.0057019120336134,0000034088-19-000010_next,next
0.0111000194032078,-0.0081257175586835,5,-0.0069646421063374,0.0180646615095452,0000034088-19-000010_next,next
-0.0079548322905611,-0.0038155197636281,-5,-0.0058797421054501,-0.002075090185111,0000034088-20-000016_next,next
-0.0121949020102262,-0.0105181030271228,-4,-0.01311617572786,0.0009212737176338,0000034088-20-000016_next,next
-0.0468460355429058,-0.0335136266712231,-3,-0.0379432571562118,-0.008902778386694,0000034088-20-000016_next,next
-0.0383250622924802,-0.0302799955650561,-2,-0.0344520723489174,-0.0038729899435627,0000034088-20-000016_next,next
-0.021956118062493,-0.003778540605322,-1,-0.0058398176145523,-0.0161163004479407,0000034088-20-000016_next,next
-0.0601769730430966,-0.0441632425840791,0,-0.0494410984552934,-0.0107358745878031,0000034088-20-000016_next,next
0.0325168670164817,-0.0082383404443618,1,-0.0106548335920815,0.0431717006085632,0000034088-20-000016_next,next
0.0474338782927836,0.04603922900611,2,0.0479458600618596,-0.0005119817690759,0000034088-20-000016_next,next
-0.0478840015619328,-0.0281078961210758,3,-0.0321069685539008,-0.0157770330080319,0000034088-20-000016_next,next
0.0218321748629042,0.0422025907744911,4,0.0438036395470436,-0.0219714646841394,0000034088-20-000016_next,next
-0.0440671977895962,-0.0339220770468885,5,-0.0383842399706513,-0.0056829578189449,0000034088-20-000016_next,next
-0.0157048876451323,-0.0044158356273545,-5,-0.0030596993189511,-0.0126451883261812,0000034088-21-000012_next,next
0.00672798104862,-0.0018548966445751,-4,-0.0005165603521874,0.0072445414008074,0000034088-21-000012_next,next
0.0368534106499021,-0.0077328394581538,-3,-0.0063536480431236,0.0432070586930257,0000034088-21-000012_next,next
0.0138122599649308,0.0012563181187927,-2,0.002573029658311,0.0112392303066197,0000034088-21-000012_next,next
0.0299726201952676,0.011351613765979,-1,0.0125981571267895,0.0173744630684781,0000034088-21-000012_next,next
-0.0165784019311924,-0.0244788075251262,0,-0.022983221888369,0.0064048199571766,0000034088-21-000012_next,next
-0.0249282745284656,-0.0047502141699028,1,-0.0033917537360701,-0.0215365207923955,0000034088-21-000012_next,next
0.0373367704000568,0.0237907635068002,2,0.0249508475391778,0.012385922860879,0000034088-21-000012_next,next
-0.0058513040158043,-0.0080808516908706,3,-0.0066992413883318,0.0008479373725274,0000034088-21-000012_next,next
0.0080256947807977,-0.0130662218719981,4,-0.0116499603459568,0.0196756551267545,0000034088-21-000012_next,next
0.0387475223701092,-0.0134172139301002,5,-0.0119985128050299,0.0507460351751391,0000034088-21-000012_next,next
0.0046158863802114,0.000881207755895,-5,0.0044247579390676,0.0001911284411438,0000034088-22-000011_next,next
-0.0015311818352599,-0.021173138152195,-4,-0.0128297524209768,0.0112985705857169,0000034088-22-000011_next,next
-0.0111213243111901,-0.0071661613961429,-3,-0.0018712081704512,-0.0092501161407389,0000034088-22-000011_next,next
-0.0116338066095976,-0.0101429452648328,-2,-0.0042001345560251,-0.0074336720535725,0000034088-22-000011_next,next
0.0040542762461299,-0.0184121228454876,-1,-0.0106696354348572,0.0147239116809872,0000034088-22-000011_next,next
-0.0126349228435314,0.0149568560673292,0,0.0154370282927711,-0.0280719511363025,0000034088-22-000011_next,next
0.0269127872550336,0.0223726776556034,1,0.0212388947800553,0.0056738924749783,0000034088-22-000011_next,next
0.0074510990636118,-0.0024426034406476,2,0.0018243301156997,0.0056267689479121,0000034088-22-000011_next,next
0.0095642279005558,-0.0154735036804118,3,-0.008370567711909,0.0179347956124649,0000034088-22-000011_next,next
0.0171780943744594,0.018642691757321,4,0.0183206907855706,-0.0011425964111111,0000034088-22-000011_next,next
0.0063329552634434,-0.0052546664300883,5,-0.0003757247028203,0.0067086799662638,0000034088-22-000011_next,next
-0.0030062772475132,0.002773175690496,-5,0.0038235326966519,-0.0068298099441651,0000034088-23-000020_next,next
-0.0029291811371888,-0.0137887414891306,-4,-0.0087544844785486,0.0058253033413597,0000034088-23-000020_next,next
-0.038451798084668,-0.0027674058253277,-3,-0.0003842850765439,-0.0380675130081241,0000034088-23-000020_next,next
-0.0009882605206771,-0.0200412342553273,-2,-0.0135029662242356,0.0125147057035585,0000034088-23-000020_next,next
-0.0129532124399701,-0.0015735561458868,-1,0.0005223890487854,-0.0134756014887556,0000034088-23-000020_next,next
0.0092044444763501,0.0053294294160743,0,0.0057648902650888,0.0034395542112612,0000034088-23-000020_next,next
9.030805872622948e-05,-0.0105375514855581,1,-0.0062853546512916,0.0063756627100178,0000034088-23-000020_next,next
-0.0018059207667822,0.0030730045671669,2,0.0040512389893163,-0.0058571597560985,0000034088-23-000020_next,next
-0.0057891847903664,-0.0030360018281855,3,-0.0005882714327425,-0.0052009133576239,0000034088-23-000020_next,next
0.0089163998703392,-0.00472526484568,4,-0.0018711892868188,0.010787589157158,0000034088-23-000020_next,next
0.0045991719421172,0.0075821940867943,5,0.0074757618032497,-0.0028765898611325,0000034088-23-000020_next,next
-0.0008584975449367,0.021122884217414,-5,0.0045280338630306,-0.0053865314079673,0000034088-24-000018_next,next
-0.0087818902984935,0.0003479475462115,-4,-0.0010045552453821,-0.0077773350531113,0000034088-24-000018_next,next
0.0039483008780882,-0.0037867513501905,-3,-0.0021056700378286,0.0060539709159169,0000034088-24-000018_next,next
-0.0021101872676224,0.0017063496993998,-2,-0.0006427981398602,-0.0014673891277621,0000034088-24-000018_next,next
0.0027875359636242,-0.0016581550604305,-1,-0.0015388019488751,0.0043263379124994,0000034088-24-000018_next,next
0.0019172449107427,0.0052290946971491,0,0.0002953467466788,0.0016218981640638,0000034088-24-000018_next,next
0.0126292069213642,0.0080078289488876,1,0.0010353535683435,0.0115938533530206,0000034088-24-000018_next,next
-0.0139833115008433,-0.0011932620709189,2,-0.0014149959449842,-0.012568315555859,0000034088-24-000018_next,next
0.0122651077522837,-0.0101931008834446,3,-0.0038117498306733,0.016076857582957,0000034088-24-000018_next,next
0.0106967074154693,0.0051411032032746,4,0.0002719136653488,0.0104247937501205,0000034088-24-000018_next,next
0.0056195973227108,0.0103041279259514,5,0.0016468826868786,0.0039727146358322,0000034088-24-000018_next,next
-0.030086744586492,-0.0027238667143857,-5,-0.0015839907077182,-0.0285027538787738,0000034088-25-000010_next,next
0.0072659424163894,0.0104262921222306,-4,0.0018885954881136,0.0053773469282757,0000034088-25-000010_next,next
0.001017372239249,-7.194380749464546e-05,-3,-0.0008836926357863,0.0019010648750353,0000034088-25-000010_next,next
0.0175534624797797,0.0024449877750611,-2,-0.0002190419666933,0.017772504446473,0000034088-25-000010_next,next
0.0014527225533707,0.0023769693899173,-1,-0.0002370037045132,0.0016897262578839,0000034088-25-000010_next,next
0.0154125963192115,-0.0043341850761716,0,-0.0020092303860757,0.0174218267052872,0000034088-25-000010_next,next
-0.0116964446295392,-0.0170641267025635,1,-0.0053708490642063,-0.0063255955653328,0000034088-25-000010_next,next
0.0052397626682982,-0.0049691065044024,2,-0.0021768952344251,0.0074166579027234,0000034088-25-000010_next,next
-0.0138401237247353,-0.0046797309154723,3,-0.0021004792999855,-0.0117396444247497,0000034088-25-000010_next,next
-0.0024606880919341,0.0001360242800469,4,-0.0008287741272768,-0.0016319139646572,0000034088-25-000010_next,next
0.0063037261005878,-0.0158645536555098,5,-0.0050540756429993,0.0113578017435872,0000034088-25-000010_next,next
0.0261890394381401,-4.895607156218951e-05,-5,0.0019117060121813,0.0242773334259588,0000034088-26-000045_next,next
-0.0297677033121318,-0.0156610121277019,-4,0.0006601653737008,-0.0304278686858326,0000034088-26-000045_next,next
-0.0098712139626542,0.0004990891480125,-3,0.0019556400629915,-0.0118268540256457,0000034088-26-000045_next,next
-0.0152239408515433,0.0010313220779065,-2,0.0019983065214326,-0.017222247372976,0000034088-26-000045_next,next
0.0307133997031803,0.0055660701474107,-1,0.0023618346482756,0.0283515650549047,0000034088-26-000045_next,next
0.0019246224431745,-0.0028221256867719,0,0.0016893948407152,0.0002352276024593,0000034088-26-000045_next,next
-0.0244419218102662,0.0069397247635067,1,0.0024719536850698,-0.0269138754953361,0000034088-26-000045_next,next
0.0236284239010846,-0.0103856522472848,2,0.0010830646541806,0.022545359246904,0000034088-26-000045_next,next
-0.009949579825038,0.0076516140863223,3,0.0025290223001453,-0.0124786021251834,0000034088-26-000045_next,next
-0.0013399356022909,0.0081363556573399,4,0.002567881613301,-0.0039078172155919,0000034088-26-000045_next,next
-0.0034886106695141,-0.0053655805693283,5,0.0014854987532163,-0.0049741094227304,0000034088-26-000045_next,next
