ticker,cik,company_name,issuer_lineage,fiscal_year,report_date,filing_date,accession,acceptance,source_url,fiscal_year_source,word_count,positive_count,positive_rate,negative_count,negative_rate,uncertainty_count,uncertainty_rate,tone,generic_tone,generic_positive_rate,generic_negative_rate,raw_sha256,lm_sha256,alpha,beta,estimation_n,estimation_r2,event_session,car_-1_1,mar_-1_1,car_-3_3,mar_-3_3,car_-5_5,mar_-5_5,alignment_rule,event_id,mda_source_url,previous_fiscal_year,delta_tone,assets_usd,liabilities_usd,net_income_usd,log_assets,liabilities_assets,roa
AAPL,320193,Apple Inc.,current,2016,2016-09-24,2016-10-26,0001628280-16-020309,2016-10-26T20:42:16.000Z,https://www.sec.gov/Archives/edgar/data/320193/000162828016020309/a201610-k9242016.htm,cover_fiscal_year_ended,8087,25,0.0030913812291331,107,0.0132311116606899,126,0.0155805613948312,-0.0101397304315568,0.0206504266106096,0.0432793372078644,0.0226289105972548,46282f54aa26d44a9823bc1a0a67bf644c71a903ec2a13fea99c55d154305adc,e2d1328682bab7d2187684fb9f5420bb730401c9eefc00daf835edd203f4859d,0.0016334970886053,0.8323762644636181,101,0.228150072860216,2016-10-26,-0.0248022012150202,-0.0184727400370949,-0.0356769779721672,-0.0230540889823079,-0.0524595285952561,-0.031208002135998,same,0001628280-16-020309_same,,,,321686000000.0,193437000000.0,45687000000.0,26.49684175143808,0.6013224075651412,0.1420235882195681
AAPL,320193,Apple Inc.,current,2017,2017-09-30,2017-11-03,0000320193-17-000070,2017-11-03T12:01:37.000Z,https://www.sec.gov/Archives/edgar/data/320193/000032019317000070/a10-k20179302017.htm,cover_fiscal_year_ended,8272,25,0.003022243713733,110,0.0132978723404255,132,0.0159574468085106,-0.0102756286266924,0.0184961315280464,0.042311411992263,0.0238152804642166,8b3bc9fdec74f2717c10a80d9a7cd73e07526b2fe5abe04ae23bb38f754d3ab2,e2d1328682bab7d2187684fb9f5420bb730401c9eefc00daf835edd203f4859d,-0.0008980713234224,1.644102218462707,101,0.3974993474894605,2017-11-03,0.038768676022435,0.0390104683228118,0.0487192883392614,0.0478106647319873,0.1049337990444063,0.1005752498931878,same,0000320193-17-000070_same,,2016.0,-0.00013589819513559927,375319000000.0,241272000000.0,48351000000.0,26.65104216797166,0.6428451530564666,0.1288264116658096
AAPL,320193,Apple Inc.,current,2018,2018-09-29,2018-11-05,0000320193-18-000145,2018-11-05T13:01:40.000Z,https://www.sec.gov/Archives/edgar/data/320193/000032019318000145/a10-k20189292018.htm,cover_fiscal_year_ended,7881,35,0.0044410607790889,84,0.0106585458698134,123,0.0156071564522268,-0.0062174850907245,0.0234741784037558,0.0446643826925517,0.0211902042887958,9b3b18554a9929be54e53ef9e6f1b8939d5f3e2d531588ef33c9857d7647d1f8,e2d1328682bab7d2187684fb9f5420bb730401c9eefc00daf835edd203f4859d,0.0012096232332849,1.122262776495763,101,0.2287313429982034,2018-11-05,-0.0937547267249746,-0.0894481634334471,-0.075347933843764,-0.0612990258139087,-0.1414048858480946,-0.1249374714583375,same,0000320193-18-000145_same,,2017.0,0.0040581435359679,365725000000.0,258578000000.0,59531000000.0,26.62514752181056,0.7070285050242668,0.1627753093171098
AAPL,320193,Apple Inc.,current,2019,2019-09-28,2019-10-31,0000320193-19-000119,2019-10-30T22:12:36.000Z,https://www.sec.gov/Archives/edgar/data/320193/000032019319000119/a10-k20199282019.htm,dei:DocumentFiscalYearFocus,4552,9,0.0019771528998242,47,0.0103251318101933,69,0.0151581722319859,-0.008347978910369,0.0127416520210896,0.0386643233743409,0.0259226713532513,d5c3eb0bb00e8191ffa0ac744649fb4a95a2e75d338dd3bb681e5d757de022bb,e2d1328682bab7d2187684fb9f5420bb730401c9eefc00daf835edd203f4859d,0.0010875725803438,1.527203353116792,101,0.6788912660136249,2019-10-31,0.0324960992971604,0.0409743458439528,0.0090661812439535,0.0257260748437914,0.016251174706794,0.0422306399809523,same,0000320193-19-000119_same,,2018.0,-0.0021304938196444996,338516000000.0,248028000000.0,55256000000.0,26.547837195537657,0.7326921031797611,0.1632300984296163
AAPL,320193,Apple Inc.,current,2020,2020-09-26,2020-10-30,0000320193-20-000096,2020-10-29T22:06:25.000Z,https://www.sec.gov/Archives/edgar/data/320193/000032019320000096/aapl-20200926.htm,dei:DocumentFiscalYearFocus,4314,6,0.0013908205841446,56,0.0129809921186833,62,0.014371812702828,-0.0115901715345387,0.0171534538711172,0.0412610106629578,0.0241075567918405,4a7e3d03c94a2198c5402f3ea94f862ef57752af8fee28cd18f1f217b01309e6,e2d1328682bab7d2187684fb9f5420bb730401c9eefc00daf835edd203f4859d,0.0021493362872527,1.2460651620599923,101,0.4349132784624127,2020-10-30,-0.0413647248404439,-0.0319304732651373,-0.0285218179699911,-0.0101130426917768,-0.0138285890667744,0.0141688599870416,same,0000320193-20-000096_same,,2019.0,-0.0032421926241697,323888000000.0,258549000000.0,57411000000.0,26.50366361396563,0.7982666847799239,0.1772557180259843
AAPL,320193,Apple Inc.,current,2021,2021-09-25,2021-10-29,0000320193-21-000105,2021-10-28T22:04:28.000Z,https://www.sec.gov/Archives/edgar/data/320193/000032019321000105/aapl-20210925.htm,dei:DocumentFiscalYearFocus,2497,13,0.0052062474969963,14,0.0056067280736884,31,0.0124148978774529,-0.000400480576692,0.0260312374849819,0.0472567080496595,0.0212254705646776,63004123b83c09fa09c4c514b90e164f45ecfe709ea916e2f5675aa4f71439a2,e2d1328682bab7d2187684fb9f5420bb730401c9eefc00daf835edd203f4859d,0.0007168001339594,1.293846959716743,101,0.5435509659512868,2021-10-29,-0.018490656580063,-0.012350198394284,-0.0119557469889137,-0.0009176441327239,-0.0353570795866598,-0.0180459768133122,same,0000320193-21-000105_same,,2020.0,0.0111896909578467,351002000000.0,287912000000.0,94680000000.0,26.58405775840174,0.8202574344305731,0.2697420527518361
AAPL,320193,Apple Inc.,current,2022,2022-09-24,2022-10-28,0000320193-22-000108,2022-10-27T22:01:14.000Z,https://www.sec.gov/Archives/edgar/data/320193/000032019322000108/aapl-20220924.htm,dei:DocumentFiscalYearFocus,2311,6,0.0025962786672436,26,0.011250540891389,25,0.0108178277801817,-0.0086542622241453,0.0151449588922544,0.0393768931198615,0.024231934227607,ad47e4d52a3f4b44a3b3e07f3387ec9942f7c63211cb997f8a1774a4b68fcad8,e2d1328682bab7d2187684fb9f5420bb730401c9eefc00daf835edd203f4859d,0.0005678609449091,1.2549527212052989,101,0.7585109578625502,2022-10-28,0.0140565481300782,0.0185873942814458,-0.0179718301208375,-0.0163257746348948,-0.0712246581383982,-0.0574559058511311,same,0000320193-22-000108_same,,2021.0,-0.008253781647453301,352755000000.0,302083000000.0,99803000000.0,26.589039601923314,0.8563535598361469,0.2829244092925685
AAPL,320193,Apple Inc.,current,2023,2023-09-30,2023-11-03,0000320193-23-000106,2023-11-02T22:08:27.000Z,https://www.sec.gov/Archives/edgar/data/320193/000032019323000106/aapl-20230930.htm,dei:DocumentFiscalYearFocus,2044,1,0.0004892367906066,16,0.0078277886497064,23,0.011252446183953,-0.0073385518590998,0.0024461839530332,0.0303326810176125,0.0278864970645792,57362ecdf046de86c24b02f81b853e629bee36d99e94ed6da5b5760078a00a3d,e2d1328682bab7d2187684fb9f5420bb730401c9eefc00daf835edd203f4859d,-0.0001438918545218,1.1126247497362804,101,0.4243671547214942,2023-11-03,-0.0028355499569344,0.0001121115959382,0.0164617084928864,0.021179324689779,0.0415045920706284,0.0473069936399188,same,0000320193-23-000106_same,,2022.0,0.0013157103650455002,352583000000.0,290437000000.0,96995000000.0,26.588551892475053,0.8237407929480435,0.2750983456377647
AAPL,320193,Apple Inc.,current,2024,2024-09-28,2024-11-01,0000320193-24-000123,2024-11-01T10:01:36.000Z,https://www.sec.gov/Archives/edgar/data/320193/000032019324000123/aapl-20240928.htm,dei:DocumentFiscalYearFocus,2001,3,0.0014992503748125,17,0.008495752123938,22,0.0109945027486256,-0.0069965017491254,0.0109945027486256,0.0339830084957521,0.0229885057471264,4d733a00ce8373a05992acf7404b9a30af50692da778396e0a62fb62400cd13c,e2d1328682bab7d2187684fb9f5420bb730401c9eefc00daf835edd203f4859d,0.001213726997694,1.0511870847980642,101,0.3305247529747753,2024-11-01,-0.0209462895913969,-0.0181923995927414,-0.0744148511786977,-0.0649696926847943,-0.0610764215448286,-0.0460832788930661,same,0000320193-24-000123_same,,2023.0,0.00034205010997440024,364980000000.0,308030000000.0,93736000000.0,26.62310839450708,0.8439640528248123,0.2568250315085758
AAPL,320193,Apple Inc.,current,2025,2025-09-27,2025-10-31,0000320193-25-000079,2025-10-31T10:01:26.000Z,https://www.sec.gov/Archives/edgar/data/320193/000032019325000079/aapl-20250927.htm,dei:DocumentFiscalYearFocus,2358,5,0.0021204410517387,20,0.008481764206955,30,0.0127226463104325,-0.0063613231552162,0.010178117048346,0.0330788804071246,0.0229007633587786,5e29ae1bebf678d48a617d74ff65fb6f66ea14262bb834b662fafa560516aa12,e2d1328682bab7d2187684fb9f5420bb730401c9eefc00daf835edd203f4859d,0.0003884724365893,1.370276355983346,101,0.3482627477862745,2025-10-31,0.0040876157212216,0.0031920089219694,0.0178937536209853,0.0163900267017078,0.0313430819863902,0.0351982513808362,same,0000320193-25-000079_same,,2024.0,0.0006351785939092006,359241000000.0,285508000000.0,112010000000.0,26.607259309399662,0.7947533828265705,0.3117962593356549
ABBV,1551152,AbbVie Inc.,current,2016,2016-12-31,2017-02-17,0001551152-17-000004,2017-02-17T17:19:05.000Z,https://www.sec.gov/Archives/edgar/data/1551152/000155115217000004/abbv-12312016x10k.htm,cover_fiscal_year_ended,9600,93,0.0096875,105,0.0109375,158,0.0164583333333333,-0.0012499999999999,0.0461458333333333,0.0614583333333333,0.0153125,6c59f286cc44d3de38b82a6ee79e829e37331a4a429edd0be189afb285736755,e2d1328682bab7d2187684fb9f5420bb730401c9eefc00daf835edd203f4859d,-0.0007463517088868,1.0861324363434453,101,0.1749157324651054,2017-02-17,-0.0022833934761748,-0.0039313643576334,0.0122680387441872,0.0083526981114386,0.002056783688472,-0.0038686653200054,same,0001551152-17-000004_same,,,,66099000000.0,,5953000000.0,24.91441945509657,,0.0900618768816472
ABBV,1551152,AbbVie Inc.,current,2017,2017-12-31,2018-02-16,0001551152-18-000014,2018-02-16T17:40:01.000Z,https://www.sec.gov/Archives/edgar/data/1551152/000155115218000014/abbv-20171231x10k.htm,cover_fiscal_year_ended,9142,87,0.009516517173485,105,0.0114854517611026,145,0.0158608619558083,-0.0019689345876175,0.0439728724567928,0.0618026690002187,0.0178297965434259,d5d318713c3a8a595978c4a7f5b16d76bf658e24a1a6d42d58885e50c2580374,e2d1328682bab7d2187684fb9f5420bb730401c9eefc00daf835edd203f4859d,0.0022783214539793,1.1749143067490322,101,0.0877048103261575,2018-02-16,0.0284781855223252,0.0364677929247617,0.0125819957494491,0.0316950804356372,0.0021987726811807,0.0403316015195631,same,0001551152-18-000014_same,,2016.0,-0.0007189345876176,70786000000.0,,5309000000.0,24.982927077979937,,0.0750007063543638
ABBV,1551152,AbbVie Inc.,current,2018,2018-12-31,2019-02-27,0001551152-19-000008,2019-02-27T21:45:37.000Z,https://www.sec.gov/Archives/edgar/data/1551152/000155115219000008/abbv-20181231x10k.htm,cover_fiscal_year_ended,8563,81,0.0094593016466191,90,0.0105103351629101,144,0.0168165362606563,-0.001051033516291,0.048464323251197,0.0641130444937521,0.0156487212425551,7a63d89a31fb1569181ff0dc563355d06f7ac0192bcddf0479e03373c6eced82,e2d1328682bab7d2187684fb9f5420bb730401c9eefc00daf835edd203f4859d,-0.000901947776368,0.9015113865117836,101,0.3062631672059125,2019-02-27,-0.0066073472980665,-0.0089034765374436,0.0097566183718128,0.0028030332653152,-0.017554408340912,-0.027189503327431,same,0001551152-19-000008_same,,2017.0,0.0009179010713265001,59352000000.0,,5687000000.0,24.80675165583364,,0.0958181695646313
ABBV,1551152,AbbVie Inc.,current,2019,2019-12-31,2020-02-21,0001551152-20-000007,2020-02-21T15:51:26.000Z,https://www.sec.gov/Archives/edgar/data/1551152/000155115220000007/abbv-20191231x10k.htm,dei:DocumentFiscalYearFocus,8414,81,0.0096268124554314,92,0.0109341573567863,138,0.0164012360351794,-0.0013073449013548,0.049441407178512,0.0664368908961255,0.0169954837176135,76b70ea47e6b60d568dc5bf923113bbc66173af22b6df6915f6ec431d1bc59ab,e2d1328682bab7d2187684fb9f5420bb730401c9eefc00daf835edd203f4859d,0.0014631586870752,0.9994360334285152,101,0.2274124734533964,2020-02-21,0.0329676520581362,0.037384112368596,0.0092022042734286,0.0194895000521716,-0.0135017238920481,0.0026676392018428,same,0001551152-20-000007_same,,2018.0,-0.0002563113850638,89115000000.0,,7882000000.0,25.213193507422226,,0.08844751164226
ABBV,1551152,AbbVie Inc.,current,2020,2020-12-31,2021-02-19,0001551152-21-000008,2021-02-19T19:05:43.000Z,https://www.sec.gov/Archives/edgar/data/1551152/000155115221000008/abbv-20201231.htm,dei:DocumentFiscalYearFocus,7719,71,0.0091980826531934,72,0.0093276331130975,129,0.0167120093276331,-0.0001295504599041,0.049876927063091,0.0655525327114911,0.0156756056484,15d1e2d48dbc6384cd5d2064221dc79d9df9d06f0e7e028bbc6de2660c0dab63,e2d1328682bab7d2187684fb9f5420bb730401c9eefc00daf835edd203f4859d,0.0012947361268695,0.6678337264151084,101,0.2117343864468076,2021-02-19,0.0129259304989565,0.0214616531180258,0.0330738370971795,0.0428960943112625,0.0382333644873397,0.0608264035751897,same,0001551152-21-000008_same,,2019.0,0.0011777944414507,150565000000.0,137468000000.0,4616000000.0,25.73766072158381,0.9130143127552884,0.0306578554112841
ABBV,1551152,AbbVie Inc.,current,2021,2021-12-31,2022-02-18,0001551152-22-000007,2022-02-18T17:41:31.000Z,https://www.sec.gov/Archives/edgar/data/1551152/000155115222000007/abbv-20211231.htm,dei:DocumentFiscalYearFocus,7933,84,0.0105886801966469,78,0.0098323458968864,120,0.0151266859952098,0.0007563342997604,0.0482793394680448,0.0665574183789234,0.0182780789108786,76dbf3ce1085b0ff476e6de4401837d8f27d5177eaf69ec160c02d89a93a21f1,e2d1328682bab7d2187684fb9f5420bb730401c9eefc00daf835edd203f4859d,0.0013841813000863,0.4682419388875421,101,0.100636812615706,2022-02-18,0.0118352138828416,0.0364510016722071,0.0181880512091123,0.0413252597538479,0.0336236212109692,0.0638290058649926,same,0001551152-22-000007_same,,2020.0,0.0008858847596645,146529000000.0,131093000000.0,11542000000.0,25.710489198032008,0.8946556654314163,0.0787693903595875
ABBV,1551152,AbbVie Inc.,current,2022,2022-12-31,2023-02-17,0001551152-23-000011,2023-02-17T17:54:29.000Z,https://www.sec.gov/Archives/edgar/data/1551152/000155115223000011/abbv-20221231.htm,dei:DocumentFiscalYearFocus,7727,80,0.0103533065872913,90,0.0116474699107027,120,0.0155299598809369,-0.0012941633234114,0.0489193736249514,0.0666494111556878,0.0177300375307363,68da5f22f40fb0852477d97dad461e394b52272987a4c11dea6725228217ddd6,e2d1328682bab7d2187684fb9f5420bb730401c9eefc00daf835edd203f4859d,0.0012169989063537,0.4767376447765332,101,0.2355921187820108,2023-02-17,0.0201320165812509,0.0429330453755301,-0.004615443566954,0.01978390568465,0.0356375941157188,0.0616715312581197,same,0001551152-23-000011_same,,2021.0,-0.0020504976231718,138805000000.0,121518000000.0,11836000000.0,25.656335907425056,0.8754583768596232,0.0852707035049169
ABBV,1551152,AbbVie Inc.,current,2023,2023-12-31,2024-02-20,0001551152-24-000011,2024-02-20T17:45:17.000Z,https://www.sec.gov/Archives/edgar/data/1551152/000155115224000011/abbv-20231231.htm,dei:DocumentFiscalYearFocus,7952,89,0.011192152917505,90,0.011317907444668,127,0.0159708249496981,-0.0001257545271629,0.050804828973843,0.0691649899396378,0.0183601609657947,bc49cccd7b73059798e898155fa5ebf26613f9f0f1914a3c1192ec273d4fdba3,e2d1328682bab7d2187684fb9f5420bb730401c9eefc00daf835edd203f4859d,0.0010429966107974,0.3998139901324923,101,0.0839272572979372,2024-02-20,-0.0074907171246498,0.0013668032451973,0.0093316802516929,0.0002312211035685,0.0123567884130121,0.0174535892878583,same,0001551152-24-000011_same,,2022.0,0.0011684087962485,134711000000.0,124314000000.0,4863000000.0,25.626397579983205,0.9228199627350402,0.0360995018966528
ABBV,1551152,AbbVie Inc.,current,2024,2024-12-31,2025-02-14,0001551152-25-000020,2025-02-14T18:17:23.000Z,https://www.sec.gov/Archives/edgar/data/1551152/000155115225000020/abbv-20241231.htm,dei:DocumentFiscalYearFocus,7880,81,0.0102791878172588,79,0.0100253807106598,131,0.0166243654822335,0.0002538071065989,0.0510152284263959,0.0671319796954314,0.0161167512690355,3aebe8081c07d18d4908c6e828958b4559347f8edfe230f57e62512d23d21863,e2d1328682bab7d2187684fb9f5420bb730401c9eefc00daf835edd203f4859d,-0.0010197962853694,0.226863847516844,101,0.0109612230543648,2025-02-14,0.0170138797435598,0.0040588614286469,0.059497320098088,0.0458196869475568,0.0714244557802592,0.072830174396315,same,0001551152-25-000020_same,,2023.0,0.00037956163376180003,135161000000.0,131797000000.0,4278000000.0,25.629732497403783,0.9751111637232632,0.0316511419714266
ABBV,1551152,AbbVie Inc.,current,2025,2025-12-31,2026-02-20,0001551152-26-000008,2026-02-20T19:38:42.000Z,https://www.sec.gov/Archives/edgar/data/1551152/000155115226000008/abbv-20251231.htm,dei:DocumentFiscalYearFocus,7790,82,0.0105263157894736,71,0.0091142490372272,123,0.0157894736842105,0.0014120667522464,0.0522464698331193,0.069191270860077,0.0169448010269576,cd9f1bc5a534217d484d68b1b6f071333da6dc6927b58cf5abb8a67588497ac1,e2d1328682bab7d2187684fb9f5420bb730401c9eefc00daf835edd203f4859d,0.0007045868656926,0.0658495791129124,101,0.0008558976315898,2026-02-20,0.0020160927945327,0.0099851578990226,-0.0253662740346907,-0.0354901567724622,0.0440221792403637,0.0599460283002414,same,0001551152-26-000008_same,,2024.0,0.0011582596456475,133960000000.0,137188000000.0,4226000000.0,25.62080708487241,1.0240967452971037,0.0315467303672738
ABT,1800,ABBOTT LABORATORIES,current,2016,2016-12-31,2017-02-17,0001047469-17-000744,2017-02-17T21:17:24.000Z,https://www.sec.gov/Archives/edgar/data/1800/000104746917000744/a2230875z10-k.htm,cover_fiscal_year_ended,12416,82,0.0066043814432989,119,0.0095844072164948,223,0.0179606958762886,-0.0029800257731958,0.0343911082474226,0.0489690721649484,0.0145779639175257,c9052acb12b447380c86a4910a890ba7e41a9ec78f2a0f1a7aa8fcdc3e3b8281,e2d1328682bab7d2187684fb9f5420bb730401c9eefc00daf835edd203f4859d,-0.0008943096310643,1.174290653023855,101,0.304113652467038,2017-02-17,0.017415996524215,0.0159291380484147,0.0378364457860617,0.0342253107318561,0.0454000539210745,0.0401852156641613,same,0001047469-17-000744_same,,,,52666000000.0,31949000000.0,1400000000.0,24.687235922997303,0.6066342611931796,0.0265826149698097
ABT,1800,ABBOTT LABORATORIES,current,2017,2017-12-31,2018-02-16,0001047469-18-000856,2018-02-16T21:04:37.000Z,https://www.sec.gov/Archives/edgar/data/1800/000104746918000856/a2234264z10-k.htm,cover_fiscal_year_ended,13344,86,0.0064448441247002,115,0.0086181055155875,203,0.015212829736211,-0.0021732613908872,0.0328237410071942,0.0490107913669064,0.0161870503597122,be8150d508bf91f23c05019ae1e4becfd40d2713572762dc312c247269b7f2f9,e2d1328682bab7d2187684fb9f5420bb730401c9eefc00daf835edd203f4859d,0.0006271603419976,0.9401081004308924,101,0.1388025109811878,2018-02-16,0.0066562279910508,0.0081423510483047,0.0062540092013177,0.0095604698065725,-0.0033678469226418,-0.0009447865655984,same,0001047469-18-000856_same,,2016.0,0.0008067643823086003,76250000000.0,45152000000.0,477000000.0,25.057283252433933,0.5921573770491804,0.006255737704918
ABT,1800,ABBOTT LABORATORIES,current,2018,2018-12-31,2019-02-22,0001047469-19-000624,2019-02-22T21:13:21.000Z,https://www.sec.gov/Archives/edgar/data/1800/000104746919000624/a2237733z10-k.htm,cover_fiscal_year_ended,12719,89,0.0069974054564038,104,0.0081767434546741,178,0.0139948109128076,-0.0011793379982703,0.034987027282019,0.0508687789920591,0.0158817517100401,7b7ae5af8c28efd0f7c8b9067df6f2552982a98df1ffd9267f44efc66ccf8987,e2d1328682bab7d2187684fb9f5420bb730401c9eefc00daf835edd203f4859d,0.001699540779213,1.0579457718854894,101,0.6229893218963163,2019-02-22,0.0080152544390651,0.0133524121792361,0.0078643994981887,0.0201122132398464,0.0173948721362627,0.0371534037090449,same,0001047469-19-000624_same,,2017.0,0.0009939233926169,67173000000.0,36451000000.0,2368000000.0,24.930537218023723,0.5426436216932399,0.0352522590921947
ABT,1800,ABBOTT LABORATORIES,current,2019,2019-12-31,2020-02-21,0001104659-20-023904,2020-02-21T21:28:23.000Z,https://www.sec.gov/Archives/edgar/data/1800/000110465920023904/abt-20191231x10k59d41b.htm,dei:DocumentFiscalYearFocus,12244,80,0.0065338124795818,113,0.0092290101274093,159,0.0129859523031688,-0.0026951976478275,0.0333224436458673,0.0505553740607644,0.017232930414897,11cdbbb88d7ef04e2674ec0c7775e29215c2868e190a7543b3570bc68656f25b,e2d1328682bab7d2187684fb9f5420bb730401c9eefc00daf835edd203f4859d,-0.0007659547482262,1.1610778908345152,101,0.3830910766948115,2020-02-21,0.0041159038608524,-0.0058890944093938,0.0028305440545461,-0.0154366905166919,0.0223535786019542,-0.0073838877342653,same,0001104659-20-023904_same,,2018.0,-0.0015158596495572,67887000000.0,36586000000.0,3687000000.0,24.941110395154123,0.5389249782727179,0.0543108400724733
ABT,1800,ABBOTT LABORATORIES,current,2020,2020-12-31,2021-02-19,0001104659-21-025751,2021-02-19T21:10:04.000Z,https://www.sec.gov/Archives/edgar/data/1800/000110465921025751/abt-20201231x10k.htm,dei:DocumentFiscalYearFocus,10357,60,0.0057931833542531,114,0.011007048373081,126,0.0121656850439316,-0.0052138650188278,0.0305107656657333,0.0485661871198223,0.018055421454089,b8bd61f98a6970bc4b6db05e115af01414f2111c19849dc9b6e0aab9e9d317c8,e2d1328682bab7d2187684fb9f5420bb730401c9eefc00daf835edd203f4859d,0.0003694610426592,0.6840015292937209,101,0.2114077716369766,2021-02-19,-0.0287924343552538,-0.0232589439761439,-0.0472166095071293,-0.043908226393198,-0.0310733372189344,-0.0190647963270667,same,0001104659-21-025751_same,,2019.0,-0.0025186673710003004,72548000000.0,39545000000.0,4495000000.0,25.00751424870159,0.5450873904173789,0.0619589788829464
ABT,1800,ABBOTT LABORATORIES,current,2021,2021-12-31,2022-02-18,0001104659-22-025141,2022-02-18T21:02:57.000Z,https://www.sec.gov/Archives/edgar/data/1800/000110465922025141/abt-20211231x10k.htm,dei:DocumentFiscalYearFocus,10394,61,0.0058687704444872,114,0.0109678660765826,148,0.0142389840292476,-0.0050990956320954,0.0314604579565133,0.0496440253992688,0.0181835674427554,02087ab08311a67470dfdb89cb522d0e1b20e9779b9159e37004476af4c25e16,e2d1328682bab7d2187684fb9f5420bb730401c9eefc00daf835edd203f4859d,0.0003466827087269,0.4988454769831947,101,0.1381487739198184,2022-02-18,-0.032174617415969,-0.0118490182458277,-0.0224640127257178,-0.0073632450270005,-0.0453182464819385,-0.0273874345207951,same,0001104659-22-025141_same,,2020.0,0.00011476938673240025,75196000000.0,39172000000.0,7071000000.0,25.043363874998125,0.520931964466195,0.0940342571413373
ABT,1800,ABBOTT LABORATORIES,current,2022,2022-12-31,2023-02-17,0001628280-23-004026,2023-02-17T21:09:44.000Z,https://www.sec.gov/Archives/edgar/data/1800/000162828023004026/abt-20221231.htm,dei:DocumentFiscalYearFocus,10275,57,0.0055474452554744,125,0.0121654501216545,136,0.01323600973236,-0.00661800486618,0.0296836982968369,0.0469099756690997,0.0172262773722627,810a8f76a556e1141ac8abf7102ec23a3930fe333b10eae41bca58ac41b5df5c,e2d1328682bab7d2187684fb9f5420bb730401c9eefc00daf835edd203f4859d,0.0012170539440869,0.8276358734810526,101,0.5731558351509705,2023-02-17,-0.0072747581738485,0.0026844793655689,-0.0393641381083601,-0.0256137252078333,-0.0724339914569508,-0.0548804565982988,same,0001628280-23-004026_same,,2021.0,-0.0015189092340846004,74438000000.0,37533000000.0,6933000000.0,25.033232401083872,0.5042182756119187,0.0931379134313119
ABT,1800,ABBOTT LABORATORIES,current,2023,2023-12-31,2024-02-16,0001628280-24-005348,2024-02-16T21:15:58.000Z,https://www.sec.gov/Archives/edgar/data/1800/000162828024005348/abt-20231231.htm,dei:DocumentFiscalYearFocus,10525,58,0.0055106888361045,137,0.0130166270783847,144,0.0136817102137767,-0.0075059382422802,0.0273634204275534,0.045605700712589,0.0182422802850356,e9ccfb9371dd48a67816a4bdcbb489bcf62a9915f94f5212e7963b2ae1f56453,e2d1328682bab7d2187684fb9f5420bb730401c9eefc00daf835edd203f4859d,0.0007476490907374,0.4019034555753656,101,0.0708377217268712,2024-02-16,0.0401851967404214,0.0454111751417464,0.0460362203167883,0.0433120591597669,0.0406775125611948,0.0401337756855508,same,0001628280-24-005348_same,,2022.0,-0.0008879333761001992,73214000000.0,34387000000.0,5723000000.0,25.016652496457024,0.4696779304504603,0.0781681099243314
ABT,1800,ABBOTT LABORATORIES,current,2024,2024-12-31,2025-02-21,0001628280-25-007110,2025-02-21T21:07:20.000Z,https://www.sec.gov/Archives/edgar/data/1800/000162828025007110/abt-20241231.htm,dei:DocumentFiscalYearFocus,9787,62,0.0063349340962501,127,0.0129763972616736,119,0.0121589864105446,-0.0066414631654235,0.0307550832737304,0.0478185347910493,0.0170634515173188,7e981ff9cca69bdfa917366dd610b874f357c3a88893bd079848c1a99e50084e,e2d1328682bab7d2187684fb9f5420bb730401c9eefc00daf835edd203f4859d,0.0008000477643431,0.2464823904690966,101,0.0300412595746837,2025-02-21,0.0253333350045612,0.047601792291802,0.0412293985374024,0.0664883802081363,0.0515766218487382,0.0722414541667351,same,0001628280-25-007110_same,,2023.0,0.0008644750768566998,81414000000.0,33513000000.0,13402000000.0,25.122813085338283,0.4116368192202815,0.1646154224089223
ABT,1800,ABBOTT LABORATORIES,current,2025,2025-12-31,2026-02-20,0001628280-26-010185,2026-02-20T21:05:29.000Z,https://www.sec.gov/Archives/edgar/data/1800/000162828026010185/abt-20251231.htm,dei:DocumentFiscalYearFocus,9378,62,0.0066112177436553,114,0.0121561100447856,120,0.0127959053103007,-0.0055448923011303,0.0327361910855193,0.0503305608871827,0.0175943698016634,6b12b8a31a1f25ee735801206ccb4f5091dc9ed16b1f015cc3046664bd0fc47d,e2d1328682bab7d2187684fb9f5420bb730401c9eefc00daf835edd203f4859d,-0.0017100807182366,0.0367450638830765,101,0.0003301647447646,2026-02-20,0.0232777180842584,0.0241852090859241,0.0301558487000245,0.0026602064153601,0.0439461783425273,0.033563335319444,same,0001628280-26-010185_same,,2024.0,0.0010965708642931993,86713000000.0,33942000000.0,6524000000.0,25.18586965182256,0.3914291974675077,0.0752367003794125
ADBE,796343,ADOBE INC.,current,2016,2016-12-02,2017-01-20,0000796343-17-000031,2017-01-20T21:14:43.000Z,https://www.sec.gov/Archives/edgar/data/796343/000079634317000031/adbe10kfy16.htm,cover_fiscal_year_ended,11445,113,0.0098733071210135,79,0.0069025775447793,164,0.0143294014853647,0.0029707295762341,0.0521625163826998,0.0601135867190913,0.0079510703363914,d7ca2fc7a9b44cebabf12511225f1715fa918afeb7d7b8043edaf8b1a26c6674,e2d1328682bab7d2187684fb9f5420bb730401c9eefc00daf835edd203f4859d,0.0002156715894577,1.2306544016813243,101,0.3415210620972017,2017-01-20,0.0228828714169472,0.0228533316264339,0.0374189172457625,0.0413398194238159,0.0325101527922735,0.0368562321253157,same,0000796343-17-000031_same,,,,12707114000.0,5282279000.0,1168782000.0,23.26542783106164,0.415694625860758,0.0919785562638377
ADBE,796343,ADOBE INC.,current,2017,2017-12-01,2018-01-22,0000796343-18-000015,2018-01-22T21:07:26.000Z,https://www.sec.gov/Archives/edgar/data/796343/000079634318000015/adbe10kfy17.htm,cover_fiscal_year_ended,10523,96,0.0091228737052171,64,0.006081915803478,132,0.0125439513446735,0.003040957901739,0.0493205359688301,0.056447781051031,0.0071272450822008,578531c68ed68ae53965865d7bd5d3d17d6e4b434c013682eb9b7bbdae614fdf,e2d1328682bab7d2187684fb9f5420bb730401c9eefc00daf835edd203f4859d,0.000600793492519,1.5754072239117856,101,0.1243261886945449,2018-01-22,-0.0050873364488035,0.0051311382967322,-0.0132902664364256,0.0038433269892736,-0.0057163803442736,0.0186160250791602,same,0000796343-18-000015_same,,2016.0,7.022832550489981e-05,14535556000.0,6075687000.0,1693954000.0,23.39986362271962,0.4179879324877562,0.1165386449613623
ADBE,796343,ADOBE INC.,current,2018,2018-11-30,2019-01-25,0000796343-19-000019,2019-01-25T11:24:29.000Z,https://www.sec.gov/Archives/edgar/data/796343/000079634319000019/adbe10kfy18.htm,cover_fiscal_year_ended,9148,81,0.0088543944031482,39,0.0042632269348491,101,0.0110406646261477,0.004591167468299,0.0483165719282903,0.0570616528202885,0.0087450808919982,a9f1f05931f5bdc76dca4d6ea40b9908a927408610020618f240fba01356104a,e2d1328682bab7d2187684fb9f5420bb730401c9eefc00daf835edd203f4859d,0.001611993418643,1.8540560395700592,101,0.6269149363900868,2019-01-25,-0.0219036918156418,-0.0153445748232644,-0.0381500647528845,-0.0233164719456498,-0.0584232944428908,-0.0112890592275647,same,0000796343-19-000019_same,,2017.0,0.0015502095665599997,18768682000.0,9406568000.0,2590774000.0,23.65545546664573,0.5011842600348815,0.1380370768709278
ADBE,796343,ADOBE INC.,current,2019,2019-11-29,2020-01-21,0000796343-20-000013,2020-01-21T11:06:41.000Z,https://www.sec.gov/Archives/edgar/data/796343/000079634320000013/adbe10kfy19.htm,dei:DocumentFiscalYearFocus,8378,85,0.0101456194795894,44,0.0052518500835521,114,0.0136070661255669,0.0048937693960372,0.0467892098352828,0.0575316304607304,0.0107424206254476,dda52b761da3ccf2c37812b55b6c392347d436e48ebde127e839f080cddf9cf5,e2d1328682bab7d2187684fb9f5420bb730401c9eefc00daf835edd203f4859d,1.20602167828922e-05,1.1867436252073211,101,0.4420333900077587,2020-01-21,0.0117231743521503,0.0120393323755664,0.0148619465049626,0.0156624973730868,0.0388648302681844,0.0396733891007239,same,0000796343-20-000013_same,,2018.0,0.00030260192773820006,20762400000.0,10232245000.0,2951458000.0,23.75640949549855,0.4928257330559087,0.1421539899048279
ADBE,796343,ADOBE INC.,current,2020,2020-11-27,2021-01-15,0000796343-21-000004,2021-01-15T21:03:42.000Z,https://www.sec.gov/Archives/edgar/data/796343/000079634321000004/adbe-20201127.htm,dei:DocumentFiscalYearFocus,8623,92,0.0106691406703003,62,0.0071900730604198,114,0.013220456917546,0.0034790676098805,0.0448799721674591,0.0563608952800649,0.0114809231126058,04ef7bf397af06f8b8bc9eeab6a92f57e776fca91bd60f812a756491a648d4f1,e2d1328682bab7d2187684fb9f5420bb730401c9eefc00daf835edd203f4859d,-0.0003970480501624,1.3479659109965727,101,0.3975652757505619,2021-01-15,-0.0282768294038595,-0.030444748542773,-0.0202850638893555,-0.0181453177633712,-0.0220547344708016,-0.021662430946329,same,0000796343-21-000004_same,,2019.0,-0.0014147017861566996,24284000000.0,11020000000.0,5260000000.0,23.9130835342146,0.4537967385933125,0.2166035249547027
ADBE,796343,ADOBE INC.,current,2021,2021-12-03,2022-01-21,0000796343-22-000032,2022-01-21T21:03:34.000Z,https://www.sec.gov/Archives/edgar/data/796343/000079634322000032/adbe-20211203.htm,dei:DocumentFiscalYearFocus,7498,87,0.0116030941584422,37,0.0049346492397972,96,0.0128034142437983,0.0066684449186449,0.0453454254467858,0.0553480928247532,0.0100026673779674,e57ee0825951605770b74c11d5e35224e0524fc7acbdd0964465479b36558d5c,e2d1328682bab7d2187684fb9f5420bb730401c9eefc00daf835edd203f4859d,-0.0018552071518794,1.640929154704263,101,0.3821071416799455,2022-01-21,0.0571663861066158,0.0341800144894343,0.0890582052615878,0.0318947575322454,0.1009206442773083,0.0398870661788279,same,0000796343-22-000032_same,,2020.0,0.0031893773087643996,27241000000.0,12444000000.0,4822000000.0,24.02798902827343,0.4568114239565361,0.1770125913145626
ADBE,796343,ADOBE INC.,current,2022,2022-12-02,2023-01-17,0000796343-23-000007,2023-01-17T21:34:00.000Z,https://www.sec.gov/Archives/edgar/data/796343/000079634323000007/adbe-20221202.htm,dei:DocumentFiscalYearFocus,7372,89,0.012072707542051,40,0.0054259359739555,103,0.0139717851329354,0.0066467715680954,0.0438144329896907,0.0546663049376017,0.010851871947911,ff94711d619eb5295b3eb15f610cf1e62adb18b776f10149a5c13113827d55cd,e2d1328682bab7d2187684fb9f5420bb730401c9eefc00daf835edd203f4859d,-0.0011975706604213,1.4425533369404122,101,0.5587705872007771,2023-01-17,0.013827010679008,0.0042172411546611,0.0400742630715594,0.0378645112865727,0.0520433109151641,0.0527350493018209,same,0000796343-23-000007_same,,2021.0,-2.167335054949985e-05,27165000000.0,13114000000.0,4756000000.0,24.025195216949896,0.4827535431621572,0.1750782256580158
ADBE,796343,ADOBE INC.,current,2023,2023-12-01,2024-01-17,0000796343-24-000006,2024-01-17T01:01:55.000Z,https://www.sec.gov/Archives/edgar/data/796343/000079634324000006/adbe-20231201.htm,dei:DocumentFiscalYearFocus,6738,88,0.0130602552686257,47,0.0069753636093796,84,0.0124666073018699,0.006084891659246,0.0443751855149896,0.0552092609082813,0.0108340753932917,f62c6dd91e5915af33794b919e9bc4adfd58ecc8ca7dc300a9bedacf5a9bf5e8,e2d1328682bab7d2187684fb9f5420bb730401c9eefc00daf835edd203f4859d,0.000675357478467,1.5851360372066046,101,0.4230025974110908,2024-01-17,-0.0059240285854464,-0.0042156712422958,-0.0053594191552342,0.0075861851484936,0.0023077522310536,0.0225898677744528,same,0000796343-24-000006_same,,2022.0,-0.0005618799088493998,29779000000.0,13261000000.0,5428000000.0,24.117069284054853,0.4453138117465328,0.1822761006078108
ADBE,796343,ADOBE INC.,current,2024,2024-11-29,2025-01-13,0000796343-25-000004,2025-01-13T21:02:17.000Z,https://www.sec.gov/Archives/edgar/data/796343/000079634325000004/adbe-20241129.htm,dei:DocumentFiscalYearFocus,6642,90,0.013550135501355,50,0.0075278530563083,76,0.0114423366455886,0.0060222824450466,0.0401987353206865,0.0517916290274013,0.0115928937067148,236101a28ee2828f2bc8e78e69a9c4b98b006f240da0109c2aea0332e647910f,e2d1328682bab7d2187684fb9f5420bb730401c9eefc00daf835edd203f4859d,-0.0010651270929364,1.1830818288906475,101,0.3268715587532362,2025-01-13,0.0023141675484691,-0.0032045074747713,0.0058525097910759,-0.0027079802330578,-0.0337871948462455,-0.0398536898071937,same,0000796343-25-000004_same,,2023.0,-6.260921419940033e-05,30230000000.0,16125000000.0,5560000000.0,24.13210064573778,0.5334105193516374,0.1839232550446576
ADBE,796343,ADOBE INC.,current,2025,2025-11-28,2026-01-15,0000796343-26-000003,2026-01-15T22:01:55.000Z,https://www.sec.gov/Archives/edgar/data/796343/000079634326000003/adbe-20251128.htm,dei:DocumentFiscalYearFocus,6315,70,0.0110847189231987,45,0.007125890736342,75,0.01187648456057,0.0039588281868566,0.0441805225653206,0.0547901821060966,0.0106096595407759,2f9517846df00cecc94ca8d13dbde81c0b7bff6f69e9cefd0d47462bfa62a10b,e2d1328682bab7d2187684fb9f5420bb730401c9eefc00daf835edd203f4859d,-0.0009842463518034,0.7040753001924741,101,0.0835953160694308,2026-01-15,-0.0397290750237543,-0.0416769317652098,-0.1082450481059173,-0.1113480481689548,-0.1020841250474045,-0.1127836358919364,same,0000796343-26-000003_same,,2024.0,-0.00206345425819,29496000000.0,17873000000.0,7130000000.0,24.10752049787825,0.6059465690263086,0.2417276918904258
AMD,2488,ADVANCED MICRO DEVICES INC,current,2016,2016-12-31,2017-02-21,0000002488-17-000043,2017-02-21T21:52:14.000Z,https://www.sec.gov/Archives/edgar/data/2488/000000248817000043/amd-12312016x10k.htm,cover_fiscal_year_ended,12023,44,0.0036596523330283,158,0.0131414788322382,91,0.0075688264160359,-0.0094818264992098,0.0347666971637694,0.0520668718289944,0.0173001746652249,586b401555ca7670c52a69546e04bc50d133afa171dcdc0ab53a8da0cf982f2e,e2d1328682bab7d2187684fb9f5420bb730401c9eefc00daf835edd203f4859d,0.0022381088933026,2.111970065724448,101,0.1267509426133616,2017-02-21,0.0778494439882606,0.0919521696413172,0.0231787797037985,0.0529508425887367,0.002105422341963,0.0493840696190669,same,0000002488-17-000043_same,,,,3321000000.0,,-497000000.0,21.92353177934102,,-0.1496537187594098
AMD,2488,ADVANCED MICRO DEVICES INC,current,2017,2017-12-30,2018-02-27,0000002488-18-000042,2018-02-27T21:18:58.000Z,https://www.sec.gov/Archives/edgar/data/2488/000000248818000042/amd-12302017x10k.htm,cover_fiscal_year_ended,11871,49,0.0041277061747114,153,0.0128885519332827,78,0.0065706343189284,-0.0087608457585713,0.0406873894364417,0.0555134361047931,0.0148260466683514,57927f95fea68d54174f15ad476c13adaac146e026156569329d0d07f5ae1f1d,e2d1328682bab7d2187684fb9f5420bb730401c9eefc00daf835edd203f4859d,-0.0031805576829532,2.63220233923674,101,0.1217557266516414,2018-02-27,0.0455829340899309,0.0163803037726529,0.0400362150816788,0.0123917055168083,0.0344525837251471,-0.0021062406717492,same,0000002488-18-000042_same,,2016.0,0.0007209807406385015,3540000000.0,,43000000.0,21.987392564092094,,0.0121468926553672
AMD,2488,ADVANCED MICRO DEVICES INC,current,2018,2018-12-29,2019-02-08,0000002488-19-000011,2019-02-08T21:44:26.000Z,https://www.sec.gov/Archives/edgar/data/2488/000000248819000011/amd-12292018x10k.htm,cover_fiscal_year_ended,6243,30,0.0048053820278712,48,0.0076886112445939,40,0.0064071760371616,-0.0028832292167227,0.0312349831811629,0.0464520262694217,0.0152170430882588,1717a1010bbd3697a7891ef08ea2f09a3e619d270a78377ddb4ee52e39c00209,e2d1328682bab7d2187684fb9f5420bb730401c9eefc00daf835edd203f4859d,0.0029715528469298,2.166837926871494,101,0.283772526699044,2019-02-08,-0.0041487808644461,-0.0045359628666601,-0.0968113342431217,-0.0638445852001399,-0.1185292643970225,-0.0551212965357382,same,0000002488-19-000011_same,,2017.0,0.005877616541848599,4556000000.0,,337000000.0,22.239710882531348,,0.0739683933274802
AMD,2488,ADVANCED MICRO DEVICES INC,current,2019,2019-12-28,2020-02-04,0000002488-20-000008,2020-02-04T22:21:47.000Z,https://www.sec.gov/Archives/edgar/data/2488/000000248820000008/amdform10-kfy2019.htm,dei:DocumentFiscalYearFocus,3847,21,0.0054587990642058,26,0.006758513127112,35,0.0090979984403431,-0.0012997140629061,0.0236547959448921,0.0402911359500909,0.0166363400051988,d58d27944c8632d6999df17ec5e693821baec9be0ea6c2e4719e710a5282b8a4,e2d1328682bab7d2187684fb9f5420bb730401c9eefc00daf835edd203f4859d,0.0018677081994865,1.96469645875873,101,0.3977455793854865,2020-02-04,-0.0120240674552263,0.0258825199912609,0.0013312418974389,0.0306497051887577,0.0044576816206735,0.0588059782151434,same,0000002488-20-000008_same,,2018.0,0.0015835151538165998,6028000000.0,,341000000.0,22.51968111771066,,0.0565693430656934
AMD,2488,ADVANCED MICRO DEVICES INC,current,2020,2020-12-26,2021-01-29,0001628280-21-001185,2021-01-29T22:24:00.000Z,https://www.sec.gov/Archives/edgar/data/2488/000162828021001185/amd-20201226.htm,dei:DocumentFiscalYearFocus,5010,49,0.0097804391217564,36,0.0071856287425149,42,0.0083832335329341,0.0025948103792415,0.0291417165668662,0.0453093812375249,0.0161676646706586,a2a5f43d676f13e06dbeb9c485e05ce1582358fd1a220096c39a638223198940,e2d1328682bab7d2187684fb9f5420bb730401c9eefc00daf835edd203f4859d,-0.0004910697640006,1.329092263217185,101,0.2682647208575484,2021-01-29,-0.0199188951965038,-0.0192527025336831,-0.0547041439033048,-0.0600368109039917,-0.0448280998713798,-0.0470714904293123,same,0001628280-21-001185_same,,2019.0,0.0038945244421476,8962000000.0,,2490000000.0,22.91625925331036,,0.2778397679089489
AMD,2488,ADVANCED MICRO DEVICES INC,current,2021,2021-12-25,2022-02-03,0000002488-22-000016,2022-02-03T22:22:50.000Z,https://www.sec.gov/Archives/edgar/data/2488/000000248822000016/amd-20211225.htm,dei:DocumentFiscalYearFocus,4400,34,0.0077272727272727,34,0.0077272727272727,38,0.0086363636363636,0.0,0.0302272727272727,0.046590909090909,0.0163636363636363,e93167d12c9e06f44ff5cf14b89a92f22cacada2771c84e563c4d42aa2bc8b5e,e2d1328682bab7d2187684fb9f5420bb730401c9eefc00daf835edd203f4859d,0.0017092682201087,2.0953492985718185,101,0.357560638756627,2022-02-03,0.074120974280369,0.0685016094915617,0.148680672781788,0.1832500690564754,0.0448608432109023,0.1030973985352802,same,0000002488-22-000016_same,,2020.0,-0.0025948103792415,12419000000.0,,3162000000.0,23.242493394912305,,0.254609871970368
AMD,2488,ADVANCED MICRO DEVICES INC,current,2022,2022-12-31,2023-02-27,0000002488-23-000047,2023-02-27T21:20:39.000Z,https://www.sec.gov/Archives/edgar/data/2488/000000248823000047/amd-20221231.htm,dei:DocumentFiscalYearFocus,5932,35,0.00590020229265,57,0.0096089008766014,83,0.0139919082939986,-0.0037086985839514,0.0360755225893459,0.0531018206338503,0.0170262980445043,72a05a28111187bfab91f5f00ed24b379cd7cfde6437d49537e3a0899d131a20,e2d1328682bab7d2187684fb9f5420bb730401c9eefc00daf835edd203f4859d,-0.000935259656322,1.954779931495049,101,0.6529718347810398,2023-02-27,0.0088128333829487,-0.0040186587989341,0.0623015119194661,0.0520427522410262,0.0449614139797078,0.0252580122838398,same,0000002488-23-000047_same,,2021.0,-0.0037086985839514,67580000000.0,,1320000000.0,24.936577918232555,,0.0195324060372891
AMD,2488,ADVANCED MICRO DEVICES INC,current,2023,2023-12-30,2024-01-31,0000002488-24-000012,2024-01-31T22:16:39.000Z,https://www.sec.gov/Archives/edgar/data/2488/000000248824000012/amd-20231230.htm,dei:DocumentFiscalYearFocus,5033,35,0.0069541029207232,37,0.0073514802304788,53,0.0105304987085237,-0.0003973773097556,0.0290085436121597,0.0447049473475064,0.0156964037353467,dfb9a89422e5c497bf90392d0ae2007d734289f051a7167beaf73ef73f2f05d8,e2d1328682bab7d2187684fb9f5420bb730401c9eefc00daf835edd203f4859d,0.0010704958709629,2.3454149505411634,101,0.4376048929054927,2024-01-31,-0.0345379712187905,-0.0369943216906153,-0.0635989399180748,-0.0423951632591086,-0.0550446745162325,-0.0071925172964546,same,0000002488-24-000012_same,,2022.0,0.0033113212741958,67885000000.0,,854000000.0,24.941080933998656,,0.0125800986963246
AMD,2488,ADVANCED MICRO DEVICES INC,current,2024,2024-12-28,2025-02-05,0000002488-25-000012,2025-02-05T21:42:57.000Z,https://www.sec.gov/Archives/edgar/data/2488/000000248825000012/amd-20241228.htm,dei:DocumentFiscalYearFocus,4699,33,0.0070227708022983,40,0.0085124494573313,50,0.0106405618216641,-0.0014896786550329,0.0266014045541604,0.0429878697595233,0.0163864652053628,52f052e68c34b882c094cc27ffdc24fc5a581ca5197a25174cbcc81e2c4bf5eb,e2d1328682bab7d2187684fb9f5420bb730401c9eefc00daf835edd203f4859d,-0.00264334963668,2.1752782304574643,101,0.4204599416276601,2025-02-05,-0.0576412450507489,-0.0482032044706068,-0.0489779326237001,-0.0682215691141026,0.0173974800294245,-0.0145206766230798,same,0000002488-25-000012_same,,2023.0,-0.0010923013452773,69226000000.0,,1641000000.0,24.96064235154735,,0.0237049663421257
AMD,2488,ADVANCED MICRO DEVICES INC,current,2025,2025-12-27,2026-02-04,0000002488-26-000018,2026-02-03T23:14:52.000Z,https://www.sec.gov/Archives/edgar/data/2488/000000248826000018/amd-20251227.htm,dei:DocumentFiscalYearFocus,5342,28,0.0052414825907899,39,0.0073006364657431,76,0.0142268813178584,-0.0020591538749532,0.0329464619992512,0.0486709097716211,0.0157244477723699,35d72deea7e825ad8434fd31c1f10ac9c787b63a802f2894878ef530b1ee6919,e2d1328682bab7d2187684fb9f5420bb730401c9eefc00daf835edd203f4859d,0.0005795561552904,2.903886637397661,101,0.247501301957253,2026-02-04,-0.155479236018678,-0.20272260253058,-0.1336696174687371,-0.1300908675610325,-0.1328628856625524,-0.1359656277686239,same,0000002488-26-000018_same,,2024.0,-0.0005694752199202999,76926000000.0,,4335000000.0,25.06610975774503,,0.0563528585913735
AMGN,318154,AMGEN INC,current,2016,2016-12-31,2017-02-14,0000318154-17-000004,2017-02-14T21:21:05.000Z,https://www.sec.gov/Archives/edgar/data/318154/000031815417000004/amgn-12312016x10k.htm,cover_fiscal_year_ended,8925,66,0.0073949579831932,90,0.0100840336134453,162,0.0181512605042016,-0.0026890756302521,0.0340616246498599,0.0531092436974789,0.019047619047619,8d31656fd8706bf74abc71508b021dd24aa8a1cb6e4891e2d8627f8286e6a75a,e2d1328682bab7d2187684fb9f5420bb730401c9eefc00daf835edd203f4859d,-0.0014724484571226,1.2614091532968104,101,0.2132897616833201,2017-02-14,0.0165468546710777,0.0158534105683494,0.0170150190245377,0.0130806492047697,0.0207873076249083,0.0125018028502675,same,0000318154-17-000004_same,,,,77626000000.0,,7722000000.0,25.07516825956474,,0.0994769793625847
AMGN,318154,AMGEN INC,current,2017,2017-12-31,2018-02-13,0000318154-18-000004,2018-02-13T21:48:04.000Z,https://www.sec.gov/Archives/edgar/data/318154/000031815418000004/amgn-12312017x10k.htm,cover_fiscal_year_ended,9719,62,0.0063792571252186,95,0.0097746681757382,162,0.0166683815207325,-0.0033954110505196,0.0298384607469904,0.049490688342422,0.0196522275954316,5bf8d1de239740d2f9462ca1af401031bcb53f89e672d8f2cf723dbe27b257c4,e2d1328682bab7d2187684fb9f5420bb730401c9eefc00daf835edd203f4859d,-0.0005556733009671,1.2322429172512337,101,0.2204490761965676,2018-02-13,0.0070945683820851,0.0123785726656626,0.0217417681513508,0.0224440143386883,0.0320103335214581,0.0307456880479832,same,0000318154-18-000004_same,,2016.0,-0.0007063354202674998,79954000000.0,,1979000000.0,25.1047173062444,,0.0247517322460414
AMGN,318154,AMGEN INC,current,2018,2018-12-31,2019-02-13,0000318154-19-000008,2019-02-13T22:20:20.000Z,https://www.sec.gov/Archives/edgar/data/318154/000031815419000008/amgn-12312018x10kq42018.htm,cover_fiscal_year_ended,9292,56,0.0060266896254842,88,0.0094705122686181,171,0.0184029272492466,-0.0034438226431338,0.0318553594489883,0.0523030563925957,0.0204476969436074,efdcfc88393ae6e4d111ec4ea9ef7a5e013fda727488590d5d12485791ad9d1b,e2d1328682bab7d2187684fb9f5420bb730401c9eefc00daf835edd203f4859d,0.0010477082654549,0.9323942946180316,101,0.5457077715166844,2019-02-13,-0.0029127279158975,-0.0006662290507811,-0.0098402139314993,-0.0043333258144108,-0.0306859107848004,-0.0200869444266855,same,0000318154-19-000008_same,,2017.0,-4.8411592614200274e-05,66416000000.0,,8394000000.0,24.919203828257093,,0.126385208383522
AMGN,318154,AMGEN INC,current,2019,2019-12-31,2020-02-12,0000318154-20-000017,2020-02-12T22:15:19.000Z,https://www.sec.gov/Archives/edgar/data/318154/000031815420000017/amgn-12312019x10kq42019.htm,dei:DocumentFiscalYearFocus,8961,46,0.0051333556522709,89,0.0099319272402633,172,0.0191942863519696,-0.0047985715879924,0.0315812967302756,0.0518915299631737,0.0203102332328981,b70010e23a56bf8964372fdb840b0c54af72a918f5c615ac54117c303368f225,e2d1328682bab7d2187684fb9f5420bb730401c9eefc00daf835edd203f4859d,0.0008894611097463,0.7006421616724268,101,0.21054156538156,2020-02-12,-0.0194962939212066,-0.0187799252502961,-0.0471739350016028,-0.0431539170545848,-0.0159600805711302,-0.0130122466368665,same,0000318154-20-000017_same,,2018.0,-0.0013547489448586,59707000000.0,,7842000000.0,24.812715103402702,,0.1313413837573483
AMGN,318154,AMGEN INC,current,2020,2020-12-31,2021-02-09,0000318154-21-000010,2021-02-09T00:24:56.000Z,https://www.sec.gov/Archives/edgar/data/318154/000031815421000010/amgn-20201231.htm,dei:DocumentFiscalYearFocus,10109,62,0.0061331486793945,115,0.011376001582748,170,0.0168166979918884,-0.0052428529033534,0.0274013255514887,0.050845780987239,0.0234444554357503,f933996914606121b70a878304c0f9b9953c3ef1f87236463357bf03d8dde951,e2d1328682bab7d2187684fb9f5420bb730401c9eefc00daf835edd203f4859d,-0.00110683112388,0.9025827526133878,101,0.3428331384103389,2021-02-09,0.0070239929962535,0.0031247789804722,-0.008599353507296,-0.0189837637301135,-0.0372793354560437,-0.0534565987231075,same,0000318154-21-000010_same,,2019.0,-0.00044428131536099983,62948000000.0,,7264000000.0,24.86557482568503,,0.115396835483256
AMGN,318154,AMGEN INC,current,2021,2021-12-31,2022-02-16,0000318154-22-000010,2022-02-16T21:39:53.000Z,https://www.sec.gov/Archives/edgar/data/318154/000031815422000010/amgn-20211231.htm,dei:DocumentFiscalYearFocus,10347,51,0.0049289649173673,108,0.0104378080603073,209,0.0201990915241132,-0.0055088431429399,0.0262878128926258,0.0486131245771721,0.0223253116845462,57c9bd08aa1ee1b49aa13d1f387ce9611ffe8c9249e0265d18e66d93f1115391,e2d1328682bab7d2187684fb9f5420bb730401c9eefc00daf835edd203f4859d,0.0005015907314216,0.5634187293341736,101,0.1988184360217924,2022-02-16,-0.0105437609636728,-0.0070633671756755,-0.0026569215217887,0.0203451080525012,-0.0615071257543332,-0.0334191830285361,same,0000318154-22-000010_same,,2020.0,-0.00026599023958649975,61165000000.0,,5893000000.0,24.83684096744529,,0.0963459494809122
AMGN,318154,AMGEN INC,current,2022,2022-12-31,2023-02-09,0000318154-23-000017,2023-02-09T21:26:31.000Z,https://www.sec.gov/Archives/edgar/data/318154/000031815423000017/amgn-20221231.htm,dei:DocumentFiscalYearFocus,10753,45,0.0041848786385194,130,0.0120896494001673,209,0.019436436343346,-0.0079047707616479,0.0281781828326978,0.0484515949037477,0.0202734120710499,ee9fe76258fd61127f2e3875d60e9c4eb094972b2d9aa4041d2d55c537784af3,e2d1328682bab7d2187684fb9f5420bb730401c9eefc00daf835edd203f4859d,0.0013073328949483,0.4466612202794725,101,0.1941708639593885,2023-02-09,-0.0019989508002492,0.0117255876146946,-0.017279485070939,-0.0082305133575676,-0.0529093592043258,-0.0349398417834656,same,0000318154-23-000017_same,,2021.0,-0.0023959276187079997,65121000000.0,,6552000000.0,24.899512914788147,,0.1006127055788455
AMGN,318154,AMGEN INC,current,2023,2023-12-31,2024-02-14,0000318154-24-000011,2024-02-14T21:23:32.000Z,https://www.sec.gov/Archives/edgar/data/318154/000031815424000011/amgn-20231231.htm,dei:DocumentFiscalYearFocus,10511,45,0.0042812291884692,130,0.0123679954333555,192,0.018266577870802,-0.0080867662448863,0.0290172200551802,0.0488060127485491,0.0197887926933688,84615d01b0e7ea1f991802f293678c4e104e3aa4d7c8a37c69250ee959feaf60,e2d1328682bab7d2187684fb9f5420bb730401c9eefc00daf835edd203f4859d,0.0011983842714495,0.768128519709162,101,0.1951315991843231,2024-02-14,-0.0154056037416405,-0.0122108369318368,-0.0361054935977495,-0.026722389092096,-0.1263299994106344,-0.1193875452012547,same,0000318154-24-000011_same,,2022.0,-0.00018199548323839972,97154000000.0,,6717000000.0,25.299563185365383,,0.0691376577392593
AMGN,318154,AMGEN INC,current,2024,2024-12-31,2025-02-14,0000318154-25-000010,2025-02-14T21:18:41.000Z,https://www.sec.gov/Archives/edgar/data/318154/000031815425000010/amgn-20241231.htm,dei:DocumentFiscalYearFocus,10369,46,0.0044363005111389,113,0.0108978686469283,188,0.018130967306394,-0.0064615681357893,0.0286430706914842,0.0487993056225286,0.0201562349310444,8fe45e5481da229d28d5a2f44d5f15599e856b75e54240cd97538d94e6fb6799,e2d1328682bab7d2187684fb9f5420bb730401c9eefc00daf835edd203f4859d,-0.0021094551386987,0.558476402108547,101,0.0923562181102877,2025-02-14,-0.0003572831072554,-0.0123368574443409,0.0289134676228833,0.0104129472598404,0.0804083464475517,0.0644133719900742,same,0000318154-25-000010_same,,2023.0,0.0016251981090969992,91839000000.0,,4090000000.0,25.243302880956644,,0.0445344570389485
AMGN,318154,AMGEN INC,current,2025,2025-12-31,2026-02-13,0000318154-26-000010,2026-02-13T21:07:34.000Z,https://www.sec.gov/Archives/edgar/data/318154/000031815426000010/amgn-20251231.htm,dei:DocumentFiscalYearFocus,10817,60,0.0055468244430063,116,0.0107238605898123,206,0.0190440972543219,-0.0051770361468059,0.0272718868447813,0.0495516316908569,0.0222797448460756,2925abf89a91efe9d70cfdca385bcc90d9ef96439ba4c01cbd044524dfb9daa9,e2d1328682bab7d2187684fb9f5420bb730401c9eefc00daf835edd203f4859d,0.0009062424100469,0.5398070582867172,101,0.0480460906842773,2026-02-13,0.0303181710309165,0.0395397010582252,0.0085144571867244,0.021641087612321,0.0268486973840257,0.0339634173378905,same,0000318154-26-000010_same,,2024.0,0.0012845319889833997,90586000000.0,,7711000000.0,25.22956551266876,,0.0851235290221447
AMZN,1018724,AMAZON COM INC,current,2016,2016-12-31,2017-02-10,0001018724-17-000011,2017-02-09T22:56:36.000Z,https://www.sec.gov/Archives/edgar/data/1018724/000101872417000011/amzn-20161231x10k.htm,cover_fiscal_year_ended,7509,48,0.006392329204954,53,0.0070581968304701,103,0.0137168730856305,-0.000665867625516,0.0299640431482221,0.0467439073112265,0.0167798641630043,3bf235e9d2774088895c94ac8720c64592bdb634a316c82b6ca0452b1ff42d4e,e2d1328682bab7d2187684fb9f5420bb730401c9eefc00daf835edd203f4859d,0.0002157276178003,1.2934410081083074,101,0.303638895441965,2017-02-10,0.000915430028272,0.0058364173221652,0.0094901675107335,0.0181849401168068,-0.0348545463138218,-0.0235468281306076,same,0001018724-17-000011_same,,,,83402000000.0,,2371000000.0,25.14693812683893,,0.02842857485432
AMZN,1018724,AMAZON COM INC,current,2017,2017-12-31,2018-02-02,0001018724-18-000005,2018-02-02T01:41:15.000Z,https://www.sec.gov/Archives/edgar/data/1018724/000101872418000005/amzn-20171231x10k.htm,cover_fiscal_year_ended,7964,52,0.0065293822199899,47,0.0059015570065293,118,0.0148166750376695,0.0006278252134605,0.030763435459568,0.0448267202410848,0.0140632847815168,c905cbff85cc7027a1fea4f88fd55b8ec5a76a088c25a29350548273304e4277,e2d1328682bab7d2187684fb9f5420bb730401c9eefc00daf835edd203f4859d,0.0004091037714698,1.843084006940665,101,0.2046776247523255,2018-02-02,0.0734200505825957,0.021671452442211,0.1112922884027923,0.0628911459659854,0.1156780828316764,0.0541668825902839,same,0001018724-18-000005_same,,2016.0,0.0012936928389765,131310000000.0,,3033000000.0,25.600826776817325,,0.0230980123372172
AMZN,1018724,AMAZON COM INC,current,2018,2018-12-31,2019-02-01,0001018724-19-000004,2019-02-01T01:22:40.000Z,https://www.sec.gov/Archives/edgar/data/1018724/000101872419000004/amzn-20181231x10k.htm,cover_fiscal_year_ended,7329,51,0.0069586573884568,49,0.0066857688634192,113,0.01541820166462,0.0002728885250375,0.0309728475917587,0.0457088279437849,0.0147359803520261,02f1cfd696f5b66bd7255f200bfbf508a137fbd1acd10acb2e0aef7fe2947e8a,e2d1328682bab7d2187684fb9f5420bb730401c9eefc00daf835edd203f4859d,0.0010751575387599,2.006015270457389,101,0.7216440898015546,2019-02-01,-0.0564183440353305,-0.0368227468192338,-0.0683853801813746,-0.027812440952588,-0.0986534293165033,-0.0618672896181402,same,0001018724-19-000004_same,,2017.0,-0.00035493668842299995,162648000000.0,,10073000000.0,25.814854193448333,,0.0619312871968914
AMZN,1018724,AMAZON COM INC,current,2019,2019-12-31,2020-01-31,0001018724-20-000004,2020-01-31T01:46:13.000Z,https://www.sec.gov/Archives/edgar/data/1018724/000101872420000004/amzn-20191231x10k.htm,dei:DocumentFiscalYearFocus,6941,49,0.0070595015127503,41,0.0059069298371992,104,0.0149834317821639,0.001152571675551,0.0338567929693127,0.0471113672381501,0.0132545742688373,4597c1e8620a28a64867502807817d3d529358cb8fc7cac5d22c6e2d67b6621b,e2d1328682bab7d2187684fb9f5420bb730401c9eefc00daf835edd203f4859d,-0.0007758851981245,1.1303205823686004,101,0.5340878998171721,2020-01-31,0.0889637156114655,0.0856825241649545,0.0861274471710245,0.0843583728893275,0.10876587422451,0.1003944051919407,same,0001018724-20-000004_same,,2018.0,0.0008796831505134999,225248000000.0,,11588000000.0,26.140467854372133,,0.0514455178292371
AMZN,1018724,AMAZON COM INC,current,2020,2020-12-31,2021-02-03,0001018724-21-000004,2021-02-03T00:44:10.000Z,https://www.sec.gov/Archives/edgar/data/1018724/000101872421000004/amzn-20201231.htm,dei:DocumentFiscalYearFocus,7378,51,0.0069124423963133,58,0.0078612089997289,115,0.0155868799132556,-0.0009487666034155,0.0313092979127134,0.0460829493087557,0.0147736513960422,a6ff65b05064a3dc56b803e03dcc057c28205e3884586b89c0b5110bc68d3370,e2d1328682bab7d2187684fb9f5420bb730401c9eefc00daf835edd203f4859d,-0.0009201085389598,1.3657204178013589,101,0.4784953000027402,2021-02-03,-0.0357025684684388,-0.0290418209955071,-0.0124377321888679,-0.006518074148249,-0.0225655351517346,-0.0266810574150089,same,0001018724-21-000004_same,,2019.0,-0.0021013382789665,321195000000.0,,21331000000.0,26.4953142522727,,0.0664113700400068
AMZN,1018724,AMAZON COM INC,current,2021,2021-12-31,2022-02-04,0001018724-22-000005,2022-02-03T23:46:51.000Z,https://www.sec.gov/Archives/edgar/data/1018724/000101872422000005/amzn-20211231.htm,dei:DocumentFiscalYearFocus,6908,48,0.0069484655471916,51,0.0073827446438911,102,0.0147654892877822,-0.0004342790966994,0.0315576143601621,0.0471916618413433,0.0156340474811812,966e274ade7631c923c293fdc9b2aebf89193627e56602a22cb50356c4db998f,e2d1328682bab7d2187684fb9f5420bb730401c9eefc00daf835edd203f4859d,-0.0005533694411064,1.0806147277738258,101,0.3965152864048817,2022-02-04,0.0855540618303317,0.0820449850060526,0.0730251316265401,0.0704629915117045,0.0890693917129208,0.0847894269259693,same,0001018724-22-000005_same,,2020.0,0.0005144875067161001,420549000000.0,,33364000000.0,26.764826837513485,,0.079334393851846
AMZN,1018724,AMAZON COM INC,current,2022,2022-12-31,2023-02-03,0001018724-23-000004,2023-02-02T23:27:34.000Z,https://www.sec.gov/Archives/edgar/data/1018724/000101872423000004/amzn-20221231.htm,dei:DocumentFiscalYearFocus,6833,51,0.0074637787209132,56,0.0081955217327674,103,0.0150739060441972,-0.0007317430118542,0.0327820869310698,0.0480023415776379,0.0152202546465681,36a01d614c711faee4ea3513fab7b83e5e201085a10823ce13aebd265d8d763e,e2d1328682bab7d2187684fb9f5420bb730401c9eefc00daf835edd203f4859d,-0.0035180229025315,1.4768730246390325,101,0.6407314578755381,2023-02-03,-0.0090127831114824,-0.0204231729310503,-0.0102622987678611,-0.0229233048403749,0.0184806277117471,-0.0164110208375813,same,0001018724-23-000004_same,,2021.0,-0.0002974639151548,462675000000.0,,-2722000000.0,26.860290700710223,,-0.0058831793375479
AMZN,1018724,AMAZON COM INC,current,2023,2023-12-31,2024-02-02,0001018724-24-000008,2024-02-01T23:48:30.000Z,https://www.sec.gov/Archives/edgar/data/1018724/000101872424000008/amzn-20231231.htm,dei:DocumentFiscalYearFocus,6636,55,0.0082881253767329,53,0.0079867389993972,102,0.0153707052441229,0.0003013863773357,0.0320976491862567,0.0477697408077154,0.0156720916214587,104235e78e8d4c1d241be6b5693b7842f110b0967f96f79b23530e3b98849ce8,e2d1328682bab7d2187684fb9f5420bb730401c9eefc00daf835edd203f4859d,-0.0002212067483413,1.5988759991182837,101,0.4499257377017239,2024-02-02,0.0649238059208176,0.0762327929360767,0.0390823026658304,0.0458206649266295,0.0640638605961158,0.0778332875749674,same,0001018724-24-000008_same,,2022.0,0.0010331293891899,527854000000.0,,30425000000.0,26.9920855672638,,0.0576390441296267
AMZN,1018724,AMAZON COM INC,current,2024,2024-12-31,2025-02-07,0001018724-25-000004,2025-02-06T23:40:29.000Z,https://www.sec.gov/Archives/edgar/data/1018724/000101872425000004/amzn-20241231.htm,dei:DocumentFiscalYearFocus,6716,55,0.0081893984514592,48,0.0071471113758189,103,0.0153365098272781,0.0010422870756402,0.0306730196545562,0.0457117331745086,0.0150387135199523,d4c6dcf5b92f7caa27c947366ba6a9683d88fc1d54c5e762b79a8edf9de3b355,e2d1328682bab7d2187684fb9f5420bb730401c9eefc00daf835edd203f4859d,0.001455487285099,1.611330915433156,101,0.5104900736456264,2025-02-07,-0.0176595471544613,-0.0127477355147046,-0.0604535203578348,-0.0443710598295021,-0.0517514637487474,-0.0312537724420238,same,0001018724-25-000004_same,,2023.0,0.0007409006983045,624894000000.0,,59248000000.0,27.160847872299108,,0.0948128802644928
AMZN,1018724,AMAZON COM INC,current,2025,2025-12-31,2026-02-06,0001018724-26-000004,2026-02-05T23:44:31.000Z,https://www.sec.gov/Archives/edgar/data/1018724/000101872426000004/amzn-20251231.htm,dei:DocumentFiscalYearFocus,6451,57,0.0088358394047434,57,0.0088358394047434,104,0.0161215315454968,0.0,0.0319330336381956,0.0483645946364904,0.0164315609982948,a2b84adb7ec9f6ea9474a798244f5b9a2ca7773092e1d233ba4db9d131ec1f3b,e2d1328682bab7d2187684fb9f5420bb730401c9eefc00daf835edd203f4859d,-0.0003746047526654,1.7163681990741315,101,0.3871790264208375,2026-02-06,-0.1270692541924668,-0.1194993186570296,-0.1604911039090662,-0.1664753793080429,-0.155607214748766,-0.1731710410942015,same,0001018724-26-000004_same,,2024.0,-0.0010422870756402,818042000000.0,,77670000000.0,27.43017951697433,,0.094946225254938
AXP,4962,AMERICAN EXPRESS CO,current,2016,2016-12-31,2017-02-17,0001193125-17-047588,2017-02-17T16:45:00.000Z,https://www.sec.gov/Archives/edgar/data/4962/000119312517047588/d321397d10k.htm,cover_fiscal_year_ended,22536,100,0.0044373446929357,290,0.0128682996095136,476,0.0211217607383741,-0.0084309549165779,0.0359424920127795,0.063809016684416,0.0278665246716364,ff41843216f304dba946b731f18b9628ac873854f8b168357419097746b1f089,e2d1328682bab7d2187684fb9f5420bb730401c9eefc00daf835edd203f4859d,0.0013031007050186,0.992868554849499,101,0.1930600299899775,2017-02-17,-0.0060761451055328,-0.0022157825660065,-0.0098327857349695,-0.0008194711734628,-0.0154537050191021,-0.001308738720003,same,0001193125-17-047588_same,,,,158893000000.0,138392000000.0,5408000000.0,25.79149685665529,0.8709760656542453,0.0340354829979923
AXP,4962,AMERICAN EXPRESS CO,current,2017,2017-12-31,2018-02-16,0000004962-18-000032,2018-02-16T21:54:58.000Z,https://www.sec.gov/Archives/edgar/data/4962/000000496218000032/axp201710k.htm,cover_fiscal_year_ended,23143,112,0.004839476299529,288,0.0124443676273603,482,0.0208270319319016,-0.0076048913278313,0.0373763124918982,0.065592187702545,0.0282158752106468,8e5103fc07c8e3e47187fa54de5162ef33dcb3efba98dbfcca7f264fb089a15f,e2d1328682bab7d2187684fb9f5420bb730401c9eefc00daf835edd203f4859d,0.0002088451926754,0.8950632676084143,101,0.1937590932466616,2018-02-16,0.0034090029860785,0.0033428309748826,0.0101204404484107,0.0096836705316347,0.0729840032948427,0.0674394103782853,same,0000004962-18-000032_same,,2016.0,0.0008260635887465994,181159000000.0,162932000000.0,2736000000.0,25.922640935636853,0.8993867265772056,0.0151027550383916
AXP,4962,AMERICAN EXPRESS CO,current,2018,2018-12-31,2019-02-13,0000004962-19-000018,2019-02-13T22:21:47.000Z,https://www.sec.gov/Archives/edgar/data/4962/000000496219000018/axp201810k.htm,cover_fiscal_year_ended,20542,88,0.0042839061435108,275,0.0133872066984714,445,0.0216629344757083,-0.0091033005549605,0.0363158407165806,0.0650861649303865,0.0287703242138058,734e8eafdbcca07cbf94274871ffdc395c4e1cf289d71eccaff5d4ab7ec82396,e2d1328682bab7d2187684fb9f5420bb730401c9eefc00daf835edd203f4859d,0.0004698038450035,1.0362908688655426,101,0.7042992684282933,2019-02-13,-0.003574944930809,-0.0016842229219479,-0.0110231349410504,-0.0067537335779561,0.0067207097962558,0.0123855364445863,same,0000004962-19-000018_same,,2017.0,-0.0014984092271291992,188602000000.0,166312000000.0,6921000000.0,25.96290481154341,0.8818146149033415,0.0366963234748305
AXP,4962,AMERICAN EXPRESS CO,current,2019,2019-12-31,2020-02-13,0000004962-20-000030,2020-02-13T21:04:42.000Z,https://www.sec.gov/Archives/edgar/data/4962/000000496220000030/axp-20191231.htm,dei:DocumentFiscalYearFocus,19420,82,0.0042224510813594,284,0.0146240988671472,466,0.0239958805355303,-0.0104016477857878,0.0327497425334706,0.0640576725025746,0.031307929969104,62950401159d0ed68d37bf91df95634aff5b10905c351e7e74f8c97fe38e1c76,e2d1328682bab7d2187684fb9f5420bb730401c9eefc00daf835edd203f4859d,-0.0008681269219848,1.3300146660611534,101,0.5861578531912266,2020-02-13,0.0179676027497651,0.017566312126978,0.0210313633605998,0.0207219589425915,0.018119426795004,0.0089223688529299,same,0000004962-20-000030_same,,2018.0,-0.0012983472308273,198321000000.0,175250000000.0,6759000000.0,26.01315276701642,0.8836683961859814,0.0340811109262256
AXP,4962,AMERICAN EXPRESS CO,current,2020,2020-12-31,2021-02-12,0000004962-21-000013,2021-02-12T19:26:54.000Z,https://www.sec.gov/Archives/edgar/data/4962/000000496221000013/axp-20201231.htm,dei:DocumentFiscalYearFocus,22083,122,0.0055246116922519,370,0.0167549698863379,491,0.0222342978761943,-0.0112303581940859,0.0306570665217588,0.0612688493411221,0.0306117828193633,fa0e21ba2bfd36d0d30d3e38ef00b5da73d66ccb18fde1d045bc506ce7acf96b,e2d1328682bab7d2187684fb9f5420bb730401c9eefc00daf835edd203f4859d,0.0014736468252528,1.1843883064917722,101,0.2201683549091059,2021-02-12,0.0077159109348682,0.0132070809433005,-0.0056082054797562,0.0046352759400928,0.0683148918336567,0.0847680999777219,same,0000004962-21-000013_same,,2019.0,-0.0008287104082981,191367000000.0,168383000000.0,3135000000.0,25.9774588873072,0.8798956977953357,0.0163821348508363
AXP,4962,AMERICAN EXPRESS CO,current,2021,2021-12-31,2022-02-11,0000004962-22-000008,2022-02-11T20:42:21.000Z,https://www.sec.gov/Archives/edgar/data/4962/000000496222000008/axp-20211231.htm,dei:DocumentFiscalYearFocus,22083,114,0.0051623420730878,335,0.0151700403024951,502,0.0227324186025449,-0.0100076982294072,0.0314268894624824,0.0609518634243535,0.0295249739618711,c9f0df76f2498b965fafaf365fbe21412358f93754d1d0c44616946f27ce42f2,e2d1328682bab7d2187684fb9f5420bb730401c9eefc00daf835edd203f4859d,0.0003861102049793,1.2818248612221033,101,0.3254501146737306,2022-02-11,0.030660440953298,0.0202848702182713,0.0546886272627533,0.05700827675614,0.0906088111655134,0.0868962987102781,same,0000004962-22-000008_same,,2020.0,0.001222659964678699,188548000000.0,166371000000.0,8060000000.0,25.962618453328545,0.8823800835861425,0.0427477353246918
AXP,4962,AMERICAN EXPRESS CO,current,2022,2022-12-31,2023-02-10,0000004962-23-000006,2023-02-10T20:21:14.000Z,https://www.sec.gov/Archives/edgar/data/4962/000000496223000006/axp-20221231.htm,dei:DocumentFiscalYearFocus,21850,124,0.0056750572082379,326,0.0149199084668192,518,0.0237070938215102,-0.0092448512585812,0.0354691075514874,0.0651258581235697,0.0296567505720823,7382cb3be2cec55a15164720f2dada0c9527326d0432ea643f2a970c7ce0adc9,e2d1328682bab7d2187684fb9f5420bb730401c9eefc00daf835edd203f4859d,0.0003573293683526,1.1410031709712587,101,0.7582611294579479,2023-02-10,0.0064372541528428,0.0081880420898364,0.0107341730958175,0.0145184132589303,0.0480991859027144,0.0486524165704491,same,0000004962-23-000006_same,,2021.0,0.0007628469708260005,228354000000.0,203643000000.0,7514000000.0,26.154162893393565,0.8917864368480517,0.0329050509296968
AXP,4962,AMERICAN EXPRESS CO,current,2023,2023-12-31,2024-02-09,0000004962-24-000013,2024-02-09T19:08:08.000Z,https://www.sec.gov/Archives/edgar/data/4962/000000496224000013/axp-20231231.htm,dei:DocumentFiscalYearFocus,22390,116,0.0051808843233586,358,0.0159892809289861,529,0.023626619026351,-0.0108083966056275,0.033363108530594,0.0640017865118356,0.0306386779812416,c11ba077478799900d360fd648460830ae49d8ca0d798a20b64447d3f813ccc7,e2d1328682bab7d2187684fb9f5420bb730401c9eefc00daf835edd203f4859d,0.000550498277274,1.1019197116629682,101,0.4174918501039418,2024-02-09,0.0076027129611553,0.0098009021895469,0.0072200760465082,0.0122783923259806,0.0169243598276811,0.0250526062082946,same,0000004962-24-000013_same,,2022.0,-0.0015635453470462992,261108000000.0,233051000000.0,8374000000.0,26.288199951783795,0.8925463792760084,0.0320710204206688
AXP,4962,AMERICAN EXPRESS CO,current,2024,2024-12-31,2025-02-07,0000004962-25-000016,2025-02-07T19:10:04.000Z,https://www.sec.gov/Archives/edgar/data/4962/000000496225000016/axp-20241231.htm,dei:DocumentFiscalYearFocus,22368,135,0.0060354077253218,326,0.014574391988555,510,0.0228004291845493,-0.0085389842632331,0.0353183118741058,0.06495886981402,0.0296405579399141,b7d2fe852ac5e0ec5925f026055ee275b0f17629063b6d9c0d15f7e23217f5df,e2d1328682bab7d2187684fb9f5420bb730401c9eefc00daf835edd203f4859d,0.0013308291767202,1.1832249938683947,101,0.360591768358334,2025-02-07,-0.0373422493537544,-0.0331863123588419,-0.0528121841263901,-0.0417298453297267,-0.047911394701961,-0.0319273536738933,same,0000004962-25-000016_same,,2023.0,0.0022694123423943995,271461000000.0,241197000000.0,10129000000.0,26.32708431959343,0.8885143722302651,0.0373129105101653
AXP,4962,AMERICAN EXPRESS CO,current,2025,2025-12-31,2026-02-06,0000004962-26-000080,2026-02-06T17:31:47.000Z,https://www.sec.gov/Archives/edgar/data/4962/000000496226000080/axp-20251231.htm,dei:DocumentFiscalYearFocus,21767,133,0.0061101667662057,283,0.0130013322920016,469,0.0215463775439886,-0.0068911655257959,0.0367988239077502,0.0647769559424817,0.0279781320347314,6e5b2cdc027012a84c191f88220dc6a29293b8c2deb61f1a0c8a2b93393ab68a,e2d1328682bab7d2187684fb9f5420bb730401c9eefc00daf835edd203f4859d,0.0015843457132407,1.0734242358987776,101,0.2413115693591385,2026-02-06,-0.0008996497681086,0.0047444541952148,-0.0021469720021375,0.0085988551194551,-0.0562916666061065,-0.0402417233376071,same,0000004962-26-000080_same,,2024.0,0.0016478187374371995,300052000000.0,266578000000.0,10833000000.0,26.42722162991545,0.8884393371815552,0.0361037420180502
BAC,70858,BANK OF AMERICA CORP /DE/,current,2016,2016-12-31,2017-02-23,0000070858-17-000013,2017-02-23T21:11:19.000Z,https://www.sec.gov/Archives/edgar/data/70858/000007085817000013/bac-1231201610xk.htm,cover_fiscal_year_ended,56670,252,0.0044467972472207,1249,0.0220398800070584,1249,0.0220398800070584,-0.0175930827598376,0.0312511028763013,0.0620434092112228,0.0307923063349214,ad32fe7e4e226de613c0649ce7013e2bf77972498683fa99182ec120119d92f4,e2d1328682bab7d2187684fb9f5420bb730401c9eefc00daf835edd203f4859d,0.0031510295760793,1.2479116523443876,101,0.2287632975044804,2017-02-23,-0.032795852152066,-0.0231369593753076,-0.0264232728323811,-0.0026315816387962,-0.006531305100229,0.0328251062652653,same,0000070858-17-000013_same,,,,2187702000000.0,1920862000000.0,17906000000.0,28.413872793771983,0.8780272633109995,0.0081848441881024
BAC,70858,BANK OF AMERICA CORP /DE/,current,2017,2017-12-31,2018-02-22,0000070858-18-000009,2018-02-22T21:10:05.000Z,https://www.sec.gov/Archives/edgar/data/70858/000007085818000009/bac-1231201710xk.htm,cover_fiscal_year_ended,49602,221,0.0044554655054231,1007,0.0203016007419055,1117,0.0225192532559171,-0.0158461352364824,0.0308656908995605,0.061731381799121,0.0308656908995605,fbe30d05e5b763f5f39711a96387ea30dbcb522f6f39f8ccecb2efdb5292f693,e2d1328682bab7d2187684fb9f5420bb730401c9eefc00daf835edd203f4859d,0.0013070897172698,1.289768102215877,101,0.1783563385658109,2018-02-22,-0.0155587703532643,-0.0083035962364466,-0.0118117684347687,-0.001187907201118,-0.0082837951635028,0.0078730821489986,same,0000070858-18-000009_same,,2016.0,0.0017469475233551982,2281234000000.0,2014088000000.0,18232000000.0,28.455737640553988,0.8828940827639777,0.0079921656436823
BAC,70858,BANK OF AMERICA CORP /DE/,current,2018,2018-12-31,2019-02-26,0000070858-19-000012,2019-02-26T21:38:01.000Z,https://www.sec.gov/Archives/edgar/data/70858/000007085819000012/bac-1231201810xk.htm,dei:DocumentFiscalYearFocus,44360,186,0.0041929666366095,917,0.0206717763751127,1000,0.0225428313796212,-0.0164788097385031,0.0295536519386835,0.060888187556357,0.0313345356176735,b8ca7fd9e37c83045ec8fea1116d0a8216b652c323a8aff7d929f6fb90a7240e,e2d1328682bab7d2187684fb9f5420bb730401c9eefc00daf835edd203f4859d,0.0006435026608749,0.9949786895930718,101,0.51671948575852,2019-02-26,0.0135827563461817,0.0155137797357638,-0.009463177481978,-0.0049930640410612,-0.0078411400877938,-0.0007882978172529,same,0000070858-19-000012_same,,2017.0,-0.000632674502020699,2354507000000.0,2089182000000.0,28147000000.0,28.487352479655968,0.8873118661358832,0.0119545195660917
BAC,70858,BANK OF AMERICA CORP /DE/,current,2019,2019-12-31,2020-02-19,0000070858-20-000011,2020-02-19T21:18:13.000Z,https://www.sec.gov/Archives/edgar/data/70858/000007085820000011/bac-1231201910xk.htm,dei:DocumentFiscalYearFocus,40191,163,0.0040556343459978,793,0.0197307854992411,976,0.0242840436913736,-0.0156751511532432,0.0271204996143415,0.059689980343858,0.0325694807295165,aa23eadcaf2997490916c5790f75ab578c6d9a413d1dc2906f30bcded30ab40f,e2d1328682bab7d2187684fb9f5420bb730401c9eefc00daf835edd203f4859d,0.0006576907600484,1.3766413873820609,101,0.4453206274244441,2020-02-19,0.0010535611822143,0.0022621732821734,-0.0047588215009204,-0.0174233605200516,-0.0299953331120957,-0.049786914630251,same,0000070858-20-000011_same,,2018.0,0.0008036585852598983,2434079000000.0,2169269000000.0,27430000000.0,28.520589566828303,0.8912073108555638,0.0112691494400962
BAC,70858,BANK OF AMERICA CORP /DE/,current,2020,2020-12-31,2021-02-24,0000070858-21-000023,2021-02-24T21:56:31.000Z,https://www.sec.gov/Archives/edgar/data/70858/000007085821000023/bac-20201231.htm,dei:DocumentFiscalYearFocus,44975,173,0.00384658143413,858,0.019077265147304,1068,0.0237465258476931,-0.0152306837131739,0.0263479710950528,0.0583212896053363,0.0319733185102834,0ccbdf43fc7fb951f7ff5a2d3b95f877f4ee29275dd3c2b18ed85e03106ede21,e2d1328682bab7d2187684fb9f5420bb730401c9eefc00daf835edd203f4859d,0.0013090310219065,0.9180348748323218,101,0.183418806590293,2021-02-24,0.0293395428796419,0.0342396337530731,0.040483269508677,0.0498446834498091,0.0744849914492401,0.0912040583202153,same,0000070858-21-000023_same,,2019.0,0.0004444674400693009,2819627000000.0,2546703000000.0,17894000000.0,28.66762572262664,0.903205636773942,0.0063462294835451
BAC,70858,BANK OF AMERICA CORP /DE/,current,2021,2021-12-31,2022-02-22,0000070858-22-000062,2022-02-22T22:15:02.000Z,https://www.sec.gov/Archives/edgar/data/70858/000007085822000062/bac-20211231.htm,dei:DocumentFiscalYearFocus,38769,208,0.0053651113002656,717,0.0184941577033196,1039,0.0267997626970001,-0.0131290464030539,0.0275735768268461,0.0613892543011168,0.0338156774742706,7e4b53fb99fcb50612ee6159ea8f5f3113df75e800a7102363dab97438c1bee7,e2d1328682bab7d2187684fb9f5420bb730401c9eefc00daf835edd203f4859d,0.0011179760313588,0.9975460370209688,101,0.2967531208988364,2022-02-22,0.0040685552060965,0.0075101418749473,-0.0472500449673101,-0.0393783638208391,-0.1057325402973225,-0.0933742558296828,same,0000070858-22-000062_same,,2020.0,0.002101637310120001,3169495000000.0,2899429000000.0,31978000000.0,28.784593385133498,0.9147921041049126,0.0100893044475539
BAC,70858,BANK OF AMERICA CORP /DE/,current,2022,2022-12-31,2023-02-22,0000070858-23-000092,2023-02-22T21:33:50.000Z,https://www.sec.gov/Archives/edgar/data/70858/000007085823000092/bac-20221231.htm,dei:DocumentFiscalYearFocus,38620,163,0.0042206110823407,733,0.0189798032107716,1046,0.0270844122216468,-0.0147591921284308,0.02594510616261,0.0604867944070429,0.0345416882444329,3b7283aa096e1fc6f4c7b5e71a021ce25b5735db6e1aa426b01d053ffbf755bf,e2d1328682bab7d2187684fb9f5420bb730401c9eefc00daf835edd203f4859d,0.0004231208184104,0.9628392386656824,101,0.5661727098178359,2023-02-22,-0.016606363169461,-0.0147318243014177,-0.0025202661371001,0.0019393832900563,-0.0036997486551499,0.002648165721693,same,0000070858-23-000092_same,,2021.0,-0.0016301457253769004,3051375000000.0,2778178000000.0,27528000000.0,28.74661342463134,0.9104675760927452,0.0090215066978001
BAC,70858,BANK OF AMERICA CORP /DE/,current,2023,2023-12-31,2024-02-20,0000070858-24-000122,2024-02-20T22:01:30.000Z,https://www.sec.gov/Archives/edgar/data/70858/000007085824000122/bac-20231231.htm,dei:DocumentFiscalYearFocus,38667,172,0.0044482375151938,731,0.0189050094395737,1046,0.0270514909354229,-0.0144567719243799,0.0261721881707916,0.0610856802958595,0.0349134921250678,f73fd50d7fdbf379e0241d2890d28cddc38dd95397b586bad8eaebab050d97fe,e2d1328682bab7d2187684fb9f5420bb730401c9eefc00daf835edd203f4859d,0.0004285652522277,1.1995464169294314,101,0.3121363737345102,2024-02-20,-0.0007190297052514,-0.0013379230663189,-0.0001336629535502,0.0083193493939671,0.0197380651397541,0.026572192790197,same,0000070858-24-000122_same,,2022.0,0.0003024202040509006,3180151000000.0,2888505000000.0,26515000000.0,28.78794979587002,0.9082917760823308,0.0083376544069762
BAC,70858,BANK OF AMERICA CORP /DE/,current,2024,2024-12-31,2025-02-25,0000070858-25-000139,2025-02-25T22:07:15.000Z,https://www.sec.gov/Archives/edgar/data/70858/000007085825000139/bac-20241231.htm,dei:DocumentFiscalYearFocus,37149,142,0.0038224447495221,711,0.0191391423726076,1040,0.0279953699965005,-0.0153166976230854,0.0250881584968639,0.060647662117419,0.035559503620555,da0496ae1e7c8b35371941720f8139008428e36a720184c962c36a5363662734,e2d1328682bab7d2187684fb9f5420bb730401c9eefc00daf835edd203f4859d,0.0010799508698402,0.9626596935384945,101,0.2818353390030806,2025-02-25,-0.0135890318907538,-0.0099939679232808,0.0254265854251505,0.0341408610675774,-0.050296443081283,-0.0363284974985291,same,0000070858-25-000139_same,,2023.0,-0.0008599256987055007,3261519000000.0,2965960000000.0,27132000000.0,28.81321415370599,0.9093799545549176,0.0083188232231668
BAC,70858,BANK OF AMERICA CORP /DE/,current,2025,2025-12-31,2026-02-25,0000070858-26-000157,2026-02-25T22:01:44.000Z,https://www.sec.gov/Archives/edgar/data/70858/000007085826000157/bac-20251231.htm,dei:DocumentFiscalYearFocus,37460,142,0.0037907100907634,697,0.0186065136145221,1024,0.0273358248798718,-0.0148158035237586,0.0257608115323011,0.0604111051788574,0.0346502936465563,4e83141ab1207c01b52cb5e459fdbfa9ee11851a3da924a9e58f209f6df76dc5,e2d1328682bab7d2187684fb9f5420bb730401c9eefc00daf835edd203f4859d,-0.0001664207963006,0.8027536360049847,101,0.2084551877680934,2026-02-25,0.0164021109218899,0.0138470701642094,-0.0566403247103335,-0.0584040044455052,-0.0463074516589052,-0.0489450993684236,same,0000070858-26-000157_same,,2024.0,0.0005008940993268002,3411738000000.0,3108495000000.0,30509000000.0,28.85824295480191,0.9111177353008936,0.0089423631005663
BLK,1364742,"BlackRock Finance, Inc.",predecessor,2016,2016-12-31,2017-02-28,0001564590-17-002816,2017-02-28T15:14:26.000Z,https://www.sec.gov/Archives/edgar/data/1364742/000156459017002816/blk-10k_20161231.htm,cover_fiscal_year_ended,14698,64,0.0043543339229827,147,0.0100013607293509,209,0.0142196217172404,-0.0056470268063682,0.0502109130493944,0.0666077017281262,0.0163967886787318,a4f078278f65937e95306194d66fc130f2744f1faa49e15129dc647903e3c46e,e2d1328682bab7d2187684fb9f5420bb730401c9eefc00daf835edd203f4859d,-0.0004276474882962,1.2677349805152855,101,0.434608348135605,2017-02-28,0.008313095212439,0.0102733500841739,-0.0026162276956596,-0.0032885489634808,-0.0067343210713499,-0.0094451403350758,same,0001564590-17-002816_same,,,,220177000000.0,190833000000.0,3172000000.0,26.11769760528011,0.8667254072859563,0.0144065910608283
BLK,1364742,"BlackRock Finance, Inc.",predecessor,2017,2017-12-31,2018-02-28,0001564590-18-003744,2018-02-28T14:38:00.000Z,https://www.sec.gov/Archives/edgar/data/1364742/000156459018003744/blk-10k_20171231.htm,cover_fiscal_year_ended,14788,50,0.0033811198268866,134,0.0090614011360562,225,0.0152150392209899,-0.0056802813091695,0.0468623208006491,0.0634298079523938,0.0165674871517446,f14f7cfec993c65c1a91212a411b656528a97b607f220250f7b43a0a51cd6882,e2d1328682bab7d2187684fb9f5420bb730401c9eefc00daf835edd203f4859d,0.0012688723602633,1.358487549971487,101,0.3068794677333126,2018-02-28,-0.0044796396766983,-0.0139826173328165,-0.0063484861669984,0.0049576932167292,-0.0045149972517719,0.0110177844676657,same,0001564590-18-003744_same,,2016.0,-3.325450280129965e-05,220217000000.0,187926000000.0,4970000000.0,26.11787926079817,0.8533673603763561,0.0225686481970056
BLK,1364742,"BlackRock Finance, Inc.",predecessor,2018,2018-12-31,2019-02-28,0001564590-19-005479,2019-02-28T16:25:04.000Z,https://www.sec.gov/Archives/edgar/data/1364742/000156459019005479/blk-10k_20181231.htm,cover_fiscal_year_ended,15098,54,0.0035766326665783,124,0.0082130083454762,233,0.0154325076169029,-0.0046363756788978,0.0472247979864882,0.0621274340972314,0.0149026361107431,eff070ce6cf3d1cab2bb31b46ec33c1db0965d38786ad3200f9de0d56663a10c,e2d1328682bab7d2187684fb9f5420bb730401c9eefc00daf835edd203f4859d,-0.0004791052715897,1.0619740072188435,101,0.5723726115827451,2019-02-28,0.0050310469801967,0.0038122368202545,0.002515838240275,-0.0009026567234311,-0.0058640624601554,-0.0119281120389421,same,0001564590-19-005479_same,,2017.0,0.0010439056302716998,159573000000.0,126033000000.0,4305000000.0,25.79576733471844,0.7898140662894099,0.0269782481998834
BLK,1364742,"BlackRock Finance, Inc.",predecessor,2019,2019-12-31,2020-02-28,0001564590-20-007807,2020-02-28T16:30:05.000Z,https://www.sec.gov/Archives/edgar/data/1364742/000156459020007807/blk-10k_20191231.htm,dei:DocumentFiscalYearFocus,14236,48,0.0033717336330429,122,0.0085698229839842,230,0.0161562236583309,-0.0051980893509412,0.0457291373981455,0.0604102275920202,0.0146810901938746,57328fab6e940dd0289bdfb80a372c094c3e7a33f0bf3364d69641d0a8bc4b3e,e2d1328682bab7d2187684fb9f5420bb730401c9eefc00daf835edd203f4859d,0.0010312226705501,1.4851504098799997,101,0.5944761415795101,2020-02-28,-0.0309351329298822,-0.0309281635799673,-0.0189660689297588,-0.024519674792377,-0.0443563710126348,-0.0918780907752215,same,0001564590-20-007807_same,,2018.0,-0.0005617136720434002,168622000000.0,133693000000.0,4476000000.0,25.85092536035981,0.7928562109333301,0.0265445789991816
BLK,1364742,"BlackRock Finance, Inc.",predecessor,2020,2020-12-31,2021-02-25,0001564590-21-008796,2021-02-25T15:55:29.000Z,https://www.sec.gov/Archives/edgar/data/1364742/000156459021008796/blk-10k_20201231.htm,dei:DocumentFiscalYearFocus,15411,77,0.0049964311206281,136,0.0088248653559146,259,0.0168061774057491,-0.0038284342352864,0.0461358769709947,0.0616442800596976,0.0155084030887028,c6e2b6538c5657af47cd1ceaabb955b1235562d3f89963b691585a60a87bdef6,e2d1328682bab7d2187684fb9f5420bb730401c9eefc00daf835edd203f4859d,0.0010948892072339,1.0644160719088374,101,0.5088102650244255,2021-02-25,0.0037325035260249,0.0058655787530255,0.0112848116471253,0.0183922224479627,-0.0146160345705485,-0.0052389617867459,same,0001564590-21-008796_same,,2019.0,0.0013696551156548,176982000000.0,139326000000.0,4932000000.0,25.89931386943371,0.7872325999254162,0.027867240736346
BLK,1364742,"BlackRock Finance, Inc.",predecessor,2021,2021-12-31,2022-02-25,0001564590-22-007117,2022-02-25T15:15:26.000Z,https://www.sec.gov/Archives/edgar/data/1364742/000156459022007117/blk-10k_20211231.htm,dei:DocumentFiscalYearFocus,13994,90,0.0064313277118765,118,0.0084321852222381,226,0.0161497784764899,-0.0020008575103615,0.0460197227383164,0.0610976132628269,0.0150778905245105,8252c92af997cbc8aba7f116f55ed34dae43a7e24853cba1ddfa7850ec7687a5,e2d1328682bab7d2187684fb9f5420bb730401c9eefc00daf835edd203f4859d,-0.0011877424738481,1.1240961511097096,101,0.5236675183559735,2022-02-25,-0.019831539544085,-0.0190654331935652,-0.0245042519419084,-0.0316394054914606,-0.0581730965594074,-0.0752126860260228,same,0001564590-22-007117_same,,2020.0,0.0018275767249249,152648000000.0,113755000000.0,5901000000.0,25.75140045417445,0.7452112048634768,0.0386575651171322
BLK,1364742,"BlackRock Finance, Inc.",predecessor,2022,2022-12-31,2023-02-24,0000950170-23-004343,2023-02-24T14:35:17.000Z,https://www.sec.gov/Archives/edgar/data/1364742/000095017023004343/blk-20221231.htm,dei:DocumentFiscalYearFocus,13846,62,0.004477827531417,121,0.0087389859887332,224,0.0161779575328614,-0.0042611584573161,0.0430449227213635,0.0585006500072223,0.0154557272858587,fc2b9c8c106d3ab3d3e5c0226aa73f98e3772dfc0d2fc29a4db34480731d45e0,e2d1328682bab7d2187684fb9f5420bb730401c9eefc00daf835edd203f4859d,0.0012119769443042,1.400998594496392,101,0.7040417929539282,2023-02-24,-0.0068975105187821,-0.0041177588033829,-0.0146158861009192,-0.0187679842072555,-0.0190706788501735,-0.0154981919049048,same,0000950170-23-004343_same,,2021.0,-0.0022603009469546,117628000000.0,78843000000.0,5178000000.0,25.49079293930886,0.670274084401673,0.0440201312612643
BLK,1364742,"BlackRock Finance, Inc.",predecessor,2023,2023-12-31,2024-02-23,0000950170-24-019271,2024-02-23T14:28:07.000Z,https://www.sec.gov/Archives/edgar/data/1364742/000095017024019271/blk-20231231.htm,dei:DocumentFiscalYearFocus,14777,84,0.0056845097110374,141,0.0095418555863842,247,0.0167151654598362,-0.0038573458753468,0.0454760776882993,0.0613114975976179,0.0158354199093185,f98a09a5420568ee4723d45c86c0bdb8b7e9e372694eaf316db5df924ec2dc2f,e2d1328682bab7d2187684fb9f5420bb730401c9eefc00daf835edd203f4859d,0.000430871134191,1.2815732216436049,101,0.4969706999470176,2024-02-23,-0.0231440216542134,-0.0168720447578248,0.0001009754397297,0.0067750341748832,-0.0024827568806804,0.0099285294590928,same,0000950170-24-019271_same,,2022.0,0.00040381258196929993,123211000000.0,81971000000.0,5502000000.0,25.537164169774385,0.6652896251146407,0.0446551038462475
BLK,2012383,"BlackRock, Inc.",current,2024,2024-12-31,2025-02-25,0000950170-25-026584,2025-02-25T20:59:36.000Z,https://www.sec.gov/Archives/edgar/data/2012383/000095017025026584/blk-20241231.htm,dei:DocumentFiscalYearFocus,17925,104,0.0058019525801952,158,0.0088145048814504,323,0.0180195258019525,-0.0030125523012552,0.04557880055788,0.0607531380753138,0.0151743375174337,641db12d82cf2e58a10bd3f086223637d5386934e8f81bd742d26605eab4a9f3,e2d1328682bab7d2187684fb9f5420bb730401c9eefc00daf835edd203f4859d,0.0009356491563227,0.8552653607001951,101,0.3150931576451349,2025-02-25,-0.0156155641707112,-0.0114317831232236,0.0122091297244086,0.0232340908799377,0.0158176820346053,0.034204996539207,same,0000950170-25-026584_same,,2023.0,0.0008447935740916001,138615000000.0,89260000000.0,6369000000.0,25.654966142954525,0.6439418533347762,0.0459474082891461
BLK,2012383,"BlackRock, Inc.",current,2025,2025-12-31,2026-02-25,0001193125-26-071966,2026-02-25T21:57:59.000Z,https://www.sec.gov/Archives/edgar/data/2012383/000119312526071966/blk-20251231.htm,dei:DocumentFiscalYearFocus,18603,130,0.0069881201956673,152,0.0081707251518572,338,0.0181691125087351,-0.0011826049561898,0.0487018222867279,0.0627318174487985,0.0140299951620706,48ada4e63bfb12eaf89bea11dbc7d07456c474700af1cf34458256355d2b2bac,e2d1328682bab7d2187684fb9f5420bb730401c9eefc00daf835edd203f4859d,-0.0007547067627644,1.0436057047268812,101,0.2323311953694881,2026-02-25,0.009328166326061,0.0075185216626523,-0.0092287314076197,-0.0143793152168729,-0.0170086510540273,-0.0251320159197225,same,0001193125-26-071966_same,,2024.0,0.0018299473450654,169998000000.0,108456000000.0,5553000000.0,25.859052509221584,0.6379839762820739,0.0326650901775315
BMY,14272,BRISTOL MYERS SQUIBB CO,current,2016,2016-12-31,2017-02-21,0000014272-17-000047,2017-02-21T17:04:14.000Z,https://www.sec.gov/Archives/edgar/data/14272/000001427217000047/bmy-20161231x10xk.htm,cover_fiscal_year_ended,13364,122,0.0091290032924274,188,0.0140676444178389,173,0.0129452259802454,-0.0049386411254115,0.0243938940436994,0.0478150254414845,0.023421131397785,acd5600bf1a5b200ef75f754c5071b9066b11b572aa39bd7542dbe7cf54e85a3,e2d1328682bab7d2187684fb9f5420bb730401c9eefc00daf835edd203f4859d,-0.0015148371991523,0.601278120954712,101,0.031328614419937,2017-02-21,0.0201459028695274,0.0129521146300854,0.0531228662845927,0.0374612330729154,0.0989808602059061,0.0741925957267511,same,0000014272-17-000047_same,,,,33707000000.0,17360000000.0,4457000000.0,24.240971367868458,0.515026552348177,0.1322277271783309
BMY,14272,BRISTOL MYERS SQUIBB CO,current,2017,2017-12-31,2018-02-13,0000014272-18-000055,2018-02-13T14:26:31.000Z,https://www.sec.gov/Archives/edgar/data/14272/000001427218000055/bmy-20171231x10xk.htm,cover_fiscal_year_ended,14920,142,0.0095174262734584,202,0.013538873994638,166,0.0111260053619302,-0.0040214477211796,0.0241286863270777,0.049396782841823,0.0252680965147453,1a3624ee3e9dc92002c7d321aef779d09675fb972fa5f3b94cdea130eab83ee6,e2d1328682bab7d2187684fb9f5420bb730401c9eefc00daf835edd203f4859d,-0.0004394673478779,0.8945573513577207,101,0.0756257921321906,2018-02-13,0.0162937894476837,0.0118194918026954,0.083513412896064,0.0783523056512457,0.0761868416780131,0.0691517263342216,same,0000014272-18-000055_same,,2016.0,0.0009171934042319007,33551000000.0,21704000000.0,1007000000.0,24.23633250617922,0.6468957706178653,0.030014008524336
BMY,14272,BRISTOL MYERS SQUIBB CO,current,2018,2018-12-31,2019-02-25,0000014272-19-000047,2019-02-25T21:52:22.000Z,https://www.sec.gov/Archives/edgar/data/14272/000001427219000047/bmy-20181231x10xk.htm,cover_fiscal_year_ended,13865,115,0.0082942661377569,179,0.0129102055535521,158,0.0113956004327443,-0.0046159394157951,0.0210602235845654,0.0468806346916696,0.0258204111071042,5f207036801892fac232536b0786b29dc891f3cae61e39f1e10df3622d33d58c,e2d1328682bab7d2187684fb9f5420bb730401c9eefc00daf835edd203f4859d,-0.0010148442654246,0.9804713483718226,101,0.3246981388321232,2019-02-25,-0.002865579576708,-0.0060439326119154,0.0119228257914106,0.0047850605917892,0.0384196315103261,0.0269218992041486,same,0000014272-19-000047_same,,2017.0,-0.0005944916946155005,34986000000.0,20859000000.0,4920000000.0,24.27821381841449,0.5962099125364432,0.1406276796432858
BMY,14272,BRISTOL MYERS SQUIBB CO,current,2019,2019-12-31,2020-02-24,0000014272-20-000082,2020-02-24T21:10:27.000Z,https://www.sec.gov/Archives/edgar/data/14272/000001427220000082/bmy-20191231x10xk.htm,dei:DocumentFiscalYearFocus,14641,128,0.0087425722286729,166,0.0113380233590601,190,0.0129772556519363,-0.0025954511303872,0.0265009220681647,0.0474694351478724,0.0209685130797076,17a2ae9a9e310c252ef89e079aeed348edc5d2501e31740190009b0ba23174ba,e2d1328682bab7d2187684fb9f5420bb730401c9eefc00daf835edd203f4859d,0.0020943469715688,0.7814688547119607,101,0.1721805214660504,2020-02-24,0.0049471989752337,0.0274696663200816,-0.0215884909179435,0.019593586226434,-0.0458500484491255,-0.004316025928053,same,0000014272-20-000082_same,,2018.0,0.0020204882854079,129944000000.0,78246000000.0,3439000000.0,25.590369425363505,0.6021516961152497,0.0264652465677522
BMY,14272,BRISTOL MYERS SQUIBB CO,current,2020,2020-12-31,2021-02-10,0000014272-21-000066,2021-02-10T20:13:50.000Z,https://www.sec.gov/Archives/edgar/data/14272/000001427221000066/bmy-20201231.htm,dei:DocumentFiscalYearFocus,17312,152,0.0087800369685767,227,0.013112292051756,257,0.0148451940850277,-0.0043322550831792,0.0304990757855822,0.0521603512014787,0.0216612754158964,b10ee2d6fa9ae5b14408b2eaea2ecfd45eba571e699726c7cf717dc482074f0e,e2d1328682bab7d2187684fb9f5420bb730401c9eefc00daf835edd203f4859d,-0.0002654691179611,0.7563806792460426,101,0.2992571711549917,2021-02-10,-0.0033115627544344,-0.0041576063850574,-0.0454849384837611,-0.0511540008597006,-0.0447174124332155,-0.0531843469130445,same,0000014272-21-000066_same,,2019.0,-0.0017368039527919997,118481000000.0,80599000000.0,-9015000000.0,25.498018447113417,0.6802694102851934,-0.0760881491547167
BMY,14272,BRISTOL MYERS SQUIBB CO,current,2021,2021-12-31,2022-02-09,0000014272-22-000051,2022-02-09T16:44:38.000Z,https://www.sec.gov/Archives/edgar/data/14272/000001427222000051/bmy-20211231.htm,dei:DocumentFiscalYearFocus,16777,146,0.008702390177028,203,0.0120998986707993,227,0.0135304285629135,-0.0033975084937712,0.029862311497884,0.0514394707039399,0.0215771592060559,0784632911a0b33b48aa86d012992057e59d07f9aefbff26ea0a6c03b2acdf03,e2d1328682bab7d2187684fb9f5420bb730401c9eefc00daf835edd203f4859d,-0.0002361849883616,0.1655061084226988,101,0.0121906065085346,2022-02-09,0.0049688633794913,0.0002524934380265,0.0467878905007117,0.05894725900191,0.0420672890647198,0.0518805000342903,same,0000014272-22-000051_same,,2020.0,0.0009347465894079996,109314000000.0,73308000000.0,6994000000.0,25.417490311758016,0.6706185849936879,0.0639808258777466
BMY,14272,BRISTOL MYERS SQUIBB CO,current,2022,2022-12-31,2023-02-14,0000014272-23-000046,2023-02-14T21:24:27.000Z,https://www.sec.gov/Archives/edgar/data/14272/000001427223000046/bmy-20221231.htm,dei:DocumentFiscalYearFocus,14970,129,0.0086172344689378,185,0.0123580494321977,200,0.0133600534402137,-0.0037408149632598,0.0257181028724114,0.0488309953239812,0.0231128924515698,53587e6a0f918bd9fab9bb59b4a63032c8f07cd353ff297577461578c258bcd2,e2d1328682bab7d2187684fb9f5420bb730401c9eefc00daf835edd203f4859d,2.2995403284448743e-05,0.2924470626550948,101,0.0979175258922657,2023-02-14,-0.014080524904624,-0.0238757963435612,-0.0317922521542082,-0.0250869070124685,-0.0350851442098695,-0.0142619925501356,same,0000014272-23-000046_same,,2021.0,-0.0003433064694885997,96820000000.0,65702000000.0,6327000000.0,25.29611942145796,0.6785994629208841,0.0653480685808717
BMY,14272,BRISTOL MYERS SQUIBB CO,current,2023,2023-12-31,2024-02-13,0000014272-24-000044,2024-02-13T16:54:06.000Z,https://www.sec.gov/Archives/edgar/data/14272/000001427224000044/bmy-20231231.htm,dei:DocumentFiscalYearFocus,15365,148,0.009632281158477,187,0.0121705174096973,202,0.0131467621217051,-0.0025382362512203,0.0251871135698014,0.049007484542792,0.0238203709729905,c2896e7b13d2f98452e2ce4cab40b5d77db0c29d5d5f392e979e37390a6c1118,e2d1328682bab7d2187684fb9f5420bb730401c9eefc00daf835edd203f4859d,-0.0023262952847786,0.6350928551427398,101,0.1234562432019712,2024-02-13,-0.0082319788168828,-0.0133704751985099,0.0401844266089784,0.0230657222255438,0.0809498006352417,0.0524055321204655,same,0000014272-24-000044_same,,2022.0,0.0012025787120395,95159000000.0,65674000000.0,8025000000.0,25.278815013708886,0.6901501697159491,0.0843325381729526
BMY,14272,BRISTOL MYERS SQUIBB CO,current,2024,2024-12-31,2025-02-12,0000014272-25-000039,2025-02-12T17:52:08.000Z,https://www.sec.gov/Archives/edgar/data/14272/000001427225000039/bmy-20241231.htm,dei:DocumentFiscalYearFocus,16389,131,0.0079931661480261,210,0.0128134724510342,206,0.0125694063091097,-0.0048203063030081,0.0255659283665873,0.0489962779913356,0.0234303496247483,b60aed83868c7784ec98bc1ddb4f693c1095f363a544482305d4b98f7d0609fb,e2d1328682bab7d2187684fb9f5420bb730401c9eefc00daf835edd203f4859d,0.0015652692793599,0.0481897553992552,101,0.0004731002166884,2025-02-12,0.0028484329797387,-0.0001102249709676,-0.0636912981048389,-0.0600279667151938,-0.0737570365517872,-0.0691587259003585,same,0000014272-25-000039_same,,2023.0,-0.0022820700517878004,92603000000.0,76215000000.0,-8948000000.0,25.251587375481968,0.823029491485157,-0.0966275390646091
BMY,14272,BRISTOL MYERS SQUIBB CO,current,2025,2025-12-31,2026-02-11,0000014272-26-000004,2026-02-11T16:35:11.000Z,https://www.sec.gov/Archives/edgar/data/14272/000001427226000004/bmy-20251231.htm,dei:DocumentFiscalYearFocus,15373,122,0.0079359916737136,190,0.0123593312951278,200,0.013009822415924,-0.0044233396214141,0.0286866584271124,0.0514538476549795,0.022767189227867,097ab9565e95ed03e4cf5644e758b514527a29f837906dfecccf8ac745bac801,e2d1328682bab7d2187684fb9f5420bb730401c9eefc00daf835edd203f4859d,0.0016949229612977,0.1744667498660913,101,0.0049275286408766,2026-02-11,-0.0167354663644997,0.004045728536572,0.0020612399104068,0.008226538177715,0.0591817923435269,0.0841626139425691,same,0000014272-26-000004_same,,2024.0,0.0003969666815940003,90038000000.0,71533000000.0,7054000000.0,25.22349764038817,0.7944756658299829,0.0783446989049068
C,831001,CITIGROUP INC,current,2016,2016-12-31,2017-02-24,0000831001-17-000038,2017-02-24T21:46:05.000Z,https://www.sec.gov/Archives/edgar/data/831001/000083100117000038/c-12312016x10k.htm,cover_fiscal_year_ended,36758,206,0.0056042222101311,704,0.0191522933783122,784,0.0213286903531204,-0.013548071168181,0.0302791229120191,0.061292779803036,0.0310136568910169,7ced7f78dc9fdb208ceb79812686c3a97d0d74b933cdfe8c3f245fcd0d43c7da,e2d1328682bab7d2187684fb9f5420bb730401c9eefc00daf835edd203f4859d,0.0011677991023263,1.338596716326765,101,0.381812548508183,2017-02-24,-0.0171889307324858,-0.0126933319640869,-0.0104614418416824,0.0041436717748609,-0.0231996020611777,-0.0054610509429818,same,0000831001-17-000038_same,,,,1792077000000.0,1565934000000.0,14912000000.0,28.21439639830816,0.8738095517101107,0.0083210710254079
C,831001,CITIGROUP INC,current,2017,2017-12-31,2018-02-23,0000831001-18-000040,2018-02-23T13:44:36.000Z,https://www.sec.gov/Archives/edgar/data/831001/000083100118000040/c-12312017x10k.htm,cover_fiscal_year_ended,34091,205,0.0060133172978205,614,0.0180106186383503,720,0.0211199436801501,-0.0119973013405297,0.0329705787451233,0.0641811621835675,0.0312105834384441,56bc931347aa752ea532157ff785a198810782ceeef89233f3e5b089889708bf,e2d1328682bab7d2187684fb9f5420bb730401c9eefc00daf835edd203f4859d,-0.0002828081052804,1.3331491750803506,101,0.2348780144087057,2018-02-23,-0.0289567170812938,-0.0202241233359938,-0.0066096135749245,-0.01071530404835,-0.0335837792296163,-0.0374248785953141,same,0000831001-18-000040_same,,2016.0,0.0015507698276513004,1842465000000.0,1640793000000.0,-6798000000.0,28.242125464900035,0.8905422898128322,-0.0036896223266113
C,831001,CITIGROUP INC,current,2018,2018-12-31,2019-02-22,0000831001-19-000027,2019-02-22T21:50:54.000Z,https://www.sec.gov/Archives/edgar/data/831001/000083100119000027/c-12312018x10k.htm,cover_fiscal_year_ended,33220,215,0.0064720048163756,624,0.018783865141481,710,0.0213726670680313,-0.0123118603251053,0.0335942203491872,0.0659542444310656,0.0323600240818783,423653ff0897e0e4633226ebea3f2794c6978be62d87f806ef170f76b915fc6e,e2d1328682bab7d2187684fb9f5420bb730401c9eefc00daf835edd203f4859d,-0.0003214784483426,1.0480685153908138,101,0.5710530154289883,2019-02-22,-0.0050187092589339,-0.0057852692060724,-0.0020038041552752,-0.0039629601992474,0.0073336578993546,0.0046796829104414,same,0000831001-19-000027_same,,2017.0,-0.0003145589845755994,1917383000000.0,1720309000000.0,18045000000.0,28.28198235137706,0.8972171965642753,0.0094112652506046
C,831001,CITIGROUP INC,current,2019,2019-12-31,2020-02-21,0000831001-20-000031,2020-02-21T22:05:55.000Z,https://www.sec.gov/Archives/edgar/data/831001/000083100120000031/c-12312019x10k.htm,dei:DocumentFiscalYearFocus,30891,197,0.0063772619856916,533,0.0172542164384448,725,0.0234696189828752,-0.0108769544527532,0.0331164416820433,0.0658444207050597,0.0327279790230164,f4315df29913c2c4dc684db173f1daeb3d16f9f54cec36bc171cef720a08cb7d,e2d1328682bab7d2187684fb9f5420bb730401c9eefc00daf835edd203f4859d,0.0002681055828872,1.6475356515042654,101,0.526933490547895,2020-02-21,0.0062960558979995,-0.0238824272063853,-0.0116496196549103,-0.0616533996674479,-0.0036261369920742,-0.0863514060719451,same,0000831001-20-000031_same,,2018.0,0.0014349058723520988,1951158000000.0,1757212000000.0,19401000000.0,28.2994441584012,0.9005995414005427,0.0099433259633509
C,831001,CITIGROUP INC,current,2020,2020-12-31,2021-02-26,0000831001-21-000042,2021-02-26T21:44:10.000Z,https://www.sec.gov/Archives/edgar/data/831001/000083100121000042/c-20201231.htm,dei:DocumentFiscalYearFocus,37227,177,0.0047546135869127,739,0.0198511832809519,949,0.0254922502484755,-0.0150965696940392,0.0265130147473607,0.0611652832621484,0.0346522685147876,10f71583f8008df6c805956e8daf1259c78fcf8ad86c962fb3673ef2ad60171f,e2d1328682bab7d2187684fb9f5420bb730401c9eefc00daf835edd203f4859d,0.001385558731652,0.8859402211128066,101,0.1530142894549732,2021-02-26,0.0161729520968672,0.0209499148183041,0.076958530379301,0.088251700639036,0.1047214184419761,0.1219570573205438,same,0000831001-21-000042_same,,2019.0,-0.004219615241285999,2260090000000.0,2059890000000.0,11047000000.0,28.44642575142868,0.9114194567472976,0.0048878584481148
C,831001,CITIGROUP INC,current,2021,2021-12-31,2022-02-28,0000831001-22-000036,2022-02-25T23:35:29.000Z,https://www.sec.gov/Archives/edgar/data/831001/000083100122000036/c-20211231.htm,dei:DocumentFiscalYearFocus,35450,160,0.0045133991537376,638,0.0179971791255289,965,0.0272214386459802,-0.0134837799717912,0.0238081805359661,0.0601128349788434,0.0363046544428772,1f7da9a3f45fdaaf7431e73e644f7a831d880df780b08826712d060b25711800,e2d1328682bab7d2187684fb9f5420bb730401c9eefc00daf835edd203f4859d,-0.0006324467562969,0.7173167309219879,101,0.2070194959388266,2022-02-28,-0.0348817027432087,-0.0380388409396812,-0.1063155211652827,-0.1148102710445578,-0.1134642553528852,-0.1090086868272627,same,0000831001-22-000036_same,,2020.0,0.0016127897222480009,2291413000000.0,2088741000000.0,21952000000.0,28.46018977377729,0.9115515186481006,0.0095801149770905
C,831001,CITIGROUP INC,current,2022,2022-12-31,2023-02-27,0000831001-23-000037,2023-02-25T02:45:33.000Z,https://www.sec.gov/Archives/edgar/data/831001/000083100123000037/c-20221231.htm,dei:DocumentFiscalYearFocus,36798,169,0.0045926409043969,687,0.0186694929072232,1080,0.0293494211641937,-0.0140768520028262,0.0245393771400619,0.0601663133865971,0.0356269362465351,9ea2a9166ba9b33a350f02d6cb80d5ddbcaadae27aff200b55a338f1531839e3,e2d1328682bab7d2187684fb9f5420bb730401c9eefc00daf835edd203f4859d,0.0005244122640308,1.0150501288633789,101,0.6689317772434893,2023-02-27,0.0152536462585571,0.0166688484388775,0.0312891786647459,0.0349015534311329,0.0189855015798783,0.0246056199035342,same,0000831001-23-000037_same,,2021.0,-0.000593072031035001,2416676000000.0,2214838000000.0,14845000000.0,28.513414158188528,0.916481150141765,0.0061427348970238
C,831001,CITIGROUP INC,current,2023,2023-12-31,2024-02-23,0000831001-24-000033,2024-02-23T22:10:34.000Z,https://www.sec.gov/Archives/edgar/data/831001/000083100124000033/c-20231231.htm,dei:DocumentFiscalYearFocus,40737,185,0.0045413260672116,771,0.0189262832314603,1190,0.0292117730809828,-0.0143849571642487,0.0257750938949849,0.0623020841004492,0.0365269902054643,c2bd2251aac4ef3e984d793bbb8a94ab002727f4b893008015c25648e6127443,e2d1328682bab7d2187684fb9f5420bb730401c9eefc00daf835edd203f4859d,0.0020225469270899,0.9611867641033818,101,0.255221849504163,2024-02-23,-0.0224181564808935,-0.017036892084325,-0.0227543761791307,-0.0091007763744584,-0.0183053087008832,0.0028852076040001,same,0000831001-24-000033_same,,2022.0,-0.00030810516142249986,2411834000000.0,2205583000000.0,9228000000.0,28.51140856987121,0.914483749710801,0.0038261339710776
C,831001,CITIGROUP INC,current,2024,2024-12-31,2025-02-21,0000831001-25-000067,2025-02-21T22:12:44.000Z,https://www.sec.gov/Archives/edgar/data/831001/000083100125000067/c-20241231.htm,dei:DocumentFiscalYearFocus,41884,216,0.0051571005634609,686,0.0163785693821029,1195,0.0285311813580364,-0.0112214688186419,0.0280297965810333,0.0631267309712539,0.0350969343902206,82b65d42e19c2d93605cbe7f9b1230c07623b9824606e80cdf4a78582856f390,e2d1328682bab7d2187684fb9f5420bb730401c9eefc00daf835edd203f4859d,0.0018288575848334,1.444179614565994,101,0.3994603551688132,2025-02-21,-0.0330947184294152,-0.0393200153650193,-0.0419200837071295,-0.0407063570904303,-0.012224650815936,0.0008990731088952,same,0000831001-25-000067_same,,2023.0,0.003163488345606799,2352945000000.0,2143579000000.0,12682000000.0,28.486688850984947,0.9110195945931588,0.0053898412415079
C,831001,CITIGROUP INC,current,2025,2025-12-31,2026-02-20,0000831001-26-000011,2026-02-20T22:06:54.000Z,https://www.sec.gov/Archives/edgar/data/831001/000083100126000011/c-20251231.htm,dei:DocumentFiscalYearFocus,36984,178,0.0048128920614319,616,0.0166558511788881,1059,0.0286340038935756,-0.0118429591174561,0.0286340038935756,0.0636761842959117,0.0350421804023361,ac3818ece451f41cd78b5195c4d60dc55e6cf035704be6811081dc9c0f52f167,e2d1328682bab7d2187684fb9f5420bb730401c9eefc00daf835edd203f4859d,0.0010862033779523,1.2903781535346504,101,0.3354825129450598,2026-02-20,-0.0427271170128619,-0.0412886125849261,0.0051505055812274,0.0174340435957298,-0.0583315391357236,-0.048923979443454,same,0000831001-26-000011_same,,2024.0,-0.0006214902988141997,2657202000000.0,2443380000000.0,14306000000.0,28.6082948054092,0.9195311459196552,0.0053838586603502
CAT,18230,CATERPILLAR INC,current,2016,2016-12-31,2017-02-15,0000018230-17-000041,2017-02-15T18:45:35.000Z,https://www.sec.gov/Archives/edgar/data/18230/000001823017000041/cat_10-kx12312016.htm,cover_fiscal_year_ended,22078,158,0.0071564453301929,656,0.0297128363076365,239,0.0108252559108614,-0.0225563909774436,0.0284898994474137,0.055032158710028,0.0265422592626143,27feaa9e886d16d7b9e98936ec9afae7233c473f850069553f95e9869738658e,e2d1328682bab7d2187684fb9f5420bb730401c9eefc00daf835edd203f4859d,0.000766562691618,1.3685682679171374,101,0.3485383112045339,2017-02-15,-0.0157901624973822,-0.0104919776739286,0.004676523312692,0.019136531795407,-0.0252552697310057,-0.0055977071928041,same,0000018230-17-000041_same,,,,74704000000.0,61491000000.0,-59000000.0,25.03679947517499,0.8231286142642964,-0.0007897836795887
CAT,18230,CATERPILLAR INC,current,2017,2017-12-31,2018-02-15,0000018230-18-000042,2018-02-15T17:14:45.000Z,https://www.sec.gov/Archives/edgar/data/18230/000001823018000042/cat_10-kx12312017.htm,cover_fiscal_year_ended,21707,190,0.0087529368406504,479,0.0220666144561662,236,0.0108720689178605,-0.0133136776155157,0.0410466669737872,0.0624222601004284,0.0213755931266411,a4d57a266a2c86e020c20644883b8a521a7540f5f2f536d4edf690e6ec2e8427,e2d1328682bab7d2187684fb9f5420bb730401c9eefc00daf835edd203f4859d,0.0026393460111706,0.9657617083294506,101,0.1209009180194561,2018-02-15,-0.0172324412967073,-0.0101992932943666,-0.0079205921002737,0.009492256158038,0.0006148977419207,0.0287768097695889,same,0000018230-18-000042_same,,2016.0,0.0092427133619279,76962000000.0,63196000000.0,759000000.0,25.06657763049218,0.8211325069514825,0.0098620098230295
CAT,18230,CATERPILLAR INC,current,2018,2018-12-31,2019-02-14,0000018230-19-000034,2019-02-14T18:25:13.000Z,https://www.sec.gov/Archives/edgar/data/18230/000001823019000034/cat_10-kx12312018.htm,cover_fiscal_year_ended,19424,188,0.0096787479406919,367,0.0188941515650741,201,0.0103480230642504,-0.0092154036243822,0.0495263591433278,0.0682660626029654,0.0187397034596375,2ddae7cfb478333739ea450e986852954494c0f000d81bdf75ddff72574b43b3,e2d1328682bab7d2187684fb9f5420bb730401c9eefc00daf835edd203f4859d,0.0009142482219119,1.4599345961731955,101,0.6396378498187045,2019-02-14,0.0074604360472613,0.0153779534798603,0.0410149609053424,0.060350951206312,0.0193080552133713,0.0396351317121299,same,0000018230-19-000034_same,,2017.0,0.004098273991133501,78509000000.0,64429000000.0,6148000000.0,25.08647910484453,0.8206575042351832,0.0783094931791259
CAT,18230,CATERPILLAR INC,current,2019,2019-12-31,2020-02-19,0000018230-20-000056,2020-02-19T19:12:34.000Z,https://www.sec.gov/Archives/edgar/data/18230/000001823020000056/cat10-k12312019.htm,dei:DocumentFiscalYearFocus,18149,120,0.006611934541848,338,0.0186236156262053,179,0.0098628023582566,-0.0120116810843572,0.0396165077965728,0.0620419857843407,0.0224254779877679,0c6a450278c3432620bc9f6a9262fae899140bfc88cf9dd59e638f9894e7fafd,e2d1328682bab7d2187684fb9f5420bb730401c9eefc00daf835edd203f4859d,0.0001941744437167,1.7201656875992253,101,0.4506324598425075,2020-02-19,-0.0047473364279383,-0.0056265164829525,0.0237131807247386,-0.0079459840836164,0.0765902902409333,0.0270501903210145,same,0000018230-20-000056_same,,2018.0,-0.0027962774599750006,78453000000.0,63824000000.0,6094000000.0,25.08576555631207,0.8135316686423719,0.0776770805450397
CAT,18230,CATERPILLAR INC,current,2020,2020-12-31,2021-02-17,0000018230-21-000063,2021-02-17T15:41:38.000Z,https://www.sec.gov/Archives/edgar/data/18230/000001823021000063/cat-20201231.htm,dei:DocumentFiscalYearFocus,15445,87,0.0056328909032049,223,0.0144383295564907,160,0.010359339592101,-0.0088054386532858,0.0346390417610877,0.0596309485270314,0.0249919067659436,d1f95cc8a6d90c0a6f958288001d470039d01f8505a5a43e286d2c6b33121227,e2d1328682bab7d2187684fb9f5420bb730401c9eefc00daf835edd203f4859d,0.0026280361859577,0.7471240663368114,101,0.1778537193640177,2021-02-17,0.0060926245024006,0.0153183688689743,0.0881492480094044,0.1086999430397859,0.0907993929012247,0.1190428627626172,same,0000018230-21-000063_same,,2019.0,0.0032062424310714006,78324000000.0,62946000000.0,3003000000.0,25.08411990638749,0.8036617128849395,0.0383407384709667
CAT,18230,CATERPILLAR INC,current,2021,2021-12-31,2022-02-16,0000018230-22-000050,2022-02-16T15:50:47.000Z,https://www.sec.gov/Archives/edgar/data/18230/000001823022000050/cat-20211231.htm,dei:DocumentFiscalYearFocus,14417,112,0.0077686065062079,192,0.0133176111534993,160,0.0110980092945827,-0.0055490046472913,0.0456405632239717,0.0639522785600333,0.0183117153360615,6db096fcf9ac51b591c7de61cef7b3215f67332b8b796dd814c10ac4cc30c284,e2d1328682bab7d2187684fb9f5420bb730401c9eefc00daf835edd203f4859d,0.0004407606664092,0.8992960148695172,101,0.2333524482411524,2022-02-16,-0.0222167612108599,-0.020438772609067,-0.0218033772685819,-0.0142221869374778,-0.0437542786348419,-0.0336997014227462,same,0000018230-22-000050_same,,2020.0,0.003256434005994499,82793000000.0,66277000000.0,6493000000.0,25.139609353701022,0.8005145362530649,0.0784245044870943
CAT,18230,CATERPILLAR INC,current,2022,2022-12-31,2023-02-15,0000018230-23-000011,2023-02-15T15:27:56.000Z,https://www.sec.gov/Archives/edgar/data/18230/000001823023000011/cat-20221231.htm,dei:DocumentFiscalYearFocus,13289,101,0.0076002709007449,210,0.0158025434569945,163,0.0122657837309052,-0.0082022725562495,0.046880878922417,0.0644141771389871,0.01753329821657,97fe203f70ec314d20fd76bed263f2189b010377906c4194129ffe6e2eb37330,e2d1328682bab7d2187684fb9f5420bb730401c9eefc00daf835edd203f4859d,0.0030826510146278,0.9481457385422852,101,0.5190403231144027,2023-02-15,-0.0048155628733233,0.0050181348880455,-0.0242955485178323,-0.0016560143719868,-0.0463436793156816,-0.0105358538021324,same,0000018230-23-000011_same,,2021.0,-0.0026532679089581995,81943000000.0,66052000000.0,6704000000.0,25.12928972055016,0.8060725138205826,0.0818129675506144
CAT,18230,CATERPILLAR INC,current,2023,2023-12-31,2024-02-16,0000018230-24-000009,2024-02-16T15:05:13.000Z,https://www.sec.gov/Archives/edgar/data/18230/000001823024000009/cat-20231231.htm,dei:DocumentFiscalYearFocus,12804,101,0.0078881599500156,195,0.0152296157450796,166,0.0129646985317088,-0.007341455795064,0.0474070602936582,0.0653701968134957,0.0179631365198375,d8a5c2b189a1ac21f3d0afdb8a20dbfbd6e4f9f2f64c6c82489e4e939a2659f7,e2d1328682bab7d2187684fb9f5420bb730401c9eefc00daf835edd203f4859d,-0.0005284600908157,1.302584310003637,101,0.3429285524967471,2024-02-16,-0.0008067662379792,-0.0039012982089875,-0.0110342536649063,-0.0107075747427588,-0.0014331963193087,-0.0028104818589966,same,0000018230-24-000009_same,,2022.0,0.0008608167611854995,87476000000.0,67973000000.0,10332000000.0,25.19463030697249,0.7770474187205634,0.1181123965430518
CAT,18230,CATERPILLAR INC,current,2024,2024-12-31,2025-02-14,0000018230-25-000008,2025-02-14T14:36:30.000Z,https://www.sec.gov/Archives/edgar/data/18230/000001823025000008/cat-20241231.htm,dei:DocumentFiscalYearFocus,13201,102,0.0077266873721687,205,0.0155291265813195,173,0.0131050677978941,-0.0078024392091508,0.0439360654495871,0.0635557912279372,0.0196197257783501,bb59af66f65b305b92273aedb4fe4fdc122ba2ee2ffa202da89ae3b08c16ee64,e2d1328682bab7d2187684fb9f5420bb730401c9eefc00daf835edd203f4859d,0.0004877682751334,1.267515933544246,101,0.3444330725396012,2025-02-14,-0.0121211456992926,-0.0072338145310837,-0.0531574671535842,-0.0474804832064692,-0.0591882732667747,-0.0581907222866181,same,0000018230-25-000008_same,,2023.0,-0.0004609834140868003,87764000000.0,68270000000.0,10788000000.0,25.19791723072612,0.7778815915409507,0.1229205596827856
CAT,18230,CATERPILLAR INC,current,2025,2025-12-31,2026-02-13,0000018230-26-000008,2026-02-13T15:18:27.000Z,https://www.sec.gov/Archives/edgar/data/18230/000001823026000008/cat-20251231.htm,dei:DocumentFiscalYearFocus,13374,91,0.0068042470465081,193,0.0144309854942425,172,0.012860774637356,-0.0076267384477344,0.0454613429041423,0.0627336623298938,0.0172723194257514,0bb89db35b15ef4487effbc0b4a83519963f58bb2c82d399a1addb775a2db437,e2d1328682bab7d2187684fb9f5420bb730401c9eefc00daf835edd203f4859d,0.0032505817090509,1.522332259105693,101,0.2491638409886969,2026-02-13,-0.0010133536236258,0.0013575228119777,0.0258610033620671,0.0409162501454967,0.0681608723130417,0.1071565827516571,same,0000018230-26-000008_same,,2024.0,0.0001757007614164004,98585000000.0,77267000000.0,8882000000.0,25.31418495716464,0.7837602069280316,0.0900948420145052
COP,1163165,CONOCOPHILLIPS,current,2016,2016-12-31,2017-02-21,0001193125-17-050077,2017-02-21T17:34:09.000Z,https://www.sec.gov/Archives/edgar/data/1163165/000119312517050077/d264316d10k.htm,report_date_year_fallback_review_required,18612,127,0.0068235546958951,449,0.0241242209327315,243,0.0130560928433268,-0.0173006662368364,0.0294970986460348,0.0583494519664732,0.0288523533204384,86d6b113691e05cddcc90df75f1f737ca9817ba9045b0c465f18b7e93e936885,e2d1328682bab7d2187684fb9f5420bb730401c9eefc00daf835edd203f4859d,0.0013623949140084,1.2442157757477483,101,0.1284668888587788,2017-02-21,-0.0378747155610899,-0.0321648580130426,-0.0883118517634529,-0.0756772189585576,-0.0920183461446546,-0.0720554337491891,same,0001193125-17-050077_same,,,,89772000000.0,54546000000.0,-3615000000.0,25.22053895962468,0.607605935035423,-0.040268680657666
COP,1163165,CONOCOPHILLIPS,current,2017,2017-12-31,2018-02-20,0001193125-18-049729,2018-02-20T15:03:26.000Z,https://www.sec.gov/Archives/edgar/data/1163165/000119312518049729/d534096d10k.htm,report_date_year_fallback_review_required,19734,134,0.0067903111381372,419,0.0212323907976081,254,0.0128711867842302,-0.0144420796594709,0.0309111178676396,0.0598459511502989,0.0289348332826593,632e40ce40a61ead09f24a588c44dcde00bda15cb66637c03403d682b0a32eb7,e2d1328682bab7d2187684fb9f5420bb730401c9eefc00daf835edd203f4859d,0.0018926694028605,1.0231042131277703,101,0.1067492653111307,2018-02-20,-0.0088423382618434,-0.0034176544240507,0.0242845373744621,0.0382612155841479,0.0043185525113366,0.0262258174794064,same,0001193125-18-049729_same,,2016.0,0.0028585865773655007,73362000000.0,42561000000.0,-855000000.0,25.01867192733652,0.5801504866279545,-0.0116545350453913
COP,1163165,CONOCOPHILLIPS,current,2018,2018-12-31,2019-02-19,0001193125-19-043841,2019-02-19T16:23:45.000Z,https://www.sec.gov/Archives/edgar/data/1163165/000119312519043841/d636257d10k.htm,report_date_year_fallback_review_required,21374,140,0.0065500140357443,381,0.0178253953401328,279,0.0130532422569476,-0.0112753813043885,0.03312435669505,0.0593711986525685,0.0262468419575184,16bf8adb18adff9fe0d573fbbe497490e38e441ec6a8b3d9b7a4da3e00b71920,e2d1328682bab7d2187684fb9f5420bb730401c9eefc00daf835edd203f4859d,0.0003452782118551,1.1641573775315197,101,0.5366443771915298,2019-02-19,0.0049767638765875,0.0083361816253563,0.0145240863044638,0.0197992805519326,-0.0003759286819914,0.0085852683726088,same,0001193125-19-043841_same,,2017.0,0.0031666983550824,69980000000.0,37916000000.0,6257000000.0,24.971475323885954,0.541811946270363,0.0894112603601028
COP,1163165,CONOCOPHILLIPS,current,2019,2019-12-31,2020-02-18,0001193125-20-039954,2020-02-18T17:23:02.000Z,https://www.sec.gov/Archives/edgar/data/1163165/000119312520039954/d875559d10k.htm,dei:DocumentFiscalYearFocus,17850,113,0.0063305322128851,314,0.0175910364145658,275,0.0154061624649859,-0.0112605042016806,0.0333893557422969,0.0577591036414565,0.0243697478991596,dc175f0ac690001f9a6c0d241f64782f219e53886fd8280128c1ed0972945c5c,e2d1328682bab7d2187684fb9f5420bb730401c9eefc00daf835edd203f4859d,0.0012669083119629,0.9549423709537932,101,0.0932812335658763,2020-02-18,0.0003408461955263,0.0039780400284935,-0.0004173927166986,0.0087155459147724,-0.0212070196197319,-0.004538247058669,same,0001193125-20-039954_same,,2018.0,1.4877102707899423e-05,70514000000.0,35464000000.0,7189000000.0,24.97907710861021,0.5029355872592677,0.10195138554046
COP,1163165,CONOCOPHILLIPS,current,2020,2020-12-31,2021-02-16,0001562762-21-000027,2021-02-16T17:04:27.000Z,https://www.sec.gov/Archives/edgar/data/1163165/000156276221000027/cop10k2020.htm,dei:DocumentFiscalYearFocus,19105,137,0.0071708976707668,450,0.0235540434441245,313,0.0163831457733577,-0.0163831457733577,0.0241298089505365,0.0521329494896623,0.0280031405391258,e896d2de106dcfdb87c50fbfba39be8af058ebf93ebe59af20aaa451d85d84a0,e2d1328682bab7d2187684fb9f5420bb730401c9eefc00daf835edd203f4859d,0.0008155597809815,1.4057976387898423,101,0.2136259737235449,2021-02-16,0.0539606988249966,0.0579580764996084,0.0389123741791441,0.0441618877777109,0.1659685973227375,0.1744029652588216,same,0001562762-21-000027_same,,2019.0,-0.005122641571677099,62618000000.0,32769000000.0,-2701000000.0,24.860318613656883,0.5233159794308346,-0.0431345619470439
COP,1163165,CONOCOPHILLIPS,current,2021,2021-12-31,2022-02-17,0001562762-22-000031,2022-02-17T18:20:14.000Z,https://www.sec.gov/Archives/edgar/data/1163165/000156276222000031/cop10k2021.htm,dei:DocumentFiscalYearFocus,17391,139,0.0079926398711977,362,0.0208153642688747,295,0.0169627968489448,-0.0128227243976769,0.0293830142027485,0.0542234489103559,0.0248404347076073,0eb62e5817730417bf447e83eb895f6bdb7c253ebc2abb50abdcb667d257f9b0,e2d1328682bab7d2187684fb9f5420bb730401c9eefc00daf835edd203f4859d,0.0045902197360903,1.1219673660562033,101,0.2314282417810087,2022-02-17,0.0166938134042156,0.0271154814796329,-0.0400294316749145,-0.0132750731143618,-0.0125338850582382,0.0326111556250595,same,0001562762-22-000031_same,,2020.0,0.0035604213756807983,90661000000.0,45255000000.0,8079000000.0,25.23039311262109,0.4991672273634749,0.0891121871587562
COP,1163165,CONOCOPHILLIPS,current,2022,2022-12-31,2023-02-16,0001163165-23-000006,2023-02-16T17:42:43.000Z,https://www.sec.gov/Archives/edgar/data/1163165/000116316523000006/cop-20221231.htm,dei:DocumentFiscalYearFocus,17219,114,0.0066205935304024,345,0.0200360067367442,276,0.0160288053893954,-0.0134154132063418,0.0311864800511063,0.0565073465358034,0.0253208664846971,dc65f2dfe46ef7da4783818e950982db3c919de882579ec80c970293b21ca3d6,e2d1328682bab7d2187684fb9f5420bb730401c9eefc00daf835edd203f4859d,0.0017245834296764,0.8047217460816002,101,0.2398448580933715,2023-02-16,-0.0794109244080649,-0.0715456594865013,-0.0866671768749353,-0.0698635852883741,-0.0338683762481991,-0.0078538376654174,same,0001163165-23-000006_same,,2021.0,-0.0005926888086648999,93829000000.0,45826000000.0,18680000000.0,25.26473981361937,0.4883991090174679,0.1990855705592087
COP,1163165,CONOCOPHILLIPS,current,2023,2023-12-31,2024-02-15,0001163165-24-000010,2024-02-15T19:01:15.000Z,https://www.sec.gov/Archives/edgar/data/1163165/000116316524000010/cop-20231231.htm,dei:DocumentFiscalYearFocus,16446,101,0.0061413109570716,317,0.0192752036969475,277,0.0168430013377112,-0.0131338927398759,0.0245044387693056,0.0522923507235802,0.0277879119542745,780513135a5ebb626b984df8973f39e9133ce1d24d31df0349a7c4c482a0db61,e2d1328682bab7d2187684fb9f5420bb730401c9eefc00daf835edd203f4859d,-0.0008744763128505,0.3929347886086211,101,0.0368730905689181,2024-02-15,0.012955942758325,0.0038991134567364,0.0326362829044451,0.0318369602455388,0.0031420080312048,-0.0180217719223824,same,0001163165-24-000010_same,,2022.0,0.000281520466465901,95924000000.0,46645000000.0,10957000000.0,25.28682204821404,0.4862703807180685,0.1142258454609899
COP,1163165,CONOCOPHILLIPS,current,2024,2024-12-31,2025-02-18,0001163165-25-000012,2025-02-18T19:48:53.000Z,https://www.sec.gov/Archives/edgar/data/1163165/000116316525000012/cop-20241231.htm,dei:DocumentFiscalYearFocus,16664,94,0.0056409025444071,279,0.0167426788286125,265,0.0159025444071051,-0.0111017762842054,0.023703792606817,0.0513082093134901,0.027604416706673,2cfa98a9413ade2273d16a63bc3dae132917d0435587444e1fa252459e8c8e95,e2d1328682bab7d2187684fb9f5420bb730401c9eefc00daf835edd203f4859d,-0.0002738368633643,0.1278793320920598,101,0.0040522252060881,2025-02-18,0.0357877846832174,0.0308236892712238,-0.0245517992074793,-0.0186667765035584,0.0020560973105401,0.0091104201123677,same,0001163165-25-000012_same,,2023.0,0.0020321164556705,122780000000.0,57984000000.0,9245000000.0,25.533659972945763,0.4722593256230656,0.0752972796872454
COP,1163165,CONOCOPHILLIPS,current,2025,2025-12-31,2026-02-17,0001163165-26-000009,2026-02-17T16:32:24.000Z,https://www.sec.gov/Archives/edgar/data/1163165/000116316526000009/cop-20251231.htm,dei:DocumentFiscalYearFocus,15700,111,0.0070700636942675,278,0.0177070063694267,265,0.0168789808917197,-0.0106369426751592,0.0238216560509554,0.0510191082802547,0.0271974522292993,46a1f0d445f79c77cfe8cf242e120f6722984bff0dd2853c08ccae138faae81d,e2d1328682bab7d2187684fb9f5420bb730401c9eefc00daf835edd203f4859d,0.0001945356313723,0.2949004032641149,101,0.0116145585956395,2026-02-17,0.0028576330804822,-0.0015624861799793,0.0367753814628783,0.0413071795214149,0.0359708760957581,0.0422303492189356,same,0001163165-26-000009_same,,2024.0,0.0004648336090462002,121939000000.0,57452000000.0,7988000000.0,25.526786756637986,0.471153609591681,0.0655081639180245
COST,909832,COSTCO WHOLESALE CORP /NEW,current,2016,2016-08-28,2016-10-12,0000909832-16-000032,2016-10-11T23:26:22.000Z,https://www.sec.gov/Archives/edgar/data/909832/000090983216000032/cost10k82816.htm,cover_fiscal_year_ended,5630,43,0.0076376554174067,48,0.008525754884547,69,0.0122557726465364,-0.0008880994671403,0.0303730017761989,0.0477797513321492,0.0174067495559502,88ed6e84f9a87c9634ce01d43563ecdd3bc0148865532a095c17ff70d6cadc1d,e2d1328682bab7d2187684fb9f5420bb730401c9eefc00daf835edd203f4859d,-2.192991286173324e-05,0.4698165778501326,101,0.1063674018102105,2016-10-12,0.0064508284829182,0.0140192274093688,0.0025252858634871,0.0107927403070168,-0.0052407764472881,-0.0040226812215616,same,0000909832-16-000032_same,,,,33163000000.0,20831000000.0,2350000000.0,24.224700633567625,0.628139794349124,0.0708621053583813
COST,909832,COSTCO WHOLESALE CORP /NEW,current,2017,2017-09-03,2017-10-18,0000909832-17-000014,2017-10-18T01:17:47.000Z,https://www.sec.gov/Archives/edgar/data/909832/000090983217000014/cost10k90317.htm,cover_fiscal_year_ended,5782,42,0.0072639225181598,44,0.0076098235904531,72,0.0124524386025596,-0.0003459010722933,0.0323417502594258,0.0501556554825319,0.0178139052231061,d59ba130c7518b1a611d2654192eb32b91b9483ec52f195d59d601729c76663e,e2d1328682bab7d2187684fb9f5420bb730401c9eefc00daf835edd203f4859d,-0.0005637740319526,0.5077504575616769,101,0.0331308237023387,2017-10-18,-0.0013657369627813,-0.0039150065875518,0.0316728342061994,0.0250111029652677,0.0385368499686915,0.0310615198251603,same,0000909832-17-000014_same,,2016.0,0.000542198394847,36347000000.0,25268000000.0,2679000000.0,24.31637750657097,0.6951880485322035,0.0737062205959226
COST,909832,COSTCO WHOLESALE CORP /NEW,current,2018,2018-09-02,2018-10-26,0000909832-18-000013,2018-10-26T13:21:46.000Z,https://www.sec.gov/Archives/edgar/data/909832/000090983218000013/cost10k9218.htm,cover_fiscal_year_ended,4954,46,0.0092854259184497,32,0.006459426725878,63,0.0127169963665724,0.0028259991925716,0.0347194186515946,0.052079127977392,0.0173597093257973,e66ddde909e3102f5d88fad4cf5fbc5a50f5cb59812033779fb618881ada4268,e2d1328682bab7d2187684fb9f5420bb730401c9eefc00daf835edd203f4859d,0.0017009410324027,0.3757462311077158,101,0.058643418309205,2018-10-26,-0.0082037615559556,0.0001837747303699,-0.0066276193596978,0.0147176695645019,-0.0044796169614107,0.0239313356014018,same,0000909832-18-000013_same,,2017.0,0.0031719002648649,40830000000.0,27727000000.0,3134000000.0,24.432682942277896,0.6790840068577026,0.0767572863090864
COST,909832,COSTCO WHOLESALE CORP /NEW,current,2019,2019-09-01,2019-10-11,0000909832-19-000019,2019-10-10T22:06:12.000Z,https://www.sec.gov/Archives/edgar/data/909832/000090983219000019/cost10k9119.htm,cover_fiscal_year_ended,4073,32,0.0078566167444144,34,0.0083476552909403,60,0.014731156395777,-0.0004910385465259,0.0328995826172354,0.050085931745642,0.0171863491284065,8a28d2436e180181ece919d3fcdcad38606598d77669956bf0902799cae0e29d,e2d1328682bab7d2187684fb9f5420bb730401c9eefc00daf835edd203f4859d,0.0016182273810383,0.7914667996998436,101,0.3897747277498529,2019-10-11,-0.0154052417576559,-0.0138803247846331,-0.0068503916599119,0.0008346752438878,0.0087256766371418,0.0210940024688824,same,0000909832-19-000019_same,,2018.0,-0.0033170377390975003,45400000000.0,29816000000.0,3659000000.0,24.538777941993715,0.6567400881057269,0.0805947136563876
COST,909832,COSTCO WHOLESALE CORP /NEW,current,2020,2020-08-30,2020-10-07,0000909832-20-000017,2020-10-06T23:07:39.000Z,https://www.sec.gov/Archives/edgar/data/909832/000090983220000017/cost-20200830.htm,dei:DocumentFiscalYearFocus,4611,37,0.0080242897419214,45,0.0097592713077423,57,0.0123617436564736,-0.0017349815658208,0.0316634135762307,0.0494469746258946,0.0177835610496638,e3b586678dcd94c20acd5903025a0b17baaad7bde73592b018995d8829b3eaeb,e2d1328682bab7d2187684fb9f5420bb730401c9eefc00daf835edd203f4859d,-8.452022443232185e-05,0.461408419275544,101,0.3133187349545979,2020-10-07,0.0130709928548168,0.0066595192275765,0.0293054262897334,0.0044568234589373,0.0522365648262584,0.0267178042451564,same,0000909832-20-000017_same,,2019.0,-0.0012439430192948998,55556000000.0,36851000000.0,4002000000.0,24.740657358000384,0.663312693498452,0.0720354237166102
COST,909832,COSTCO WHOLESALE CORP /NEW,current,2021,2021-08-29,2021-10-06,0000909832-21-000014,2021-10-06T00:49:17.000Z,https://www.sec.gov/Archives/edgar/data/909832/000090983221000014/cost-20210829.htm,dei:DocumentFiscalYearFocus,4087,33,0.0080743821874235,27,0.006606312698801,53,0.0129679471494984,0.0014680694886224,0.0320528505015904,0.0496696843650599,0.0176168338634695,33a63b1a2560c6c61eb6fda343c55349210f5b90d98c622a1c2479c1b6d2be7e,e2d1328682bab7d2187684fb9f5420bb730401c9eefc00daf835edd203f4859d,0.001822416110068,0.7084321015839777,101,0.2598792937874454,2021-10-06,0.0069536595039739,0.0057365422711501,-0.0206057338002211,-0.0115376449892267,-0.0262812785185948,-0.0070851712617724,same,0000909832-21-000014_same,,2020.0,0.0032030510544432,59268000000.0,41190000000.0,5007000000.0,24.80533536829289,0.6949787406357563,0.0844806641020449
COST,909832,COSTCO WHOLESALE CORP /NEW,current,2022,2022-08-28,2022-10-05,0000909832-22-000021,2022-10-05T01:59:05.000Z,https://www.sec.gov/Archives/edgar/data/909832/000090983222000021/cost-20220828.htm,dei:DocumentFiscalYearFocus,3960,34,0.0085858585858585,38,0.0095959595959595,48,0.0121212121212121,-0.001010101010101,0.0303030303030303,0.0479797979797979,0.0176767676767676,94eaf7362288180d4e4313729d66766cd2b9f5f7a047ac8b7b050ebea07be801,e2d1328682bab7d2187684fb9f5420bb730401c9eefc00daf835edd203f4859d,0.0002816602673437,1.048089969280345,101,0.5349720851361099,2022-10-05,-0.0098972559058632,-0.0081712345946003,-0.021257210729462,-0.0195913550376231,-0.008461574905974,-0.0062107754311747,same,0000909832-22-000021_same,,2021.0,-0.0024781704987234,64166000000.0,43519000000.0,5844000000.0,24.88473931234178,0.6782252283140604,0.0910762709222953
COST,909832,COSTCO WHOLESALE CORP /NEW,current,2023,2023-09-03,2023-10-11,0000909832-23-000042,2023-10-10T23:13:15.000Z,https://www.sec.gov/Archives/edgar/data/909832/000090983223000042/cost-20230903.htm,dei:DocumentFiscalYearFocus,3832,28,0.0073068893528183,32,0.0083507306889352,44,0.011482254697286,-0.0010438413361169,0.0281837160751565,0.0464509394572025,0.0182672233820459,a45280b544e633bd82c947459bf86482b8fcc324c02310640235565343fbd6ea,e2d1328682bab7d2187684fb9f5420bb730401c9eefc00daf835edd203f4859d,0.0007676949529184,0.6907083728420331,101,0.2699188538976307,2023-10-11,0.0040560838147542,0.005352559090734,-0.0188962495609101,-0.0218574300254407,-0.005175873179533,-0.0029963888685485,same,0000909832-23-000042_same,,2022.0,-3.3740326015900025e-05,68994000000.0,43936000000.0,6292000000.0,24.957285381241,0.6368089978838739,0.0911963359132678
COST,909832,COSTCO WHOLESALE CORP /NEW,current,2024,2024-09-01,2024-10-09,0000909832-24-000049,2024-10-08T22:40:07.000Z,https://www.sec.gov/Archives/edgar/data/909832/000090983224000049/cost-20240901.htm,dei:DocumentFiscalYearFocus,3877,33,0.0085117358782563,29,0.0074800103172556,46,0.0118648439515089,0.0010317255610007,0.0299200412690224,0.0479752385865359,0.0180551973175135,735e80823cd3ea2d74f0a56973be04b8c67fda62afb2aca3fa6617d1b39a67f5,e2d1328682bab7d2187684fb9f5420bb730401c9eefc00daf835edd203f4859d,0.0015118347607982,0.8402531172213322,101,0.3901696116261666,2024-10-09,0.0063127054641153,0.0084947169676672,-0.0173888975662933,-0.0112592187842622,-0.0242529901180132,-0.0113613696983715,same,0000909832-24-000049_same,,2023.0,0.0020755668971176,69831000000.0,46209000000.0,7367000000.0,24.969343874194443,0.6617261674614426,0.1054975583909725
COST,909832,COSTCO WHOLESALE CORP /NEW,current,2025,2025-08-31,2025-10-08,0000909832-25-000101,2025-10-08T01:16:06.000Z,https://www.sec.gov/Archives/edgar/data/909832/000090983225000101/cost-20250831.htm,dei:DocumentFiscalYearFocus,3752,31,0.0082622601279317,27,0.0071961620469083,46,0.0122601279317697,0.0010660980810234,0.025319829424307,0.0453091684434968,0.0199893390191897,d8228a846e39d3aed7210a25a24ff20afd5715e67c7436bd15717e887069e931,e2d1328682bab7d2187684fb9f5420bb730401c9eefc00daf835edd203f4859d,-0.0010441555072076,0.4815088223097635,101,0.1180684579151749,2025-10-08,0.0384319790961862,0.0356828396132596,0.0323058250563135,0.0294247596312094,0.0444482301060613,0.0340307457152351,same,0000909832-25-000101_same,,2024.0,3.437252002269999e-05,77099000000.0,47935000000.0,8099000000.0,25.068356147262968,0.6217330964085137,0.1050467580643069
CRM,1108524,"Salesforce, Inc.",current,2016,2016-01-31,2016-03-07,0001108524-16-000053,2016-03-04T22:53:06.000Z,https://www.sec.gov/Archives/edgar/data/1108524/000110852416000053/crm-2016131x10k.htm,cover_fiscal_year_ended,14841,112,0.0075466612761943,130,0.0087595175527255,199,0.0134087999460952,-0.0012128562765312,0.0400916380297823,0.0529613907418637,0.0128697527120813,2aa083e9ad05fadce9e5f7cd75205c18af9dad6f2a3ee9df74255e1a66ecdd49,e2d1328682bab7d2187684fb9f5420bb730401c9eefc00daf835edd203f4859d,-0.0010630907085659,1.3400933756008966,101,0.4725559178487406,2016-03-07,-0.0012181797418136,-0.0068048388186139,0.0096758414535806,0.004190439063227,-0.0008165643184573,-5.144924094968584e-05,same,0001108524-16-000053_same,,,,12770772000.0,7767903000.0,-47426000.0,23.27042495935309,0.6082563372049865,-0.0037136361059456
CRM,1108524,"Salesforce, Inc.",current,2017,2017-01-31,2017-03-06,0001108524-17-000006,2017-03-06T21:38:50.000Z,https://www.sec.gov/Archives/edgar/data/1108524/000110852417000006/crm-2017131x10k.htm,cover_fiscal_year_ended,12396,87,0.0070183930300096,85,0.0068570506615037,150,0.0121006776379477,0.0001613423685059,0.047595998709261,0.0563891577928363,0.0087931590835753,2b66a99f53a56388fcfe30e4514d18ac4d27209859079372def34df6da30bc5a,e2d1328682bab7d2187684fb9f5420bb730401c9eefc00daf835edd203f4859d,2.774643620561612e-05,1.1807156788927855,101,0.1286648704574553,2017-03-06,0.0102904123818473,0.0093459690906642,0.0230942186486114,0.023404628885228,0.0192277969556985,0.0200241616506466,same,0001108524-17-000006_same,,2016.0,0.0013741986450371,17584923000.0,10084796000.0,179632000.0,23.59030772413089,0.5734910525340372,0.0102151143908904
CRM,1108524,"Salesforce, Inc.",current,2018,2018-01-31,2018-03-09,0001108524-18-000011,2018-03-09T22:01:46.000Z,https://www.sec.gov/Archives/edgar/data/1108524/000110852418000011/crmq4fy1810-k.htm,cover_fiscal_year_ended,12765,101,0.0079122600861731,66,0.0051703877790834,149,0.0116725421073247,0.0027418723070896,0.0485703094398746,0.0571092831962397,0.008538973756365,1db823f15fd52b513563f6373b2bd3fcd62445761e732bb0cd9be24d7554ec13,e2d1328682bab7d2187684fb9f5420bb730401c9eefc00daf835edd203f4859d,0.0005667028328603,1.0403919019759482,101,0.4034969061575869,2018-03-09,-0.0115155310996608,-0.0089846450068805,0.0290916506631173,0.0334881306955326,0.0188766409916444,0.0262276103803545,same,0001108524-18-000011_same,,2017.0,0.0025805299385837,21009802000.0,11617439000.0,127478000.0,23.768254927675144,0.5529532834245654,0.0060675488517216
CRM,1108524,"Salesforce, Inc.",current,2019,2019-01-31,2019-03-08,0001108524-19-000009,2019-03-08T13:04:49.000Z,https://www.sec.gov/Archives/edgar/data/1108524/000110852419000009/crmq4fy1910-k.htm,cover_fiscal_year_ended,11009,91,0.0082659642111,45,0.0040875647197747,151,0.0137160505041329,0.0041783994913252,0.0465074030338813,0.0547733672449813,0.0082659642111,943c0ff2a264bc7a4d40af7a8f9295288fd21520de207c3ac3767d604f3b3f87,e2d1328682bab7d2187684fb9f5420bb730401c9eefc00daf835edd203f4859d,0.001428432834971,1.8419474832420293,101,0.6919443373475218,2019-03-08,-0.0067626895094604,0.0012344485258108,-0.0137527588479598,0.0018501943039976,-0.0532658507841612,-0.025944697737723,same,0001108524-19-000009_same,,2018.0,0.0014365271842356002,30737000000.0,15132000000.0,1110000000.0,24.148732977581304,0.4923056902104955,0.0361128281875264
CRM,1108524,"Salesforce, Inc.",current,2020,2020-01-31,2020-03-05,0001108524-20-000014,2020-03-05T21:29:57.000Z,https://www.sec.gov/Archives/edgar/data/1108524/000110852420000014/crm-20200131.htm,dei:DocumentFiscalYearFocus,8488,72,0.0084825636192271,46,0.0054194156456173,144,0.0169651272384542,0.0030631479736098,0.0460650329877474,0.0549010367577756,0.0088360037700282,d36637cb158dec102cb51ab8f8e5e167497db05fb2d0b1d85cc0bd88dd7c09c2,e2d1328682bab7d2187684fb9f5420bb730401c9eefc00daf835edd203f4859d,0.0008032554110939,1.0529650528613563,101,0.2518308349196815,2020-03-05,-0.0230674663918044,-0.0211223804839102,-0.0331090270747931,-0.0284086465977883,-0.0096784910459518,-0.0121665094951244,same,0001108524-20-000014_same,,2019.0,-0.0011152515177154003,55126000000.0,21241000000.0,126000000.0,24.73288731113845,0.3853172731560425,0.0022856728222617
CRM,1108524,"Salesforce, Inc.",current,2021,2021-01-31,2021-03-17,0001108524-22-000008,2022-02-24T21:13:45.000Z,https://www.sec.gov/Archives/edgar/data/1108524/000110852422000008/crm-20210131.htm,dei:DocumentFiscalYearFocus,10095,62,0.0061416542842991,73,0.0072313026250619,196,0.0194155522535908,-0.0010896483407627,0.0480435859336305,0.0584447746409113,0.0104011887072808,0cbbc9858f19c59eb43daf9cfcb659e5b5992257781e30f7cbe8643fa8e3330c,e2d1328682bab7d2187684fb9f5420bb730401c9eefc00daf835edd203f4859d,-0.0016990051755674,1.0967990746205696,101,0.2939182121337071,2021-03-17,0.0043241015426962,-0.0020749429382507,0.0082842671926794,-0.0035624126393082,0.0060556924335857,-0.0122648985179493,same,0001108524-22-000008_same,,2020.0,-0.0041527963143725005,66301000000.0,24808000000.0,4072000000.0,24.917470816980742,0.374172335258895,0.061416871540399
CRM,1108524,"Salesforce, Inc.",current,2022,2022-01-31,2022-03-11,0001108524-22-000013,2022-03-11T13:06:16.000Z,https://www.sec.gov/Archives/edgar/data/1108524/000110852422000013/crm-20220131.htm,dei:DocumentFiscalYearFocus,8124,52,0.0064007877892663,55,0.0067700640078778,155,0.0190792712949286,-0.0003692762186115,0.0470211718365337,0.0555145248645987,0.0084933530280649,fdd62d9fbf61c5e8395beb1961c375bf59cc337be2bcbc73d0f6a737cf236e48,e2d1328682bab7d2187684fb9f5420bb730401c9eefc00daf835edd203f4859d,-0.0018236996147104,1.666794225146037,101,0.4777339098534722,2022-03-11,-0.0036128529136664,-0.0255366733425348,0.0001639779419786,0.0124578537083474,0.0513873062021999,0.0474232765477744,same,0001108524-22-000013_same,,2021.0,0.0007203721221512001,95209000000.0,37078000000.0,1444000000.0,25.27934031209044,0.3894379733008434,0.0151666334065056
CRM,1108524,"Salesforce, Inc.",current,2023,2023-01-31,2023-03-08,0001108524-23-000011,2023-03-08T21:41:15.000Z,https://www.sec.gov/Archives/edgar/data/1108524/000110852423000011/crm-20230131.htm,dei:DocumentFiscalYearFocus,8002,45,0.0056235941014746,69,0.0086228442889277,147,0.0183704073981504,-0.0029992501874531,0.0414896275931017,0.0512371907023244,0.0097475631092226,cdb8b6646671afa70379f96a7ab88ebfa2280d8d214a36fbbcf1e956353198d2,e2d1328682bab7d2187684fb9f5420bb730401c9eefc00daf835edd203f4859d,0.0002436519720069,1.3959183147349783,101,0.5200345901921921,2023-03-08,0.0167060892499365,0.0046205821808242,-0.0179597108588924,-0.0287352654575081,0.1438084748608981,0.1388981887745374,same,0001108524-23-000011_same,,2022.0,-0.0026299739688416,98849000000.0,40490000000.0,208000000.0,25.316859270173985,0.409614664791753,0.0021042195672186
CRM,1108524,"Salesforce, Inc.",current,2024,2024-01-31,2024-03-06,0001108524-24-000005,2024-03-06T21:32:48.000Z,https://www.sec.gov/Archives/edgar/data/1108524/000110852424000005/crm-20240131.htm,dei:DocumentFiscalYearFocus,7514,45,0.0059888208677136,72,0.0095821133883417,136,0.0180995475113122,-0.0035932925206281,0.0407239819004524,0.0504391801969656,0.0097151982965131,9db8cffb87a59d6d2a27f03cc140df3a6d3a3ef584a457371f75303ed7ee7ad9,e2d1328682bab7d2187684fb9f5420bb730401c9eefc00daf835edd203f4859d,0.001207574990312,1.3596240063617355,101,0.3853397348665364,2024-03-06,-0.0489067187071998,-0.0433952016153419,-0.0217539666144205,-0.0117128636357275,-0.0159644172911278,0.0035275060531269,same,0001108524-24-000005_same,,2023.0,-0.0005940423331750001,99823000000.0,40177000000.0,4136000000.0,25.32666445463364,0.4024823938370916,0.0414333370065015
CRM,1108524,"Salesforce, Inc.",current,2025,2025-01-31,2025-03-05,0001108524-25-000006,2025-03-05T21:16:48.000Z,https://www.sec.gov/Archives/edgar/data/1108524/000110852425000006/crm-20250131.htm,dei:DocumentFiscalYearFocus,7090,39,0.0055007052186177,52,0.0073342736248236,130,0.0183356840620592,-0.0018335684062059,0.0431593794076163,0.053314527503526,0.0101551480959097,924fc08c97ac4b95f002d5d6402a9cb0c537cfd1e747287789fa4ba243052997,e2d1328682bab7d2187684fb9f5420bb730401c9eefc00daf835edd203f4859d,0.0023062283636202,1.252271008560427,101,0.229402952001313,2025-03-05,-0.0069384393574073,-0.0047863029131925,-0.0395565559339163,-0.0340309493176406,-0.019046293272874,-0.0089399625828801,same,0001108524-25-000006_same,,2024.0,0.0017597241144222003,102928000000.0,41755000000.0,6197000000.0,25.357295551615056,0.4056719260065288,0.0602071350847194
CSCO,858877,"CISCO SYSTEMS, INC.",current,2016,2016-07-30,2016-09-08,0000858877-16-000117,2016-09-08T21:12:13.000Z,https://www.sec.gov/Archives/edgar/data/858877/000085887716000117/csco-2016730x10k.htm,cover_fiscal_year_ended,16746,90,0.005374417771408,224,0.0133763286755045,253,0.0151080855129583,-0.0080019109040965,0.0369640511166845,0.0559536605756598,0.0189896094589752,7c7d7b5c753f8528e404714f106c2b235326741a9ac44ff6948c909de29dca7f,e2d1328682bab7d2187684fb9f5420bb730401c9eefc00daf835edd203f4859d,0.0003220550309222,1.2320783441529457,101,0.6475440799002712,2016-09-08,-0.0001113999964818,-0.0053861622270541,0.0061514229158257,0.0037961823691425,0.0054604775775423,0.0060422224556581,same,0000858877-16-000117_same,,,,121652000000.0,58067000000.0,10739000000.0,25.5244303466491,0.4773205537105843,0.0882763949626804
CSCO,858877,"CISCO SYSTEMS, INC.",current,2017,2017-07-29,2017-09-07,0000858877-17-000016,2017-09-07T21:18:41.000Z,https://www.sec.gov/Archives/edgar/data/858877/000085887717000016/csco-2017729x10k.htm,cover_fiscal_year_ended,15778,71,0.0044999366206109,243,0.0154011915325136,232,0.014704018253264,-0.0109012549119026,0.033907973127139,0.0548865508936493,0.0209785777665103,fff4d778a79a6c60954f5b8b58b71061cb527feb525a9445df894c7bb0449df6,e2d1328682bab7d2187684fb9f5420bb730401c9eefc00daf835edd203f4859d,-0.0009289676250029,0.9632109888877176,101,0.1701204332797352,2017-09-07,-0.0029818523712649,-0.0058225201767069,0.0035466431755744,-0.0033275675463441,0.0139294683329887,0.0029717718779426,same,0000858877-17-000016_same,,2016.0,-0.0028993440078060994,129818000000.0,63681000000.0,9609000000.0,25.589399306486367,0.4905406029980434,0.0740190112311081
CSCO,858877,"CISCO SYSTEMS, INC.",current,2018,2018-07-28,2018-09-06,0000858877-18-000011,2018-09-06T21:14:48.000Z,https://www.sec.gov/Archives/edgar/data/858877/000085887718000011/csco-2018728x10k.htm,cover_fiscal_year_ended,14341,66,0.0046021895265323,222,0.0154800920437905,245,0.0170838853636427,-0.0108779025172582,0.0349348023150407,0.0558538456174604,0.0209190433024196,c4287c76c7d934add310085e8aa907aead36659f8186fb63449abe121f9c53b8,e2d1328682bab7d2187684fb9f5420bb730401c9eefc00daf835edd203f4859d,-0.00062416660735,1.3065424758752364,101,0.5682892205508023,2018-09-06,-0.001092255900558,-0.0056221039635714,0.0079120075238199,0.0021477808988594,0.0102059514336127,0.0040632764969379,same,0000858877-18-000011_same,,2017.0,2.3352394644399546e-05,108784000000.0,65580000000.0,110000000.0,25.41263010173052,0.6028460067657009,0.0010111781144285
CSCO,858877,"CISCO SYSTEMS, INC.",current,2019,2019-07-27,2019-09-05,0000858877-19-000012,2019-09-05T21:17:18.000Z,https://www.sec.gov/Archives/edgar/data/858877/000085887719000012/csco-2019727x10k.htm,cover_fiscal_year_ended,10966,49,0.0044683567390114,169,0.0154112712018967,201,0.0183293817253328,-0.0109429144628852,0.0317344519423673,0.0533467080065657,0.0216122560641984,5fdd15d9e872b42e6d14d32f48f389da5429906d10d9d6d23cab2fd9a052adbb,e2d1328682bab7d2187684fb9f5420bb730401c9eefc00daf835edd203f4859d,-0.0002676516182422,1.463125587968933,101,0.5538773136768579,2019-09-05,0.0141266523646413,0.0247918439598309,0.0153082456105257,0.0221111008174027,-0.0016433501439607,0.0176777472363061,same,0000858877-19-000012_same,,2018.0,-6.501194562700055e-05,97793000000.0,64222000000.0,11621000000.0,25.30611883678347,0.6567136707126277,0.1188326362827605
CSCO,858877,"CISCO SYSTEMS, INC.",current,2020,2020-07-25,2020-09-03,0000858877-20-000010,2020-09-03T21:05:55.000Z,https://www.sec.gov/Archives/edgar/data/858877/000085887720000010/csco-2020725x10k.htm,dei:DocumentFiscalYearFocus,9645,48,0.0049766718506998,151,0.0156557801969932,183,0.0189735614307931,-0.0106791083462934,0.0324520476931052,0.0524624157594608,0.0200103680663556,d01e4e4c46d34f2b6ea75c4d551d1f4ae4283574498d3b0b1dfcad0e854f8792,e2d1328682bab7d2187684fb9f5420bb730401c9eefc00daf835edd203f4859d,0.0007229056033167,0.9189943013513968,101,0.6579572681876042,2020-09-03,-0.0050838698111186,-0.0006556642221766,-0.0267436295892906,-0.0192390020341632,-0.0289914245378752,-0.0178947899806044,same,0000858877-20-000010_same,,2019.0,0.00026380611659180056,94853000000.0,56933000000.0,11214000000.0,25.27559416171497,0.600223503737362,0.1182250429612136
CSCO,858877,"CISCO SYSTEMS, INC.",current,2021,2021-07-31,2021-09-09,0000858877-21-000013,2021-09-09T20:39:49.000Z,https://www.sec.gov/Archives/edgar/data/858877/000085887721000013/csco-20210731.htm,dei:DocumentFiscalYearFocus,9660,59,0.0061076604554865,144,0.0149068322981366,187,0.0193581780538302,-0.0087991718426501,0.0371635610766045,0.0566252587991718,0.0194616977225672,0f196751e68539b59bae9f8fd76cac6f3ac9b1db175d9c35d94c638a8de22269,e2d1328682bab7d2187684fb9f5420bb730401c9eefc00daf835edd203f4859d,0.0001151461001844,1.11261628207562,101,0.5275024419055312,2021-09-09,-0.0020380629995831,-0.0032294714146016,-0.0057536231391476,-0.0072953695695598,-0.0181406370625274,-0.0180869441451017,same,0000858877-21-000013_same,,2020.0,0.0018799365036432994,97497000000.0,56222000000.0,10591000000.0,25.30308744524606,0.5766536406248397,0.1086289834559012
CSCO,858877,"CISCO SYSTEMS, INC.",current,2022,2022-07-30,2022-09-08,0000858877-22-000013,2022-09-08T20:47:54.000Z,https://www.sec.gov/Archives/edgar/data/858877/000085887722000013/csco-20220730.htm,dei:DocumentFiscalYearFocus,10410,54,0.0051873198847262,152,0.0146013448607108,210,0.0201729106628242,-0.0094140249759846,0.0334293948126801,0.0568683957732949,0.0234390009606147,9c902ebdf2a09acc06f41c4cf6a7a8b2a2f852033ede9d38835c340a8a2df396,e2d1328682bab7d2187684fb9f5420bb730401c9eefc00daf835edd203f4859d,-0.0013492612140751,0.8216143051650262,101,0.3893912326029464,2022-09-08,-4.144531824270235e-05,-0.0112644703157602,-0.0093672558382763,-0.0175168775408365,-0.0108833796673073,-0.0221553574385379,same,0000858877-22-000013_same,,2021.0,-0.0006148531333345,94002000000.0,54229000000.0,11812000000.0,25.266581895585816,0.5768919810216804,0.1256569009170017
CSCO,858877,"CISCO SYSTEMS, INC.",current,2023,2023-07-29,2023-09-07,0000858877-23-000023,2023-09-07T20:30:09.000Z,https://www.sec.gov/Archives/edgar/data/858877/000085887723000023/csco-20230729.htm,dei:DocumentFiscalYearFocus,9575,59,0.0061618798955613,136,0.0142036553524804,184,0.0192167101827676,-0.008041775456919,0.0366579634464752,0.0592167101827676,0.0225587467362924,dc99fe434a2026fb62c0ec45ec8fc72c67851299ba0be6661395c48b94ef7865,e2d1328682bab7d2187684fb9f5420bb730401c9eefc00daf835edd203f4859d,-0.0001610303504401,0.8182415172283936,101,0.277612359445654,2023-09-07,-0.0026845583300848,-0.0015761280178291,-0.007322425051145,-0.006609564900486,-0.0028478327043267,-0.0049434370284139,same,0000858877-23-000023_same,,2022.0,0.0013722495190656003,101852000000.0,57499000000.0,12613000000.0,25.346786616147096,0.5645348152220869,0.1238365471468405
CSCO,858877,"CISCO SYSTEMS, INC.",current,2024,2024-07-27,2024-09-05,0000858877-24-000017,2024-09-05T20:41:20.000Z,https://www.sec.gov/Archives/edgar/data/858877/000085887724000017/csco-20240727.htm,dei:DocumentFiscalYearFocus,9815,45,0.0045848191543555,140,0.0142638818135506,200,0.0203769740193581,-0.0096790626591951,0.0299541518084564,0.0516556291390728,0.0217014773306164,7a485cc60015a85b0c25afceda04aad7a3437ba8e852eb2a76b4d7762dcd1ae0,e2d1328682bab7d2187684fb9f5420bb730401c9eefc00daf835edd203f4859d,-0.0008590160089852,0.5053368635325532,101,0.1282499573851205,2024-09-05,-0.0178491017403417,-0.0096025191419939,-0.017485951624216,-0.0151461370771389,-0.0095737226519693,-0.0166776440473651,same,0000858877-24-000017_same,,2023.0,-0.0016372872022760998,124413000000.0,78956000000.0,10320000000.0,25.546872513399293,0.6346282140933825,0.0829495309975645
CSCO,858877,"CISCO SYSTEMS, INC.",current,2025,2025-07-26,2025-09-03,0000858877-25-000111,2025-09-03T20:52:59.000Z,https://www.sec.gov/Archives/edgar/data/858877/000085887725000111/csco-20250726.htm,dei:DocumentFiscalYearFocus,9377,50,0.0053321957982297,141,0.0150367921510077,186,0.0198357683694145,-0.009704596352778,0.0325263943692012,0.0558814119654473,0.0233550175962461,ef37538e731e4ce1aa34e58171bbd43573a6c96ac7c78b6f8b70e52f530dc076,e2d1328682bab7d2187684fb9f5420bb730401c9eefc00daf835edd203f4859d,7.74068174706178e-05,0.934655811635186,101,0.7527499105352097,2025-09-03,-0.022190015866053,-0.022384119201494,-0.0252427731629063,-0.024846227467711,0.0010065960401306,0.0009157918750934,same,0000858877-25-000111_same,,2024.0,-2.553369358290064e-05,122291000000.0,75448000000.0,10180000000.0,25.529669287397763,0.6169546409793034,0.0832440653850242
CVX,93410,CHEVRON CORP,current,2016,2016-12-31,2017-02-23,0000093410-17-000013,2017-02-23T17:18:42.000Z,https://www.sec.gov/Archives/edgar/data/93410/000009341017000013/cvx-123116x10kdoc.htm,cover_fiscal_year_ended,11134,48,0.0043111190946649,179,0.0160768816238548,169,0.0151787318124663,-0.0117657625291898,0.0181426261900485,0.0492186096640919,0.0310759834740434,79a1577234aa23b0e08cbe932dfc3097ebbbe4c4df8afc834a099e805d84b811,e2d1328682bab7d2187684fb9f5420bb730401c9eefc00daf835edd203f4859d,0.0010466038644386,0.9183488687955504,101,0.294985031182104,2017-02-23,-0.0182050302363203,-0.015133001392259,0.0028953934060658,0.0096503581043384,-0.0209026432735315,-0.0109363544020363,same,0000093410-17-000013_same,https://www.sec.gov/Archives/edgar/data/93410/000009341017000013/cvx-123116x10kdoc.htm,,,260078000000.0,113356000000.0,-497000000.0,26.28424742297093,0.4358538592268473,-0.0019109651719868
CVX,93410,CHEVRON CORP,current,2017,2017-12-31,2018-02-22,0000093410-18-000010,2018-02-22T16:49:59.000Z,https://www.sec.gov/Archives/edgar/data/93410/000009341018000010/cvx12312017-10kdoc.htm,cover_fiscal_year_ended,10977,49,0.0044638790197686,186,0.0169445203607543,169,0.01539582763961,-0.0124806413409856,0.0194953083720506,0.0508335610822629,0.0313382527102122,48f463d5bce25399942110d559a0f12c83d21a8711a89b09fc4bcb42a430759d,e2d1328682bab7d2187684fb9f5420bb730401c9eefc00daf835edd203f4859d,0.0015039480054372,0.3957610760280419,101,0.0265629432977712,2018-02-22,0.0058147694812213,0.0033745882978083,-0.0022572181244755,0.0051962731635223,-0.0193136134737333,-0.006479616598914,same,0000093410-18-000010_same,https://www.sec.gov/Archives/edgar/data/93410/000009341018000010/cvx12312017-10kdoc.htm,2016.0,-0.0007148788117957994,253806000000.0,104487000000.0,9195000000.0,26.2598360326092,0.4116805749273067,0.0362284579560766
CVX,93410,CHEVRON CORP,current,2018,2018-12-31,2019-02-22,0000093410-19-000008,2019-02-22T16:25:08.000Z,https://www.sec.gov/Archives/edgar/data/93410/000009341019000008/cvx12312018-10kdoc.htm,cover_fiscal_year_ended,10931,38,0.0034763516604153,172,0.0157350654103009,169,0.015460616595005,-0.0122587137498856,0.0233281493001555,0.0515048943372061,0.0281767450370505,080aa68b54143cedf9fd9ea0a8735ddb289b500fd55272fdb4a223c32c7f2ce4,e2d1328682bab7d2187684fb9f5420bb730401c9eefc00daf835edd203f4859d,0.0004237019005376,0.8865925496835871,101,0.5003991393603537,2019-02-22,-0.010373937110281,-0.0095696763730392,-0.0021526090459885,0.0001262960129772,0.0097874890097437,0.0123666389490748,same,0000093410-19-000008_same,https://www.sec.gov/Archives/edgar/data/93410/000009341019000008/cvx12312018-10kdoc.htm,2017.0,0.00022192759109999904,253863000000.0,98221000000.0,14824000000.0,26.26006058837384,0.3869055356629363,0.0583937005392672
CVX,93410,CHEVRON CORP,current,2019,2019-12-31,2020-02-21,0000093410-20-000010,2020-02-21T16:40:21.000Z,https://www.sec.gov/Archives/edgar/data/93410/000009341020000010/cvx12312019-10kdoc.htm,dei:DocumentFiscalYearFocus,10553,39,0.00369563157396,170,0.0161091632711077,173,0.0163934426229508,-0.0124135316971477,0.0189519567895385,0.0478536908935847,0.0289017341040462,adbeec3138c2588b2cddc6d644f66d916b126e9814089f5cee579e6b1cedfae4,e2d1328682bab7d2187684fb9f5420bb730401c9eefc00daf835edd203f4859d,-0.0014733971171806,0.9255414022732844,101,0.23108140535397,2020-02-21,-0.0064243404144857,-0.0072818926660087,-0.0293847496622818,-0.0337329109223847,-0.0294822261184133,-0.0358380936589511,same,0000093410-20-000010_same,https://www.sec.gov/Archives/edgar/data/93410/000009341020000010/cvx12312019-10kdoc.htm,2018.0,-0.00015481794726209842,237428000000.0,92220000000.0,2924000000.0,26.193130256564725,0.3884124871540004,0.0123153124315581
CVX,93410,CHEVRON CORP,current,2020,2020-12-31,2021-02-25,0000093410-21-000009,2021-02-25T19:32:29.000Z,https://www.sec.gov/Archives/edgar/data/93410/000009341021000009/cvx-20201231.htm,dei:DocumentFiscalYearFocus,12048,53,0.0043990703851261,206,0.0170982735723771,197,0.0163512616201859,-0.0126992031872509,0.0172642762284196,0.0485557768924302,0.0312915006640106,96dc16578cc4e041e1760b3b03101398be7f3a36910cdc3fd71d55c426a6c249,e2d1328682bab7d2187684fb9f5420bb730401c9eefc00daf835edd203f4859d,0.0003224960182948,1.0717293013562337,101,0.2380891370353538,2021-02-25,0.0228764423042907,0.0225615963783641,0.0756504170579584,0.0772878598532448,0.1283045745121336,0.1288825677881447,same,0000093410-21-000009_same,https://www.sec.gov/Archives/edgar/data/93410/000009341021000009/cvx-20201231.htm,2019.0,-0.0002856714901032006,239790000000.0,107064000000.0,-5543000000.0,26.20302937725245,0.4464906793444264,-0.0231160598857333
CVX,93410,CHEVRON CORP,current,2021,2021-12-31,2022-02-24,0000093410-22-000019,2022-02-24T16:45:37.000Z,https://www.sec.gov/Archives/edgar/data/93410/000009341022000019/cvx-20211231.htm,dei:DocumentFiscalYearFocus,11867,54,0.0045504339765736,168,0.0141569057048959,193,0.0162635881014578,-0.0096064717283222,0.02587005982978,0.0525827926181848,0.0267127327884048,5dff65a0f0afee85678f67b28e2d2618de0ddf3b2f3b687f6fb97557a99855e0,e2d1328682bab7d2187684fb9f5420bb730401c9eefc00daf835edd203f4859d,0.0036748315312442,0.679700585160351,101,0.2208847257809337,2022-02-24,0.0357533372299844,0.0407185961893903,0.1014388300957411,0.1323860305421114,0.1296080551175025,0.1774658984425804,same,0000093410-22-000019_same,https://www.sec.gov/Archives/edgar/data/93410/000009341022000019/cvx-20211231.htm,2020.0,0.0030927314589287,239535000000.0,99595000000.0,15625000000.0,26.20196538090735,0.4157847496190536,0.0652305508589558
CVX,93410,CHEVRON CORP,current,2022,2022-12-31,2023-02-23,0000093410-23-000009,2023-02-23T16:51:02.000Z,https://www.sec.gov/Archives/edgar/data/93410/000009341023000009/cvx-20221231.htm,dei:DocumentFiscalYearFocus,12768,57,0.0044642857142857,157,0.0122963659147869,212,0.0166040100250626,-0.0078320802005012,0.0216165413533834,0.0491071428571428,0.0274906015037594,13ffd4520c6a862c42cc95a2d88bb7627afa9094728120798c019324401c1267,e2d1328682bab7d2187684fb9f5420bb730401c9eefc00daf835edd203f4859d,0.0011891730946633,0.7533487801308684,101,0.3609216782459762,2023-02-23,0.0103219523044695,0.0155621807930406,-0.0210391064695519,-0.0054255334735862,-0.0335156424214377,-0.0111330393874373,same,0000093410-23-000009_same,https://www.sec.gov/Archives/edgar/data/93410/000009341023000009/cvx-20221231.htm,2021.0,0.0017743915278209989,257709000000.0,97467000000.0,35465000000.0,26.275096878325503,0.3782056505593518,0.1376164588741565
CVX,93410,CHEVRON CORP,current,2023,2023-12-31,2024-02-26,0000093410-24-000013,2024-02-26T21:07:14.000Z,https://www.sec.gov/Archives/edgar/data/93410/000009341024000013/cvx-20231231.htm,dei:DocumentFiscalYearFocus,12655,55,0.0043461082576056,185,0.0146187277755827,213,0.0168312919794547,-0.010272619517977,0.0179375740813907,0.0474120900829711,0.0294745160015804,3a7c8425f52defa2758d19b05febd2e4325cf15d11ff3c137a9058b40381bb78,e2d1328682bab7d2187684fb9f5420bb730401c9eefc00daf835edd203f4859d,-0.0008192440033227,0.3179240097499508,101,0.0257343739581427,2024-02-26,-0.0181302301455088,-0.0194062968065336,-0.0148028030784585,-0.0370611905254841,-0.0336850586154759,-0.0564960571307086,same,0000093410-24-000013_same,https://www.sec.gov/Archives/edgar/data/93410/000009341024000013/cvx-20231231.htm,2022.0,-0.0024405393174757994,261632000000.0,99703000000.0,21369000000.0,26.290204773207485,0.3810810604207436,0.0816757888943248
CVX,93410,CHEVRON CORP,current,2024,2024-12-31,2025-02-21,0000093410-25-000009,2025-02-21T16:20:51.000Z,https://www.sec.gov/Archives/edgar/data/93410/000009341025000009/cvx-20241231.htm,dei:DocumentFiscalYearFocus,13453,70,0.0052033003790975,184,0.0136772467107708,221,0.0164275626254367,-0.0084739463316732,0.0222255259050026,0.0506206794023637,0.0283951534973611,835d10dc78e5c28e6dcc2e161034d88490e62e8f66c605c8d8f7ac5c6dbf7653,e2d1328682bab7d2187684fb9f5420bb730401c9eefc00daf835edd203f4859d,0.0004969121265932,0.3125968060369333,101,0.0434079922794323,2025-02-21,0.0110783825618735,0.0306941664860422,0.0036409559638049,0.0250531180916098,0.0346439479537284,0.0509333016789028,same,0000093410-25-000009_same,https://www.sec.gov/Archives/edgar/data/93410/000009341025000009/cvx-20241231.htm,2023.0,0.0017986731863037994,256938000000.0,103781000000.0,17661000000.0,26.27210064760116,0.403914563046338,0.0687364266865936
CVX,93410,CHEVRON CORP,current,2025,2025-12-31,2026-02-24,0000093410-26-000078,2026-02-24T20:03:12.000Z,https://www.sec.gov/Archives/edgar/data/93410/000009341026000078/cvx-20251231.htm,dei:DocumentFiscalYearFocus,13102,60,0.0045794535185467,177,0.013509387879713,216,0.0164860326667684,-0.0089299343611662,0.0204548923828423,0.0490001526484506,0.0285452602656083,fa872e1ab8e6e3fa0ba11801a0ed43865289bde8f45c7d39af9396c5e3e68bac,e2d1328682bab7d2187684fb9f5420bb730401c9eefc00daf835edd203f4859d,0.0004920823873909,0.1602289019024074,101,0.00769440426963,2026-02-24,-0.0007312336403199,-0.0037916965743518,0.012337208116709,0.0159371565958342,0.0322295091209656,0.0398537854061504,same,0000093410-26-000078_same,https://www.sec.gov/Archives/edgar/data/93410/000009341026000078/cvx-20251231.htm,2024.0,-0.00045598802949299924,324012000000.0,131836000000.0,12299000000.0,26.50404638908992,0.406886164709949,0.0379584706739256
DIS,1001039,TWDC Enterprises 18 Corp.,predecessor,2016,2016-10-01,2016-11-23,0001001039-16-000516,2016-11-23T16:48:43.000Z,https://www.sec.gov/Archives/edgar/data/1001039/000100103916000516/fy2016_q4x10k.htm,cover_fiscal_year_ended,12398,87,0.0070172608485239,184,0.0148411034037748,111,0.0089530569446684,-0.0078238425552508,0.0448459428940151,0.0628327149540248,0.0179867720600096,66908c12615333abbf7a76d06a624116ea041efb011cb851aee7484a927da1d1,e2d1328682bab7d2187684fb9f5420bb730401c9eefc00daf835edd203f4859d,-0.0005881085363916,0.6642837831888815,101,0.4786911593528922,2016-11-23,0.0093363558965306,0.0052596694928235,0.001930881076166,-0.0048861124394564,0.0160484011004974,0.0079112426687081,same,0001001039-16-000516_same,,,,92033000000.0,44710000000.0,9391000000.0,25.24541304533172,0.4858040050851325,0.102039485836602
DIS,1001039,TWDC Enterprises 18 Corp.,predecessor,2017,2017-09-30,2017-11-22,0001001039-17-000198,2017-11-22T17:01:00.000Z,https://www.sec.gov/Archives/edgar/data/1001039/000100103917000198/fy2017_q4x10k.htm,cover_fiscal_year_ended,11679,72,0.0061649113793989,195,0.016696634985872,104,0.0089048719924651,-0.0105317236064731,0.0393869338128264,0.0597653908725062,0.0203784570596797,ba5a6836586491610d1efda0b0159a205738c7b6d37a030fe32d1529b854f617,e2d1328682bab7d2187684fb9f5420bb730401c9eefc00daf835edd203f4859d,-0.0011067987464076,0.6826405345276872,101,0.0791422820285763,2017-11-22,-0.0031008387469033,-0.0089115462471319,-0.0049342024806714,-0.0177471516620105,0.0102085754369151,-0.0103613382219692,same,0001001039-17-000198_same,,2016.0,-0.0027078810512223012,95789000000.0,50785000000.0,8980000000.0,25.28541369278364,0.5301756986710374,0.093747716334861
DIS,1001039,TWDC Enterprises 18 Corp.,predecessor,2018,2018-09-29,2018-11-21,0001001039-18-000187,2018-11-21T17:05:57.000Z,https://www.sec.gov/Archives/edgar/data/1001039/000100103918000187/fy2018_q4x10k.htm,cover_fiscal_year_ended,12583,70,0.0055630612731463,189,0.015020265437495,112,0.008900898037034,-0.0094572041643487,0.037113565922276,0.0577763649368195,0.0206627990145434,dd82f115a837937bdba0983cc66dcd7f7d5dadc77a84b041fa7987035966a831,e2d1328682bab7d2187684fb9f5420bb730401c9eefc00daf835edd203f4859d,0.0015564342058186,0.979516622785146,101,0.3723676470101983,2018-11-21,-0.0122430419271935,-0.0071300121599153,-0.0210483893088426,-0.0097992222815467,-0.0246702005067594,-0.0076831536394516,same,0001001039-18-000187_same,,2017.0,0.0010745194421244008,98598000000.0,45766000000.0,12598000000.0,25.31431681437362,0.4641676301750542,0.1277713543885271
DIS,1744489,Walt Disney Co,current,2019,2019-09-28,2019-11-20,0001744489-19-000225,2019-11-20T22:18:30.000Z,https://www.sec.gov/Archives/edgar/data/1744489/000174448919000225/fy2019q410k.htm,dei:DocumentFiscalYearFocus,13621,87,0.0063871962410983,219,0.0160781146758681,130,0.0095440863372733,-0.0096909184347698,0.0417003156890096,0.0612289846560458,0.0195286689670361,c8f490a47f2589bcd0e7170fd9319728b8b3fdc15f887bb54f9d7450130ae30d,e2d1328682bab7d2187684fb9f5420bb730401c9eefc00daf835edd203f4859d,-0.0007071467781457,0.8621736743241213,101,0.3503123017021209,2019-11-20,0.0022032063381203,0.0008992871136267,0.012263732303276,0.0056667716418719,0.0828507555622339,0.0723338200938025,same,0001744489-19-000225_same,,2018.0,-0.0002337142704210999,193984000000.0,100095000000.0,11054000000.0,25.99104151838175,0.5159961646321346,0.0569840811613328
DIS,1744489,Walt Disney Co,current,2020,2020-10-03,2020-11-25,0001744489-20-000197,2020-11-25T21:59:53.000Z,https://www.sec.gov/Archives/edgar/data/1744489/000174448920000197/dis-20201003.htm,dei:DocumentFiscalYearFocus,13692,67,0.0048933683903009,243,0.0177475898334794,165,0.0120508326029798,-0.0128542214431785,0.0316243061641834,0.053534910896874,0.0219106047326906,016b7d0d6f25866c1322c82479038293cb52e35ccb21b31fd6a6211aacf681d0,e2d1328682bab7d2187684fb9f5420bb730401c9eefc00daf835edd203f4859d,-0.0006386372068977,0.9540380656238092,101,0.4124447652109787,2020-11-25,-0.0055222475528292,-0.008218327583664,0.0376284504166573,0.032124157354842,0.0525306005516426,0.0447682304942715,same,0001744489-20-000197_same,,2019.0,-0.0031633030084087,201549000000.0,113286000000.0,-2864000000.0,26.02929836494928,0.5620767158358513,-0.0142099439838451
DIS,1744489,Walt Disney Co,current,2021,2021-10-02,2021-11-24,0001744489-21-000220,2021-11-24T21:34:25.000Z,https://www.sec.gov/Archives/edgar/data/1744489/000174448921000220/dis-20211002.htm,dei:DocumentFiscalYearFocus,12099,72,0.0059509050334738,231,0.0190924869823952,155,0.0128109761137284,-0.0131415819489214,0.0290106620381849,0.0519877675840978,0.0229771055459128,220b93381d99af67ce21c28e62aa270050109539a60477b38af085ea0d886814,e2d1328682bab7d2187684fb9f5420bb730401c9eefc00daf835edd203f4859d,-0.0012647117830797,1.2310764130773215,101,0.3727385201630898,2021-11-24,-0.0126875378878649,-0.0208198646334616,-0.0257080567143372,-0.0412924688787653,-0.0285625879080992,-0.0484750903347692,same,0001744489-21-000220_same,,2020.0,-0.00028736050574289934,203609000000.0,110598000000.0,1995000000.0,26.039467324968,0.5431881694817027,0.0097981916320005
DIS,1744489,Walt Disney Co,current,2022,2022-10-01,2022-11-29,0001744489-22-000213,2022-11-29T22:03:15.000Z,https://www.sec.gov/Archives/edgar/data/1744489/000174448922000213/dis-20221001.htm,dei:DocumentFiscalYearFocus,10949,63,0.0057539501324321,185,0.016896520230158,106,0.0096812494291716,-0.0111425700977258,0.0360763540049319,0.0535208694857977,0.0174445154808658,fc5dc0d45ee324b0528bdc0236423b03451747b091b64f508f126cfb3bd6877f,e2d1328682bab7d2187684fb9f5420bb730401c9eefc00daf835edd203f4859d,0.000803651192579,1.1653758905576206,101,0.7074084458136718,2022-11-29,-0.0276539974802369,-0.0229423652487518,0.0084992940622006,0.0170158157047078,0.0073969207270049,0.0153910302743854,same,0001744489-22-000213_same,,2021.0,0.0019990118511955986,203631000000.0,104752000000.0,3145000000.0,26.039575369364528,0.5144206923307355,0.0154446032283886
DIS,1744489,Walt Disney Co,current,2023,2023-09-30,2023-11-21,0001744489-23-000216,2023-11-21T22:04:04.000Z,https://www.sec.gov/Archives/edgar/data/1744489/000174448923000216/dis-20230930.htm,dei:DocumentFiscalYearFocus,15695,120,0.0076457470532016,323,0.0205798024848677,121,0.0077094616119783,-0.0129340554316661,0.0369544440904746,0.0577891048104491,0.0208346607199745,a64aa0e838f6daecc8923835d5bf16a741ca4b1d50d9a9e4ba6eb6bff9c3b411,e2d1328682bab7d2187684fb9f5420bb730401c9eefc00daf835edd203f4859d,-0.0006872745548797,0.8636924043225049,101,0.1907661148077666,2023-11-21,0.003724567342149,0.0003772981374301,0.0090244755434894,0.0027760988888168,0.0154638840408678,0.0036440377662394,same,0001744489-23-000216_same,,2022.0,-0.0017914853339402997,205579000000.0,101622000000.0,2354000000.0,26.049096225232947,0.4943209179925965,0.011450585906148
DIS,1744489,Walt Disney Co,current,2024,2024-09-28,2024-11-14,0001744489-24-000276,2024-11-14T11:46:46.000Z,https://www.sec.gov/Archives/edgar/data/1744489/000174448924000276/dis-20240928.htm,dei:DocumentFiscalYearFocus,10919,64,0.0058613426137924,174,0.0159355252312482,100,0.0091583478340507,-0.0100741826174558,0.0394724791647586,0.057056507006136,0.0175840278413774,eb588f896f445d14bc8a0a598f9333940aef68de963e4a19f20820bc104b7267,e2d1328682bab7d2187684fb9f5420bb730401c9eefc00daf835edd203f4859d,-0.0010798246275112,0.752720205113766,101,0.2415154314497485,2024-11-14,0.1516114242865925,0.1530754586213132,0.1480708753165906,0.1437423668370981,0.1616395089787324,0.1488991038172323,same,0001744489-24-000276_same,,2023.0,0.002859872814210301,196219000000.0,90697000000.0,4972000000.0,26.00249721934821,0.4622233320932223,0.0253390344462055
DIS,1744489,Walt Disney Co,current,2025,2025-09-27,2025-11-13,0001744489-25-000155,2025-11-13T11:44:29.000Z,https://www.sec.gov/Archives/edgar/data/1744489/000174448925000155/dis-20250927.htm,dei:DocumentFiscalYearFocus,10339,55,0.0053196634103878,143,0.0138311248670084,105,0.0101557210561949,-0.0085114614566205,0.0429441918947673,0.0598703936550923,0.0169262017603249,ad006533476ffc4109835f56ff83dcc54b5bea226d539d5a5d94ed158345a1c3,e2d1328682bab7d2187684fb9f5420bb730401c9eefc00daf835edd203f4859d,-0.0011455438035319,0.8890969533443958,101,0.2967972706537481,2025-11-13,-0.0606004774398088,-0.0622150756725548,-0.0147280130516033,-0.0209311818636508,-0.0303454605569366,-0.0387209041134466,same,0001744489-25-000155_same,,2024.0,0.0015627211608352995,197514000000.0,82902000000.0,12404000000.0,26.00907530485124,0.4197272092104863,0.0628006116022155
DUK,1326160,Duke Energy CORP,current,2016,2016-12-31,2017-02-24,0001326160-17-000016,2017-02-24T21:22:25.000Z,https://www.sec.gov/Archives/edgar/data/1326160/000132616017000016/duk-20161231x10k.htm,report_date_year_fallback_review_required,27235,230,0.0084450156049201,402,0.0147604185790343,518,0.0190196438406462,-0.0063154029741141,0.0525059665871121,0.0744997246190563,0.0219937580319441,c012ae4c7e90c40c755bedca4bdffda853b9a02620f5ef1516b29835d50beb5e,e2d1328682bab7d2187684fb9f5420bb730401c9eefc00daf835edd203f4859d,-0.000652256335498,0.8756807481043364,101,0.23575263339719,2017-02-24,0.024169251642886,0.0218481857089094,0.032810667140562,0.0258838415571217,0.0599481120336355,0.0509768650390067,same,0001326160-17-000016_same,,,,132761000000.0,91720000000.0,2152000000.0,25.61181635615909,0.6908655403318745,0.016209579620521
DUK,1326160,Duke Energy CORP,current,2017,2017-12-31,2018-02-21,0001326160-18-000034,2018-02-21T21:28:38.000Z,https://www.sec.gov/Archives/edgar/data/1326160/000132616018000034/duk-20171231x10k.htm,report_date_year_fallback_review_required,28737,231,0.0080384173713331,449,0.0156244562758812,525,0.0182691303893934,-0.0075860389045481,0.0477781257612137,0.0699446706336778,0.022166544872464,147e958cefe4f9d55b767485cb3a216e4a62f54395a3e996c912352b4d6454bc,e2d1328682bab7d2187684fb9f5420bb730401c9eefc00daf835edd203f4859d,-0.000962427478226,-0.0550933770800205,101,0.0009046925026602,2018-02-21,-0.0128201658228625,-0.0047721001741728,0.0526966469102453,0.0144507338858393,0.0054994621330533,-0.0283798436711096,same,0001326160-18-000034_same,,2016.0,-0.0012706359304340007,137914000000.0,96177000000.0,3059000000.0,25.649896139435214,0.697369375117827,0.0221804892904273
DUK,1326160,Duke Energy CORP,current,2018,2018-12-31,2019-02-28,0001326160-19-000057,2019-02-28T20:36:52.000Z,https://www.sec.gov/Archives/edgar/data/1326160/000132616019000057/duk-20181231x10k.htm,report_date_year_fallback_review_required,26826,267,0.0099530306419145,394,0.0146872437187802,480,0.0178930887944531,-0.0047342130768657,0.0505852531126519,0.0724670096175352,0.0218817565048833,fb21cc866fc239431373fe2190280447785c55c18ebb644132d49d0060cb44df,e2d1328682bab7d2187684fb9f5420bb730401c9eefc00daf835edd203f4859d,0.0008160209178862,0.1384218087071486,101,0.0245846903046845,2019-02-28,0.0043711179107237,0.0037814602502671,-0.0097332902579805,-0.0031208610056494,0.0010896241944656,0.0211027342996161,same,0001326160-19-000057_same,,2017.0,0.0028518258276824006,145392000000.0,101558000000.0,2666000000.0,25.702699379899403,0.6985116099922967,0.0183366347529437
DUK,1326160,Duke Energy CORP,current,2019,2019-12-31,2020-02-20,0001326160-20-000034,2020-02-20T19:37:25.000Z,https://www.sec.gov/Archives/edgar/data/1326160/000132616020000034/duk-20191231x10k.htm,dei:DocumentFiscalYearFocus,21830,192,0.0087952359138799,322,0.0147503435639028,410,0.0187814933577645,-0.0059551076500229,0.0545579477782867,0.0749885478699038,0.020430600091617,35d10aae71e197b4e3a0c49c57a2f7e1f0e1b843cc06ece9f26a20a3b4a6fa03,e2d1328682bab7d2187684fb9f5420bb730401c9eefc00daf835edd203f4859d,2.061153005740261e-05,0.3052223922681733,101,0.0535418239289264,2020-02-20,0.0069532172801161,0.013704257365963,0.0147763993479092,0.0666801308896833,0.0265210928277864,0.1084588430616709,same,0001326160-20-000034_same,,2018.0,-0.0012208945731572007,158838000000.0,110887000000.0,3748000000.0,25.79115065184336,0.6981138014832723,0.0235963686271547
DUK,1326160,Duke Energy CORP,current,2020,2020-12-31,2021-02-25,0001326160-21-000063,2021-02-25T19:46:09.000Z,https://www.sec.gov/Archives/edgar/data/1326160/000132616021000063/duk-20201231.htm,dei:DocumentFiscalYearFocus,20508,176,0.0085820167739418,284,0.0138482543397698,361,0.0176028866783694,-0.0052662375658279,0.0550029256875365,0.0765554905402769,0.0215525648527403,8bfc95234ee55c3979edfc63190ecce37c2e545f99881db19666d54db50ed282,e2d1328682bab7d2187684fb9f5420bb730401c9eefc00daf835edd203f4859d,0.0012926035220986,0.5288726659455967,101,0.1817616971472573,2021-02-25,-0.033596352593964,-0.0212960064902517,-0.0175058574618005,-0.0043851999092028,-0.0228779514146894,0.0108445041101894,same,0001326160-21-000063_same,,2019.0,0.0006888700841950002,162388000000.0,113204000000.0,1377000000.0,25.81325437031825,0.6971204768825283,0.0084796906175333
DUK,1326160,Duke Energy CORP,current,2021,2021-12-31,2022-02-24,0001326160-22-000072,2022-02-24T18:35:41.000Z,https://www.sec.gov/Archives/edgar/data/1326160/000132616022000072/duk-20211231.htm,dei:DocumentFiscalYearFocus,20016,152,0.0075939248601119,245,0.012240207833733,340,0.0169864108713029,-0.0046462829736211,0.0584532374100719,0.0774880095923261,0.0190347721822541,c696a9fbfe8b232d2a2139738cb713ffe7b4bffc4a4a469a0d8fcb08e0f87ceb,e2d1328682bab7d2187684fb9f5420bb730401c9eefc00daf835edd203f4859d,-0.0001901254651695,0.1817810833406698,101,0.0282887182865672,2022-02-24,0.0055526196838545,-0.0104963401457965,0.016168278579366,0.0281807531488669,0.0503504784175309,0.0672513568526848,same,0001326160-22-000072_same,,2020.0,0.0006199545922067999,169587000000.0,118451000000.0,3908000000.0,25.856631906422983,0.6984674532835654,0.0230442191913295
DUK,1326160,Duke Energy CORP,current,2022,2022-12-31,2023-02-27,0001326160-23-000073,2023-02-27T11:12:41.000Z,https://www.sec.gov/Archives/edgar/data/1326160/000132616023000073/duk-20221231.htm,dei:DocumentFiscalYearFocus,18956,167,0.0088098755011605,226,0.0119223464866005,305,0.0160898923823591,-0.0031124709854399,0.0590841949778434,0.0790251107828655,0.0199409158050221,98d6cd313649f5053480ffd32b3e6d838cde8a277ef8e832e260798c43884220,e2d1328682bab7d2187684fb9f5420bb730401c9eefc00daf835edd203f4859d,-0.000661078665983,0.7075859336621676,101,0.4648284312222354,2023-02-27,-0.0173909538070402,-0.0163036816472244,-0.0327334397061663,-0.0362241586825016,-0.0083844524231005,-0.0127726815844947,same,0001326160-23-000073_same,,2021.0,0.0015338119881812004,178086000000.0,126233000000.0,2550000000.0,25.905532416628432,0.7088316880608245,0.0143189245645362
DUK,1326160,Duke Energy CORP,current,2023,2023-12-31,2024-02-23,0001326160-24-000037,2024-02-23T18:27:16.000Z,https://www.sec.gov/Archives/edgar/data/1326160/000132616024000037/duk-20231231.htm,dei:DocumentFiscalYearFocus,20301,209,0.0102950593566819,219,0.0107876459287719,317,0.0156149943352544,-0.00049258657209,0.0578789222205802,0.0787153342199891,0.0208364119994088,53a424c3c57aefaa2e692c63bd0e46d9e816b2636d707ac1e59e6015a5448f3c,e2d1328682bab7d2187684fb9f5420bb730401c9eefc00daf835edd203f4859d,0.0003143332843005,0.5795035564569848,101,0.1452972163847329,2024-02-23,-0.0363572544830835,-0.0428503475513599,-0.0218260985649087,-0.0250884991979879,-0.012448772632026,-0.0204478926712411,same,0001326160-24-000037_same,,2022.0,0.0026198844133498997,176893000000.0,126706000000.0,2841000000.0,25.89881086695048,0.7162861164658861,0.0160605563815413
DUK,1326160,Duke Energy CORP,current,2024,2024-12-31,2025-02-27,0001326160-25-000072,2025-02-27T17:18:05.000Z,https://www.sec.gov/Archives/edgar/data/1326160/000132616025000072/duk-20241231.htm,dei:DocumentFiscalYearFocus,19503,194,0.0099471876121622,209,0.0107163000564015,301,0.0154335230477362,-0.0007691124442393,0.0582987232733425,0.0795262267343485,0.021227503461006,fc9132343467fd9227a69fc44c398da106809ba78f83325930cd095d0e4b8a51,e2d1328682bab7d2187684fb9f5420bb730401c9eefc00daf835edd203f4859d,-0.0002906731812921,-0.0056432314598991,101,1.6114360454899668e-05,2025-02-27,0.002712443071424,0.0017140993920372,0.0096720253173404,0.0472141894568792,0.0305307515943695,0.0951266019995494,same,0001326160-25-000072_same,,2023.0,-0.00027652587214930006,186343000000.0,135087000000.0,4524000000.0,25.950854898441968,0.724937346720832,0.0242778102746011
DUK,1326160,Duke Energy CORP,current,2025,2025-12-31,2026-02-26,0001326160-26-000014,2026-02-26T18:07:42.000Z,https://www.sec.gov/Archives/edgar/data/1326160/000132616026000014/duk-20251231.htm,dei:DocumentFiscalYearFocus,20939,211,0.0100768900138497,194,0.0092650078800324,308,0.0147093939538659,0.0008118821338172,0.0600315201299011,0.0794689335689383,0.0194374134390372,4b6af1d4b59e5fc5bf1b56482a318e97cc86070dcf2088af57cdc5ab53bd99f4,e2d1328682bab7d2187684fb9f5420bb730401c9eefc00daf835edd203f4859d,0.0002099756025504,-0.2364775650071156,101,0.0388594350877709,2026-02-26,0.0175204739492074,0.0200899119203424,0.0315460667159879,0.0495207598250641,0.0458225296573947,0.056937649268634,same,0001326160-26-000014_same,,2024.0,0.0015809945780565,195736000000.0,142717000000.0,4968000000.0,26.000032649464003,0.7291300527240774,0.0253811255977439
GOOGL,1652044,Alphabet Inc.,current,2016,2016-12-31,2017-02-03,0001652044-17-000008,2017-02-02T23:13:47.000Z,https://www.sec.gov/Archives/edgar/data/1652044/000165204417000008/goog10-kq42016.htm,cover_fiscal_year_ended,8863,37,0.0041746586934446,66,0.0074466884801985,101,0.0113956899469705,-0.0032720297867539,0.0424235586144646,0.0537064199480988,0.0112828613336342,8d246ea8299b14e398d660861158c37923bed53c739342d2b769bab2232e1c73,e2d1328682bab7d2187684fb9f5420bb730401c9eefc00daf835edd203f4859d,-0.000308431120888,1.0779928902373987,101,0.4160469967654772,2017-02-03,0.0025660667216145,0.0020868701134189,0.0030379896832623,0.0013506978081698,-0.031405971097261,-0.0341364828690583,same,0001652044-17-000008_same,,,,167497000000.0,28461000000.0,19478000000.0,25.844231277603377,0.1699194612440819,0.1162886499459691
GOOGL,1652044,Alphabet Inc.,current,2017,2017-12-31,2018-02-06,0001652044-18-000007,2018-02-06T01:46:29.000Z,https://www.sec.gov/Archives/edgar/data/1652044/000165204418000007/goog10-kq42017.htm,cover_fiscal_year_ended,9284,48,0.0051701852649719,79,0.0085092632485997,107,0.0115252046531667,-0.0033390779836277,0.0404997845756139,0.0526712623869021,0.0121714778112882,0bd199e10112796611075c06158ea0d60e9213103166991acfc680836b095d7b,e2d1328682bab7d2187684fb9f5420bb730401c9eefc00daf835edd203f4859d,0.0002762999054399,1.3580916662917728,101,0.3012562255422154,2018-02-06,-0.0188434419405907,-0.0282344399315254,-0.0198375496225789,-0.0440430169267148,-0.0252846133750624,-0.0461941893093735,same,0001652044-18-000007_same,,2016.0,-6.704819687379992e-05,197295000000.0,44793000000.0,12662000000.0,26.00796590753526,0.2270356572645024,0.0641780075521427
GOOGL,1652044,Alphabet Inc.,current,2018,2018-12-31,2019-02-05,0001652044-19-000004,2019-02-05T02:06:38.000Z,https://www.sec.gov/Archives/edgar/data/1652044/000165204419000004/goog10-kq42018.htm,cover_fiscal_year_ended,8556,40,0.0046750818139317,75,0.008765778401122,81,0.0094670406732117,-0.0040906965871902,0.0400888265544647,0.0538803179055633,0.0137914913510986,d5051085bb655840c2eb78a41264f9f44430c7cbbca4218c45ef983be29aca83,e2d1328682bab7d2187684fb9f5420bb730401c9eefc00daf835edd203f4859d,-6.241769464927341e-05,1.2955143997632443,101,0.7037088025686868,2019-02-05,-0.0074309445911876,-0.0048816696115081,-0.0075979561461398,-0.0050574879142523,-0.0033329829680533,0.0071413003640183,same,0001652044-19-000004_same,,2017.0,-0.0007516186035624998,232792000000.0,55164000000.0,30736000000.0,26.17341118795206,0.2369669060792467,0.1320320285920478
GOOGL,1652044,Alphabet Inc.,current,2019,2019-12-31,2020-02-04,0001652044-20-000008,2020-02-04T02:03:59.000Z,https://www.sec.gov/Archives/edgar/data/1652044/000165204420000008/goog10-k2019.htm,dei:DocumentFiscalYearFocus,8279,44,0.0053146515279623,69,0.0083343398961227,87,0.0105085155211982,-0.0030196883681604,0.040343036598623,0.0545959656963401,0.0142529290977171,dd81728eb73485ef40647acf57068db367df8919daa1e45e6f4bd8f436b88441,e2d1328682bab7d2187684fb9f5420bb730401c9eefc00daf835edd203f4859d,0.0003107798209146,1.224833728212513,101,0.6725638992309741,2020-02-04,-0.0318169090179722,-0.0233558718800637,-0.0062976174750067,-0.0003361877217005,0.0084557548381731,0.0197526331372877,same,0001652044-20-000008_same,,2018.0,0.0010710082190297995,275909000000.0,74467000000.0,34343000000.0,26.34333693815229,0.2698969587798875,0.1244721991671167
GOOGL,1652044,Alphabet Inc.,current,2020,2020-12-31,2021-02-03,0001652044-21-000010,2021-02-03T01:12:25.000Z,https://www.sec.gov/Archives/edgar/data/1652044/000165204421000010/goog-20201231.htm,dei:DocumentFiscalYearFocus,10066,47,0.0046691833896284,104,0.0103318100536459,130,0.0129147625670574,-0.0056626266640174,0.0394396979932445,0.0528511821974965,0.0134114842042519,94c927bbb2d102fa941d64d297496dc3b2f76276f3a0d197885a4bc218a187a6,e2d1328682bab7d2187684fb9f5420bb730401c9eefc00daf835edd203f4859d,0.0002760894495494,1.2773298517899034,101,0.6068392437209679,2021-02-03,0.0503032469491789,0.0582756195822052,0.0760252504039059,0.0873309185614831,0.0702623423991,0.0778534938222547,same,0001652044-21-000010_same,,2019.0,-0.0026429382958569995,319616000000.0,97072000000.0,40269000000.0,26.490386112163662,0.3037144573488186,0.1259918151782138
GOOGL,1652044,Alphabet Inc.,current,2021,2021-12-31,2022-02-02,0001652044-22-000019,2022-02-02T02:08:02.000Z,https://www.sec.gov/Archives/edgar/data/1652044/000165204422000019/goog-20211231.htm,dei:DocumentFiscalYearFocus,7684,37,0.0048152004164497,78,0.0101509630400832,79,0.0102811035918792,-0.0053357626236335,0.0424258198854763,0.0553097345132743,0.012883914627798,609d746cdf21ace1e32f2aba116e4d4501c8995635ee948db0ba3debcce5df3e,e2d1328682bab7d2187684fb9f5420bb730401c9eefc00daf835edd203f4859d,-0.000254882895385,1.1712811223435746,101,0.4933371395079985,2022-02-02,0.0696185728251378,0.0674655941987314,0.0394870646970048,0.0439689050241433,0.0552156275444644,0.0614248899141979,same,0001652044-22-000019_same,,2020.0,0.00032686404038389984,359268000000.0,107633000000.0,76033000000.0,26.60733446503449,0.2995897213222441,0.2116330984112139
GOOGL,1652044,Alphabet Inc.,current,2022,2022-12-31,2023-02-03,0001652044-23-000016,2023-02-03T02:23:45.000Z,https://www.sec.gov/Archives/edgar/data/1652044/000165204423000016/goog-20221231.htm,dei:DocumentFiscalYearFocus,7952,40,0.0050301810865191,85,0.0106891348088531,94,0.0118209255533199,-0.005658953722334,0.0377263581488933,0.0515593561368209,0.0138329979879275,12106d46d12624ce42752251572215ccefbd1f261c67fbb1e2dca06c01175bb7,e2d1328682bab7d2187684fb9f5420bb730401c9eefc00daf835edd203f4859d,-0.0017433954547736,1.3110363055622556,101,0.689626208937612,2023-02-03,0.0349556711127003,0.0291669567099254,0.0116001807106252,0.0072005808899064,-0.0129876750451947,-0.0296822009196447,same,0001652044-23-000016_same,,2021.0,-0.0003231910987005005,365264000000.0,109120000000.0,59972000000.0,26.623886216753668,0.2987428271058741,0.1641880940908493
GOOGL,1652044,Alphabet Inc.,current,2023,2023-12-31,2024-01-31,0001652044-24-000022,2024-01-31T02:43:43.000Z,https://www.sec.gov/Archives/edgar/data/1652044/000165204424000022/goog-20231231.htm,dei:DocumentFiscalYearFocus,8347,42,0.0050317479333892,70,0.0083862465556487,95,0.0113813346112375,-0.0033544986222594,0.0377381095004193,0.0510363004672337,0.0132981909668144,7054eec284fddbc635bd351cf78ec7d987399c5e20ec454634a5533146dc84a0,e2d1328682bab7d2187684fb9f5420bb730401c9eefc00daf835edd203f4859d,-0.0001011273718757,1.3384148803488325,101,0.3813707608363575,2024-01-31,-0.0748497863915878,-0.076578811017359,-0.06516887681652,-0.0624281881771602,-0.0414907552314336,-0.0335287120384573,same,0001652044-24-000022_same,,2022.0,0.0023044551000746005,402392000000.0,119013000000.0,73795000000.0,26.72069257481861,0.2957638322829479,0.1833908228791824
GOOGL,1652044,Alphabet Inc.,current,2024,2024-12-31,2025-02-05,0001652044-25-000014,2025-02-05T01:41:40.000Z,https://www.sec.gov/Archives/edgar/data/1652044/000165204425000014/goog-20241231.htm,dei:DocumentFiscalYearFocus,8075,39,0.0048297213622291,70,0.0086687306501548,92,0.0113931888544891,-0.0038390092879256,0.0375232198142414,0.0513931888544891,0.0138699690402476,4d25f3c5ce3e09cbd0213679a8db651d626cd3e6e6dcf0bb33cca6522ccc902c,e2d1328682bab7d2187684fb9f5420bb730401c9eefc00daf835edd203f4859d,0.0007760552304385,1.1484642094762882,101,0.2952475559020718,2025-02-05,-0.0652198700652255,-0.0606977220389614,-0.0751976544653486,-0.069858770460338,-0.0631388807292794,-0.0549611949616187,same,0001652044-25-000014_same,,2023.0,-0.0004845106656662002,450256000000.0,125172000000.0,100118000000.0,26.83308214684373,0.2780018478376745,0.2223579474787676
GOOGL,1652044,Alphabet Inc.,current,2025,2025-12-31,2026-02-05,0001652044-26-000018,2026-02-05T02:56:03.000Z,https://www.sec.gov/Archives/edgar/data/1652044/000165204426000018/goog-20251231.htm,dei:DocumentFiscalYearFocus,7301,26,0.0035611560060265,56,0.0076701821668264,90,0.0123270784823996,-0.0041090261607998,0.0399945212984522,0.0516367620873852,0.011642240788933,3b1e0b3c5f7dfa90c8b807a655aa9363b9199d52721356f38a36a0e4a9ccc4de,e2d1328682bab7d2187684fb9f5420bb730401c9eefc00daf835edd203f4859d,0.0038286222969456,1.417710726746545,101,0.2764779065014141,2026-02-05,-0.0651866741155618,-0.0527098347980768,-0.0861193323409803,-0.0590069271041541,-0.0955245151440469,-0.0619967385190334,same,0001652044-26-000018_same,,2024.0,-0.00027001687287419966,595281000000.0,180016000000.0,132170000000.0,27.11229939991574,0.3024050826416432,0.2220295961067126
GS,886982,GOLDMAN SACHS GROUP INC,current,2016,2016-12-31,2017-02-27,0001193125-17-056804,2017-02-25T00:08:26.000Z,https://www.sec.gov/Archives/edgar/data/886982/000119312517056804/d308759d10k.htm,cover_fiscal_year_ended,38083,169,0.0044376756032875,505,0.0132605099388178,1011,0.0265472783131581,-0.0088228343355302,0.0227398051624084,0.0560355014048263,0.0332956962424178,e5ee849040d4d995a5d4b7fd2b77b0851f83454b9d32fe6b47cdc690a521faec,e2d1328682bab7d2187684fb9f5420bb730401c9eefc00daf835edd203f4859d,0.0027729148283553,1.307810061323908,101,0.302926226908449,2017-02-27,-0.0180066833764902,-0.0097085711306509,-0.0284981728286088,-0.0069073251697507,-0.0329784088358883,0.0012287611279134,same,0001193125-17-056804_same,,,,860165000000.0,773272000000.0,7398000000.0,27.480390068256217,0.8989810094574878,0.0086006754518028
GS,886982,GOLDMAN SACHS GROUP INC,current,2017,2017-12-31,2018-02-26,0001193125-18-056383,2018-02-24T01:16:10.000Z,https://www.sec.gov/Archives/edgar/data/886982/000119312518056383/d480167d10k.htm,cover_fiscal_year_ended,36760,147,0.0039989118607181,458,0.0124591947769314,994,0.0270402611534276,-0.0084602829162132,0.0209194776931447,0.054651795429815,0.0337323177366702,75634e5c7265e3b0ea55933f48f53e9d0a15e28840bbc4e4b4c06409a32685e5,e2d1328682bab7d2187684fb9f5420bb730401c9eefc00daf835edd203f4859d,6.687210177613696e-06,1.259201557805408,101,0.1692499278145033,2018-02-26,0.0059741001889792,0.0099025333514142,-0.0100087602304882,-0.0135556852628162,-0.0092638600719724,-0.010027243873106,same,0001193125-18-056383_same,,2016.0,0.0003625514193170004,916776000000.0,834533000000.0,4286000000.0,27.544129004553763,0.9102910634658848,0.0046750787542431
GS,886982,GOLDMAN SACHS GROUP INC,current,2018,2018-12-31,2019-02-26,0001193125-19-050198,2019-02-26T00:51:24.000Z,https://www.sec.gov/Archives/edgar/data/886982/000119312519050198/d669877d10k.htm,cover_fiscal_year_ended,37066,135,0.0036421518372632,505,0.0136243457616144,1050,0.0283278476231586,-0.0099821939243511,0.0176172233313548,0.0524200075540927,0.0348027842227378,71d9a87e0c80096e7c5762d0bc4b1e1264fede6c9b97d29d54d3e468fb8cde99,e2d1328682bab7d2187684fb9f5420bb730401c9eefc00daf835edd203f4859d,-0.0006064487253623,1.1106103181745972,101,0.4731961788092399,2019-02-26,0.0167121672428304,0.0148814675906777,-0.0011393626509095,-0.0046266201932092,-0.0073799223519033,-0.0134850205492398,same,0001193125-19-050198_same,,2017.0,-0.0015219110081378991,931796000000.0,841611000000.0,10459000000.0,27.56037974355321,0.9032137935771348,0.0112245598822059
GS,886982,GOLDMAN SACHS GROUP INC,current,2019,2019-12-31,2020-02-21,0001193125-20-043853,2020-02-21T02:09:56.000Z,https://www.sec.gov/Archives/edgar/data/886982/000119312520043853/d826673d10k.htm,dei:DocumentFiscalYearFocus,35561,142,0.0039931385506594,461,0.0129636399426337,948,0.0266584179297545,-0.0089705013919743,0.0202187789994657,0.054554146396333,0.0343353673968673,6d2b6220faef202c1a3c1ff2a1528c7830513310f8f084a1f542706d42193dc8,e2d1328682bab7d2187684fb9f5420bb730401c9eefc00daf835edd203f4859d,1.5549744142212432e-05,1.546905796463638,101,0.5408529643470195,2020-02-21,0.0191563325349725,-0.0069649563081961,0.0310869944302106,-0.0126222182651664,0.0404579805513292,-0.0317312238349614,same,0001193125-20-043853_same,,2018.0,0.0010116925323767987,992968000000.0,902703000000.0,8466000000.0,27.623964274893275,0.9090957613941236,0.0085259545121292
GS,886982,GOLDMAN SACHS GROUP INC,current,2020,2020-12-31,2021-02-22,0001193125-21-049380,2021-02-20T02:16:45.000Z,https://www.sec.gov/Archives/edgar/data/886982/000119312521049380/d39654d10k.htm,dei:DocumentFiscalYearFocus,37809,155,0.0040995530164775,535,0.0141500700891322,1010,0.0267132164299505,-0.0100505170726546,0.0221375862889788,0.0560713057737575,0.0339337194847787,931d6e64b95c54d305c13e4e7ee14bf475b05e5e7d1d866309feaceae9aa0453,e2d1328682bab7d2187684fb9f5420bb730401c9eefc00daf835edd203f4859d,0.0026258488151538,0.8223994250187906,101,0.2256220032815064,2021-02-22,0.0287769704281097,0.0381341814979272,0.0534808003654084,0.0765139623828602,0.0670270110410548,0.0964463767280596,same,0001193125-21-049380_same,,2019.0,-0.0010800156806802987,1163028000000.0,1067096000000.0,9459000000.0,27.782048064841643,0.917515313474826,0.0081330802009925
GS,886982,GOLDMAN SACHS GROUP INC,current,2021,2021-12-31,2022-02-25,0001193125-22-052682,2022-02-25T02:09:11.000Z,https://www.sec.gov/Archives/edgar/data/886982/000119312522052682/d192225d10k.htm,dei:DocumentFiscalYearFocus,37625,175,0.0046511627906976,524,0.0139269102990033,1057,0.0280930232558139,-0.0092757475083056,0.0204651162790697,0.054750830564784,0.0342857142857142,017d15ac965f54efeadf119ad2bc1810b7cac97de14281341d593cb04f0197fd,e2d1328682bab7d2187684fb9f5420bb730401c9eefc00daf835edd203f4859d,-0.0012584465213809,1.097879352652162,101,0.3328208490668278,2022-02-25,-0.0334877889051103,-0.0338484183172019,-0.0224066320518872,-0.0302858010536783,-0.0310019349152876,-0.0479796245943311,same,0001193125-22-052682_same,,2020.0,0.0007747695643489996,1463988000000.0,1354062000000.0,21635000000.0,28.012185334712765,0.9249133189616308,0.014778126596666
GS,886982,GOLDMAN SACHS GROUP INC,current,2022,2022-12-31,2023-02-24,0000886982-23-000003,2023-02-24T00:58:16.000Z,https://www.sec.gov/Archives/edgar/data/886982/000088698223000003/gs-20221231.htm,dei:DocumentFiscalYearFocus,38235,156,0.0040800313848568,550,0.0143847260363541,1038,0.027147901137701,-0.0103046946514973,0.0192232247940368,0.0555250425003269,0.03630181770629,30d74217535c230c28037d86faf801c528ac363dd83a07072bf4a100bee1af05,e2d1328682bab7d2187684fb9f5420bb730401c9eefc00daf835edd203f4859d,0.0005436152747894,0.876200155180533,101,0.5283587678048891,2023-02-24,0.0130528125177252,0.0149479855575518,-0.0303816167752856,-0.0226752313289984,-0.0233167837615884,-0.0143240505538275,same,0000886982-23-000003_same,,2021.0,-0.0010289471431917004,1441799000000.0,1324610000000.0,11261000000.0,27.99691275533917,0.9187202931892726,0.0078103813360946
GS,886982,GOLDMAN SACHS GROUP INC,current,2023,2023-12-31,2024-02-23,0000886982-24-000006,2024-02-23T01:39:25.000Z,https://www.sec.gov/Archives/edgar/data/886982/000088698224000006/gs-20231231.htm,dei:DocumentFiscalYearFocus,39343,143,0.0036346999466232,539,0.0137000228757339,1118,0.0284167450372366,-0.0100653229291106,0.0178176549830973,0.0540121495564649,0.0361944945733675,b677f3b328046c68366e884d66bbd77acc99635ecb578804e87dc77b0f58bafe,e2d1328682bab7d2187684fb9f5420bb730401c9eefc00daf835edd203f4859d,0.0006934783951336,1.2094028301204365,101,0.3882413735473305,2024-02-23,-0.0184384339701382,-0.0126549022980867,0.0091294540068224,0.0167041869720872,-0.0068509879064226,0.0064826341028781,same,0000886982-24-000006_same,,2022.0,0.00023937172238669945,1641594000000.0,1524689000000.0,8516000000.0,28.126688836945423,0.9287856802595528,0.005187640793034
GS,886982,GOLDMAN SACHS GROUP INC,current,2024,2024-12-31,2025-02-27,0000886982-25-000005,2025-02-27T13:50:25.000Z,https://www.sec.gov/Archives/edgar/data/886982/000088698225000005/gs-20241231.htm,dei:DocumentFiscalYearFocus,39707,145,0.0036517490618782,537,0.0135240637670939,1129,0.0284332737300727,-0.0098723147052157,0.0203742413176518,0.0555317702168383,0.0351575288991865,b9790ae93a8a477b0b82210c22518f0fdb0e5cb0d9d0e0eaae8900abc75f6fe4,e2d1328682bab7d2187684fb9f5420bb730401c9eefc00daf835edd203f4859d,0.0014022976643036,1.64666244485934,101,0.4420659609439991,2025-02-27,0.0130009263240898,0.0172890499878375,-0.0118867686955954,-0.0275199486189116,-0.0582817233922194,-0.0864497940307835,same,0000886982-25-000005_same,,2023.0,0.0001930082238949006,1675972000000.0,1553976000000.0,14276000000.0,28.14741441140497,0.9272088077843784,0.0085180420675285
GS,886982,GOLDMAN SACHS GROUP INC,current,2025,2025-12-31,2026-02-25,0000886982-26-000091,2026-02-25T22:22:27.000Z,https://www.sec.gov/Archives/edgar/data/886982/000088698226000091/gs-20251231.htm,dei:DocumentFiscalYearFocus,41791,146,0.0034935751716876,551,0.013184656983561,1166,0.0279007441793687,-0.0096910818118733,0.0215118087626522,0.0563518460912636,0.0348400373286114,29b1dfe3fa7d5b2c60b76bf2c058708089fc9f71a53360d2b93116366a42ab18,e2d1328682bab7d2187684fb9f5420bb730401c9eefc00daf835edd203f4859d,0.0014795759845458,1.263961202369,101,0.3107025866868516,2026-02-25,0.0229999708063728,0.0301898051380252,-0.0669193073572401,-0.0557610308398979,-0.0667179222837526,-0.0493626086629402,same,0000886982-26-000091_same,,2024.0,0.00018123289334239998,1809320000000.0,1684348000000.0,17176000000.0,28.22397220000915,0.9309287467114716,0.0094930692193752
HD,354950,"HOME DEPOT, INC.",current,2016,2017-01-29,2017-03-23,0000354950-17-000005,2017-03-23T20:29:46.000Z,https://www.sec.gov/Archives/edgar/data/354950/000035495017000005/hd-01292017x10xk.htm,HD_fiscal_glossary_52_53_week_year_previous_calendar_year,5957,47,0.0078898774550948,52,0.0087292261205304,63,0.0105757931844888,-0.0008393486654356,0.0434782608695652,0.0595937552459291,0.0161154943763639,9fbf7033773b1841f7373d18b1a2c84bcee86c67fa4e66a4c7f249deb9d3c89c,e2d1328682bab7d2187684fb9f5420bb730401c9eefc00daf835edd203f4859d,0.0005597692912305,0.8642746699917703,101,0.1817980985558558,2017-03-23,0.0058326273702068,0.0075138868484951,-0.0128557236067545,-0.0078243421844282,-0.0066052605656412,0.0005186947953479,same,0000354950-17-000005_same,,,,42966000000.0,38633000000.0,7957000000.0,24.48367494219927,0.8991528185076573,0.1851929432574593
HD,354950,"HOME DEPOT, INC.",current,2017,2018-01-28,2018-03-22,0000354950-18-000019,2018-03-22T20:56:00.000Z,https://www.sec.gov/Archives/edgar/data/354950/000035495018000019/hd_10k01282018.htm,HD_fiscal_glossary_52_53_week_year_previous_calendar_year,4099,25,0.0060990485484264,31,0.0075628202000487,37,0.0090265918516711,-0.0014637716516223,0.0402537204196145,0.0580629421810197,0.0178092217614052,062eaeb6a0a284dff08fef3c57e40f613167de8db74ce23c6d018369a21963a8,e2d1328682bab7d2187684fb9f5420bb730401c9eefc00daf835edd203f4859d,0.0005635144075493,1.246517038115693,101,0.6124648522766899,2018-03-22,0.0220788886059816,0.011943082852409,0.0359789530748769,0.0273967408418632,0.0481369868716239,0.0447114664017768,same,0000354950-18-000019_same,,2016.0,-0.0006244229861866999,44529000000.0,43075000000.0,8630000000.0,24.519406499257148,0.9673471221002043,0.1938062835455545
HD,354950,"HOME DEPOT, INC.",current,2018,2019-02-03,2019-03-28,0000354950-19-000010,2019-03-28T20:42:29.000Z,https://www.sec.gov/Archives/edgar/data/354950/000035495019000010/hd_10kx02032019.htm,HD_fiscal_glossary_52_53_week_year_previous_calendar_year,4440,19,0.0042792792792792,39,0.0087837837837837,36,0.0081081081081081,-0.0045045045045045,0.0362612612612612,0.0565315315315315,0.0202702702702702,4bcd032da408e9a3290d86afed3789d426332cbcbe8407b1355a4f5c5116a2f1,e2d1328682bab7d2187684fb9f5420bb730401c9eefc00daf835edd203f4859d,-0.0004199873253672,0.9675921040818678,101,0.6034500869861659,2019-03-28,0.0091981742887001,0.0077541537205749,0.0094084912504778,0.0057034555514141,0.0606184585444315,0.0553595081177805,same,0000354950-19-000010_same,,2017.0,-0.0030407328528822,44003000000.0,45881000000.0,11121000000.0,24.50752365035858,1.0426789082562553,0.2527327682203486
HD,354950,"HOME DEPOT, INC.",current,2019,2020-02-02,2020-03-25,0000354950-20-000015,2020-03-25T20:41:53.000Z,https://www.sec.gov/Archives/edgar/data/354950/000035495020000015/hd10k02022020.htm,dei:DocumentFiscalYearFocus,4112,13,0.0031614785992217,49,0.0119163424124513,48,0.0116731517509727,-0.0087548638132295,0.0255350194552529,0.046692607003891,0.0211575875486381,39946584aa22f72270856d580a8229b640e61e186e9297fe5e19871f9a301708,e2d1328682bab7d2187684fb9f5420bb730401c9eefc00daf835edd203f4859d,-0.0001653219149586,0.7682531592018902,101,0.3013353355395439,2020-03-25,0.0670839823696884,0.0277062467272516,0.1405179793679754,0.1173558556013443,0.0640567724503212,0.0650947233927956,same,0000354950-20-000015_same,,2018.0,-0.004250359308724999,51236000000.0,54352000000.0,11242000000.0,24.6597082469153,1.0608166133187602,0.2194160355999687
HD,354950,"HOME DEPOT, INC.",current,2020,2021-01-31,2021-03-24,0000354950-21-000089,2021-03-24T20:46:14.000Z,https://www.sec.gov/Archives/edgar/data/354950/000035495021000089/hd-20210131.htm,dei:DocumentFiscalYearFocus,4693,29,0.0061794161517153,38,0.0080971659919028,53,0.0112934157255486,-0.0019177498401875,0.0340933304922224,0.05135307905391,0.0172597485616876,463a640368eff091973667a9d05bc045bf6367d2477e43d659ae0c65db70db76,e2d1328682bab7d2187684fb9f5420bb730401c9eefc00daf835edd203f4859d,-0.0012699780858148,0.5802670755823919,101,0.1746913906241248,2021-03-24,0.0366534552402509,0.0361417505523071,0.0662943505350096,0.0513907050477256,0.0919892453961769,0.0767975647545384,same,0000354950-21-000089_same,,2019.0,0.006837113973041999,70581000000.0,67282000000.0,12866000000.0,24.980026823412803,0.9532593757526812,0.182287017752653
HD,354950,"HOME DEPOT, INC.",current,2021,2022-01-30,2022-03-23,0000354950-22-000070,2022-03-23T20:25:53.000Z,https://www.sec.gov/Archives/edgar/data/354950/000035495022000070/hd-20220130.htm,dei:DocumentFiscalYearFocus,3979,21,0.0052777079668258,25,0.0062829856747926,43,0.0108067353606433,-0.0010052777079668,0.0301583312390047,0.0482533299824076,0.0180949987434028,742be6ce198417144d5bb83302bc75c3ae95706dfc982eb2552d64194339e43b,e2d1328682bab7d2187684fb9f5420bb730401c9eefc00daf835edd203f4859d,-0.0004457657832946,0.9149776872637918,101,0.2960817207844974,2022-03-23,-0.0522693208731574,-0.0547438195204257,-0.0968417727739187,-0.1030921521635814,-0.1268108439309055,-0.1383042206831682,same,0000354950-22-000070_same,,2020.0,0.0009124721322207,71876000000.0,73572000000.0,16433000000.0,24.99820824901062,1.0235961934442652,0.2286298625410429
HD,354950,"HOME DEPOT, INC.",current,2022,2023-01-29,2023-03-15,0000354950-23-000059,2023-03-15T20:22:15.000Z,https://www.sec.gov/Archives/edgar/data/354950/000035495023000059/hd-20230129.htm,dei:DocumentFiscalYearFocus,3422,16,0.0046756282875511,13,0.0037989479836353,29,0.0084745762711864,0.0008766803039158,0.0263004091174751,0.0435417884278199,0.0172413793103448,0b9cafe9c2cc94f575c4e8ee34cdf56504cdd1d1981a6abb936f31eb238d5b24,e2d1328682bab7d2187684fb9f5420bb730401c9eefc00daf835edd203f4859d,0.0008733816329192,1.057680974144545,101,0.6516461664138069,2023-03-15,-0.0304558953909194,-0.0262750314913007,-0.0111455374912246,-0.0045145354932233,-0.0178995617570294,-0.0089589694690597,same,0000354950-23-000059_same,,2021.0,0.0018819580118826,76445000000.0,74883000000.0,17105000000.0,25.059837364958987,0.9795670089606908,0.2237556413107463
HD,354950,"HOME DEPOT, INC.",current,2023,2024-01-28,2024-03-13,0000354950-24-000062,2024-03-13T20:31:59.000Z,https://www.sec.gov/Archives/edgar/data/354950/000035495024000062/hd-20240128.htm,dei:DocumentFiscalYearFocus,3268,12,0.003671970624235,18,0.0055079559363525,33,0.0100979192166462,-0.0018359853121175,0.0208078335373317,0.0406976744186046,0.0198898408812729,5b4994af7457165192e7c4a94d25f8e7e8afbaa3603854d4e41f9d43e603d73a,e2d1328682bab7d2187684fb9f5420bb730401c9eefc00daf835edd203f4859d,0.0001531776708648,1.141595246341262,101,0.4814374305048794,2024-03-13,0.00242166640877,0.0037882821739063,-0.0116415715319618,-0.0107688990245528,-0.012217635775514,-0.0064845998431221,same,0000354950-24-000062_same,,2022.0,-0.0027126656160333003,76530000000.0,75486000000.0,15143000000.0,25.06094865776824,0.986358290866327,0.1978701162942636
HD,354950,"HOME DEPOT, INC.",current,2024,2025-02-02,2025-03-21,0000354950-25-000085,2025-03-20T22:36:42.000Z,https://www.sec.gov/Archives/edgar/data/354950/000035495025000085/hd-20250202.htm,dei:DocumentFiscalYearFocus,4277,18,0.0042085574000467,16,0.0037409399111526,71,0.01660042085574,0.000467617488894,0.0296937105447743,0.0451250876782791,0.0154313771335047,f3f52777f464fded67cc2377eb5ec1d0ce35b82e875dd873853a15061e9f610c,e2d1328682bab7d2187684fb9f5420bb730401c9eefc00daf835edd203f4859d,-0.0004362643953646,0.5313372737222204,101,0.1041582686921563,2025-03-21,0.0222446100276841,0.013303287953343,0.0226569056623706,0.0163935857964289,0.0306870443211416,0.0205051037098971,same,0000354950-25-000085_same,,2023.0,0.0023036028010115003,96119000000.0,89479000000.0,14806000000.0,25.28885284409847,0.930918965032928,0.154038223452179
HD,354950,"HOME DEPOT, INC.",current,2025,2026-02-01,2026-03-18,0001628280-26-019436,2026-03-18T20:23:56.000Z,https://www.sec.gov/Archives/edgar/data/354950/000162828026019436/hd-20260201.htm,dei:DocumentFiscalYearFocus,4283,17,0.0039691804809712,15,0.0035022180714452,72,0.0168106467429371,0.000466962409526,0.0319869250525332,0.0469297221573663,0.014942797104833,e99d3bc9e1ae85664786c00a95475543195d8af32e0a2c215b588ee76fb3ed3d,e2d1328682bab7d2187684fb9f5420bb730401c9eefc00daf835edd203f4859d,-0.0006499783641909,0.3738150203035567,101,0.0396661576967014,2026-03-18,-0.0351972957934563,-0.028466985349896,-0.013060642727132,-0.0091724451979657,-0.0453726548110922,-0.0350743654938529,same,0001628280-26-019436_same,,2024.0,-6.550793680000326e-07,105095000000.0,92282000000.0,14156000000.0,25.37813053995836,0.8780817355725772,0.134697178743042
HON,773840,HONEYWELL INTERNATIONAL INC,current,2016,2016-12-31,2017-02-10,0000930413-17-000391,2017-02-10T20:53:13.000Z,https://www.sec.gov/Archives/edgar/data/773840/000093041317000391/c86783_10k.htm,cover_fiscal_year_ended,8512,58,0.006813909774436,137,0.01609492481203,140,0.0164473684210526,-0.0092810150375939,0.0562734962406015,0.0724859022556391,0.0162124060150375,25ff19d40dfebbd53ca43d7620e13334f72f0e66a48fbaf62881bd1fcb232ae2,e2d1328682bab7d2187684fb9f5420bb730401c9eefc00daf835edd203f4859d,-5.550604604357278e-05,0.9705447819305022,101,0.2899405964298496,2017-02-10,0.018186926230575,0.0175914092875648,0.0173880624002097,0.0162783315284262,0.0255067606100234,0.0239993393579637,same,0000930413-17-000391_same,,,,54146000000.0,34599000000.0,4809000000.0,24.71494993878224,0.6389945702360286,0.0888154249621394
HON,773840,HONEYWELL INTERNATIONAL INC,current,2017,2017-12-31,2018-02-09,0000930413-18-000292,2018-02-09T19:29:41.000Z,https://www.sec.gov/Archives/edgar/data/773840/000093041318000292/c89913_10k.htm,cover_fiscal_year_ended,8522,64,0.0075099741844637,126,0.0147852616756629,143,0.0167800985684111,-0.0072752874911992,0.0585543299694907,0.0756864585777986,0.0171321286083079,6eafb4c7320af906339e10ec9e471a19b9c357a43d962b46d2fb9e77aa2406d6,e2d1328682bab7d2187684fb9f5420bb730401c9eefc00daf835edd203f4859d,0.0004956114532803,0.8231303763516152,101,0.2254706619517554,2018-02-09,-0.0050424909729293,-0.0020194121999931,-0.0174731386949164,-0.0175003897579295,-0.0144741837131574,-0.0037205758244331,same,0000930413-18-000292_same,,2016.0,0.0020057275463947,59387000000.0,41948000000.0,1655000000.0,24.80734118414386,0.7063498745516695,0.0278680519305571
HON,773840,HONEYWELL INTERNATIONAL INC,current,2018,2018-12-31,2019-02-08,0000930413-19-000366,2019-02-08T19:09:10.000Z,https://www.sec.gov/Archives/edgar/data/773840/000093041319000366/c92779_10k.htm,cover_fiscal_year_ended,8111,65,0.0080138084083343,103,0.0126988040932067,133,0.0163974848970533,-0.0046849956848723,0.0590556035014178,0.0766859819997534,0.0176303784983355,046c0c88703159489010350ac03ff8ccf8e763b7215b6a829716a99f26e9015f,e2d1328682bab7d2187684fb9f5420bb730401c9eefc00daf835edd203f4859d,0.0001827240400229,0.8583130486720976,101,0.7186004253856023,2019-02-08,0.0034875303511064,0.0051652076046002,0.0136254985156943,0.0134272868049865,0.0412811242572424,0.0395607087908952,same,0000930413-19-000366_same,,2017.0,0.0025902918063269,57773000000.0,39415000000.0,6765000000.0,24.77978737545877,0.6822391082339501,0.1170962214183096
HON,773840,HONEYWELL INTERNATIONAL INC,current,2019,2019-12-31,2020-02-14,0000773840-20-000009,2020-02-14T18:25:35.000Z,https://www.sec.gov/Archives/edgar/data/773840/000077384020000009/hon1231201910k.htm,dei:DocumentFiscalYearFocus,7020,53,0.0075498575498575,99,0.0141025641025641,145,0.0206552706552706,-0.0065527065527065,0.0461538461538461,0.0649572649572649,0.0188034188034188,a2954b90c0b1d1560796144fecb041bf2fe11574f2457a650210e66f6456e5fc,e2d1328682bab7d2187684fb9f5420bb730401c9eefc00daf835edd203f4859d,-0.0004956821315779,1.350347851494335,101,0.6065971286480254,2020-02-14,-0.0045650510033477,-0.0070004382502972,0.0161141883180968,0.0148637024021055,0.0482486609418546,0.0302636348518167,same,0000773840-20-000009_same,,2018.0,-0.0018677108678341993,58679000000.0,39973000000.0,6143000000.0,24.795347748494525,0.6812147446275499,0.1046882189539699
HON,773840,HONEYWELL INTERNATIONAL INC,current,2020,2020-12-31,2021-02-12,0000773840-21-000015,2021-02-12T19:31:39.000Z,https://www.sec.gov/Archives/edgar/data/773840/000077384021000015/hon-20201231.htm,dei:DocumentFiscalYearFocus,8787,48,0.0054626152270399,133,0.0151359963582565,148,0.0168430636167064,-0.0096733811312165,0.0347103675884829,0.0580402867872994,0.0233299191988164,957a8903b12b956b77b9d7ad6e595afc19af3380f9662282f1557960c21865ca,e2d1328682bab7d2187684fb9f5420bb730401c9eefc00daf835edd203f4859d,0.0018053504007053,1.0561439755802198,101,0.4569239289306999,2021-02-12,-0.0052106178876841,0.0005313050678575,-0.013768260710945,-0.0011527451371724,-0.0060550234217006,0.0138778498402731,same,0000773840-21-000015_same,,2019.0,-0.00312067457851,64586000000.0,46796000000.0,4779000000.0,24.89126350598192,0.7245533087666057,0.0739943641036757
HON,773840,HONEYWELL INTERNATIONAL INC,current,2021,2021-12-31,2022-02-11,0000773840-22-000018,2022-02-11T17:37:32.000Z,https://www.sec.gov/Archives/edgar/data/773840/000077384022000018/hon-20211231.htm,audited_override_DEI_2020_conflicts_with_cover_and_period_2021,7642,56,0.0073279246270609,93,0.0121695891127976,143,0.0187123789583878,-0.0048416644857367,0.0464538079036901,0.0649044752682543,0.0184506673645642,b8a6df86755100a13e31922fb2ffb48c1258050ec166d0bcefbd311be2253d4f,e2d1328682bab7d2187684fb9f5420bb730401c9eefc00daf835edd203f4859d,-0.000638483173279,0.7323079797055141,101,0.3352083352898509,2022-02-11,-0.0193109423964131,-0.0102708880587817,-0.0116051109267347,-0.0157105838447947,-0.02246828388534,-0.0219310351868716,same,0000773840-22-000018_same,,2020.0,0.0048317166454798,64470000000.0,45228000000.0,5542000000.0,24.88946583626894,0.7015355979525361,0.0859624631611602
HON,773840,HONEYWELL INTERNATIONAL INC,current,2022,2022-12-31,2023-02-10,0000773840-23-000013,2023-02-10T19:09:31.000Z,https://www.sec.gov/Archives/edgar/data/773840/000077384023000013/hon-20221231.htm,dei:DocumentFiscalYearFocus,19722,195,0.0098874353513842,482,0.0244397119967548,423,0.0214481289930027,-0.0145522766453706,0.031538383531082,0.0582598113781563,0.0267214278470743,4251f898c09a955f41a9b02825c435067e8125daec2c650c93d3e54fd7d751b0,e2d1328682bab7d2187684fb9f5420bb730401c9eefc00daf835edd203f4859d,0.001245599048763,0.8229331834052993,101,0.6485855470786364,2023-02-10,-0.0017935341753678,0.0010908500463185,-0.0272320307412084,-0.0201239014719544,-0.0222876545682468,-0.0043448546127374,same,0000773840-23-000013_same,,2021.0,-0.0097106121596339,62275000000.0,44956000000.0,4966000000.0,24.854825898094656,0.7218948213568848,0.0797430750702529
HON,773840,HONEYWELL INTERNATIONAL INC,current,2023,2023-12-31,2024-02-16,0000773840-24-000014,2024-02-16T18:40:36.000Z,https://www.sec.gov/Archives/edgar/data/773840/000077384024000014/hon-20231231.htm,dei:DocumentFiscalYearFocus,7612,39,0.0051234892275354,84,0.0110352075669994,150,0.0197057277982133,-0.005911718339464,0.0463741460851287,0.0642406726221755,0.0178665265370467,53ef2f67510dc0030bcbc168389e1c7b96c7607edd85d26253c37a194f16a232,e2d1328682bab7d2187684fb9f5420bb730401c9eefc00daf835edd203f4859d,2.169761940290392e-05,0.8651104201544525,101,0.4338572476110589,2024-02-16,0.0250917816767128,0.025829641865586,0.0060690346737235,0.0044262053231746,0.0167522157424214,0.0150134575866114,same,0000773840-24-000014_same,,2022.0,0.0086405583059066,61525000000.0,45091000000.0,5658000000.0,24.84270943322353,0.7328890694839496,0.0919626168224299
HON,773840,HONEYWELL INTERNATIONAL INC,current,2024,2024-12-31,2025-02-14,0000773840-25-000010,2025-02-14T19:50:25.000Z,https://www.sec.gov/Archives/edgar/data/773840/000077384025000010/hon-20241231.htm,dei:DocumentFiscalYearFocus,7706,30,0.003893070334804,87,0.0112899039709317,159,0.0206332727744614,-0.0073968336361276,0.0424344666493641,0.0612509732675837,0.0188165066182195,080f0c16e72b85952167176e35e280c2a065aa6dd993c0590ccd0d25dfbe5d22,e2d1328682bab7d2187684fb9f5420bb730401c9eefc00daf835edd203f4859d,0.0006952297518561,0.7460347218549733,101,0.22512408646255,2025-02-14,0.0034484915095299,0.0022835938149814,0.0028792025175366,0.0055978139868851,0.0059059159274447,0.0177000932140849,same,0000773840-25-000010_same,,2023.0,-0.0014851152966635995,75196000000.0,56042000000.0,5705000000.0,25.043363874998125,0.7452790042023512,0.0758683972551731
HON,773840,HONEYWELL INTERNATIONAL INC,current,2025,2025-12-31,2026-02-17,0000773840-26-000013,2026-02-17T11:07:11.000Z,https://www.sec.gov/Archives/edgar/data/773840/000077384026000013/hon-20251231.htm,dei:DocumentFiscalYearFocus,9192,38,0.0041340295909486,134,0.0145778938207136,163,0.0177328111401218,-0.010443864229765,0.0448215839860748,0.064077458659704,0.0192558746736292,4779716cf06612165f90144bb4d6aef893f21009d5be117375b93d0ed1431882,e2d1328682bab7d2187684fb9f5420bb730401c9eefc00daf835edd203f4859d,0.0001688476971479,0.5685381271671189,101,0.0838919976943213,2026-02-17,0.0009602121734685,-0.0015951058789481,0.0041765572020159,0.0072982952303676,0.0235172690133786,0.0278954321828514,same,0000773840-26-000013_same,,2024.0,-0.0030470305936373997,73681000000.0,58651000000.0,4729000000.0,25.023010801005487,0.7960125405464096,0.0641820822192967
IBM,51143,INTERNATIONAL BUSINESS MACHINES CORP,current,2016,2016-12-31,2017-02-28,0001047469-17-001061,2017-02-28T21:23:36.000Z,https://www.sec.gov/Archives/edgar/data/51143/000104746917001061/a2230222z10-k.htm,cover_fiscal_year_ended,32002,224,0.006999562527342,333,0.0104055996500218,282,0.0088119492531716,-0.0034060371226798,0.0367164552215486,0.053371664270983,0.0166552090494344,d9818dd34de98ebe994e08a64a1f527f6d05225bba2dbb123f80ff88ea613be4,e2d1328682bab7d2187684fb9f5420bb730401c9eefc00daf835edd203f4859d,0.0006438276674272,0.9814456503830536,101,0.3480688174458857,2017-02-28,-0.0103865253122201,-0.0086797997067666,-0.0189363187018852,-0.0145903876976478,-0.0158079006996665,-0.0088639346119916,same,0001047469-17-001061_same,https://www.sec.gov/Archives/edgar/data/51143/000104746917001061/a2230222zex-13.htm,,,117470000000.0,99078000000.0,11872000000.0,25.489448818782204,0.8434323657103941,0.1010641014727164
IBM,51143,INTERNATIONAL BUSINESS MACHINES CORP,current,2017,2017-12-31,2018-02-27,0001047469-18-001117,2018-02-27T22:13:57.000Z,https://www.sec.gov/Archives/edgar/data/51143/000104746918001117/a2233835z10-k.htm,cover_fiscal_year_ended,29663,220,0.0074166470013147,261,0.0087988403061052,253,0.0085291440515119,-0.0013821933047904,0.0388025486296059,0.0562990931463439,0.017496544516738,45d322fae79617bc0699be13b9867c4c141ec2aa9970d1daeea85e34cb12c703,e2d1328682bab7d2187684fb9f5420bb730401c9eefc00daf835edd203f4859d,0.0005737449809764,0.7466396013915472,101,0.0525551050779456,2018-02-27,0.0095483560796904,0.0143214846823725,0.0023887350395024,0.0072401603416303,-0.0078262200341599,-0.0012709027308948,same,0001047469-18-001117_same,https://www.sec.gov/Archives/edgar/data/51143/000104746918001117/a2233835zex-13.htm,2016.0,0.0020238438178894003,125356000000.0,107631000000.0,5753000000.0,25.554423526380443,0.8586026995117905,0.0458932958932958
IBM,51143,INTERNATIONAL BUSINESS MACHINES CORP,current,2018,2018-12-31,2019-02-26,0001047469-19-000712,2019-02-26T21:27:59.000Z,https://www.sec.gov/Archives/edgar/data/51143/000104746919000712/a2237254z10-k.htm,cover_fiscal_year_ended,29497,230,0.0077974031257416,239,0.0081025189002271,259,0.0087805539546394,-0.0003051157744855,0.0392582296504729,0.0574295691087229,0.0181713394582499,204d05d737556f7d5bcb065b9fdad16edcc1b831a4b5676e67a4c13c1f20d0d3,e2d1328682bab7d2187684fb9f5420bb730401c9eefc00daf835edd203f4859d,0.0003002038836154,0.9638705682295092,101,0.4031680467349535,2019-02-26,-0.0013654247295883,-0.0004611046124284,7.359809814914877e-05,0.0019274724156219,-0.0091513150588275,-0.0060338959419783,same,0001047469-19-000712_same,https://www.sec.gov/Archives/edgar/data/51143/000104746919000712/a2237254zex-13.htm,2017.0,0.0010770775303049,123382000000.0,106452000000.0,8728000000.0,25.5385510706792,0.8627838744711547,0.0707396540824431
IBM,51143,INTERNATIONAL BUSINESS MACHINES CORP,current,2019,2019-12-31,2020-02-25,0001558370-20-001334,2020-02-25T21:54:20.000Z,https://www.sec.gov/Archives/edgar/data/51143/000155837020001334/ibm-20191231x10k2af531.htm,dei:DocumentFiscalYearFocus,26444,220,0.0083194675540765,242,0.0091514143094841,251,0.0094917561639691,-0.0008319467554076,0.0365678414763273,0.0551353804265617,0.0185675389502344,da88a366707d0677264e6467dd32b9b41a8662d452abbf3278773084f7d59a27,e2d1328682bab7d2187684fb9f5420bb730401c9eefc00daf835edd203f4859d,-0.0006077805939184,0.9735890524640738,101,0.2670394525563951,2020-02-25,-0.0012113218039353,-0.001250018737992,-0.010298114654692,-0.0110053939447323,-0.0343196091549766,-0.0379787601249983,same,0001558370-20-001334_same,https://www.sec.gov/Archives/edgar/data/51143/000155837020001334/ibm-20191231xex13907c3.htm,2018.0,-0.0005268309809221001,152186000000.0,131202000000.0,9431000000.0,25.74836929391192,0.8621160947787576,0.0619702206510454
IBM,51143,INTERNATIONAL BUSINESS MACHINES CORP,current,2020,2020-12-31,2021-02-23,0001558370-21-001489,2021-02-23T22:08:23.000Z,https://www.sec.gov/Archives/edgar/data/51143/000155837021001489/ibm-20201231x10k.htm,dei:DocumentFiscalYearFocus,27745,275,0.0099116958010452,289,0.0104162912236439,243,0.0087583348351054,-0.0005045954225986,0.0358262750045053,0.0538114975671292,0.0179852225626238,710670114e499c75df81c4b88355b897793cb05bdf70ea660bb1caa235f097e5,e2d1328682bab7d2187684fb9f5420bb730401c9eefc00daf835edd203f4859d,-0.0009807920259332,0.796098739511623,101,0.2024491435349873,2021-02-23,0.0342465658974527,0.0303101523288683,0.0234424520485581,0.022821314957131,0.0205150465164646,0.0129488762370828,same,0001558370-21-001489_same,https://www.sec.gov/Archives/edgar/data/51143/000155837021001489/ibm-20201231xex13.htm,2019.0,0.000327351332809,155971000000.0,135244000000.0,5590000000.0,25.77293592947898,0.8671099114578992,0.035839995896673
IBM,51143,INTERNATIONAL BUSINESS MACHINES CORP,current,2021,2021-12-31,2022-02-22,0001558370-22-001584,2022-02-22T21:07:29.000Z,https://www.sec.gov/Archives/edgar/data/51143/000155837022001584/ibm-20211231x10k.htm,dei:DocumentFiscalYearFocus,30729,270,0.008786488333496,285,0.0092746265742458,277,0.0090142861791792,-0.0004881382407497,0.0394415698525822,0.0574050571121741,0.0179634872595919,3f1dc68ad1de2f74aa080f44fa8a723eacd242b846b07d710d4f090d16745b19,e2d1328682bab7d2187684fb9f5420bb730401c9eefc00daf835edd203f4859d,6.505604175211463e-06,0.3701149879503779,101,0.0570975221371325,2022-02-22,-0.010146712894241,0.0123730709963906,-0.0376176764453517,-0.025803601114712,-0.0790992280573998,-0.0634861299996116,same,0001558370-22-001584_same,https://www.sec.gov/Archives/edgar/data/51143/000155837022001584/ibm-20211231xex13.htm,2020.0,1.645718184890003e-05,132001000000.0,113005000000.0,5743000000.0,25.60607533526166,0.8560919993030356,0.043507246157226
IBM,51143,INTERNATIONAL BUSINESS MACHINES CORP,current,2022,2022-12-31,2023-02-28,0001558370-23-002376,2023-02-28T21:26:11.000Z,https://www.sec.gov/Archives/edgar/data/51143/000155837023002376/ibm-20221231x10k.htm,dei:DocumentFiscalYearFocus,21996,209,0.0095017275868339,203,0.0092289507183124,250,0.0113657028550645,0.0002727768685215,0.0435533733406073,0.0621022004000727,0.0185488270594653,d2d8be8f49a6f229361173e778a00d1463f188447d8cedad263998778c173ad4,e2d1328682bab7d2187684fb9f5420bb730401c9eefc00daf835edd203f4859d,0.0005618174116256,0.6827548880110601,101,0.4571998392354413,2023-02-28,-0.0168013518815795,-0.0136285714096295,-0.0234714834124385,-0.0239273867209174,-0.0417577965518858,-0.0284648537400703,same,0001558370-23-002376_same,https://www.sec.gov/Archives/edgar/data/51143/000155837023002376/ibm-20221231xex13.htm,2021.0,0.0007609151092712,127243000000.0,105222000000.0,1639000000.0,25.569364481040765,0.8269374346722413,0.0128808657450704
IBM,51143,INTERNATIONAL BUSINESS MACHINES CORP,current,2023,2023-12-31,2024-02-26,0000051143-24-000012,2024-02-26T11:41:57.000Z,https://www.sec.gov/Archives/edgar/data/51143/000005114324000012/ibm-20231231.htm,dei:DocumentFiscalYearFocus,19296,192,0.0099502487562189,175,0.0090692371475953,212,0.0109867330016583,0.0008810116086235,0.0425995024875621,0.0613598673300165,0.0187603648424543,ce3833854e2c078ef04e97a719d1af22f115080c4268531b990aa3bb7d858c9a,e2d1328682bab7d2187684fb9f5420bb730401c9eefc00daf835edd203f4859d,0.0021056683471973,0.6181054582985589,101,0.1100488523535756,2024-02-26,-0.0015914156137522,0.0053872041941266,-0.0204808671363604,-0.0149928015335286,-0.0017415718596556,0.0136945398426349,same,0000051143-24-000012_same,https://www.sec.gov/Archives/edgar/data/51143/000005114324000012/ibm-20231231_d2.htm,2022.0,0.000608234740102,135241000000.0,112628000000.0,7502000000.0,25.630324209020813,0.83279478856264,0.0554713437493067
IBM,51143,INTERNATIONAL BUSINESS MACHINES CORP,current,2024,2024-12-31,2025-02-25,0000051143-25-000015,2025-02-25T21:12:45.000Z,https://www.sec.gov/Archives/edgar/data/51143/000005114325000015/ibm-20241231.htm,dei:DocumentFiscalYearFocus,20670,203,0.0098209966134494,154,0.0074504112239961,218,0.0105466860183841,0.0023705853894533,0.0457184325108853,0.063473633284954,0.0177552007740687,0f2e429515a24cde29e34e04ad5558ec6147bae6420d5cc7a08956b398dcbcde,e2d1328682bab7d2187684fb9f5420bb730401c9eefc00daf835edd203f4859d,0.0007987342737899,0.7370389552894875,101,0.2021744945354222,2025-02-25,-0.0170366191858432,-0.0121389170830885,-0.0284989337363587,-0.0147766349511563,0.0014995967616026,0.02499338552722,same,0000051143-25-000015_same,https://www.sec.gov/Archives/edgar/data/51143/000005114325000015/ibm-20241231_d2.htm,2023.0,0.0014895737808298,137175000000.0,109783000000.0,6023000000.0,25.64452331989145,0.8003134681975579,0.0439074175323491
IBM,51143,INTERNATIONAL BUSINESS MACHINES CORP,current,2025,2025-12-31,2026-02-24,0000051143-26-000010,2026-02-24T21:07:07.000Z,https://www.sec.gov/Archives/edgar/data/51143/000005114326000010/ibm-20251231.htm,dei:DocumentFiscalYearFocus,17843,195,0.0109286554951521,120,0.0067253264585551,199,0.0111528330437706,0.0042033290365969,0.0440508883035364,0.0621532253544807,0.0181023370509443,3536913fc971aa21671b009187c7d648883c1e34aff5666f860919d90b5b4543,e2d1328682bab7d2187684fb9f5420bb730401c9eefc00daf835edd203f4859d,0.001359330968939,1.0669283019276703,101,0.1832628725073547,2026-02-24,-0.0787420640581996,-0.0743025032148757,-0.0806977250524232,-0.0711947911305869,-0.0682410504050781,-0.053464652107277,same,0000051143-26-000010_same,https://www.sec.gov/Archives/edgar/data/51143/000005114326000010/ibm-20251231_d2.htm,2024.0,0.0018327436471436004,151880000000.0,119139000000.0,10593000000.0,25.746356572310013,0.7844284961811957,0.0697458519884119
INTC,50863,INTEL CORP,current,2016,2016-12-31,2017-02-17,0000050863-17-000012,2017-02-17T13:37:46.000Z,https://www.sec.gov/Archives/edgar/data/50863/000005086317000012/a10kdocument12312016q4.htm,cover_fiscal_year_ended,6931,53,0.0076468042129562,56,0.0080796421872745,70,0.0100995527340932,-0.0004328379743182,0.0124080219304573,0.0373683451161448,0.0249603231856874,c72199e878502c128bdeaa27ab3c5e68e9fe7a8a9e81a9af2215793d6a0f6ebd,e2d1328682bab7d2187684fb9f5420bb730401c9eefc00daf835edd203f4859d,0.0001166373153831,1.17470014428399,101,0.3533855629699433,2017-02-17,0.0045940337984057,0.0061428262976261,-0.0079667900799894,-0.004495072677883,-0.0029756936855159,0.0029407450684938,same,0000050863-17-000012_same,,,,113327000000.0,,10316000000.0,25.45354328197409,,0.0910286163050288
INTC,50863,INTEL CORP,current,2017,2017-12-30,2018-02-16,0000050863-18-000007,2018-02-16T13:31:45.000Z,https://www.sec.gov/Archives/edgar/data/50863/000005086318000007/a12302017q4-10kdocument.htm,cover_fiscal_year_ended,6370,79,0.0124018838304552,47,0.0073783359497645,39,0.0061224489795918,0.0050235478806907,0.0266875981161695,0.0472527472527472,0.0205651491365777,246c9f96b5c25e5efffd38cc28feb99f6dd6daf92b45672275b4ec639dc000f4,e2d1328682bab7d2187684fb9f5420bb730401c9eefc00daf835edd203f4859d,0.0004048132951557,1.620147573722855,101,0.1750598882963813,2018-02-16,0.0088314337760541,0.0141395872827203,-0.0102188524725468,0.0038355604880732,0.0155485891704801,0.0663449746341814,same,0000050863-18-000007_same,,2016.0,0.0054563858550089,123249000000.0,,9601000000.0,25.53747253624603,,0.0778992121639932
INTC,50863,INTEL CORP,current,2018,2018-12-29,2019-02-01,0000050863-19-000007,2019-02-01T14:00:50.000Z,https://www.sec.gov/Archives/edgar/data/50863/000005086319000007/a12292018q4-10kdocument.htm,cover_fiscal_year_ended,7880,130,0.016497461928934,72,0.0091370558375634,39,0.0049492385786802,0.0073604060913705,0.0351522842639593,0.0541878172588832,0.0190355329949238,a96145acc1889408e93d9048f85ccf0a003d734ffb424b1bfc19f60080ce2d25,e2d1328682bab7d2187684fb9f5420bb730401c9eefc00daf835edd203f4859d,0.0009824182920625,1.2664623039085772,101,0.5405994943009446,2019-02-01,0.0118332641139556,0.0191164582588926,0.0249326672362071,0.0405626792923251,-0.0518425179540562,-0.0344249425067169,same,0000050863-19-000007_same,,2017.0,0.0023368582106798,127963000000.0,,21053000000.0,25.57500699657941,,0.1645241202535108
INTC,50863,INTEL CORP,current,2019,2019-12-28,2020-01-24,0000050863-20-000011,2020-01-23T23:39:55.000Z,https://www.sec.gov/Archives/edgar/data/50863/000005086320000011/a12282019q4-10kdocument.htm,dei:DocumentFiscalYearFocus,9928,177,0.0178283642224012,74,0.007453666398066,46,0.0046333601933924,0.0103746978243352,0.0376712328767123,0.0540894439967767,0.0164182111200644,e86dda4ff557bd1dcd1e294ce5f92a1a2c7afecf3d81330f41154158c4bf5a73,e2d1328682bab7d2187684fb9f5420bb730401c9eefc00daf835edd203f4859d,0.0008357388639817,1.3482602342142345,101,0.5172415314376191,2020-01-24,0.0794913357645339,0.0737685027133101,0.1289927223630554,0.1289893060284067,0.1039164989218102,0.1064401526651769,same,0000050863-20-000011_same,,2018.0,0.0030142917329647,136524000000.0,,21048000000.0,25.639766260291992,,0.1541706952623714
INTC,50863,INTEL CORP,current,2020,2020-12-26,2021-01-22,0000050863-21-000010,2021-01-22T00:06:04.000Z,https://www.sec.gov/Archives/edgar/data/50863/000005086321000010/intc-20201226.htm,dei:DocumentFiscalYearFocus,10848,187,0.0172382005899705,98,0.0090339233038348,45,0.0041482300884955,0.0082042772861356,0.035490412979351,0.0528207964601769,0.0173303834808259,8d3f2710181702c70ff739c1f041c7485a37e44be187df3c543b3d573b30349b,e2d1328682bab7d2187684fb9f5420bb730401c9eefc00daf835edd203f4859d,-0.0012515522783023,0.9035369693753872,101,0.2707528258992837,2021-01-22,-0.0468711221342924,-0.0507147131177176,-0.0519062926676451,-0.0602646413555111,0.0201078397267195,0.0087202269505604,same,0000050863-21-000010_same,,2019.0,-0.0021704205381995988,153091000000.0,,20899000000.0,25.754298352774363,,0.1365135768921752
INTC,50863,INTEL CORP,current,2021,2021-12-25,2022-01-27,0000050863-22-000007,2022-01-26T23:34:53.000Z,https://www.sec.gov/Archives/edgar/data/50863/000005086322000007/intc-20211225.htm,dei:DocumentFiscalYearFocus,12899,193,0.0149624001860609,119,0.0092255213582448,67,0.0051942011008605,0.0057368788278161,0.0320955112799441,0.0500038762694782,0.017908364989534,f16ca450b1e064b55305a2cea9d246a3ff684586a8f3cd19ec1038ccbdabdf19,e2d1328682bab7d2187684fb9f5420bb730401c9eefc00daf835edd203f4859d,-0.001067429764028,1.0999310411892076,101,0.2866451617722952,2022-01-27,-0.0795603191856531,-0.0810171207476646,-0.0877929373316469,-0.0918857065447159,-0.0769830840829064,-0.0898345513686322,same,0000050863-22-000007_same,,2020.0,-0.0024673984583195004,168406000000.0,,19868000000.0,25.849643567573604,,0.1179767941759794
INTC,50863,INTEL CORP,current,2022,2022-12-31,2023-01-27,0000050863-23-000006,2023-01-26T23:31:20.000Z,https://www.sec.gov/Archives/edgar/data/50863/000005086323000006/intc-20221231.htm,dei:DocumentFiscalYearFocus,13694,181,0.0132174675040163,143,0.0104425295749963,86,0.0062801226814663,0.00277493792902,0.0290638235723674,0.0510442529574996,0.0219804293851321,8c750c85920cecd82fa463d48b563610b89f6f6fb6159488de2404c1e277defc,e2d1328682bab7d2187684fb9f5420bb730401c9eefc00daf835edd203f4859d,-0.0017222792471153,1.4090720124604337,101,0.7279314215938171,2023-01-27,-0.0540524743621832,-0.0590008866889494,-0.0604269496482857,-0.0623643038183056,0.0038582849771656,0.0094084486715204,same,0000050863-23-000006_same,,2021.0,-0.0029619408987961,182103000000.0,78817000000.0,8014000000.0,25.92783829800885,0.4328154945278221,0.0440080613718609
INTC,50863,INTEL CORP,current,2023,2023-12-30,2024-01-26,0000050863-24-000010,2024-01-25T23:38:16.000Z,https://www.sec.gov/Archives/edgar/data/50863/000005086324000010/intc-20231230.htm,dei:DocumentFiscalYearFocus,12088,162,0.0134017207147584,112,0.0092653871608206,75,0.0062045003309066,0.0041363335539377,0.0285407015221707,0.0512078093977498,0.022667107875579,ab13aae0e74652071860d0838c75fcfc17e120ac69cecccb1fb51f2953049ca0,e2d1328682bab7d2187684fb9f5420bb730401c9eefc00daf835edd203f4859d,0.0031400594485824,1.4464548159299562,101,0.2401806277358203,2024-01-26,-0.1323650561347425,-0.1175135963845954,-0.1254323362476552,-0.1038125380471073,-0.1719112221271095,-0.1209061067897792,same,0000050863-24-000010_same,,2022.0,0.0013613956249177,191572000000.0,81607000000.0,1689000000.0,25.978529554016948,0.4259860522414549,0.0088165285114734
INTC,50863,INTEL CORP,current,2024,2024-12-28,2025-01-31,0000050863-25-000009,2025-01-31T22:13:51.000Z,https://www.sec.gov/Archives/edgar/data/50863/000005086325000009/intc-20241228.htm,dei:DocumentFiscalYearFocus,9704,134,0.0138087386644682,117,0.0120568837592745,52,0.005358615004122,0.0017518549051937,0.0247320692497939,0.0486397361912613,0.0239076669414674,6862f189420bc95d7a0dbd2dd4b5bf60d1db5de20a9b80d9be04738f29bca08c,e2d1328682bab7d2187684fb9f5420bb730401c9eefc00daf835edd203f4859d,-0.0020876751768858,2.487517497394776,101,0.4210270773861313,2025-01-31,0.0062265935268111,-0.0110143245719229,-0.0370649389232855,-0.039343397433347,-0.0592830383781359,-0.104506379626952,same,0000050863-25-000009_same,,2023.0,-0.002384478648744,196485000000.0,91453000000.0,-18756000000.0,26.003851929464133,0.4654451993790874,-0.0954576685243148
INTC,50863,INTEL CORP,current,2025,2025-12-27,2026-01-23,0000050863-26-000011,2026-01-22T23:43:06.000Z,https://www.sec.gov/Archives/edgar/data/50863/000005086326000011/intc-20251227.htm,dei:DocumentFiscalYearFocus,9924,75,0.0075574365175332,219,0.022067714631197,93,0.0093712212817412,-0.0145102781136638,0.0234784361144699,0.0511890366787585,0.0277106005642885,d056af432916df57b0a126a3a17692a05b3f9b3bcfcee5a15718bef3b0ab2803,e2d1328682bab7d2187684fb9f5420bb730401c9eefc00daf835edd203f4859d,0.0049706175023536,2.079553332516502,101,0.1445430410086653,2026-01-23,-0.2636546799714385,-0.2370615691431805,0.0224807631281797,0.0635166435567451,-0.0736190336040311,-0.0166485092848818,same,0000050863-26-000011_same,,2024.0,-0.0162621330188575,211429000000.0,85069000000.0,-267000000.0,26.07715508167423,0.4023525627988591,-0.0012628352780365
JNJ,200406,JOHNSON & JOHNSON,current,2016,2017-01-01,2017-02-27,0000200406-17-000006,2017-02-27T21:52:48.000Z,https://www.sec.gov/Archives/edgar/data/200406/000020040617000006/form10-k20170101.htm,JNJ_52_53_week_year_January_ending_previous_year,10632,102,0.0095936794582392,225,0.0211625282167042,131,0.01232129420617,-0.011568848758465,0.0395033860045146,0.0586907449209932,0.0191873589164785,913c45953ad2df2cc8c8b0aa7702b489cd7570eb634114ca59a92c5d90b3e017,e2d1328682bab7d2187684fb9f5420bb730401c9eefc00daf835edd203f4859d,-0.0006787377597443,0.5225576825380579,101,0.1436968865228981,2017-02-27,0.0129668197334731,0.0109626089952503,0.040659179223168,0.0325259416702057,0.0547700229624126,0.0415569388602677,same,0000200406-17-000006_same,,,,141208000000.0,70790000000.0,16540000000.0,25.67349981762439,0.5013172058240326,0.1171321738145147
JNJ,200406,JOHNSON & JOHNSON,current,2017,2017-12-31,2018-02-21,0000200406-18-000005,2018-02-21T21:49:20.000Z,https://www.sec.gov/Archives/edgar/data/200406/000020040618000005/form10-k20171231.htm,cover_fiscal_year_ended,9737,100,0.0102701037280476,170,0.017459176337681,118,0.0121187223990962,-0.0071890726096333,0.0403615076512272,0.0578206839889082,0.017459176337681,fb6e11f8d751cf96812ca85b1ceffc2840a14cbc3788a4a317b8446339f43d7f,e2d1328682bab7d2187684fb9f5420bb730401c9eefc00daf835edd203f4859d,6.602000746480716e-05,0.511920260268502,101,0.0474247424763535,2018-02-21,-0.0193512897297145,-0.0140946046013843,0.0094793200320188,-0.0046343738061132,-0.0080331259013234,-0.0180819216824787,same,0000200406-18-000005_same,,2016.0,0.004379776148831701,157303000000.0,97143000000.0,1300000000.0,25.781439718666032,0.6175533842329771,0.0082643051944336
JNJ,200406,JOHNSON & JOHNSON,current,2018,2018-12-30,2019-02-20,0000200406-19-000009,2019-02-20T21:40:34.000Z,https://www.sec.gov/Archives/edgar/data/200406/000020040619000009/form10-k20181230.htm,cover_fiscal_year_ended,10075,119,0.0118114143920595,179,0.0177667493796526,126,0.0125062034739454,-0.005955334987593,0.0422828784119106,0.0594540942928039,0.0171712158808933,c29ce9c69458c76623df395c2d290d9425050aa4501c7344b6df24e15ceb5249,e2d1328682bab7d2187684fb9f5420bb730401c9eefc00daf835edd203f4859d,0.000211419690208,0.635563986882068,101,0.2968432687520494,2019-02-20,-0.0074906541204103,-0.0067650736839338,0.0083458235439083,0.0041334555091985,0.0143349719155283,0.0056549101897284,same,0000200406-19-000009_same,,2017.0,0.0012337376220402999,152954000000.0,93202000000.0,15297000000.0,25.753403059538723,0.6093466009388444,0.1000104606613753
JNJ,200406,JOHNSON & JOHNSON,current,2019,2019-12-29,2020-02-18,0000200406-20-000010,2020-02-18T21:34:21.000Z,https://www.sec.gov/Archives/edgar/data/200406/000020040620000010/form10-k20191229.htm,dei:DocumentFiscalYearFocus,8772,90,0.0102599179206566,161,0.0183538531691746,122,0.0139078887368901,-0.008093935248518,0.0362517099863201,0.0569995440036479,0.0207478340173278,97f518c344d2ba07e990a26ad27d1c4fbb01b9cbbc669b1b6032476867e275aa,e2d1328682bab7d2187684fb9f5420bb730401c9eefc00daf835edd203f4859d,0.0012066817278267,0.3385831563588053,101,0.0335895068681477,2020-02-18,-0.0125177119180538,-0.0112981975263881,-0.0199802446533349,-0.0076496027604374,-0.0348432876747401,0.0185456702953169,same,0000200406-20-000010_same,,2018.0,-0.0021386002609249995,157728000000.0,98257000000.0,15119000000.0,25.78413786746938,0.6229521708257253,0.0958548894299046
JNJ,200406,JOHNSON & JOHNSON,current,2020,2021-01-03,2021-02-22,0000200406-21-000008,2021-02-22T21:36:14.000Z,https://www.sec.gov/Archives/edgar/data/200406/000020040621000008/jnj-20210103.htm,dei:DocumentFiscalYearFocus,9341,84,0.008992613210577,177,0.0189487206937158,129,0.0138100845733861,-0.0099561074831388,0.0340434642971844,0.0544909538593298,0.0204474895621453,5eb63e764a945a30a58ff36ee6c85736bbaa17fcaf323b9d7828214c144deba1,e2d1328682bab7d2187684fb9f5420bb730401c9eefc00daf835edd203f4859d,0.0001872635956957,0.5903015408769052,101,0.3401736927116151,2021-02-22,-0.0217480026070881,-0.0177728427096716,0.0065509473353695,0.0185937819330502,-0.0348075401178206,-0.0315134078363502,same,0000200406-21-000008_same,,2019.0,-0.0018621722346208007,174894000000.0,111616000000.0,14714000000.0,25.887445913065203,0.6381922764646014,0.0841309593239333
JNJ,200406,JOHNSON & JOHNSON,current,2021,2022-01-02,2022-02-17,0000200406-22-000022,2022-02-17T21:06:50.000Z,https://www.sec.gov/Archives/edgar/data/200406/000020040622000022/jnj-20220102.htm,dei:DocumentFiscalYearFocus,9040,100,0.0110619469026548,137,0.0151548672566371,126,0.0139380530973451,-0.0040929203539823,0.0402654867256637,0.0578539823008849,0.0175884955752212,30c86356c31644b73a108acf83fc8d73f10f0cf4410e3fe9541b027b0d252c62,e2d1328682bab7d2187684fb9f5420bb730401c9eefc00daf835edd203f4859d,-0.0003837046636982,0.2516334240730163,101,0.0620729631897061,2022-02-17,-0.0093560658660703,0.010041538279034,-0.0189852501163536,0.011322081006485,-0.0090772640883043,0.0195123822305411,same,0000200406-22-000022_same,,2020.0,0.0058631871291565,182018000000.0,107995000000.0,20878000000.0,25.927371420231715,0.5933204408355217,0.1147029414673274
JNJ,200406,JOHNSON & JOHNSON,current,2022,2023-01-01,2023-02-16,0000200406-23-000016,2023-02-16T21:01:53.000Z,https://www.sec.gov/Archives/edgar/data/200406/000020040623000016/jnj-20230101.htm,dei:DocumentFiscalYearFocus,8841,77,0.0087094220110847,164,0.0185499377898427,120,0.01357312521208,-0.009840515778758,0.0359687818120122,0.054518719601855,0.0185499377898427,d40c7fed14f6b41eb3e996b11083414a8d1b0cc401f223d7b03cb12744c72cc1,e2d1328682bab7d2187684fb9f5420bb730401c9eefc00daf835edd203f4859d,0.0005297254692711,0.3749967737485588,101,0.3111904095170413,2023-02-16,0.0008887023075719,0.0110922804476938,-0.0142686553696867,0.0045829805948858,-0.0322826780500109,-0.003910441706264,same,0000200406-23-000016_same,,2021.0,-0.0057475954247757,187378000000.0,110574000000.0,17941000000.0,25.956393803914786,0.5901119661859984,0.095747633126621
JNJ,200406,JOHNSON & JOHNSON,current,2023,2023-12-31,2024-02-16,0000200406-24-000013,2024-02-16T21:12:22.000Z,https://www.sec.gov/Archives/edgar/data/200406/000020040624000013/jnj-20231231.htm,dei:DocumentFiscalYearFocus,8716,101,0.0115878843506195,157,0.018012849931161,121,0.0138825149150986,-0.0064249655805415,0.0425653969710876,0.0603487838458008,0.0177833868747131,846de23f41c80c443d7b13f3eba57218171a7d97d335ceadf95c6016fbfad501,e2d1328682bab7d2187684fb9f5420bb730401c9eefc00daf835edd203f4859d,-0.0004722280896849,0.4431047499784421,101,0.144754630494437,2024-02-16,0.0248437446200625,0.0262045983287056,0.0215681288834657,0.0108530127706457,0.034287343033722,0.0209289530997304,same,0000200406-24-000013_same,,2022.0,0.0034155501982165003,167558000000.0,98784000000.0,35153000000.0,25.84459539693109,0.5895510808197758,0.2097960109335274
JNJ,200406,JOHNSON & JOHNSON,current,2024,2024-12-29,2025-02-13,0000200406-25-000038,2025-02-13T21:07:39.000Z,https://www.sec.gov/Archives/edgar/data/200406/000020040625000038/jnj-20241229.htm,dei:DocumentFiscalYearFocus,9019,101,0.0111985807739217,175,0.0194034815389732,126,0.0139705067080607,-0.0082049007650515,0.0392504712274088,0.0580995675795542,0.0188490963521454,d28aea65080b0de06dd69f356534b396a6b5c9d4497de34ec894ef78221ea5aa,e2d1328682bab7d2187684fb9f5420bb730401c9eefc00daf835edd203f4859d,-0.0007993694729797,0.0070405711404194,101,4.3879473871411e-05,2025-02-13,0.002594020539148,-0.0073808465315984,0.0445033411178555,0.0195405154277766,0.0654686156471818,0.064335459453596,same,0000200406-25-000038_same,,2023.0,-0.0017799351845100009,180104000000.0,108614000000.0,14066000000.0,25.91680029876508,0.6030626748989473,0.078099320392662
JNJ,200406,JOHNSON & JOHNSON,current,2025,2025-12-28,2026-02-11,0000200406-26-000016,2026-02-11T21:06:11.000Z,https://www.sec.gov/Archives/edgar/data/200406/000020040626000016/jnj-20251228.htm,dei:DocumentFiscalYearFocus,8774,104,0.0118532026441759,160,0.0182356963756553,125,0.0142466377934807,-0.0063824937314793,0.0400045589240939,0.0568725780715751,0.0168680191474811,31ef7633eba19c183151bbbe2ba771cda0b9133a55ac268684046206db658290,e2d1328682bab7d2187684fb9f5420bb730401c9eefc00daf835edd203f4859d,0.0020613557038057,-0.0719573257496853,101,0.0027533786181168,2026-02-11,0.0170834002203832,0.0436493221565129,0.0093386025767036,0.0163677134749427,0.034739963942695,0.0656430598387166,same,0000200406-26-000016_same,,2024.0,0.0018224070335722004,199210000000.0,117666000000.0,26804000000.0,26.017625381640105,0.5906631193213192,0.1345514783394407
JPM,19617,JPMORGAN CHASE & CO,current,2016,2016-12-31,2017-02-28,0000019617-17-000314,2017-02-28T21:23:41.000Z,https://www.sec.gov/Archives/edgar/data/19617/000001961717000314/corp10k2016.htm,cover_fiscal_year_ended,53774,213,0.0039610220552683,915,0.0170156581247443,1342,0.0249562985829583,-0.0130546360694759,0.0272622456949455,0.0598244504779261,0.0325622047829806,dbe7ccb4f1e184ed8abf49dded79beba48488dfacf8ac715796cf43603ec29b2,e2d1328682bab7d2187684fb9f5420bb730401c9eefc00daf835edd203f4859d,0.0021408897279777,0.9831458814043844,101,0.267947509551989,2017-02-28,0.0177604234764265,0.0239789309462825,-0.0038623615701921,0.0109777445361515,-0.0170590342659009,0.0063652728105182,same,0000019617-17-000314_same,,,,2490972000000.0,2236782000000.0,24733000000.0,28.54369411167974,0.8979554968903705,0.0099290558063278
JPM,19617,JPMORGAN CHASE & CO,current,2017,2017-12-31,2018-02-27,0000019617-18-000057,2018-02-27T21:23:03.000Z,https://www.sec.gov/Archives/edgar/data/19617/000001961718000057/corp10k2017.htm,cover_fiscal_year_ended,53971,212,0.0039280354264327,891,0.0165088658724129,1389,0.0257360434307313,-0.0125808304459802,0.0262177836245391,0.0590131737414537,0.0327953901169146,a00938745d6f45dc26a802a5f5991e67639df46462fd254a4ac2536fcb4b3f82,e2d1328682bab7d2187684fb9f5420bb730401c9eefc00daf835edd203f4859d,0.0008857763123244,1.1441407663676435,101,0.223803694513798,2018-02-27,-0.0041500506486804,-0.0032289926262045,-0.0181538730369101,-0.0124286033707557,-0.0036965279904252,0.0059081262593129,same,0000019617-18-000057_same,,2016.0,0.00047380562349570027,2533600000000.0,2277907000000.0,24441000000.0,28.560662332170843,0.8990791758762235,0.0096467477107672
JPM,19617,JPMORGAN CHASE & CO,current,2018,2018-12-31,2019-02-26,0000019617-19-000054,2019-02-26T21:57:25.000Z,https://www.sec.gov/Archives/edgar/data/19617/000001961719000054/corp10k2018.htm,dei:DocumentFiscalYearFocus,54913,204,0.0037149673119297,929,0.0169176697685429,1454,0.0264782474095387,-0.0132027024566131,0.0257498224464152,0.0587110520277529,0.0329612295813377,dddffafa9473199a7a7b707aef3e2b24192a6728b6e636573bea1340e2c33df3,e2d1328682bab7d2187684fb9f5420bb730401c9eefc00daf835edd203f4859d,-6.910211417020437e-05,0.8466916318640335,101,0.6183212067198693,2019-02-26,0.0019014207305917,0.0017098505591457,-0.0171851945749383,-0.0187193528584422,-0.0171610658574667,-0.0187054528996284,same,0000019617-19-000054_same,,2017.0,-0.0006218720106328998,2622532000000.0,2366017000000.0,32474000000.0,28.59516137923965,0.9021880381249876,0.0123826897059788
JPM,19617,JPMORGAN CHASE & CO,current,2019,2019-12-31,2020-02-25,0000019617-20-000257,2020-02-25T21:31:02.000Z,https://www.sec.gov/Archives/edgar/data/19617/000001961720000257/corp10k2019.htm,dei:DocumentFiscalYearFocus,47447,183,0.0038569351065399,778,0.0163972432398254,1346,0.0283684953737854,-0.0125403081332855,0.024827702489093,0.0593082808185975,0.0344805783295045,3a9db26690f7e5774d2d366534ad3e446542ce75c565a97c5638822fae8fb0e9,e2d1328682bab7d2187684fb9f5420bb730401c9eefc00daf835edd203f4859d,0.0006880568507035,1.2844882312813604,101,0.515598467048682,2020-02-25,0.0162228673928111,-0.0009364471457414,0.0020193652845229,-0.0313731025189151,-0.0165917049705116,-0.0416226408082456,same,0000019617-20-000257_same,,2018.0,0.0006623943233275992,2687379000000.0,2426049000000.0,36431000000.0,28.619587485112937,0.9027565520159232,0.0135563312804036
JPM,19617,JPMORGAN CHASE & CO,current,2020,2020-12-31,2021-02-23,0000019617-21-000236,2021-02-23T21:17:29.000Z,https://www.sec.gov/Archives/edgar/data/19617/000001961721000236/jpm-20201231.htm,dei:DocumentFiscalYearFocus,57709,185,0.0032057391394756,905,0.0156821293039213,1561,0.0270495070093053,-0.0124763901644457,0.0247448404928174,0.0569062018056109,0.0321613613127935,5f21ec57783e977565afd5ca3d7a13f8375fd35a4ae79eeb1387ec262acecd50,e2d1328682bab7d2187684fb9f5420bb730401c9eefc00daf835edd203f4859d,0.0019705289320311,0.9160960380992774,101,0.2186341318143612,2021-02-23,0.0246396144882827,0.0301421617151508,0.0292502214651898,0.0456134544245114,0.0543442028291205,0.0773460748833749,same,0000019617-21-000236_same,,2019.0,6.39179688398002e-05,3386071000000.0,3106717000000.0,29131000000.0,28.85069136811428,0.9174990719332228,0.0086031864069005
JPM,19617,JPMORGAN CHASE & CO,current,2021,2021-12-31,2022-02-22,0000019617-22-000272,2022-02-22T21:56:31.000Z,https://www.sec.gov/Archives/edgar/data/19617/000001961722000272/jpm-20211231.htm,dei:DocumentFiscalYearFocus,51381,186,0.0036200151807088,825,0.0160565189466923,1462,0.0284540978182596,-0.0124365037659835,0.0241918218796831,0.0579397053385492,0.0337478834588661,c6beb0b43406031b71a33d079fedcd1956f635252063d2bb44c88d154335f757,e2d1328682bab7d2187684fb9f5420bb730401c9eefc00daf835edd203f4859d,-0.0005802029728814,0.8719855856026094,101,0.2731149987786897,2022-02-22,0.0148636427308109,0.0176958660889913,-0.0230780858923371,-0.0247477332382765,-0.0896273540722713,-0.0928510091851368,same,0000019617-22-000272_same,,2020.0,3.988639846220013e-05,3743567000000.0,3449440000000.0,48334000000.0,28.95106001614632,0.9214313514356762,0.0129112154263567
JPM,19617,JPMORGAN CHASE & CO,current,2022,2022-12-31,2023-02-21,0000019617-23-000231,2023-02-21T21:13:55.000Z,https://www.sec.gov/Archives/edgar/data/19617/000001961723000231/jpm-20221231.htm,dei:DocumentFiscalYearFocus,51489,159,0.0030880382217561,854,0.0165860669269164,1507,0.0292683874225562,-0.0134980287051603,0.0229175163627182,0.0583425586047505,0.0354250422420322,026b3417d77cdfc42da77c875a6df91ef550706f5da9e5eeaef1edc50b8fd8c7,e2d1328682bab7d2187684fb9f5420bb730401c9eefc00daf835edd203f4859d,0.0020752845526307,0.8692270842605108,101,0.5676519365949383,2023-02-21,-0.0080830985362785,0.001331286014291,0.0051709630197544,0.0250081047474082,0.019495181487015,0.0461681250701727,same,0000019617-23-000231_same,,2021.0,-0.0010615249391768,3665743000000.0,3373411000000.0,37676000000.0,28.93005215923348,0.9202530019153008,0.0102778618140988
JPM,19617,JPMORGAN CHASE & CO,current,2023,2023-12-31,2024-02-16,0000019617-24-000225,2024-02-16T21:20:22.000Z,https://www.sec.gov/Archives/edgar/data/19617/000001961724000225/jpm-20231231.htm,dei:DocumentFiscalYearFocus,55513,168,0.0030263181597103,875,0.0157620737484913,1538,0.0277052222002053,-0.012735755588781,0.0242285590762524,0.0574820312359267,0.0332534721596743,1ed2927d68f94282c427f5c45ccdf3bc6f9b7405f2d487023be0552cc07dc174,e2d1328682bab7d2187684fb9f5420bb730401c9eefc00daf835edd203f4859d,0.0009144230922647,0.6851471646715097,101,0.3286876565795302,2024-02-16,0.0217281922072655,0.0260418029575719,0.0254966392597036,0.0277084679973634,0.028170263212663,0.0336132896683679,same,0000019617-24-000225_same,,2022.0,0.0007622731163793011,3875393000000.0,3547515000000.0,49552000000.0,28.9856681929461,0.9153949031749812,0.0127863161232938
JPM,19617,JPMORGAN CHASE & CO,current,2024,2024-12-31,2025-02-14,0000019617-25-000270,2025-02-14T21:17:07.000Z,https://www.sec.gov/Archives/edgar/data/19617/000001961725000270/jpm-20241231.htm,dei:DocumentFiscalYearFocus,52361,156,0.0029793166669849,807,0.0154122342965184,1514,0.0289146502167643,-0.0124329176295334,0.0258398426309657,0.0590706823781058,0.03323083974714,088c2f1175587dfc0ba92cfbdc157198a14d8d9266f4c8b476b283a37b614816,e2d1328682bab7d2187684fb9f5420bb730401c9eefc00daf835edd203f4859d,0.0013128976573584,1.0895940054414766,101,0.2584855692548483,2025-02-14,-0.0016012082031135,0.0034842285562383,-0.0329602073253532,-0.0230121522764097,-0.053007141472711,-0.040028124632475,same,0000019617-25-000270_same,,2023.0,0.0003028379592476,4002814000000.0,3658056000000.0,58471000000.0,29.01801872970831,0.9138710916869982,0.0146074736422926
JPM,19617,JPMORGAN CHASE & CO,current,2025,2025-12-31,2026-02-13,0001628280-26-008131,2026-02-13T21:20:00.000Z,https://www.sec.gov/Archives/edgar/data/19617/000162828026008131/jpm-20251231.htm,dei:DocumentFiscalYearFocus,51548,160,0.0031039031582214,798,0.0154807170016295,1508,0.0292542872662372,-0.012376813843408,0.0253356095289826,0.0590129587956855,0.0336773492667028,781c714da059aa223f31d568ee7ab205e9720c676598deb457b1e69b58a67b8f,e2d1328682bab7d2187684fb9f5420bb730401c9eefc00daf835edd203f4859d,-7.584111562346505e-05,0.9655520622502906,101,0.241828249599771,2026-02-13,0.0023945548013363,0.0026538015146965,-0.0290045705437003,-0.0290277189861756,-0.0437079199837189,-0.0447558056349994,same,0001628280-26-008131_same,,2024.0,5.610378612539921e-05,4424900000000.0,4062462000000.0,57048000000.0,29.118268795263027,0.9180912562995774,0.0128924947456439
KO,21344,COCA COLA CO,current,2016,2016-12-31,2017-02-24,0000021344-17-000009,2017-02-24T16:34:47.000Z,https://www.sec.gov/Archives/edgar/data/21344/000002134417000009/a2016123110-k.htm,cover_fiscal_year_ended,26462,179,0.0067644168997052,340,0.0128486131055853,292,0.011034691255385,-0.0060841962058801,0.0377900385458393,0.0538130148892751,0.0160229763434358,13226e0e320fe55e9dd584310fc59d25fa89dcdca3ddc3b564ad9b3cb1dfdd8d,e2d1328682bab7d2187684fb9f5420bb730401c9eefc00daf835edd203f4859d,-0.0006823400842279,0.8802903400001392,101,0.3882545818173397,2017-02-24,0.0011569491865906,-0.0012408603498361,0.0104294861611572,0.0033796182228551,0.0442661411578525,0.0350305820534263,same,0000021344-17-000009_same,,,,87270000000.0,64050000000.0,6527000000.0,25.19227259812163,0.7339291852870402,0.0747908788816317
KO,21344,COCA COLA CO,current,2017,2017-12-31,2018-02-23,0000021344-18-000008,2018-02-23T16:20:20.000Z,https://www.sec.gov/Archives/edgar/data/21344/000002134418000008/a2017123110-k.htm,cover_fiscal_year_ended,26486,192,0.0072491127388054,341,0.0128747262704825,298,0.0112512270633542,-0.0056256135316771,0.0364343426716,0.0525560673563392,0.0161217246847391,5e612231458c882b0d8927dde4f75697fd0b47beef23b5838da950192d1a774b,e2d1328682bab7d2187684fb9f5420bb730401c9eefc00daf835edd203f4859d,0.0006618061816803,0.0265735725912599,101,0.000240206492638,2018-02-23,0.0131251641159258,-0.0128841322589966,-0.0438568031442321,-0.0330121156009033,-0.015192464012399,-0.0057789995147422,same,0000021344-18-000008_same,,2016.0,0.00045858267420300063,87896000000.0,68919000000.0,1248000000.0,25.19942013434499,0.7840971147720033,0.0141985983434968
KO,21344,COCA COLA CO,current,2018,2018-12-31,2019-02-21,0000021344-19-000014,2019-02-21T21:55:42.000Z,https://www.sec.gov/Archives/edgar/data/21344/000002134419000014/a2018123110-k.htm,cover_fiscal_year_ended,25681,181,0.0070480121490596,328,0.0127720883143179,306,0.0119154238542112,-0.0057240761652583,0.0353179393325805,0.052762742883844,0.0174448035512635,e2eba719a0402db6d2302b22fd4dd44728ab7ca4f3b6008f3f8c676d2048b928,e2d1328682bab7d2187684fb9f5420bb730401c9eefc00daf835edd203f4859d,0.0010694495419301,0.3687228097909643,101,0.2119237948261761,2019-02-21,0.0052997269177166,0.0055652024629246,-0.033516407617945,-0.0370654139642988,-0.1039304990288901,-0.1013096403159176,same,0000021344-19-000014_same,,2017.0,-9.846263358120021e-05,83216000000.0,64158000000.0,6434000000.0,25.14470547397713,0.7709815420111517,0.0773168621418957
KO,21344,COCA COLA CO,current,2019,2019-12-31,2020-02-24,0000021344-20-000006,2020-02-24T21:08:17.000Z,https://www.sec.gov/Archives/edgar/data/21344/000002134420000006/a2019123110-k.htm,dei:DocumentFiscalYearFocus,22618,209,0.0092404279777168,307,0.0135732602352108,255,0.0112742063842956,-0.004332832257494,0.0391723406136705,0.056061543903086,0.0168892032894155,94ee47ca1bc281ff8e6112236ae6bfb0a06ab9e31a274853d123b397614555ab,e2d1328682bab7d2187684fb9f5420bb730401c9eefc00daf835edd203f4859d,0.0002016279271951,0.3643047047340629,101,0.0700484210508257,2020-02-24,-0.0054324793811476,0.0424120185334775,-0.0360618731232692,0.0424995645378459,-0.0323358394547823,0.02368653123779,same,0000021344-20-000006_same,,2018.0,0.0013912439077642998,86381000000.0,65283000000.0,8920000000.0,25.18203358116584,0.7557564742246559,0.1032634491381206
KO,21344,COCA COLA CO,current,2020,2020-12-31,2021-02-25,0000021344-21-000008,2021-02-25T18:47:17.000Z,https://www.sec.gov/Archives/edgar/data/21344/000002134421000008/ko-20201231.htm,dei:DocumentFiscalYearFocus,20298,173,0.0085230071928268,298,0.0146812493841757,263,0.012956941570598,-0.0061582421913489,0.0347817518967385,0.0524682234702926,0.017686471573554,9035dc4d379e2b642bbff3e3b9fbf149d6a47b97736fd67d3b173f4cc7a418a3,e2d1328682bab7d2187684fb9f5420bb730401c9eefc00daf835edd203f4859d,-0.0003546139791273,0.7359196373830197,101,0.3354498724055555,2021-02-25,-0.016584738421856,-0.0129275079906828,0.0092211866170978,0.0090216040265251,0.0313158046845647,0.0383474987596895,same,0000021344-21-000008_same,,2019.0,-0.0018254099338548997,87296000000.0,66012000000.0,7747000000.0,25.192570479727355,0.7561858504398827,0.0887440432551319
KO,21344,COCA COLA CO,current,2021,2021-12-31,2022-02-22,0000021344-22-000009,2022-02-22T20:45:48.000Z,https://www.sec.gov/Archives/edgar/data/21344/000002134422000009/ko-20211231.htm,dei:DocumentFiscalYearFocus,18226,147,0.0080654010753868,247,0.0135520684736091,251,0.013771535169538,-0.0054866673982223,0.038351805113574,0.0561286074838143,0.0177768023702403,d9b8fa00ea6c5d1f89f8166035e08eba079aa15e3366e930760b8ca5bdf2433b,e2d1328682bab7d2187684fb9f5420bb730401c9eefc00daf835edd203f4859d,0.0009442377681095,0.4642086913518566,101,0.1918032086678618,2022-02-22,0.0052740683249049,0.0272459059330223,0.0345929011182522,0.0512130900162033,0.0298120555235519,0.0534185761510337,same,0000021344-22-000009_same,,2020.0,0.0006715747931265994,94354000000.0,69494000000.0,9771000000.0,25.270319503198827,0.7365241537189732,0.1035568179409458
KO,21344,COCA COLA CO,current,2022,2022-12-31,2023-02-21,0000021344-23-000011,2023-02-21T21:03:20.000Z,https://www.sec.gov/Archives/edgar/data/21344/000002134423000011/ko-20221231.htm,dei:DocumentFiscalYearFocus,17562,130,0.0074023459742626,244,0.0138936339824621,244,0.0138936339824621,-0.0064912880081995,0.0383213756975287,0.0553467714383327,0.017025395740804,1931a8771c6070c512d8dcca4cf8a94df85e58a51536088a0bb0c608d251728f,e2d1328682bab7d2187684fb9f5420bb730401c9eefc00daf835edd203f4859d,-0.0002622474225904,0.6134013505922384,101,0.6035785923247499,2023-02-21,0.0286275168611233,0.0372668987241281,0.0310928339476588,0.0449552819385294,0.0195227448335364,0.0280042888949608,same,0000021344-23-000011_same,,2021.0,-0.0010046206099771993,92763000000.0,66937000000.0,9542000000.0,25.253313690337286,0.7215915828509212,0.102864288563328
KO,21344,COCA COLA CO,current,2023,2023-12-31,2024-02-20,0000021344-24-000009,2024-02-20T18:21:24.000Z,https://www.sec.gov/Archives/edgar/data/21344/000002134424000009/ko-20231231.htm,dei:DocumentFiscalYearFocus,15863,114,0.0071865347033978,203,0.0127970749542961,208,0.013112273844796,-0.0056105402508983,0.0359957132950892,0.0512513395952846,0.0152556263001954,f6bee182bc374e48e05a57594bf70eb29b9fb4f92afb6447ab2e042f588fe9d5,e2d1328682bab7d2187684fb9f5420bb730401c9eefc00daf835edd203f4859d,-0.0003944920675948,0.4690437650825432,101,0.1405012084114145,2024-02-20,0.0364458064694191,0.0403300908538035,0.0209215109111979,0.0036504906454637,0.0127210254386979,0.0027409232585209,same,0000021344-24-000009_same,,2022.0,0.0008807477573011995,97703000000.0,70223000000.0,10714000000.0,25.305198101767324,0.7187394450528642,0.1096588641085739
KO,21344,COCA COLA CO,current,2024,2024-12-31,2025-02-20,0000021344-25-000011,2025-02-20T20:17:12.000Z,https://www.sec.gov/Archives/edgar/data/21344/000002134425000011/ko-20241231.htm,dei:DocumentFiscalYearFocus,16267,112,0.0068851048134259,209,0.0128480973750537,210,0.0129095715251736,-0.0059629925616278,0.0359009036700067,0.0512079670498555,0.0153070633798487,7e42d3f608dc7d77d4f5a7929f4a58419e580925acb4a13845db9f4442841bba,e2d1328682bab7d2187684fb9f5420bb730401c9eefc00daf835edd203f4859d,-0.0012142975378247,0.0478811009131829,101,0.0020345541303998,2025-02-20,0.0376009085174275,0.0520685954783479,0.0384531822847374,0.0549910995461537,0.0629497155058856,0.0822722478896078,same,0000021344-25-000011_same,,2023.0,-0.0003524523107294999,100549000000.0,74177000000.0,10631000000.0,25.333911007814773,0.73771991765209,0.1057295447990532
KO,21344,COCA COLA CO,current,2025,2025-12-31,2026-02-20,0001628280-26-010047,2026-02-20T14:46:32.000Z,https://www.sec.gov/Archives/edgar/data/21344/000162828026010047/ko-20251231.htm,dei:DocumentFiscalYearFocus,15652,108,0.0069000766675185,210,0.0134168157423971,208,0.0132890365448504,-0.0065167390748786,0.033989266547406,0.0505366726296958,0.0165474060822898,4469617c1bb59a707c6f86f3e0655d0e8b124709787865b7d3b7af2eb79faded,e2d1328682bab7d2187684fb9f5420bb730401c9eefc00daf835edd203f4859d,0.0008232122691737,-0.3033987498749828,101,0.0488860930266881,2026-02-20,0.0091357584096536,0.0197751678838198,0.0218283030363784,0.0065835087813729,0.0255696948336684,0.0460291791483666,same,0001628280-26-010047_same,,2024.0,-0.0005537465132508003,104816000000.0,70541000000.0,13107000000.0,25.375472268935933,0.6729983971912685,0.1250477026408182
LMT,936468,LOCKHEED MARTIN CORP,current,2016,2016-12-31,2017-02-09,0001193125-17-036192,2017-02-09T21:32:41.000Z,https://www.sec.gov/Archives/edgar/data/936468/000119312517036192/d290249d10k.htm,cover_fiscal_year_ended,22252,103,0.0046287974114686,211,0.0094822937264066,405,0.0182006111810174,-0.0048534963149379,0.0391874887650548,0.0531188207801545,0.0139313320150997,6b26a66109725283942adc5c8dc95a56392268cbc96f0940fb41fdc1b987f220,e2d1328682bab7d2187684fb9f5420bb730401c9eefc00daf835edd203f4859d,-4.819915202479144e-05,0.5644527320803222,101,0.071151521087477,2017-02-09,0.0107245920166587,0.006219330620433,0.0219619460873994,0.0140562338186551,0.0400741191102162,0.0267650457281518,same,0001193125-17-036192_same,,,,47806000000.0,46200000000.0,5302000000.0,24.59041699157902,0.966405890473999,0.1109065807639208
LMT,936468,LOCKHEED MARTIN CORP,current,2017,2017-12-31,2018-02-06,0000936468-18-000009,2018-02-06T21:22:43.000Z,https://www.sec.gov/Archives/edgar/data/936468/000093646818000009/lmtq4201710k.htm,cover_fiscal_year_ended,23976,112,0.0046713380046713,231,0.0096346346346346,395,0.0164748081414748,-0.0049632966299632,0.0381214547881214,0.0529279279279279,0.0148064731398064,65b63647e708265791f4da3086a3a693ce8e1134b4acc6e06ef05a7979746de5,e2d1328682bab7d2187684fb9f5420bb730401c9eefc00daf835edd203f4859d,-5.863850033717899e-06,0.7358206639265062,101,0.156616425572504,2018-02-06,0.0016629652693463,0.0091850236055446,0.0173988606197673,0.0366420752450652,0.0483584380322657,0.0659620314931187,same,0000936468-18-000009_same,,2016.0,-0.00010980031502530029,46521000000.0,47130000000.0,2002000000.0,24.56316966049653,1.0130908621912684,0.0430343285827905
LMT,936468,LOCKHEED MARTIN CORP,current,2018,2018-12-31,2019-02-08,0000936468-19-000009,2019-02-08T16:38:57.000Z,https://www.sec.gov/Archives/edgar/data/936468/000093646819000009/lmtq4201810k.htm,cover_fiscal_year_ended,21783,117,0.0053711609971078,218,0.0100078042510214,342,0.0157003167607767,-0.0046366432539136,0.0404443832346325,0.0543543129963733,0.0139099297617408,59d0c14f7f4afb3e3077fe58e80232033a0a943133d81edea8d464ca634ea245,e2d1328682bab7d2187684fb9f5420bb730401c9eefc00daf835edd203f4859d,-0.0004529124700767,0.8374964115903458,101,0.4106415669971376,2019-02-08,0.0087583271964763,0.0086950417356914,0.0132901468144371,0.0084254376590282,0.042504691120465,0.033244206885355,same,0000936468-19-000009_same,,2017.0,0.0003266533760496,44876000000.0,43427000000.0,5046000000.0,24.52716896762913,0.9677110259381406,0.1124431767537213
LMT,936468,LOCKHEED MARTIN CORP,current,2019,2019-12-31,2020-02-07,0000936468-20-000016,2020-02-07T16:44:16.000Z,https://www.sec.gov/Archives/edgar/data/936468/000093646820000016/lmtq4201910k.htm,dei:DocumentFiscalYearFocus,19826,108,0.0054473923131241,192,0.0096842530011096,332,0.0167456874810854,-0.0042368606879854,0.0412589528901442,0.0551800665792393,0.0139211136890951,4327dd29bffbd855302ff8725b3c9be842d6165e8c71b318974036a24d89bae2,e2d1328682bab7d2187684fb9f5420bb730401c9eefc00daf835edd203f4859d,0.0004552254909846,0.5331208582145474,101,0.1393720654678558,2020-02-07,0.0063196072002314,0.0052335999827193,0.005548074440745,-0.0097693297310946,-0.0157183122886374,-0.0244348503312227,same,0000936468-20-000016_same,,2018.0,0.00039978256592820057,47528000000.0,44357000000.0,6230000000.0,24.584584847999853,0.933281434102003,0.1310806261572125
LMT,936468,LOCKHEED MARTIN CORP,current,2020,2020-12-31,2021-01-28,0000936468-21-000013,2021-01-28T22:08:55.000Z,https://www.sec.gov/Archives/edgar/data/936468/000093646821000013/lmt-20201231.htm,dei:DocumentFiscalYearFocus,21168,121,0.0057161753590325,196,0.0092592592592592,361,0.0170540438397581,-0.0035430839002267,0.0393046107331821,0.0536659108087679,0.0143613000755857,b06a1b8eb35a2bffc7ff8d21e6987b4cc1b8f2d5e86f93542f3ba79620e4ebc2,e2d1328682bab7d2187684fb9f5420bb730401c9eefc00daf835edd203f4859d,-0.001396128978817,0.692882084894868,101,0.3243033532152026,2021-01-28,0.0016955361787804,0.0083265242414382,-0.0079623163600551,-0.0167672644376336,-0.0003360879304093,-0.0175412713027249,same,0000936468-21-000013_same,,2019.0,0.0006937767877587,50710000000.0,44672000000.0,6833000000.0,24.64938896675334,0.8809307828830606,0.134746598304082
LMT,936468,LOCKHEED MARTIN CORP,current,2021,2021-12-31,2022-01-25,0000936468-22-000008,2022-01-25T12:58:39.000Z,https://www.sec.gov/Archives/edgar/data/936468/000093646822000008/lmt-20211231.htm,dei:DocumentFiscalYearFocus,19150,104,0.0054308093994778,187,0.0097650130548302,342,0.0178590078328981,-0.0043342036553524,0.0342558746736292,0.050130548302872,0.0158746736292428,ecbd07d6fec131563c041bb3777d4681100d8aa185c755a638024175d8e9a78f,e2d1328682bab7d2187684fb9f5420bb730401c9eefc00daf835edd203f4859d,-0.000608027680753,0.4147028487880932,101,0.0565537021970291,2022-01-25,0.0596652217164167,0.0642190065198616,0.0552870070485419,0.0638403021228704,0.055629747871897,0.0631138155283824,same,0000936468-22-000008_same,,2020.0,-0.0007911197551257001,50873000000.0,39914000000.0,6315000000.0,24.65259816789712,0.7845812120378197,0.1241326440351463
LMT,936468,LOCKHEED MARTIN CORP,current,2022,2022-12-31,2023-01-26,0000936468-23-000009,2023-01-26T21:29:45.000Z,https://www.sec.gov/Archives/edgar/data/936468/000093646823000009/lmt-20221231.htm,dei:DocumentFiscalYearFocus,18931,132,0.0069726902963393,201,0.0106175056785167,329,0.0173789023295124,-0.0036448153821773,0.0377159156938355,0.0541968200306375,0.016480904336802,b082df59904672282e23a077522faa7ea5f99f38bc8a3b0c43ec6c869ced62d7,e2d1328682bab7d2187684fb9f5420bb730401c9eefc00daf835edd203f4859d,0.0018184984234035,0.4952550501672093,101,0.215688954738075,2023-01-26,0.0109053882651376,0.009637191513581,0.018725449831329,0.0182485190932267,-0.015123049812002,-0.0267147175471741,same,0000936468-23-000009_same,,2021.0,0.0006893882731751001,52880000000.0,43614000000.0,5732000000.0,24.691291032489843,0.8247730711043872,0.1083963691376702
LMT,936468,LOCKHEED MARTIN CORP,current,2023,2023-12-31,2024-01-23,0000936468-24-000010,2024-01-23T21:17:08.000Z,https://www.sec.gov/Archives/edgar/data/936468/000093646824000010/lmt-20231231.htm,dei:DocumentFiscalYearFocus,15041,106,0.0070474037630476,142,0.0094408616448374,244,0.0162223256432418,-0.0023934578817897,0.0420849677548035,0.0561797752808988,0.0140948075260953,9e61fc7abf4c2aa2b7ce3fa8efd12bb146c2eab791229b5d134c9e12ff8dc6d0,e2d1328682bab7d2187684fb9f5420bb730401c9eefc00daf835edd203f4859d,0.0001126997831218,0.3844983479619477,101,0.0546241740240437,2024-01-23,-0.0602860315919697,-0.0635963969931817,-0.0718107231960888,-0.0905055122027265,-0.0817080454374977,-0.0984796861412155,same,0000936468-24-000010_same,,2022.0,0.0012513575003875997,52456000000.0,45621000000.0,6920000000.0,24.68324055990773,0.8697003202684155,0.1319200854049108
LMT,936468,LOCKHEED MARTIN CORP,current,2024,2024-12-31,2025-01-28,0000936468-25-000009,2025-01-28T21:12:50.000Z,https://www.sec.gov/Archives/edgar/data/936468/000093646825000009/lmt-20241231.htm,dei:DocumentFiscalYearFocus,15092,115,0.0076199310893188,134,0.008878876225815,233,0.0154386429896633,-0.0012589451364961,0.0431354359925788,0.0565200106016432,0.0133845746090644,70d04ed9b217be1b7ff7e5fb4fd0a2c39a45f31637c860830890f84ed0cdd356,e2d1328682bab7d2187684fb9f5420bb730401c9eefc00daf835edd203f4859d,-0.0011751887664308,0.1945994116452822,101,0.0205177287321038,2025-01-28,-0.0795354060407697,-0.0749733474242188,-0.0613042524699536,-0.0636070140316272,-0.0606721481328306,-0.0793720567670077,same,0000936468-25-000009_same,,2023.0,0.0011345127452936001,55617000000.0,49284000000.0,5336000000.0,24.741754746864977,0.8861319380764874,0.0959418882715716
LMT,936468,LOCKHEED MARTIN CORP,current,2025,2025-12-31,2026-01-29,0001628280-26-004195,2026-01-29T22:18:08.000Z,https://www.sec.gov/Archives/edgar/data/936468/000162828026004195/lmt-20251231.htm,dei:DocumentFiscalYearFocus,13142,99,0.0075330999847816,152,0.0115659716938061,222,0.0168924060264799,-0.0040328717090245,0.0405569928473596,0.0553949170598082,0.0148379242124486,3b94f16d86a98c574e3c106110c0b10560f4052434cec075ca5c94fe340edc05,e2d1328682bab7d2187684fb9f5420bb730401c9eefc00daf835edd203f4859d,0.0012779594650333,0.0898984503620201,101,0.0030382013972807,2026-01-29,0.0616456645297685,0.0706455104382565,0.0539691239684216,0.0625517020879905,0.0278525266479999,0.0520213336196517,same,0001628280-26-004195_same,,2024.0,-0.0027739265725284,59840000000.0,53119000000.0,5017000000.0,24.81494017061264,0.8876838235294118,0.0838402406417112
MCD,63908,MCDONALDS CORP,current,2016,2016-12-31,2017-03-01,0000063908-17-000017,2017-03-01T17:16:56.000Z,https://www.sec.gov/Archives/edgar/data/63908/000006390817000017/mcd-12312016x10k.htm,cover_fiscal_year_ended,10537,137,0.0130018031697826,88,0.0083515232039479,99,0.0093954636044414,0.0046502799658346,0.0462180886400303,0.0608332542469393,0.0146151656069089,798c005bbd987c7e5aa328dde4149e694a57fb8a8e5697797053e6afb8435ea3,e2d1328682bab7d2187684fb9f5420bb730401c9eefc00daf835edd203f4859d,0.0003417066517682,0.4801648680107713,101,0.1375309032411115,2017-03-01,0.0062718015491182,0.0045752738423386,0.000798021232569,0.0006045254229134,0.0045153140471758,0.0087352958112993,same,0000063908-17-000017_same,,,,31023900000.0,,4686500000.0,24.15802371213053,,0.151060956230519
MCD,63908,MCDONALDS CORP,current,2017,2017-12-31,2018-02-23,0000063908-18-000010,2018-02-23T17:45:01.000Z,https://www.sec.gov/Archives/edgar/data/63908/000006390818000010/mcd-12312017x10k.htm,dei:DocumentFiscalYearFocus,10898,150,0.0137639933932831,62,0.0056891172692237,102,0.0093595155074325,0.0080748761240594,0.0471646173609836,0.0612038906221325,0.0140392732611488,45c4b7d41dccef2f6f16304fab6c9b21bf3109149f992a0551218567492b0755,e2d1328682bab7d2187684fb9f5420bb730401c9eefc00daf835edd203f4859d,4.203082935275392e-05,0.6969093008869423,101,0.1081617581352174,2018-02-23,0.0106923802397629,0.0021019046568788,0.0106237787677927,0.0128522063310035,-0.0667755982687448,-0.0656489323551064,same,0000063908-18-000010_same,,2016.0,0.0034245961582248,33803700000.0,,5192300000.0,24.24383610089988,,0.153601528826726
MCD,63908,MCDONALDS CORP,current,2018,2018-12-31,2019-02-22,0000063908-19-000010,2019-02-22T14:48:25.000Z,https://www.sec.gov/Archives/edgar/data/63908/000006390819000010/mcd-12312018x10k.htm,dei:DocumentFiscalYearFocus,10596,141,0.0133069082672706,67,0.006323140807852,107,0.0100981502453756,0.0069837674594186,0.0450169875424688,0.0589845224613061,0.0139675349188372,f668c9ae48514f0d86791d77f4f5f279298b6e53dfa17244642d950e935da5d9,e2d1328682bab7d2187684fb9f5420bb730401c9eefc00daf835edd203f4859d,0.0019931792456637,0.395136661955363,101,0.1634393128302665,2019-02-22,0.0041596207635052,0.0076492215280052,0.0024414954083556,0.0127295631715631,0.0383824721152939,0.0492052987670621,same,0000063908-19-000010_same,,2017.0,-0.0010911086646408002,32811200000.0,,5924300000.0,24.21403575746578,,0.1805572487443312
MCD,63908,MCDONALDS CORP,current,2019,2019-12-31,2020-02-26,0000063908-20-000022,2020-02-26T16:58:02.000Z,https://www.sec.gov/Archives/edgar/data/63908/000006390820000022/mcd-12312019x10k.htm,dei:DocumentFiscalYearFocus,9404,114,0.0121225010633772,65,0.0069119523606975,93,0.0098894087622288,0.0052105487026797,0.0468949383241174,0.0624202467035304,0.015525308379413,9e5fea6a5c13045ea149ed1028361709cb339bc23172b58ac4604fb1cdc7b45b,e2d1328682bab7d2187684fb9f5420bb730401c9eefc00daf835edd203f4859d,-0.0008687237002237,0.5619788549996976,101,0.0975045343839575,2020-02-26,-0.012827674249442,0.0188289477438745,0.0021591744574722,0.0330701418188615,0.0148898692975592,0.0357622121833768,same,0000063908-20-000022_same,,2018.0,-0.0017732187567388999,47510800000.0,,6025400000.0,24.584222890563776,,0.1268216910681361
MCD,63908,MCDONALDS CORP,current,2020,2020-12-31,2021-02-23,0000063908-21-000013,2021-02-23T18:50:20.000Z,https://www.sec.gov/Archives/edgar/data/63908/000006390821000013/mcd-20201231.htm,dei:DocumentFiscalYearFocus,8330,76,0.0091236494597839,66,0.007923169267707,76,0.0091236494597839,0.0012004801920768,0.037094837935174,0.053781512605042,0.0166866746698679,61486ab19a0cbd7cbec41b41d36cd73617e2f079a98f191638049288599a13c1,e2d1328682bab7d2187684fb9f5420bb730401c9eefc00daf835edd203f4859d,-0.0003898049393582,0.4904175173560479,101,0.2697754220809906,2021-02-23,0.0036686240635415,1.494754359199213e-05,-0.0105611016393765,0.0023160548429732,-0.0060822458070129,-0.0023164424438252,same,0000063908-21-000013_same,,2019.0,-0.0040100685106029,52626800000.0,,4730500000.0,24.686491332639537,,0.0898876617996914
MCD,63908,MCDONALDS CORP,current,2021,2021-12-31,2022-02-24,0000063908-22-000011,2022-02-24T21:19:08.000Z,https://www.sec.gov/Archives/edgar/data/63908/000006390822000011/mcd-20211231.htm,dei:DocumentFiscalYearFocus,7739,93,0.0120170564672438,35,0.0045225481328336,72,0.0093035275875436,0.0074945083344101,0.0470345005814704,0.0611190076237239,0.0140845070422535,a12dcbc537a82ff6cde7e5107e86f7378d61024be4fb3b15fe8164ead142bedd,e2d1328682bab7d2187684fb9f5420bb730401c9eefc00daf835edd203f4859d,0.0007524607991585,0.5213565773282284,101,0.2664553179610116,2022-02-24,-0.0246501644429074,-0.0314474763359003,-0.0365321702037382,-0.0234593220111188,-0.0596524486030698,-0.0402652484617571,same,0000063908-22-000011_same,,2020.0,0.0062940281423333,53854300000.0,,7545200000.0,24.70954808880004,,0.1401039471314268
MCD,63908,MCDONALDS CORP,current,2022,2022-12-31,2023-02-24,0000063908-23-000012,2023-02-24T17:34:36.000Z,https://www.sec.gov/Archives/edgar/data/63908/000006390823000012/mcd-20221231.htm,dei:DocumentFiscalYearFocus,8207,86,0.0104788595101742,50,0.0060923601803338,79,0.0096259290849275,0.0043864993298403,0.0400877299865968,0.0555623248446448,0.015474594858048,e7b04a5fe864df64a51b768e36013b1e5e3b6c8aceac0524ca78310bdf2e1a37,e2d1328682bab7d2187684fb9f5420bb730401c9eefc00daf835edd203f4859d,0.0008082479505304,0.4484066150410728,101,0.2963546658760689,2023-02-24,-0.0158394734401147,-0.0122370128981353,-0.0129386408094742,0.0101004502934168,0.0175891351989871,0.039904206341386,same,0000063908-23-000012_same,,2021.0,-0.0031080090045697995,50435600000.0,,6177400000.0,24.643963111882893,,0.1224809459984614
MCD,63908,MCDONALDS CORP,current,2023,2023-12-31,2024-02-22,0000063908-24-000072,2024-02-22T17:31:15.000Z,https://www.sec.gov/Archives/edgar/data/63908/000006390824000072/mcd-20231231.htm,dei:DocumentFiscalYearFocus,8318,116,0.0139456600144265,41,0.0049290694878576,79,0.0094974753546525,0.0090165905265688,0.0468862707381582,0.0620341428227939,0.0151478720846357,6f6ba32b131222e59c59009f690c69a845ece56a0090713caf0e376e6dfb4b8e,e2d1328682bab7d2187684fb9f5420bb730401c9eefc00daf835edd203f4859d,0.000239507516025,0.6016169016808302,101,0.2215227715856009,2024-02-22,0.0029320658188125,-0.0054066639968075,-0.0009902469484158,-0.0032361098629254,0.0037779898176675,-0.0050679486876693,same,0000063908-24-000072_same,,2022.0,0.0046300911967285,56146800000.0,,8468800000.0,24.75123552630205,,0.1508331730392471
MCD,63908,MCDONALDS CORP,current,2024,2024-12-31,2025-02-25,0000063908-25-000012,2025-02-25T18:19:01.000Z,https://www.sec.gov/Archives/edgar/data/63908/000006390825000012/mcd-20241231.htm,dei:DocumentFiscalYearFocus,8417,108,0.0128311750029701,55,0.0065343946774385,72,0.0085541166686467,0.0062967803255316,0.0388499465367708,0.0569086372816918,0.0180586907449209,54b987ba264e3dce5cf567f886457204a5b51fcc093d40b2ff933ba96e744944,e2d1328682bab7d2187684fb9f5420bb730401c9eefc00daf835edd203f4859d,8.326582489271384e-05,0.3521666843432045,101,0.0802051237180051,2025-02-25,0.0016387632801572,0.0080512780324335,0.0317695414921935,0.0523844021233934,0.0161660670749088,0.0533160488653812,same,0000063908-25-000012_same,,2023.0,-0.0027198102010372004,55182000000.0,,8223000000.0,24.733902650095025,,0.1490159834728716
MCD,63908,MCDONALDS CORP,current,2025,2025-12-31,2026-02-24,0000063908-26-000035,2026-02-24T16:12:45.000Z,https://www.sec.gov/Archives/edgar/data/63908/000006390826000035/mcd-20251231.htm,dei:DocumentFiscalYearFocus,7591,107,0.0140956395731787,43,0.0056646028191279,76,0.0100118561454353,0.0084310367540508,0.0437360031616387,0.0599394019233302,0.0162033987616914,cca52ce0e4791e1f22380b0348654449f9c9173f190fe32af648dadc12e4eeca,e2d1328682bab7d2187684fb9f5420bb730401c9eefc00daf835edd203f4859d,0.0001215755000773,0.0337355323763104,101,0.0005815371635026,2026-02-24,0.0110087509449136,0.0061534100055744,0.0388974453972675,0.0399272490645653,0.0187716338042154,0.0226534294381107,same,0000063908-26-000035_same,,2024.0,0.0021342564285192003,59515000000.0,,8563000000.0,24.80949421856625,,0.1438796941947408
MRK,310158,"Merck & Co., Inc.",current,2016,2016-12-31,2017-02-28,0000310158-17-000010,2017-02-28T21:33:13.000Z,https://www.sec.gov/Archives/edgar/data/310158/000031015817000010/mrk1231201610k.htm,cover_fiscal_year_ended,24045,156,0.006487835308796,480,0.0199625701809107,313,0.0130172593054689,-0.0134747348721147,0.0363485132044084,0.0559367851944271,0.0195882719900187,115741a781fc43c9f61d31fdf0fb9c88fed0098a8b9d7cfdec251e5e9f885ec2,e2d1328682bab7d2187684fb9f5420bb730401c9eefc00daf835edd203f4859d,-0.0005025758858899,1.0581349198113303,101,0.2320591254633852,2017-02-28,-0.0105300535819655,-0.011333566135826,0.0140115826320247,0.0109975700832157,0.0064678550178954,0.0013723382638414,same,0000310158-17-000010_same,,,,95377000000.0,55069000000.0,3920000000.0,25.281103296187,0.577382387787412,0.0411000555689526
MRK,310158,"Merck & Co., Inc.",current,2017,2017-12-31,2018-02-27,0000310158-18-000005,2018-02-27T21:33:07.000Z,https://www.sec.gov/Archives/edgar/data/310158/000031015818000005/mrk1231201710k.htm,cover_fiscal_year_ended,22432,163,0.0072664051355206,410,0.0182774607703281,295,0.0131508559201141,-0.0110110556348074,0.0315620542082739,0.0541191155492154,0.0225570613409415,3696825d026a3ed87233ecc12df69440a62ffd13e542966bae433387a4d82c9f,e2d1328682bab7d2187684fb9f5420bb730401c9eefc00daf835edd203f4859d,-0.0007580905750588,0.4594259923182069,101,0.0195559408923122,2018-02-27,-0.0035450267051809,0.0006922732111949,0.0040324351721717,0.000507820178714,-0.0262026071780413,-0.0340207396051264,same,0000310158-18-000005_same,,2016.0,0.0024636792373073004,87872000000.0,53303000000.0,2394000000.0,25.19914704709192,0.6065982337946103,0.0272441733430444
MRK,310158,"Merck & Co., Inc.",current,2018,2018-12-31,2019-02-27,0000310158-19-000014,2019-02-27T21:36:42.000Z,https://www.sec.gov/Archives/edgar/data/310158/000031015819000014/mrk1231201810k.htm,cover_fiscal_year_ended,22369,184,0.0082256694532612,372,0.0166301578076802,271,0.0121149805534445,-0.008404488354419,0.036300236935044,0.0585184854039071,0.0222182484688631,145f18468a1f921206ba94cecabf878dd0a3db6937eafa3f04b61c0bb8cd23b2,e2d1328682bab7d2187684fb9f5420bb730401c9eefc00daf835edd203f4859d,0.0014575843691902,0.6942511907638763,101,0.4944979405698489,2019-02-27,0.0098187673029992,0.0154634399820273,0.004534890219007,0.0127513130152586,0.0052171481429321,0.0221394629767087,same,0000310158-19-000014_same,,2017.0,0.0026065672803884006,82637000000.0,55755000000.0,6220000000.0,25.137723359065944,0.674697774604596,0.0752689473238379
MRK,310158,"Merck & Co., Inc.",current,2019,2019-12-31,2020-02-26,0000310158-20-000005,2020-02-26T21:36:07.000Z,https://www.sec.gov/Archives/edgar/data/310158/000031015820000005/mrk1231201910k.htm,dei:DocumentFiscalYearFocus,19894,145,0.0072886297376093,307,0.0154317884789383,257,0.0129184678797627,-0.008143158741329,0.0354378204483763,0.0560470493616165,0.0206092289132401,0cb5d058a7b868d4cc8ca93e9bb0f61c1960decbc09679351b0dc16bdd591463,e2d1328682bab7d2187684fb9f5420bb730401c9eefc00daf835edd203f4859d,-0.0006636866838584,0.6796157193687207,101,0.1198559413725909,2020-02-26,0.014739754077009,0.0378097223413796,0.0509039457466679,0.0733154308308815,0.0647706756670952,0.0797264681389858,same,0000310158-20-000005_same,,2018.0,0.00026132961309,84397000000.0,58396000000.0,9843000000.0,25.15879769289289,0.6919203289216441,0.116627368271384
MRK,310158,"Merck & Co., Inc.",current,2020,2020-12-31,2021-02-25,0000310158-21-000004,2021-02-25T21:34:56.000Z,https://www.sec.gov/Archives/edgar/data/310158/000031015821000004/mrk-20201231.htm,dei:DocumentFiscalYearFocus,19952,136,0.0068163592622293,314,0.0157377706495589,265,0.0132818765036086,-0.0089214113873295,0.0351844426623897,0.0565356856455493,0.0213512429831595,2819ca12c4fdf1fe03d9dd2dfd556fcd13bc76599703f316a294435f648a3c0b,e2d1328682bab7d2187684fb9f5420bb730401c9eefc00daf835edd203f4859d,-0.0010791436621691,0.6028094451125379,101,0.2918605551642569,2021-02-25,-0.0117154630470384,-0.0078521564582569,-0.006637762907899,-0.0107584464546749,-0.0081233786164261,-0.0035509906196781,same,0000310158-21-000004_same,,2019.0,-0.0007782526460005015,91588000000.0,66184000000.0,7067000000.0,25.240566095677863,0.7226274184390968,0.0771607634187884
MRK,310158,"Merck & Co., Inc.",current,2021,2021-12-31,2022-02-25,0000310158-22-000003,2022-02-25T21:44:28.000Z,https://www.sec.gov/Archives/edgar/data/310158/000031015822000003/mrk-20211231.htm,dei:DocumentFiscalYearFocus,19513,127,0.006508481525137,297,0.0152206221493363,261,0.013375698252447,-0.0087121406241992,0.0316711935632655,0.0544765028442576,0.0228053092809921,2eb402685c0c02e0da61043e6025fdf6a2992388566e73ed2b804bebb0ac6733,e2d1328682bab7d2187684fb9f5420bb730401c9eefc00daf835edd203f4859d,0.0008584534302751,0.1285786964016142,101,0.0036202968575612,2022-02-25,0.0038495596307511,-0.0239762943435583,-0.0020799125343275,-0.004350156115829,0.0038949361526414,0.041246897620218,same,0000310158-22-000003_same,,2020.0,0.00020927076313030125,105694000000.0,67437000000.0,13049000000.0,25.38381396378381,0.638040002270706,0.123460177493519
MRK,310158,"Merck & Co., Inc.",current,2022,2022-12-31,2023-02-24,0001628280-23-005061,2023-02-24T21:22:30.000Z,https://www.sec.gov/Archives/edgar/data/310158/000162828023005061/mrk-20221231.htm,dei:DocumentFiscalYearFocus,18654,150,0.0080411707944676,269,0.0144204996247453,278,0.0149029698724134,-0.0063793288302776,0.0348450734426932,0.0556985097030127,0.0208534362603195,2d0669613fff043f67cd12367a2375e53b8c501e3c559be654f913b079e7a422,e2d1328682bab7d2187684fb9f5420bb730401c9eefc00daf835edd203f4859d,0.0023470057512139,0.2873870709383045,101,0.1133069021269151,2023-02-24,-0.0044802358330451,0.0040822937578135,-0.033380036741765,0.0055042739305055,-0.0252740631342128,0.0178861393619023,same,0001628280-23-005061_same,,2021.0,0.002332811793921599,109160000000.0,63102000000.0,14519000000.0,25.416080532786548,0.5780688897031879,0.1330065958226456
MRK,310158,"Merck & Co., Inc.",current,2023,2023-12-31,2024-02-26,0001628280-24-006850,2024-02-26T21:06:55.000Z,https://www.sec.gov/Archives/edgar/data/310158/000162828024006850/mrk-20231231.htm,dei:DocumentFiscalYearFocus,18091,142,0.0078492067879055,258,0.0142612348681664,257,0.0142059587640263,-0.0064120280802609,0.035597811066276,0.0568791111602454,0.0212813000939693,02866070ecf7ded746f8e178d23610c2dc6e299e8fad99ace93da80a5e8e5e5b,e2d1328682bab7d2187684fb9f5420bb730401c9eefc00daf835edd203f4859d,0.0010821256790716,0.1540663374982764,101,0.0126602151485771,2024-02-26,-0.0047472746272381,-3.535634422047185e-05,-0.0129117656232478,-0.025830110749025,-0.0344480541506598,-0.0396590472106207,same,0001628280-24-006850_same,,2022.0,-3.2699249983299435e-05,106675000000.0,69040000000.0,365000000.0,25.39305266602048,0.6471994375439418,0.0034216076868994
MRK,310158,"Merck & Co., Inc.",current,2024,2024-12-31,2025-02-25,0001628280-25-007732,2025-02-25T21:19:11.000Z,https://www.sec.gov/Archives/edgar/data/310158/000162828025007732/mrk-20241231.htm,dei:DocumentFiscalYearFocus,18666,129,0.0069109611057537,270,0.0144648023143683,267,0.0143040822886531,-0.0075538412086145,0.0358405657344905,0.0563591556841315,0.020518589949641,f30e3a36d4240e08603d9dea1c221e7f57ec37972236b34bf75b354119eb1564,e2d1328682bab7d2187684fb9f5420bb730401c9eefc00daf835edd203f4859d,-0.0016030572826487,0.0348345563914669,101,0.0005397333785914,2025-02-25,0.0042486144666453,0.008620881132766,0.088325653799865,0.1069486488426961,0.1301386153893805,0.1664877915741357,same,0001628280-25-007732_same,,2023.0,-0.0011418131283536005,117106000000.0,70734000000.0,17117000000.0,25.486345344495348,0.6040168736016942,0.1461667207487234
MRK,310158,"Merck & Co., Inc.",current,2025,2025-12-31,2026-02-24,0000310158-26-000063,2026-02-24T21:15:30.000Z,https://www.sec.gov/Archives/edgar/data/310158/000031015826000063/mrk-20251231.htm,dei:DocumentFiscalYearFocus,19615,145,0.0073923018098394,277,0.0141218455263828,270,0.0137649757838388,-0.0067295437165434,0.0340555697170532,0.0538873311241396,0.0198317614070864,3a774a7fb4e43580064f34cc0885e1df375200bbdd84201819cd76780a38708f,e2d1328682bab7d2187684fb9f5420bb730401c9eefc00daf835edd203f4859d,0.0025063051944129,0.3425023698927613,101,0.018611220492535,2026-02-24,-0.0075826325241438,-0.00361572789186,0.0013154866015415,0.0189812710747271,-0.0382905377244664,-0.0089897914570437,same,0000310158-26-000063_same,,2024.0,0.0008242974920710999,136866000000.0,84204000000.0,18254000000.0,25.642268181930667,0.6152294945421068,0.1333713266991071
MS,895421,MORGAN STANLEY,current,2016,2016-12-31,2017-02-27,0001193125-17-059212,2017-02-27T22:05:04.000Z,https://www.sec.gov/Archives/edgar/data/895421/000119312517059212/d328282d10k.htm,cover_fiscal_year_ended,24858,128,0.0051492477270898,349,0.0140397457558934,336,0.0135167752836109,-0.0088904980288036,0.0464639150374125,0.0679057044009976,0.0214417893635851,6f2c244af9b0988e0ffbed9f52ab1f8c5d9b40e41bf8edbf558fb7dcfd4fb295,e2d1328682bab7d2187684fb9f5420bb730401c9eefc00daf835edd203f4859d,0.0024616766138825,1.5235485492636578,101,0.370060323970369,2017-02-27,-0.0267250095628233,-0.019375072722583,-0.0333954476170922,-0.0124550339136662,-0.0347055197679289,-0.0013251279859002,same,0001193125-17-059212_same,,,,814949000000.0,737772000000.0,5979000000.0,27.42639137154216,0.9052983683641552,0.0073366554226092
MS,895421,MORGAN STANLEY,current,2017,2017-12-31,2018-02-27,0001193125-18-060831,2018-02-27T21:09:47.000Z,https://www.sec.gov/Archives/edgar/data/895421/000119312518060831/d500533d10k.htm,cover_fiscal_year_ended,22361,105,0.0046956755064621,323,0.0144447922722597,334,0.0149367201824605,-0.0097491167657975,0.0437368632887616,0.0665891507535441,0.0228522874647824,912e45da367121ddf033566a8b7a20059af8011883ba943a09891e79c9d06a44,e2d1328682bab7d2187684fb9f5420bb730401c9eefc00daf835edd203f4859d,0.0002371004185669,1.436430715359424,101,0.2896722072805845,2018-02-27,0.0159280057246079,0.011382210210481,-0.0026107199654757,-0.0023897244647359,0.0253488243912613,0.0275364111743966,same,0001193125-18-060831_same,,2016.0,-0.0008586187369939002,851733000000.0,773267000000.0,6111000000.0,27.470538934380176,0.9078748856742664,0.0071747836469879
MS,895421,MORGAN STANLEY,current,2018,2018-12-31,2019-02-26,0001193125-19-051943,2019-02-26T21:12:52.000Z,https://www.sec.gov/Archives/edgar/data/895421/000119312519051943/d707577d10k.htm,cover_fiscal_year_ended,22006,97,0.0044078887576115,341,0.0154957738798509,297,0.0134963191856766,-0.0110878851222393,0.0433972552940107,0.0669817322548396,0.0235844769608288,4d9a0d5ce1debd0fa6473929d83107a61268473b17ef8c0dafb6a8db5058c0a1,e2d1328682bab7d2187684fb9f5420bb730401c9eefc00daf835edd203f4859d,-0.0002325534822966,1.133309401501141,101,0.5766095943620506,2019-02-26,0.0191370564998517,0.0184257126541229,-0.0039504788110258,-0.0046649393016952,-0.0049833409429474,-0.0068594721101853,same,0001193125-19-051943_same,,2017.0,-0.0013387683564418003,853531000000.0,772125000000.0,8748000000.0,27.47264769955236,0.9046244366051144,0.0102491883715998
MS,895421,MORGAN STANLEY,current,2019,2019-12-31,2020-02-27,0000895421-20-000265,2020-02-27T21:34:27.000Z,https://www.sec.gov/Archives/edgar/data/895421/000089542120000265/msq4201910k.htm,dei:DocumentFiscalYearFocus,18241,84,0.0046050106902033,287,0.0157337865248615,261,0.0143084260731319,-0.0111287758346581,0.0431445644427388,0.0673208705663066,0.0241763061235677,40b8b4e2fb93bb874be7379431264b5fe8586bee5ad8697e05f29e286df0f79a,e2d1328682bab7d2187684fb9f5420bb730401c9eefc00daf835edd203f4859d,0.0008340704171519,1.7280637007456037,101,0.5203787903931185,2020-02-27,0.0310259360079711,-0.0073745614617161,0.0089104627689837,-0.0595444211418288,-0.0938301384682032,-0.1633557896959406,same,0000895421-20-000265_same,,2018.0,-4.0890712418799324e-05,895429000000.0,812732000000.0,9042000000.0,27.520568769988465,0.9076453856196304,0.0100979530482037
MS,895421,MORGAN STANLEY,current,2020,2020-12-31,2021-02-26,0000895421-21-000286,2021-02-26T21:23:40.000Z,https://www.sec.gov/Archives/edgar/data/895421/000089542121000286/ms-20201231.htm,dei:DocumentFiscalYearFocus,21106,90,0.0042641902776461,269,0.0127451909409646,287,0.0135980289964938,-0.0084810006633184,0.046527053918317,0.0670899270349663,0.0205628731166492,a43de549823abafb1887d5845ef7a9cf6c7d72dc929af6a720f7f1e47a4c200b,e2d1328682bab7d2187684fb9f5420bb730401c9eefc00daf835edd203f4859d,0.002273175363264,1.1216621200273698,101,0.3501896834114163,2021-02-26,-0.0089720045021853,-0.0028141084328294,0.0598258197868721,0.0740375272295127,0.0741901400655262,0.0970676387920336,same,0000895421-21-000286_same,,2019.0,0.002647775171339701,1115862000000.0,1012713000000.0,10996000000.0,27.740648316327665,0.9075611500346816,0.0098542651331437
MS,895421,MORGAN STANLEY,current,2021,2021-12-31,2022-02-24,0000895421-22-000400,2022-02-24T21:06:17.000Z,https://www.sec.gov/Archives/edgar/data/895421/000089542122000400/ms-20211231.htm,dei:DocumentFiscalYearFocus,18944,87,0.0045924831081081,251,0.0132495777027027,290,0.015308277027027,-0.0086570945945945,0.0438661317567567,0.0659839527027027,0.0221178209459459,8a2f0f988bac90646e46e106b71d2639262a650c6df904601cb045bb3310c191,e2d1328682bab7d2187684fb9f5420bb730401c9eefc00daf835edd203f4859d,0.0001788320127603,1.010252837846538,101,0.2589425355484781,2022-02-24,-0.0210679041413642,-0.0203374509568804,-0.0753807155875088,-0.0742960927570005,-0.1388271267803709,-0.1370979605180022,same,0000895421-22-000400_same,,2020.0,-0.00017609393127610007,1188140000000.0,1081542000000.0,15034000000.0,27.803410175043656,0.9102816166445032,0.0126533910145269
MS,895421,MORGAN STANLEY,current,2022,2022-12-31,2023-02-24,0000895421-23-000284,2023-02-24T21:05:43.000Z,https://www.sec.gov/Archives/edgar/data/895421/000089542123000284/ms-20221231.htm,dei:DocumentFiscalYearFocus,19369,91,0.0046982291290206,284,0.0146626051938664,296,0.0152821518921988,-0.0099643760648458,0.0439878155815994,0.0679952501419794,0.0240074345603799,77c076d8def1d8417526646368300b783c8f2d161f4abd0494fc2ca4da52456a,e2d1328682bab7d2187684fb9f5420bb730401c9eefc00daf835edd203f4859d,0.0011263708598592,1.0356947466673787,101,0.6449618831615151,2023-02-24,-0.006965580802582,-0.0036626807013544,-0.0089055324867797,-0.0021457198614964,-0.0116655458508853,-0.0001441833860269,same,0000895421-23-000284_same,,2021.0,-0.0013072814702513001,1180231000000.0,1079000000000.0,11029000000.0,27.796731297958967,0.9142278079460716,0.0093447808098584
MS,895421,MORGAN STANLEY,current,2023,2023-12-31,2024-02-22,0000895421-24-000300,2024-02-22T21:08:52.000Z,https://www.sec.gov/Archives/edgar/data/895421/000089542124000300/ms-20231231.htm,dei:DocumentFiscalYearFocus,19583,89,0.0045447582086503,302,0.015421539090027,314,0.0160343154777102,-0.0108767808813767,0.041821988459378,0.0665883674615738,0.0247663790021957,9b05529723a67025b1286de4e9fdace175b8a4532366b983a39aaa5120b63b08,e2d1328682bab7d2187684fb9f5420bb730401c9eefc00daf835edd203f4859d,-0.00059827241753,1.3551439559769254,101,0.3281806016446464,2024-02-22,-0.0150081330407255,-0.0087287412008729,-0.0110237691955735,-0.0117149861909007,-0.0076678652044244,-0.0040143972170122,same,0000895421-24-000300_same,,2022.0,-0.0009124048165309005,1193693000000.0,1093711000000.0,9087000000.0,27.808072978910246,0.91624144566484,0.0076125100842511
MS,895421,MORGAN STANLEY,current,2024,2024-12-31,2025-02-21,0000895421-25-000304,2025-02-21T21:25:14.000Z,https://www.sec.gov/Archives/edgar/data/895421/000089542125000304/ms-20241231.htm,dei:DocumentFiscalYearFocus,18311,87,0.0047512424225875,276,0.0150729069957948,296,0.0161651466331713,-0.0103216645732073,0.0468570804434492,0.0709955764294686,0.0241384959860193,0a259e4553c5a8ad3a64d50d34c7ec2d0c9e6444a986b90af31ae0f8b651d39d,e2d1328682bab7d2187684fb9f5420bb730401c9eefc00daf835edd203f4859d,0.0019002739480883,1.556570935603465,101,0.4020588792852324,2025-02-21,-0.0425797394309253,-0.051554256249954,-0.0297481351667241,-0.0309666900358337,-0.0238673871040608,-0.0117277102100102,same,0000895421-25-000304_same,,2023.0,0.0005551163081693993,1215071000000.0,1109643000000.0,13390000000.0,27.825823627227724,0.913233053870926,0.0110199321685728
MS,895421,MORGAN STANLEY,current,2025,2025-12-31,2026-02-19,0000895421-26-000086,2026-02-19T21:42:18.000Z,https://www.sec.gov/Archives/edgar/data/895421/000089542126000086/ms-20251231.htm,dei:DocumentFiscalYearFocus,19167,101,0.0052694735743726,277,0.0144519225752595,317,0.0165388428027338,-0.0091824490008869,0.0473209161579798,0.0700683466374497,0.0227474304794699,cc03e68cee21a75dab0a0c56d7920d9b86fe3b7659eb01e7a64a28cfa4cfaf93,e2d1328682bab7d2187684fb9f5420bb730401c9eefc00daf835edd203f4859d,0.0013991851415113,1.307947603609283,101,0.3905364742913985,2026-02-19,0.0059687877005572,0.0131484058568119,-0.0145433674055522,-0.0021376627135382,-0.0078969878499685,0.0061208638968429,same,0000895421-26-000086_same,,2024.0,0.0011392155723204001,1420270000000.0,1307618000000.0,16861000000.0,27.98186811031231,0.9206826870947074,0.0118716863694931
MSFT,789019,MICROSOFT CORP,current,2016,2016-06-30,2016-07-28,0001193125-16-662209,2016-07-28T20:12:18.000Z,https://www.sec.gov/Archives/edgar/data/789019/000119312516662209/d187868d10k.htm,cover_fiscal_year_ended,10539,49,0.0046493974760413,184,0.0174589619508492,109,0.0103425372426226,-0.0128095644748078,0.0379542651105418,0.0541797134452984,0.0162254483347566,2d39f47b646d5923c0713b016db5f175e6aa5bea677abf82c819480f8a960b5a,e2d1328682bab7d2187684fb9f5420bb730401c9eefc00daf835edd203f4859d,-0.0010216535041327,1.237082714442188,101,0.4880130383248359,2016-07-28,-0.0007817540872361,-0.0033633085972463,0.0176637186821095,0.0085488333923867,0.0425431870195519,0.0303582867678672,same,0001193125-16-662209_same,,,,193694000000.0,121697000000.0,16798000000.0,25.98954543114393,0.6282951459518622,0.0867244209939389
MSFT,789019,MICROSOFT CORP,current,2017,2017-06-30,2017-08-02,0001564590-17-014900,2017-08-02T20:15:01.000Z,https://www.sec.gov/Archives/edgar/data/789019/000156459017014900/msft-10k_20170630.htm,cover_fiscal_year_ended,9683,52,0.0053702364969534,175,0.018072911287824,97,0.0100175565423938,-0.0127026747908705,0.0350098110089848,0.0541154600846845,0.0191056490756996,a48ede1f79844ab780c7628522167befc9bc08188968053ce2ad687b358b020d,e2d1328682bab7d2187684fb9f5420bb730401c9eefc00daf835edd203f4859d,0.0003096959416687,1.1937823180051357,101,0.4045650064733258,2017-08-02,-0.0094160502785835,-0.0083400542368825,-0.0152080163905271,-0.0126089497568256,-0.0252219245175124,-0.0220561239428964,same,0001564590-17-014900_same,,2016.0,0.00010688968393729979,241086000000.0,168692000000.0,21204000000.0,26.20841955325553,0.6997171133952199,0.0879520171225206
MSFT,789019,MICROSOFT CORP,current,2018,2018-06-30,2018-08-03,0001564590-18-019062,2018-08-03T15:03:33.000Z,https://www.sec.gov/Archives/edgar/data/789019/000156459018019062/msft-10k_20180630.htm,cover_fiscal_year_ended,8969,49,0.0054632623480878,124,0.0138253985951611,71,0.0079161556472293,-0.0083621362470732,0.042925632734976,0.0595384100791615,0.0166127773441855,2932adc3a8ca97f10161cf6ffae4e99bfce069562a4db91c96e945a20bdbcb81,e2d1328682bab7d2187684fb9f5420bb730401c9eefc00daf835edd203f4859d,0.0007546450902162,1.4563963393682908,101,0.7516188807984009,2018-08-03,-0.0040156068241659,0.0042311620026438,0.0047982040746777,0.0189873101640307,-0.0114382375771216,-0.0037564287612992,same,0001564590-18-019062_same,,2017.0,0.0043405385437973,258848000000.0,176130000000.0,16571000000.0,26.27950685378196,0.6804379404129064,0.0640182655458029
MSFT,789019,MICROSOFT CORP,current,2019,2019-06-30,2019-08-01,0001564590-19-027952,2019-08-01T20:09:55.000Z,https://www.sec.gov/Archives/edgar/data/789019/000156459019027952/msft-10k_20190630.htm,cover_fiscal_year_ended,8554,52,0.0060790273556231,82,0.0095861585223287,78,0.0091185410334346,-0.0035071311667056,0.0475800794949731,0.0635959784895955,0.0160158989946224,2276daacbc70c7aa3ce394aa1eaea79e5ff568fcef96976a028fde899ea5eb49,e2d1328682bab7d2187684fb9f5420bb730401c9eefc00daf835edd203f4859d,0.0013927892244296,1.359135878276453,101,0.6196351649022163,2019-08-01,0.0084088841313401,0.0028305858838751,0.0088035020884111,0.0012704628561603,0.0093032922289154,0.0151183068032133,same,0001564590-19-027952_same,,2018.0,0.0048550050803676,286556000000.0,184226000000.0,39240000000.0,26.38119981647909,0.6428970253632798,0.1369365848211169
MSFT,789019,MICROSOFT CORP,current,2020,2020-06-30,2020-07-30,0001564590-20-034944,2020-07-31T00:44:46.000Z,https://www.sec.gov/Archives/edgar/data/789019/000156459020034944/msft-10k_20200630.htm,dei:DocumentFiscalYearFocus,8998,58,0.0064458768615247,75,0.0083351855967992,89,0.0098910869082018,-0.0018893087352745,0.0467881751500333,0.0651255834629917,0.0183374083129584,d3035ac9de7bbb7f798104528658f1195f776e98df40a0bb11fb89f2a5480056,e2d1328682bab7d2187684fb9f5420bb730401c9eefc00daf835edd203f4859d,0.0020346984623343,1.0797674452411223,101,0.8532225006839046,2020-07-30,-0.0089987872718342,-0.0015906030591668,0.0151358525657355,0.0316172823555219,-0.0221429421783325,0.0020263703499964,same,0001564590-20-034944_same,,2019.0,0.0016178224314311,301311000000.0,183007000000.0,44281000000.0,26.431408790879576,0.6073691302342098,0.1469611132683506
MSFT,789019,MICROSOFT CORP,current,2021,2021-06-30,2021-07-29,0001564590-21-039151,2021-07-29T20:21:55.000Z,https://www.sec.gov/Archives/edgar/data/789019/000156459021039151/msft-10k_20210630.htm,dei:DocumentFiscalYearFocus,7774,52,0.0066889632107023,63,0.0081039361975816,66,0.008489837921276,-0.0014149729868793,0.0463082068433239,0.0639310522253666,0.0176228453820427,3b449e045c4d261e44448624674054025a090b1554b2b2fb1ed5a33d88b06cbf,e2d1328682bab7d2187684fb9f5420bb730401c9eefc00daf835edd203f4859d,-6.580032583060905e-05,1.2326414039198297,101,0.5733510353013151,2021-07-29,-0.0037817787748359,-0.0043016572521882,-0.0115517192269263,-0.0113971666794029,0.0095896639958782,0.0126298587249245,same,0001564590-21-039151_same,,2020.0,0.00047433574839519997,333779000000.0,191791000000.0,61271000000.0,26.5337449342718,0.5746047534446445,0.1835675701586978
MSFT,789019,MICROSOFT CORP,current,2022,2022-06-30,2022-07-28,0001564590-22-026876,2022-07-28T20:06:19.000Z,https://www.sec.gov/Archives/edgar/data/789019/000156459022026876/msft-10k_20220630.htm,dei:DocumentFiscalYearFocus,7681,44,0.0057284207785444,53,0.0069001432105194,71,0.0092435880744694,-0.001171722431975,0.0493425335242806,0.063012628563989,0.0136700950397083,437618a81cd4d3cf45457d164ce0d522cf726912f8a5dd7638317a42c0706293,e2d1328682bab7d2187684fb9f5420bb730401c9eefc00daf835edd203f4859d,0.0005440678981256,1.236393140710358,101,0.8006676866099192,2022-07-28,0.0445179303973443,0.0585601528708599,0.0128658240763149,0.0244241783480175,0.0165586356547665,0.0339313620560406,same,0001564590-22-026876_same,,2021.0,0.0002432505549043,364840000000.0,198298000000.0,72738000000.0,26.62272473825837,0.5435204473193729,0.1993695866681284
MSFT,789019,MICROSOFT CORP,current,2023,2023-06-30,2023-07-27,0000950170-23-035122,2023-07-27T20:01:56.000Z,https://www.sec.gov/Archives/edgar/data/789019/000095017023035122/msft-20230630.htm,dei:DocumentFiscalYearFocus,7726,38,0.0049184571576494,81,0.0104840797307791,72,0.0093191819829148,-0.0055656225731296,0.0432306497540771,0.0585037535594097,0.0152731038053326,483e7dcb038782f57a331b3886b4cd261921d86dcaac1db81b86833ec9dc8753,e2d1328682bab7d2187684fb9f5420bb730401c9eefc00daf835edd203f4859d,0.0022148742000363,1.25334518232083,101,0.3964714705375064,2023-07-27,-0.046156323059703,-0.0386762344669281,-0.0471835005670218,-0.0294118935573253,-0.0883476302077527,-0.0674979437369177,same,0000950170-23-035122_same,,2022.0,-0.0043939001411546,411976000000.0,205753000000.0,72361000000.0,26.744230932172016,0.499429578422044,0.175643726819038
MSFT,789019,MICROSOFT CORP,current,2024,2024-06-30,2024-07-30,0000950170-24-087843,2024-07-30T20:06:22.000Z,https://www.sec.gov/Archives/edgar/data/789019/000095017024087843/msft-20240630.htm,dei:DocumentFiscalYearFocus,7131,27,0.0037862852334875,65,0.0091151311176553,71,0.0099565278362081,-0.0053288458841677,0.0468377506661057,0.0621231243864815,0.0152853737203758,c7666c097e0b34de5406a17070e1f4d33fea896316c1fc12a4bbc6bef5d822f7,e2d1328682bab7d2187684fb9f5420bb730401c9eefc00daf835edd203f4859d,-0.0001687963490731,1.405244345850529,101,0.57957103105574,2024-07-30,-0.0321607985258054,-0.0279474943413334,-0.026461711139283,-0.0335116202369208,-0.0164161355011893,-0.0421024329551347,same,0000950170-24-087843_same,,2023.0,0.00023677668896190072,512163000000.0,243686000000.0,88136000000.0,26.961908770695327,0.475797744077569,0.1720858398595759
MSFT,789019,MICROSOFT CORP,current,2025,2025-06-30,2025-07-30,0000950170-25-100235,2025-07-30T20:11:40.000Z,https://www.sec.gov/Archives/edgar/data/789019/000095017025100235/msft-20250630.htm,dei:DocumentFiscalYearFocus,6643,28,0.0042149631190727,62,0.0093331326208038,62,0.0093331326208038,-0.0051181695017311,0.0475688694866777,0.061267499623664,0.0136986301369863,868268f937f89cb7e2804f120bd7d01119b3aeaf86eeace8c6f60b33e4c8085f,e2d1328682bab7d2187684fb9f5420bb730401c9eefc00daf835edd203f4859d,0.0015885332241548,0.925560794356346,101,0.6905441691116461,2025-07-30,0.0434681026062255,0.0488220470171729,0.0420159180403148,0.0535084080132673,0.0165783392259544,0.0336110325143016,same,0000950170-25-100235_same,,2024.0,0.00021067638243659967,619003000000.0,275524000000.0,101832000000.0,27.15137595614592,0.4451093128789359,0.1645097035070912
NEE,753308,NEXTERA ENERGY INC,current,2016,2016-12-31,2017-02-23,0000753308-17-000060,2017-02-23T20:57:53.000Z,https://www.sec.gov/Archives/edgar/data/753308/000075330817000060/nee-12312016x10k.htm,cover_fiscal_year_ended,15054,89,0.0059120499535007,152,0.0100969841902484,250,0.0166068818918559,-0.0041849342367477,0.0553341304636641,0.0736017005447057,0.0182675700810415,e0bfb34aece5da04751f90383a0a9c802aea4e08eeb3c1533ba3d8bec976282d,e2d1328682bab7d2187684fb9f5420bb730401c9eefc00daf835edd203f4859d,-0.0004628896684172,0.7809955637790132,101,0.1438267345555529,2017-02-23,0.0294599181306297,0.027889442424515,0.043218714767561,0.0384462488004099,0.0369772878480572,0.0277378760854324,same,0000753308-17-000060_same,,,,89993000000.0,64662000000.0,2912000000.0,25.22299772647405,0.7185225517540254,0.0323580722945118
NEE,753308,NEXTERA ENERGY INC,current,2017,2017-12-31,2018-02-16,0000753308-18-000013,2018-02-16T20:44:58.000Z,https://www.sec.gov/Archives/edgar/data/753308/000075330818000013/nee-12312017x10k.htm,cover_fiscal_year_ended,13213,64,0.0048437145235752,126,0.0095360629682888,244,0.0184666616211307,-0.0046923484447135,0.0518428820101415,0.0701581775524105,0.0183152955422689,d26abb468ee5fc43bd2a2137ab0c271e1e4dbccd445f8e9b03cea9cbd33a82ee,e2d1328682bab7d2187684fb9f5420bb730401c9eefc00daf835edd203f4859d,-0.0001442792662878,0.209084233353623,101,0.0090109854929124,2018-02-16,0.0241730727232366,0.0185192475588907,0.0132230538298053,-0.0020974371932576,0.056840120277022,-0.0038518458909392,same,0000753308-18-000013_same,,2016.0,-0.0005074142079658003,97827000000.0,68329000000.0,5378000000.0,25.306466449505507,0.6984677031903258,0.0549745980148629
NEE,753308,NEXTERA ENERGY INC,current,2018,2018-12-31,2019-02-15,0000753308-19-000039,2019-02-15T22:22:00.000Z,https://www.sec.gov/Archives/edgar/data/753308/000075330819000039/nee-12312018x10k.htm,cover_fiscal_year_ended,12462,64,0.0051356122612742,115,0.0092280532819772,226,0.0181351307976247,-0.0040924410207029,0.0513561226127427,0.0690900337024554,0.0177339110897127,1272498d9680e135183be92729836000d8c895c055b2a591b0e6e825ccc9244a,e2d1328682bab7d2187684fb9f5420bb730401c9eefc00daf835edd203f4859d,0.0005929337323119,0.2536838556116472,101,0.0818459678026521,2019-02-15,0.0094990324964846,0.0040192715554367,0.0090751239710819,-0.0046043906504847,0.0206535399551639,0.002607817239954,same,0000753308-19-000039_same,,2017.0,0.0005999074240106003,103702000000.0,66289000000.0,6638000000.0,25.364787238399,0.6392258587105359,0.0640103373126844
NEE,753308,NEXTERA ENERGY INC,current,2019,2019-12-31,2020-02-14,0000753308-20-000021,2020-02-14T20:24:19.000Z,https://www.sec.gov/Archives/edgar/data/753308/000075330820000021/nee-12312019x10k.htm,dei:DocumentFiscalYearFocus,11759,59,0.0050174334552257,110,0.0093545369504209,196,0.01666808402075,-0.0043371034951951,0.0499192108172463,0.0680329960030614,0.0181137851858151,70d474f29b1067f29208c72d56657d92bdabd08a2f3647d501d5997b90f59423,e2d1328682bab7d2187684fb9f5420bb730401c9eefc00daf835edd203f4859d,0.00149033393908,-0.0449895424019546,101,0.0009960303247908,2020-02-14,0.0383951780602618,0.0456948151009551,0.0098662470213496,0.013679066901402,0.0035540541153192,0.0573287333387921,same,0000753308-20-000021_same,,2018.0,-0.0002446624744922004,117691000000.0,76331000000.0,3769000000.0,25.49132838269852,0.6485712586348998,0.0320245388347452
NEE,753308,NEXTERA ENERGY INC,current,2020,2020-12-31,2021-02-12,0000753308-21-000014,2021-02-12T21:07:50.000Z,https://www.sec.gov/Archives/edgar/data/753308/000075330821000014/nee-20201231.htm,dei:DocumentFiscalYearFocus,12010,50,0.0041631973355537,130,0.0108243130724396,189,0.015736885928393,-0.0066611157368859,0.0479600333055786,0.0676103247293921,0.0196502914238134,f5c30aca900bd680c39a3cfdb5ee5a74461aa4d2ad99fac6fbf9f5bd76c35aec,e2d1328682bab7d2187684fb9f5420bb730401c9eefc00daf835edd203f4859d,0.0009658402529419,0.6815809494915225,101,0.2266781223957804,2021-02-12,-0.0394816250566577,-0.0384322772004629,-0.0386740388935206,-0.0317887407052061,-0.1098558634359419,-0.0996514165984756,same,0000753308-21-000014_same,,2019.0,-0.0023240122416907996,127684000000.0,82755000000.0,2919000000.0,25.57282429847799,0.6481234923717929,0.0228611259045769
NEE,753308,NEXTERA ENERGY INC,current,2021,2021-12-31,2022-02-18,0000753308-22-000014,2022-02-18T11:28:58.000Z,https://www.sec.gov/Archives/edgar/data/753308/000075330822000014/nee-20211231.htm,dei:DocumentFiscalYearFocus,12137,46,0.0037900634423663,134,0.0110406195929801,188,0.015489824503584,-0.0072505561506138,0.0513306418390046,0.0692098541649501,0.0178792123259454,037ac304a6115c70feb32e404bffed35394046c6d3243a2b235f6446a4f144f0,e2d1328682bab7d2187684fb9f5420bb730401c9eefc00daf835edd203f4859d,0.000151187517876,0.5933745224698008,101,0.1745811324540935,2022-02-18,0.0030672824673546,0.0191687061945724,0.0221213016197034,0.0334630028724145,0.0590009990333208,0.0721185223218427,same,0000753308-22-000014_same,,2020.0,-0.0005894404137279001,140912000000.0,95243000000.0,3573000000.0,25.67140141900952,0.6759041103667537,0.0253562507096627
NEE,753308,NEXTERA ENERGY INC,current,2022,2022-12-31,2023-02-17,0000753308-23-000019,2023-02-17T21:25:38.000Z,https://www.sec.gov/Archives/edgar/data/753308/000075330823000019/nee-20221231.htm,dei:DocumentFiscalYearFocus,12085,49,0.0040546131568059,129,0.0106743897393462,188,0.0155564749689697,-0.0066197765825403,0.0530409598676044,0.0717418287132809,0.0187008688456764,e12f497c59a100eea442ac831c8bb696a8d106a60e5152c8b4440227deb509e6,e2d1328682bab7d2187684fb9f5420bb730401c9eefc00daf835edd203f4859d,-0.0002324081181056,0.8782764836074969,101,0.5407965438621848,2023-02-17,-0.0100674681159156,-0.0063099304948001,-0.0079567512827946,-0.0058894518894139,0.0118979017084314,0.0122833995588276,same,0000753308-23-000019_same,,2021.0,0.0006307795680735003,158935000000.0,109499000000.0,4147000000.0,25.79176115055164,0.6889546040834303,0.0260924277220247
NEE,753308,NEXTERA ENERGY INC,current,2023,2023-12-31,2024-02-16,0000753308-24-000008,2024-02-16T22:17:00.000Z,https://www.sec.gov/Archives/edgar/data/753308/000075330824000008/nee-20231231.htm,dei:DocumentFiscalYearFocus,11755,52,0.0044236495108464,132,0.0112292641429179,191,0.0162484049340706,-0.0068056146320714,0.0547001276052743,0.0741811994895789,0.0194810718843045,50967713d134c360e7c69bc122c595071dbae08c2258bebda05e7bcd6c0beffb,e2d1328682bab7d2187684fb9f5420bb730401c9eefc00daf835edd203f4859d,-0.0020486281739485,0.8402917420974378,101,0.0797864421573552,2024-02-16,0.0212777259568967,0.0159283929439016,-0.0109835919324853,-0.0274489156040724,0.000492695174599,-0.0243834794628412,same,0000753308-24-000008_same,,2022.0,-0.00018583804953110038,177489000000.0,118465000000.0,7310000000.0,25.902174472110563,0.6674498137912772,0.0411856509417485
NEE,753308,NEXTERA ENERGY INC,current,2024,2024-12-31,2025-02-14,0000753308-25-000011,2025-02-14T19:23:43.000Z,https://www.sec.gov/Archives/edgar/data/753308/000075330825000011/nee-20241231.htm,dei:DocumentFiscalYearFocus,11363,49,0.0043122414855231,123,0.0108246061779459,191,0.0168089413007128,-0.0065123646924227,0.0513948781131743,0.0715480066883745,0.0201531285752002,1517355f89bd31fa01f3aecb57254e17b3debbe41db741c0126f39af07bdac5b,e2d1328682bab7d2187684fb9f5420bb730401c9eefc00daf835edd203f4859d,-0.0010021491570551,0.2780196811438343,101,0.0228010957806672,2025-02-14,-0.0117738094071402,-0.0240211256295646,0.0113642992114798,-0.0017571363651376,0.0384073945397264,0.0391719782606116,same,0000753308-25-000011_same,,2023.0,0.00029324993964869976,190144000000.0,129283000000.0,6946000000.0,25.971047516786555,0.6799215331538203,0.0365302086839448
NEE,753308,NEXTERA ENERGY INC,current,2025,2025-12-31,2026-02-13,0000753308-26-000015,2026-02-13T21:19:14.000Z,https://www.sec.gov/Archives/edgar/data/753308/000075330826000015/nee-20251231.htm,dei:DocumentFiscalYearFocus,11753,46,0.0039138943248532,125,0.0106355824044924,195,0.0165915085510082,-0.0067216880796392,0.0537735046371139,0.0730877222836722,0.0193142176465583,f10f09353e422601ff3edb34edcaebe77313dd735ce661b55d92eba143c793d2,e2d1328682bab7d2187684fb9f5420bb730401c9eefc00daf835edd203f4859d,0.0005787603078005,0.4663998288781097,101,0.0652421411409301,2026-02-13,0.0198143205786062,0.0290906925612544,0.0272381336928244,0.0391543624501342,0.0444700044822941,0.0475271768028647,same,0000753308-26-000015_same,,2024.0,-0.0002093233872164993,212721000000.0,146242000000.0,6835000000.0,26.083247284885545,0.687482665087133,0.0321312893414378
NKE,320187,"NIKE, Inc.",current,2016,2016-05-31,2016-07-21,0000320187-16-000336,2016-07-21T20:11:03.000Z,https://www.sec.gov/Archives/edgar/data/320187/000032018716000336/nke-5312016x10k.htm,cover_fiscal_year_ended,16625,132,0.0079398496240601,189,0.0113684210526315,310,0.0186466165413533,-0.0034285714285714,0.0418646616541353,0.0606315789473684,0.018766917293233,4545f5f0b9c951fb2e45e843a3580fffab6302ab527045e29ceb1872fc246dbc,e2d1328682bab7d2187684fb9f5420bb730401c9eefc00daf835edd203f4859d,-0.0018867550319636,0.9381162905869496,101,0.2340845886651797,2016-07-21,-0.0171222144526681,-0.0231050011028726,-0.0160899754643922,-0.0295120074588342,-0.0313489852591761,-0.0526112376748272,same,0000320187-16-000336_same,,,,21396000000.0,21078000000.0,3760000000.0,23.786469825615416,0.9851374088614694,0.1757337820153299
NKE,320187,"NIKE, Inc.",current,2017,2017-05-31,2017-07-20,0000320187-17-000090,2017-07-20T20:18:16.000Z,https://www.sec.gov/Archives/edgar/data/320187/000032018717000090/nke-5312017x10k.htm,cover_fiscal_year_ended,15516,116,0.0074761536478473,176,0.011343129672596,293,0.0188837329208558,-0.0038669760247486,0.0346738850219128,0.0562645011600928,0.0215906161381799,1e835b9ee304b0be6edd5407c4feca83331aa14af7a0dd4dcf2cb5bb05a3467a,e2d1328682bab7d2187684fb9f5420bb730401c9eefc00daf835edd203f4859d,-0.0004418139501486,0.6598839315277008,101,0.0516695025087833,2017-07-20,0.0376104770418535,0.0346350952656726,0.0225311237652595,0.0169707174541655,-0.0042822469762744,-0.0136023304687035,same,0000320187-17-000090_same,,2016.0,-0.00043840459617719993,23259000000.0,,4240000000.0,23.869957990851344,,0.1822950255814953
NKE,320187,"NIKE, Inc.",current,2018,2018-05-31,2018-07-25,0000320187-18-000142,2018-07-24T22:22:39.000Z,https://www.sec.gov/Archives/edgar/data/320187/000032018718000142/nke-5312018x10k.htm,cover_fiscal_year_ended,13581,87,0.0064060083940799,156,0.0114866357411089,254,0.0187025992194978,-0.0050806273470289,0.0316618805684412,0.0530888741624328,0.0214269935939916,370e13b8197c3ca34e02b2b555c98cdcf989859ea0acd8f4a796fbd55c17590a,e2d1328682bab7d2187684fb9f5420bb730401c9eefc00daf835edd203f4859d,0.0010857464652316,0.998051103257152,101,0.5096044099863319,2018-07-25,0.0064849212748,0.0097210147117285,-0.0193492196768568,-0.0117478707701202,-0.0117008731087339,0.0002394627239797,same,0000320187-18-000142_same,,2017.0,-0.0012136513222803002,22536000000.0,,1933000000.0,23.838379867520484,,0.0857738729144479
NKE,320187,"NIKE, Inc.",current,2019,2019-05-31,2019-07-23,0000320187-19-000051,2019-07-23T20:13:55.000Z,https://www.sec.gov/Archives/edgar/data/320187/000032018719000051/nke-531201910k.htm,cover_fiscal_year_ended,11077,72,0.0064999548614245,105,0.0094791008395775,210,0.018958201679155,-0.0029791459781529,0.0335831001173602,0.0517288074388372,0.0181457073214769,45dbfd64a9c3643282e2848104950c11641fd2fc1bf4fb815078e9feb7cee67e,e2d1328682bab7d2187684fb9f5420bb730401c9eefc00daf835edd203f4859d,-0.0008592132358471,1.3692649002682058,101,0.5090688867854398,2019-07-23,-0.0153010863623715,-0.0125744848313326,-0.0124170727562519,-0.0133006744386673,-0.0157624434442463,-0.0253005341610564,same,0000320187-19-000051_same,,2018.0,0.002101481368876,23717000000.0,,4029000000.0,23.88945792752917,,0.1698781464772104
NKE,320187,"NIKE, Inc.",current,2020,2020-05-31,2020-07-24,0000320187-20-000047,2020-07-24T20:07:45.000Z,https://www.sec.gov/Archives/edgar/data/320187/000032018720000047/nke-531202010k.htm,dei:DocumentFiscalYearFocus,13647,82,0.0060086465889939,225,0.0164871400307759,249,0.0182457683007254,-0.010478493441782,0.0249871766688649,0.0457243350186854,0.0207371583498204,62ed193d29a6159dadadc66966a9ffb00e0cad7aece3ae0a0c0dde21dddced65,e2d1328682bab7d2187684fb9f5420bb730401c9eefc00daf835edd203f4859d,0.001144157452576,0.9786778234631164,101,0.7502096380113482,2020-07-24,-0.0097939227347691,-0.0061244518030624,0.0040595398985124,0.01202032627352,-0.0253763887231836,-0.0131625537097318,same,0000320187-20-000047_same,,2019.0,-0.0074993474636291,31342000000.0,,2539000000.0,24.16822488804744,,0.0810095080084232
NKE,320187,"NIKE, Inc.",current,2021,2021-05-31,2021-07-20,0000320187-21-000028,2021-07-20T20:11:03.000Z,https://www.sec.gov/Archives/edgar/data/320187/000032018721000028/nke-20210531.htm,dei:DocumentFiscalYearFocus,12852,90,0.0070028011204481,162,0.0126050420168067,260,0.0202303143479614,-0.0056022408963585,0.0266884531590413,0.0501089324618736,0.0234204793028322,00578121fce9937890d0629081aaa08807dcbc8aa124fe31a8a55883b70a3ee2,e2d1328682bab7d2187684fb9f5420bb730401c9eefc00daf835edd203f4859d,-0.0011740648854886,0.9996768947457488,101,0.3298267310051699,2021-07-20,0.0038369008530759,0.0003122716253364,0.0292358221334533,0.021014493608812,0.0260982643150357,0.0131821890669909,same,0000320187-21-000028_same,,2020.0,0.0048762525454235,37740000000.0,,5727000000.0,24.353986376886816,,0.1517488076311605
NKE,320187,"NIKE, Inc.",current,2022,2022-05-31,2022-07-21,0000320187-22-000038,2022-07-21T20:05:53.000Z,https://www.sec.gov/Archives/edgar/data/320187/000032018722000038/nke-20220531.htm,dei:DocumentFiscalYearFocus,12011,76,0.0063275330946632,142,0.0118224960452918,237,0.0197319124136208,-0.0054949629506285,0.0301390392140537,0.0489551244692365,0.0188160852551827,d1e720b1077967c489e9bcab131bc5fd1a469ccd7ebb4fc31db88ebdc0369e20,e2d1328682bab7d2187684fb9f5420bb730401c9eefc00daf835edd203f4859d,-0.0011403598802988,1.2396447431475204,101,0.6500850042649083,2022-07-21,-0.0047666435060787,-0.006648074707645,-0.0040255347838254,-0.0083028115824129,-0.0048571649959313,-0.0006371053481193,same,0000320187-22-000038_same,,2021.0,0.00010727794572999976,40321000000.0,,6046000000.0,24.42013826198928,,0.149946677909774
NKE,320187,"NIKE, Inc.",current,2023,2023-05-31,2023-07-20,0000320187-23-000039,2023-07-20T20:20:36.000Z,https://www.sec.gov/Archives/edgar/data/320187/000032018723000039/nke-20230531.htm,dei:DocumentFiscalYearFocus,10126,58,0.0057278293501876,116,0.0114556587003752,204,0.0201461584041082,-0.0057278293501876,0.0266640331819079,0.0457238791230495,0.0190598459411416,6129232fd834d580ce53ba30914fde5553a79316d3b577b9618096c0af8d9a3a,e2d1328682bab7d2187684fb9f5420bb730401c9eefc00daf835edd203f4859d,-0.0021420937901511,1.0714222533446185,101,0.3425012935858541,2023-07-20,0.0050920436569599,-0.0016252756366501,0.0039169890980909,-0.0100958547431116,0.0076409906030227,-0.0148784023420165,same,0000320187-23-000039_same,,2022.0,-0.00023286639955909932,37531000000.0,,5070000000.0,24.348433095088748,,0.1350883269830273
NKE,320187,"NIKE, Inc.",current,2024,2024-05-31,2024-07-25,0000320187-24-000044,2024-07-25T20:16:58.000Z,https://www.sec.gov/Archives/edgar/data/320187/000032018724000044/nke-20240531.htm,dei:DocumentFiscalYearFocus,9726,47,0.004832407978614,117,0.0120296113510178,192,0.0197409006785934,-0.0071972033724038,0.0174789224758379,0.0406127904585646,0.0231338679827267,3d67bab486b4c97c049c762d19c9b3b50ded79841893abfd484eb34d0ac0c95b,e2d1328682bab7d2187684fb9f5420bb730401c9eefc00daf835edd203f4859d,-0.0011171986292244,0.4342394734919851,101,0.0422503920234014,2024-07-25,-4.476349603998141e-05,0.0063354262079983,0.0365359149694091,0.0355692460133099,0.0353399126605603,0.0371783043036212,same,0000320187-24-000044_same,,2023.0,-0.0014693740222162,38110000000.0,,5700000000.0,24.36374255183218,,0.1495670427709262
NKE,320187,"NIKE, Inc.",current,2025,2025-05-31,2025-07-17,0000320187-25-000047,2025-07-17T20:25:25.000Z,https://www.sec.gov/Archives/edgar/data/320187/000032018725000047/nke-20250531.htm,dei:DocumentFiscalYearFocus,9047,43,0.0047529567812534,113,0.0124903282856195,192,0.0212225046976898,-0.007737371504366,0.0108323201061125,0.0385763236431966,0.0277440035370841,5acbc6779332c9e29773fff07357775eb7f7a629f458044d2baa1e840a9d032c,e2d1328682bab7d2187684fb9f5420bb730401c9eefc00daf835edd203f4859d,-0.0014683816264131,1.0851861542118195,101,0.3549497414329956,2025-07-17,0.0019511895423269,-0.0017318375365934,0.0394465681043466,0.0298463806477101,0.0251354168175613,0.0103396817920106,same,0000320187-25-000047_same,,2024.0,-0.0005401681319622004,36579000000.0,,3219000000.0,24.32274014219265,,0.0880013122283277
NVDA,1045810,NVIDIA CORP,current,2016,2016-01-31,2016-03-17,0001045810-16-000205,2016-03-16T22:07:18.000Z,https://www.sec.gov/Archives/edgar/data/1045810/000104581016000205/nvda-2016x10k.htm,cover_fiscal_year_ended,8678,42,0.0048398248444342,128,0.0147499423830375,106,0.0122147960359529,-0.0099101175386033,0.0345701774602442,0.0520857340401014,0.0175155565798571,c3194b6f1a4727979ac555b652fbccba2a341a03cc40ea814fe4a0f5510feee9,e2d1328682bab7d2187684fb9f5420bb730401c9eefc00daf835edd203f4859d,0.0030670762103725,1.2658863106327047,101,0.3061729037565367,2016-03-17,0.0213580983529004,0.0349733672383322,0.0115921929275197,0.036680839675308,0.0209905249595246,0.060949759998067,same,0001045810-16-000205_same,,,,7370000000.0,2814000000.0,614000000.0,22.720683543147658,0.3818181818181818,0.0833107191316146
NVDA,1045810,NVIDIA CORP,current,2017,2017-01-29,2017-03-01,0001045810-17-000027,2017-03-01T22:30:49.000Z,https://www.sec.gov/Archives/edgar/data/1045810/000104581017000027/nvda-2017x10k.htm,cover_fiscal_year_ended,7528,31,0.0041179596174282,90,0.0119553666312433,89,0.0118225292242295,-0.007837407013815,0.0326780021253985,0.0498140276301806,0.0171360255047821,961a74adf26bb9538d44259b54951c3a90aef91c6b95bd4821eacdec395b59f5,e2d1328682bab7d2187684fb9f5420bb730401c9eefc00daf835edd203f4859d,0.0054903025294702,1.4057111858817009,101,0.0525458645147257,2017-03-01,-0.0758554771218367,-0.0572604289500241,-0.0721991819124501,-0.0317492265760379,-0.1710447087786953,-0.1110113363987949,same,0001045810-17-000027_same,,2016.0,0.0020727105247883,9841000000.0,4048000000.0,1666000000.0,23.00982316886326,0.4113403109440097,0.1692917386444467
NVDA,1045810,NVIDIA CORP,current,2018,2018-01-28,2018-02-28,0001045810-18-000010,2018-02-28T21:31:19.000Z,https://www.sec.gov/Archives/edgar/data/1045810/000104581018000010/nvda-2018x10k.htm,cover_fiscal_year_ended,6944,33,0.0047523041474654,69,0.0099366359447004,56,0.0080645161290322,-0.005184331797235,0.0321140552995391,0.0486751152073732,0.0165610599078341,cef5773855dc08fb899cfcab11eadafca47e3c45561f890e14532417e0269776,e2d1328682bab7d2187684fb9f5420bb730401c9eefc00daf835edd203f4859d,0.0009285104630628,2.215782862113272,101,0.1923192140447195,2018-02-28,0.0204165899431406,-0.0219363421487407,-0.0474086724238381,-0.0326880431311441,-0.0466901237792463,-0.0311343877455138,same,0001045810-18-000010_same,,2017.0,0.002653075216580001,11241000000.0,3770000000.0,3047000000.0,23.14283364542607,0.3353794146428254,0.2710612934792278
NVDA,1045810,NVIDIA CORP,current,2019,2019-01-27,2019-02-21,0001045810-19-000023,2019-02-21T21:37:18.000Z,https://www.sec.gov/Archives/edgar/data/1045810/000104581019000023/nvda-2019x10k.htm,cover_fiscal_year_ended,6805,24,0.0035268185157972,64,0.0094048493754592,59,0.0086700955180014,-0.005878030859662,0.0240999265246142,0.042468772961058,0.0183688464364437,cbc111539a584c27fb567820cac58621e7b934979599f1a5752de7edffbf9d42,e2d1328682bab7d2187684fb9f5420bb730401c9eefc00daf835edd203f4859d,-0.0035356153132949,1.988936963542651,101,0.411075961559628,2019-02-21,0.0179500821687058,0.011953439184893,0.0071711487732522,-0.0002908700342583,0.0322453747457756,0.0076768482794411,same,0001045810-19-000023_same,,2018.0,-0.0006936990624270001,13292000000.0,3950000000.0,4141000000.0,23.31042818743876,0.2971712308155281,0.3115407764068613
NVDA,1045810,NVIDIA CORP,current,2020,2020-01-26,2020-02-20,0001045810-20-000010,2020-02-20T21:38:18.000Z,https://www.sec.gov/Archives/edgar/data/1045810/000104581020000010/nvda-2020x10k.htm,dei:DocumentFiscalYearFocus,4884,22,0.0045045045045045,40,0.0081900081900081,42,0.0085995085995086,-0.0036855036855036,0.0294840294840294,0.0454545454545454,0.0159705159705159,06f47dc99a40453b0b955d83396d1a121cd49c7bfde9091ef06eb75847d9c8e9,e2d1328682bab7d2187684fb9f5420bb730401c9eefc00daf835edd203f4859d,0.0014702303746671,2.0712520090674142,101,0.4020922584891244,2020-02-20,0.0102054158798619,0.0043022673714956,0.1204964146982448,0.0509820360594127,0.1805106701144588,0.0706959861539568,same,0001045810-20-000010_same,,2019.0,0.0021925271741583996,17315000000.0,5111000000.0,2796000000.0,23.5748390148008,0.2951775916835114,0.161478486861103
NVDA,1045810,NVIDIA CORP,current,2021,2021-01-31,2021-02-26,0001045810-21-000010,2021-02-26T22:03:14.000Z,https://www.sec.gov/Archives/edgar/data/1045810/000104581021000010/nvda-20210131.htm,dei:DocumentFiscalYearFocus,5960,16,0.0026845637583892,39,0.0065436241610738,83,0.0139261744966442,-0.0038590604026845,0.0248322147651006,0.0442953020134228,0.0194630872483221,c998565832de5a6fa0dc025457c0cea03da73dd24a9491b446565745a5e03e61,e2d1328682bab7d2187684fb9f5420bb730401c9eefc00daf835edd203f4859d,-0.0015088040464722,1.560715183399983,101,0.4050454735187275,2021-02-26,-0.0293014359905015,-0.0368771620673075,-0.0759143938100507,-0.0943133624648583,-0.1226212504533006,-0.1490229746871828,same,0001045810-21-000010_same,,2020.0,-0.0001735567171808998,28791000000.0,11898000000.0,4332000000.0,24.08332867525001,0.4132541419193498,0.1504636865687194
NVDA,1045810,NVIDIA CORP,current,2022,2022-01-30,2022-03-18,0001045810-22-000036,2022-03-18T00:33:34.000Z,https://www.sec.gov/Archives/edgar/data/1045810/000104581022000036/nvda-20220130.htm,dei:DocumentFiscalYearFocus,5964,29,0.0048625083836351,53,0.0088866532528504,75,0.0125754527162977,-0.0040241448692152,0.022468142186452,0.0434272300469483,0.0209590878604963,aa2b2a9387fdc0ffecbd7d5c77dcd29b5def5abaabe44af193170769a20f4d69,e2d1328682bab7d2187684fb9f5420bb730401c9eefc00daf835edd203f4859d,0.0020191033664622,2.687900993377552,101,0.5651388597975594,2022-03-18,0.0203363652321832,0.066186704244648,-0.0009326025266779,0.1252764006899048,0.0160169776009081,0.1486609711605235,same,0001045810-22-000036_same,,2021.0,-0.00016508446653070016,44187000000.0,17575000000.0,9752000000.0,24.51169646512193,0.3977414171588929,0.220698395455677
NVDA,1045810,NVIDIA CORP,current,2023,2023-01-29,2023-02-24,0001045810-23-000017,2023-02-24T22:23:43.000Z,https://www.sec.gov/Archives/edgar/data/1045810/000104581023000017/nvda-20230129.htm,dei:DocumentFiscalYearFocus,5474,19,0.0034709535988308,55,0.0100474972597734,52,0.0094994519546949,-0.0065765436609426,0.0235659481183777,0.0425648520277676,0.0189989039093898,98bcf6fb7facd7b987d555ac4e10734c14a85058f9f11e9c319fdf911f4e853b,e2d1328682bab7d2187684fb9f5420bb730401c9eefc00daf835edd203f4859d,0.0026407301919812,2.0333419381293925,101,0.6522860645914647,2023-02-24,0.1298924839400532,0.1356083680580191,0.1151432881264974,0.101066581259826,0.0804580917673718,0.0843572774617609,same,0001045810-23-000017_same,,2022.0,-0.0025523987917273998,41182000000.0,19081000000.0,4368000000.0,24.441267104632367,0.4633334952163566,0.1060657568840755
NVDA,1045810,NVIDIA CORP,current,2024,2024-01-28,2024-02-21,0001045810-24-000029,2024-02-21T21:36:57.000Z,https://www.sec.gov/Archives/edgar/data/1045810/000104581024000029/nvda-20240128.htm,dei:DocumentFiscalYearFocus,5690,22,0.003866432337434,51,0.0089630931458699,72,0.0126537785588752,-0.0050966608084358,0.0284710017574692,0.0460456942003514,0.0175746924428822,98e84f2191faec8847ea82eb447c74c353de63d7e24d199c797490fcabe0514c,e2d1328682bab7d2187684fb9f5420bb730401c9eefc00daf835edd203f4859d,0.0009001433644107,1.8555885464546087,101,0.4310933804139084,2024-02-21,0.0588695529637136,0.0755860311140156,0.0493767853897235,0.0676224374855019,0.0580583499928738,0.0764426095447154,same,0001045810-24-000029_same,,2023.0,0.0014798828525067996,65728000000.0,22750000000.0,29760000000.0,24.908790851252505,0.346123417721519,0.4527750730282376
NVDA,1045810,NVIDIA CORP,current,2025,2025-01-26,2025-02-26,0001045810-25-000023,2025-02-26T21:48:33.000Z,https://www.sec.gov/Archives/edgar/data/1045810/000104581025000023/nvda-20250126.htm,dei:DocumentFiscalYearFocus,5319,19,0.0035721000188005,43,0.008084226358338,76,0.0142884000752021,-0.0045121263395375,0.0295168264711411,0.047001316036849,0.0174844895657078,0e6e543fdc46ea1297cf6c7db81a045a5467c65930e23095584b0e3684e611fa,e2d1328682bab7d2187684fb9f5420bb730401c9eefc00daf835edd203f4859d,-0.0006222770967594,2.6382937863075573,101,0.4268035095066301,2025-02-26,-0.0203662658073971,-0.0556678231216619,-0.0737954279276901,-0.1505378849695655,-0.0299888877922475,-0.1141890122852611,same,0001045810-25-000023_same,,2024.0,0.0005845344688983007,111601000000.0,32274000000.0,72880000000.0,25.43819584742696,0.2891909570702771,0.6530407433625147
ORCL,1341439,ORACLE CORP,current,2016,2016-05-31,2016-06-22,0001193125-16-628942,2016-06-22T20:24:36.000Z,https://www.sec.gov/Archives/edgar/data/1341439/000119312516628942/d203801d10k.htm,cover_fiscal_year_ended,21301,87,0.0040843152903619,178,0.008356415191775,386,0.0181212149664335,-0.004272099901413,0.0433312990000469,0.0526735833998403,0.0093422843997934,47d45a5cb14f6bfb3f66d5b319aff6436d807d182f5fc3c2d8a45a4cb4c8aadf,e2d1328682bab7d2187684fb9f5420bb730401c9eefc00daf835edd203f4859d,0.0008596809622159,1.1332815082192331,101,0.7138007413685308,2016-06-22,0.0086132360434041,0.0131148082553841,0.0333705833132355,0.0344514022984683,0.037365225456773,0.0466955797223078,same,0001193125-16-628942_same,,,,112180000000.0,64390000000.0,8901000000.0,25.4433705610266,0.5739882331966483,0.0793456944196826
ORCL,1341439,ORACLE CORP,current,2017,2017-05-31,2017-06-27,0001193125-17-214833,2017-06-27T20:05:35.000Z,https://www.sec.gov/Archives/edgar/data/1341439/000119312517214833/d385998d10k.htm,cover_fiscal_year_ended,19120,67,0.0035041841004184,160,0.00836820083682,320,0.0167364016736401,-0.0048640167364016,0.0371861924686192,0.0475941422594142,0.0104079497907949,27bc18d12fd907892088cf70ef1f58e0d61e0b16ba77ed02d6b2d6a50c2dd7a0,e2d1328682bab7d2187684fb9f5420bb730401c9eefc00daf835edd203f4859d,0.0012426188165392,0.6917321407758936,101,0.1213185839433814,2017-06-27,-0.0060198228172262,-0.0026159692305106,0.0773795939285638,0.0875917103275988,0.0744052430914274,0.0906714483415391,same,0001193125-17-214833_same,,2016.0,-0.0005919168349885996,134991000000.0,80745000000.0,9335000000.0,25.62847394649585,0.5981509878436341,0.0691527583320369
ORCL,1341439,ORACLE CORP,current,2018,2018-05-31,2018-06-22,0001193125-18-201034,2018-06-22T20:09:07.000Z,https://www.sec.gov/Archives/edgar/data/1341439/000119312518201034/d568983d10k.htm,cover_fiscal_year_ended,18494,49,0.0026495079485238,138,0.0074618795284957,321,0.0173569806423704,-0.0048123715799718,0.0370931112793338,0.047637071482643,0.0105439602033091,3ab686f9b7144b278e184ed4921ea5e11aa8315d40dd467e1e396eb0ea2eb413,e2d1328682bab7d2187684fb9f5420bb730401c9eefc00daf835edd203f4859d,-0.0002294862610432,1.0926904215095647,101,0.5240496522434355,2018-06-22,0.0544071475526865,0.052030958867183,-0.0337736333155949,-0.0378751957273898,-0.0095424308627777,-0.0142102835848707,same,0001193125-18-201034_same,,2017.0,5.1645156429800006e-05,137264000000.0,91040000000.0,3825000000.0,25.64517191577702,0.6632474647394802,0.0278660100244783
ORCL,1341439,ORACLE CORP,current,2019,2019-05-31,2019-06-21,0001564590-19-023119,2019-06-21T20:29:05.000Z,https://www.sec.gov/Archives/edgar/data/1341439/000156459019023119/orcl-10k_20190531.htm,cover_fiscal_year_ended,12938,35,0.0027052094605039,101,0.0078064615860256,239,0.0184727160302983,-0.0051012521255217,0.0342402226000927,0.0455248106353377,0.011284588035245,1809ff8b43f3c4f43fae681bb3885d902571ea42d110e1604989226124b1ecfa,e2d1328682bab7d2187684fb9f5420bb730401c9eefc00daf835edd203f4859d,0.0006089546422015,0.91183868916139,101,0.5606137394177027,2019-06-21,0.0698600866962497,0.0711155705210309,0.0558525082671488,0.0593699360743391,0.0375484545023625,0.042716988906594,same,0001564590-19-023119_same,,2018.0,-0.00028888054554990043,108709000000.0,86346000000.0,11083000000.0,25.41194042433425,0.7942856617207407,0.1019510804073259
ORCL,1341439,ORACLE CORP,current,2020,2020-05-31,2020-06-22,0001564590-20-030125,2020-06-22T20:25:49.000Z,https://www.sec.gov/Archives/edgar/data/1341439/000156459020030125/orcl-10k_20200531.htm,dei:DocumentFiscalYearFocus,12567,34,0.0027054985278905,100,0.0079573486114426,239,0.0190180631813479,-0.0052518500835521,0.0320681149041139,0.0450385931407655,0.0129704782366515,823112f9902a68904153fdc659fda3a2ef85ea4d059aed137338ad14658203c7,e2d1328682bab7d2187684fb9f5420bb730401c9eefc00daf835edd203f4859d,0.0009977019753197,0.9802133271070622,101,0.6929948960499799,2020-06-22,0.0196853437239289,0.0225764885228529,0.0071879404627631,0.0144241097952785,0.0420684221432655,0.0529445146170849,same,0001564590-20-030125_same,,2019.0,-0.0001505979580303995,115438000000.0,102721000000.0,10135000000.0,25.471999426244626,0.8898369687624526,0.0877960463625495
ORCL,1341439,ORACLE CORP,current,2021,2021-05-31,2021-06-21,0001564590-21-033616,2021-06-21T20:10:31.000Z,https://www.sec.gov/Archives/edgar/data/1341439/000156459021033616/orcl-10k_20210531.htm,dei:DocumentFiscalYearFocus,12245,36,0.0029399755002041,100,0.0081665986116782,225,0.018374846876276,-0.005226623111474,0.034136382196815,0.0472846059616169,0.0131482237648019,d6f0e93bff60c0da5ae5a8737db894207f8e852cc3ba756658dade9ccff310fe,e2d1328682bab7d2187684fb9f5420bb730401c9eefc00daf835edd203f4859d,0.0016299707830425,0.4426463954317263,101,0.06275201975013,2021-06-21,0.0072402060887959,0.00878470760423,-0.0604022493565203,-0.0517259607762049,-0.0748015608465483,-0.0626424477583812,same,0001564590-21-033616_same,,2020.0,2.5226972078100027e-05,131107000000.0,125155000000.0,13746000000.0,25.59927962064609,0.9546019663328428,0.1048456604147757
ORCL,1341439,ORACLE CORP,current,2022,2022-05-31,2022-06-21,0001564590-22-023675,2022-06-21T12:04:37.000Z,https://www.sec.gov/Archives/edgar/data/1341439/000156459022023675/orcl-10k_20220531.htm,dei:DocumentFiscalYearFocus,12288,46,0.0037434895833333,116,0.0094401041666666,222,0.01806640625,-0.0056966145833333,0.0367024739583333,0.0492350260416666,0.0125325520833333,2c019a8e3afc357e9cf79c3ea098670817c9ea64b4dfc3465bef0e27a7fdb162,e2d1328682bab7d2187684fb9f5420bb730401c9eefc00daf835edd203f4859d,-0.0005195343715657,0.97288327211189,101,0.6280135497155592,2022-06-21,-0.0551204814852857,-0.0573672132123249,-0.0413156845344662,-0.0462418960508058,0.0526617302985348,0.0474378173276232,same,0001564590-22-023675_same,,2021.0,-0.00046999147185930023,109297000000.0,115065000000.0,6717000000.0,25.41733478435972,1.0527736351409462,0.0614563986202732
ORCL,1341439,ORACLE CORP,current,2023,2023-05-31,2023-06-20,0000950170-23-028914,2023-06-20T20:06:29.000Z,https://www.sec.gov/Archives/edgar/data/1341439/000095017023028914/orcl-20230531.htm,dei:DocumentFiscalYearFocus,12003,37,0.0030825626926601,107,0.0089144380571523,214,0.0178288761143047,-0.0058318753644922,0.0366575022910938,0.0486545030409064,0.0119970007498125,5568561f8485756f8cee2b25a4a3b77d6f615dde8a8a8e332049f701d1332fa4,e2d1328682bab7d2187684fb9f5420bb730401c9eefc00daf835edd203f4859d,0.0018109896811859,0.8007498004985607,101,0.4071266756571494,2023-06-20,-0.0298824331865516,-0.0217292986641945,0.0100026785595405,0.0235966466468816,0.0396096864043595,0.0558204944904291,same,0000950170-23-028914_same,,2022.0,-0.0001352607811588996,134384000000.0,132828000000.0,8503000000.0,25.62396721032968,0.9884212406238838,0.0632739016549589
ORCL,1341439,ORACLE CORP,current,2024,2024-05-31,2024-06-20,0000950170-24-075605,2024-06-20T20:21:35.000Z,https://www.sec.gov/Archives/edgar/data/1341439/000095017024075605/orcl-20240531.htm,dei:DocumentFiscalYearFocus,10019,29,0.0028945004491466,93,0.0092823635093322,179,0.0178660544964567,-0.0063878630601856,0.0348338157500748,0.0470106797085537,0.0121768639584788,470a87f84dd07d071b089deb44c1bcff0fc223e0946e73894a028836abf52e05,e2d1328682bab7d2187684fb9f5420bb730401c9eefc00daf835edd203f4859d,0.0002213450554881,1.4357221594333378,101,0.3493833065105149,2024-06-20,0.0033235229141839,0.0033048970218244,-0.015049325863638,-0.0106362532841743,0.1017007141301643,0.1128065071964128,same,0000950170-24-075605_same,,2023.0,-0.0005559876956934004,140976000000.0,131737000000.0,10467000000.0,25.671855500070784,0.9344640222449212,0.0742466802860061
ORCL,1341439,ORACLE CORP,current,2025,2025-05-31,2025-06-18,0000950170-25-087926,2025-06-18T20:31:22.000Z,https://www.sec.gov/Archives/edgar/data/1341439/000095017025087926/orcl-20250531.htm,dei:DocumentFiscalYearFocus,10172,30,0.0029492725127801,93,0.0091427447896185,150,0.0147463625639009,-0.0061934722768383,0.0384388517499016,0.0485646873771136,0.0101258356272119,90a8a30ebcb461be570ce88b943c3fa1d6339c09508d24ae62ba9e66b9564aec,e2d1328682bab7d2187684fb9f5420bb730401c9eefc00daf835edd203f4859d,-0.0002017626269115,1.508263220118947,101,0.5955432611660809,2025-06-18,-0.0109868075594549,-0.0171017111795381,0.0680039393819519,0.0706497884420127,0.1708460608062493,0.1773076994581118,same,0000950170-25-087926_same,,2024.0,0.00019439078334730023,168361000000.0,147392000000.0,12443000000.0,25.849376320484264,0.8754521534084497,0.0739066648451838
PEP,77476,PEPSICO INC,current,2016,2016-12-31,2017-02-15,0000077476-17-000010,2017-02-15T21:35:15.000Z,https://www.sec.gov/Archives/edgar/data/77476/000007747617000010/pepsico201610-k.htm,cover_fiscal_year_ended,33428,198,0.0059231781739858,517,0.0154660763431853,410,0.0122651669259303,-0.0095428981691994,0.0496589685293765,0.0693430656934306,0.019684097164054,2fa4d63ddbf508a03b749afdc26c3f84240e08cbabd26968a9249ca44af01455,e2d1328682bab7d2187684fb9f5420bb730401c9eefc00daf835edd203f4859d,-0.000569431048074,0.6707536064137338,101,0.2269260625164482,2017-02-15,0.0112529806630687,0.0068660949036014,0.0190883469662534,0.0069784896438067,0.0225399201682817,0.0062484202139181,same,0000077476-17-000010_same,,,,74129000000.0,62930000000.0,6329000000.0,25.029072655708863,0.8489255217256404,0.0853781920705796
PEP,77476,PEPSICO INC,current,2017,2017-12-30,2018-02-13,0000077476-18-000012,2018-02-13T21:32:31.000Z,https://www.sec.gov/Archives/edgar/data/77476/000007747618000012/pepsico201710-k.htm,cover_fiscal_year_ended,34000,182,0.0053529411764705,490,0.0144117647058823,436,0.0128235294117647,-0.0090588235294117,0.0474705882352941,0.0668529411764705,0.0193823529411764,1c61d88d4c86ad0603fa1fe3cb100c882152838266fcdb802d777f2585ae0f2c,e2d1328682bab7d2187684fb9f5420bb730401c9eefc00daf835edd203f4859d,3.025344711507365e-06,0.0933922146797859,101,0.0024839324403904,2018-02-13,-0.0212024929461682,-0.0483281632285116,-0.0225719576521401,-0.0404764336678412,-0.0588236047950197,-0.077714553137272,same,0000077476-18-000012_same,,2016.0,0.0004840746397876995,79804000000.0,68823000000.0,4857000000.0,25.102839465459223,0.8624003809332865,0.0608616109468197
PEP,77476,PEPSICO INC,current,2018,2018-12-29,2019-02-15,0000077476-19-000017,2019-02-15T21:23:02.000Z,https://www.sec.gov/Archives/edgar/data/77476/000007747619000017/pepsico201810-k.htm,cover_fiscal_year_ended,33223,178,0.0053577340998705,447,0.0134545345092255,436,0.0131234385817054,-0.0080968004093549,0.0451193450320561,0.0650753995725852,0.0199560545405291,fb0463342c2c34fbae44c126c63c5486db31818281a12a0bc5161188328b4f8e,e2d1328682bab7d2187684fb9f5420bb730401c9eefc00daf835edd203f4859d,0.0002600866448682,0.3977467109078359,101,0.1648835402355152,2019-02-15,0.0116043123413337,0.0065271444894026,0.0165571514660971,0.0039894765685304,0.0105538675785148,-0.0064107655302685,same,0000077476-19-000017_same,,2017.0,0.0009620231200568007,77648000000.0,63046000000.0,12515000000.0,25.075451629609272,0.8119462188337111,0.1611760766536163
PEP,77476,PEPSICO INC,current,2019,2019-12-28,2020-02-13,0000077476-20-000015,2020-02-13T11:09:23.000Z,https://www.sec.gov/Archives/edgar/data/77476/000007747620000015/pepsico201910-k.htm,dei:DocumentFiscalYearFocus,33305,177,0.0053145173397387,425,0.0127608467197117,444,0.0133313316318871,-0.0074463293799729,0.0458789971475754,0.0664765050292748,0.0205975078816994,7734a5a10ebf89d4810b3b1c4dbe598ed1c380843297f9fa7c1a2f40a070f1d7,e2d1328682bab7d2187684fb9f5420bb730401c9eefc00daf835edd203f4859d,8.004683067344775e-07,0.5663192775592087,101,0.1893795651115234,2020-02-13,0.0024369948362707,-0.0004557409243615,-0.0087417630239606,-0.0163153581893309,0.0101724921409404,0.0097182806426642,same,0000077476-20-000015_same,,2018.0,0.000650471029382,78547000000.0,63679000000.0,7314000000.0,25.086963008684453,0.8107120577488638,0.0931162234076412
PEP,77476,PEPSICO INC,current,2020,2020-12-26,2021-02-11,0000077476-21-000007,2021-02-10T22:41:49.000Z,https://www.sec.gov/Archives/edgar/data/77476/000007747621000007/pep-20201226.htm,dei:DocumentFiscalYearFocus,33765,165,0.0048867170146601,422,0.0124981489708277,520,0.0154005627128683,-0.0076114319561676,0.0444839330667851,0.0654523915296905,0.0209684584629053,384691b849d5aaba0022554359f77dbe6eecf7b7cafcbc05c7dda8a4e2009404,e2d1328682bab7d2187684fb9f5420bb730401c9eefc00daf835edd203f4859d,-0.0002743432309588,0.7223583435373268,101,0.5293125634986688,2021-02-11,-0.0451178122787677,-0.0476145500978871,-0.0531836828709278,-0.0582759893442833,-0.0513806628194859,-0.0599247670972035,same,0000077476-21-000007_same,,2019.0,-0.0001651025761946999,92918000000.0,79366000000.0,7120000000.0,25.254983220725457,0.8541509718246195,0.0766267031145741
PEP,77476,PEPSICO INC,current,2021,2021-12-25,2022-02-10,0000077476-22-000010,2022-02-09T23:03:39.000Z,https://www.sec.gov/Archives/edgar/data/77476/000007747622000010/pep-20211225.htm,dei:DocumentFiscalYearFocus,32389,177,0.0054648183025101,428,0.0132143629009849,522,0.0161165827904535,-0.0077495445984747,0.0417734416005433,0.0631078452561054,0.021334403655562,081100a838646f0ed4a3ddce6758a4786386f942b4719a65ed05982b229ccacd,e2d1328682bab7d2187684fb9f5420bb730401c9eefc00daf835edd203f4859d,0.000768130402384,0.4046734904275906,101,0.1582338897722589,2022-02-10,-0.0131524143406443,0.0025872889401197,-0.0412641076365608,-0.0323495544758134,-0.0405794406682566,-0.0050614411010954,same,0000077476-22-000010_same,,2020.0,-0.0001381126423071,92377000000.0,76226000000.0,7618000000.0,25.249143866859967,0.8251621074509888,0.0824664148002208
PEP,77476,PEPSICO INC,current,2022,2022-12-31,2023-02-09,0000077476-23-000007,2023-02-08T23:06:37.000Z,https://www.sec.gov/Archives/edgar/data/77476/000007747623000007/pep-20221231.htm,dei:DocumentFiscalYearFocus,34283,194,0.0056587813201878,617,0.0179972581162675,573,0.0167138231776682,-0.0123384767960796,0.0401073418312283,0.0637633812676836,0.0236560394364553,e0421701c285748ce6805986ebbe185cc0bff7dd6119718653f39902d070987d,e2d1328682bab7d2187684fb9f5420bb730401c9eefc00daf835edd203f4859d,0.0004098948348756,0.537388484308745,101,0.4708405902687251,2023-02-09,0.0352174194137489,0.0446423866788849,0.0360701168664011,0.0388538052072746,0.0222713306116645,0.0297805886923819,same,0000077476-23-000007_same,,2021.0,-0.004588932197604901,92187000000.0,74914000000.0,8910000000.0,25.247084959737027,0.8126308481673121,0.0966513716684565
PEP,77476,PEPSICO INC,current,2023,2023-12-30,2024-02-09,0000077476-24-000008,2024-02-08T22:58:51.000Z,https://www.sec.gov/Archives/edgar/data/77476/000007747624000008/pep-20231230.htm,dei:DocumentFiscalYearFocus,34271,207,0.0060400922062385,675,0.0196959528464299,571,0.0166613171486096,-0.0136558606401914,0.0398295935338916,0.0639607831694435,0.0241311896355519,835fc799632f539d4eab55656524dac6821b8ced4e57730ff75dcd1f506adc99,e2d1328682bab7d2187684fb9f5420bb730401c9eefc00daf835edd203f4859d,-0.0010095031275903,0.5458711208604222,101,0.1581503378683383,2024-02-09,-0.0040331522196178,-0.0094975958244842,-0.0184958092169669,-0.030930746444243,-0.0307952582125446,-0.0511355192575812,same,0000077476-24-000008_same,,2022.0,-0.0013173838441117997,100495000000.0,81858000000.0,9074000000.0,25.33337381196413,0.8145479874620628,0.090293049405443
PEP,77476,PEPSICO INC,current,2024,2024-12-28,2025-02-04,0000077476-25-000007,2025-02-03T23:22:47.000Z,https://www.sec.gov/Archives/edgar/data/77476/000007747625000007/pep-20241228.htm,dei:DocumentFiscalYearFocus,33874,188,0.0055499793351833,633,0.0186868985062289,566,0.0167089803389029,-0.0131369191710456,0.0414477180138159,0.0641199740213733,0.0226722560075574,3642e303575e23008fc5bd6fba1ac9ad1c1cb650100241a86c108bc8d8b7457d,e2d1328682bab7d2187684fb9f5420bb730401c9eefc00daf835edd203f4859d,-0.0012450604938198,0.0428251045132608,101,0.0014120373189406,2025-02-04,-0.0291987356665283,-0.0363079175674897,-0.0291956190701978,-0.0359326331714714,-0.0447674677822927,-0.0675794314585965,same,0000077476-25-000007_same,,2023.0,0.0005189414691458005,99467000000.0,81296000000.0,9578000000.0,25.323091767808727,0.8173162958569173,0.0962932429851106
PEP,77476,PEPSICO INC,current,2025,2025-12-27,2026-02-03,0000077476-26-000007,2026-02-02T23:07:04.000Z,https://www.sec.gov/Archives/edgar/data/77476/000007747626000007/pep-20251227.htm,dei:DocumentFiscalYearFocus,31937,168,0.0052603563265178,518,0.0162194320067633,542,0.0169709114819801,-0.0109590756802454,0.0429282650217615,0.064376741710242,0.0214484766884804,fcc60b71621ec6ac2977dc367fb775b63375b48cf709b50e6e994f8f98c9e22b,e2d1328682bab7d2187684fb9f5420bb730401c9eefc00daf835edd203f4859d,0.0002304008738074,-0.3830027376717991,101,0.0510583663152839,2026-02-03,0.0761709906937226,0.0880439209168123,0.1362532219206064,0.1464888544988759,0.134886917185408,0.138593161193375,same,0000077476-26-000007_same,,2024.0,0.0021778434908001996,107399000000.0,86852000000.0,8240000000.0,25.399816707990865,0.8086853695099582,0.0767232469576066
PFE,78003,PFIZER INC,current,2016,2016-12-31,2017-02-23,0000078003-17-000014,2017-02-23T21:30:32.000Z,https://www.sec.gov/Archives/edgar/data/78003/000007800317000014/pfe-12312016x10kshell.htm,cover_fiscal_year_ended,43857,443,0.0101010101010101,568,0.0129511822514079,539,0.0122899423125156,-0.0028501721503978,0.0355473470597624,0.0517591262512255,0.0162117791914631,7f45fa471795444e8b98915fe0900abbb0fa6424b66ffd9ae14e88b3ed4e5216,e2d1328682bab7d2187684fb9f5420bb730401c9eefc00daf835edd203f4859d,-0.0014861040890918,1.0522583366081126,101,0.2555116412689848,2017-02-23,0.0225569745045087,0.0181420445354882,0.0179293422521831,0.0078922328169545,0.0492033962573855,0.0338459481462705,same,0000078003-17-000014_same,https://www.sec.gov/Archives/edgar/data/78003/000007800317000014/pfe-12312016x10kexhibit13.htm,,,171615000000.0,111776000000.0,7215000000.0,25.868519432767428,0.6513183579523935,0.0420417795647233
PFE,78003,PFIZER INC,current,2017,2017-12-31,2018-02-22,0000078003-18-000027,2018-02-22T20:42:15.000Z,https://www.sec.gov/Archives/edgar/data/78003/000007800318000027/pfe-12312017x10kshell.htm,cover_fiscal_year_ended,48656,491,0.0100912528773429,722,0.0148388687931601,698,0.0143456099967116,-0.0047476159158171,0.0320618217691548,0.0498807957908582,0.0178189740217033,fbc1cf0df0d7db93366ade31c52a2b4773472201cfd110471c205ac4ea80363f,e2d1328682bab7d2187684fb9f5420bb730401c9eefc00daf835edd203f4859d,-4.761306322152972e-05,0.7650651005685044,101,0.1500323419653493,2018-02-22,-0.0016117751571732,-0.0044576400480063,0.0270671498527065,0.0255385963059762,0.016342649881968,0.0143766375609596,same,0000078003-18-000027_same,https://www.sec.gov/Archives/edgar/data/78003/000007800318000027/pfe-exhibit13x12312017x10k.htm,2016.0,-0.0018974437654193004,171797000000.0,100141000000.0,21308000000.0,25.86957938417879,0.5829030774693388,0.1240301052986955
PFE,78003,PFIZER INC,current,2018,2018-12-31,2019-02-28,0000078003-19-000015,2019-02-28T19:35:32.000Z,https://www.sec.gov/Archives/edgar/data/78003/000007800319000015/pfe-12312018x10kshell.htm,cover_fiscal_year_ended,46033,481,0.010449025698955,689,0.0149675232985032,655,0.0142289227293463,-0.0045184975995481,0.0335194317120326,0.0517672104794386,0.0182477787674059,7d65893533ce51344b7f8a1c6328e9b91898ae9c4e61aafc8a9f538027d15022,e2d1328682bab7d2187684fb9f5420bb730401c9eefc00daf835edd203f4859d,0.0007647176837041,0.7756073384176866,101,0.4657795317089093,2019-02-28,0.0028930051861883,0.0043960029181956,-0.0060871538584392,-0.0004996570301359,-0.0172262729750133,-0.0059398919530098,same,0000078003-19-000015_same,https://www.sec.gov/Archives/edgar/data/78003/000007800319000015/pfe-exhibit13x12312018x10k.htm,2017.0,0.00022911831626900008,159422000000.0,95664000000.0,11153000000.0,25.79482061134485,0.6000677447278293,0.0699589768037033
PFE,78003,PFIZER INC,current,2019,2019-12-31,2020-02-27,0000078003-20-000014,2020-02-27T19:15:12.000Z,https://www.sec.gov/Archives/edgar/data/78003/000007800320000014/pfe-12312019x10kshell.htm,dei:DocumentFiscalYearFocus,39279,377,0.0095980040225056,563,0.0143333587922299,512,0.0130349550650474,-0.0047353547697242,0.0326637643524529,0.0504595330838361,0.0177957687313831,d44f1a041c5c4eb1e88909678794e889b89a0b4253236de55b552d1841bef2c7,e2d1328682bab7d2187684fb9f5420bb730401c9eefc00daf835edd203f4859d,4.103568461204547e-05,0.5363628833289305,101,0.0857068976662995,2020-02-27,0.0154944334332792,0.0416647310228974,0.0162479226280263,0.0638458225548384,0.0406157589417487,0.0911842476399426,same,0000078003-20-000014_same,https://www.sec.gov/Archives/edgar/data/78003/000007800320000014/pfe-exhibit13x12312019.htm,2018.0,-0.00021685717017609976,167489000000.0,104042000000.0,16273000000.0,25.844183514413263,0.621187063031005,0.0971586193720184
PFE,78003,PFIZER INC,current,2020,2020-12-31,2021-02-25,0000078003-21-000038,2021-02-25T18:59:00.000Z,https://www.sec.gov/Archives/edgar/data/78003/000007800321000038/pfe-20201231.htm,dei:DocumentFiscalYearFocus,15659,140,0.0089405453732677,211,0.0134746790982821,206,0.0131553739063797,-0.0045341337250143,0.0406794814483683,0.0601570981544159,0.0194776167060476,8b56bb61186aff8c98441f1b5e2f8b636b3b42946c07e15a7a2af45bdd421c75,e2d1328682bab7d2187684fb9f5420bb730401c9eefc00daf835edd203f4859d,0.0001800633249383,0.6239833382048223,101,0.1655674799913941,2021-02-25,-0.0017867060070482,0.0054756872187988,-0.0230820113684548,-0.0185712735069047,0.0044416198829509,0.0219887239833287,same,0000078003-21-000038_same,,2019.0,0.00020122104470989954,154229000000.0,90756000000.0,9616000000.0,25.76170434783805,0.5884496430632371,0.0623488448994676
PFE,78003,PFIZER INC,current,2021,2021-12-31,2022-02-24,0000078003-22-000027,2022-02-24T19:25:01.000Z,https://www.sec.gov/Archives/edgar/data/78003/000007800322000027/pfe-20211231.htm,dei:DocumentFiscalYearFocus,15309,139,0.0090796263635769,234,0.0152851263962375,230,0.015023842184336,-0.0062055000326605,0.0388007054673721,0.0591808739956888,0.0203801685283166,aac6c46ba4ba646091e64ed551071767c58f949f17c67534afd777e25e774e98,e2d1328682bab7d2187684fb9f5420bb730401c9eefc00daf835edd203f4859d,0.0016144089984754,-0.3019862760711563,101,0.0153328316310661,2022-02-24,0.0058622709299923,-0.0139247114158139,-0.0811019883685478,-0.04856858980457,-0.0622059709555413,-0.0142261467464381,same,0000078003-22-000027_same,,2020.0,-0.0016713663076461998,181476000000.0,104013000000.0,21979000000.0,25.92438925050301,0.5731501686173378,0.1211124336000352
PFE,78003,PFIZER INC,current,2022,2022-12-31,2023-02-23,0000078003-23-000024,2023-02-23T19:12:53.000Z,https://www.sec.gov/Archives/edgar/data/78003/000007800323000024/pfe-20221231.htm,dei:DocumentFiscalYearFocus,14051,120,0.0085403174151305,223,0.0158707565297843,226,0.0160842644651626,-0.0073304391146537,0.0398548146039427,0.0589281901644011,0.0190733755604583,96f1c89b22cc8aa4c78b9f6fe64a8b2ead4dee6e8cda9331eac78360763e0020,e2d1328682bab7d2187684fb9f5420bb730401c9eefc00daf835edd203f4859d,-5.8124120846581766e-05,0.5838555184739155,101,0.2793047817767474,2023-02-23,-0.0182500286784622,-0.0156022430761898,-0.0388550032352835,-0.0269634229013466,-0.0502112831175986,-0.0351570276868591,same,0000078003-23-000024_same,,2021.0,-0.0011249390819931997,197205000000.0,101288000000.0,31372000000.0,26.00750963376309,0.5136178088790853,0.1590831875459547
PFE,78003,PFIZER INC,current,2023,2023-12-31,2024-02-22,0000078003-24-000039,2024-02-22T18:17:37.000Z,https://www.sec.gov/Archives/edgar/data/78003/000007800324000039/pfe-20231231.htm,dei:DocumentFiscalYearFocus,13713,133,0.0096988259315977,231,0.0168453292496171,219,0.015970247210676,-0.0071465033180193,0.0379931451906949,0.058557573105812,0.020564427915117,509a8ce2a74a9f2b11fa0306d240ccaf9b2be78def50792d1ea9adcfe22b8791,e2d1328682bab7d2187684fb9f5420bb730401c9eefc00daf835edd203f4859d,-0.0024733549886625,0.4157780340479706,101,0.0328611363552527,2024-02-22,0.0041526502427928,-0.0165497196311263,-0.0092456195127807,-0.0323112593816307,0.0005324959925486,-0.0435103958590292,same,0000078003-24-000039_same,,2022.0,0.0001839357966343996,226501000000.0,137213000000.0,2119000000.0,26.146015196870792,0.6057942349040402,0.009355367084472
PFE,78003,PFIZER INC,current,2024,2024-12-31,2025-02-27,0000078003-25-000054,2025-02-27T21:27:18.000Z,https://www.sec.gov/Archives/edgar/data/78003/000007800325000054/pfe-20241231.htm,dei:DocumentFiscalYearFocus,14390,137,0.0095205003474635,238,0.0165392633773453,223,0.015496872828353,-0.0070187630298818,0.0403752605976372,0.0603891591382904,0.0200138985406532,76718ff82eab4a67ee124bdb16394607272dccb16c67ce06da4b0145980cb508,e2d1328682bab7d2187684fb9f5420bb730401c9eefc00daf835edd203f4859d,-0.000314512439062,0.1384606100789008,101,0.0059281669863467,2025-02-27,-0.0105093377096704,-0.0115610975209136,-0.012957736644122,0.0187463765242029,0.0269593282411296,0.0815784991539988,same,0000078003-25-000054_same,,2023.0,0.0001277402881375003,213396000000.0,124899000000.0,8031000000.0,26.086415431495936,0.5852921329359501,0.0376342574368779
PFE,78003,PFIZER INC,current,2025,2025-12-31,2026-02-26,0000078003-26-000026,2026-02-26T17:44:01.000Z,https://www.sec.gov/Archives/edgar/data/78003/000007800326000026/pfe-20251231.htm,dei:DocumentFiscalYearFocus,14487,143,0.0098709187547456,214,0.0147718644301787,235,0.0162214399116449,-0.0049009456754331,0.0400358942500172,0.0602609235866639,0.0202250293366466,456c5bed1691a4653c0cbd20d6553b524bdf55f3d0b37d816fb488d7f4e3e6cd,e2d1328682bab7d2187684fb9f5420bb730401c9eefc00daf835edd203f4859d,0.0003935284615359,0.6156061092675266,101,0.070529394997109,2026-02-26,0.0186070629636145,0.02039060004209,0.0035757457019073,0.0114614469230753,-0.0271543737285097,-0.0200881576917432,same,0000078003-26-000026_same,,2024.0,0.0021178173544486997,208160000000.0,121385000000.0,7771000000.0,26.061572851710608,0.5831331667947732,0.0373318601076095
PG,80424,PROCTER & GAMBLE Co,current,2016,2016-06-30,2016-08-09,0000080424-16-000212,2016-08-09T20:03:15.000Z,https://www.sec.gov/Archives/edgar/data/80424/000008042416000212/fy151610-kreport.htm,cover_fiscal_year_ended,14925,135,0.0090452261306532,266,0.017822445561139,228,0.0152763819095477,-0.0087772194304857,0.0478391959798994,0.0670686767169179,0.0192294807370184,efd3ba724aa2f334c836ae96e7366d3001efaf710ac9a279a4f2cdae5df46032,e2d1328682bab7d2187684fb9f5420bb730401c9eefc00daf835edd203f4859d,-0.0001059151510124,0.5366648367705417,101,0.3164219573396954,2016-08-09,0.008303291314282,0.0095525720847201,0.0081152528384777,0.0030312137097243,0.0013712178243627,-0.0013963900324277,same,0000080424-16-000212_same,,,,127136000000.0,69153000000.0,10508000000.0,25.5685232165786,0.5439293355147244,0.0826516486282406
PG,80424,PROCTER & GAMBLE Co,current,2017,2017-06-30,2017-08-07,0000080424-17-000047,2017-08-07T20:05:16.000Z,https://www.sec.gov/Archives/edgar/data/80424/000008042417000047/fy161710-kreport.htm,cover_fiscal_year_ended,16144,149,0.0092294350842418,274,0.0169722497522299,231,0.014308721506442,-0.0077428146679881,0.0504212091179385,0.0704905847373637,0.0200693756194251,60012f8caac6724cc1cf8278d109f36689faecdfdc945898cbb8d4304b0eb8b5,e2d1328682bab7d2187684fb9f5420bb730401c9eefc00daf835edd203f4859d,-0.0002281666838074,0.4377421400713595,101,0.1030094781789346,2017-08-07,0.0081259683131136,0.0068106877371953,0.0153922029260482,0.0224578471897277,0.0194756297328973,0.0182965995302955,same,0000080424-17-000047_same,,2016.0,0.0010344047624975998,120406000000.0,64628000000.0,15326000000.0,25.51413520246651,0.5367506602660997,0.1272860156470607
PG,80424,PROCTER & GAMBLE Co,current,2018,2018-06-30,2018-08-07,0000080424-18-000055,2018-08-07T20:19:22.000Z,https://www.sec.gov/Archives/edgar/data/80424/000008042418000055/fy171810-kreport.htm,dei:DocumentFiscalYearFocus,16837,166,0.009859238581695,249,0.0147888578725426,260,0.0154421809110886,-0.0049296192908475,0.0549385282413731,0.073944289362713,0.0190057611213399,7991f4e17594342cc866cf8895b0d429e36714dae21e90ffd16d1862b9f7e25c,e2d1328682bab7d2187684fb9f5420bb730401c9eefc00daf835edd203f4859d,-0.0003095591305674,0.4845153516366036,101,0.175970697924317,2018-08-07,-0.0017744475039361,-0.005847596582398,0.0085683412105836,0.0027337049609305,0.0109534175869072,0.0006702920697506,same,0000080424-18-000055_same,,2017.0,0.0028131953771406,118310000000.0,65427000000.0,9750000000.0,25.496574135211983,0.5530132702222974,0.0824106161778378
PG,80424,PROCTER & GAMBLE Co,current,2019,2019-06-30,2019-08-06,0000080424-19-000050,2019-08-06T20:26:04.000Z,https://www.sec.gov/Archives/edgar/data/80424/000008042419000050/fy181910-kreport.htm,dei:DocumentFiscalYearFocus,15137,126,0.008323974367444,208,0.0137411640351456,268,0.0177049613529761,-0.0054171896677016,0.0540397700997555,0.0695646429279249,0.0155248728281693,975a21235130319170d6e50c1a041174693ab3d05fbe5924965bf2e94ab89ecc,e2d1328682bab7d2187684fb9f5420bb730401c9eefc00daf835edd203f4859d,0.0009753783858057,0.4919099427285308,101,0.1377945576401792,2019-08-06,-0.0024520659582158,0.0086004242813212,-0.0069007071222562,0.0101546741874344,0.016863367056514,0.0432313269634214,same,0000080424-19-000050_same,,2018.0,-0.0004875703768540997,115095000000.0,67516000000.0,3897000000.0,25.469023711244148,0.5866110604283418,0.033858986054998
PG,80424,PROCTER & GAMBLE Co,current,2020,2020-06-30,2020-08-06,0000080424-20-000053,2020-08-06T20:17:03.000Z,https://www.sec.gov/Archives/edgar/data/80424/000008042420000053/pg-20200630.htm,dei:DocumentFiscalYearFocus,17010,155,0.0091122868900646,262,0.0154027042915931,324,0.019047619047619,-0.0062904174015285,0.0590828924162257,0.0741328630217519,0.0150499706055261,935ad343d97706438a819c2a36c800fdf73d348d95d333196b883bebdd8546f9,e2d1328682bab7d2187684fb9f5420bb730401c9eefc00daf835edd203f4859d,0.0004450718043608,0.7458820505873613,101,0.6144531285970762,2020-08-06,-0.0131542670587928,-0.015247221751529,-0.0011176558456962,-0.0028447539823638,0.0263210670270594,0.0223414987336184,same,0000080424-20-000053_same,,2019.0,-0.0008732277338269001,120700000000.0,73822000000.0,13027000000.0,25.516573965049897,0.6116155758077879,0.1079287489643744
PG,80424,PROCTER & GAMBLE Co,current,2021,2021-06-30,2021-08-06,0000080424-21-000100,2021-08-06T20:19:59.000Z,https://www.sec.gov/Archives/edgar/data/80424/000008042421000100/pg-20210630.htm,dei:DocumentFiscalYearFocus,16606,172,0.0103577020354088,248,0.0149343610743104,322,0.0193905817174515,-0.0045766590389016,0.0577502107671925,0.0754546549439961,0.0177044441768035,259f1bf24fe678198fe5fa2501f479fdcbffc6b6f6137370d8fcf481d6e03bc5,e2d1328682bab7d2187684fb9f5420bb730401c9eefc00daf835edd203f4859d,0.0004004938327763,0.3853844484724443,101,0.107638147456332,2021-08-06,-0.0055121470467853,-0.008453668996708,-0.0022407005752534,-0.0071692712091743,0.0211294785491802,0.0187218359700623,same,0000080424-21-000100_same,,2020.0,0.0017137583626269,119307000000.0,72653000000.0,14306000000.0,25.50496583993665,0.6089584014349535,0.1199091419614943
PG,80424,PROCTER & GAMBLE Co,current,2022,2022-06-30,2022-08-05,0000080424-22-000064,2022-08-05T20:21:50.000Z,https://www.sec.gov/Archives/edgar/data/80424/000008042422000064/pg-20220630.htm,dei:DocumentFiscalYearFocus,15747,174,0.011049723756906,248,0.0157490315615672,322,0.0204483393662284,-0.0046993078046612,0.0545500730297834,0.0735378167269956,0.0189877436972121,0e1fc31e0f0cd58127df75c1a1897b2e5479fb48adbaad4dc2e8e3bf5b9a3960,e2d1328682bab7d2187684fb9f5420bb730401c9eefc00daf835edd203f4859d,6.14136016251598e-05,0.525431421325723,101,0.3010467345647232,2022-08-05,0.0044254534525096,0.0063374261590982,0.0116147204231377,0.0014250097465895,-0.033821446660269,-0.0570541685720423,same,0000080424-22-000064_same,,2021.0,-0.0001226487657596002,117208000000.0,70354000000.0,14742000000.0,25.487215971145424,0.6002491297522353,0.1257763975155279
PG,80424,PROCTER & GAMBLE Co,current,2023,2023-06-30,2023-08-04,0000080424-23-000073,2023-08-04T20:16:13.000Z,https://www.sec.gov/Archives/edgar/data/80424/000008042423000073/pg-20230630.htm,dei:DocumentFiscalYearFocus,13738,138,0.0100451302955306,202,0.014703741447081,261,0.0189983986024166,-0.0046586111515504,0.0544475178337458,0.0706070752656864,0.0161595574319406,923917f55ab24d623663d90b4ee7a858938d55fb5ad24e88f7a3beb81a87466f,e2d1328682bab7d2187684fb9f5420bb730401c9eefc00daf835edd203f4859d,0.0006197561966295,0.3859926011100785,101,0.1239155135463885,2023-08-04,-8.861501386215383e-05,0.0010485533772949,0.0098145061132279,0.0304765531304249,0.0316953568407863,0.0483724182838875,same,0000080424-23-000073_same,,2022.0,4.069665311080047e-05,120829000000.0,73764000000.0,14653000000.0,25.517642159861005,0.6104825828236599,0.1212705559095912
PG,80424,PROCTER & GAMBLE Co,current,2024,2024-06-30,2024-08-05,0000080424-24-000083,2024-08-05T20:16:53.000Z,https://www.sec.gov/Archives/edgar/data/80424/000008042424000083/pg-20240630.htm,dei:DocumentFiscalYearFocus,12950,138,0.0106563706563706,247,0.019073359073359,239,0.0184555984555984,-0.0084169884169884,0.0607722007722007,0.0773745173745173,0.0166023166023166,5849c9fe5c5758da1d7d07a7fc52dd1a28079c59fec812797a6801f6aa3ecde8,e2d1328682bab7d2187684fb9f5420bb730401c9eefc00daf835edd203f4859d,0.0005177669097612,0.1217833498304924,101,0.0131600193750641,2024-08-05,0.0178708477787568,0.0527933718973513,0.0550149500782122,0.0767206699316469,-0.0145109814808285,0.0087671114961669,same,0000080424-24-000083_same,,2023.0,-0.003758377265438001,122370000000.0,71811000000.0,14879000000.0,25.53031507894399,0.5868350085805344,0.1215902590504208
PG,80424,PROCTER & GAMBLE Co,current,2025,2025-06-30,2025-08-04,0000080424-25-000076,2025-08-04T20:20:16.000Z,https://www.sec.gov/Archives/edgar/data/80424/000008042425000076/pg-20250630.htm,dei:DocumentFiscalYearFocus,12965,132,0.0101812572310065,266,0.0205167759352101,235,0.0181257231006556,-0.0103355187042036,0.0553798688777477,0.0726571538758195,0.0172772849980717,8e99875d3945c6dbef02634f238a461b54ca25274e30c8fe4c71b6049f25a79b,e2d1328682bab7d2187684fb9f5420bb730401c9eefc00daf835edd203f4859d,-0.0004072439930131,0.2393901725379733,101,0.0844456074402948,2025-08-04,0.0029531982598081,0.00638099718654,-0.0156325725759198,-0.0150052220081442,-0.0155988386506441,-0.0185118790212481,same,0000080424-25-000076_same,,2024.0,-0.0019185302872151994,125231000000.0,72946000000.0,15974000000.0,25.553425868797504,0.5824915556052415,0.1275562760019484
QCOM,804328,QUALCOMM INC/DE,current,2016,2016-09-25,2016-11-02,0001234452-16-000552,2016-11-02T20:11:53.000Z,https://www.sec.gov/Archives/edgar/data/804328/000123445216000552/qcom10-k2016.htm,cover_fiscal_year_ended,8997,38,0.0042236300989218,130,0.0144492608647326,144,0.0160053351117039,-0.0102256307658108,0.035567411359342,0.0543514504834945,0.0187840391241524,84f300334b920da2091e4143867ac73c91e716221cdc17b18d2120fa19ae92e7,e2d1328682bab7d2187684fb9f5420bb730401c9eefc00daf835edd203f4859d,0.0022916425949887,1.251947049487642,101,0.3532362135947859,2016-11-02,-0.0105779829613663,-0.0081715337799397,-0.0382309011224051,-0.0222924359800402,-0.0336078981076596,-0.0059526906228019,same,0001234452-16-000552_same,,,,52359000000.0,20591000000.0,5705000000.0,24.68138967925722,0.393265723180351,0.1089593002158177
QCOM,804328,QUALCOMM INC/DE,current,2017,2017-09-24,2017-11-01,0001234452-17-000190,2017-11-01T20:10:14.000Z,https://www.sec.gov/Archives/edgar/data/804328/000123445217000190/qcom10-k2017.htm,cover_fiscal_year_ended,9789,36,0.0036775973030953,155,0.0158340994994381,165,0.0168556543058535,-0.0121565021963428,0.0348350188987639,0.0547553376238635,0.0199203187250996,d5bce072f6e7fc94ccc820b7968ab1ed8053869cd3dd597db71c81d3b907298f,e2d1328682bab7d2187684fb9f5420bb730401c9eefc00daf835edd203f4859d,-0.0010906208736905,1.4612766668659711,101,0.3542461715175679,2017-11-01,0.0063547864435014,0.0043406106331229,0.1517475268168655,0.149637159382767,0.1978896801363258,0.1904308265956789,same,0001234452-17-000190_same,,2016.0,-0.0019308714305319996,65486000000.0,34740000000.0,2466000000.0,24.90510221628385,0.5304950676480469,0.0376569037656903
QCOM,804328,QUALCOMM INC/DE,current,2018,2018-09-30,2018-11-07,0001728949-18-000095,2018-11-07T21:15:48.000Z,https://www.sec.gov/Archives/edgar/data/804328/000172894918000095/qcom10-k2018.htm,cover_fiscal_year_ended,10860,35,0.0032228360957642,199,0.0183241252302025,188,0.0173112338858195,-0.0151012891344383,0.0242173112338858,0.0458563535911602,0.0216390423572744,eb913faa845bc836b23beca45a6c35cc08ff5ea70b15a4a392648ce350822eca,e2d1328682bab7d2187684fb9f5420bb730401c9eefc00daf835edd203f4859d,0.0015407106007544,1.318293901024234,101,0.2740236823462467,2018-11-07,-0.123238183009473,-0.1106716787877573,-0.1563383136481579,-0.147035836829968,-0.1804645470403291,-0.1610651644477392,same,0001728949-18-000095_same,,2017.0,-0.0029447869380955,32686000000.0,31758000000.0,-4864000000.0,24.21021268861728,0.9716086397846172,-0.1488098880254543
QCOM,804328,QUALCOMM INC/DE,current,2019,2019-09-29,2019-11-06,0001728949-19-000072,2019-11-06T21:08:43.000Z,https://www.sec.gov/Archives/edgar/data/804328/000172894919000072/qcom10-k2019.htm,dei:DocumentFiscalYearFocus,11112,41,0.0036897048236141,204,0.0183585313174946,184,0.0165586753059755,-0.0146688264938804,0.0287976961843052,0.050665946724262,0.0218682505399568,3f4f6eedb8ed88115225f229ce4c5f8905d25553c0db15f8b733941e39af69cf,e2d1328682bab7d2187684fb9f5420bb730401c9eefc00daf835edd203f4859d,-0.0009165865444089,1.377299399319526,101,0.3295549290486494,2019-11-06,0.0575076814138758,0.0556056732348747,0.1207619908931241,0.1204624755225151,0.0910333277281284,0.0880132389135296,same,0001728949-19-000072_same,,2018.0,0.0004324626405578999,32957000000.0,28048000000.0,4386000000.0,24.21846951842769,0.8510483357101678,0.1330825014412719
QCOM,804328,QUALCOMM INC/DE,current,2020,2020-09-27,2020-11-04,0001728949-20-000067,2020-11-04T22:19:44.000Z,https://www.sec.gov/Archives/edgar/data/804328/000172894920000067/qcom-20200927.htm,dei:DocumentFiscalYearFocus,7627,47,0.0061623180805034,115,0.0150780123246361,89,0.0116690704077618,-0.0089156942441326,0.027140422184345,0.0513963550544119,0.0242559328700668,3e864fd466d72f1df35486a0bfc29d8102ed17a10c3eecfabc08199ab6795266,e2d1328682bab7d2187684fb9f5420bb730401c9eefc00daf835edd203f4859d,0.0023852823423465,1.2855551660144258,101,0.3493919618670614,2020-11-04,0.0840712559987323,0.1081623895988048,0.0209004966988708,0.0578454356109712,0.0754815588882338,0.1170879213872946,same,0001728949-20-000067_same,,2019.0,0.0057531322497478,35594000000.0,29517000000.0,5198000000.0,24.295442921274205,0.8292689779176265,0.1460358487385514
QCOM,804328,QUALCOMM INC/DE,current,2021,2021-09-26,2021-11-03,0001728949-21-000076,2021-11-03T20:06:41.000Z,https://www.sec.gov/Archives/edgar/data/804328/000172894921000076/qcom-20210926.htm,dei:DocumentFiscalYearFocus,5369,38,0.0070776680946172,68,0.012665300800894,68,0.012665300800894,-0.0055876327062767,0.0385546656733097,0.056993853604023,0.0184391879307133,8ad18b9757d6ba1f433d30ca2d1f2605c065283b60be2a70513bd765bdf5ae13,e2d1328682bab7d2187684fb9f5420bb730401c9eefc00daf835edd203f4859d,-0.0004051765901141,1.0809660430525891,101,0.3183920977878001,2021-11-03,0.1401917481937097,0.1401359423941524,0.2028322268765365,0.2018334004504415,0.1890767274371927,0.185894732797253,same,0001728949-21-000076_same,,2020.0,0.0033280615378559,41240000000.0,31290000000.0,9043000000.0,24.44267449609517,0.758729388942774,0.2192774005819592
QCOM,804328,QUALCOMM INC/DE,current,2022,2022-09-25,2022-11-02,0000804328-22-000021,2022-11-02T20:04:10.000Z,https://www.sec.gov/Archives/edgar/data/804328/000080432822000021/qcom-20220925.htm,dei:DocumentFiscalYearFocus,4730,30,0.0063424947145877,68,0.0143763213530655,75,0.0158562367864693,-0.0080338266384778,0.0274841437632135,0.0501057082452431,0.0226215644820295,9834b0b5402cdb7bee595cb042c7405339cefd9f8e419633e11549ac3905f0a9,e2d1328682bab7d2187684fb9f5420bb730401c9eefc00daf835edd203f4859d,0.0002026652552352,1.2253164293813297,101,0.5426414055066171,2022-11-02,-0.072569052182823,-0.0809036869994314,-0.0376519812480596,-0.0360721167304592,-0.0376175728459728,-0.0416824353003838,same,0000804328-22-000021_same,,2021.0,-0.0024461939322010995,49014000000.0,31001000000.0,12936000000.0,24.6153718085342,0.6324927571714204,0.2639245929734362
QCOM,804328,QUALCOMM INC/DE,current,2023,2023-09-24,2023-11-01,0000804328-23-000055,2023-11-01T20:10:50.000Z,https://www.sec.gov/Archives/edgar/data/804328/000080432823000055/qcom-20230924.htm,dei:DocumentFiscalYearFocus,4363,20,0.0045840018336007,79,0.0181068072427228,66,0.0151272060508824,-0.0135228054091221,0.0183360073344029,0.0474444189777675,0.0291084116433646,d1cf72110148abc09e68257cb9bacdb3b058492456976d4293e21dd1fcc32a06,e2d1328682bab7d2187684fb9f5420bb730401c9eefc00daf835edd203f4859d,0.0001771533314246,1.5339420332113178,101,0.2642465352226605,2023-11-01,0.0310293397499387,0.0506970226191914,0.0448199902994098,0.0749975746168453,0.0453537328846288,0.0643185459552476,same,0000804328-23-000055_same,,2022.0,-0.0054889787706443,51040000000.0,29459000000.0,7232000000.0,24.655875475982945,0.5771747648902821,0.141692789968652
QCOM,804328,QUALCOMM INC/DE,current,2024,2024-09-29,2024-11-06,0000804328-24-000075,2024-11-06T21:09:04.000Z,https://www.sec.gov/Archives/edgar/data/804328/000080432824000075/qcom-20240929.htm,dei:DocumentFiscalYearFocus,4287,23,0.0053650571495218,72,0.0167949615115465,68,0.0158619080942383,-0.0114299043620247,0.0328901329601119,0.0557499416841614,0.0228598087240494,5630c54e87b764b5106e8ec27f1deaca1a00249bd55cad147bd37e007e4556cd,e2d1328682bab7d2187684fb9f5420bb730401c9eefc00daf835edd203f4859d,-0.0030458663382452,2.459168032446005,101,0.5543173495656168,2024-11-06,-0.0548766257276878,0.0016378337125401,-0.0695456307272501,-0.0164504024113343,-0.1207703822867091,-0.1157182087799459,same,0000804328-24-000075_same,,2023.0,0.0020929010470974,55154000000.0,28880000000.0,10142000000.0,24.733395109480885,0.5236247597635711,0.1838851216593538
QCOM,804328,QUALCOMM INC/DE,current,2025,2025-09-28,2025-11-05,0000804328-25-000085,2025-11-05T21:02:49.000Z,https://www.sec.gov/Archives/edgar/data/804328/000080432825000085/qcom-20250928.htm,dei:DocumentFiscalYearFocus,5021,31,0.0061740689105755,60,0.0119498107946624,100,0.0199163513244373,-0.0057757418840868,0.0288787094204341,0.0497908783110934,0.0209121688906592,0fbb0579e0436c4e099d2a903fe607f8b09f498fccd674cf7aeac8edc3a65161,e2d1328682bab7d2187684fb9f5420bb730401c9eefc00daf835edd203f4859d,-0.0005156030837371,1.2187461169401157,101,0.2154889026739649,2025-11-05,-0.0150549592555806,-0.0208151388384125,-0.0284060291681209,-0.0316346256363339,-0.008935533282457,-0.0158110346123369,same,0000804328-25-000085_same,,2024.0,0.005654162477937899,50143000000.0,28937000000.0,5541000000.0,24.63814476035576,0.5770895239614702,0.1105039586781804
SLB,87347,SLB LIMITED/NV,current,2016,2016-12-31,2017-01-25,0001564590-17-000589,2017-01-25T16:34:28.000Z,https://www.sec.gov/Archives/edgar/data/87347/000156459017000589/slb-10k_20161231.htm,cover_fiscal_year_ended,6411,39,0.0060832943378568,117,0.0182498830135704,74,0.011542661051318,-0.0121665886757136,0.0319762907502729,0.0578692871626891,0.0258929964124161,b20c27ac9f8b21e351897ea7dd0bf9b4df2386c7d2907b3de6db8e5bf7781bf9,e2d1328682bab7d2187684fb9f5420bb730401c9eefc00daf835edd203f4859d,0.0005005650970704,0.9910584934875796,101,0.2395040922666194,2017-01-25,-0.0079260585753254,-0.0065482505373263,-0.052603660981782,-0.049168156153857,-0.0484974464915977,-0.0430378899637092,same,0001564590-17-000589_same,,,,77956000000.0,36427000000.0,-1687000000.0,25.079410401906188,0.4672764123351634,-0.0216404125404074
SLB,87347,SLB LIMITED/NV,current,2017,2017-12-31,2018-01-24,0001564590-18-000821,2018-01-24T16:35:35.000Z,https://www.sec.gov/Archives/edgar/data/87347/000156459018000821/slb-10k_20171231.htm,cover_fiscal_year_ended,6488,44,0.0067817509247842,102,0.0157213316892725,73,0.0112515413070283,-0.0089395807644882,0.0366831072749691,0.0594944512946979,0.0228113440197287,afa99e3ce890fadb4082f3a617ee793626cc7c3405c95d3b41e6318045ccea33,e2d1328682bab7d2187684fb9f5420bb730401c9eefc00daf835edd203f4859d,-0.0005711277415828,0.7274042903885056,101,0.0520639221633177,2018-01-24,-0.0310441057037142,-0.0333618365278108,-0.0090085860515215,-0.0183979311982738,-0.052154265646942,-0.0631163284525843,same,0001564590-18-000821_same,,2016.0,0.003227007911225401,71987000000.0,34726000000.0,-1505000000.0,24.9997513841048,0.4823926542292358,-0.0209065525719921
SLB,87347,SLB LIMITED/NV,current,2018,2018-12-31,2019-01-23,0001564590-19-000928,2019-01-23T16:24:12.000Z,https://www.sec.gov/Archives/edgar/data/87347/000156459019000928/slb-10k_20181231.htm,cover_fiscal_year_ended,6337,42,0.0066277418336752,103,0.0162537478302035,75,0.01183525327442,-0.0096260059965283,0.0394508442480669,0.0598074798800694,0.0203566356320025,6b6dd3d946a0f04336d60ce84eee4c61aa98f07b14bc65f8d2e04c8b2dd19122,e2d1328682bab7d2187684fb9f5420bb730401c9eefc00daf835edd203f4859d,-0.0049220511913589,0.7554394033884082,101,0.2572926030037965,2019-01-23,-0.0034703660335328,-0.0156493942902865,0.1003351515769637,0.0632303305588493,0.1153165676452335,0.0519114332031518,same,0001564590-19-000928_same,,2017.0,-0.0006864252320401016,70507000000.0,33921000000.0,2138000000.0,24.97897783261577,0.4811011672599883,0.0303232303175571
SLB,87347,SLB LIMITED/NV,current,2019,2019-12-31,2020-01-22,0001564590-20-001578,2020-01-22T16:46:23.000Z,https://www.sec.gov/Archives/edgar/data/87347/000156459020001578/slb-10k_20191231.htm,dei:DocumentFiscalYearFocus,5236,34,0.0064935064935064,81,0.0154698242933537,67,0.0127960275019098,-0.0089763177998472,0.0339954163483575,0.0569136745607333,0.0229182582123758,cf10a4fad7f24d0cdfc0b6bd2248d5003aeeee20bb501cc5e905ee2bd375a794,e2d1328682bab7d2187684fb9f5420bb730401c9eefc00daf835edd203f4859d,-0.0005271711603027,1.5570056384550917,101,0.2916905502855367,2020-01-22,-0.0476467450985494,-0.049908877674046,-0.0935577420952064,-0.1049157256902219,-0.1357884097781834,-0.1439399216048101,same,0001564590-20-001578_same,,2018.0,0.0006496881966811009,56312000000.0,32136000000.0,-10137000000.0,24.75417349325224,0.5706776530757209,-0.1800149168916039
SLB,87347,SLB LIMITED/NV,current,2020,2020-12-31,2021-01-27,0001564590-21-002477,2021-01-27T14:53:12.000Z,https://www.sec.gov/Archives/edgar/data/87347/000156459021002477/slb-10k_20201231.htm,dei:DocumentFiscalYearFocus,6697,50,0.007466029565477,110,0.0164252650440495,87,0.0129908914439301,-0.0089592354785724,0.0316559653576228,0.0573391070628639,0.0256831417052411,bb63bcf2652904a9bbb8d1e59e194fc8418c1abdb514132f8ddc23b5695d5d55,e2d1328682bab7d2187684fb9f5420bb730401c9eefc00daf835edd203f4859d,0.0003523143091239,1.22802526076925,101,0.1359800986625208,2021-01-27,-0.0246460138998914,-0.0275580995191063,-0.0623928256725286,-0.0645009426112129,-0.0581402174013398,-0.0521900107009063,same,0001564590-21-002477_same,,2019.0,1.7082321274800027e-05,42434000000.0,29945000000.0,-10518000000.0,24.471215764637336,0.7056841212235472,-0.2478672762407503
SLB,87347,SLB LIMITED/NV,current,2021,2021-12-31,2022-01-26,0001564590-22-002421,2022-01-26T17:11:00.000Z,https://www.sec.gov/Archives/edgar/data/87347/000156459022002421/slb-10k_20211231.htm,dei:DocumentFiscalYearFocus,5346,54,0.0101010101010101,91,0.0170220725776281,68,0.0127197904975682,-0.006921062476618,0.045828656939768,0.0675271230826786,0.0216984661429105,809da48990d834a2ede4e9ed829fe840541573647e22bc44437339e10754f6cb,e2d1328682bab7d2187684fb9f5420bb730401c9eefc00daf835edd203f4859d,2.3301431634006453e-05,1.3682701178461738,101,0.2383215583808563,2022-01-26,0.0882547738103595,0.0813081634934977,0.0448001546002385,0.0479233774179135,0.0424010361404179,0.0439818292833557,same,0001564590-22-002421_same,,2020.0,0.0020381730019544,41511000000.0,26225000000.0,1881000000.0,24.449224289301767,0.6317602563176026,0.0453132904531329
SLB,87347,SLB LIMITED/NV,current,2022,2022-12-31,2023-01-25,0001564590-23-000762,2023-01-25T15:10:50.000Z,https://www.sec.gov/Archives/edgar/data/87347/000156459023000762/slb-10k_20221231.htm,dei:DocumentFiscalYearFocus,5452,90,0.016507703595011,42,0.0077035950110051,64,0.0117388114453411,0.0088041085840058,0.0645634629493763,0.0814380044020542,0.0168745414526779,6993f712c12c10a418ddf2bf932101dd62df08d8512ac0627dda104a7cb327a3,e2d1328682bab7d2187684fb9f5420bb730401c9eefc00daf835edd203f4859d,0.004604550079435,0.8525673233172815,101,0.1839003551788157,2023-01-25,0.0063316901623178,0.0186541141213751,-0.0756778594754728,-0.0479339290826419,-0.1251896845917693,-0.0793067656340132,same,0001564590-23-000762_same,,2021.0,0.0157251710606238,43135000000.0,25146000000.0,3441000000.0,24.48760056947496,0.5829604729338125,0.0797728063057841
SLB,87347,SLB LIMITED/NV,current,2023,2023-12-31,2024-01-24,0000950170-24-006884,2024-01-24T17:15:58.000Z,https://www.sec.gov/Archives/edgar/data/87347/000095017024006884/slb-20231231.htm,dei:DocumentFiscalYearFocus,5171,69,0.0133436472635853,39,0.0075420614968091,62,0.0119899439180042,0.0058015857667762,0.0597563333977953,0.0756140011603171,0.0158576677625217,6b99b37b0f399376438c7870e00af1723831b2fcca15860088920661626d4acc,e2d1328682bab7d2187684fb9f5420bb730401c9eefc00daf835edd203f4859d,-0.0008036880538848,0.5578906795039903,101,0.0648876568444952,2024-01-24,0.0325379497965988,0.0261507010976314,0.0808653630488475,0.0617965558896992,0.0115835719193194,-0.0047235400588651,same,0000950170-24-006884_same,,2022.0,-0.0030025228172295996,47957000000.0,26598000000.0,4203000000.0,24.59357061302249,0.5546218487394958,0.0876410117396834
SLB,87347,SLB LIMITED/NV,current,2024,2024-12-31,2025-01-22,0000950170-25-007638,2025-01-22T17:33:50.000Z,https://www.sec.gov/Archives/edgar/data/87347/000095017025007638/slb-20241231.htm,dei:DocumentFiscalYearFocus,4685,51,0.0108858057630736,39,0.0083244397011739,59,0.0125933831376734,0.0025613660618996,0.0567769477054429,0.0732123799359658,0.0164354322305229,8b9f34b2c7dcdb039a9fcdb61abb8abe9ff836422b28493740d6676681a86ae3,e2d1328682bab7d2187684fb9f5420bb730401c9eefc00daf835edd203f4859d,-0.003012437875507,0.9948954323385324,101,0.2342585602925613,2025-01-22,-0.0460389034465837,-0.055179429669369,0.059289504543552,0.0381480136144407,0.029402972597013,-0.0039107694825559,same,0000950170-25-007638_same,,2023.0,-0.0032402197048766006,48935000000.0,26585000000.0,4461000000.0,24.6137587238242,0.5432716869316441,0.0911617451721671
SLB,87347,SLB LIMITED/NV,current,2025,2025-12-31,2026-01-23,0001193125-26-021017,2026-01-23T21:01:25.000Z,https://www.sec.gov/Archives/edgar/data/87347/000119312526021017/slb-20251231.htm,dei:DocumentFiscalYearFocus,5818,63,0.0108284633894809,63,0.0108284633894809,78,0.0134066689584049,0.0,0.0544860776899278,0.0699553111034719,0.0154692334135441,143eb92c84c60117149e13b4988463cbca833d49d164863b9c1a4d7d78376683,e2d1328682bab7d2187684fb9f5420bb730401c9eefc00daf835edd203f4859d,0.0008291035139255,0.7986375657064977,101,0.1051805087808493,2026-01-23,0.0131023504976073,0.0134108278679977,0.0363646809668686,0.0410042062079036,0.0208494134388009,0.0295417164273643,same,0001193125-26-021017_same,,2024.0,-0.0025613660618996,54868000000.0,27577000000.0,3374000000.0,24.728196137562573,0.5026062550120288,0.0614930378362615
TXN,97476,TEXAS INSTRUMENTS INC,current,2016,2016-12-31,2017-02-23,0001564590-17-002142,2017-02-23T18:00:41.000Z,https://www.sec.gov/Archives/edgar/data/97476/000156459017002142/txn-10k_20161231.htm,cover_fiscal_year_ended,3973,20,0.0050339793606846,32,0.0080543669770953,41,0.0103196576894034,-0.0030203876164107,0.0307072741001761,0.0515982884470173,0.0208910143468411,7cacac3e2c22d266fd5a77d579363de4f9336eef2a0e4de17f02ffe009c6858e,e2d1328682bab7d2187684fb9f5420bb730401c9eefc00daf835edd203f4859d,0.0007052595954861,1.1984401336310488,101,0.4466417627674469,2017-02-23,-0.0010343382407567,0.0012461757749818,-0.0084120830044387,-0.0020869032260464,0.0015894549037805,0.0131054778904642,same,0001564590-17-002142_same,,,,16431000000.0,5958000000.0,3595000000.0,23.522435631416105,0.3626072667518714,0.2187937435335646
TXN,97476,TEXAS INSTRUMENTS INC,current,2017,2017-12-31,2018-02-22,0001564590-18-002832,2018-02-22T18:58:19.000Z,https://www.sec.gov/Archives/edgar/data/97476/000156459018002832/txn-10k_20171231.htm,cover_fiscal_year_ended,3887,24,0.0061744275791098,18,0.0046308206843323,39,0.0100334448160535,0.0015436068947774,0.0365320298430666,0.0537689735014149,0.0172369436583483,ffe88e572a8982c310b8fe2aae8ceaa134808c178bc41aaaf730b1a82cd1f8e1,e2d1328682bab7d2187684fb9f5420bb730401c9eefc00daf835edd203f4859d,0.0007026726614115,1.665082588504559,101,0.2037827250624658,2018-02-22,-0.0042176273730935,0.0055424479873661,0.022980329164206,0.0312827326649332,0.0369553124352178,0.0487676630012308,same,0001564590-18-002832_same,,2016.0,0.004563994511188101,17642000000.0,7305000000.0,3682000000.0,23.593548259782985,0.4140686996939122,0.2087064958621471
TXN,97476,TEXAS INSTRUMENTS INC,current,2018,2018-12-31,2019-02-22,0001564590-19-003839,2019-02-22T17:16:54.000Z,https://www.sec.gov/Archives/edgar/data/97476/000156459019003839/txn-10k_20181231.htm,cover_fiscal_year_ended,3533,24,0.0067930936880837,16,0.0045287291253891,37,0.0104726861024624,0.0022643645626945,0.0356637418624398,0.0526464760826493,0.0169827342202094,7cab7c49943cb2c2fea39d11505eb0c882b97d304bb091dfc168cdba910ee42c,e2d1328682bab7d2187684fb9f5420bb730401c9eefc00daf835edd203f4859d,0.000245149220327,1.2939363805368664,101,0.5268521611508339,2019-02-22,-0.0036221793918555,-0.0016767343390254,-0.0267048205688763,-0.0232081459505968,-0.0297415170142334,-0.0216497323787847,same,0001564590-19-003839_same,,2017.0,0.0007207576679170999,17137000000.0,8143000000.0,5580000000.0,23.564505705625123,0.4751706833167999,0.3256112505105911
TXN,97476,TEXAS INSTRUMENTS INC,current,2019,2019-12-31,2020-02-20,0000097476-20-000009,2020-02-20T16:57:52.000Z,https://www.sec.gov/Archives/edgar/data/97476/000009747620000009/txn-20191231.htm,dei:DocumentFiscalYearFocus,3138,26,0.0082855321861058,9,0.002868068833652,34,0.0108349267049075,0.0054174633524537,0.0309114085404716,0.0478011472275334,0.0168897386870618,67ae559b62fa2bb26762c2ceb72a3c95a6edcfe93fc04e9454ad9488b406e203,e2d1328682bab7d2187684fb9f5420bb730401c9eefc00daf835edd203f4859d,-0.0009667293289462,1.362756076817444,101,0.3288245179785027,2020-02-20,-0.0044858982445108,-0.0108786425769092,-0.0043578791870251,-0.0381495389843026,0.0301784438458735,-0.0231183962736185,same,0000097476-20-000009_same,,2018.0,0.0031530987897592,18018000000.0,9111000000.0,5017000000.0,23.61463709517566,0.5056610056610057,0.2784437784437784
TXN,97476,TEXAS INSTRUMENTS INC,current,2020,2020-12-31,2021-02-05,0000097476-21-000006,2021-02-05T21:26:50.000Z,https://www.sec.gov/Archives/edgar/data/97476/000009747621000006/txn-20201231.htm,dei:DocumentFiscalYearFocus,3004,27,0.008988015978695,11,0.0036617842876165,37,0.0123169107856191,0.0053262316910785,0.0369507323568575,0.05525965379494,0.0183089214380825,e639434fc4020ae33b5d87f6a39a89d2556236bb3ff1b54e64424965338eee61,e2d1328682bab7d2187684fb9f5420bb730401c9eefc00daf835edd203f4859d,0.0007881580816761,1.1238297311235588,101,0.6705067808724732,2021-02-05,0.0115367200204852,0.0166440433353496,-0.0330671866729922,-0.0231419338079316,0.016376320596099,0.0298397844169807,same,0000097476-21-000006_same,,2019.0,-9.123166137520004e-05,19351000000.0,10164000000.0,5595000000.0,23.68600993467342,0.5252441734277299,0.2891323445816753
TXN,97476,TEXAS INSTRUMENTS INC,current,2021,2021-12-31,2022-02-04,0000097476-22-000009,2022-02-04T17:34:37.000Z,https://www.sec.gov/Archives/edgar/data/97476/000009747622000009/txn-20211231.htm,dei:DocumentFiscalYearFocus,2490,30,0.0120481927710843,8,0.0032128514056224,29,0.0116465863453815,0.0088353413654618,0.0425702811244979,0.0582329317269076,0.0156626506024096,74a4306ac80e59663d805e55fc667afcb751be8cde6e44ccbc391a3c5b95423b,e2d1328682bab7d2187684fb9f5420bb730401c9eefc00daf835edd203f4859d,-0.0005643589288959,1.152960201628472,101,0.5503917142586632,2022-02-04,-0.0694018174656312,-0.0746031687639562,-0.0267828088238765,-0.0282449541756203,-0.0692205954236993,-0.0719997131410764,same,0000097476-22-000009_same,,2020.0,0.0035091096743833,24676000000.0,11343000000.0,7769000000.0,23.929096948293804,0.4596774193548387,0.3148403306856865
TXN,97476,TEXAS INSTRUMENTS INC,current,2022,2022-12-31,2023-02-03,0000097476-23-000007,2023-02-03T16:07:12.000Z,https://www.sec.gov/Archives/edgar/data/97476/000009747623000007/txn-20221231.htm,dei:DocumentFiscalYearFocus,2551,33,0.0129361034888279,10,0.0039200313602508,26,0.0101920815366522,0.009016072128577,0.04468835750686,0.0603684829478635,0.0156801254410035,0e385730db1bf0c0e22ea03a3ea86633fb2ac32f5a139d16f4a93bc327290da6,e2d1328682bab7d2187684fb9f5420bb730401c9eefc00daf835edd203f4859d,0.0004372857794299,1.162035518423204,101,0.7583431018774375,2023-02-03,-0.0050693253062922,-0.0040484352237418,-0.0112387654206354,-0.0041121544751184,0.0044570340915258,0.0105606141147931,same,0000097476-23-000007_same,,2021.0,0.00018073076311519998,27207000000.0,12630000000.0,8749000000.0,24.02674013007995,0.4642187672290219,0.321571654353659
TXN,97476,TEXAS INSTRUMENTS INC,current,2023,2023-12-31,2024-02-02,0000097476-24-000007,2024-02-02T16:11:54.000Z,https://www.sec.gov/Archives/edgar/data/97476/000009747624000007/txn-20231231.htm,dei:DocumentFiscalYearFocus,2307,30,0.0130039011703511,8,0.0034677069787602,21,0.0091027308192457,0.0095361941915908,0.0403120936280884,0.0554833116601647,0.0151712180320762,99c783627b7c62432a9bcd6fad8eed06e2e567a11cdfe1c89b3aafd2e073a739,e2d1328682bab7d2187684fb9f5420bb730401c9eefc00daf835edd203f4859d,-0.0006329961344087,1.2427686314626925,101,0.5082146181817037,2024-02-02,-0.0305845225718582,-0.0276301298345837,-0.0494523517012755,-0.0505240692966697,-0.0486141797012036,-0.0490089868369094,same,0000097476-24-000007_same,,2022.0,0.0005201220630138004,32348000000.0,15451000000.0,6510000000.0,24.199818032179987,0.4776493137133671,0.2012489180165698
TXN,97476,TEXAS INSTRUMENTS INC,current,2024,2024-12-31,2025-02-14,0000097476-25-000007,2025-02-14T19:33:58.000Z,https://www.sec.gov/Archives/edgar/data/97476/000009747625000007/txn-20241231.htm,dei:DocumentFiscalYearFocus,2094,29,0.0138490926456542,3,0.0014326647564469,18,0.0085959885386819,0.0124164278892072,0.0396370582617,0.0558739255014326,0.0162368672397325,28a178dc5cd6fe6394c4f3005ce3fd0e67eb099484ff9853bf7c32a065270830,e2d1328682bab7d2187684fb9f5420bb730401c9eefc00daf835edd203f4859d,-0.0015765622055564,1.3175143769191768,101,0.3413770680675237,2025-02-14,0.0234407876839743,0.0227750742908362,0.1255126199841393,0.1171621692246461,0.1324528846152424,0.1099264444360712,same,0000097476-25-000007_same,,2023.0,0.0028802336976164,35509000000.0,18606000000.0,4799000000.0,24.29305202242349,0.5239798360978907,0.1351488355064913
TXN,97476,TEXAS INSTRUMENTS INC,current,2025,2025-12-31,2026-02-06,0000097476-26-000059,2026-02-06T16:06:56.000Z,https://www.sec.gov/Archives/edgar/data/97476/000009747626000059/txn-20251231.htm,dei:DocumentFiscalYearFocus,2633,31,0.011773642233194,7,0.0026585643752373,22,0.0083554880364603,0.0091150778579567,0.0440562096467907,0.0584884162552221,0.0144322066084314,928954402ab58bed8550ce874a62950cabfb492db6c7d702812e2ccf1a17abf1,e2d1328682bab7d2187684fb9f5420bb730401c9eefc00daf835edd203f4859d,-0.0007689104901764,1.0999402425163394,101,0.1618814990952688,2026-02-06,-0.0296846658701183,-0.0307785357649174,0.0179798615986519,0.0121284510070731,0.0696859631973857,0.0593524959385229,same,0000097476-26-000059_same,,2024.0,-0.0033013500312505002,34585000000.0,18312000000.0,5001000000.0,24.26668589899896,0.5294780974410872,0.1446002602284227
UNH,731766,UNITEDHEALTH GROUP INC,current,2016,2016-12-31,2017-02-08,0000731766-17-000009,2017-02-08T21:22:01.000Z,https://www.sec.gov/Archives/edgar/data/731766/000073176617000009/unh2016123110-k.htm,cover_fiscal_year_ended,6881,59,0.0085743351257084,69,0.010027612265659,122,0.0177299811073971,-0.0014532771399505,0.0430170033425374,0.0610376398779247,0.0180206365353873,d3297732dc33dab04a04c15fa6b91cbcb5f2c14341ca7e2d7554b35f9142f3d2,e2d1328682bab7d2187684fb9f5420bb730401c9eefc00daf835edd203f4859d,0.0011007539274657,0.9644094773447448,101,0.2119806882161219,2017-02-08,-0.0101721542827848,-0.0071073773104762,-0.0198906687177058,-0.0129197658682801,-0.0278841643080593,-0.0168614643081538,same,0000731766-17-000009_same,,,,122810000000.0,82621000000.0,7017000000.0,25.533904282568702,0.6727546616725022,0.0571370409575767
UNH,731766,UNITEDHEALTH GROUP INC,current,2017,2017-12-31,2018-02-13,0000731766-18-000005,2018-02-13T21:10:43.000Z,https://www.sec.gov/Archives/edgar/data/731766/000073176618000005/unh2017123110-k.htm,cover_fiscal_year_ended,6259,59,0.0094264259466368,54,0.0086275762901421,107,0.0170953826489854,0.0007988496564946,0.0460137402140917,0.0631091228630771,0.0170953826489854,27e02ebf91197ccb80ebe3e9a4e4a319a00316d6a7dba47683a2c8b5b71cc7df,e2d1328682bab7d2187684fb9f5420bb730401c9eefc00daf835edd203f4859d,0.0003920992756348,1.236349982953791,101,0.1758361887080695,2018-02-13,-0.0031219124574205,0.0051283339205541,-0.0100343643542559,-0.0026165043021368,-0.0052347527658744,0.0040118296165948,same,0000731766-18-000005_same,,2016.0,0.0022521267964451,139058000000.0,87036000000.0,10558000000.0,25.658156949232826,0.6258971076816868,0.0759251535330581
UNH,731766,UNITEDHEALTH GROUP INC,current,2018,2018-12-31,2019-02-12,0000731766-19-000005,2019-02-12T22:16:04.000Z,https://www.sec.gov/Archives/edgar/data/731766/000073176619000005/unh2018123110-k.htm,cover_fiscal_year_ended,6122,50,0.0081672655994772,52,0.0084939562234563,101,0.0164978765109441,-0.000326690623979,0.0450833061091146,0.062561254491996,0.0174779483828814,f63a277ed39510fc56272e8850fb9760468d10dc50bb755dc58e67cd0e64c1fe,e2d1328682bab7d2187684fb9f5420bb730401c9eefc00daf835edd203f4859d,0.0005120262456918,0.9828149353187672,101,0.6436454140963149,2019-02-12,-0.0101763781772501,-0.0089259723127492,-0.0123683041487137,-0.009061994237851,-0.0211664171673744,-0.0159109854360672,same,0000731766-19-000005_same,,2017.0,-0.0011255402804736,152221000000.0,95994000000.0,11986000000.0,25.74859924920305,0.6306225816411665,0.0787407782106279
UNH,731766,UNITEDHEALTH GROUP INC,current,2019,2019-12-31,2020-02-14,0000731766-20-000006,2020-02-14T22:18:38.000Z,https://www.sec.gov/Archives/edgar/data/731766/000073176620000006/unh2019123110-k.htm,dei:DocumentFiscalYearFocus,5133,46,0.008961620884473,35,0.006818624586012,75,0.0146113383985973,0.0021429962984609,0.0461718293395675,0.0621468926553672,0.0159750633157997,d5a0e99a8fc3d8c475c59f925217d8653cb288e82ce15fda3edf2c0af18962ab,e2d1328682bab7d2187684fb9f5420bb730401c9eefc00daf835edd203f4859d,0.0018232587060541,0.7131246000231274,101,0.0896193036930672,2020-02-14,-0.0078284098535777,-0.0015821036093323,0.035246582353166,0.0461921724441151,-0.0414131211039183,-0.0110952673629527,same,0000731766-20-000006_same,,2018.0,0.0024696869224399,173889000000.0,111727000000.0,13839000000.0,25.88168300156188,0.6425190782625698,0.0795852526611804
UNH,731766,UNITEDHEALTH GROUP INC,current,2020,2020-12-31,2021-03-01,0000731766-21-000013,2021-03-01T21:02:27.000Z,https://www.sec.gov/Archives/edgar/data/731766/000073176621000013/unh-20201231.htm,dei:DocumentFiscalYearFocus,6163,48,0.0077884147330845,46,0.0074638974525393,98,0.0159013467467142,0.0003245172805451,0.0442966087944183,0.0619828005841311,0.0176861917897128,6d4c527fcb6ab58da019fcb835c8a77109d6bec6344be21b6c1f9db5a6095784,e2d1328682bab7d2187684fb9f5420bb730401c9eefc00daf835edd203f4859d,-6.8818401699809804e-06,0.984061229537755,101,0.3758904179450457,2021-03-01,0.006706533067763,0.0065112034421375,0.0413880419225357,0.0417965296686719,0.0976703351744969,0.0979292011381753,same,0000731766-21-000013_same,,2019.0,-0.0018184790179158,197289000000.0,126750000000.0,15403000000.0,26.00793549575982,0.642458525310585,0.078073283355889
UNH,731766,UNITEDHEALTH GROUP INC,current,2021,2021-12-31,2022-02-15,0000731766-22-000008,2022-02-15T21:50:18.000Z,https://www.sec.gov/Archives/edgar/data/731766/000073176622000008/unh-20211231.htm,dei:DocumentFiscalYearFocus,5821,44,0.0075588386875107,35,0.006012712592338,94,0.0161484281051365,0.0015461260951726,0.0486170761037622,0.0651090877856038,0.0164920116818416,64890a8d2b3925c2405ba2e56af6ddbd6a38a96379e2ba69a66770f6bd91afad,e2d1328682bab7d2187684fb9f5420bb730401c9eefc00daf835edd203f4859d,0.0007859553569266,0.8999470070325298,101,0.3405483725283923,2022-02-15,-0.0098058841947438,-0.0087294300425346,-0.0201730874945283,-0.0094068969211591,-0.0062422267634723,0.0082317492436895,same,0000731766-22-000008_same,,2020.0,0.0012216088146275,212206000000.0,135727000000.0,17285000000.0,26.08082333793862,0.639600199805849,0.0814538702958446
UNH,731766,UNITEDHEALTH GROUP INC,current,2022,2022-12-31,2023-02-24,0000731766-23-000008,2023-02-24T22:28:40.000Z,https://www.sec.gov/Archives/edgar/data/731766/000073176623000008/unh-20221231.htm,dei:DocumentFiscalYearFocus,5030,38,0.0075546719681908,32,0.0063618290258449,70,0.0139165009940357,0.0011928429423459,0.0437375745526839,0.0602385685884691,0.0165009940357852,f7b7e928c3fe85068a7e2f9682fd78a807f844ca86f98cbb70538d509e012299,e2d1328682bab7d2187684fb9f5420bb730401c9eefc00daf835edd203f4859d,-0.0005402848990148,0.4745804672517321,101,0.2508853714642759,2023-02-24,-0.0086929520201369,-0.0091919742767516,-0.0298667026331305,-0.0170921103034299,-0.0079611782639717,-0.0011169717324891,same,0000731766-23-000008_same,,2021.0,-0.0003532831528266999,245705000000.0,159358000000.0,20120000000.0,26.227397466286835,0.6485745100832299,0.0818868154901202
UNH,731766,UNITEDHEALTH GROUP INC,current,2023,2023-12-31,2024-02-28,0000731766-24-000081,2024-02-28T22:08:12.000Z,https://www.sec.gov/Archives/edgar/data/731766/000073176624000081/unh-20231231.htm,dei:DocumentFiscalYearFocus,5233,37,0.0070705140454806,34,0.006497229122874,75,0.0143321230651633,0.0005732849226065,0.0443340340149054,0.0609592967704949,0.0166252627555895,e77e19a76af5cadf20de6dabc7a243b92e5f02b9102814b9650e3987a821ef8f,e2d1328682bab7d2187684fb9f5420bb730401c9eefc00daf835edd203f4859d,0.0006732305423921,-0.083196529853887,101,0.0028793756075135,2024-02-28,-0.0631142556483794,-0.0668109055171214,-0.0916557762917103,-0.0963161188382383,-0.1017397934786273,-0.1224845193540208,same,0000731766-24-000081_same,,2022.0,-0.0006195580197394001,273720000000.0,174801000000.0,22381000000.0,26.33537152303071,0.6386124506795265,0.0817660382873008
UNH,731766,UNITEDHEALTH GROUP INC,current,2024,2024-12-31,2025-02-27,0000731766-25-000063,2025-02-27T22:16:21.000Z,https://www.sec.gov/Archives/edgar/data/731766/000073176625000063/unh-20241231.htm,dei:DocumentFiscalYearFocus,5935,46,0.0077506318449873,70,0.0117944397641112,81,0.0136478517270429,-0.0040438079191238,0.0406065711878685,0.0584667228306655,0.0178601516427969,421eaef47a7bcfc110b2e6514ae22c25136d16799b249e36d64eefbe129653b3,e2d1328682bab7d2187684fb9f5420bb730401c9eefc00daf835edd203f4859d,-0.0011120839551307,0.3685831377439247,101,0.0212761969500078,2025-02-27,0.0132343229910001,0.0098187555325863,0.0404590226054618,0.0575237118182003,-0.005720121758376,0.0246125518249882,same,0000731766-25-000063_same,,2023.0,-0.0046170928417303,298278000000.0,195687000000.0,14405000000.0,26.421291774490232,0.6560557600627602,0.0482938735005598
UNH,731766,UNITEDHEALTH GROUP INC,current,2025,2025-12-31,2026-03-02,0000731766-26-000062,2026-03-02T11:06:21.000Z,https://www.sec.gov/Archives/edgar/data/731766/000073176626000062/unh-20251231.htm,dei:DocumentFiscalYearFocus,6536,54,0.0082619339045287,85,0.0130048959608323,85,0.0130048959608323,-0.0047429620563035,0.040391676866585,0.0567625458996328,0.0163708690330477,c65b014b767bded25379438d3a6832281934b3ff2aeb24a405d8149db23acb66,e2d1328682bab7d2187684fb9f5420bb730401c9eefc00daf835edd203f4859d,-0.0008829178746575,0.6596244566169542,101,0.0303861163387338,2026-03-02,0.0208024683482993,0.022709651301719,0.0657689130236051,0.0624833511557541,0.0134903398226231,0.0092962692825347,same,0000731766-26-000062_same,,2024.0,-0.0006991541371797003,309581000000.0,207883000000.0,12056000000.0,26.45848560726976,0.6714979278444091,0.038942958385689
UNP,100885,UNION PACIFIC CORP,current,2016,2016-12-31,2017-02-03,0000100885-17-000056,2017-02-03T21:13:15.000Z,https://www.sec.gov/Archives/edgar/data/100885/000010088517000056/unp-20161231x10k.htm,cover_fiscal_year_ended,10656,108,0.0101351351351351,162,0.0152027027027027,173,0.0162349849849849,-0.0050675675675675,0.0196133633633633,0.0490803303303303,0.0294669669669669,ba7cb0e595ba11522f2ed49c157d120be9ae14501b554a2826b5bee276c8c930,e2d1328682bab7d2187684fb9f5420bb730401c9eefc00daf835edd203f4859d,0.00070522041561,1.1019707485976769,101,0.2653088429957735,2017-02-03,-0.008412875475671,-0.0057139710657567,-0.0174862063598146,-0.0119329117150717,-0.0376782801810742,-0.0290550312305645,same,0000100885-17-000056_same,,,,55718000000.0,35786000000.0,4233000000.0,24.74356909145933,0.642270002512653,0.0759718582863706
UNP,100885,UNION PACIFIC CORP,current,2017,2017-12-31,2018-02-09,0000100885-18-000048,2018-02-09T19:32:01.000Z,https://www.sec.gov/Archives/edgar/data/100885/000010088518000048/unp-20171231x10k.htm,cover_fiscal_year_ended,11274,105,0.0093134646088344,163,0.0144580450594287,176,0.0156111406776654,-0.0051445804505942,0.0264324995565016,0.0526875997871208,0.0262551002306191,6147d0619c0b063c20d21eb539f7c0d541206e36dde38a0856d319c45933b161,e2d1328682bab7d2187684fb9f5420bb730401c9eefc00daf835edd203f4859d,0.0018270807202076,1.0873486273216868,101,0.1066020619530492,2018-02-09,0.0022369492567726,0.0069595035322376,0.0392291684968836,0.0537455264016331,0.0309397942932672,0.0484193009646363,same,0000100885-18-000048_same,,2016.0,-7.701288302669994e-05,57806000000.0,32950000000.0,10712000000.0,24.780358413465624,0.57001003356053,0.1853094834446251
UNP,100885,UNION PACIFIC CORP,current,2018,2018-12-31,2019-02-08,0000100885-19-000060,2019-02-08T19:28:23.000Z,https://www.sec.gov/Archives/edgar/data/100885/000010088519000060/unp-20181231x10k.htm,cover_fiscal_year_ended,11099,93,0.0083791332552482,143,0.0128840436075322,168,0.0151364987836742,-0.0045049103522839,0.0363095774394089,0.057662852509235,0.0213532750698261,57a0b0b3508d7140905af2ffeb069eae2a248fbdb53c55099f28b7fe2e9073b7,e2d1328682bab7d2187684fb9f5420bb730401c9eefc00daf835edd203f4859d,0.0015035768855777,1.1507954875500426,101,0.568902499326711,2019-02-08,0.0270176648078999,0.0303262785746244,0.0247974405921424,0.0368947277130745,0.0214357598839227,0.0419452980211932,same,0000100885-19-000060_same,,2017.0,0.0006396700983103002,59147000000.0,38724000000.0,5966000000.0,24.803291707572324,0.6547077620166704,0.1008673305493093
UNP,100885,UNION PACIFIC CORP,current,2019,2019-12-31,2020-02-07,0000100885-20-000065,2020-02-07T20:35:18.000Z,https://www.sec.gov/Archives/edgar/data/100885/000010088520000065/unp-20191231x10k.htm,dei:DocumentFiscalYearFocus,9503,88,0.0092602336104388,134,0.0141008102704409,165,0.0173629380195727,-0.0048405766600021,0.0314637482900136,0.0540881826791539,0.0226244343891402,b4c7ef0ece1632b957af2e246ba8def7212df24705aad62c84f2c15287eea8ed,e2d1328682bab7d2187684fb9f5420bb730401c9eefc00daf835edd203f4859d,-0.001032640738256,1.5787351377844452,101,0.5116376473854836,2020-02-07,-0.0073629790464752,-0.007421837462035,-0.0299620184163007,-0.0142532935736564,-0.0294131517459955,-0.0237601490083562,same,0000100885-20-000065_same,,2018.0,-0.00033566630771819997,61673000000.0,43545000000.0,5919000000.0,24.845112070785767,0.7060626205957226,0.0959739270020916
UNP,100885,UNION PACIFIC CORP,current,2020,2020-12-31,2021-02-05,0000100885-21-000068,2021-02-05T21:35:25.000Z,https://www.sec.gov/Archives/edgar/data/100885/000010088521000068/unp-20201231x10k.htm,dei:DocumentFiscalYearFocus,10837,98,0.0090430931069484,172,0.0158715511672972,191,0.0176248039125219,-0.0068284580603488,0.0264833440989203,0.0501061179293162,0.0236227738303958,995a0511542bcaade1b35c4e9bc64ddc3f6ae3b78da5bfe7ce0b0808ecb19eec,e2d1328682bab7d2187684fb9f5420bb730401c9eefc00daf835edd203f4859d,0.0002925258312623,0.8499684048530627,101,0.3538982571355303,2021-02-05,-0.0208786352097027,-0.0233242824169704,-0.0072181194039199,-0.0105113305827339,0.022655239131787,0.0200649657899281,same,0000100885-21-000068_same,,2019.0,-0.0019878814003466997,62398000000.0,45440000000.0,5349000000.0,24.85679906052609,0.7282284688611814,0.0857239014070963
UNP,100885,UNION PACIFIC CORP,current,2021,2021-12-31,2022-02-04,0001437749-22-002494,2022-02-04T20:59:07.000Z,https://www.sec.gov/Archives/edgar/data/100885/000143774922002494/unp20211231_10k.htm,dei:DocumentFiscalYearFocus,8305,91,0.0109572546658639,130,0.0156532209512341,133,0.0160144491270319,-0.0046959662853702,0.0291390728476821,0.0515352197471402,0.0223961468994581,14cad1974fac6ba2c5c87a502ef1d1756f4ca5497bd98d7994dbdabe09a49ae7,e2d1328682bab7d2187684fb9f5420bb730401c9eefc00daf835edd203f4859d,0.0008186252791626,0.7597088152238819,101,0.3094754481160658,2022-02-04,-0.0256695021285632,-0.0177023401529411,-0.00941721243389,-0.00759590911062,-0.0488954972475283,-0.0452771035993831,same,0001437749-22-002494_same,,2020.0,0.0021324917749785998,63525000000.0,49364000000.0,6523000000.0,24.87469936615264,0.7770798898071626,0.1026839826839826
UNP,100885,UNION PACIFIC CORP,current,2022,2022-12-31,2023-02-10,0001437749-23-002959,2023-02-10T14:42:02.000Z,https://www.sec.gov/Archives/edgar/data/100885/000143774923002959/unp20221231_10k.htm,dei:DocumentFiscalYearFocus,8004,78,0.0097451274362818,88,0.0109945027486256,128,0.015992003998001,-0.0012493753123438,0.0354822588705647,0.0563468265867066,0.0208645677161419,5fae87c4c8582c2b4cc6d26442cddc394570f9c4fb40f4f42f550e45941c5bfc,e2d1328682bab7d2187684fb9f5420bb730401c9eefc00daf835edd203f4859d,-0.0003990088882651,0.8384267527288947,101,0.5159278333656458,2023-02-10,-0.0078027945230936,-0.0097776469086686,-0.0328179866758016,-0.0370811428316132,-0.0318711311279758,-0.0323901297298022,same,0001437749-23-002959_same,,2021.0,0.0034465909730264,65449000000.0,53286000000.0,6998000000.0,24.90453705034679,0.8141606441656862,0.1069229476386193
UNP,100885,UNION PACIFIC CORP,current,2023,2023-12-31,2024-02-09,0001437749-24-003599,2024-02-09T18:56:24.000Z,https://www.sec.gov/Archives/edgar/data/100885/000143774924003599/unp20231231_10k.htm,dei:DocumentFiscalYearFocus,7401,71,0.0095932982029455,104,0.0140521551141737,119,0.0160789082556411,-0.0044588569112282,0.0255370895824888,0.0521551141737603,0.0266180245912714,415c8463639ce5e56b3bf226ceaa59f298d1e3fbeddd4f26e637a70afc6a2e43,e2d1328682bab7d2187684fb9f5420bb730401c9eefc00daf835edd203f4859d,1.3128729281927986e-05,0.7354778015035647,101,0.2658954526825677,2024-02-09,-0.011035236215063,-0.0124147394778116,0.0055040713315113,0.0024689635809364,-0.0254342525536256,-0.0306694871729059,same,0001437749-24-003599_same,,2022.0,-0.0032094815988844005,67132000000.0,52344000000.0,6379000000.0,24.929926667392344,0.7797175713519633,0.0950217481975808
UNP,100885,UNION PACIFIC CORP,current,2024,2024-12-31,2025-02-07,0000100885-25-000042,2025-02-07T17:12:07.000Z,https://www.sec.gov/Archives/edgar/data/100885/000010088525000042/unp-20241231.htm,dei:DocumentFiscalYearFocus,7502,90,0.0119968008531058,84,0.0111970141295654,123,0.0163956278325779,0.0007997867235403,0.026792855238603,0.0515862436683551,0.024793388429752,f44ec56d2d8babe3cb9481d9bcfa99d98f8c020873a4ddf889c1ba64d57554f6,e2d1328682bab7d2187684fb9f5420bb730401c9eefc00daf835edd203f4859d,-0.0006934827032763,0.5867454751066876,101,0.1317464173869729,2025-02-07,0.0010114984489861,-0.0014376014996231,0.0217155991118194,0.012876892588533,0.0009929667607465,-0.0096687408685534,same,0000100885-25-000042_same,,2023.0,0.0052586436347685,67715000000.0,50825000000.0,6747000000.0,24.938573558053747,0.7505722513475597,0.0996381894705752
UNP,100885,UNION PACIFIC CORP,current,2025,2025-12-31,2026-02-06,0000100885-26-000037,2026-02-06T15:03:10.000Z,https://www.sec.gov/Archives/edgar/data/100885/000010088526000037/unp-20251231.htm,dei:DocumentFiscalYearFocus,7652,101,0.0131991636173549,86,0.0112388917929952,131,0.0171197072660742,0.0019602718243596,0.027443805541035,0.0525352848928384,0.0250914793518034,8f1a30d0b85ed53e75f0dfff353d01afa9457dd8dd7ebc5cdd4f015e275ef1a0,e2d1328682bab7d2187684fb9f5420bb730401c9eefc00daf835edd203f4859d,0.0002825754625668,0.3753631461941321,101,0.058696555523248,2026-02-06,0.0128250078388421,0.0060922239166707,0.1120152178798919,0.1169247768884313,0.1151063000382462,0.1299363982963634,same,0000100885-26-000037_same,,2024.0,0.0011604851008193001,69698000000.0,51231000000.0,7138000000.0,24.967437459896605,0.7350426124135556,0.1024132686734196
UPS,1090727,UNITED PARCEL SERVICE INC,current,2016,2016-12-31,2017-02-21,0001090727-17-000011,2017-02-21T11:47:45.000Z,https://www.sec.gov/Archives/edgar/data/1090727/000109072717000011/ups-12312016x10k.htm,cover_fiscal_year_ended,18093,100,0.00552699939203,196,0.0108329188083789,211,0.0116619687171834,-0.0053059194163488,0.0475874647653788,0.0660476427347593,0.0184601779693804,d462a6b09daeb9a1f5712e9e8c73dcaea5bcc28e76e28a59291de4df5ee143e4,e2d1328682bab7d2187684fb9f5420bb730401c9eefc00daf835edd203f4859d,0.0002112511821331,0.8320672069462616,101,0.4853175007722963,2017-02-21,-0.0209712854506056,-0.021453348340279,-0.0301786257454005,-0.0308300889620164,-0.0260101618314816,-0.0271084915197384,same,0001090727-17-000011_same,,,,40377000000.0,39948000000.0,3431000000.0,24.4215261528661,0.9893751393119844,0.0849741189290932
UPS,1090727,UNITED PARCEL SERVICE INC,current,2017,2017-12-31,2018-02-21,0001090727-18-000009,2018-02-21T22:23:42.000Z,https://www.sec.gov/Archives/edgar/data/1090727/000109072718000009/ups-12312017x10k.htm,cover_fiscal_year_ended,17728,86,0.0048510830324909,166,0.0093637184115523,207,0.0116764440433212,-0.0045126353790613,0.0507107400722021,0.0667870036101083,0.0160762635379061,40867d9b63d9bdcbd730bdc3ca6564163048a376450df2cbccd5acee49890952,e2d1328682bab7d2187684fb9f5420bb730401c9eefc00daf835edd203f4859d,-0.0001018516022153,1.142583471345712,101,0.170145318021056,2018-02-21,-0.0002018950574916,-0.0019852336546257,-0.0106906029890209,-0.0071455038412913,-0.0326865648278315,-0.0306592107982853,same,0001090727-18-000009_same,,2016.0,0.0007932840372875003,45403000000.0,44373000000.0,4910000000.0,24.538844019105728,0.977314274387155,0.1081426337466687
UPS,1090727,UNITED PARCEL SERVICE INC,current,2018,2018-12-31,2019-02-21,0001090727-19-000006,2019-02-21T22:02:11.000Z,https://www.sec.gov/Archives/edgar/data/1090727/000109072719000006/ups-12312018x10k.htm,cover_fiscal_year_ended,18611,87,0.0046746547740583,153,0.0082209446026543,246,0.0132179893611305,-0.0035462898285959,0.055827198968352,0.0680242867121594,0.0121970877438074,777336ef6312d1597148e572e802143ba8b730e1f40f5796c30a1b0dc80556aa,e2d1328682bab7d2187684fb9f5420bb730401c9eefc00daf835edd203f4859d,-0.0008977404577242,1.0521293591438932,101,0.5754312204755063,2019-02-21,-0.0058176968278204,-0.008267902786985,-0.0099652595607406,-0.0153381862357326,-0.0004543320542233,-0.009574462914575,same,0001090727-19-000006_same,,2017.0,0.0009663455504653998,50016000000.0,46979000000.0,4791000000.0,24.63560879118548,0.9392794305822136,0.0957893474088291
UPS,1090727,UNITED PARCEL SERVICE INC,current,2019,2019-12-31,2020-02-20,0001090727-20-000005,2020-02-20T22:05:25.000Z,https://www.sec.gov/Archives/edgar/data/1090727/000109072720000005/ups-12312019x10k.htm,dei:DocumentFiscalYearFocus,12207,44,0.0036044892274924,120,0.0098304251658884,194,0.0158925206848529,-0.006225935938396,0.04669451953797,0.0621774391742442,0.0154829196362742,2f6117469e7b855807c5b83215e46215ec3577445bc6496f6de92ae8c5e46e83,e2d1328682bab7d2187684fb9f5420bb730401c9eefc00daf835edd203f4859d,-0.0013581430091844,1.2056092848625448,101,0.3555946856370396,2020-02-20,-0.0169916131336332,-0.0230456148229399,-0.0025208530492238,-0.0273453075718371,0.0193857497679551,-0.0197350072117208,same,0001090727-20-000005_same,,2018.0,-0.0026796461098001,57857000000.0,54574000000.0,4440000000.0,24.781240285858782,0.9432566500164198,0.076740930224519
UPS,1090727,UNITED PARCEL SERVICE INC,current,2020,2020-12-31,2021-02-22,0001090727-21-000013,2021-02-22T22:27:26.000Z,https://www.sec.gov/Archives/edgar/data/1090727/000109072721000013/ups-20201231.htm,dei:DocumentFiscalYearFocus,12928,61,0.0047184405940594,146,0.0112933168316831,198,0.0153155940594059,-0.0065748762376237,0.0512840346534653,0.0667543316831683,0.0154702970297029,2e9a6e05c80c0fb219465038831d777c15365db7b1e79e4fbbb078387864498c,e2d1328682bab7d2187684fb9f5420bb730401c9eefc00daf835edd203f4859d,-0.0008034896110674,0.9281731395660318,101,0.3269131935700422,2021-02-22,0.008381093647987,0.0065690444115339,0.0099010850794526,0.0061581515924625,0.0129362563253079,0.004314251846848,same,0001090727-21-000013_same,,2019.0,-0.00034894029922769975,62408000000.0,61739000000.0,1343000000.0,24.856959309232423,0.9892802204845532,0.0215196769644917
UPS,1090727,UNITED PARCEL SERVICE INC,current,2021,2021-12-31,2022-02-22,0001090727-22-000007,2022-02-22T11:14:14.000Z,https://www.sec.gov/Archives/edgar/data/1090727/000109072722000007/ups-20211231.htm,dei:DocumentFiscalYearFocus,13100,78,0.0059541984732824,163,0.012442748091603,189,0.0144274809160305,-0.0064885496183206,0.0504580152671755,0.0658015267175572,0.0153435114503816,04c8cb3a498dc385b3efd1bb7671996b098eba53d6111b54934ec11610167c1d,e2d1328682bab7d2187684fb9f5420bb730401c9eefc00daf835edd203f4859d,0.0008207314420279,0.7285657412196941,101,0.1976661172288745,2022-02-22,0.0010265208789528,0.0131846806588445,-0.0184348454421858,-0.0076183491245398,-0.0204939217488471,-0.0047686131551509,same,0001090727-22-000007_same,,2020.0,8.632661930309954e-05,69405000000.0,55136000000.0,12890000000.0,24.963224747973484,0.7944096246668108,0.1857214898062099
UPS,1090727,UNITED PARCEL SERVICE INC,current,2022,2022-12-31,2023-02-21,0001090727-23-000006,2023-02-21T11:16:30.000Z,https://www.sec.gov/Archives/edgar/data/1090727/000109072723000006/ups-20221231.htm,dei:DocumentFiscalYearFocus,13220,78,0.0059001512859304,197,0.0149016641452344,195,0.014750378214826,-0.009001512859304,0.0494704992435703,0.0649773071104387,0.0155068078668683,7f05dcb6c626353d0330a1240a68ed4b807b91263829d8fa81325923e0ef5110,e2d1328682bab7d2187684fb9f5420bb730401c9eefc00daf835edd203f4859d,-0.0007123467554831,0.9832506226915284,101,0.6098677477541768,2023-02-21,-0.0140966881279323,-0.0158253417901742,0.0181972081452329,0.0138909041304964,0.0314107527074205,0.0240673815891745,same,0001090727-23-000006_same,,2021.0,-0.002512963240983399,71124000000.0,51321000000.0,11548000000.0,24.98769066954011,0.7215707777965243,0.1623643214667341
UPS,1090727,UNITED PARCEL SERVICE INC,current,2023,2023-12-31,2024-02-20,0001090727-24-000008,2024-02-20T21:18:27.000Z,https://www.sec.gov/Archives/edgar/data/1090727/000109072724000008/ups-20231231.htm,dei:DocumentFiscalYearFocus,13706,83,0.0060557420107981,221,0.0161243251130891,217,0.0158324821246169,-0.0100685831022909,0.0431198015467678,0.0601926163723916,0.0170728148256238,9aad1304b06217548e71a2a47b5109b7b4619b456a57d3207fe69fdd568e8a63,e2d1328682bab7d2187684fb9f5420bb730401c9eefc00daf835edd203f4859d,-0.0014852534501097,1.0923156006733137,101,0.3657187984541781,2024-02-20,0.0349949013008129,0.0296580262146414,0.0176047634063647,0.0097307211056409,0.030251475264589,0.0148944152892671,same,0001090727-24-000008_same,,2022.0,-0.0010670702429869013,70857000000.0,53543000000.0,6708000000.0,24.98392959848496,0.7556487009046389,0.0946695457047292
UPS,1090727,UNITED PARCEL SERVICE INC,current,2024,2024-12-31,2025-02-18,0001090727-25-000019,2025-02-18T21:24:23.000Z,https://www.sec.gov/Archives/edgar/data/1090727/000109072725000019/ups-20241231.htm,dei:DocumentFiscalYearFocus,16135,124,0.0076851564920979,224,0.0138828633405639,214,0.0132630926557173,-0.006197706848466,0.0481561822125813,0.0621629996901146,0.0140068174775333,78805523b375ee21142dd5d47a3a1a566e0bc75b7fc27a5cc0c3cb77c989afaf,e2d1328682bab7d2187684fb9f5420bb730401c9eefc00daf835edd203f4859d,9.99728984572407e-05,0.4403438500736188,101,0.0695323918138128,2025-02-18,0.0063163552018677,0.0039578997094911,0.0332649066888231,0.0389713298264371,0.0618582986435187,0.0694178800801035,same,0001090727-25-000019_same,,2023.0,0.003870876253824901,70070000000.0,53327000000.0,5782000000.0,24.972760579328853,0.7610532324818039,0.0825174825174825
UPS,1090727,UNITED PARCEL SERVICE INC,current,2025,2025-12-31,2026-02-17,0001628280-26-008432,2026-02-17T18:13:40.000Z,https://www.sec.gov/Archives/edgar/data/1090727/000162828026008432/ups-20251231.htm,dei:DocumentFiscalYearFocus,13887,106,0.0076330380931806,235,0.0169223014329948,199,0.0143299488730467,-0.0092892633398142,0.0434939151724634,0.0609922949521134,0.01749837977965,c3f57aa1c6374ad7bbf9c385c0c9db6a06a63e279d757e615e93feb07e129128,e2d1328682bab7d2187684fb9f5420bb730401c9eefc00daf835edd203f4859d,0.0016911360732512,0.6000258092190263,101,0.0704663988013272,2026-02-17,-0.0119132656045956,-0.0096782667795317,-0.0115487314391566,0.0020874601379302,-0.0175539780235504,0.0033853888579978,same,0001628280-26-008432_same,,2024.0,-0.0030915564913482005,73090000000.0,56835000000.0,5572000000.0,25.01495739543871,0.7776029552606376,0.0762347790395402
WFC,72971,WELLS FARGO & COMPANY/MN,current,2016,2016-12-31,2017-03-01,0000072971-17-000278,2017-03-01T18:42:47.000Z,https://www.sec.gov/Archives/edgar/data/72971/000007297117000278/wfc-12312016x10k.htm,cover_fiscal_year_ended,69325,365,0.0052650558961413,1537,0.0221709340064911,1662,0.0239740353407861,-0.0169058781103498,0.0312297151099891,0.0648827984132708,0.0336530833032816,04b95fb042dce8721f89f9f94f3bf2e252d82915939700fabc869cc21871f33e,e2d1328682bab7d2187684fb9f5420bb730401c9eefc00daf835edd203f4859d,0.0008958371800986,1.1452850997552708,101,0.199844009369691,2017-03-01,0.0031014887937044,0.0065496546794877,-0.0091717392529412,-0.0021782917144441,-0.0087594907359805,0.0009658182678584,same,0000072971-17-000278_same,https://www.sec.gov/Archives/edgar/data/72971/000007297117000278/wfc-12312016xex13.htm,,,1930115000000.0,1729618000000.0,21938000000.0,28.288600702562427,0.8961217336790813,0.0113661621198736
WFC,72971,WELLS FARGO & COMPANY/MN,current,2017,2017-12-31,2018-03-01,0000072971-18-000272,2018-03-01T17:38:37.000Z,https://www.sec.gov/Archives/edgar/data/72971/000007297118000272/wfc-12312017x10k.htm,cover_fiscal_year_ended,69708,382,0.0054800022952889,1532,0.0219773914041429,1662,0.0238423136512308,-0.016497389108854,0.0327652493257588,0.0662334308831124,0.0334681815573535,03afb0ccf6bce97cf18b590c5c29c0f1c9d0c07ae673621cdacb56874675fb67,e2d1328682bab7d2187684fb9f5420bb730401c9eefc00daf835edd203f4859d,0.0014370609428804,1.0564474369085142,101,0.1653017949573955,2018-03-01,-0.0144689919890794,-0.0112499872161373,-0.0387029747390532,-0.0290176576701111,-0.0820132920509614,-0.0653954001467997,same,0000072971-18-000272_same,https://www.sec.gov/Archives/edgar/data/72971/000007297118000272/wfc-12312017xex13.htm,2016.0,0.0004084890014958015,1951757000000.0,1743678000000.0,22183000000.0,28.29975110846529,0.89338887986568,0.0113656566877946
WFC,72971,WELLS FARGO & COMPANY/MN,current,2018,2018-12-31,2019-02-27,0000072971-19-000227,2019-02-27T20:23:51.000Z,https://www.sec.gov/Archives/edgar/data/72971/000007297119000227/wfc-12312018x10k.htm,cover_fiscal_year_ended,69360,392,0.0056516724336793,1608,0.0231833910034602,1637,0.0236014994232987,-0.0175317185697808,0.0310121107266436,0.0657727797001153,0.0347606689734717,3ad8771e3430696c9eddcb84dfcd5f10e4741114144ba3b86e99807318414d9e,e2d1328682bab7d2187684fb9f5420bb730401c9eefc00daf835edd203f4859d,-0.0007812677527544,0.7222763561299959,101,0.4220999582806888,2019-02-27,0.0099899448358169,0.0088014760463197,0.0119820884004113,0.0047086458038054,0.019795490225986,0.0120089556895405,same,0000072971-19-000227_same,https://www.sec.gov/Archives/edgar/data/72971/000007297119000227/wfc-12312018xex13.htm,2017.0,-0.0010343294609268007,1895883000000.0,1698817000000.0,22393000000.0,28.27070580899655,0.8960558220101135,0.01181138287542
WFC,72971,WELLS FARGO & COMPANY/MN,current,2019,2019-12-31,2020-02-27,0000072971-20-000217,2020-02-27T02:51:08.000Z,https://www.sec.gov/Archives/edgar/data/72971/000007297120000217/wfc-12312019x10k.htm,dei:DocumentFiscalYearFocus,61871,297,0.0048003103230915,1522,0.0245995700732168,1566,0.0253107271581193,-0.0197992597501252,0.0307575439220313,0.0666386513875644,0.0358811074655331,c79f159b72602f24529f5acf82246a9cbfc18c428f6f84cfdce538a8a28fe953,e2d1328682bab7d2187684fb9f5420bb730401c9eefc00daf835edd203f4859d,-0.0008159215696912,1.0510004079125752,101,0.264674528733969,2020-02-27,-0.0362057082855677,-0.0415186822165422,-0.046000908121564,-0.0569165637960215,-0.0623825686159568,-0.076870621600539,same,0000072971-20-000217_same,https://www.sec.gov/Archives/edgar/data/72971/000007297120000217/wfc-12312019xex13.htm,2018.0,-0.0022675411803444005,1927555000000.0,1739571000000.0,19549000000.0,28.287273476347742,0.9024754157468918,0.0101418636562899
WFC,72971,WELLS FARGO & COMPANY/MN,current,2020,2020-12-31,2021-02-23,0000072971-21-000197,2021-02-23T21:58:04.000Z,https://www.sec.gov/Archives/edgar/data/72971/000007297121000197/wfc-20201231.htm,dei:DocumentFiscalYearFocus,62911,271,0.0043076727440352,1547,0.0245902942251752,1604,0.0254963360938468,-0.02028262148114,0.027769388501216,0.0642971817329242,0.0365277932317082,7b462e94e35b41a91d9967b00fb211fbb16bab46d521ab11b746ae434bb57cdb,e2d1328682bab7d2187684fb9f5420bb730401c9eefc00daf835edd203f4859d,0.0019211555429148,1.112738590232872,101,0.2239221622322381,2021-02-23,0.0014877797420131,0.0078008574181894,0.010883953398471,0.0208794610304577,0.1028089156171974,0.1221598580909227,same,0000072971-21-000197_same,https://www.sec.gov/Archives/edgar/data/72971/000007297121000197/wfc-20201231_d2.htm,2019.0,-0.0004833617310147989,1955163000000.0,1769243000000.0,3301000000.0,28.301494681849373,0.9049081841258249,0.0016883502807694
WFC,72971,WELLS FARGO & COMPANY/MN,current,2021,2021-12-31,2022-02-22,0000072971-22-000096,2022-02-22T22:01:56.000Z,https://www.sec.gov/Archives/edgar/data/72971/000007297122000096/wfc-20211231.htm,dei:DocumentFiscalYearFocus,57971,281,0.0048472512118128,1439,0.024822756205689,1614,0.0278415069603767,-0.0199755049938762,0.0277725069431267,0.065308516327129,0.0375360093840023,f9da3951fb022ccdedb369b53af347a23630ddf955400ffcbde02b2bf73fea3a,e2d1328682bab7d2187684fb9f5420bb730401c9eefc00daf835edd203f4859d,0.0014923802694216,1.2306550934902256,101,0.270385518484063,2022-02-22,-0.0001284068529066,-0.0038905495760407,-0.0618278093632325,-0.055690621020526,-0.1305390753782963,-0.1198139859721866,same,0000072971-22-000096_same,https://www.sec.gov/Archives/edgar/data/72971/000007297122000096/wfc-20211231_d2.htm,2020.0,0.0003071164872637984,1948068000000.0,1757958000000.0,21548000000.0,28.29785922813717,0.902411004133326,0.0110612155222507
WFC,72971,WELLS FARGO & COMPANY/MN,current,2022,2022-12-31,2023-02-21,0000072971-23-000071,2023-02-21T22:13:29.000Z,https://www.sec.gov/Archives/edgar/data/72971/000007297123000071/wfc-20221231.htm,dei:DocumentFiscalYearFocus,54855,250,0.0045574696928265,1436,0.0261781059155956,1519,0.027691185853614,-0.0216206362227691,0.0277458754899279,0.0667213563029805,0.0389754808130525,c30999a1a7c5d73c83007441b8f3419748708ddbebedac9255967fffb101da4f,e2d1328682bab7d2187684fb9f5420bb730401c9eefc00daf835edd203f4859d,0.0004401128717473,0.8284918234241974,101,0.4906753120338102,2023-02-21,-0.0066973474121425,-0.0011952627811729,-0.0083628448361384,0.0016821864054162,0.004549101161375,0.0144328008899879,same,0000072971-23-000071_same,https://www.sec.gov/Archives/edgar/data/72971/000007297123000071/wfc-20221231_d2.htm,2021.0,-0.0016451312288928988,1881016000000.0,1699141000000.0,13182000000.0,28.262833172325035,0.9033102323425212,0.0070079148715375
WFC,72971,WELLS FARGO & COMPANY/MN,current,2023,2023-12-31,2024-02-20,0000072971-24-000064,2024-02-20T22:06:58.000Z,https://www.sec.gov/Archives/edgar/data/72971/000007297124000064/wfc-20231231.htm,dei:DocumentFiscalYearFocus,53441,240,0.0044909339271345,1409,0.0263655245972193,1514,0.0283303081903407,-0.0218745906700847,0.0285548548866974,0.0673265844576261,0.0387717295709286,221a5b3db6033e6db84dc13f08efc3f9ab0645a6d667eed0a5f9492e5bced818,e2d1328682bab7d2187684fb9f5420bb730401c9eefc00daf835edd203f4859d,0.0008346607084216,0.998630632852292,101,0.2501782333831466,2024-02-20,0.0190239598159745,0.0215410119918464,0.0798658374457411,0.0856710413610906,0.1147774699086415,0.1239441900336996,same,0000072971-24-000064_same,https://www.sec.gov/Archives/edgar/data/72971/000007297124000064/wfc-20231231_d2.htm,2022.0,-0.00025395444731559844,1932468000000.0,1745025000000.0,19142000000.0,28.28981905840931,0.9030033097572636,0.0099054680336233
WFC,72971,WELLS FARGO & COMPANY/MN,current,2024,2024-12-31,2025-02-25,0000072971-25-000066,2025-02-25T21:36:31.000Z,https://www.sec.gov/Archives/edgar/data/72971/000007297125000066/wfc-20241231.htm,dei:DocumentFiscalYearFocus,47623,205,0.0043046427146546,1297,0.0272347395166201,1430,0.0300275077168595,-0.0229300968019654,0.025890851059362,0.0665854734057073,0.0406946223463452,2621a9410bdb07dbebec97af94e3f9db371c4dae78fa42bee3c352a898b174be,e2d1328682bab7d2187684fb9f5420bb730401c9eefc00daf835edd203f4859d,0.0022962957102067,1.374133401686079,101,0.268941927104134,2025-02-25,-0.007307852714882,-0.0039780267238697,0.0015589589383665,0.0060642502318324,-0.0334738173024204,-0.0291402732223026,same,0000072971-25-000066_same,https://www.sec.gov/Archives/edgar/data/72971/000007297125000066/wfc-20241231_d2.htm,2023.0,-0.001055506131880702,1929845000000.0,1748779000000.0,19722000000.0,28.288460804739422,0.9061758845917676,0.0102194735846661
WFC,72971,WELLS FARGO & COMPANY/MN,current,2025,2025-12-31,2026-02-24,0000072971-26-000133,2026-02-24T21:46:31.000Z,https://www.sec.gov/Archives/edgar/data/72971/000007297126000133/wfc-20251231_d2.htm,cover_fiscal_year_ended,45703,198,0.0043323195413867,1227,0.0268472529155635,1386,0.0303262367897074,-0.0225149333741767,0.0263877644793558,0.0671071920880467,0.0407194276086909,8ec8388c836267309632d5cf7d2ff534414aa4689d814b62a5fd2bfd11765515,e2d1328682bab7d2187684fb9f5420bb730401c9eefc00daf835edd203f4859d,0.0001255319936098,0.976898257819207,101,0.1986243903242772,2026-02-24,-0.0265923876741605,-0.026340594639311,-0.0814125503311164,-0.0805295521652671,-0.0481539288266953,-0.0467122430575346,same,0000072971-26-000133_same,https://www.sec.gov/Archives/edgar/data/72971/000007297126000133/wfc-20251231.htm,2024.0,0.00041516342778869994,2148631000000.0,1965593000000.0,21338000000.0,28.3958520110744,0.9148118034227376,0.0099309746531628
WMT,104169,Walmart Inc.,current,2016,2016-01-31,2016-03-30,0000104169-16-000079,2016-03-30T21:18:29.000Z,https://www.sec.gov/Archives/edgar/data/104169/000010416916000079/wmtform10-kx1312016.htm,cover_fiscal_year_ended,12109,63,0.0052027417623255,120,0.0099099843091915,206,0.0170121397307787,-0.0047072425468659,0.035345610702783,0.0537616648773639,0.0184160541745808,1e53f605614cf2473af8dc41d90127a34727f5ffbf3ed733fad9f2f4b1d9d895,e2d1328682bab7d2187684fb9f5420bb730401c9eefc00daf835edd203f4859d,0.0002952852734824,0.4871059962377846,101,0.1130878344978113,2016-03-30,-0.0008146660558112,-0.0056358884060688,0.0150731218515826,0.0097457331980131,0.0089109079937375,0.0083037790746871,same,0000104169-16-000079_same,https://www.sec.gov/Archives/edgar/data/104169/000010416916000079/wmtars-1312016.htm,,,199581000000.0,115970000000.0,14694000000.0,26.01948600591212,0.5810673360690647,0.0736242427886422
WMT,104169,Walmart Inc.,current,2017,2017-01-31,2017-03-31,0000104169-17-000021,2017-03-31T20:54:02.000Z,https://www.sec.gov/Archives/edgar/data/104169/000010416917000021/wmtform10-kx1312017.htm,cover_fiscal_year_ended,12470,82,0.0065757818765036,108,0.0086607858861267,196,0.0157177225340817,-0.002085004009623,0.0361668003207698,0.0542101042502004,0.0180433039294306,c4fcd422a116dc4eb452e2fa1bdf41cd06d80463688114f93f6f28f79b3e6668,e2d1328682bab7d2187684fb9f5420bb730401c9eefc00daf835edd203f4859d,-0.0001893817605312,0.4090447935522743,101,0.043722097065022,2017-03-31,0.016353770026094,0.0163541609393419,0.0276756454892042,0.0234664678958675,0.0433929230085116,0.0388760558979137,same,0000104169-17-000021_same,https://www.sec.gov/Archives/edgar/data/104169/000010416917000021/wmtars-1312017.htm,2016.0,0.0026222385372429,198825000000.0,118290000000.0,13643000000.0,26.01569087778961,0.5949453036589966,0.0686181315226958
WMT,104169,Walmart Inc.,current,2018,2018-01-31,2018-03-30,0000104169-18-000028,2018-03-30T20:01:22.000Z,https://www.sec.gov/Archives/edgar/data/104169/000010416918000028/wmtform10-kx1312018.htm,cover_fiscal_year_ended,10061,77,0.0076533147798429,96,0.0095417950501938,137,0.013616936686214,-0.0018884802703508,0.0391611171851704,0.0543683530464168,0.0152072358612463,ef68e732b1ac269aa80beebc6e982dda4ebd0e8d39c699ed0826c3e8f0e33d59,e2d1328682bab7d2187684fb9f5420bb730401c9eefc00daf835edd203f4859d,0.0008282611407515,0.8973528111014009,101,0.1602071740581354,2018-04-02,-0.016272947129434,-0.0142035934046576,-0.0029830182974809,0.0025804105827545,-0.008047500032539,0.0021011133660071,same,0000104169-18-000028_same,,2017.0,0.00019652373927219998,204522000000.0,123700000000.0,9862000000.0,26.043941386105114,0.604824908811766,0.048219751420385
WMT,104169,Walmart Inc.,current,2019,2019-01-31,2019-03-28,0000104169-19-000016,2019-03-28T20:56:37.000Z,https://www.sec.gov/Archives/edgar/data/104169/000010416919000016/wmtform10-kx1312019.htm,cover_fiscal_year_ended,9387,75,0.0079897730904442,99,0.0105465004793863,135,0.0143815915627996,-0.0025567273889421,0.041014168530947,0.0562480025567273,0.0152338340257803,9f7e1d41db335f0ac1728c87d8621caa982e53e9c15a9fa6b9b453e271ef0c10,e2d1328682bab7d2187684fb9f5420bb730401c9eefc00daf835edd203f4859d,0.0007635627993813,0.5832756063618646,101,0.3389360551285987,2019-03-28,-0.013597812097298,-0.0136738834958581,-0.0327239563793398,-0.0372175453758923,-0.0250815008702673,-0.0249001940735759,same,0000104169-19-000016_same,,2018.0,-0.0006682471185912998,219295000000.0,139661000000.0,6670000000.0,26.11368369229273,0.6368635855810666,0.0304156501516222
WMT,104169,Walmart Inc.,current,2020,2020-01-31,2020-03-20,0000104169-20-000011,2020-03-20T20:51:02.000Z,https://www.sec.gov/Archives/edgar/data/104169/000010416920000011/wmtform10-kx1312020.htm,dei:DocumentFiscalYearFocus,9959,73,0.0073300532181945,103,0.0103424038558088,141,0.0141580479967868,-0.0030123506376142,0.0388593232252234,0.0552264283562606,0.0163671051310372,79c21d9256c6c170c68e71ef8b5b51c4a54689a7a797ee02db384530e9d82fe6,e2d1328682bab7d2187684fb9f5420bb730401c9eefc00daf835edd203f4859d,-0.0003139315516437,0.3548617983532934,101,0.0943099062995183,2020-03-20,-0.0393262349591961,0.0035662545736658,0.0241995872134039,-0.0073783441835911,0.0587440380709462,0.0247765448733887,same,0000104169-20-000011_same,,2019.0,-0.0004556232486721003,236495000000.0,154943000000.0,14881000000.0,26.189192903005864,0.6551639569546925,0.0629231061967483
WMT,104169,Walmart Inc.,current,2021,2021-01-31,2021-03-19,0000104169-21-000033,2021-03-19T20:40:44.000Z,https://www.sec.gov/Archives/edgar/data/104169/000010416921000033/wmt-20210131.htm,dei:DocumentFiscalYearFocus,10095,84,0.0083209509658246,112,0.0110946012877662,134,0.0132738979692917,-0.0027736503219415,0.0428925210500247,0.0606240713224368,0.017731550272412,507156b941ddb8b4fc1b581025886571bef8e7cacd8c15ffbeb678ad03d79318,e2d1328682bab7d2187684fb9f5420bb730401c9eefc00daf835edd203f4859d,-0.0007513560090787,0.5194512979016259,101,0.1835195396254605,2021-03-19,0.0116174763382009,0.0133702835618562,0.0177889228390123,0.0222012504634727,0.0305686630156529,0.017857628041588,same,0000104169-21-000033_same,,2020.0,0.00023870031567270033,252496000000.0,164965000000.0,13510000000.0,26.25466124395219,0.6533370825676447,0.0535057981116532
WMT,104169,Walmart Inc.,current,2022,2022-01-31,2022-03-18,0000104169-22-000012,2022-03-18T21:03:00.000Z,https://www.sec.gov/Archives/edgar/data/104169/000010416922000012/wmt-20220131.htm,dei:DocumentFiscalYearFocus,9485,87,0.00917237743806,103,0.0108592514496573,125,0.0131787032156035,-0.0016868740115972,0.0433315761729045,0.0610437532946758,0.0177121771217712,126426c2e044e800fe29041e08ea84b12c6410351ffa351abe74a95c5065db4b,e2d1328682bab7d2187684fb9f5420bb730401c9eefc00daf835edd203f4859d,-0.0001718366499432,0.2160476488096805,101,0.0385499946147135,2022-03-18,-0.0084126169396754,-0.0274101579445185,-0.0237638928245175,-0.0770205601946064,-0.0023154994465887,-0.0554971478976915,same,0000104169-22-000012_same,,2021.0,0.0010867763103442998,244860000000.0,152969000000.0,13673000000.0,26.22395245559218,0.6247202483051539,0.0558400718778077
WMT,104169,Walmart Inc.,current,2023,2023-01-31,2023-03-17,0000104169-23-000020,2023-03-17T21:02:59.000Z,https://www.sec.gov/Archives/edgar/data/104169/000010416923000020/wmt-20230131.htm,dei:DocumentFiscalYearFocus,9075,72,0.0079338842975206,96,0.0105785123966942,117,0.012892561983471,-0.0026446280991735,0.0401101928374655,0.058732782369146,0.0186225895316804,343568ff67c0cf486735e108e36de44f307bdd220214c9a16d6c7ee678960d1c,e2d1328682bab7d2187684fb9f5420bb730401c9eefc00daf835edd203f4859d,0.0003660152892572,0.5716069656843986,101,0.3662678108710997,2023-03-17,0.0032438891273187,-0.0022814294135183,0.0049908408997178,-0.0016470900760569,0.0254735600777436,0.0234541895588976,same,0000104169-23-000020_same,,2022.0,-0.0009577540875763001,243197000000.0,159443000000.0,11680000000.0,26.217137651436023,0.6556125281150672,0.0480269082266639
WMT,104169,Walmart Inc.,current,2024,2024-01-31,2024-03-15,0000104169-24-000056,2024-03-15T20:54:48.000Z,https://www.sec.gov/Archives/edgar/data/104169/000010416924000056/wmt-20240131.htm,dei:DocumentFiscalYearFocus,8430,63,0.0074733096085409,88,0.0104389086595492,102,0.0120996441281138,-0.0029655990510083,0.0411625148279952,0.0606168446026097,0.0194543297746144,b6188d7f5e2d69011d54bd2573a45b699a14ec4ed07c40d04f8f71bec48c338a,e2d1328682bab7d2187684fb9f5420bb730401c9eefc00daf835edd203f4859d,-4.736743486181231e-05,0.3918535740183945,101,0.06422069206496,2024-03-15,-0.0021251713321526,-0.0004209717735312,0.005380158859896,-0.0075975944892958,0.0066815529264903,-0.0029484414893961,same,0000104169-24-000056_same,,2023.0,-0.00032097095183480006,252399000000.0,162050000000.0,15511000000.0,26.254277005640485,0.6420389938153479,0.0614542846841707
WMT,104169,Walmart Inc.,current,2025,2025-01-31,2025-03-14,0000104169-25-000021,2025-03-14T20:40:52.000Z,https://www.sec.gov/Archives/edgar/data/104169/000010416925000021/wmt-20250131.htm,dei:DocumentFiscalYearFocus,8068,61,0.0075607337630143,73,0.0090480912245909,103,0.0127664848785324,-0.0014873574615765,0.0479672781358453,0.0668071393158155,0.0188398611799702,617125e6ca7c60f0026d69f406195d498cbcc6acfd2064ff13bf724aa1c1b6ed,e2d1328682bab7d2187684fb9f5420bb730401c9eefc00daf835edd203f4859d,0.0026612062756251,0.2780459676207603,101,0.0397196516697195,2025-03-14,0.0147468394728119,0.0127739789800135,-0.0378728725443363,-0.0273700238855383,-0.1168398085746515,-0.079222404523812,same,0000104169-25-000021_same,,2024.0,0.0014782415894318002,260823000000.0,163402000000.0,19436000000.0,26.28710785329444,0.626486161113092,0.0745179681239767
XOM,34088,EXXON MOBIL CORP,predecessor,2016,2016-12-31,2017-02-22,0000034088-17-000017,2017-02-22T21:47:56.000Z,https://www.sec.gov/Archives/edgar/data/34088/000003408817000017/xom10k2016.htm,cover_fiscal_year_ended,12631,115,0.0091045839600981,139,0.011004671047423,179,0.014171482859631,-0.0019000870873248,0.0379225714511915,0.0589026997070699,0.0209801282558783,060ed33288a5d5ab99b8f3fb0e4c48f5aa182cb199606ddee49ce5f80c89f03d,e2d1328682bab7d2187684fb9f5420bb730401c9eefc00daf835edd203f4859d,-0.0006329429126549,1.0025509069127432,101,0.324158456697626,2017-02-22,-0.0031301854140544,-0.005015277893948,-0.0237211149462255,-0.0281294953068917,-0.0211926207781168,-0.0280815120028155,same,0000034088-17-000017_same,,,,330314000000.0,156484000000.0,7840000000.0,26.523309554154867,0.47374316559395,0.0237349915534915
XOM,34088,EXXON MOBIL CORP,predecessor,2017,2017-12-31,2018-02-28,0000034088-18-000015,2018-02-28T21:39:51.000Z,https://www.sec.gov/Archives/edgar/data/34088/000003408818000015/xom10k2017.htm,cover_fiscal_year_ended,13172,123,0.0093379896750683,138,0.0104767689037351,190,0.014424536896447,-0.0011387792286668,0.0424385059216519,0.0611144852717886,0.0186759793501366,c1c961c58d3a38643e83591a15cd4a145a0c093925bbc1be0cdd868ae4bf089f,e2d1328682bab7d2187684fb9f5420bb730401c9eefc00daf835edd203f4859d,9.05978711000946e-05,0.8569986460897381,101,0.3044611159220453,2018-02-28,-0.0152895722169671,-0.0097085563795584,-0.0001695334457016,-0.0005023155446417,-0.0232867499171344,-0.0229185178782772,same,0000034088-18-000015_same,,2016.0,0.0007613078586579999,348691000000.0,154191000000.0,19710000000.0,26.577451980142936,0.4421995405674365,0.0565256918016237
XOM,34088,EXXON MOBIL CORP,predecessor,2018,2018-12-31,2019-02-27,0000034088-19-000010,2019-02-27T21:19:37.000Z,https://www.sec.gov/Archives/edgar/data/34088/000003408819000010/xom10k2018.htm,cover_fiscal_year_ended,12811,119,0.0092888923581297,137,0.0106939348996955,191,0.014909062524393,-0.0014050425415658,0.0421512762469752,0.0608851768011864,0.0187339005542112,61e24e1915cce60591f9a1e920d9f0c96940dd3f5f671189430b6b552424ef53,e2d1328682bab7d2187684fb9f5420bb730401c9eefc00daf835edd203f4859d,-0.0002261861323537,0.8247454766956894,101,0.5536422930769684,2019-02-27,0.0109082265444679,0.0109587295580922,0.027902081734151,0.0251800253419327,0.0185151746725284,0.0165366350966751,same,0000034088-19-000010_same,,2017.0,-0.000266263312899,346196000000.0,147668000000.0,20840000000.0,26.57027092560676,0.4265445008030133,0.0601971137737004
XOM,34088,EXXON MOBIL CORP,predecessor,2019,2019-12-31,2020-02-26,0000034088-20-000016,2020-02-26T21:15:19.000Z,https://www.sec.gov/Archives/edgar/data/34088/000003408820000016/xom10k2019.htm,dei:DocumentFiscalYearFocus,13095,134,0.0102329133256968,147,0.011225658648339,184,0.0140511645666284,-0.0009927453226422,0.041618938526155,0.0607865597556319,0.0191676212294769,e33399092d0b663392607b1539cee72d5874579ec81782f9213e395613caedab,e2d1328682bab7d2187684fb9f5420bb730401c9eefc00daf835edd203f4859d,-0.0016956731717277,1.0782448718445312,101,0.3081081164999057,2020-02-26,-0.0310289020743355,-0.0422363746436127,0.0033819708715234,-0.0150957257508815,-0.0323174310254998,-0.0564053239996975,same,0000034088-20-000016_same,,2018.0,0.0004122972189236,362597000000.0,163659000000.0,14340000000.0,26.616557861653234,0.4513523277909083,0.0395480381801283
XOM,34088,EXXON MOBIL CORP,predecessor,2020,2020-12-31,2021-02-24,0000034088-21-000012,2021-02-24T22:01:02.000Z,https://www.sec.gov/Archives/edgar/data/34088/000003408821000012/xom-20201231.htm,dei:DocumentFiscalYearFocus,14070,150,0.0106609808102345,206,0.0146410803127221,186,0.0132196162046908,-0.0039800995024875,0.0367448471926083,0.0603411513859275,0.0235963041933191,0fadc0cfd4b456468831dbe588e3fc75dcfdfc65900f3a77fd17865ad56eacf5,e2d1328682bab7d2187684fb9f5420bb730401c9eefc00daf835edd203f4859d,0.0009686812084773,1.0090923664394915,101,0.165571083153922,2021-02-24,0.0362792445952083,0.0390773538693605,0.078855645655435,0.0856144282053055,0.1031340106553901,0.113532177489077,same,0000034088-21-000012_same,,2019.0,-0.0029873541798453003,332750000000.0,168620000000.0,-22440000000.0,26.53065729422164,0.5067468069120962,-0.0674380165289256
XOM,34088,EXXON MOBIL CORP,predecessor,2021,2021-12-31,2022-02-23,0000034088-22-000011,2022-02-23T21:11:16.000Z,https://www.sec.gov/Archives/edgar/data/34088/000003408822000011/xom-20211231.htm,dei:DocumentFiscalYearFocus,14185,177,0.0124779696862883,203,0.014310891787099,184,0.0129714487134296,-0.0018329221008107,0.0382093761015156,0.0609799083538949,0.0227705322523792,bce4e54ca655394254f247d6b4194a8e7fadcec4b26bd6c43f07669c963cf411,e2d1328682bab7d2187684fb9f5420bb730401c9eefc00daf835edd203f4859d,0.0036844851583436,0.7791588115830329,101,0.1734570179786574,2022-02-23,-0.0206727419469589,-0.0066162411640078,-0.0071471803910463,0.0235043643415696,-0.018502504012569,0.0225105456833651,same,0000034088-22-000011_same,,2020.0,0.0021471774016768004,338923000000.0,163240000000.0,23040000000.0,26.549038779883904,0.4816433231146897,0.067980042664558
XOM,34088,EXXON MOBIL CORP,predecessor,2022,2022-12-31,2023-02-22,0000034088-23-000020,2023-02-22T21:37:14.000Z,https://www.sec.gov/Archives/edgar/data/34088/000003408823000020/xom-20221231.htm,dei:DocumentFiscalYearFocus,15815,188,0.0118874486247233,211,0.0133417641479607,199,0.012582990831489,-0.0014543155232374,0.0374960480556433,0.058931394245969,0.0214353461903256,2a4df468ee31d2cc32439e41f4537c247cc6e7cd9dbfaba678280debac9d2d91,e2d1328682bab7d2187684fb9f5420bb730401c9eefc00daf835edd203f4859d,0.0014732240204191,0.7749124487495361,101,0.3634441250131267,2023-02-22,0.0034630284142101,0.0115483325008426,-0.026912524608738,-0.0075275651962206,-0.0403167333080979,-0.0138530028087026,same,0000034088-23-000020_same,,2021.0,0.0003786065775732998,369067000000.0,166594000000.0,55740000000.0,26.63424403632049,0.4513922946240113,0.151029487870766
XOM,34088,EXXON MOBIL CORP,predecessor,2023,2023-12-31,2024-02-28,0000034088-24-000018,2024-02-28T21:37:18.000Z,https://www.sec.gov/Archives/edgar/data/34088/000003408824000018/xom-20231231.htm,dei:DocumentFiscalYearFocus,16431,213,0.012963301077232,216,0.0131458827825451,205,0.0124764165297303,-0.0001825817053131,0.0384638792526322,0.0593999147952041,0.0209360355425719,3776debd471f42bb24a922dc75db4137e7eff72bc33b4ca1d3b0a3e207f8ab49,e2d1328682bab7d2187684fb9f5420bb730401c9eefc00daf835edd203f4859d,-0.0007868349476202,0.2055626348169719,101,0.0112637142574457,2024-02-28,0.0038702849489813,-0.0026826957293739,0.0001359999875709,-0.0122461528032479,0.042261196097665,0.012960063103683,same,0000034088-24-000018_same,,2022.0,0.0012717338179243,376317000000.0,163779000000.0,36010000000.0,26.653697710246067,0.4352155230829327,0.0956906012749889
XOM,34088,EXXON MOBIL CORP,predecessor,2024,2024-12-31,2025-02-19,0000034088-25-000010,2025-02-19T21:39:37.000Z,https://www.sec.gov/Archives/edgar/data/34088/000003408825000010/xom-20241231.htm,dei:DocumentFiscalYearFocus,16785,224,0.0133452487339886,224,0.0133452487339886,213,0.0126899016979445,0.0,0.0397378611855823,0.0601131963062257,0.0203753351206434,273dee2ec95319a4390c92451bc76a28a5c385498d4321e62f76af6f57ce69c1,e2d1328682bab7d2187684fb9f5420bb730401c9eefc00daf835edd203f4859d,-0.0004570568254837,0.2653168667895449,101,0.029254738489901,2025-02-19,0.0356605376665034,0.033931009263555,0.042414002810038,0.0474365268501825,0.0060008154787992,0.0142849900291813,same,0000034088-25-000010_same,,2023.0,0.0001825817053131,453475000000.0,182869000000.0,33680000000.0,26.840205978190443,0.403261480787254,0.0742709079883124
XOM,34088,EXXON MOBIL CORP,predecessor,2025,2025-12-31,2026-02-18,0000034088-26-000045,2026-02-18T21:06:52.000Z,https://www.sec.gov/Archives/edgar/data/34088/000003408826000045/xom-20251231.htm,dei:DocumentFiscalYearFocus,16523,229,0.0138594686195,209,0.0126490346789323,208,0.012588512981904,0.0012104339405676,0.0391575379773648,0.0596138715729589,0.020456333595594,607dd0f7294201d40006034dcf38ebc1c496e098e920041a05a79fff0d906742,e2d1328682bab7d2187684fb9f5420bb730401c9eefc00daf835edd203f4859d,0.0016879160393426,0.0309564776897875,101,0.0002874157533265,2026-02-18,0.01223346422241,0.0136388147562662,-0.0343945816112012,-0.0082057499642339,-0.024118708586185,-0.0032285603699074,same,0000034088-26-000045_same,,2024.0,0.0012104339405676,448980000000.0,182354000000.0,28844000000.0,26.83024418026673,0.406151721680253,0.0642433961423671
