stock,market,relative_day,expected_return,abnormal_return,event_id,alignment_rule
-0.0029797679944459,0.002191971018971,-5,0.0034580417371889,-0.0064378097316349,0001628280-16-020309_same,same
-0.0005120225603264,-0.0013757239543792,-4,0.000488377122526,-0.0010003996828524,0001628280-16-020309_same,same
-0.0039297735116662,-8.414160005176807e-05,-3,0.0015634596178682,-0.0054932331295345,0001628280-16-020309_same,same
0.0090052185245996,0.0047498395416929,-2,0.0055871507831213,0.0034180677414783,0001628280-16-020309_same,same
0.005099994342792,-0.0037977277864983,-1,-0.0015276413797698,0.0066276357225618,0001628280-16-020309_same,same
-0.0224948966125865,-0.0017404116452881,0,0.0001848197446714,-0.0226797163572579,0001628280-16-020309_same,same
-0.0096027039357859,-0.0029867267366989,1,-0.0008525833554617,-0.0087501205803242,0001628280-16-020309_same,same
-0.0066387990056119,-0.0031082993435224,2,-0.0009537775077905,-0.0056850214978213,0001628280-16-020309_same,same
-0.0015828727622448,-0.0001222764078291,3,0.0015317171090245,-0.0031145898712693,0001628280-16-020309_same,same
-0.0180555215809805,-0.0067868834764276,4,-0.0040157436268533,-0.0140397779541272,0001628280-16-020309_same,same
0.0008972622728147,-0.0065255002974123,5,-0.003798174472711,0.0046954367455257,0001628280-16-020309_same,same
0.0358299978162983,0.0080730224980496,-5,0.0123748028753203,0.023455194940978,0000320193-17-000070_same,same
0.0225082192850873,-0.0031924705707864,-4,-0.0061468192712293,0.0286550385563167,0000320193-17-000070_same,same
0.0139156495433108,0.0009444586571358,-3,0.0006547152500209,0.0132609342932898,0000320193-17-000070_same,same
-0.0127188881641988,0.0015921101716727,-2,0.0017195205418616,-0.0144384087060605,0000320193-17-000070_same,same
0.0073104649261217,0.0001899658108865,-1,-0.0005857481123117,0.0078962130384334,0000320193-17-000070_same,same
0.0261136097155492,0.0030970753849743,0,0.0041938371877601,0.021919772527789,0000320193-17-000070_same,same
0.0101446861174743,0.0012712512404724,1,0.0011919956612617,0.0089526904562125,0000320193-17-000070_same,same
0.0032138330659998,-0.0001891029228697,2,-0.0012089758584304,0.0044228089244303,0000320193-17-000070_same,same
0.0081807228701009,0.0014436550000984,3,0.0014754450649342,0.0067052778051667,0000320193-17-000070_same,same
-0.0020427459684529,-0.003761887644002,4,-0.0070829991445337,0.0050402531760807,0000320193-17-000070_same,same
-0.0033098655410228,-0.0008976438525517,5,-0.0023738895727922,-0.0009359759682306,0000320193-17-000070_same,same
-0.0187701150635198,-0.0065595995737004,-5,-0.0061519711969964,-0.0126181438665233,0000320193-18-000145_same,same
0.0049944098672407,0.0156667800520586,-4,0.0187918673132568,-0.013797457446016,0000320193-18-000145_same,same
0.0260665559369355,0.0108513319740386,-3,0.0133876691831468,0.0126788867537886,0000320193-18-000145_same,same
0.0153522346949481,0.0105578436930637,-2,0.013058298210071,0.0022939364848771,0000320193-18-000145_same,same
-0.0663305609370209,-0.0063166863793988,-1,-0.0058793587611121,-0.0604512021759088,0000320193-18-000145_same,same
-0.0283884626229588,0.0056003171696019,0,0.0074946507292993,-0.0358831133522581,0000320193-18-000145_same,same
0.0108137866909063,0.0062592957741707,1,0.008234197887714,0.0025795888031923,0000320193-18-000145_same,same
0.0303286503210951,0.0212088560641052,2,0.0250115329260867,0.0053171173950083,0000320193-18-000145_same,same
-0.0034891879858288,-0.0025089163835961,3,-0.0016060402333653,-0.0018831477524635,0000320193-18-000145_same,same
-0.0192816539450082,-0.0091990137061033,4,-0.009114087429549,-0.0101675665154591,0000320193-18-000145_same,same
-0.0503744090711271,-0.0197014893402406,5,-0.0209006248947951,-0.0294737841763319,0000320193-18-000145_same,same
0.0016450178576439,0.0019204463587332,-5,0.0040204846988822,-0.0023754668412382,0000320193-19-000119_same,same
0.0123163924348481,0.0040727005061091,-4,0.0073074144495143,0.0050089779853338,0000320193-19-000119_same,same
0.0100167798618957,0.0055813378684714,-3,0.0096114104879512,0.0004053693739444,0000320193-19-000119_same,same
-0.0231278793090193,-0.0008324053147991,-2,-0.0001836796075695,-0.0229441997014498,0000320193-19-000119_same,same
-0.0001231996430937,0.0032533701591457,-1,0.0060561303963213,-0.006179330039415,0000320193-19-000119_same,same
0.0226094297970964,-0.0030228605633046,0,-0.0035289502079395,0.026138380005036,0000320193-19-000119_same,same
0.0283809374539372,0.009662312168146,1,0.0158438881223977,0.0125370493315394,0000320193-19-000119_same,same
0.0065669151442009,0.0037040890497046,2,0.006744469797296,-0.000177554653095,0000320193-19-000119_same,same
-0.001436764308223,-0.0011856992143612,3,-0.0007232312356166,-0.0007135330726064,0000320193-19-000119_same,same
0.0004280565662961,0.0007024972279667,4,0.00216042870245,-0.0017323721361538,0000320193-19-000119_same,same
0.0115408375563321,0.0027300951851503,5,0.0052569831014334,0.0062838544548986,0000320193-19-000119_same,same
-0.0061339733504397,0.0034457613537031,-5,0.0064429794668748,-0.0125769528173146,0000320193-20-000096_same,same
8.697635495469314e-05,-0.0185895162945356,-4,-0.0210144123469146,0.0211013887018693,0000320193-20-000096_same,same
0.0134722936318179,-0.0030256189119989,-3,-0.0016207820326589,0.0150930756644768,0000320193-20-000096_same,same
-0.0463121875364586,-0.0352878787606047,-2,-0.0418216600793336,-0.0044905274571249,0000320193-20-000096_same,same
0.0370503936070263,0.0119473308942383,-1,0.0170364890941662,0.02001390451286,0000320193-20-000096_same,same
-0.0560179466703402,-0.0121295501301756,0,-0.0129648735614194,-0.0430530731089207,0000320193-20-000096_same,same
-0.0008269368364889,0.0123182026012718,1,0.0174986194078943,-0.0183255562443832,0000320193-20-000096_same,same
0.0153537308129931,0.0177992900964345,2,0.0243284115858192,-0.008974680772826,0000320193-20-000096_same,same
0.0408364337905222,0.0220470477016834,3,0.0296213943545952,0.0112150394359269,0000320193-20-000096_same,same
0.0354938006331166,0.0194601941389629,4,0.0263980062507385,0.0090957943823781,0000320193-20-000096_same,same
-0.0011361769481013,-0.0002877151874185,5,0.0017908244156149,-0.0029270013637162,0000320193-20-000096_same,same
-0.0052847452692288,-0.001072553627413,-5,-0.0006709201160021,-0.0046138251532266,0000320193-21-000105_same,same
-0.0003366807465853,0.0047481965694935,-4,0.0068602398295361,-0.0071969205761214,0000320193-21-000105_same,same
0.0045750326295634,0.0018197952535197,-3,0.0030713366900328,0.0015036959395306,0000320193-21-000105_same,same
-0.003147570483766,-0.0050515680684628,-2,-0.0058191558532234,0.0026715853694574,0000320193-21-000105_same,same
0.0249918574041498,0.0098292815764611,-1,0.0134343862178634,0.0115574711862864,0000320193-21-000105_same,same
-0.0181560329066048,0.0019493347191492,0,0.0032389409338009,-0.0213949738404058,0000320193-21-000105_same,same
-0.0056073294530846,0.0018000771431341,1,0.003045824472859,-0.0086531539259437,0000320193-21-000105_same,same
0.0071159789997909,0.0036803630854131,2,0.005478626722675,0.0016373522771159,0000320193-21-000105_same,same
0.0097989825817996,0.0064612791953579,3,0.0090767065767543,0.0007222760050452,0000320193-21-000105_same,same
-0.0034987223157658,0.0041819423611504,4,0.0061275935436445,-0.0096263158594104,0000320193-21-000105_same,same
0.0035822006071719,0.0037327996529492,5,0.0055464716161595,-0.0019642710089875,0000320193-21-000105_same,same
0.0270589769522517,0.0237248198222648,-5,0.0303413881409657,-0.0032824111887139,0000320193-22-000108_same,same
0.0148028866326126,0.0118819766546198,-4,0.0154791798809221,-0.0006762932483095,0000320193-22-000108_same,same
0.0193374099479277,0.0162666545796699,-3,0.0209817433745724,-0.0016443334266447,0000320193-22-000108_same,same
-0.0196270957000262,-0.0073877160723645,-2,-0.0087033734435969,-0.0109237222564293,0000320193-22-000108_same,same
-0.0304652959016107,-0.0060826106182112,-1,-0.0070655278024473,-0.0233997680991633,0000320193-22-000108_same,same
0.0755523267088615,0.0246263778959276,0,0.0314728008988335,0.044079525810028,0000320193-22-000108_same,same
-0.015410273355746,-0.0074544041076575,1,-0.0087870637749596,-0.0066232095807864,0000320193-22-000108_same,same
-0.017542868250589,-0.0041012306087846,2,-0.0045789895678756,-0.0129638786827133,0000320193-22-000108_same,same
-0.0373048918724752,-0.0250019848573428,3,-0.0308084479873469,-0.0064964438851282,0000320193-22-000108_same,same
-0.0424051632258318,-0.0105859923154296,4,-0.0127170589179977,-0.0296881043078341,0000320193-22-000108_same,same
-0.0019473027437433,0.0136187246700705,5,0.0176587165289598,-0.0196060192727031,0000320193-22-000108_same,same
0.0079693465571357,-0.0048002802297685,-5,-0.0054848024438321,0.0134541490009678,0000320193-23-000106_same,same
0.0123050202765397,0.0120100223258599,-4,0.0132187562301151,-0.0009137359535753,0000320193-23-000106_same,same
0.0028190400769398,0.0064749573072333,-3,0.0070603058989917,-0.0042412658220518,0000320193-23-000106_same,same
0.0187385054983428,0.0105059994863139,-2,0.0115453431946676,0.0071931623036752,0000320193-23-000106_same,same
0.0206932060917308,0.0188585570201276,-1,0.0208386054303849,-0.0001453993386541,0000320193-23-000106_same,same
-0.0051810967004507,0.0093937302530313,0,0.0103078049173472,-0.015488901617798,0000320193-23-000106_same,same
0.0146052818998527,0.0017529924220356,1,0.0018065309003351,0.0127987509995176,0000320193-23-000106_same,same
0.0144510383785141,0.0028401189192852,2,0.0030160947472691,0.0114349436312449,0000320193-23-000106_same,same
0.0058846204749816,0.0010049156221052,3,0.000974202138029,0.0049104183369525,0000320193-23-000106_same,same
-0.0026245711543073,-0.0080838393067328,4,-0.0091381715400838,0.0065136003857764,0000320193-23-000106_same,same
0.0232202171549826,0.0156164410948524,5,0.0172313470104097,0.0059888701445729,0000320193-23-000106_same,same
0.0036431749261158,-0.0002994471699301,-5,0.0008989520000841,0.0027442229260316,0000320193-24-000123_same,same
0.0085993400876005,0.0026514435020339,-4,0.0040008901631039,0.0045984499244966,0000320193-24-000123_same,same
0.0011568830752404,0.0016141272481633,-3,0.002910476714184,-0.0017535936389436,0000320193-24-000123_same,same
-0.0152779161476013,-0.0033002338893437,-2,-0.0022554362435969,-0.0130224799040043,0000320193-24-000123_same,same
-0.0182095503531156,-0.0186147008716995,-1,-0.0183538061460157,0.0001442557929001,0000320193-24-000123_same,same
-0.0132796264592964,0.0040925095436261,0,0.0055157201743667,-0.0187953466336632,0000320193-24-000123_same,same
-0.0040374975867026,-0.0028120834782999,1,-0.0017422988360688,-0.0022951987506338,0000320193-24-000123_same,same
0.0064861286472346,0.0122656445452913,2,0.0141072141304281,-0.0076210854831935,0000320193-24-000123_same,same
-0.0032669229763897,0.0252959277864259,3,0.0278044795847695,-0.0310714025611593,0000320193-24-000123_same,same
0.0213722332641801,0.0074312297274883,4,0.0090253397113972,0.0123468935527828,0000320193-24-000123_same,same
-0.0011882751173445,0.0037568333092317,5,0.0051628616520976,-0.0063511367694421,0000320193-24-000123_same,same
0.0124817513769361,0.0079024225878738,-5,0.0112169752637416,0.0012647761131945,0000320193-25-000079_same,same
0.0227913882702301,0.0122900508656711,-4,0.0172292385516511,0.005562149718579,0000320193-25-000079_same,same
0.0007067041980304,0.0022879438603986,-3,0.0035235878123108,-0.0028168836142804,0000320193-25-000079_same,same
0.00260220986863,-4.3578255173426506e-05,-2,0.0003287581838901,0.0022734516847398,0000320193-25-000079_same,same
0.0063033475055775,-0.0099048124395192,-1,-0.0131838578597336,0.0194872053653112,0000320193-25-000079_same,same
-0.0037951561451634,0.0026179217059763,0,0.0039757486521042,-0.0077709047972676,0000320193-25-000079_same,same
-0.0048823604449951,0.0017207127269924,1,0.0027463244018267,-0.0076286848468218,0000320193-25-000079_same,same
0.0036798499780619,-0.0117368300845838,2,-0.0156942283225099,0.0193740783005718,0000320193-25-000079_same,same
0.0003703449539222,0.0036535556982648,3,0.0053948534251898,-0.0050245084712675,0000320193-25-000079_same,same
-0.0013698257358518,-0.011178189042419,4,-0.0149287357109496,0.0135589099750977,0000320193-25-000079_same,same
-0.0048189630202891,0.001261841800771,5,0.0021175444211773,-0.0069365074414664,0000320193-25-000079_same,same
-0.0069033286425965,0.0035660501028451,-5,0.0031268509774391,-0.0100301796200357,0001551152-17-000004_same,same
0.0014895476775695,0.0052458450979924,-4,0.0049513308080759,-0.0034617831305063,0001551152-17-000004_same,same
0.0051233439748035,0.0040073351766347,-3,0.0036061450097562,0.0015171989650472,0001551152-17-000004_same,same
0.0136464684464487,0.0049923089198982,-2,0.0046759569412613,0.0089705115051874,0001551152-17-000004_same,same
-0.0027573335978362,-0.0008641180363413,-1,-0.0016848983369865,-0.0010724352608496,0001551152-17-000004_same,same
0.0047170538439094,0.0016785565287558,0,0.0010767829832308,0.0036402708606785,0001551152-17-000004_same,same
0.0009714200495363,0.0060480661608284,1,0.00582264912554,-0.0048512290760037,0001551152-17-000004_same,same
-0.0076016008633115,-0.001082200145408,2,-0.0019217643894301,-0.0056798364738813,0001551152-17-000004_same,same
0.0094522815839419,0.0004189867216857,3,-0.0002912766400667,0.0097435582240087,0001551152-17-000004_same,same
0.0024219306903234,0.0014933641914423,4,0.0008756395787124,0.001546291111611,0001551152-17-000004_same,same
0.0020937292966558,0.0010179830611165,5,0.00035931271344,0.0017344165832158,0001551152-17-000004_same,same
0.0259957024029249,0.0149360902084947,-5,0.0198269475268339,0.0061687548760909,0001551152-18-000014_same,same
0.0056599452405741,0.0139145847540425,-4,0.0186267661539758,-0.0129668209134017,0001551152-18-000014_same,same
-0.0006250724772951,0.002612929746329,-3,0.0053482899954715,-0.0059733624727666,0001551152-18-000014_same,same
0.0109064271955288,0.0134024582572458,-2,0.0180250614060242,-0.0071186342104953,0001551152-18-000014_same,same
0.0160950974064151,0.0120691127622993,-1,0.0164584947081722,-0.0003633973017571,0001551152-18-000014_same,same
0.0322013286107352,0.0003734693722488,0,0.002717115962567,0.0294842126481681,0001551152-18-000014_same,same
-0.0052274404171938,-0.0058413894593534,1,-0.0045848105931079,-0.0006426298240858,0001551152-18-000014_same,same
-0.0005932037778503,-0.0054965031281792,2,-0.0041795987084092,0.0035863949305589,0001551152-18-000014_same,same
-0.0029684274750358,0.0009735510790762,3,0.003422160545137,-0.0063905880201729,0001551152-18-000014_same,same
0.0101224419146799,0.0160283763505131,4,0.021110290142155,-0.0109878482274751,0001551152-18-000014_same,same
0.0234944981826081,0.0117570153438109,5,0.0160918069860906,0.0074026911965174,0001551152-18-000014_same,same
-0.006582182898944,0.0017771107537685,-5,0.0007001378032467,-0.0072823207021908,0001551152-19-000008_same,same
-0.0155020315985785,-0.0035264367908802,-4,-0.0040810706971607,-0.0114209609014178,0001551152-19-000008_same,same
0.0161270527942107,0.0064111023949868,-3,0.0048777340328055,0.0112493187614052,0001551152-19-000008_same,same
0.0033742333492434,0.0012318625699112,-2,0.0002085903570246,0.0031656429922188,0001551152-19-000008_same,same
0.0027403850692175,-0.0007904570968998,-1,-0.0016145538497723,0.0043549389189899,0001551152-19-000008_same,same
-0.0136631809378466,-0.0005440493877303,0,-0.0013924144942317,-0.0122707664436149,0001551152-19-000008_same,same
-0.0021406954686593,-0.0028255083152146,1,-0.0034491756952178,0.0013084802265584,0001551152-19-000008_same,same
0.0108529587287695,0.0068953205934343,2,0.0053142622522621,0.0055386964765073,0001551152-19-000008_same,same
-0.0079900080036464,-0.003880558492514,3,-0.0044003154433944,-0.003589692560252,0001551152-19-000008_same,same
-0.0069217351812519,-0.0011315328231061,4,-0.0019220375006101,-0.0049996976806418,0001551152-19-000008_same,same
-0.0103915444277821,-0.0065240986535923,5,-0.0067834969993077,-0.0036080474284743,0001551152-19-000008_same,same
-0.0249515694098355,-0.0016304457368023,-5,-0.0001663675328349,-0.0247852018770006,0001551152-20-000007_same,same
-0.0136336438613207,0.0018435333204338,-4,0.0033056523163429,-0.0169392961776636,0001551152-20-000007_same,same
-0.0046785365986417,-0.0029199426368901,-3,-0.0014551371997769,-0.0032233993988647,0001551152-20-000007_same,same
0.0056618750994363,0.0047057858811645,-2,0.0061662906623102,-0.0005044155628738,0001551152-20-000007_same,same
0.0009559345257283,-0.0038155197636281,-1,-0.0023502092509533,0.0033061437766817,0001551152-20-000007_same,same
0.0077469387866402,-0.0105181030271228,0,-0.0090490124815448,0.016795951268185,0001551152-20-000007_same,same
-0.0191660104057467,-0.0335136266712231,1,-0.032031567419016,0.0128655570132693,0001551152-20-000007_same,same
-0.0425164315223784,-0.0302799955650561,2,-0.0287997599726974,-0.013716671549681,0001551152-20-000007_same,same
-0.0086342122209442,-0.003778540605322,3,-0.0023132509476563,-0.0063209612732879,0001551152-20-000007_same,same
-0.0338197542911852,-0.0441632425840791,4,-0.042675177304498,0.0088554230133128,0001551152-20-000007_same,same
0.0033946112672031,-0.0082383404443618,5,-0.0067705356086714,0.0101651468758746,0001551152-20-000007_same,same
-0.002883023986251,0.0016624551635393,-5,0.002404979753734,-0.0052880037399851,0001551152-21-000008_same,same
0.0066504802838318,0.0047110331133788,-4,0.0044409229262423,0.0022095573575895,0001551152-21-000008_same,same
-0.0022980219352229,-0.0005692724183511,-3,0.0009145568063767,-0.0032125787415997,0001551152-21-000008_same,same
0.02005749464617,-0.0003204020092266,-2,0.0010807608590968,0.0189767337870732,0001551152-21-000008_same,same
-0.0021636755459297,-0.0044158356273545,-1,-0.0016543078353832,-0.0005093677105465,0001551152-21-000008_same,same
-0.0099002789909764,-0.0018548966445751,0,5.597358860803445e-05,-0.0099562525795844,0001551152-21-000008_same,same
0.0195220359248484,-0.0077328394581538,1,-0.0038695148642391,0.0233915507890875,0001551152-21-000008_same,same
-0.0073790313606204,0.0012563181187927,2,0.0021337477377057,-0.0095127790983262,0001551152-21-000008_same,same
0.0227722573001041,0.011351613765979,3,0.0088757266490283,0.0138965306510757,0001551152-21-000008_same,same
-0.0125126735992884,-0.0244788075251262,4,-0.0150530371208336,0.0025403635215452,0001551152-21-000008_same,same
0.003819993147524,-0.0047502141699028,5,-0.0018776171034865,0.0056976102510105,0001551152-21-000008_same,same
-0.0049052123518293,-0.0189694543445634,-5,-0.0074981127818507,0.0025929004300213,0001551152-22-000007_same,same
0.0069715128754788,-0.0038405967262932,-4,-0.0004141471575183,0.0073856600329971,0001551152-22-000007_same,same
0.0123076122688126,0.0157667211707204,-3,0.0087668213909636,0.0035407908778489,0001551152-22-000007_same,same
0.0076679220945359,0.000881207755895,-2,0.0017967997282693,0.0058711223662665,0001551152-22-000007_same,same
-0.0061697276682725,-0.021173138152195,-1,-0.0085299699606312,0.0023602422923587,0001551152-22-000007_same,same
-0.0064843445201028,-0.0071661613961429,0,-0.0019713160064246,-0.0045130285136781,0001551152-22-000007_same,same
0.0106228290474117,-0.0101429452648328,1,-0.0033651710567492,0.0139880001041609,0001551152-22-000007_same,same
0.0082442136065454,-0.0184121228454876,2,-0.0072371468001204,0.0154813604066659,0001551152-22-000007_same,same
-0.0101528277397962,0.0149568560673292,3,0.0083876085847144,-0.0185404363245106,0001551152-22-000007_same,same
0.0293935917708827,0.0223726776556034,4,0.011860007263652,0.0175335845072306,0001551152-22-000007_same,same
-0.0118361230392882,-0.0024426034406476,5,0.000240451929104,-0.0120765749683923,0001551152-22-000007_same,same
0.0225288650103048,0.0021952617756952,-5,0.0022635628349666,0.0202653021753381,0001551152-23-000011_same,same
0.0110486752072924,0.0114486093427661,-4,0.0066749819603906,0.0043736932469017,0001551152-23-000011_same,same
-0.0074155255573439,-0.0002804145319874,-3,0.0010833147428129,-0.0084988403001568,0001551152-23-000011_same,same
-0.010026650514291,0.002773175690496,-2,0.0025390761535923,-0.0125657266678834,0001551152-23-000011_same,same
-0.0101287740683995,-0.0137887414891306,-1,-0.0053566132356068,-0.0047721608327926,0001551152-23-000011_same,same
0.0119041528255126,-0.0027674058253277,0,-0.0001023276289538,0.0120064804544664,0001551152-23-000011_same,same
0.0045602850486312,-0.0200412342553273,1,-0.0083374119109458,0.012897696959577,0001551152-23-000011_same,same
-0.0087501387517782,-0.0015735561458868,2,0.00046682545544,-0.0092169642072182,0001551152-23-000011_same,same
0.0092918095612293,0.0053294294160743,3,0.0037577385341758,0.0055340710270535,0001551152-23-000011_same,same
0.0042087315536534,-0.0105375514855581,4,-0.0038066485705827,0.0080153801242361,0001551152-23-000011_same,same
0.0102806780022892,0.0030730045671669,5,0.0026820158660924,0.0075986621361968,0001551152-23-000011_same,same
-0.0058018842918344,-0.0009489536011326,-5,0.000663591685078,-0.0064654759769124,0001551152-24-000011_same,same
0.0012710122697328,-0.0136742556536254,-4,-0.0044241621041703,0.0056951743739031,0001551152-24-000011_same,same
0.0065208385714115,0.0095797632750176,-3,0.0048731199903069,0.0016477185811045,0001551152-24-000011_same,same
0.0124413151124498,0.0058212506847294,-2,0.0033704140746206,0.0090709010378291,0001551152-24-000011_same,same
0.0050966266805549,-0.0048034698371121,-1,-0.0008774978312593,0.0059741245118143,0001551152-24-000011_same,same
-0.0098034136512759,-0.0060053220011653,0,-0.0013580151405188,-0.008445398510757,0001551152-24-000011_same,same
-0.003471001699377,0.0012641999229821,1,0.0015484414263301,-0.0050194431257072,0001551152-24-000011_same,same
0.0091928103865934,0.021122884217414,2,0.0094882212328684,-0.0002954108462749,0001551152-24-000011_same,same
0.0075812995112891,0.0003479475462115,3,0.0011821109076051,0.006399188603684,0001551152-24-000011_same,same
0.004042940786235,-0.0037867513501905,4,-0.0004709995561618,0.0045139403423968,0001551152-24-000011_same,same
0.0010066885146076,0.0017063496993998,5,0.0017252190926759,-0.0007185305780682,0001551152-24-000011_same,same
-0.012281770148402,-0.0094647701115428,-5,-0.0031670104487364,-0.0091147596996655,0001551152-25-000020_same,same
-0.001364021033853,0.0067125410858628,-4,0.0005030366119843,-0.0018670576458373,0001551152-25-000020_same,same
0.0078282139462206,0.0003395827888592,-3,-0.0009427572273382,0.0087709711735589,0001551152-25-000020_same,same
0.0060989868165011,-0.0027238667143857,-2,-0.001637743168318,0.0077367299848191,0001551152-25-000020_same,same
0.0023316717613555,0.0104262921222306,-1,0.0013455524608144,0.0009861193005411,0001551152-25-000020_same,same
-0.0029983760141839,-7.194380749464546e-05,0,-0.0010361177343426,-0.0019622582798413,0001551152-25-000020_same,same
0.0175249017712726,0.0024449877750611,1,-0.0004651169515873,0.01799001872286,0001551152-25-000020_same,same
0.0056051804506109,0.0023769693899173,2,-0.0004805478641429,0.0060857283147539,0001551152-25-000020_same,same
0.0178869446937963,-0.0043341850761716,3,-0.0020030661875997,0.0198900108813961,0001551152-25-000020_same,same
0.0059737769908976,-0.0170641267025635,4,-0.0048910297236278,0.0108648067145255,0001551152-25-000020_same,same
0.0098970394074695,-0.0049691065044024,5,-0.0021471069056791,0.0120441463131486,0001551152-25-000020_same,same
0.0299244482966354,-0.0156610121277019,-5,-0.0003266841913987,0.0302511324880341,0001551152-26-000008_same,same
0.017582373722957,0.0004990891480125,-4,0.0007374516760291,0.0168449220469279,0001551152-26-000008_same,same
0.0058747383773272,0.0010313220779065,-3,0.0007724989904526,0.0051022393868745,0001551152-26-000008_same,same
-0.0177789314621643,0.0055660701474107,-2,0.0010711102422126,-0.0188500417043769,0001551152-26-000008_same,same
-0.0191062987890519,-0.0028221256867719,-1,0.0005187510770149,-0.0196250498660668,0001551152-26-000008_same,same
0.0020502842467777,0.0069397247635067,0,0.001161564820529,0.0008887194262487,0001551152-26-000008_same,same
0.0207731192707467,-0.0103856522472848,1,2.06960363958842e-05,0.0207524232343508,0001551152-26-000008_same,same
-0.0045319244156194,0.0076516140863223,2,0.0012084424328114,-0.0057403668484308,0001551152-26-000008_same,same
-0.0066538352020487,0.0081363556573399,3,0.0012403624612414,-0.0078941976632902,0001551152-26-000008_same,same
-0.0098272912575489,-0.0053655805693283,4,0.0003512656435059,-0.0101785569010549,0001551152-26-000008_same,same
0.0328897979506113,-0.0043393528110311,5,0.0004188423094638,0.0324709556411474,0001551152-26-000008_same,same
0.0047013996683478,0.0035660501028451,-5,0.0032932696729214,0.0014081299954263,0001047469-17-000744_same,same
0.0112307726020122,0.0052458450979924,-4,0.0052658372347191,0.0059649353672931,0001047469-17-000744_same,same
0.0099490277873035,0.0040073351766347,-3,0.0038114666103915,0.006137561176912,0001047469-17-000744_same,same
0.0080182815527862,0.0049923089198982,-2,0.0049681120705796,0.0030501694822065,0001047469-17-000744_same,same
0.0045453991240678,-0.0008641180363413,-1,-0.0019090353642493,0.0064544344883171,0001047469-17-000744_same,same
0.0110863011663966,0.0016785565287558,0,0.0010768036112257,0.0100094975551709,0001047469-17-000744_same,same
0.0071599424111932,0.0060480661608284,1,0.0062078779304662,0.0009520644807269,0001047469-17-000744_same,same
0.0,-0.001082200145408,2,-0.0021651271465181,0.0021651271465181,0001047469-17-000744_same,same
0.0086652940161622,0.0004189867216857,3,-0.0004022974400477,0.0090675914562099,0001047469-17-000744_same,same
0.0061675239626453,0.0014933641914423,4,0.0008593339805068,0.0053081899821384,0001047469-17-000744_same,same
-0.0048165488473037,0.0010179830611165,5,0.0003010983625413,-0.0051176472098451,0001047469-17-000744_same,same
0.0159941101556864,0.0149360902084947,-5,0.01466869973577,0.0013254104199163,0001047469-18-000856_same,same
0.0041980573124662,0.0139145847540425,-4,0.0137083741834052,-0.0095103168709389,0001047469-18-000856_same,same
0.0040063065779263,0.002612929746329,-3,0.0030835967623784,0.0009227098155478,0001047469-18-000856_same,same
0.0111033551367156,0.0134024582572458,-2,0.0132269199153213,-0.0021235647786056,0001047469-18-000856_same,same
0.0209334000794998,0.0120691127622993,-1,0.0119734310148491,0.0089599690646506,0001047469-18-000856_same,same
0.0112605794444327,0.0003734693722488,0,0.0009782619241115,0.0102823175203211,0001047469-18-000856_same,same
-0.017450435800433,-0.0058413894593534,1,-0.0048643772065121,-0.0125860585939209,0001047469-18-000856_same,same
-0.0021991070019022,-0.0054965031281792,2,-0.0045401467728474,0.0023410397709451,0001047469-18-000856_same,same
0.0,0.0009735510790762,3,0.0015424035976204,-0.0015424035976204,0001047469-18-000856_same,same
0.0122053057860367,0.0160283763505131,4,0.0156955667858699,-0.0034902609998332,0001047469-18-000856_same,same
0.0137333370305008,0.0117570153438109,5,0.0116800257036045,0.0020533113268962,0001047469-18-000856_same,same
-0.005512366976152,-0.0026516415551012,-5,-0.0011057521925621,-0.0044066147835899,0001047469-19-000624_same,same
0.0173043445475713,0.0108787526085869,-4,0.0132086711048558,0.0040956734427155,0001047469-19-000624_same,same
-0.0033222996643195,0.0014987433214488,-3,0.0032851299392814,-0.0066074296036009,0001047469-19-000624_same,same
0.0072000461608672,0.0017771107537685,-2,0.0035796275873346,0.0036204185735325,0001047469-19-000624_same,same
-0.0052952029648414,-0.0035264367908802,-1,-0.0020312381135201,-0.0032639648513212,0001047469-19-000624_same,same
0.0131755478864961,0.0064111023949868,0,0.0084821394511143,0.0046934084353817,0001047469-19-000624_same,same
0.0095885954315992,0.0012318625699112,1,0.0030027845765946,0.0065858108550046,0001047469-19-000624_same,same
-0.0014309363897588,-0.0007904570968998,2,0.0008632800356909,-0.0022942164254498,0001047469-19-000624_same,same
0.0062543385444087,-0.0005440493877303,3,0.0011239660297668,0.0051303725146418,0001047469-19-000624_same,same
0.0050495982916471,-0.0028255083152146,4,-0.0012896937962956,0.0063392920879428,0001047469-19-000624_same,same
0.0124965379378374,0.0068953205934343,5,0.0089944160468318,0.0035021218910056,0001047469-19-000624_same,same
-0.0012388002909557,-0.0016304457368023,-5,-0.0026590292454328,0.001420228954477,0001104659-20-023904_same,same
0.0110508820410093,0.0018435333204338,-4,0.0013745310311462,0.009676351009863,0001104659-20-023904_same,same
-0.0086998216107652,-0.0029199426368901,-3,-0.0041562355864243,-0.0045435860243408,0001104659-20-023904_same,same
0.0054009674059258,0.0047057858811645,-2,0.0046978291973951,0.0007031382085307,0001104659-20-023904_same,same
-0.0100717030701884,-0.0038155197636281,-1,-0.005196070387817,-0.0048756326823714,0001104659-20-023904_same,same
-0.0114176931743206,-0.0105181030271228,0,-0.0129782916265381,0.0015605984522175,0001104659-20-023904_same,same
-0.0322469476268589,-0.0335136266712231,1,-0.0396778857178653,0.0074309380910063,0001104659-20-023904_same,same
-0.0413561828671599,-0.0302799955650561,2,-0.03592338813338,-0.0054327947337798,0001104659-20-023904_same,same
0.0028347480385975,-0.003778540605322,3,-0.005153134704686,0.0079878827432835,0001104659-20-023904_same,same
-0.0266715745744855,-0.0441632425840791,4,-0.0520429193001618,0.0253713447256763,0001104659-20-023904_same,same
-0.0272761998379509,-0.0082383404443618,5,-0.0103313096953426,-0.0169448901426083,0001104659-20-023904_same,same
0.0123713563865484,0.0016624551635393,-5,0.0015065829169024,0.0108647734696459,0001104659-21-025751_same,same
0.0109587860839666,0.0047110331133788,-4,0.0035918148967637,0.0073669711872028,0001104659-21-025751_same,same
-0.0016376364099662,-0.0005692724183511,-3,-1.992216207762836e-05,-0.0016177142478886,0001104659-21-025751_same,same
-0.0060929768077777,-0.0003204020092266,-2,0.0001503055783594,-0.0062432823861372,0001104659-21-025751_same,same
-0.014382154075352,-0.0044158356273545,-1,-0.0026509772795609,-0.011731176795791,0001104659-21-025751_same,same
-0.018898074059423,-0.0018548966445751,0,-0.0008992910989119,-0.017998782960511,0001104659-21-025751_same,same
-0.0039822875714524,-0.0077328394581538,1,-0.0049198129725007,0.0009375254010482,0001104659-21-025751_same,same
-0.0142799223695602,0.0012563181187927,2,0.0012287845571929,-0.0155087069267531,0001104659-21-025751_same,same
0.0130795106274441,0.011351613765979,3,0.0081339822185406,0.0049455284089035,0001104659-21-025751_same,same
-0.0065371453286285,-0.0244788075251262,4,-0.0163740807398136,0.009836935411185,0001104659-21-025751_same,same
-0.0148051004938659,-0.0047502141699028,5,-0.0028796927140269,-0.011925407779839,0001104659-21-025751_same,same
-0.0177675026466005,-0.0189694543445634,-5,-0.0091161437918977,-0.0086513588547028,0001104659-22-025141_same,same
-0.0215951728531054,-0.0038405967262932,-4,-0.0015691815971009,-0.0200259912560045,0001104659-22-025141_same,same
0.0097733490444023,0.0157667211707204,-3,0.008211840251596,0.0015615087928063,0001104659-22-025141_same,same
-0.0024196214739857,0.000881207755895,-2,0.0007862692120377,-0.0032058906860234,0001104659-22-025141_same,same
-0.0250646814269738,-0.021173138152195,-1,-0.0102154414920358,-0.0148492399349379,0001104659-22-025141_same,same
-0.0314315353271553,-0.0071661613961429,0,-0.0032281244910705,-0.0282034108360848,0001104659-22-025141_same,same
0.0061649536951307,-0.0101429452648328,1,-0.004713079659923,0.0108780333550537,0001104659-22-025141_same,same
-0.0022126775892007,-0.0184121228454876,2,-0.0088381214944035,0.0066254439052027,0001104659-22-025141_same,same
0.0125373853860684,0.0149568560673292,3,0.0078078427078027,0.0047295426782656,0001104659-22-025141_same,same
0.0310816350793619,0.0223726776556034,4,0.0115071917652277,0.0195744433141341,0001104659-22-025141_same,same
-0.0146231259293513,-0.0024426034406476,5,-0.0008717989697037,-0.0137513269596476,0001104659-22-025141_same,same
0.0008328378675255,0.0021952617756952,-5,0.003033931341334,-0.0022010934738085,0001628280-23-004026_same,same
0.0033285793032122,0.0114486093427661,-4,0.0106923337376305,-0.0073637544344182,0001628280-23-004026_same,same
-0.0116110003166397,-0.0002804145319874,-3,0.0009849728179687,-0.0125959731346084,0001628280-23-004026_same,same
0.0001865576782436,0.002773175690496,-2,0.003512233629007,-0.0033256759507634,0001628280-23-004026_same,same
-0.0111858689042275,-0.0137887414891306,-1,-0.0101950031624741,-0.0009908657417534,0001628280-23-004026_same,same
0.0062217934860884,-0.0027674058253277,0,-0.0010733503934347,0.0072951438795231,0001628280-23-004026_same,same
-0.0289488267860776,-0.0200412342553273,1,-0.0153697904744593,-0.0135790363116183,0001628280-23-004026_same,same
-0.0092617464426603,-0.0015735561458868,2,-8.527757118560264e-05,-0.0091764688714747,0001628280-23-004026_same,same
-0.0013633810636496,0.0053294294160743,3,0.0056278809140152,-0.0069912619776649,0001628280-23-004026_same,same
-0.0203803534004188,-0.0105375514855581,4,-0.0075042016840145,-0.0128761517164043,0001628280-23-004026_same,same
-0.0068684709607141,0.0030730045671669,5,0.0037603827632454,-0.0106288537239596,0001628280-23-004026_same,same
-0.005514598515881,0.0057423415255595,-5,0.0030555159929537,-0.0085701145088348,0001628280-24-005348_same,same
0.006439517426177,-0.0009489536011326,-4,0.0003662613592615,0.0060732560669155,0001628280-24-005348_same,same
-0.0105749091240509,-0.0136742556536254,-3,-0.0047480815088756,-0.0058268276151752,0001628280-24-005348_same,same
0.0064667001290972,0.0095797632750176,-2,0.004597789054561,0.0018689110745362,0001628280-24-005348_same,same
0.0140996260919399,0.0058212506847294,-1,0.0030872298567006,0.0110123962352392,0001628280-24-005348_same,same
0.0032557188149864,-0.0048034698371121,0,-0.0011828820355499,0.0044386008505363,0001628280-24-005348_same,same
0.0230682890812721,-0.0060053220011653,1,-0.0016659105733736,0.0247341996546457,0001628280-24-005348_same,same
0.0105453856357777,0.0012641999229821,2,0.001255735408322,0.0092896502274557,0001628280-24-005348_same,same
0.0097562991389847,0.021122884217414,3,0.0092370092494344,0.0005192898895502,0001628280-24-005348_same,same
0.0036969565344231,0.0003479475462115,4,0.0008874904119188,0.0028094661225043,0001628280-24-005348_same,same
-0.0064455747984873,-0.0037867513501905,5,-0.0007742593623088,-0.0056713154361785,0001628280-24-005348_same,same
0.0099623011356382,0.0104262921222306,-5,0.0033699451703596,0.0065923559652785,0001628280-25-007110_same,same
-0.0089535553145625,-7.194380749464546e-05,-4,0.0007823148826924,-0.0097358701972549,0001628280-25-007110_same,same
-0.0032924463349098,0.0024449877750611,-3,0.0014026941958079,-0.0046951405307178,0001628280-25-007110_same,same
0.0149794341075777,0.0023769693899173,-2,0.0013859288616418,0.0135935052459358,0001628280-25-007110_same,same
0.0078711344520681,-0.0043341850761716,-1,-0.0002682525339671,0.0081393869860352,0001628280-25-007110_same,same
0.0131410321248495,-0.0170641267025635,0,-0.0034059589765722,0.0165469911014217,0001628280-25-007110_same,same
0.0002222074317468,-0.0049691065044024,1,-0.0004247494853574,0.0006469569171043,0001628280-25-007110_same,same
0.0064469033465317,-0.0046797309154723,2,-0.0003534234984545,0.0068003268449863,0001628280-25-007110_same,same
0.0010309473266878,0.0001360242800469,3,0.0008335753540509,0.0001973719726368,0001628280-25-007110_same,same
-0.0006623341485049,-0.0158645536555098,4,-0.0031102853443921,0.0024479511958872,0001628280-25-007110_same,same
0.0157506015802431,0.0158541446349889,5,0.004707815232818,0.011042786347425,0001628280-25-007110_same,same
-0.0186635027957849,-0.0156610121277019,-5,-0.0022855456093426,-0.0163779571864423,0001628280-26-010185_same,same
0.0108549248710623,0.0004990891480125,-4,-0.0016917416556095,0.0125466665266718,0001628280-26-010185_same,same
-0.0037273966536045,0.0010313220779065,-3,-0.0016721847225999,-0.0020552119310046,0001628280-26-010185_same,same
0.0091751731920437,0.0055660701474107,-2,-0.0015055551150923,0.010680728307136,0001628280-26-010185_same,same
-0.0097096198099557,-0.0028221256867719,-1,-0.0018137799068831,-0.0078958399030726,0001628280-26-010185_same,same
0.0001782243602099,0.0069397247635067,0,-0.0014550800884706,0.0016333044486805,0001628280-26-010185_same,same
0.0274485513651199,-0.0103856522472848,1,-0.0020917021735305,0.0295402535386504,0001628280-26-010185_same,same
-0.0061583835158719,0.0076516140863223,2,-0.001428921669826,-0.0047294618460458,0001628280-26-010185_same,same
0.0015709662758482,0.0081363556573399,3,-0.0014111098098322,0.0029820760856805,0001628280-26-010185_same,same
0.0130707843892259,-0.0053655805693283,4,-0.0019072393190264,0.0149780237082523,0001628280-26-010185_same,same
0.0007740660795316,-0.0043393528110311,5,-0.0018695305144891,0.0026435965940208,0001628280-26-010185_same,same
-0.0036700755456373,-0.0021448089967596,-5,-0.0024238470431701,-0.0012462285024672,0000796343-17-000031_same,same
-0.0005525146018705,0.0018498402425362,-4,0.0024921856263422,-0.0030447002282127,0000796343-17-000031_same,same
-0.0048834311734828,-0.002967502689997,-3,-0.0034362986579881,-0.0014471325154946,0000796343-17-000031_same,same
0.0073148232919197,0.0017637540575008,-2,0.0023862432838045,0.0049285800081152,0000796343-17-000031_same,same
0.0091920212481335,-0.0036093083554193,-1,-0.0042261396251642,0.0134181608732978,0000796343-17-000031_same,same
0.0083796170987662,0.0033662371547078,0,0.0043583461610022,0.0040212709377639,0000796343-17-000031_same,same
0.0023484973207532,-0.0026901247580694,1,-0.0030949422851322,0.0054434396058854,0000796343-17-000031_same,same
0.0247814721974333,0.0065645936376641,2,0.0082944176448984,0.0164870545525349,0000796343-17-000031_same,same
0.0046605590362971,0.0080260905496174,3,0.0100930152526373,-0.0054324562163402,0000796343-17-000031_same,same
-0.0119912713048756,-0.0007353844075136,4,-0.0006893324685766,-0.0113019388362989,0000796343-17-000031_same,same
0.00983345709922,-0.0008664638929263,5,-0.0008506460142699,0.0106841031134899,0000796343-17-000031_same,same
0.0324476230268149,0.006749602987881,-5,0.0112341667981635,0.0212134562286514,0000796343-18-000015_same,same
-0.0132786275179055,-0.0035244876226721,-4,-0.0049517097688262,-0.0083269177490793,0000796343-18-000015_same,same
0.0209394089094487,0.0094150515607511,-3,0.0154333337348284,0.0055060751746203,0000796343-18-000015_same,same
-0.0014759455280893,-0.0016163897301626,-2,-0.0019456785650359,0.0004697330369465,0000796343-18-000015_same,same
-0.0023955210398252,0.0043852351128388,-1,0.007509324567837,-0.0099048456076622,0000796343-18-000015_same,same
0.0107801596914598,0.0080667264993476,0,0.013309172692912,-0.0025290130014522,0000796343-18-000015_same,same
0.0113728267370023,0.0021743654797181,1,0.0040263045766915,0.0073465221603108,0000796343-18-000015_same,same
-0.0115447928475789,-0.0005599757022828,2,-0.0002813962740723,-0.0112633965735065,0000796343-18-000015_same,same
-0.0013651748110394,0.0006026209018938,3,0.0015501668146429,-0.0029153416256824,0000796343-18-000015_same,same
0.0191889456246765,0.011841196508761,4,0.0192555000121802,-6.655438750368531e-05,0000796343-18-000015_same,same
-0.0152509055026165,-0.0067319743328871,5,-0.0100048075027001,-0.0052460979999164,0000796343-18-000015_same,same
0.0101260466176666,0.007591400382211,-5,0.0156868751460759,-0.0055608285284092,0000796343-19-000019_same,same
0.0127250437316654,0.01318305304897,-4,0.0260541125440584,-0.0133290688123929,0000796343-19-000019_same,same
-0.0147872347967721,-0.0141573061645666,-3,-0.0246364455798142,0.0098492107830421,0000796343-19-000019_same,same
0.0052901097143513,0.0022029127742235,-2,0.0056963171523382,-0.0004062074379868,0000796343-19-000019_same,same
-0.0105246056844188,0.0013757255543636,-1,0.0041626656915017,-0.0146872713759205,0000796343-19-000019_same,same
0.009853229772857,0.0084886940607138,0,0.017350507909972,-0.0074972781371149,0000796343-19-000019_same,same
-0.0126556067905631,-0.0078468274939378,1,-0.0129364644879568,0.0002808576973936,0000796343-19-000019_same,same
-0.0148025707699275,-0.0014562465775435,2,-0.0010879693435547,-0.0137146014263727,0000796343-19-000019_same,same
0.0184664196818205,0.0155492609197442,3,0.0304411945377456,-0.0119747748559251,0000796343-19-000019_same,same
0.0212222738456857,0.0085973959487253,4,0.0175520473019523,0.0036702265437333,0000796343-19-000019_same,same
-0.0017754920038824,0.0008986100931438,5,0.003278066889055,-0.0050535588929374,0000796343-19-000019_same,same
0.0171272398282373,0.0069762152525698,-5,0.0082910391958442,0.0088362006323931,0000796343-20-000013_same,same
-0.0028932673259634,-0.0015145327728022,-4,-0.0017853018965077,-0.0011079654294556,0000796343-20-000013_same,same
-0.0049038168977216,0.0018701968845122,-3,0.0022315044473604,-0.0071353213450821,0000796343-20-000013_same,same
0.0071149542894843,0.0083665530264682,-2,0.0099410136859031,-0.0028260593964187,0000796343-20-000013_same,same
0.0126237341187189,0.0038621622485013,-1,0.0045954566447082,0.0080282774740107,0000796343-20-000013_same,same
0.0007434373331192,-0.0026519776473655,0,-0.0031351573504205,0.0038785946835397,0000796343-20-000013_same,same
0.000171421595982,0.000289076071118,1,0.0003551194013822,-0.0001836978054001,0000796343-20-000013_same,same
0.0048563452519214,0.0011409766124783,2,0.0013661069381522,0.0034902383137692,0000796343-20-000013_same,same
-0.0011087520969121,-0.0090421609742074,3,-0.0107186666774561,0.0096099145805439,0000796343-20-000013_same,same
-0.0127216361181105,-0.0157307116591823,4,-0.0186562615647262,0.0059346254466157,0000796343-20-000013_same,same
0.0222831107591048,0.010053584595046,5,0.0119430876454362,0.0103400231136685,0000796343-20-000013_same,same
0.0154059028333171,0.0054918626852689,-5,0.0070057956374541,0.008400107195863,0000796343-21-000004_same,same
-0.0223871691043088,-0.0065547508985924,-4,-0.0092326288165393,-0.0131545402877695,0000796343-21-000004_same,same
-0.0054613621609822,0.0004157884466327,-3,0.0001634206020846,-0.0056247827630668,0000796343-21-000004_same,same
0.0008480735750253,0.0022756417379066,-2,0.0026704394381766,-0.0018223658631512,0000796343-21-000004_same,same
-0.0185997225004646,-0.0037534511943366,-1,-0.0054565723087177,-0.0131431501917468,0000796343-21-000004_same,same
-0.0112029757257879,-0.0071900279753709,0,-0.0100889606600742,-0.0011140150657137,0000796343-21-000004_same,same
-0.0034491499707035,0.0081363795155244,1,0.0105705141756953,-0.0140196641463988,0000796343-21-000004_same,same
0.0289814041321536,0.0139356254219462,2,0.0183876999670383,0.0105937041651153,0000796343-21-000004_same,same
0.0048750941472428,0.0003167233075522,3,2.9884171636066945e-05,0.0048452099756067,0000796343-21-000004_same,same
0.0008898212734849,-0.0030106116552376,4,-0.0044552499326717,0.0053450712061567,0000796343-21-000004_same,same
0.0021166708890703,0.0036158389430824,5,0.0044769795847665,-0.0023603086956962,0000796343-21-000004_same,same
-0.0290586825798093,-0.0142436152864307,-5,-0.0252279707437749,-0.0038307118360344,0000796343-22-000032_same,same
0.0071579628499129,0.0008199802697488,-4,-0.0005096776209663,0.0076676404708793,0000796343-22-000032_same,same
-0.0139453497328685,-0.0183879456940073,-3,-0.0320285233362948,0.0180831736034263,0000796343-22-000032_same,same
0.0063115869888852,-0.0096895418683388,-2,-0.0177550588993642,0.0240666458882494,0000796343-22-000032_same,same
-0.0110922041053933,-0.0110373784941483,-1,-0.0199667633144332,0.0088745592090399,0000796343-22-000032_same,same
-0.0214152927683227,-0.0189148218679086,0,-0.0328930898109684,0.0114777970426456,0000796343-22-000032_same,same
0.0395070499444754,0.0027717389433818,1,0.002693020089545,0.0368140298549303,0000796343-22-000032_same,same
-0.0325981849656845,-0.0121719062536467,2,-0.0218284429918155,-0.010769741973869,0000796343-22-000032_same,same
-0.0037993389112657,-0.0014966358477518,3,-0.0043110805484309,0.0005117416371652,0000796343-22-000032_same,same
-0.0154949178400078,-0.0053840887577105,4,-0.0106901153659221,-0.0048048024740857,0000796343-22-000032_same,same
0.0509278693301704,0.0243476468880761,5,0.0380975564752091,0.0128303128549613,0000796343-22-000032_same,same
0.0277385754660499,-0.0007676325452631,-5,-0.0023049215501347,0.0300434970161847,0000796343-23-000007_same,same
-0.0095912002863465,0.0069782331590619,-4,0.0088689028691317,-0.0184601031554782,0000796343-23-000007_same,same
0.0124888701396457,0.0128494246148815,-3,0.0173384096955403,-0.0048495395558946,0000796343-23-000007_same,same
0.0046948820561834,0.0034159058663651,-2,0.003730055745778,0.0009648263104053,0000796343-23-000007_same,same
-0.0004643979164715,0.0039968583635343,-1,0.0045681107091733,-0.0050325086256449,0000796343-23-000007_same,same
0.0,-0.0020304911890052,0,-0.0041266625007489,0.0041266625007489,0000796343-23-000007_same,same
-0.0089145922547492,-0.015562598500411,1,-0.0236474490586532,0.0147328568039039,0000796343-23-000007_same,same
0.0035744667001549,-0.0076383502962943,2,-0.0122162983690605,0.0157907650692154,0000796343-23-000007_same,same
0.0404344324668615,0.0189184010459815,3,0.0260932318980362,0.0143412005688252,0000796343-23-000007_same,same
0.0241315617758732,0.0118813449836652,4,0.0159419031931051,0.0081896585827681,0000796343-23-000007_same,same
-0.0100279564686801,-0.0007115031258156,5,-0.0022239518688103,-0.0078040045998698,0000796343-23-000007_same,same
0.0097321928048637,-0.0014779006799081,-5,-0.0016673161486675,0.0113995089535312,0000796343-24-000006_same,same
0.008239537682128,0.0056659718937244,-4,0.0096566937130093,-0.0014171560308813,0000796343-24-000006_same,same
0.0109300045975415,-0.0006710555783868,-3,-0.0003883569018025,0.011318361499344,0000796343-24-000006_same,same
-0.001590005226127,0.0007509755941104,-2,0.0018657559557541,-0.0034557611818811,0000796343-24-000006_same,same
0.0019110448426395,-0.0037313402367431,-1,-0.0052393243978735,0.0071503692405131,0000796343-24-000006_same,same
-0.0026435837056718,-0.0056168971839904,0,-0.0082281886651605,0.0055846049594887,0000796343-24-000006_same,same
-0.0040261088361012,0.008805260963896,1,0.0146328939493471,-0.0186590027854483,0000796343-24-000006_same,same
0.0300656480022321,0.0123135027649361,2,0.0201939344554104,0.0098717135468216,0000796343-24-000006_same,same
-0.0130160429995703,0.002194325202627,3,0.0041536614345019,-0.0171697044340722,0000796343-24-000006_same,same
-0.0106198477351953,0.002921374261968,4,0.0053061330992804,-0.0159259808344757,0000796343-24-000006_same,same
0.0155731737617301,0.0008119284117831,5,0.0019623744636164,0.0136107992981137,0000796343-24-000006_same,same
-0.0236507770425877,0.0125960267214919,-5,0.0138370032374816,-0.0374877802800694,0000796343-25-000004_same,same
0.0014166926195191,0.0055380450854503,-4,0.0054868334152369,-0.0040701407957177,0000796343-25-000004_same,same
-0.0198292776524949,-0.0111039128821078,-3,-0.0142019646533431,-0.0056273129991518,0000796343-25-000004_same,same
-0.0072167576256034,0.0015603601909253,-2,0.0007809066954715,-0.007997664321075,0000796343-25-000004_same,same
-0.0325563029259942,-0.0154116438030668,-1,-0.0192983628296799,-0.0132579400963142,0000796343-25-000004_same,same
0.0063558989133827,0.0015754440882007,0,0.000798752180247,0.0055571467331357,0000796343-25-000004_same,same
0.0103059766342181,0.001146279811244,1,0.0002910157225705,0.0100149609116476,0000796343-25-000004_same,same
0.0110731686143734,0.0183127922796391,2,0.0206004046893534,-0.00952723607498,0000796343-25-000004_same,same
0.0231259440297026,-0.0021126894641922,3,-0.0035646116081111,0.0266905556378138,0000796343-25-000004_same,same
0.0071674457430717,0.0099910589693537,4,0.0107551132250808,-0.003587667482009,0000796343-25-000004_same,same
0.0148142869877399,0.0087682271055828,5,0.009308403067265,0.0055058839204748,0000796343-25-000004_same,same
0.0027802497025641,7.65482590914246e-05,-5,-0.0009303506133044,0.0037106003158686,0000796343-26-000003_same,same
-0.0150129666399422,0.0064754870318832,-4,0.0035749841240622,-0.0185879507640044,0000796343-26-000003_same,same
-0.0188651537064211,0.0015776332151369,-3,0.0001265262277377,-0.0189916799341588,0000796343-26-000003_same,same
-0.0540821045346988,-0.0019391230550597,-2,-0.0023495349989047,-0.0517325695357941,0000796343-26-000003_same,same
-0.017713646191442,-0.0053333604454995,-1,-0.0047393337085032,-0.0129743124829387,0000796343-26-000003_same,same
-0.0011496718588517,0.0025799262171273,0,0.0008322159739949,-0.0019818878328466,0000796343-26-000003_same,same
-0.0262093502472446,-0.0006423023039563,1,-0.0014364755392758,-0.0247728747079688,0000796343-26-000003_same,same
-0.0194178039133239,-0.0206267580562774,2,-0.0155070372222745,-0.0039107666910494,0000796343-26-000003_same,same
0.0132934391777732,0.0115877413232745,3,0.0071743960989338,0.0061190430788394,0000796343-26-000003_same,same
0.0186928586297594,0.0054875021926288,4,0.0028793684017785,0.0158134902279808,0000796343-26-000003_same,same
0.0044706779060297,0.0003268698377891,5,-0.0007541053726381,0.0052247832786678,0000796343-26-000003_same,same
-0.0066274044987867,0.0052458450979924,-5,0.0133171767096899,-0.0199445812084767,0000002488-17-000043_same,same
-0.0170496327752912,0.0040073351766347,-4,0.0107014808296798,-0.0277511136049711,0000002488-17-000043_same,same
0.0030165883229702,0.0049923089198982,-3,0.0127817158909768,-0.0097651275680065,0000002488-17-000043_same,same
-0.0248120239829726,-0.0008641180363413,-2,0.0004131174672971,-0.0252251414502698,0000002488-17-000043_same,same
0.0123361483514266,0.0016785565287558,-1,0.0057831700356612,0.0065529783157653,0000002488-17-000043_same,same
0.0662604629075531,0.0060480661608284,0,0.0150114435804932,0.0512490193270598,0000002488-17-000043_same,same
0.0199999809265136,-0.001082200145408,1,-4.746541892179223e-05,0.0200474463454354,0000002488-17-000043_same,same
0.0028011178292022,0.0004189867216857,2,0.0031229963074389,-0.0003218784782366,0000002488-17-000043_same,same
-0.0139664674250954,0.0014933641914423,3,0.0053920493628535,-0.019358516787949,0000002488-17-000043_same,same
0.076487247341312,0.0010179830611165,4,0.0043880586457953,0.0720991886955167,0000002488-17-000043_same,same
-0.0486841960792063,-0.0025783763780462,5,-0.003207344835302,-0.0454768512439043,0000002488-17-000043_same,same
0.0169205387566151,-0.0058413894593534,-5,-0.0185562766822561,0.0354768154388713,0000002488-18-000042_same,same
-0.0249584175798507,-0.0054965031281792,-4,-0.0176484660745688,-0.0073099515052819,0000002488-18-000042_same,same
0.0102388978519625,0.0009735510790762,-3,-0.0006179742552422,0.0108568721072047,0000002488-18-000042_same,same
0.0194256367628558,0.0160283763505131,-2,0.0390093720410342,-0.0195837352781784,0000002488-18-000042_same,same
0.0289975468367085,0.0117570153438109,-1,0.027766285607468,0.0012312612292404,0000002488-18-000042_same,same
0.0088566550725877,-0.0127068884438292,0,-0.0366276591692209,0.0454843142418086,0000002488-18-000042_same,same
-0.0335195598758686,-0.011095788639207,1,-0.0323869184947504,-0.0011326413811182,0000002488-18-000042_same,same
-0.0173410441040916,-0.0133243995419872,2,-0.0382530733262971,0.0209120292222054,0000002488-18-000042_same,same
-0.0075629581343371,0.005071602744632,3,0.0101689269251466,-0.0177318850594838,0000002488-18-000042_same,same
0.0084673517563393,0.011032026532745,4,0.02585796836306,-0.0173906166067206,0000002488-18-000042_same,same
-0.0125944265702796,0.0026388586061694,5,0.0037654521131208,-0.0163598786834005,0000002488-18-000042_same,same
0.0040966973410421,0.0008986100931438,-5,0.0049186952782234,-0.0008219979371813,0000002488-19-000011_same,same
-0.015503919402965,0.006776236617404,-4,0.0176545593509762,-0.0331584787539412,0000002488-19-000011_same,same
-0.0339825828157288,0.0047084203769747,-3,0.0131739366954132,-0.0471565195111421,0000002488-19-000011_same,same
-0.0021449694640103,-0.0022244379802809,-2,-0.0018484437347162,-0.000296525729294,0000002488-19-000011_same,same
-0.025365440532339,-0.0093571401439401,-1,-0.0173038533040115,-0.0080615872283275,0000002488-19-000011_same,same
0.0167622037709636,0.000676201086956,0,0.004436771008338,0.0123254327626255,0000002488-19-000011_same,same
-0.003904562063637,0.0007091030986317,1,0.0045080643351071,-0.0084126263987442,0000002488-19-000011_same,same
-0.006097534635492,0.0128902247439735,2,0.030902580708069,-0.037000115343561,0000002488-19-000011_same,same
0.0013146663911793,0.0030239946687606,3,0.0095240591858577,-0.0082093927946783,0000002488-19-000011_same,same
0.0122537756946359,-0.0026516415551012,4,-0.0027741246431319,0.0150279003377679,0000002488-19-000011_same,same
0.0237786927957222,0.0108787526085869,5,0.0265440465962682,-0.002765353800546,0000002488-19-000011_same,same
0.0257815773657572,0.010053584595046,-5,0.0216199502512047,0.0041616271145525,0000002488-20-000008_same,same
-0.0597664858642551,-0.0008668741908683,-4,0.000164563546498,-0.0599310494107531,0000002488-20-000008_same,same
0.026731225060643,0.0031343587926053,-3,0.0080257718197975,0.0187054532408455,0000002488-20-000008_same,same
-0.0364903407921434,-0.0177058203755262,-2,-0.0329188543917281,-0.0035714864004153,0000002488-20-000008_same,same
0.0217021373992269,0.0072546138923517,-1,0.0161208224234518,0.0055813149757751,0000002488-20-000008_same,same
0.0297792647135342,0.0149804141640821,0,0.0312996748583978,-0.0015204101448635,0000002488-20-000008_same,same
0.0078867418327872,0.0112505958978537,1,0.0239717141189251,-0.0160849722861379,0000002488-20-000008_same,same
-0.0104333959906032,0.0033256728767856,2,0.0084016459234972,-0.0188350419141004,0000002488-20-000008_same,same
0.008313054540735,-0.0054008536727301,3,-0.0087433298856004,0.0170563844263355,0000002488-20-000008_same,same
0.0508746994286237,0.0073263978048905,4,0.0162618560222126,0.0346128434064111,0000002488-20-000008_same,same
0.029468062858563,0.0016884725532351,5,0.0051850442455388,0.0242830186130242,0000002488-20-000008_same,same
0.0137660018904695,-0.0030106116552376,-5,-0.0044924504225284,0.0182584523129979,0001628280-21-001185_same,same
0.0144411717283039,0.0036158389430824,-4,0.0043147138002897,0.0101264579280142,0001628280-21-001185_same,same
0.006161710910213,-0.0014888337468982,-3,-0.0024698671782197,0.0086315780884327,0001628280-21-001185_same,same
-0.0619787013338108,-0.025677883699462,-2,-0.0346193463247462,-0.0273593550090646,0001628280-21-001185_same,same
-0.0148581691719547,0.0097606259756297,-1,0.0124817027043655,-0.0273398718763202,0001628280-21-001185_same,same
-0.0214807738291533,-0.0193114751731245,0,-0.0261578020079112,0.0046770281787579,0001628280-21-001185_same,same
0.0235871588843694,0.0160517676144393,1,0.0208432103833109,0.0027439485010585,0001628280-21-001185_same,same
0.0136892185502026,0.0138982234844169,2,0.0179809515416013,-0.0042917329913986,0001628280-21-001185_same,same
-0.0109160613779033,0.0010087690809532,3,0.000849677416867,-0.0117657387947704,0001628280-21-001185_same,same
-0.0005689276607697,0.0108533222304207,4,0.0139339968426547,-0.0145029245034245,0001628280-21-001185_same,same
0.0006831191995666,0.0038974951646253,5,0.0046890609052293,-0.0040059417056626,0001628280-21-001185_same,same
-0.0732544546781502,-0.0053840887577105,-5,-0.0095722783818084,-0.0636821762963417,0000002488-22-000016_same,same
0.0257309885858751,0.0243476468880761,-4,0.0527260930489133,-0.0269951044630381,0000002488-22-000016_same,same
0.0856138570802111,0.0188859517327795,-3,0.0412819339362495,0.0443319231439616,0000002488-22-000016_same,same
0.0221444094467997,0.0068630035578014,-2,0.0160896579110439,0.0060547515357558,0000002488-22-000016_same,same
0.0512074278082093,0.0094225154473364,-1,0.0214527293534672,0.029754698454742,0000002488-22-000016_same,same
-0.0218312174856573,-0.024391082077444,0,-0.0493985685022711,0.0275673510166138,0000002488-22-000016_same,same
0.0293137624033255,0.0051569298644233,1,0.0125148375943123,0.0167989248090131,0000002488-22-000016_same,same
0.0005663405800031,-0.0037017126347429,2,-0.0060471127526143,0.0066134533326174,0000002488-22-000016_same,same
0.0368723023054009,0.0084012071916632,3,0.0193127318163169,0.017559570489084,0000002488-22-000016_same,same
0.0360290924893507,0.0145172078875055,4,0.0321278895844147,0.0039012029049359,0000002488-22-000016_same,same
-0.0532932565688595,-0.0181157256684597,5,-0.0362495048524178,-0.0170437517164416,0000002488-22-000016_same,same
-0.0197302921444485,-0.0027674058253277,-5,-0.0063449290259751,-0.0133853631184733,0000002488-23-000047_same,same
-0.0220382593239948,-0.0200412342553273,-4,-0.040111462181027,0.0180732028570321,0000002488-23-000047_same,same
-0.0020840958670185,-0.0015735561458868,-3,-0.0040112156313822,0.0019271197643637,0000002488-23-000047_same,same
0.0409868080489763,0.0053294294160743,-2,0.0094826020125395,0.0315042060364367,0000002488-23-000047_same,same
-0.0208150929418103,-0.0105375514855581,-1,-0.0215338538273868,0.0007187608855764,0000002488-23-000047_same,same
0.0087079054560774,0.0030730045671669,0,0.0050717880009686,0.0036361174551088,0000002488-23-000047_same,same
-0.0024120200597779,-0.0030360018281855,1,-0.0068699751020413,0.0044579550422634,0000002488-23-000047_same,same
-0.0036905180551005,-0.00472526484568,2,-0.0101721125476563,0.0064815944925558,0000002488-23-000047_same,same
0.027462019424405,0.0075821940867943,3,0.0138862611812441,0.0135757582431609,0000002488-23-000047_same,same
0.0134260836509403,0.0161477371607488,4,0.0306300128845665,-0.0172039292336262,0000002488-23-000047_same,same
-0.0044160082897605,0.0006871667698291,5,0.0004080001549303,-0.0048240084446908,0000002488-23-000047_same,same
0.0586034629170741,0.0008119284117831,-5,0.0029748049067281,0.055628658010346,0000002488-24-000012_same,same
0.0114420810014161,0.0052603655277063,-4,0.0134082358249567,-0.0019661548235405,0000002488-24-000012_same,same
-0.0170798081283237,-0.0006517852510764,-3,-0.000458211001454,-0.0166215971268697,0000002488-24-000012_same,same
0.0032722247168106,0.0075567748961808,-2,0.0187942686903397,-0.015522043973529,0000002488-24-000012_same,same
-0.0324467424678016,-0.0006006499345398,-1,-0.0003382774655485,-0.0321084650022531,0000002488-24-000012_same,same
-0.0253980889177877,-0.0161057446115979,0,-0.0367041583306767,0.011306069412889,0000002488-24-000012_same,same
0.0166378033604459,0.0124936882116097,1,0.0303733789898723,-0.0137355756294264,0000002488-24-000012_same,same
0.0421164248856822,0.0106844460775146,2,0.0261299554394165,0.0159864694462656,0000002488-24-000012_same,same
-0.0193065848467155,-0.0031863375266721,3,-0.0064027878015644,-0.0129037970451511,0000002488-24-000012_same,same
-0.0364460253712952,0.0023104108269635,4,0.0064893679664154,-0.0429353933377107,0000002488-24-000012_same,same
0.018227290145302,0.00824145796339,5,0.0204001345925544,-0.0021728444472524,0000002488-24-000012_same,same
0.0278532044860866,-0.0046788957603215,-5,-0.0128212497266871,0.0406744542127738,0000002488-25-000012_same,same
0.0128675087845311,0.0052754144053117,-4,0.0088321444758363,0.0040353643086947,0000002488-25-000012_same,same
-0.0244826152378122,-0.0050468257540199,-3,-0.0136215998323116,-0.0108610154055006,0000002488-25-000012_same,same
-0.0144890068942883,-0.0076085976846667,-2,-0.0191941665444445,0.0047051596501562,0000002488-25-000012_same,same
0.0457688239308349,0.0072248818286797,-1,0.0130727785228747,0.0326960454079601,0000002488-25-000012_same,same
-0.0626778063913767,0.0039086729306143,0,0.0058591014992638,-0.0685369078906405,0000002488-25-000012_same,same
-0.0165163685281523,0.0036442987226186,1,0.0052840140399162,-0.0218003825680685,0000002488-25-000012_same,same
-0.0236020880272529,-0.0094647701115428,2,-0.0232318580166037,-0.0003702300106492,0000002488-25-000012_same,same
0.0271476930514911,0.0067125410858628,3,0.0119582948584487,0.0151893981930423,0000002488-25-000012_same,same
0.0056118310857073,0.0003395827888592,4,-0.0019046625886364,0.0075164936743438,0000002488-25-000012_same,same
0.0055805828541612,-0.0027238667143857,5,-0.0085685176031509,0.0141491004573122,0000002488-25-000012_same,same
0.0028171515982466,-8.172305219089626e-05,-5,0.0003422416760659,0.0024749099221807,0000002488-26-000018_same,same
-0.0022157664208722,-0.0012926312740076,-4,-0.0031740985283828,0.0009583321075105,0000002488-26-000018_same,same
-0.061265752228432,-0.0043018996208942,-3,-0.0119126726692503,-0.0493530795591816,0000002488-26-000018_same,same
0.0402991117184059,0.0053912661291679,-2,0.0162351818264358,0.02406392989197,0000002488-26-000018_same,same
-0.0168920436510282,-0.0084039830206983,-1,-0.0238246578394323,0.006932614188404,0000002488-26-000018_same,same
-0.1731444304789821,-0.0050723919062231,0,-0.0141500949208349,-0.1589943355581471,0000002488-26-000018_same,same
-0.0384135188951658,-0.0122510155676747,1,-0.0349960042462309,-0.0034175146489349,0000002488-26-000018_same,same
0.0828052074878247,0.0196957966973359,2,0.0577739169975851,0.0250312904902395,0000002488-26-000018_same,same
0.0362694179142457,0.0046910867168872,3,0.0142019401873329,0.0220674777269128,0000002488-26-000018_same,same
-0.0112499660915799,-0.0033037129754581,4,-0.0090140518079398,-0.00223591428364,0000002488-26-000018_same,same
4.679733339507664e-05,-4.895607156218951e-05,5,0.0004373932732614,-0.0003905959398664,0000002488-26-000018_same,same
0.0014405440573237,0.0002268291856959,-5,-0.0011863240460509,0.0026268681033746,0000318154-17-000004_same,same
0.007793212138915,0.00069332238554,-4,-0.0005978852538168,0.0083910973927318,0000318154-17-000004_same,same
-0.0038667167716515,0.0057525464497805,-3,0.0057838662893955,-0.009650583061047,0000318154-17-000004_same,same
0.0025084700497273,0.0035660501028451,-2,0.0030257997837212,-0.0005173297339939,0000318154-17-000004_same,same
0.0055174154544197,0.0052458450979924,-1,0.0051447085662621,0.0003727068881575,0000318154-17-000004_same,same
0.0023258725802655,0.0040073351766347,0,0.0035824408150127,-0.0012565682347472,0000318154-17-000004_same,same
0.0222556117281895,0.0049923089198982,1,0.0048248957105222,0.0174307160176673,0000318154-17-000004_same,same
0.0018627430955302,-0.0008641180363413,2,-0.0025624548576925,0.0044251979532227,0000318154-17-000004_same,same
0.0068557773078543,0.0016785565287558,3,0.000644898112576,0.0062108791952783,0000318154-17-000004_same,same
-0.0008656651746153,0.0060480661608284,4,0.006156637557891,-0.0070223027325063,0000318154-17-000004_same,same
-0.003060919789469,-0.001082200145408,5,-0.0028375456262395,-0.0002233741632295,0000318154-17-000004_same,same
0.0108727162680226,0.0174409205923138,-5,0.0209357775692527,-0.01006306130123,0000318154-18-000004_same,same
0.0046416521506089,-0.0050015884169394,-4,-0.0067188452027466,0.0113604973533555,0000318154-18-000004_same,same
-0.0245110627270336,-0.037536419758088,-3,-0.0468096606868404,0.0222985979598068,0000318154-18-000004_same,same
0.0019639234356747,0.0149360902084947,-2,0.0178492180698759,-0.0158852946342012,0000318154-18-000004_same,same
0.0081285691265096,0.0139145847540425,-1,0.0165904752086936,-0.008461906082184,0000318154-18-000004_same,same
0.0061190991966169,0.002612929746329,0,0.0026640908722219,0.0034550083243949,0000318154-18-000004_same,same
0.0280608771001535,0.0134024582572458,1,0.0159594109602793,0.0121014661398742,0000318154-18-000004_same,same
0.0227272902008632,0.0120691127622993,2,0.0143164054178827,0.0084108847829805,0000318154-18-000004_same,same
-0.0002724566515238,0.0003734693722488,3,-9.546831220333038e-05,-0.0001769883393205,0000318154-18-000004_same,same
-0.0031055847243474,-0.0058413894593534,4,-0.0077536840891614,0.004648099364814,0000318154-18-000004_same,same
-0.0030056703971476,-0.0054965031281792,5,-0.0073287003503153,0.0043230299531677,0000318154-18-000004_same,same
0.0130107407533808,-0.0022244379802809,-5,-0.0010263450160906,0.0140370857694714,0000318154-19-000008_same,same
-0.034231450304944,-0.0093571401439401,-4,-0.0076768358186961,-0.0265546144862478,0000318154-19-000008_same,same
0.0096074553317018,0.000676201086956,-3,0.0016781943009473,0.0079292610307544,0000318154-19-000008_same,same
-0.0011293230536297,0.0007091030986317,-2,0.0017088719489151,-0.0028381950025449,0000318154-19-000008_same,same
0.0142097829921381,0.0128902247439735,-1,0.01306648027308,0.0011433027190581,0000318154-19-000008_same,same
0.0029189202033441,0.0030239946687606,0,0.0038672636415627,-0.0009483434382186,0000318154-19-000008_same,same
-0.0045323543886305,-0.0026516415551012,1,-0.0014246671918934,-0.003107687196737,0000318154-19-000008_same,same
0.0088920828178249,0.0108787526085869,2,0.0111909951302624,-0.0022989123124375,0000318154-19-000008_same,same
-0.007274511743903,0.0014987433214488,3,0.0024451279874707,-0.0097196397313737,0000318154-19-000008_same,same
-0.0002671365593281,0.0017771107537685,4,0.002704676193173,-0.0029718127525012,0000318154-19-000008_same,same
-0.0075966766627162,-0.0035264367908802,5,-0.0022403212786929,-0.0053563553840233,0000318154-19-000008_same,same
0.0456701261703154,0.0112505958978537,-5,0.0087721029397215,0.0368980232305938,0000318154-20-000017_same,same
-0.0021128117434996,0.0033256728767856,-4,0.0032195677431528,-0.0053323794866524,0000318154-20-000017_same,same
-0.0091596617846532,-0.0054008536727301,-3,-0.0028946046823917,-0.0062650571022614,0000318154-20-000017_same,same
-0.0083283887931743,0.0073263978048905,-2,0.0060226443050369,-0.0143510330982113,0000318154-20-000017_same,same
0.0067716061649931,0.0016884725532351,-1,0.0020724761693695,0.0046991299956235,0000318154-20-000017_same,same
-0.0085604250452355,0.0064626464661976,0,0.0054174636999477,-0.0139778887451833,0000318154-20-000017_same,same
-0.0104704330874233,-0.0016304457368023,1,-0.0002528979157764,-0.0102175351716468,0000318154-20-000017_same,same
0.0019727590977556,0.0018435333204338,2,0.0021811182804902,-0.0002083591827346,0000318154-20-000017_same,same
-0.0080095655085126,-0.0029199426368901,3,-0.0011563738113238,-0.0068531916971888,0000318154-20-000017_same,same
0.0057287341047929,0.0047057858811645,4,0.004186533101893,0.0015422010028998,0000318154-20-000017_same,same
-0.0036778432217146,-0.0038155197636281,5,-0.0017838529053459,-0.0018939903163686,0000318154-20-000017_same,same
0.0002497043762472,0.0138982234844169,-5,0.011437465685121,-0.0111877613088737,0000318154-21-000010_same,same
-0.0141791979669709,0.0010087690809532,-4,-0.0001963335500419,-0.013982864416929,0000318154-21-000010_same,same
0.0005904918587309,0.0108533222304207,-3,0.0086891903298532,-0.0080986984711222,0000318154-21-000010_same,same
-0.0037941740301414,0.0038974951646253,-2,0.0024109807901048,-0.0062051548202463,0000318154-21-000010_same,same
0.0052894864746508,0.0073993483603735,-1,0.0055716930867713,-0.0002822066121204,0000318154-21-000010_same,same
-0.0038724381615138,-0.0011135249921484,0,-0.0021118795763971,-0.0017605585851166,0000318154-21-000010_same,same
0.0076483691032009,-0.0003451849323593,1,-0.0014183890902896,0.0090667581934905,0000318154-21-000010_same,same
-0.0070131006089035,0.0016624551635393,2,0.0003936722337236,-0.0074067728426272,0000318154-21-000010_same,same
0.0092325457416926,0.0047110331133788,3,0.0031452661112462,0.0060872796304463,0000318154-21-000010_same,same
-0.0184227756802033,-0.0005692724183511,4,-0.0016206465902222,-0.016802129089981,0000318154-21-000010_same,same
0.0118967524157254,-0.0003204020092266,5,-0.0013960204513107,0.0132927728670361,0000318154-21-000010_same,same
-0.0158496822999545,0.0145172078875055,-5,0.00868085755288,-0.0245305398528346,0000318154-22-000010_same,same
-0.0352884170035541,-0.0181157256684597,-4,-0.0097051484056684,-0.0255832685978857,0000318154-22-000010_same,same
-0.0027095733700626,-0.0189694543445634,-3,-0.0101861551315548,0.0074765817614922,0000318154-22-000010_same,same
-0.0087952155291861,-0.0038405967262932,-2,-0.0016622733959914,-0.0071329421331947,0000318154-22-000010_same,same
-0.0014715814318435,0.0157667211707204,-1,0.0093848567391951,-0.0108564381710387,0000318154-22-000010_same,same
-0.0057157523526737,0.000881207755895,0,0.0009980796855274,-0.0067138320382012,0000318154-22-000010_same,same
-0.0044012426167377,-0.021173138152195,1,-0.0114277518623049,0.0070265092455671,0000318154-22-000010_same,same
-0.0041048841265529,-0.0071661613961429,2,-0.0035359588165967,-0.0005689253099561,0000318154-22-000010_same,same
0.0028989905221461,-0.0101429452648328,3,-0.0052131346013965,0.0081121251235426,0000318154-22-000010_same,same
-0.0018519162131417,-0.0184121228454876,4,-0.0098721441265276,0.0080202279133859,0000318154-22-000010_same,same
-0.0078280601234996,0.0149568560673292,5,0.0089285635717104,-0.01675662369521,0000318154-22-000010_same,same
0.0004869177625739,0.0146993732443099,-5,0.0078729728855952,-0.0073860551230212,0000318154-23-000017_same,same
-0.0055164339401909,-0.0103546106913104,-4,-0.0033176701519513,-0.0021987637882396,0000318154-23-000017_same,same
-0.0053840234801945,-0.0061404630177543,-3,-0.0014353738096428,-0.0039486496705516,0000318154-23-000017_same,same
0.0006150193329439,0.0128725105980265,-2,0.0070569841867232,-0.0064419648537793,0000318154-23-000017_same,same
-0.015573582349575,-0.0110807244761647,-1,-0.003641997021156,-0.011931585328419,0000318154-23-000017_same,same
-0.0008327719447747,-0.0088297961777351,0,-0.0026365946406178,0.0018038226958431,0000318154-23-000017_same,same
0.0104166830308398,0.0021952617756952,1,0.0022878711985132,0.0081288118323266,0000318154-23-000017_same,same
0.0047835176801889,0.0114486093427661,2,0.0064209827144912,-0.0016374650343022,0000318154-23-000017_same,same
-0.0020703721141498,-0.0002804145319874,3,0.0011820825979066,-0.0032524547120565,0000318154-23-000017_same,same
-0.0039827187165085,0.002773175690496,4,0.0025460029329146,-0.0065287216494232,0000318154-23-000017_same,same
-0.0243678967774075,-0.0137887414891306,5,-0.0048515632047049,-0.0195163335727026,0000318154-23-000017_same,same
-0.0639099312571715,0.00824145796339,-5,0.0075288831771135,-0.0714388144342852,0000318154-24-000011_same,same
-0.0034475388182615,0.0005705832608251,-4,0.0016366655469579,-0.0050842043652195,0000318154-24-000011_same,same
-0.0126505138807807,0.0057423415255595,-3,0.005609240567142,-0.0182597544479227,0000318154-24-000011_same,same
0.0113699363398267,-0.0009489536011326,-2,0.0004694659465387,0.0109004703932879,0000318154-24-000011_same,same
-0.0134156481390845,-0.0136742556536254,-1,-0.0093052014818944,-0.0041104466571901,0000318154-24-000011_same,same
-0.0014112866897475,0.0095797632750176,0,0.008556873655053,-0.0099681603448005,0000318154-24-000011_same,same
0.0043428562031169,0.0058212506847294,1,0.0056698529427667,-0.0013269967396498,0000318154-24-000011_same,same
-0.0185768057886941,-0.0048034698371121,2,-0.002491297903999,-0.0160855078846951,0000318154-24-000011_same,same
-0.0006695727444615,-0.0060053220011653,3,-0.0034144748276824,0.0027449020832209,0000318154-24-000011_same,same
-0.0001765777038127,0.0012641999229821,4,0.0021694522869061,-0.0023460299907189,0000318154-24-000011_same,same
0.0060680170346985,0.021122884217414,5,0.0174234740573597,-0.0113554570226612,0000318154-24-000011_same,same
-0.0142386560647217,-0.0094647701115428,-5,-0.0073953058973777,-0.0068433501673439,0000318154-25-000010_same,same
0.0042581057755495,0.0067125410858628,-4,0.0016393406559396,0.0026187651196098,0000318154-25-000010_same,same
0.0063435511538598,0.0003395827888592,-3,-0.0019198061645586,0.0082633573184185,0000318154-25-000010_same,same
-0.0053932841975807,-0.0027238667143857,-2,-0.0036306704211721,-0.0017626137764086,0000318154-25-000010_same,same
0.0064732078636646,0.0104262921222306,-1,0.0037133829730572,0.0027598248906073,0000318154-25-000010_same,same
-0.0116432750855567,-7.194380749464546e-05,0,-0.0021496340574623,-0.0094936410280943,0000318154-25-000010_same,same
0.0056325458673482,0.0024449877750611,1,-0.0007439871628832,0.0063765330302315,0000318154-25-000010_same,same
0.0050205588535103,0.0023769693899173,2,-0.0007819738258955,0.0058025326794059,0000318154-25-000010_same,same
0.0124374792826111,-0.0043341850761716,3,-0.0045299952261117,0.0169674745087228,0000318154-25-000010_same,same
0.0170512421625419,-0.0170641267025635,4,-0.0116393672246708,0.0286906093872127,0000318154-25-000010_same,same
0.022144270624218,-0.0049691065044024,5,-0.0048845838609716,0.0270288544851897,0000318154-25-000010_same,same
0.0449157255969248,0.0196957966973359,-5,0.011538172485849,0.0333775531110757,0000318154-26-000010_same,same
-0.0221168992810885,0.0046910867168872,-4,0.0034385241308577,-0.0255554234119462,0000318154-26-000010_same,same
-0.0297218132874066,-0.0033037129754581,-3,-0.0008771251726587,-0.0288446881147478,0000318154-26-000010_same,same
0.0052927354827039,-4.895607156218951e-05,-2,0.0008798155770716,0.0044129199056322,0000318154-26-000010_same,same
-0.0010365101152122,-0.0156610121277019,-1,-0.0075476824764004,0.0065111723611882,0000318154-26-000010_same,same
0.0151506544332313,0.0004990891480125,0,0.0011756542548584,0.0139750001783729,0000318154-26-000010_same,same
0.0112949558384232,0.0010313220779065,1,0.0014629573470678,0.0098319984913553,0000318154-26-000010_same,same
0.0170612748474425,0.0055660701474107,2,0.0039108463625382,0.0131504284849043,0000318154-26-000010_same,same
-0.0111395350750256,-0.0028221256867719,3,-0.0006171609550448,-0.0105223741199808,0000318154-26-000010_same,same
-0.0019973297554364,0.0069397247635067,4,0.004652354819955,-0.0066496845753914,0000318154-26-000010_same,same
0.0124617890956146,-0.0103856522472848,5,-0.0047000059779487,0.0171617950735633,0000318154-26-000010_same,same
-0.0354188464341312,0.0072647580986477,-5,0.0096122636565783,-0.0450311100907096,0001018724-17-000011_same,same
-0.0031596731018066,-0.0021153569858851,-4,-0.0025203618545318,-0.0006393112472747,0001018724-17-000011_same,same
0.0060175333242835,0.0002268291856959,-3,0.0005091177884153,0.0055084155358682,0001018724-17-000011_same,same
0.0088738544170672,0.00069332238554,-2,0.0011124992230974,0.0077613551939698,0001018724-17-000011_same,same
0.002012918156127,0.0057525464497805,-1,0.0076563070969943,-0.0056433889408673,0001018724-17-000011_same,same
0.0074267142125987,0.0035660501028451,0,0.0048282030577891,0.0025985111548096,0001018724-17-000011_same,same
0.0109612266040575,0.0052458450979924,1,0.0070009187897277,0.0039603078143297,0001018724-17-000011_same,same
-0.0001673572852771,0.0040073351766347,2,0.0053989792684947,-0.0055663365537719,0001018724-17-000011_same,same
0.0075442880063369,0.0049923089198982,3,0.0066729846999416,0.0008713033063953,0001018724-17-000011_same,same
0.001708850451096,-0.0008641180363413,4,-0.0009019580862495,0.0026108085373455,0001018724-17-000011_same,same
0.0011017404426045,0.0016785565287558,5,0.002386841466521,-0.0012851010239165,0001018724-17-000011_same,same
0.0174897760741254,0.011841196508761,-5,0.0222334236798089,-0.0047436476056834,0001018724-18-000005_same,same
0.0111479870163437,-0.0067319743328871,-4,-0.0119984904566096,0.0231464774729534,0001018724-18-000005_same,same
0.0142062541142373,-0.0108988156202839,-3,-0.0196783289928706,0.033884583107108,0001018724-18-000005_same,same
0.0090901980569244,0.0004889853730833,-2,0.0013103448922277,0.0077798531646967,0001018724-18-000005_same,same
-0.0419673740052771,-0.0006480882520516,-1,-0.0007853773209727,-0.0411819966843044,0001018724-18-000005_same,same
0.0287409720660971,-0.021208547923968,0,-0.0386800317176304,0.0674210037837276,0001018724-18-000005_same,same
-0.0279380065988569,-0.0409792248042282,1,-0.0751190500820294,0.0471810434831725,0001018724-18-000005_same,same
0.0380143638995054,0.0174409205923138,2,0.0325541855814855,0.0054601783180198,0001018724-18-000005_same,same
-0.0180616206187189,-0.0050015884169394,3,-0.0088092438490909,-0.009252376769628,0001018724-18-000005_same,same
-0.0467820763555533,-0.037536419758088,4,-0.0687736711624739,0.0219915948069206,0001018724-18-000005_same,same
-0.008071057484337,0.0149360902084947,5,0.0279375727609695,-0.0360086302453065,0001018724-18-000005_same,same
0.0094506151672881,0.0084886940607138,-5,0.0181036074507928,-0.0086529922835046,0001018724-19-000004_same,same
-0.0195622167126648,-0.0078468274939378,-4,-0.0146656982387242,-0.0048965184739406,0001018724-19-000004_same,same
-0.0268699420425195,-0.0014562465775435,-3,-0.0018460953333436,-0.0250238467091759,0001018724-19-000004_same,same
0.048027447209614,0.0155492609197442,-2,0.0322672123880932,0.0157602348215207,0001018724-19-000004_same,same
0.0289147216718597,0.0085973959487253,-1,0.0183216650980714,0.0105930565737882,0001018724-19-000004_same,same
-0.0538188077293867,0.0008986100931438,0,0.0028777831077936,-0.0566965908371803,0001018724-19-000004_same,same
0.0043535818975664,0.006776236617404,1,0.0146683916695048,-0.0103148097719384,0001018724-19-000004_same,same
0.0156124872244736,0.0047084203769747,2,0.0105203207147039,0.0050921665097696,0001018724-19-000004_same,same
-0.0111826897860277,-0.0022244379802809,3,-0.003387099017869,-0.0077955907681587,0001018724-19-000004_same,same
-0.0157841104531439,-0.0093571401439401,4,-0.0176954084777939,0.0019112980246499,0001018724-19-000004_same,same
-0.0161982091572395,0.000676201086956,5,0.0024316272450937,-0.0186298364023333,0001018724-19-000004_same,same
-0.0121724266388618,-0.0090421609742074,-5,-0.0109964258563612,-0.0011760007825005,0001018724-20-000004_same,same
-0.0178874637677122,-0.0157307116591823,-4,-0.0185566323618041,0.0006691685940918,0001018724-20-000004_same,same
0.0136243659245136,0.010053584595046,-3,0.0105878883962398,0.0030364775282738,0001018724-20-000004_same,same
0.0025630978623367,-0.0008668741908683,-2,-0.0017557309383872,0.0043188288007239,0001018724-20-000004_same,same
0.0068244891898707,0.0031343587926053,-1,0.0027669450576852,0.0040575441321854,0001018724-20-000004_same,same
0.0737913558648475,-0.0177058203755262,0,-0.0207891383963032,0.0945804942611507,0001018724-20-000004_same,same
-0.0022501685803328,0.0072546138923517,1,0.0074241542015377,-0.0096743227818706,0001018724-20-000004_same,same
0.0226873421407756,0.0149804141640821,2,0.0161567852639435,0.006530556876832,0001018724-20-000004_same,same
-0.0047812367371395,0.0112505958978537,3,0.0119408949091312,-0.0167221316462708,0001018724-20-000004_same,same
0.0050787328892443,0.0033256728767856,4,0.0029831913047312,0.002095541584513,0001018724-20-000004_same,same
0.0141691363906086,-0.0054008536727301,5,-0.0068805812667724,0.0210497176573811,0001018724-20-000004_same,same
-0.0281258122831292,-0.025677883699462,-5,-0.0359889185932437,0.0078631063101145,0001018724-21-000004_same,same
0.0015591193708615,0.0097606259756297,-4,0.01241017764648,-0.0108510582756185,0001018724-21-000004_same,same
-0.0097046545146951,-0.0193114751731245,-3,-0.0272941844807601,0.0175895299660649,0001018724-21-000004_same,same
0.0426299029247456,0.0160517676144393,-2,0.0210021182338826,0.021627784690863,0001018724-21-000004_same,same
0.011104214562255,0.0138982234844169,-1,0.0180609790448747,-0.0069567644826196,0001018724-21-000004_same,same
-0.0199615659093009,0.0010087690809532,0,0.0004575879917447,-0.0204191539010457,0001018724-21-000004_same,same
0.0055758451473297,0.0108533222304207,1,0.0139024952321032,-0.0083266500847734,0001018724-21-000004_same,same
0.0063494151774878,0.0038974951646253,2,0.004402780185651,0.0019466349918368,0001018724-21-000004_same,same
-0.0087137807739665,0.0073993483603735,3,0.0091853325952273,-0.0178991133691939,0001018724-21-000004_same,same
-0.0053988525624483,-0.0011135249921484,4,-0.002440872356469,-0.0029579802059792,0001018724-21-000004_same,same
-0.0055734054403838,-0.0003451849323593,5,-0.0013915346490003,-0.0041818707913834,0001018724-21-000004_same,same
0.0310840567382737,0.0243476468880761,-5,0.0257570563727851,0.0053270003654886,0001018724-22-000005_same,same
0.0388636103021893,0.0188859517327795,-4,0.0198550681493606,0.0190085421528286,0001018724-22-000005_same,same
0.0108307628022343,0.0068630035578014,-3,0.0068628932802179,0.0039678695220164,0001018724-22-000005_same,same
-0.0038427158906232,0.0094225154473364,-2,0.0096287395239616,-0.0134714554145848,0001018724-22-000005_same,same
-0.0781276325178123,-0.024391082077444,-1,-0.0269107319603326,-0.0512169005574796,0001018724-22-000005_same,same
0.1353590173571186,0.0051569298644233,0,0.0050192849204861,0.1303397324366325,0001018724-22-000005_same,same
0.0018777353189827,-0.0037017126347429,1,-0.0045534946321961,0.0064312299511788,0001018724-22-000005_same,same
0.022021627828944,0.0084012071916632,2,0.0085250987812842,0.0134965290476597,0001018724-22-000005_same,same
-0.0013877341505965,0.0145172078875055,3,0.0151341392082863,-0.0165218733588829,0001018724-22-000005_same,same
-0.0135617062747338,-0.0181157256684597,4,-0.0201294894027544,0.0065677831280205,0001018724-22-000005_same,same
-0.0359111067436319,-0.0189694543445634,5,-0.0210520411836749,-0.014859065559957,0001018724-22-000005_same,same
0.0304373776044284,0.002494840970949,-5,0.0001665404282274,0.0302708371762009,0001018724-23-000004_same,same
-0.0165296835614527,-0.0129687409846833,-4,-0.022671206626341,0.0061415230648882,0001018724-23-000004_same,same
0.0256588177360086,0.0146424702855101,-3,0.018107046476217,0.0075517712597916,0001018724-23-000004_same,same
0.0195869710681486,0.0104523039445902,-2,0.011918702838562,0.0076682682295866,0001018724-23-000004_same,same
0.0737993535294492,0.0146993732443099,-1,0.0181910849210905,0.0556082686083586,0001018724-23-000004_same,same
-0.0843149762083984,-0.0103546106913104,0,-0.0188104681131669,-0.0655045080952315,0001018724-23-000004_same,same
-0.011703250716856,-0.0061404630177543,1,-0.0125867070922465,0.0008834563753904,0001018724-23-000004_same,same
-0.0006850625818668,0.0128725105980265,2,0.0154930407590739,-0.0161781033409407,0001018724-23-000004_same,same
-0.0201742977796528,-0.0110807244761647,3,-0.0198828459748366,-0.0002914518048162,0001018724-23-000004_same,same
-0.0180910058248766,-0.0088297961777351,4,-0.0165585106904894,-0.0015324951343872,0001018724-23-000004_same,same
-0.0064128386310795,0.0021952617756952,5,-0.0002759000039859,-0.0061369386270936,0001018724-23-000004_same,same
0.0086845966224247,-0.0006517852510764,-5,-0.0012633305428668,0.0099479271652915,0001018724-24-000008_same,same
0.0134489659082277,0.0075567748961808,-4,0.0118611392639018,0.0015878266443259,0001018724-24-000008_same,same
-0.0140146011647056,-0.0006006499345398,-3,-0.0011815715125491,-0.0128330296521564,0001018724-24-000008_same,same
-0.0238993902626277,-0.0161057446115979,-2,-0.025972295255754,0.0020729049931262,0001018724-24-000008_same,same
0.0262886721087716,0.0124936882116097,-1,0.0197546514736685,0.006534020635103,0001018724-24-000008_same,same
0.0786664921856183,0.0106844460775146,0,0.0168618976488702,0.0618045945367481,0001018724-24-000008_same,same
-0.008730574595861,-0.0031863375266721,1,-0.0053157653448274,-0.0034148092510335,0001018724-24-000008_same,same
-0.006811130754143,0.0023104108269635,2,0.0034728536709937,-0.0102839844251368,0001018724-24-000008_same,same
0.008158468416245,0.00824145796339,3,0.0129558625870652,-0.0047973941708201,0001018724-24-000008_same,same
-0.0040462232237464,0.0005705832608251,4,0.0006910851328906,-0.004737308356637,0001018724-24-000008_same,same
0.027143197772921,0.0057423415255595,5,0.008960085295616,0.018183112477305,0001018724-24-000008_same,same
0.0129559891495079,-0.0050468257540199,-5,-0.0066766190771575,0.0196326082266654,0001018724-25-000004_same,same
-0.0010938846972727,-0.0076085976846667,-4,-0.0108044813872975,0.0097105966900247,0001018724-25-000004_same,same
0.0195434227336934,0.0072248818286797,-3,0.0130971627360019,0.0064462599976915,0001018724-25-000004_same,same
-0.0243328077710265,0.0039086729306143,-2,0.0077536528165146,-0.0320864605875412,0001018724-25-000004_same,same
0.0112630888035427,0.0036442987226186,-1,0.0073276584819279,0.0039354303216147,0001018724-25-000004_same,same
-0.0405309544879449,-0.0094647701115428,0,-0.0137953894030977,-0.0267355650848472,0001018724-25-000004_same,same
0.0174121998666361,0.0067125410858628,1,0.012271612257865,0.005140587608771,0001018724-25-000004_same,same
-0.0016299428832774,0.0003395827888592,2,0.0020026675311369,-0.0036326104144144,0001018724-25-000004_same,same
-0.0164547255604193,-0.0027238667143857,3,-0.00293356336131,-0.0135211621991093,0001018724-25-000004_same,same
0.0062901432205331,0.0104262921222306,4,0.0182556941149864,-0.0119655508944533,0001018724-25-000004_same,same
-0.0073360354092405,-7.194380749464546e-05,5,0.0013395620039089,-0.0086755974131494,0001018724-25-000004_same,same
-0.0100525078340717,-0.0043018996208942,-5,-0.0077582484575773,-0.0022942593764943,0001018724-26-000004_same,same
0.0152946243854319,0.0053912661291679,-4,0.0088787929841839,0.006415831401248,0001018724-26-000004_same,same
-0.0178630699569863,-0.0084039830206983,-3,-0.014798933954951,-0.0030641360020353,0001018724-26-000004_same,same
-0.023593955826118,-0.0050723919062231,-2,-0.0090806969137478,-0.0145132589123701,0001018724-26-000004_same,same
-0.0442079179746619,-0.0122510155676747,-1,-0.0214018582793844,-0.0228060596952774,0001018724-26-000004_same,same
-0.0555480487744045,0.0196957966973359,0,0.0334306343540712,-0.0889786831284757,0001018724-26-000004_same,same
-0.0076074840614147,0.0046910867168872,1,0.0076770273072988,-0.0152845113687136,0001018724-26-000004_same,same
-0.0084323231915608,-0.0033037129754581,2,-0.0060449926426104,-0.0023873305489504,0001018724-26-000004_same,same
-0.0139157556502897,-4.895607156218951e-05,3,-0.0004586313970463,-0.0134571242532434,0001018724-26-000004_same,same
-0.021952154485219,-0.0156610121277019,4,-0.0272546679339674,0.0053025134487484,0001018724-26-000004_same,same
-0.0040581803237155,0.0004990891480125,5,0.0004820159894862,-0.0045401963132018,0001018724-26-000004_same,same
0.0038380222153286,0.0035660501028451,-5,0.0048437197171514,-0.0010056975018227,0001193125-17-047588_same,same
0.0054784412923807,0.0052458450979924,-4,0.0065115353464267,-0.0010330940540459,0001193125-17-047588_same,same
0.0063364278815138,0.0040073351766347,-3,0.0052818577906415,0.0010545700908723,0001193125-17-047588_same,same
0.0023928890768605,0.0049923089198982,-2,0.0062598072476802,-0.0038669181708197,0001193125-17-047588_same,same
-0.0011306590022457,-0.0008641180363413,-1,0.000445145079057,-0.0015758040813027,0001193125-17-047588_same,same
0.002515552977105,0.0016785565287558,0,0.0029696866999576,-0.0004541337228525,0001193125-17-047588_same,same
0.003261828112377,0.0060480661608284,1,0.0073080354137545,-0.0040462073013774,0001193125-17-047588_same,same
-0.001375980559692,-0.001082200145408,2,0.0002286182105894,-0.0016045987702814,0001193125-17-047588_same,same
0.0023794056666719,0.0004189867216857,3,0.0017190994458798,0.000660306220792,0001193125-17-047588_same,same
-0.0036226701808723,0.0014933641914423,4,0.0027858150516399,-0.0064084852325123,0001193125-17-047588_same,same
0.0051401815800191,0.0010179830611165,5,0.0023138240757707,0.0028263575042484,0001193125-17-047588_same,same
0.0382617133180234,0.0149360902084947,-5,0.0135775908999847,0.0246841224180386,0000004962-18-000032_same,same
0.0324900920931685,0.0139145847540425,-4,0.0126632788900429,0.0198268132031256,0000004962-18-000032_same,same
-0.0014783327459273,0.002612929746329,-3,0.0025475826294559,-0.0040259153753833,0000004962-18-000032_same,same
0.0176608285084034,0.0134024582572458,-2,0.0122048932743912,0.0054559352340121,0000004962-18-000032_same,same
0.003429516389541,0.0120691127622993,-1,0.0110114646988335,-0.0075819483092925,0000004962-18-000032_same,same
0.0023818046474297,0.0003734693722488,0,0.0005431239093521,0.0018386807380776,0000004962-18-000032_same,same
0.0041327026131066,-0.0058413894593534,1,-0.0050195679441867,0.0091522705572933,0000004962-18-000032_same,same
0.0031892582715562,-0.0054965031281792,2,-0.0047108728576525,0.0079001311292088,0000004962-18-000032_same,same
-0.0015384785228083,0.0009735510790762,3,0.0010802350026971,-0.0026187135255054,0000004962-18-000032_same,same
0.0148952255089984,0.0160283763505131,4,0.0145552561034231,0.0003399694055753,0000004962-18-000032_same,same
0.0287447755833214,0.0117570153438109,5,0.010732117763629,0.0180126578196923,0000004962-18-000032_same,same
0.0102018922871256,-0.0022244379802809,-5,-0.0018353609223192,0.0120372532094449,0000004962-19-000018_same,same
-0.0054304739620113,-0.0093571401439401,-4,-0.0092269150448568,0.0037964410828454,0000004962-19-000018_same,same
0.0012451771152794,0.000676201086956,-3,0.0011705448569331,7.46322583463552e-05,0000004962-19-000018_same,same
0.0085152245467772,0.0007091030986317,-2,0.0012046409111998,0.0073105836355773,0000004962-19-000018_same,same
0.0150840656379316,0.0128902247439735,-1,0.0138278260448079,0.0012562395931236,0000004962-19-000018_same,same
0.0052336614127399,0.0030239946687606,0,0.0036035419077383,0.0016301195050015,0000004962-19-000018_same,same
-0.0087393721149865,-0.0026516415551012,1,-0.0022780680860522,-0.0064613040289342,0000004962-19-000018_same,same
0.0071278200853504,0.0108787526085869,2,0.0117433558379294,-0.004615535752579,0000004962-19-000018_same,same
-0.0081949322877917,0.0014987433214488,3,0.0020229378637942,-0.010217870151586,0000004962-19-000018_same,same
0.0026291560150804,0.0017771107537685,4,0.0023114074920966,0.0003177485229837,0000004962-19-000018_same,same
-0.001592208478985,-0.0035264367908802,5,-0.0031846104010171,0.0015924019220321,0000004962-19-000018_same,same
-0.0026198810182923,0.0033256728767856,-5,0.0035550667786618,-0.0061749477969542,0000004962-20-000030_same,same
-0.0107318856533572,-0.0054008536727301,-4,-0.0080513415159661,-0.002680544137391,0000004962-20-000030_same,same
0.0031862979179426,0.0073263978048905,-3,0.0088760896079177,-0.0056897916899751,0000004962-20-000030_same,same
0.0029491868053856,0.0016884725532351,-2,0.0013775663370595,0.0015716204683261,0000004962-20-000030_same,same
0.0045993644173321,0.0064626464661976,-1,0.0077272876596263,-0.0031279232422942,0000004962-20-000030_same,same
0.0091561159437512,-0.0016304457368023,0,-0.0030366436641488,0.0121927596079001,0000004962-20-000030_same,same
0.0104865658157238,0.0018435333204338,1,0.0015837994315645,0.0089027663841592,0000004962-20-000030_same,same
-0.0019872993880333,-0.0029199426368901,2,-0.0047516934531059,0.0027643940650726,0000004962-20-000030_same,same
0.0098081750827185,0.0047057858811645,3,0.0053906373153075,0.004417537767411,0000004962-20-000030_same,same
-0.0025559872606099,-0.0038155197636281,4,-0.0059428241662564,0.0033868369056465,0000004962-20-000030_same,same
-0.0123006397440975,-0.0105181030271228,5,-0.0148573582072004,0.0025567184631029,0000004962-20-000030_same,same
0.0110487327052672,0.0038974951646253,-5,0.0060897945228432,0.0049589381824239,0000004962-21-000013_same,same
0.0135411937401443,0.0073993483603735,-4,0.0102373484989383,0.003303845241206,0000004962-21-000013_same,same
-0.0102350564538461,-0.0011135249921484,-3,0.0001548008455658,-0.010389857299412,0000004962-21-000013_same,same
0.0122356393873621,-0.0003451849323593,-2,0.0010648138277892,0.0111708255595729,0000004962-21-000013_same,same
0.0006237983489021,0.0016624551635393,-1,0.0034426392810156,-0.0028188409321135,0000004962-21-000013_same,same
0.0102095929188918,0.0047110331133788,0,0.0070533393562342,0.0031562535626576,0000004962-21-000013_same,same
0.0081779055340736,-0.0005692724183511,1,0.0007994072297494,0.0073784983043241,0000004962-21-000013_same,same
-0.0162229525952157,-0.0003204020092266,2,0.0010941664321482,-0.017317119027364,0000004962-21-000013_same,same
-0.000544382902597,-0.0044158356273545,3,-0.0037564172551757,0.0032120343525786,0000004962-21-000013_same,same
0.0250603928532018,-0.0018548966445751,4,-0.0007232710703328,0.0257836639235346,0000004962-21-000013_same,same
0.0321916121612855,-0.0077328394581538,5,-0.0076850378049627,0.0398766499662482,0000004962-21-000013_same,same
0.0098348388101268,0.0051569298644233,-5,0.0069963911127759,0.0028384476973508,0000004962-22-000008_same,same
0.0108689311032748,-0.0037017126347429,-4,-0.0043588370793341,0.0152277681826089,0000004962-22-000008_same,same
0.0326289212833297,0.0084012071916632,-3,0.0111549864475312,0.0214739348357985,0000004962-22-000008_same,same
0.0123709718036648,0.0145172078875055,-2,0.0189946281907135,-0.0066236563870486,0000004962-22-000008_same,same
-0.0045313897318836,-0.0181157256684597,-1,-0.0228350773359318,0.0183036876040482,0000004962-22-000008_same,same
-0.0189247865891449,-0.0189694543445634,0,-0.0239294079776997,0.0050046213885547,0000004962-22-000008_same,same
0.0028152697999834,-0.0038405967262932,1,-0.0045368621607115,0.007352131960695,0000004962-22-000008_same,same
0.029269450630565,0.0157667211707204,2,0.0205962853815656,0.0086731652489994,0000004962-22-000008_same,same
0.0020204068260933,0.000881207755895,3,0.0015156642143873,0.000504742611706,0000004962-22-000008_same,same
-0.013458811404546,-0.021173138152195,4,-0.0267541446685944,0.0132953332640484,0000004962-22-000008_same,same
-0.0042410188733749,-0.0071661613961429,5,-0.0087996536321267,0.0045586347587518,0000004962-22-000008_same,same
0.0330965379952337,-0.0103546106913104,-5,-0.0114573142646055,0.0445538522598392,0000004962-23-000006_same,same
-0.0133065711431681,-0.0061404630177543,-4,-0.0066489584061368,-0.0066576127370312,0000004962-23-000006_same,same
0.0125792253973544,0.0128725105980265,-3,0.015044904779062,-0.0024656793817075,0000004962-23-000006_same,same
0.0016788690545359,-0.0110807244761647,-2,-0.0122858123956101,0.013964681450146,0000004962-23-000006_same,same
0.0020670221164789,-0.0088297961777351,-1,-0.009717496069473,0.0117845181859519,0000004962-23-000006_same,same
-0.0006689859243267,0.0021952617756952,0,0.0028621300155329,-0.0035311159398597,0000004962-23-000006_same,same
0.0116040808384105,0.0114486093427661,1,0.01342022893166,-0.0018161480932494,0000004962-23-000006_same,same
-0.0017098913330492,-0.0002804145319874,2,3.737549816854626e-05,-0.0017472668312177,0000004962-23-000006_same,same
-0.0019332846693769,0.002773175690496,3,0.003521531624869,-0.005454816294246,0000004962-23-000006_same,same
-0.0151105563571831,-0.0137887414891306,4,-0.0153756683944483,0.0002651120372652,0000004962-23-000006_same,same
-0.0035966282068868,-0.0027674058253277,5,-0.0028002894537106,-0.0007963387531762,0000004962-23-000006_same,same
0.0156972874484677,0.0106844460775146,-5,0.0123239000182875,0.0033733874301802,0000004962-24-000013_same,same
-0.0022771446423767,-0.0031863375266721,-4,-0.0029605898513774,0.0006834452090007,0000004962-24-000013_same,same
-0.0014081854338791,0.0023104108269635,-3,0.0030963855095448,-0.0045045709434239,0000004962-24-000013_same,same
0.0166787638358274,0.00824145796339,-2,0.0096319232599753,0.0070468405758521,0000004962-24-000013_same,same
0.0101875590794184,0.0005705832608251,-1,0.0011792352195222,0.0090083238598962,0000004962-24-000013_same,same
0.0059656719894782,0.0057423415255595,0,0.0068780975953889,-0.0009124256059106,0000004962-24-000013_same,same
-0.0009883576940977,-0.0009489536011326,1,-0.0004951724012675,-0.0004931852928302,0000004962-24-000013_same,same
-0.0122021002080346,-0.0136742556536254,2,-0.0145174335697745,0.0023153333617398,0000004962-24-000013_same,same
0.0058663883542657,0.0095797632750176,3,0.011106628263081,-0.0052402399088152,0000004962-24-000013_same,same
0.0077287114808235,0.0058212506847294,4,0.006965049153309,0.0007636623275144,0000004962-24-000013_same,same
0.0001412489938592,-0.0048034698371121,5,-0.0047425398206182,0.0048837888144775,0000004962-24-000013_same,same
-0.004702947977705,-0.0050468257540199,-5,-0.0046407011951348,-6.224678257023882e-05,0000004962-25-000016_same,same
-0.0028979037206378,-0.0076085976846667,-4,-0.0076718537720666,0.0047739500514288,0000004962-25-000016_same,same
-0.0022115991928309,0.0072248818286797,-3,0.0098794899341597,-0.0120910891269906,0000004962-25-000016_same,same
0.0148814224900413,0.0039086729306143,-2,0.0059556686810799,0.0089257538089613,0000004962-25-000016_same,same
-0.0011855005385954,0.0036442987226186,-1,0.0056428545104452,-0.0068283550490407,0000004962-25-000016_same,same
-0.0105576440465215,-0.0094647701115428,0,-0.0098681233804758,-0.0006895206660457,0000004962-25-000016_same,same
-0.0205510980767863,0.0067125410858628,1,0.0092732755618816,-0.0298243736386679,0000004962-25-000016_same,same
-0.0022239948050457,0.0003395827888592,2,0.001732632019986,-0.0039566268250318,0000004962-25-000016_same,same
-0.0102400906292817,-0.0027238667143857,3,-0.0018921179997071,-0.0083479726295746,0000004962-25-000016_same,same
0.0035901990815359,0.0104262921222306,4,0.0136674786091167,-0.0100772795275808,0000004962-25-000016_same,same
0.0115120691486898,-7.194380749464546e-05,5,0.0012457034655385,0.0102663656831513,0000004962-25-000016_same,same
-0.0176567917749261,-0.0043018996208942,-5,-0.0030334176002309,-0.0146233741746952,0000004962-26-000080_same,same
0.0018740187638972,0.0053912661291679,-4,0.0073714614384697,-0.0054974426745725,0000004962-26-000080_same,same
-0.0090695407441127,-0.0084039830206983,-3,-0.0074366933392587,-0.0016328474048539,0000004962-26-000080_same,same
0.0115551362961014,-0.0050723919062231,-2,-0.0038604826928759,0.0154156189889774,0000004962-26-000080_same,same
0.0026860515580244,-0.0122510155676747,-1,-0.0115661913114745,0.014252242869499,0000004962-26-000080_same,same
0.0127742113752955,0.0196957966973359,0,0.0227262912334961,-0.0099520798582006,0000004962-26-000080_same,same
0.0014200591084432,0.0046910867168872,1,0.0066198718878502,-0.005199812779407,0000004962-26-000080_same,same
0.0098426724121376,-0.0033037129754581,2,-0.0019619398630693,0.011804612275207,0000004962-26-000080_same,same
-0.0253029110138279,-4.895607156218951e-05,3,0.0015317950795314,-0.0268347060933594,0000004962-26-000080_same,same
-0.031439788589651,-0.0156610121277019,4,-0.0152265642633392,-0.0162132243263117,0000004962-26-000080_same,same
-0.0156905733277979,0.0004990891480125,5,0.0021200801005914,-0.0178106534283894,0000004962-26-000080_same,same
0.0216126531355387,0.0049923089198982,-5,0.0093809900493231,0.0122316630862156,0000070858-17-000013_same,same
0.0,-0.0008641180363413,-4,0.0020726866095279,-0.0020726866095279,0000070858-17-000013_same,same
-0.0024410332499327,0.0016785565287558,-3,0.0052457198274324,-0.0076867530773651,0000070858-17-000013_same,same
0.0106034040682294,0.0060480661608284,-2,0.0106984818123268,-9.5077744097425e-05,0000070858-17-000013_same,same
0.0004036991535356,-0.001082200145408,-1,0.0018005394044558,-0.0013968402509201,0000070858-17-000013_same,same
-0.0084710988126202,0.0004189867216857,0,0.0036738879882484,-0.0121449868008686,0000070858-17-000013_same,same
-0.0142394089485031,0.0014933641914423,1,0.005014616151774,-0.0192540251002771,0000070858-17-000013_same,same
0.0140321378026309,0.0010179830611165,2,0.0044213824999358,0.009610755302695,0000070858-17-000013_same,same
0.0044770984882382,-0.0025783763780462,3,-6.655635021413043e-05,0.0045436548384524,0000070858-17-000013_same,same
0.0363746410726559,0.0136738546598662,4,0.02021479213859,0.0161598489340659,0000070858-17-000013_same,same
-0.0105884412643083,-0.0058598805035984,5,-0.0041615835857068,-0.0064268576786014,0000070858-17-000013_same,same
0.0262988798248846,0.0134024582572458,-5,0.0185931528687453,0.0077057269561392,0000070858-18-000009_same,same
0.0065624758369777,0.0120691127622993,-4,0.0168734463801301,-0.0103109705431524,0000070858-18-000009_same,same
-0.0074510852585584,0.0003734693722488,-3,0.0017887786007509,-0.0092398638593094,0000070858-18-000009_same,same
-0.0012510360073356,-0.0058413894593534,-2,-0.0062269480800241,0.0049759120726885,0000070858-18-000009_same,same
-0.0018790510744464,-0.0054965031281792,-1,-0.0057821246911855,0.0039030736167391,0000070858-18-000009_same,same
-0.0056478390444389,0.0009735510790762,0,0.0025627448449403,-0.0082105838893792,0000070858-18-000009_same,same
0.0107287181838489,0.0160283763505131,1,0.021979978264473,-0.0112512600806241,0000070858-18-000009_same,same
0.012176101697972,0.0117570153438109,2,0.0164709130849798,-0.0042948113870078,0000070858-18-000009_same,same
-0.0027760845838723,-0.0127068884438292,3,-0.0150818496759966,0.0123057650921243,0000070858-18-000009_same,same
-0.007114043294783,-0.011095788639207,4,-0.0130039045385086,0.0058898612437255,0000070858-18-000009_same,same
-0.0156349401786117,-0.0133243995419872,5,-0.0158782957931651,0.0002433556145533,0000070858-18-000009_same,same
0.0006868781502458,0.0014987433214488,-5,0.0021347203268865,-0.0014478421766406,0000070858-19-000012_same,same
0.0096122949333461,0.0017771107537685,-4,0.0024116899899213,0.0072006049434248,0000070858-19-000012_same,same
-0.0040804005299985,-0.0035264367908802,-3,-0.0028652267962478,-0.0012151737337507,0000070858-19-000012_same,same
-0.0071698984223228,0.0064111023949868,-2,0.007022412920686,-0.0141923113430088,0000070858-19-000012_same,same
0.0065339321849857,0.0012318625699112,-1,0.001869179666444,0.0046647525185417,0000070858-19-000012_same,same
0.0006832804207483,-0.0007904570968998,0,-0.0001429853055779,0.0008262657263263,0000070858-19-000012_same,same
0.0081939232153107,-0.0005440493877303,1,0.0001021851139971,0.0080917381013136,0000070858-19-000012_same,same
-0.0102112249986079,-0.0028255083152146,2,-0.0021678179000316,-0.0080434070985763,0000070858-19-000012_same,same
0.0079091580564305,0.0068953205934343,3,0.0075041997092544,0.0004049583471761,0000070858-19-000012_same,same
-0.0095526791520998,-0.003880558492514,4,-0.0032175703428958,-0.006335108809204,0000070858-19-000012_same,same
0.0017220350519133,-0.0011315328231061,5,-0.0004823483846907,0.0022043834366041,0000070858-19-000012_same,same
0.0023063854377645,0.0016884725532351,-5,0.0029821119582905,-0.000675726520526,0000070858-20-000011_same,same
0.0043137548918013,0.0064626464661976,-4,0.0095544373574345,-0.0052406824656332,0000070858-20-000011_same,same
-0.0002861983896887,-0.0016304457368023,-3,-0.0015868483211143,0.0013006499314255,0000070858-20-000011_same,same
-0.0017190969364082,0.0018435333204338,-2,0.0031955750279755,-0.0049146719643838,0000070858-20-000011_same,same
-0.0166423876858212,-0.0029199426368901,-1,-0.0033620231226759,-0.0132803645631452,0000070858-20-000011_same,same
0.0131311283534776,0.0047057858811645,0,0.0071358703642177,0.0059952579892599,0000070858-20-000011_same,same
0.0037437560951634,-0.0038155197636281,1,-0.0045949116609362,0.0083386677560997,0000070858-20-000011_same,same
-0.0140598815666805,-0.0105181030271228,2,-0.0138219651838374,-0.0002379163828431,0000070858-20-000011_same,same
-0.047438999024162,-0.0335136266712231,3,-0.0454785547568286,-0.0019604442673334,0000070858-20-000011_same,same
-0.0504122989956643,-0.0302799955650561,4,-0.041027004344553,-0.0093852946511112,0000070858-20-000011_same,same
-0.0144788125950462,-0.003778540605322,5,-0.0045440046211415,-0.0099348079739047,0000070858-20-000011_same,same
0.0040855064571905,-0.0003204020092266,-5,0.0010148908034701,0.0030706156537204,0000070858-21-000023_same,same
-0.0063938682311799,-0.0044158356273545,-4,-0.002744860085532,-0.0036490081456479,0000070858-21-000023_same,same
0.0102372820650575,-0.0018548966445751,-3,-0.0003938287870229,0.0106311108520804,0000070858-21-000023_same,same
0.0176607664073686,-0.0077328394581538,-2,-0.0057899852821581,0.0234507516895268,0000070858-21-000023_same,same
0.0105259137123667,0.0012563181187927,-1,0.002462374868842,0.0080635388435247,0000070858-21-000023_same,same
0.0242120261109253,0.011351613765979,0,0.0117302083447019,0.0124818177662233,0000070858-21-000023_same,same
-0.0123691817105733,-0.0244788075251262,1,-0.0211633679804671,0.0087941862698938,0000070858-21-000023_same,same
-0.0339550029675381,-0.0047502141699028,2,-0.0030518312489869,-0.0309031717185512,0000070858-21-000023_same,same
0.0311148174260162,0.0237907635068002,3,0.0231497816200372,0.007965035805979,0000070858-21-000023_same,same
-0.0072648784900881,-0.0080808516908706,4,-0.0061094726486604,-0.0011554058414276,0000070858-21-000023_same,same
0.0250493039350336,-0.0130662218719981,5,-0.0106862163388846,0.0357355202739182,0000070858-21-000023_same,same
-0.0104340320216476,-0.0038405967262932,-5,-0.0027131960127507,-0.0077208360088969,0000070858-22-000062_same,same
0.0078022596303757,0.0157667211707204,-4,0.0168460062520255,-0.0090437466216498,0000070858-22-000062_same,same
-0.002301448342123,0.000881207755895,-3,0.001997021336044,-0.0042984696781671,0000070858-22-000062_same,same
-0.0337669553360396,-0.021173138152195,-2,-0.0200032040236608,-0.0137637513123788,0000070858-22-000062_same,same
-0.0023877440377882,-0.0071661613961429,-1,-0.0060305998700161,0.0036428558322278,0000070858-22-000062_same,same
-0.0087029780578896,-0.0101429452648328,0,-0.0090000788212957,0.0002971007634061,0000070858-22-000062_same,same
-0.017120365535838,-0.0184121228454876,1,-0.0172489641463006,0.0001285986104625,0000070858-22-000062_same,same
-0.0263509830283251,0.0149568560673292,2,0.0160381285276161,-0.0423891115559412,0000070858-22-000062_same,same
0.0325684843373341,0.0223726776556034,3,0.0234357519642536,0.0091327323730805,0000070858-22-000062_same,same
-0.0182138125057067,-0.0024426034406476,4,-0.001318633350873,-0.0168951791548337,0000070858-22-000062_same,same
-0.0391402897884973,-0.0154735036804118,5,-0.0143175562438654,-0.0248227335446319,0000070858-22-000062_same,same
-0.0008413393680486,-0.0002804145319874,-5,0.0001531267039208,-0.0009944660719694,0000070858-23-000092_same,same
-0.0016844487906495,0.002773175690496,-4,0.0030932431889338,-0.0047776919795833,0000070858-23-000092_same,same
-0.0078739851078797,-0.0137887414891306,-3,-0.012853220539142,0.0049792354312623,0000070858-23-000092_same,same
0.0019840300615081,-0.0027674058253277,-2,-0.0022414460995271,0.0042254761610352,0000070858-23-000092_same,same
-0.0234793798046494,-0.0200412342553273,-1,-0.0188733659139095,-0.0046060138907398,0000070858-23-000092_same,same
-0.006662669469887,-0.0015735561458868,0,-0.0010919607830929,-0.005570708686794,0000070858-23-000092_same,same
-0.000875136012021,0.0053294294160743,1,0.0055545045799059,-0.006429640591927,0000070858-23-000092_same,same
-0.0014595315950038,-0.0105375514855581,2,-0.0097228472313447,0.0082633156363408,0000070858-23-000092_same,same
0.0,0.0030730045671669,3,0.0033819301962776,-0.0033819301962776,0000070858-23-000092_same,same
0.0026309968941,-0.0030360018281855,4,-0.0025000608704273,0.0051310577645274,0000070858-23-000092_same,same
-0.0046649318191221,-0.00472526484568,5,-0.0041265495880978,-0.0005383822310243,0000070858-23-000092_same,same
0.0166314865401353,-0.0009489536011326,-5,-0.0007097486398432,0.0173412351799785,0000070858-24-000122_same,same
-0.0258775805732507,-0.0136742556536254,-4,-0.0159743391212556,-0.009903241451995,0000070858-24-000122_same,same
0.0116030232552795,0.0095797632750176,-3,0.0119199359638073,-0.0003169127085278,0000070858-24-000122_same,same
0.0283731966179487,0.0058212506847294,-2,0.007411425653143,0.0209617709648057,0000070858-24-000122_same,same
0.0005868272471416,-0.0048034698371121,-1,-0.0053334197797086,0.0059202470268503,0000070858-24-000122_same,same
-0.003813183815238,-0.0060053220011653,0,-0.0067750972367775,0.0029619134215394,0000070858-24-000122_same,same
-0.0076561584135178,0.0012641999229821,1,0.0019450317401234,-0.0096011901536412,0000070858-24-000122_same,same
-0.0026707113377653,0.021122884217414,2,0.025766445330442,-0.0284371566682073,0000070858-24-000122_same,same
0.0092236096481959,0.0003479475462115,3,0.0008459444845652,0.0083776651636306,0000070858-24-000122_same,same
-0.0091393122000099,-0.0037867513501905,4,-0.004113818761696,-0.0050254934383139,0000070858-24-000122_same,same
0.0199346387238064,0.0017063496993998,5,0.0024754109201714,0.0174592278036349,0000070858-24-000122_same,same
-0.009156856161533,0.0024449877750611,-5,0.003433642052086,-0.012590498213619,0000070858-25-000139_same,same
-0.0111755478746593,0.0023769693899173,-4,0.0033681634942884,-0.0145437113689478,0000070858-25-000139_same,same
-0.0154312525528631,-0.0043341850761716,-3,-0.0030923944073262,-0.0123388581455368,0000070858-25-000139_same,same
-0.0108167347784534,-0.0170641267025635,-2,-0.0153469961121516,0.0045302613336981,0000070858-25-000139_same,same
-0.0078109153160845,-0.0049691065044024,-1,-0.0037036076748479,-0.0041073076412366,0000070858-25-000139_same,same
-0.011695865747024,-0.0046797309154723,0,-0.0034250374590909,-0.008270828287933,0000070858-25-000139_same,same
0.0,0.0001360242800469,1,0.001210895961584,-0.001210895961584,0000070858-25-000139_same,same
0.0040963211267393,-0.0158645536555098,2,-0.0141922154902978,0.0182885366170371,0000070858-25-000139_same,same
0.0448777743961794,0.0158541446349889,3,0.0163420968854736,0.0285356775107058,0000070858-25-000139_same,same
-0.0117136844169802,-0.0175967394669998,4,-0.0158597209527385,0.0041460365357582,0000070858-25-000139_same,same
-0.0634328790171555,-0.0122348266022004,5,-0.0106980235575306,-0.0527348554596249,0000070858-25-000139_same,same
0.0117557738065185,0.0055660701474107,-5,0.004301762252792,0.0074540115537265,0000070858-26-000157_same,same
-0.0110569769456249,-0.0028221256867719,-4,-0.0024318924526199,-0.0086250844930049,0000070858-26-000157_same,same
0.0054955519316142,0.0069397247635067,-3,0.0054044684904782,9.108344113599628e-05,0000070858-26-000157_same,same
-0.0375047672239683,-0.0103856522472848,-2,-0.0085035409000919,-0.0290012263238764,0000070858-26-000157_same,same
-0.0129234853923291,0.0076516140863223,-1,0.0059759402328015,-0.0188994256251306,0000070858-26-000157_same,same
0.0253917503721712,0.0081363556573399,0,0.0063650682914586,0.0190266820807125,0000070858-26-000157_same,same
0.0118011943587013,-0.0053655805693283,1,-0.0044736601076067,0.016274854466308,0000070858-26-000157_same,same
-0.0472274306017446,-0.0043393528110311,2,-0.0036498520432643,-0.0435775785584802,0000070858-26-000157_same,same
-0.0004013542751074,0.0003983547353176,3,0.0001533599158953,-0.0005547141910028,0000070858-26-000157_same,same
0.003212123400319,-0.0094440310956254,4,-0.0077476510968581,0.0109597744971771,0000070858-26-000157_same,same
0.0066039474451684,0.0077560492642863,5,0.0060597759516389,0.0005441714935295,0000070858-26-000157_same,same
0.0034469453684202,0.0060480661608284,-5,0.0072396975482566,-0.0037927521798364,0001564590-17-002816_same,same
0.0015637253892981,-0.001082200145408,-4,-0.0017995904685487,0.0033633158578469,0001564590-17-002816_same,same
-0.0002558456562681,0.0004189867216857,-3,0.0001035166351561,-0.0003593622914242,0001564590-17-002816_same,same
-0.0037123499315085,0.0014933641914423,-2,0.001465542535844,-0.0051778924673526,0001564590-17-002816_same,same
0.0047280249357115,0.0010179830611165,-1,0.0008628852478532,0.0038651396878583,0001564590-17-002816_same,same
-0.0090535144360296,-0.0025783763780462,0,-0.0036963454156798,-0.0053571690203498,0001564590-17-002816_same,same
0.0267123009274286,0.0136738546598662,1,0.0169071763824981,0.0098051245449304,0001564590-17-002816_same,same
-0.0092586281625057,-0.0058598805035984,2,-0.0078564229843475,-0.0014022051781582,0001564590-17-002816_same,same
-0.0037787276157826,0.00050387727206,3,0.0002111353553808,-0.0039898629711635,0001564590-17-002816_same,same
-0.0064329097844544,-0.0032772408480052,4,-0.0045823203508861,-0.0018505894335682,0001564590-17-002816_same,same
-0.0059591009454655,-0.0029133737680216,5,-0.004121033325333,-0.0018380676201325,0001564590-17-002816_same,same
0.0017693194820322,-0.0054965031281792,-5,-0.0061980587077475,0.0079673781897798,0001564590-18-003744_same,same
-0.0074139460286311,0.0009735510790762,-4,0.0025914293804497,-0.0100053754090809,0001564590-18-003744_same,same
0.0189421788832568,0.0160283763505131,-3,0.0230432220786928,-0.004101043195436,0001564590-18-003744_same,same
0.0258664752990165,0.0117570153438109,-2,0.0172406313296542,0.0086258439693622,0001564590-18-003744_same,same
-0.0198590585043593,-0.0127068884438292,-1,-0.0159932773895552,-0.003865781114804,0001564590-18-003744_same,same
-0.006042524699416,-0.011095788639207,0,-0.0138046183632144,0.0077620936637983,0001564590-18-003744_same,same
-0.0252081107540648,-0.0133243995419872,1,-0.0168321585283721,-0.0083759522256927,0001564590-18-003744_same,same
0.0037344384543163,0.005071602744632,2,0.0081585815472472,-0.0044241430929309,0001564590-18-003744_same,same
0.0142862388846571,0.011032026532745,3,0.0162557430559526,-0.0019695041712954,0001564590-18-003744_same,same
0.011578623468232,0.0026388586061694,4,0.0048537289228796,0.0067248945453523,0001564590-18-003744_same,same
-0.0022418738341963,-0.0004838747205661,5,0.0006115345766284,-0.0028534084108247,0001564590-18-003744_same,same
-0.0050319565715547,-0.0035264367908802,-5,-0.0042240894816048,-0.0008078670899499,0001564590-19-005479_same,same
0.0039079756310733,0.0064111023949868,-4,0.0063293188295047,-0.0024213431984314,0001564590-19-005479_same,same
0.0050604816410719,0.0012318625699112,-3,0.0008291007581217,0.0042313808829501,0001564590-19-005479_same,same
0.0036450720927261,-0.0007904570968998,-2,-0.001318550162319,0.0049636222550451,0001564590-19-005479_same,same
0.0033595217643671,-0.0005440493877303,-1,-0.0010568715800027,0.0044163933443698,0001564590-19-005479_same,same
0.002737664394268,-0.0028255083152146,0,-0.0034797216595284,0.0062173860537964,0001564590-19-005479_same,same
0.0012408135521086,0.0068953205934343,1,0.0068435459700783,-0.0056027324179696,0001564590-19-005479_same,same
-0.0145119609148004,-0.003880558492514,2,-0.0046001575241319,-0.0099118033906684,0001564590-19-005479_same,same
-0.0034791722052921,-0.0011315328231061,3,-0.0016807637180434,-0.0017984084872486,0001564590-19-005479_same,same
-0.0061499826455889,-0.0065240986535923,4,-0.0074075284622363,0.0012575458166473,0001564590-19-005479_same,same
-0.0155166423376099,-0.0081257175586835,5,-0.0091084061089134,-0.0064082362286965,0001564590-19-005479_same,same
-0.0174981220086416,-0.0105181030271228,-5,-0.0145897423513414,-0.0029083796573002,0001564590-20-007807_same,same
-0.0520644527727375,-0.0335136266712231,-4,-0.0487415537167821,-0.0033228990559553,0001564590-20-007807_same,same
-0.0416668761091678,-0.0302799955650561,-3,-0.0439391251540574,0.0022722490448896,0001564590-20-007807_same,same
0.0048813393725555,-0.003778540605322,-2,-0.004580478458192,0.0094618178307475,0001564590-20-007807_same,same
-0.0642124244864159,-0.0441632425840791,-1,-0.0645578351548247,0.0003454106684088,0001564590-20-007807_same,same
-0.0269216853575181,-0.0082383404443618,0,-0.0112039520171248,-0.0157177333403932,0001564590-20-007807_same,same
0.0538435922416358,0.04603922900611,1,0.0694064024995336,-0.0155628102578977,0001564590-20-007807_same,same
-0.0120304233654975,-0.0281078961210758,2,-0.0407132307745301,0.0286828074090325,0001564590-20-007807_same,same
0.0352606073727372,0.0422025907744911,3,0.0637084176572836,-0.0284478102845463,0001564590-20-007807_same,same
-0.0461125855851511,-0.0339220770468885,4,-0.0493481639596172,0.003235578374466,0001564590-20-007807_same,same
-0.0466909143619188,-0.0170538520003701,5,-0.0242963126178323,-0.0223946017440864,0001564590-20-007807_same,same
-0.0247578470884253,-0.0044158356273545,-5,-0.0036053972054299,-0.0211524498829954,0001564590-21-008796_same,same
0.0093528166614109,-0.0018548966445751,-4,-0.0008794925929816,0.0102323092543925,0001564590-21-008796_same,same
-0.0098154550646093,-0.0077328394581538,-3,-0.0071360693935158,-0.0026793856710935,0001564590-21-008796_same,same
2.8349151330875344e-05,0.0012563181187927,-2,0.0024321344043072,-0.0024037852529764,0001564590-21-008796_same,same
0.0127140847323159,0.011351613765979,-1,0.0131777293418436,-0.0004636446095277,0001564590-21-008796_same,same
-0.0243082501016322,-0.0244788075251262,0,-0.0249607469436733,0.000652496842041,0001564590-21-008796_same,same
-0.0004176638067081,-0.0047502141699028,1,-0.0039613151002197,0.0035436512935115,0001564590-21-008796_same,same
0.035565100902567,0.0237907635068002,2,0.0264181602468543,0.0091469406557126,0001564590-21-008796_same,same
-0.0040179608177828,-0.0080808516908706,3,-0.0075064992072405,0.0034885383894576,0001564590-21-008796_same,same
-0.0206894255457592,-0.0130662218719981,4,-0.0128130073524476,-0.0078764181933116,0001564590-21-008796_same,same
-0.0202908963359632,-0.0134172139301002,5,-0.0131866089402038,-0.0071042873957594,0001564590-21-008796_same,same
-0.0267036740205679,-0.021173138152195,-5,-0.0249883855776447,-0.0017152884429231,0001564590-22-007117_same,same
-0.0084985267433237,-0.0071661613961429,-4,-0.0092431969174834,0.0007446701741596,0001564590-22-007117_same,same
-0.0139411675742585,-0.0101429452648328,-3,-0.0125893882069632,-0.0013517793672953,0001564590-22-007117_same,same
-0.0174249493454891,-0.0184121228454876,-2,-0.02188473889822,0.0044597895527309,0001564590-22-007117_same,same
-0.0009556771257097,0.0149568560673292,-1,0.0156252018641384,-0.0165808789898482,0001564590-22-007117_same,same
0.026073065168463,0.0223726776556034,0,0.0239612983688338,0.0021117667996292,0001564590-22-007117_same,same
-0.0092958909540334,-0.0024426034406476,1,-0.0039334636001675,-0.0053624273538659,0001564590-22-007117_same,same
-0.039091903634165,-0.0154735036804118,2,-0.0185814484051811,-0.0205104552289839,0001564590-22-007117_same,same
0.0324981682226059,0.018642691757321,3,0.019768435576881,0.0127297326457248,0001564590-22-007117_same,same
-0.0004470154700808,-0.0052546664300883,4,-0.0070944927832758,0.006647477313195,0001564590-22-007117_same,same
-0.0494520728293503,-0.0079340425503344,5,-0.0101063691674198,-0.0393457036619305,0001564590-22-007117_same,same
-0.0154517992765302,-0.0137887414891306,-5,-0.0181060305018418,0.0026542312253115,0000950170-23-004343_same,same
0.0044317478929298,-0.0027674058253277,-4,-0.002665154727381,0.0070969026203108,0000950170-23-004343_same,same
-0.0284990252031727,-0.0200412342553273,-3,-0.0268657640793822,-0.0016332611237904,0000950170-23-004343_same,same
-0.0119870325796802,-0.0015735561458868,-2,-0.0009925730044443,-0.0109944595752359,0000950170-23-004343_same,same
0.0064444017788511,0.0053294294160743,-1,0.0086785000656922,-0.002234098286841,0000950170-23-004343_same,same
-0.0121558973959552,-0.0105375514855581,0,-0.013551117876396,0.0013952204804407,0000950170-23-004343_same,same
-0.0005413806885956,0.0030730045671669,1,0.0055172520237862,-0.0060586327123818,0000950170-23-004343_same,same
0.0093255202627842,-0.0030360018281855,2,-0.0030414573498721,0.0123669776126563,0000950170-23-004343_same,same
-0.0128657449588835,-0.00472526484568,3,-0.0054081124631166,-0.0074576324957669,0000950170-23-004343_same,same
0.0078612736021699,0.0075821940867943,4,0.011834620203102,-0.0039733466009321,0000950170-23-004343_same,same
0.0136023540168659,0.0161477371607488,5,0.0238349340108105,-0.0102325799939445,0000950170-23-004343_same,same
0.0161064649440318,0.0058212506847294,-5,0.0078912301282148,0.008215234815817,0000950170-24-019271_same,same
-0.0050748107961992,-0.0048034698371121,-4,-0.0057251271800246,0.0006503163838254,0000950170-24-019271_same,same
0.0051762931732282,-0.0060053220011653,-3,-0.0072653887298496,0.0124416819030778,0000950170-24-019271_same,same
0.0091966566059029,0.0012641999229821,-2,0.0020510359022887,0.0071456207036141,0000950170-24-019271_same,same
0.0099198825149575,0.021122884217414,-1,0.0275013939111071,-0.0175815113961496,0000950170-24-019271_same,same
0.0001843969574024,0.0003479475462115,0,0.0008767913919523,-0.0006923944345499,0000950170-24-019271_same,same
-0.0092922438167498,-0.0037867513501905,1,-0.0044221279932359,-0.0048701158235138,0000950170-24-019271_same,same
-0.0068111022881295,0.0017063496993998,2,0.0026176832157014,-0.009428785503831,0000950170-24-019271_same,same
0.0113923040024925,-0.0016581550604305,3,-0.0016941759885896,0.0130864799910821,0000950170-24-019271_same,same
0.0020749839540605,0.0052290946971491,4,0.0071323388714959,-0.0050573549174353,0000950170-24-019271_same,same
0.0043015616759705,0.0080078289488876,5,0.0106934902785878,-0.0063919286026173,0000950170-24-019271_same,same
0.0040454940948229,0.0024449877750611,-5,0.003026762507668,0.0010187315871549,0000950170-25-026584_same,same
0.00867208359778,0.0023769693899173,-4,0.0029685887389637,0.0057034948588163,0000950170-25-026584_same,same
0.0030820844231052,-0.0043341850761716,-3,-0.0027712292061906,0.0058533136292958,0000950170-25-026584_same,same
-0.0153227588849416,-0.0170641267025635,-2,-0.013658707322979,-0.0016640515619625,0000950170-25-026584_same,same
-0.0219867413330434,-0.0049691065044024,-1,-0.0033142555105226,-0.0186724858225207,0000950170-25-026584_same,same
0.0054679966745374,-0.0046797309154723,0,-0.0030667625930785,0.008534759267616,0000950170-25-026584_same,same
-0.0044258516045454,0.0001360242800469,1,0.0010519860112611,-0.0054778376158065,0000950170-25-026584_same,same
-0.0093103628640628,-0.0158645536555098,2,-0.0126327540482045,0.0033223911841416,0000950170-25-026584_same,same
0.0348081905298045,0.0158541446349889,3,0.0144951498861595,0.0203130406436449,0000950170-25-026584_same,same
-0.0115670265897159,-0.0175967394669998,4,-0.0141142325710682,0.0025472059813522,0000950170-25-026584_same,same
-0.0151892543478393,-0.0122348266022004,5,-0.0095283742307125,-0.0056608801171267,0000950170-25-026584_same,same
0.0182628077817734,0.0055660701474107,-5,0.0050540757959833,0.0132087319857901,0001193125-26-071966_same,same
-0.0100525739564781,-0.0028221256867719,-4,-0.0036998932289359,-0.0063526807275422,0001193125-26-071966_same,same
0.0114308854108156,0.0069397247635067,-3,0.0064876295896656,0.0049432558211499,0001193125-26-071966_same,same
-0.0206924171293596,-0.0103856522472848,-2,-0.0115932326953404,-0.0090991844340191,0001193125-26-071966_same,same
0.0093743592119972,0.0076516140863223,-1,0.00723056134809,0.0021437978639071,0001193125-26-071966_same,same
0.0117755701365416,0.0081363556573399,0,0.0077364404169223,0.0040391297196192,0001193125-26-071966_same,same
-0.0032090185115526,-0.0053655805693283,1,-0.0063542572540872,0.0031452387425345,0001193125-26-071966_same,same
-0.0248012473627771,-0.0043393528110311,2,-0.0052832801111791,-0.0195179672515979,0001193125-26-071966_same,same
0.0047780166423043,0.0003983547353176,3,-0.0003389814884819,0.0051169981307863,0001193125-26-071966_same,same
-0.0147148901476041,-0.0094440310956254,4,-0.0106105514897772,-0.0041043386578269,0001193125-26-071966_same,same
-0.003192081751241,0.0077560492642863,5,0.0073395504955874,-0.0105316322468285,0001193125-26-071966_same,same
0.0073570411397325,0.0052458450979924,-5,0.0016393746841879,0.0057176664555445,0000014272-17-000047_same,same
0.0322888935873157,0.0040073351766347,-4,0.0008946857658902,0.0313942078214255,0000014272-17-000047_same,same
0.0245769155597221,0.0049923089198982,-3,0.0014869289274294,0.0230899866322927,0000014272-17-000047_same,same
-0.0136290029104116,-0.0008641180363413,-2,-0.0020344124683267,-0.0115945904420849,0000014272-17-000047_same,same
0.0057106181599926,0.0016785565287558,-1,-0.0005055578836258,0.0062161760436184,0000014272-17-000047_same,same
0.0034807548460509,0.0060480661608284,0,0.0021217326574403,0.0013590221886106,0000014272-17-000047_same,same
0.0104051641682181,-0.001082200145408,1,-0.0021655404690802,0.0125707046372983,0000014272-17-000047_same,same
0.0075879882353202,0.0004189867216857,2,-0.0012629096504322,0.0088508978857524,0000014272-17-000047_same,same
0.0120137593548841,0.0014933641914423,3,-0.0006169099842208,0.012630669339105,0000014272-17-000047_same,same
0.0021260728174248,0.0010179830611165,4,-0.0009027462570004,0.0030288190744253,0000014272-17-000047_same,same
0.0026521420670599,-0.0025783763780462,5,-0.003065158502858,0.005717300569918,0000014272-17-000047_same,same
-0.0009841249892599,0.0174409205923138,-5,0.0151624363824226,-0.0161465613716825,0000014272-18-000055_same,same
0.0284069368586212,-0.0050015884169394,-4,-0.0049136750347167,0.033320611893338,0000014272-18-000055_same,same
0.0009581335418802,-0.037536419758088,-3,-0.0340179475861248,0.034976081128005,0000014272-18-000055_same,same
0.0001597023367918,0.0149360902084947,-2,0.0129217219486731,-0.0127620196118812,0000014272-18-000055_same,same
0.0073361573108592,0.0139145847540425,-1,0.0120079267349408,-0.0046717694240816,0000014272-18-000055_same,same
0.0112414530572193,0.002612929746329,0,0.001897948165282,0.0093435048919373,0000014272-18-000055_same,same
0.0231718541922343,0.0134024582572458,1,0.0115498002124063,0.011622053979828,0000014272-18-000055_same,same
0.0555473589147215,0.0120691127622993,2,0.0103570461980022,0.0451903127167192,0000014272-18-000055_same,same
-0.0002901283598885,0.0003734693722488,3,-0.0001053775754258,-0.0001847507844626,0000014272-18-000055_same,same
-0.0233466934397829,-0.0058413894593534,4,-0.005664925230886,-0.0176817682088968,0000014272-18-000055_same,same
-0.0121752581587608,-0.0054965031281792,5,-0.0053564046279514,-0.0068188535308094,0000014272-18-000055_same,same
0.0165257626834027,0.0108787526085869,-5,0.00965146097332,0.0068743017100826,0000014272-19-000047_same,same
-0.005999567591662,0.0014987433214488,-4,0.0004546306198195,-0.0064541982114816,0000014272-19-000047_same,same
-0.001168174032568,0.0017771107537685,-3,0.0007275619115288,-0.0018957359440969,0000014272-19-000047_same,same
-0.0228071712963972,-0.0035264367908802,-2,-0.004472414500727,-0.0183347567956701,0000014272-19-000047_same,same
0.0169558103657363,0.0064111023949868,-1,0.0052710579443379,0.0116847524213983,0000014272-19-000047_same,same
-0.006472998682135,0.0012318625699112,0,0.000192961689505,-0.00666596037164,0000014272-19-000047_same,same
-0.0096742364275185,-0.0007904570968998,1,-0.0017898648010521,-0.0078843716264664,0000014272-19-000047_same,same
0.0159489183528513,-0.0005440493877303,2,-0.0015482691021934,0.0174971874550448,0000014272-19-000047_same,same
0.0137365364397619,-0.0028255083152146,3,-0.0037851742130789,0.0175217106528408,0000014272-19-000047_same,same
0.0301974166847116,0.0068953205934343,4,0.0057458200142759,0.0244515966704357,0000014272-19-000047_same,same
-0.0031945151331368,-0.003880558492514,5,-0.0048196206830155,0.0016251055498787,0000014272-19-000047_same,same
0.0045399670949977,0.0018435333204338,-5,0.0035350108441116,0.001004956250886,0000014272-20-000082_same,same
-0.0046701612717933,-0.0029199426368901,-4,-0.0001874972567062,-0.004482664015087,0000014272-20-000082_same,same
-0.0054485776106851,0.0047057858811645,-3,0.0057717720746422,-0.0112203496853273,0000014272-20-000082_same,same
-0.0082178647657032,-0.0038155197636281,-2,-0.0008873628882445,-0.0073305018774587,0000014272-20-000082_same,same
0.0070583247529214,-0.0105181030271228,-1,-0.0061252229547792,0.0131835477077007,0000014272-20-000082_same,same
-0.025293386198256,-0.0335136266712231,0,-0.0240955084804361,-0.0011978777178199,0000014272-20-000082_same,same
-0.0286069974979858,-0.0302799955650561,1,-0.0215685264833388,-0.007038471014647,0000014272-20-000082_same,same
-0.0016093272795731,-0.003778540605322,2,-0.0008584648277547,-0.0007508624518184,0000014272-20-000082_same,same
-0.0396518275095506,-0.0441632425840791,3,-0.0324178516309779,-0.0072339758785727,0000014272-20-000082_same,same
-0.0087277131932891,-0.0082383404443618,4,-0.0043436595002138,-0.0043840536930752,0000014272-20-000082_same,same
0.0216727744608895,0.04603922900611,5,0.0380725705347953,-0.0163997960739057,0000014272-20-000082_same,same
-0.0144580191168097,0.0010087690809532,-5,0.0004975443246927,-0.0149555634415025,0000014272-21-000066_same,same
-0.0075771176655434,0.0108533222304207,-4,0.0079437741227607,-0.0155208917883042,0000014272-21-000066_same,same
-0.0103963773777434,0.0038974951646253,-3,0.0026825209220163,-0.0130788982997598,0000014272-21-000066_same,same
-0.0113263778185844,0.0073993483603735,-2,0.0053312550208363,-0.0166576328394208,0000014272-21-000066_same,same
-0.0078033280089544,-0.0011135249921484,-1,-0.0011077179078797,-0.0066956101010746,0000014272-21-000066_same,same
0.0040161399593954,-0.0003451849323593,0,-0.0005265603315645,0.0045427002909599,0000014272-21-000066_same,same
-0.0001666730964668,0.0016624551635393,1,0.0009919798478528,-0.0011586529443197,0000014272-21-000066_same,same
0.0,0.0047110331133788,2,0.0032978653082869,-0.0032978653082869,0000014272-21-000066_same,same
-0.0098350350582886,-0.0005692724183511,3,-0.0006960557764295,-0.009138979281859,0000014272-21-000066_same,same
0.0200338041638989,-0.0003204020092266,4,-0.0005078150073317,0.0205416191712307,0000014272-21-000066_same,same
0.0070968402399032,-0.0044158356273545,5,-0.0036055218692184,0.0107023621091216,0000014272-21-000066_same,same
-0.0059825437875895,0.0094225154473364,-5,0.0013232988748797,-0.0073058426624692,0000014272-22-000051_same,same
-0.0112655912620305,-0.024391082077444,-4,-0.004273058063218,-0.0069925331988124,0000014272-22-000051_same,same
0.01435944754233,0.0051569298644233,-3,0.0006173184049078,0.0137421291374222,0000014272-22-000051_same,same
0.018464274383434,-0.0037017126347429,-2,-0.0008488410410371,0.0193131154244711,0000014272-22-000051_same,same
-0.0045324683977709,0.0084012071916632,-1,0.0011542661199832,-0.0056867345177542,0000014272-22-000051_same,same
0.0189710271486469,0.0145172078875055,0,0.0021665015942626,0.0168045255543842,0000014272-22-000051_same,same
-0.0093833759021403,-0.0181157256684597,1,-0.0032344482450016,-0.0061489276571386,0000014272-22-000051_same,same
0.0055632807000665,-0.0189694543445634,2,-0.0033757455558324,0.0089390262558989,0000014272-22-000051_same,same
-0.0010470709031233,-0.0038405967262932,3,-0.0008718272065514,-0.0001752436965719,0000014272-22-000051_same,same
0.0143692506029966,0.0157667211707204,4,0.00237330367519,0.0119959469278066,0000014272-22-000051_same,same
-0.0025085122244883,0.000881207755895,5,-9.033972197159328e-05,-0.0024181725025167,0000014272-22-000051_same,same
-0.0001341234606154,0.0128725105980265,-5,0.0037875233166738,-0.0039216467772893,0000014272-23-000046_same,same
-0.0116746238072834,-0.0110807244761647,-4,-0.0032175299218603,-0.0084570938854231,0000014272-23-000046_same,same
-0.0293281623566936,-0.0088297961777351,-3,-0.0025592525527373,-0.0267689098039562,0000014272-23-000046_same,same
0.009931707982995,0.0021952617756952,-2,0.0006649932613455,0.0092667147216494,0000014272-23-000046_same,same
0.013434652574167,0.0114486093427661,-1,0.003371107577062,0.010063544997105,0000014272-23-000046_same,same
-0.0125732290219915,-0.0002804145319874,0,-5.901100292108726e-05,-0.0125142180190704,0000014272-23-000046_same,same
-0.010795849394462,0.002773175690496,1,0.0008340024881965,-0.0116298518826586,0000014272-23-000046_same,same
-0.0086752536156945,-0.0137887414891306,2,-0.0040094815429222,-0.0046657720727722,0000014272-23-000046_same,same
0.0036699156039876,-0.0027674058253277,3,-0.0007863243015072,0.0044562399054949,0000014272-23-000046_same,same
0.0015470059044875,-0.0200412342553273,4,-0.0058380046866686,0.0073850105911562,0000014272-23-000046_same,same
0.0012636515463919,-0.0015735561458868,5,-0.000437186469503,0.0017008380158949,0000014272-23-000046_same,same
0.0266778070224562,0.0023104108269635,-5,-0.0008589698761296,0.0275367768985859,0000014272-24-000044_same,same
-0.0125863495720069,0.00824145796339,-4,0.0029077957837295,-0.0154941453557365,0000014272-24-000044_same,same
0.0014393484546382,0.0005705832608251,-3,-0.0019639219325645,0.0034032703872028,0000014272-24-000044_same,same
0.0225827223533929,0.0057423415255595,-2,0.0013206247898936,0.0212620975634993,0000014272-24-000044_same,same
-0.0012047845456152,-0.0009489536011326,-1,-0.00292896893672,0.0017241843911047,0000014272-24-000044_same,same
-0.0209044061510437,-0.0136742556536254,0,-0.0110107173497914,-0.0098936888012522,0000014272-24-000044_same,same
0.0036952695184084,0.0095797632750176,1,0.0037577439251438,-6.247440673533538e-05,0000014272-24-000044_same,same
0.0112497022370405,0.0058212506847294,2,0.0013707394330877,0.0098789628039527,0000014272-24-000044_same,same
0.008495130012984,-0.0048034698371121,3,-0.0053769446582222,0.0138720746712063,0000014272-24-000044_same,same
0.0,-0.0060053220011653,4,-0.0061402323805502,0.0061402323805502,0000014272-24-000044_same,same
0.0210590991566428,0.0012641999229821,5,-0.0015234109462207,0.0225825101028636,0000014272-24-000044_same,same
0.009979820816161,0.0039086729306143,-5,0.0017536272718219,0.008226193544339,0000014272-25-000039_same,same
-0.0383521162002646,0.0036442987226186,-4,0.0017408871434047,-0.0400930033436694,0000014272-25-000039_same,same
-0.0099268115755496,-0.0094647701115428,-3,0.0011091643227744,-0.0110359758983241,0000014272-25-000039_same,same
-0.02321903939624,0.0067125410858628,-2,0.001888744992395,-0.0251077843886351,0000014272-25-000039_same,same
0.0073834625539435,0.0003395827888592,-1,0.0015816336908928,0.0058018288630506,0000014272-25-000039_same,same
0.0037540055888856,-0.0027238667143857,0,0.0014340068086534,0.0023199987802321,0000014272-25-000039_same,same
-0.0032056849170926,0.0104262921222306,1,0.0020677097464513,-0.0052733946635439,0000014272-25-000039_same,same
-0.0369840816983424,-7.194380749464546e-05,2,0.0015618023248742,-0.0385458840232166,0000014272-25-000039_same,same
0.0098330058677924,0.0024449877750611,3,0.0016830926421942,0.0081499132255981,0000014272-25-000039_same,same
0.010104727216597,0.0023769693899173,4,0.0016798148528515,0.0084249123637455,0000014272-25-000039_same,same
0.0147325649493206,-0.0043341850761716,5,0.001356405960684,0.0133761589886365,0000014272-25-000039_same,same
0.0291123440507097,-0.0050723919062231,-5,0.0008099592313719,0.0283023848193377,0000014272-26-000004_same,same
0.0329746274613256,-0.0122510155676747,-4,-0.0004424719073533,0.0334170993686789,0000014272-26-000004_same,same
0.0414987387686367,0.0196957966973359,-3,0.0051311845971052,0.0363675541715314,0000014272-26-000004_same,same
-0.0196807001002582,0.0046910867168872,-2,0.002513361614133,-0.0221940617143913,0000014272-26-000004_same,same
0.0014810252142425,-0.0033037129754581,-1,0.0011185348959791,0.0003624903182633,0000014272-26-000004_same,same
-0.0152810177192511,-4.895607156218951e-05,0,0.0016863817546061,-0.0169673994738572,0000014272-26-000004_same,same
-0.0011679601331416,-0.0156610121277019,1,-0.0010374029242358,-0.0001305572089058,0000014272-26-000004_same,same
0.0147009894636309,0.0004990891480125,2,0.0017819974228449,0.0129189920407859,0000014272-26-000004_same,same
-0.0064209238507242,0.0010313220779065,3,0.0018748543722952,-0.0082957782230195,0000014272-26-000004_same,same
-0.010273285421516,0.0055660701474107,4,0.0026660171294432,-0.0129393025509592,0000014272-26-000004_same,same
0.0095429266610758,-0.0028221256867719,5,0.001202555865013,0.0083403707960627,0000014272-26-000004_same,same
-0.0019833494478359,-0.0008641180363413,-5,1.1093536361064716e-05,-0.001994442984197,0000831001-17-000038_same,same
-0.0034783529236325,0.0016785565287558,-4,0.0034147093598877,-0.0068930622835202,0000831001-17-000038_same,same
0.0063160186746455,0.0060480661608284,-3,0.0092637206053382,-0.0029477019306926,0000831001-17-000038_same,same
0.0011559699129775,-0.001082200145408,-2,-0.0002808304587252,0.0014368003717027,0000831001-17-000038_same,same
0.0,0.0004189867216857,-1,0.0017286533521593,-0.0017286533521593,0000831001-17-000038_same,same
-0.017486056888722,0.0014933641914423,0,0.0031668115052709,-0.020652868393993,0000831001-17-000038_same,same
0.0077230588988796,0.0010179830611165,1,0.0025304678852132,0.0051925910136664,0000831001-17-000038_same,same
-0.0034986195475884,-0.0025783763780462,2,-0.0022836070507808,-0.0012150124968075,0000831001-17-000038_same,same
0.0289249789961536,0.0136738546598662,3,0.0194715760495527,0.0094534029466009,0000831001-17-000038_same,same
-0.0147871090079579,-0.0058598805035984,4,-0.0066762176978577,-0.0081108913101002,0000831001-17-000038_same,same
0.0061025239224596,0.00050387727206,5,0.0018422875641375,0.0042602363583221,0000831001-17-000038_same,same
0.0048234643596072,0.0120691127622993,-5,0.0158071196177306,-0.0109836552581234,0000831001-18-000040_same,same
-0.0033730389247722,0.0003734693722488,-4,0.0002150822802508,-0.003588121205023,0000831001-18-000040_same,same
-0.0046861985106614,-0.0058413894593534,-3,-0.0080702516443405,0.003384053133679,0000831001-18-000040_same,same
0.0070620638061416,-0.0054965031281792,-2,-0.0076104667164392,0.0146725305225808,0000831001-18-000040_same,same
-0.0094804134626429,0.0009735510790762,-1,0.0010150807126886,-0.0104954941753315,0000831001-18-000040_same,same
0.0106203477882593,0.0160283763505131,0,0.0210854086042835,-0.0104650608160241,0000831001-18-000040_same,same
0.0073948851117899,0.0117570153438109,1,0.015391047201728,-0.007996162089938,0000831001-18-000040_same,same
-0.0163554736715102,-0.0127068884438292,2,-0.0172229859520095,0.0008675122804992,0000831001-18-000040_same,same
-0.0116521420068951,-0.011095788639207,3,-0.0150751495765052,0.00342300756961,0000831001-18-000040_same,same
-0.0242416364664277,-0.0133243995419872,4,-0.0180462203631217,-0.0061954161033059,0000831001-18-000040_same,same
0.0002714218218216,0.005071602744632,5,0.0064783949100609,-0.0062069730882393,0000831001-18-000040_same,same
-0.0098349696861599,-0.0026516415551012,-5,-0.0031005804763462,-0.0067343892098137,0000831001-19-000027_same,same
0.0296378560198895,0.0108787526085869,-4,0.0110801996474429,0.0185576563724465,0000831001-19-000027_same,same
0.0017114112090355,0.0014987433214488,-3,0.00124930723952,0.0004621039695154,0000831001-19-000027_same,same
0.0040387010607167,0.0017771107537685,-2,0.0015410553810445,0.0024976456796722,0000831001-19-000027_same,same
-0.0049504570041851,-0.0035264367908802,-1,-0.0040174258203801,-0.000933031183805,0000831001-19-000027_same,same
-0.0027986196698197,0.0064111023949868,0,0.0063977961207897,-0.0091964157906094,0000831001-19-000027_same,same
0.0060803356419503,0.0012318625699112,1,0.0009695979264697,0.0051107377154805,0000831001-19-000027_same,same
-0.006353271919032,-0.0007904570968998,2,-0.0011499316443706,-0.0052033402746613,0000831001-19-000027_same,same
0.0043668162466918,-0.0005440493877303,3,-0.0008916794824404,0.0052584957291323,0000831001-19-000027_same,same
-0.0065221269785116,-0.0028255083152146,4,-0.0032828047534941,-0.0032393222250175,0000831001-19-000027_same,same
0.0076588070861762,0.0068953205934343,5,0.0069052899691617,0.0007535171170145,0000831001-19-000027_same,same
-0.004159673918137,-0.0016304457368023,-5,-0.0024181118963378,-0.0017415620217992,0000831001-20-000031_same,same
-0.0026582047270646,0.0018435333204338,-4,0.003305392453038,-0.0059635971801027,0000831001-20-000031_same,same
-0.015357052378661,-0.0029199426368901,-3,-0.0045426040117366,-0.0108144483669244,0000831001-20-000031_same,same
0.0060581788436262,0.0047057858811645,-2,0.0080210555904512,-0.0019628767468249,0000831001-20-000031_same,same
0.0021779724051571,-0.0038155197636281,-1,-0.0060180992567092,0.0081960716618664,0000831001-20-000031_same,same
-0.0227564379380884,-0.0105181030271228,0,-0.0170608441404926,-0.0056955937975958,0000831001-20-000031_same,same
-0.0511512111354282,-0.0335136266712231,1,-0.0549467891691571,0.0037955780337289,0000831001-20-000031_same,same
-0.0427411239035986,-0.0302799955650561,2,-0.0496192666379337,0.0068781427343351,0000831001-20-000031_same,same
-0.0180036679485329,-0.003778540605322,3,-0.0059571747750373,-0.0120464931734956,0000831001-20-000031_same,same
-0.0547080427477393,-0.0441632425840791,4,-0.0724924110604144,0.0177843683126751,0000831001-20-000031_same,same
-0.0153605804563655,-0.0082383404443618,5,-0.0133048540084284,-0.002055726447937,0000831001-20-000031_same,same
0.0362316121108521,-0.0018548966445751,-5,-0.0002577688117843,0.0364893809226364,0000831001-21-000042_same,same
-0.0039526248847123,-0.0077328394581538,-4,-0.0054652747677346,0.0015126498830222,0000831001-21-000042_same,same
0.0186205051845214,0.0012563181187927,-3,0.0024985814836033,0.016121923700918,0000831001-21-000042_same,same
0.0278693665996772,0.011351613765979,-2,0.0114424099414706,0.0164269566582065,0000831001-21-000042_same,same
-0.0173470022743651,-0.0244788075251262,-1,-0.0203012014197361,0.0029541991453709,0000831001-21-000042_same,same
-0.0226968192339942,-0.0047502141699028,0,-0.0028228470603649,-0.0198739721736293,0000831001-21-000042_same,same
0.0555554781384346,0.0237907635068002,1,0.022462753013309,0.0330927251251255,0000831001-21-000042_same,same
-0.0090593733318469,-0.0080808516908706,2,-0.0057735928021377,-0.0032857805297091,0000831001-21-000042_same,same
0.0213321456902833,-0.0130662218719981,3,-0.010190332762735,0.0315224784530183,0000831001-21-000042_same,same
-0.0080990109122299,-0.0134172139301002,4,-0.0105012907442987,0.0024022798320688,0000831001-21-000042_same,same
0.0060163985325509,0.0194959681977822,5,0.0186578211076034,-0.0126414225750524,0000831001-21-000042_same,same
-0.0088085382215427,-0.0071661613961429,-5,-0.0057728542222375,-0.0030356839993051,0000831001-22-000036_same,same
-0.0038977418655459,-0.0101429452648328,-4,-0.0079081510955874,0.0040104092300415,0000831001-22-000036_same,same
-0.0104867617390682,-0.0184121228454876,-3,-0.0138397705251561,0.0033530087860879,0000831001-22-000036_same,same
-0.0403352992260557,0.0149568560673292,-2,0.0100963563427903,-0.050431655568846,0000831001-22-000036_same,same
0.0215921847773536,0.0223726776556034,-1,0.0154158492415919,0.0061763355357617,0000831001-22-000036_same,same
-0.0443691421036765,-0.0024426034406476,0,-0.002384567071281,-0.0419845750323955,0000831001-22-000036_same,same
-0.0108053130788143,-0.0154735036804118,1,-0.0117318498322393,0.0009265367534249,0000831001-22-000036_same,same
0.0165557966702638,0.018642691757321,2,0.0127402679506508,0.0038155287196129,0000831001-22-000036_same,same
-0.0325724072609422,-0.0052546664300883,3,-0.0044017069020134,-0.0281707003589288,0000831001-22-000036_same,same
-0.0178755970083677,-0.0079340425503344,4,-0.0063236682214988,-0.0115519287868689,0000831001-22-000036_same,same
-0.0183778462120078,-0.0295181583134491,5,-0.021806315580538,0.0034284693685301,0000831001-22-000036_same,same
-0.0007773289203255,-0.0027674058253277,-5,-0.0022846433755853,0.0015073144552597,0000831001-23-000037_same,same
-0.0307273804195252,-0.0200412342553273,-4,-0.0198184451494203,-0.0109089352701049,0000831001-23-000037_same,same
0.0040130622081702,-0.0015735561458868,-3,-0.0010728261046253,0.0050858883127955,0000831001-23-000037_same,same
0.0067945355888006,0.0053294294160743,-2,0.0059340502795854,0.0008604853092151,0000831001-23-000037_same,same
-0.0039697926350362,-0.0105375514855581,-1,-0.0101717307292894,0.0062019380942531,0000831001-23-000037_same,same
0.0057790901808387,0.0030730045671669,0,0.0036436659459314,0.0021354242349073,0000831001-23-000037_same,same
0.0043590021464983,-0.0030360018281855,1,-0.0025572817828983,0.0069162839293966,0000831001-23-000037_same,same
0.0159795563454985,-0.00472526484568,2,-0.0042719684264902,0.0202515247719887,0000831001-23-000037_same,same
-0.0019416466389119,0.0075821940867943,3,0.0082207193488986,-0.0101623659878105,0000831001-23-000037_same,same
0.018482318048822,0.0161477371607488,4,0.0169151749499009,0.0015671430989211,0000831001-23-000037_same,same
-0.003247278386647,0.0006871667698291,5,0.0012219209822965,-0.0044691993689436,0000831001-23-000037_same,same
0.0227860635165289,0.0058212506847294,-5,0.0076178560357797,0.0151682074807491,0000831001-24-000033_same,same
-0.0065204318021577,-0.0048034698371121,-4,-0.002594484702112,-0.0039259471000457,0000831001-24-000033_same,same
0.0103920119501093,-0.0060053220011653,-3,-0.0037496890946089,0.0141417010447182,0000831001-24-000033_same,same
-0.0016239677003737,0.0012641999229821,-2,0.0032376791602408,-0.0048616468606146,0000831001-24-000033_same,same
0.0103018586547423,0.021122884217414,-1,0.0223255836565565,-0.0120237250018142,0000831001-24-000033_same,same
0.0005365280512736,0.0003479475462115,0,0.0023569895031107,-0.0018204614518371,0000831001-24-000033_same,same
-0.0101911983769059,-0.0037867513501905,1,-0.0016172283496638,-0.0085739700272421,0000831001-24-000033_same,same
0.0063221023863579,0.0017063496993998,2,0.0036626676730849,0.002659434713273,0000831001-24-000033_same,same
-0.0118469583654409,-0.0016581550604305,3,0.000428750230173,-0.012275708595614,0000831001-24-000033_same,same
0.0079928095167394,0.0052290946971491,4,0.0070486835382329,0.0009441259785064,0000831001-24-000033_same,same
0.0019822472410022,0.0080078289488876,5,0.0097195661219646,-0.0077373188809623,0000831001-24-000033_same,same
0.0102128434384718,0.0104262921222306,-5,0.0168862961232689,-0.0066734526847971,0000831001-25-000067_same,same
0.0305725728401184,-7.194380749464546e-05,-4,0.0017249578046553,0.0288476150354631,0000831001-25-000067_same,same
0.0002362733498608,0.0024449877750611,-3,0.0053598590874398,-0.0051235857375789,0000831001-25-000067_same,same
-0.0081531944989428,0.0023769693899173,-2,0.0052616283221994,-0.0134148228211422,0000831001-25-000067_same,same
-0.0309744576272799,-0.0043341850761716,-1,-0.0044304841479298,-0.02654397347935,0000831001-25-000067_same,same
-0.0207769134133467,-0.0170641267025635,0,-0.02281480633938,0.0020378929260333,0000831001-25-000067_same,same
-0.0139360626075303,-0.0049691065044024,1,-0.0053474247314318,-0.0085886378760984,0000831001-25-000067_same,same
-0.0050927911355783,-0.0046797309154723,2,-0.004929514404946,-0.0001632767306323,0000831001-25-000067_same,same
0.0119016210888025,0.0001360242800469,3,0.0020253010771632,0.0098763200116392,0000831001-25-000067_same,same
-0.0025292771325955,-0.0158645536555098,4,-0.0210824073986423,0.0185531302660468,0000831001-25-000067_same,same
0.0136932303475458,0.0158541446349889,5,0.0247250900730652,-0.0110318597255193,0000831001-25-000067_same,same
-0.0531561008262126,-0.0156610121277019,-5,-0.0191224245338754,-0.0340336762923372,0000831001-26-000011_same,same
-0.0026091182378134,0.0004990891480125,-4,0.001730217111214,-0.0043393353490274,0000831001-26-000011_same,same
0.0263395026447847,0.0010313220779065,-3,0.0024169988565409,0.0239225037882438,0000831001-26-000011_same,same
0.0218843717795815,0.0055660701474107,-2,0.0082685386972125,0.013615833082369,0000831001-26-000011_same,same
-0.0061924571853264,-0.0028221256867719,-1,-0.0025554059547871,-0.0036370512305393,0000831001-26-000011_same,same
0.0038943683181498,0.0069397247635067,0,0.0100410726043249,-0.0061467042861751,0000831001-26-000011_same,same
-0.0452585768882994,-0.0103856522472848,1,-0.012315215392152,-0.0329433614961474,0000831001-26-000011_same,same
-0.0107449880154812,0.0076516140863223,2,0.0109596790342206,-0.0217046670497019,0000831001-26-000011_same,same
0.0436291317407504,0.0081363556573399,3,0.0115851789675719,0.0320439527731785,0000831001-26-000011_same,same
0.0161798328508671,-0.0053655805693283,4,-0.0058374245697389,0.022017257420606,0000831001-26-000011_same,same
-0.0516394931860738,-0.0043393528110311,5,-0.0045132026898813,-0.0471262904961924,0000831001-26-000011_same,same
-0.0042862566815103,0.00069332238554,-5,0.0017154217079048,-0.0060016783894151,0000018230-17-000041_same,same
0.0113010139788398,0.0057525464497805,-4,0.008639315222507,0.0026616987563328,0000018230-17-000041_same,same
0.0250108776009694,0.0035660501028451,-3,0.0056469457041745,0.0193639318967948,0000018230-17-000041_same,same
0.0227387253395898,0.0052458450979924,-2,0.0079458598311391,0.0147928655084507,0000018230-17-000041_same,same
-0.004162348567842,0.0040073351766347,-1,0.0062508744532684,-0.0104132230211105,0000018230-17-000041_same,same
0.0094812010930662,0.0049923089198982,0,0.0075988782630303,0.0018823228300358,0000018230-17-000041_same,same
-0.0076753041389612,-0.0008641180363413,1,-0.0004160418326536,-0.0072592623063076,0000018230-17-000041_same,same
0.0060044477038336,0.0016785565287558,2,0.0030637818927783,0.0029406658110553,0000018230-17-000041_same,same
-0.0075870232846354,0.0060480661608284,3,0.0090437541215912,-0.0166307774062266,0000018230-17-000041_same,same
0.00101943204867,-0.001082200145408,4,-0.0007145020869227,0.0017339341355928,0000018230-17-000041_same,same
-0.0269857729226125,0.0004189867216857,5,0.0013399746235957,-0.0283257475462082,0000018230-17-000041_same,same
-0.0541012745312268,-0.037536419758088,-5,-0.0336118908589718,-0.020489383672255,0000018230-18-000042_same,same
0.0220564007451682,0.0149360902084947,-4,0.0170640500066893,0.0049923507384788,0000018230-18-000042_same,same
0.0206418545052129,0.0139145847540425,-3,0.0160775191539297,0.0045643353512832,0000018230-18-000042_same,same
0.0110314124772099,0.002612929746329,-2,0.0051628135067303,0.0058685989704796,0000018230-18-000042_same,same
0.0265636200123691,0.0134024582572458,-1,0.0155829269935025,0.0109806930188665,0000018230-18-000042_same,same
0.0121475755111233,0.0120691127622993,0,0.0142952329705097,-0.0021476574593863,0000018230-18-000042_same,same
-0.023065448426065,0.0003734693722488,1,0.0030000284301224,-0.0260654768561874,0000018230-18-000042_same,same
-0.0046707890814234,-0.0058413894593534,2,-0.0030020442521121,-0.0016687448293113,0000018230-18-000042_same,same
-0.0021213065357558,-0.0054965031281792,3,-0.0026689662397379,0.000547659703982,0000018230-18-000042_same,same
0.0233843282182117,0.0009735510790762,4,0.0035795643644453,0.0198047638537664,0000018230-18-000042_same,same
0.0223466970593937,0.0160283763505131,5,0.0181189381371896,0.0042277589222041,0000018230-18-000042_same,same
-0.0134822512755449,-0.0093571401439401,-5,-0.0127465643954673,-0.0007356868800775,0000018230-19-000034_same,same
-0.0013977814609152,0.000676201086956,-4,0.001901457582729,-0.0032992390436443,0000018230-19-000034_same,same
0.0025662208587424,0.0007091030986317,-3,0.0019494923678579,0.0006167284908845,0000018230-19-000034_same,same
0.0290080365581906,0.0128902247439735,-2,0.0197331332780865,0.009274903280104,0000018230-19-000034_same,same
0.0032410701465253,0.0030239946687606,-1,0.0053290826574789,-0.0020880125109536,0000018230-19-000034_same,same
-0.0036063701970416,-0.0026516415551012,0,-0.0029569750210308,-0.0006493951760108,0000018230-19-000034_same,same
0.0269943592526231,0.0108787526085869,1,0.0167965155183973,0.0101978437342257,0000018230-19-000034_same,same
-0.0029368299732797,0.0014987433214488,2,0.0031023154476785,-0.0060391454209582,0000018230-19-000034_same,same
0.0332107522006208,0.0017771107537685,3,0.0035087136925699,0.0297020385080508,0000018230-19-000034_same,same
-0.0101916620122167,-0.0035264367908802,4,-0.0042341188503121,-0.0059575431619045,0000018230-19-000034_same,same
-0.0014403981983825,0.0064111023949868,5,0.010274038407962,-0.0117144366063446,0000018230-19-000034_same,same
0.013921810431319,0.0016884725532351,-5,0.0030986269942448,0.0108231834370741,0000018230-20-000056_same,same
0.0249651152254866,0.0064626464661976,-4,0.0113109971459543,0.0136541180795323,0000018230-20-000056_same,same
0.0009312748945449,-0.0016304457368023,-3,-0.0026104623682231,0.003541737262768,0000018230-20-000056_same,same
-0.0123818363063366,0.0018435333204338,-2,0.0033653572054728,-0.0157471935118095,0000018230-20-000056_same,same
-0.0102179940953661,-0.0029199426368901,-1,-0.0048286106900196,-0.0053893834053465,0000018230-20-000056_same,same
0.0020498378484117,0.0047057858811645,0,0.0082889058496848,-0.0062390680012731,0000018230-20-000056_same,same
0.0005119632446481,-0.0038155197636281,1,-0.0063691517340331,0.0068811149786813,0000018230-20-000056_same,same
0.0020443455937311,-0.0105181030271228,2,-0.0178987054821735,0.0199430510759046,0000018230-20-000056_same,same
-0.0367318938973179,-0.0335136266712231,3,-0.0574548162231315,0.0207229223258136,0000018230-20-000056_same,same
-0.0239843639746812,-0.0302799955650561,4,-0.0518924349479495,0.0279080709732682,0000018230-20-000056_same,same
-0.0058138044284387,-0.003778540605322,5,-0.0063055414547586,0.0004917370263199,0000018230-20-000056_same,same
-0.0008609161178347,-0.0011135249921484,-5,0.0017960948658561,-0.0026570109836909,0000018230-21-000063_same,same
0.0022302485860152,-0.0003451849323593,-4,0.0023701402156552,-0.0001398916296399,0000018230-21-000063_same,same
0.0031864418872502,0.0016624551635393,-3,0.0038700964478438,-0.0006836545605936,0000018230-21-000063_same,same
-0.0018150283193355,0.0047110331133788,-2,0.0061477624022727,-0.0079627907216082,0000018230-21-000063_same,same
0.0221726334118161,-0.0005692724183511,-1,0.0022027190619058,0.0199699143499103,0000018230-21-000063_same,same
-0.0003950775052278,-0.0003204020092266,0,0.0023886561339618,-0.0027837336391896,0000018230-21-000063_same,same
-0.0117646970925464,-0.0044158356273545,1,-0.0006711408842263,-0.01109355620832,0000018230-21-000063_same,same
0.0499699226860568,-0.0018548966445751,2,0.0012421982622282,0.0487277244238285,0000018230-21-000063_same,same
0.0388259900910292,-0.0077328394581538,3,-0.0031493542743479,0.0419753443653771,0000018230-21-000063_same,same
0.0097220741821462,0.0012563181187927,4,0.0035666616874828,0.0061554124946633,0000018230-21-000063_same,same
0.0104007350327686,0.011351613765979,5,0.0111091000222809,-0.0007083649895123,0000018230-21-000063_same,same
0.0104219076095548,0.0145172078875055,-5,0.0134960278666753,-0.0030741202571204,0000018230-22-000050_same,same
-0.0026027118547065,-0.0181157256684597,-4,-0.0158506392337059,0.0132479273789994,0000018230-22-000050_same,same
-0.0090121807363716,-0.0189694543445634,-3,-0.0166183940299058,0.0076062132935341,0000018230-22-000050_same,same
-0.0067082961699753,-0.0038405967262932,-2,-0.0030130726642671,-0.0036952235057082,0000018230-22-000050_same,same
0.0176096206667151,0.0157667211707204,-1,0.014619710182797,0.0029899104839181,0000018230-22-000050_same,same
0.0011309612329013,0.000881207755895,0,0.0012332272895578,-0.0001022660566564,0000018230-22-000050_same,same
-0.043704563734263,-0.021173138152195,1,-0.0186001580961414,-0.0251044056381215,0000018230-22-000050_same,same
-0.0143271941093603,-0.0071661613961429,2,-0.0060037397190538,-0.0083234543903065,0000018230-22-000050_same,same
-0.0038549010445358,-0.0101429452648328,3,-0.0086807495892945,0.0048258485447586,0000018230-22-000050_same,same
-0.0237434385870685,-0.0184121228454876,4,-0.0161171880338257,-0.0076262505532427,0000018230-22-000050_same,same
-0.0106070562121608,0.0149568560673292,5,0.0138914017227354,-0.0244984579348962,0000018230-22-000050_same,same
-0.003164207992118,-0.0110807244761647,-5,-0.0074234906774088,0.0042592826852908,0000018230-23-000011_same,same
-0.0104071060235314,-0.0088297961777351,-4,-0.0052892826034886,-0.0051178234200427,0000018230-23-000011_same,same
0.0056438533556681,0.0021952617756952,-3,0.0051640791122381,0.00047977424343,0000018230-23-000011_same,same
0.0019381672067562,0.0114486093427661,-2,0.0139376011752069,-0.0119994339684507,0000018230-23-000011_same,same
-0.0152729590140571,-0.0002804145319874,-1,0.0028167771710986,-0.0180897361851557,0000018230-23-000011_same,same
0.017760664615114,0.002773175690496,0,0.0057120257278007,0.0120486388873132,0000018230-23-000011_same,same
-0.0087655510436334,-0.0137887414891306,1,-0.0099910854681525,0.0012255344245191,0000018230-23-000011_same,same
0.0051516542561764,-0.0027674058253277,2,0.0004587469745262,0.0046929072816501,0000018230-23-000011_same,same
-0.0285725930408269,-0.0200412342553273,3,-0.0159193598396884,-0.0126532332011385,0000018230-23-000011_same,same
-0.011715454504398,-0.0015735561458868,4,0.0015906904605482,-0.0133061449649462,0000018230-23-000011_same,same
0.0002522817061896,0.0053294294160743,5,0.0081357268043407,-0.007883445098151,0000018230-23-000011_same,same
-0.0150309063369077,0.0057423415255595,-5,0.0069514238830604,-0.0219823302199681,0000018230-24-000009_same,same
0.0140937766326183,-0.0009489536011326,-4,-0.0017645521625726,0.0158583287951909,0000018230-24-000009_same,same
-0.0273294939903848,-0.0136742556536254,-3,-0.0183403309562068,-0.008989163034178,0000018230-24-000009_same,same
0.0123705417211692,0.0095797632750176,-2,0.0119499892447712,0.0004205524763979,0000018230-24-000009_same,same
0.0200815156240932,0.0058212506847294,-1,0.0070542097157108,0.0130273059083824,0000018230-24-000009_same,same
-0.0035905360494697,-0.0048034698371121,0,-0.0067853845342137,0.0031948484847439,0000018230-24-000009_same,same
-0.0253798189371589,-0.0060053220011653,1,-0.0083508983060533,-0.0170289206311055,0000018230-24-000009_same,same
0.0108369407238573,0.0012641999229821,2,0.0011182668935685,0.0097186738302887,0000018230-24-000009_same,same
0.0156083267733753,0.021122884217414,3,0.0269858774728112,-0.0113775506994359,0000018230-24-000009_same,same
0.005557406306236,0.0003479475462115,4,-7.522907641627994e-05,0.0056326353826523,0000018230-24-000009_same,same
0.0046314004022633,-0.0037867513501905,5,-0.005461022985459,0.0100924233877224,0000018230-24-000009_same,same
-0.004296219668289,-0.0094647701115428,-5,-0.0115089786485805,0.0072127589802914,0000018230-25-000008_same,same
-0.0018137527742231,0.0067125410858628,-4,0.0089960210560349,-0.010809773830258,0000018230-25-000008_same,same
-0.0027255299282918,0.0003395827888592,-3,0.0009181948707699,-0.0036437247990617,0000018230-25-000008_same,same
-0.02813136061174,-0.0027238667143857,-2,-0.0029647761862013,-0.0251665844255387,0000018230-25-000008_same,same
0.0047153325802444,0.0104262921222306,-1,0.0137032596678476,-0.0089879270876031,0000018230-25-000008_same,same
-0.0010742872815922,-7.194380749464546e-05,0,0.000396578352814,-0.0014708656344062,0000018230-25-000008_same,same
0.0019244762600612,0.0024449877750611,1,0.0035868292373443,-0.0016623529772831,0000018230-25-000008_same,same
-0.002824851570726,0.0023769693899173,2,0.0035006148504006,-0.0063254664211267,0000018230-25-000008_same,same
-0.0109064261764082,-0.0043341850761716,3,-0.0050058803678438,-0.0059005458085643,0000018230-25-000008_same,same
-0.0260919380135363,-0.0170641267025635,4,-0.0211412842123836,-0.0049506538011526,0000018230-25-000008_same,same
-0.0032937908567463,-0.0049691065044024,5,-0.005810653394675,0.0025168625379287,0000018230-25-000008_same,same
0.070601874640866,0.0196957966973359,-5,0.0332341283901927,0.0373677462506733,0000018230-26-000008_same,same
0.0219223717087886,0.0046910867168872,-4,0.0103919743484305,0.011530397360358,0000018230-26-000008_same,same
0.0003369019124239,-0.0033037129754581,-3,-0.001778767128315,0.002115669040739,0000018230-26-000008_same,same
0.0439538221032418,-4.895607156218951e-05,-2,0.0031760543020327,0.0407777678012091,0000018230-26-000008_same,same
-0.0215613353512508,-0.0156610121277019,-1,-0.0205906822631952,-0.0009706530880555,0000018230-26-000008_same,same
0.0209814713344334,0.0004990891480125,0,0.00401036121924,0.0169711101151933,0000018230-26-000008_same,same
-0.0121932140729876,0.0010313220779065,1,0.004820596577776,-0.0170138106507637,0000018230-26-000008_same,same
-0.0167242896701093,0.0055660701474107,2,0.0117239898508994,-0.0284482795210087,0000018230-26-000008_same,same
0.0113835684015808,-0.0028221256867719,3,-0.0010456312631728,0.0124291996647536,0000018230-26-000008_same,same
-0.0010388423609883,0.0069397247635067,4,0.0138151485858519,-0.0148539909468403,0000018230-26-000008_same,same
-0.0043041154520607,-0.0103856522472848,5,-0.0125598317388442,0.0082557162867835,0000018230-26-000008_same,same
-0.008775789015329,0.0052458450979924,-5,0.0078893581420596,-0.0166651471573886,0001193125-17-050077_same,same
0.0088534853346764,0.0040073351766347,-4,0.0063483845594863,0.00250510077519,0001193125-17-050077_same,same
-0.0155568475632308,0.0049923089198982,-3,0.007573904429552,-0.0231307519927828,0001193125-17-050077_same,same
-0.0206644442445264,-0.0008641180363413,-2,0.0002872456210844,-0.0209516898656108,0001193125-17-050077_same,same
-0.0171701038841628,0.0016785565287558,-1,0.0034508814275708,-0.0206209853117336,0001193125-17-050077_same,same
0.0130502187206531,0.0060480661608284,0,0.0088874942440773,0.0041627244765758,0001193125-17-050077_same,same
-0.0214005503053568,-0.001082200145408,1,1.5904420575282244e-05,-0.021416454725932,0001193125-17-050077_same,same
0.0042463011818474,0.0004189867216857,2,0.0018837048029586,0.0023625963788887,0001193125-17-050077_same,same
-0.0054968285229202,0.0014933641914423,3,0.0032204621999377,-0.0087172907228579,0001193125-17-050077_same,same
0.0068028132527626,0.0010179830611165,4,0.0026289854980936,0.0041738277546689,0001193125-17-050077_same,same
0.0044340625949559,-0.0025783763780462,5,-0.001845661651372,0.0062797242463279,0001193125-17-050077_same,same
0.0267208941191792,0.0139145847540425,-5,0.0161287396886448,0.0105921544305343,0001193125-18-049729_same,same
-0.0016854158317297,0.002612929746329,-4,0.0045659688349367,-0.0062513846666665,0001193125-18-049729_same,same
0.0410727919510911,0.0134024582572458,-3,0.0156047809121178,0.0254680110389732,0001193125-18-049729_same,same
-0.0174743299773008,0.0120691127622993,-2,0.0142406295186832,-0.031714959495984,0001193125-18-049729_same,same
0.0020168846241919,0.0003734693722488,-1,0.0022747674910825,-0.0002578828668905,0001193125-18-049729_same,same
0.0034768063924828,-0.0058413894593534,0,-0.004083680763524,0.0075604871560068,0001193125-18-049729_same,same
-0.0198757686560093,-0.0054965031281792,1,-0.0037308261050496,-0.0161449425509597,0001193125-18-049729_same,same
0.0215808724731179,0.0009735510790762,2,0.0028887136135585,0.0186921588595593,0001193125-18-049729_same,same
0.038973034010425,0.0160283763505131,3,0.018291368776668,0.020681665233757,0001193125-18-049729_same,same
-0.0080632152978384,0.0117570153438109,4,0.0139213213349213,-0.0219845366327598,0001193125-18-049729_same,same
-0.0134300196939992,-0.0127068884438292,5,-0.0111078016997657,-0.0023222179942335,0001193125-18-049729_same,same
0.0072437898893,0.0007091030986317,-5,0.0011707858155576,0.0060730040737424,0001193125-19-043841_same,same
0.0106383892404373,0.0128902247439735,-4,0.0153515284455912,-0.0047131392051538,0001193125-19-043841_same,same
0.004892468907782,0.0030239946687606,-3,0.0038656839151088,0.0010267849926731,0001193125-19-043841_same,same
0.0194749612900031,-0.0026516415551012,-2,-0.0027416498670851,0.0222166111570882,0001193125-19-043841_same,same
0.0156295744655594,0.0108787526085869,-1,0.0130098583194818,0.0026197161460775,0001193125-19-043841_same,same
-0.0098318344824789,0.0014987433214488,0,0.0020900513065458,-0.0119218857890248,0001193125-19-043841_same,same
0.01669304832608,0.0017771107537685,1,0.0024141148065453,0.0142789335195347,0001193125-19-043841_same,same
-0.0058035113845719,-0.0035264367908802,2,-0.0037600491946467,-0.0020434621899251,0001193125-19-043841_same,same
-0.0038438011688708,0.0064111023949868,3,0.007808810363089,-0.0116526115319599,0001193125-19-043841_same,same
-0.0102902293986194,0.0012318625699112,4,0.0017793601107222,-0.0120695895093417,0001193125-19-043841_same,same
-0.0047652285948251,-0.0007904570968998,5,-0.0005749382491229,-0.0041902903457022,0001193125-19-043841_same,same
-0.0020692300369412,0.0073263978048905,-5,0.0082631960023157,-0.010332426039257,0001193125-20-039954_same,same
0.0145153156019379,0.0016884725532351,-4,0.0028793022952397,0.0116360133066982,0001193125-20-039954_same,same
0.0178842552410236,0.0064626464661976,-3,0.0074383632510298,0.0104458919899937,0001193125-20-039954_same,same
-0.0087630774450587,-0.0016304457368023,-2,-0.0002900734056506,-0.0084730040394081,0001193125-20-039954_same,same
-0.0033998450197219,0.0018435333204338,-1,0.0030273763919103,-0.0064272214116322,0001193125-20-039954_same,same
-0.0054588522551968,-0.0029199426368901,0,-0.0015214686327579,-0.0039373836224388,0001193125-20-039954_same,same
0.0164661138681205,0.0047057858811645,1,0.0057606626385231,0.0107054512295974,0001193125-20-039954_same,same
-0.0064120603423903,-0.0038155197636281,2,-0.0023766931775371,-0.0040353671648532,0001193125-20-039954_same,same
-0.0074730336286513,-0.0105181030271228,3,-0.008777273930694,0.0013042403020426,0001193125-20-039954_same,same
-0.0352496752656139,-0.0335136266712231,4,-0.0307366738007151,-0.0045130014648987,0001193125-20-039954_same,same
-0.0452289551509778,-0.0302799955650561,5,-0.027648742445402,-0.0175802127055757,0001193125-20-039954_same,same
0.0531293327804465,0.0073993483603735,-5,0.0112175462345782,0.0419117865458682,0001562762-21-000027_same,same
0.0021374610682436,-0.0011135249921484,-4,-0.0007498310237142,0.0028872920919578,0001562762-21-000027_same,same
0.0078925641065468,-0.0003451849323593,-3,0.0003302996181249,0.0075622644884218,0001562762-21-000027_same,same
-0.0081160674504734,0.0016624551635393,-2,0.0031526353244791,-0.0112687027749526,0001562762-21-000027_same,same
0.0155038188345373,0.0047110331133788,-1,0.0074383190080302,0.008065499826507,0001562762-21-000027_same,same
0.0358355879982321,-0.0005692724183511,0,1.527795943535111e-05,0.0358203100387968,0001562762-21-000027_same,same
0.01044002835264,-0.0003204020092266,1,0.0003651393929471,0.0100748889596928,0001562762-21-000027_same,same
-0.0338330927868476,-0.0044158356273545,2,-0.0053922115172375,-0.02844088126961,0001562762-21-000027_same,same
0.0153069453681269,-0.0018548966445751,3,-0.0017920495421614,0.0170989949102883,0001562762-21-000027_same,same
0.0508057417127221,-0.0077328394581538,4,-0.010055247670432,0.0608609893831541,0001562762-21-000027_same,same
0.0239778439485625,0.0012563181187927,5,0.0025816888259493,0.0213961551226131,0001562762-21-000027_same,same
-0.0111890493801289,-0.0181157256684597,-5,-0.0157350332763482,0.0045459838962192,0001562762-22-000031_same,same
0.0226356447787772,-0.0189694543445634,-4,-0.0166928889904028,0.0393285337691801,0001562762-22-000031_same,same
-0.0210648049403154,-0.0038405967262932,-3,0.000281195543007,-0.0213460004833225,0001562762-22-000031_same,same
-0.0204264279867031,0.0157667211707204,-2,0.0222799663593461,-0.0427063943460492,0001562762-22-000031_same,same
0.005910114442154,0.000881207755895,-1,0.0055789060809202,0.0003312083612338,0001562762-22-000031_same,same
0.01053096141101,-0.021173138152195,0,-0.019165350307672,0.029696311718682,0001562762-22-000031_same,same
-0.016783686165974,-0.0071661613961429,1,-0.0034499794902737,-0.0133337066757002,0001562762-22-000031_same,same
-0.0200825786314458,-0.0101429452648328,2,-0.0067898338467463,-0.0132927447846994,0001562762-22-000031_same,same
0.0045543132985763,-0.0184121228454876,3,-0.0160675812363646,0.020621894534941,0001562762-22-000031_same,same
-0.0056672092523072,0.0149568560673292,4,0.0213713241424334,-0.0270385333947406,0001562762-22-000031_same,same
0.0403511963029898,0.0223726776556034,5,0.0296916339569722,0.0106595623460176,0001562762-22-000031_same,same
-0.0077623406571547,-0.0088297961777351,-5,-0.0053809455680152,-0.0023813950891395,0001163165-23-000006_same,same
0.0466658891938553,0.0021952617756952,-4,0.0034911583189201,0.0431747308749352,0001163165-23-000006_same,same
-0.0195547824231072,0.0114486093427661,-3,0.0109375283301933,-0.0304923107533006,0001163165-23-000006_same,same
0.0110409618564446,-0.0002804145319874,-2,0.0014989277578688,0.0095420340985758,0001163165-23-000006_same,same
-0.0167326067547548,0.002773175690496,-1,0.0039562182135234,-0.0206888249682783,0001163165-23-000006_same,same
-0.0294669943656546,-0.0137887414891306,0,-0.0093715166977245,-0.0200954776679301,0001163165-23-000006_same,same
-0.0391290299900541,-0.0027674058253277,1,-0.0005024082181976,-0.0386266217718565,0001163165-23-000006_same,same
0.0114291337799368,-0.0200412342553273,2,-0.0144030335939009,0.0258321673738377,0001163165-23-000006_same,same
-0.0116798346055824,-0.0015735561458868,3,0.0004583085804009,-0.0121381431859833,0001163165-23-000006_same,same
0.0129707997036816,0.0053294294160743,4,0.0060132911749984,0.0069575085286831,0001163165-23-000006_same,same
-0.0017072570889492,-0.0105375514855581,5,-0.0067552134012066,0.0050479563122573,0001163165-23-000006_same,same
0.0140669226557743,0.0005705832608251,-5,-0.0006502742998746,0.014717196955649,0001163165-24-000010_same,same
-0.0240561040175953,0.0057423415255595,-4,0.0013818894406136,-0.025437993458209,0001163165-24-000010_same,same
-0.0005398520241429,-0.0009489536011326,-3,-0.001247353195511,0.000707501171368,0001163165-24-000010_same,same
-0.0119712428013509,-0.0136742556536254,-2,-0.0062475670674881,-0.0057236757338628,0001163165-24-000010_same,same
0.0031885609507056,0.0095797632750176,-1,0.002889745944539,0.0002988150061665,0001163165-24-000010_same,same
0.0151820241026898,0.0058212506847294,0,0.0014128955943913,0.0137691285082984,0001163165-24-000010_same,same
-0.003873927474024,-0.0048034698371121,1,-0.0027619267178841,-0.0011120007561399,0001163165-24-000010_same,same
-0.0093154120902855,-0.0060053220011653,2,-0.0032341762439051,-0.0060812358463803,0001163165-24-000010_same,same
0.0304000223716405,0.0012641999229821,3,-0.0003777281833545,0.0307777505549951,0001163165-24-000010_same,same
-0.0057589016494838,0.021122884217414,4,0.0074254397319233,-0.0131843413814072,0001163165-24-000010_same,same
-0.006326892606606,0.0003479475462115,5,-0.000737755617333,-0.0055891369892729,0001163165-24-000010_same,same
0.0113867580546842,0.0067125410858628,-5,0.0005845584073362,0.0108021996473479,0001163165-25-000012_same,same
0.0224163993239934,0.0003395827888592,-4,-0.000230411243135,0.0226468105671285,0001163165-25-000012_same,same
-0.0325433851256483,-0.0027238667143857,-3,-0.0006221631195078,-0.0319212220061405,0001163165-25-000012_same,same
-0.015243946930837,0.0104262921222306,-2,0.0010594704094231,-0.0163034173402602,0001163165-25-000012_same,same
0.0014566125765207,-7.194380749464546e-05,-1,-0.0002830369894149,0.0017396495659356,0001163165-25-000012_same,same
0.0123622840476367,0.0024449877750611,0,3.882654028370536e-05,0.012323457507353,0001163165-25-000012_same,same
0.0217548060045502,0.0023769693899173,1,3.0128394621534648e-05,0.0217246776099287,0001163165-25-000012_same,same
0.0244049593359176,-0.0043341850761716,2,-0.0008280895560685,0.0252330488919862,0001163165-25-000012_same,same
-0.0398039794251047,-0.0170641267025635,3,-0.0024559859888224,-0.0373479934362822,0001163165-25-000012_same,same
0.0089850666683664,-0.0049691065044024,4,-0.0009092828842416,0.009894349552608,0001163165-25-000012_same,same
-0.0176077409762706,-0.0046797309154723,5,-0.0008722777272055,-0.016735463249065,0001163165-25-000012_same,same
0.0100352615138983,0.0046910867168872,-5,0.0015779389959292,0.008457322517969,0001163165-26-000009_same,same
-0.0110395540621009,-0.0033037129754581,-4,-0.0007797306573591,-0.0102598234047418,0001163165-26-000009_same,same
0.0345116903010465,-4.895607156218951e-05,-3,0.0001800984661264,0.0343315918349201,0001163165-26-000009_same,same
-0.003416950325733,-0.0156610121277019,-2,-0.0044239031606111,0.0010069528348781,0001163165-26-000009_same,same
0.0054136237634907,0.0004990891480125,-1,0.0003417172223859,0.0050719065411047,0001163165-26-000009_same,same
-0.0237817894682187,0.0010313220779065,0,0.0004986729280421,-0.0242804623962608,0001163165-26-000009_same,same
0.0239021608980785,0.0055660701474107,1,0.00183597196244,0.0220661889356384,0001163165-26-000009_same,same
0.009681570417916,-0.0028221256867719,2,-0.0006377103717187,0.0103192807896348,0001163165-26-000009_same,same
-0.0094990138143645,0.0069397247635067,3,0.0022410632626724,-0.011740077077037,0001163165-26-000009_same,same
-0.0058808264784125,-0.0103856522472848,4,-0.0028681974045128,-0.0030126290738997,0001163165-26-000009_same,same
0.0064616243046025,0.0076516140863223,5,0.0024509997110501,0.0040106245935523,0001163165-26-000009_same,same
-0.0033215843928743,0.0042966906501935,-5,0.0019967265844928,-0.0053183109773671,0000909832-16-000032_same,same
-0.0034005789510956,0.0004815597652971,-4,0.0002043148481005,-0.0036048937991961,0000909832-16-000032_same,same
0.0034785867310143,-0.0032534833570118,-3,-0.0015504703297453,0.0050290570607596,0000909832-16-000032_same,same
0.0019336833440282,0.0046059050395961,-2,0.0021420006307439,-0.0002083172867157,0000909832-16-000032_same,same
0.0048578717637,-0.0124464715965323,-1,-0.0058694886046534,0.0107273603683534,0000909832-16-000032_same,same
-0.0036423864625683,0.0011465890375803,0,0.0005167566249747,-0.004159143087543,0000909832-16-000032_same,same
-0.0015954041986759,-0.0030992637479612,1,-0.0014780154007838,-0.0001173887978921,0000909832-16-000032_same,same
-0.0004656364227844,0.000201604478573,2,7.27872133407372e-05,-0.0005384236361251,0000909832-16-000032_same,same
-0.0096570886337559,-0.0030379940403031,3,-0.001449229876406,-0.0082078587573498,0000909832-16-000032_same,same
0.0027575105295516,0.0061604033182458,4,0.0028723296922931,-0.0001148191627414,0000909832-16-000032_same,same
0.0022798560385475,0.002191971018971,5,0.0010078944100179,0.0012719616285296,0000909832-16-000032_same,same
0.0063742591180133,0.0018035072962026,-5,0.0003519576229099,0.0060223014951033,0000909832-17-000014_same,same
-0.0041169221988318,-0.001686752950886,-4,-0.0014202236145585,-0.0026966985842732,0000909832-17-000014_same,same
0.0167280415945447,0.0008781073155288,-3,-0.0001179146407046,0.0168459562352494,0000909832-17-000014_same,same
-0.0065063622200174,0.0017507533144689,-2,0.0003251717645465,-0.0068315339845639,0000909832-17-000014_same,same
-0.0027073752072447,0.0006725789853143,-1,-0.0002222717444129,-0.0024851034628317,0000909832-17-000014_same,same
-0.0052407483676011,0.0007423349056041,0,-0.0001868531439681,-0.0050538952236329,0000909832-17-000014_same,same
0.005776028772773,0.0003279978945605,1,-0.0003972329509103,0.0061732617236833,0000909832-17-000014_same,same
0.0145779072013414,0.0051168427389869,2,0.002034305210039,0.0125436019913023,0000909832-17-000014_same,same
0.0078997423062163,-0.0039724840397191,3,-0.0025808046207765,0.0104805469269929,0000909832-17-000014_same,same
0.0015429590700275,0.0016179082781735,4,0.0002577196365827,0.0012852394334448,0000909832-17-000014_same,same
-0.0006782662601015,-0.0046630497542752,5,-0.0029314396783188,0.0022531734182172,0000909832-17-000014_same,same
0.0047684730263481,-0.0003611698977235,-5,0.0015652328045435,0.0032032402218046,0000909832-18-000013_same,same
-0.0026560346473997,-0.0042995275485813,-4,8.540976047947827e-05,-0.0027414444078791,0000909832-18-000013_same,same
-0.001353258862612,-0.0055118299970128,-3,-0.0003701083154813,-0.0009831505471307,0000909832-18-000013_same,same
-0.0218141136000548,-0.0308644339777438,-2,-0.0098962537100074,-0.0119178598900473,0000909832-18-000013_same,same
0.0117984327046472,0.0186250400528118,-1,0.008699229636477,0.0030992030681701,0000909832-18-000013_same,same
-0.0362636524203178,-0.0173272640399783,0,-0.0048097131260273,-0.0314539392942904,0000909832-18-000013_same,same
0.0193871708851736,-0.0065595995737004,1,-0.000763803784991,0.0201509746701646,0000909832-18-000013_same,same
0.0247276633853756,0.0156667800520586,2,0.0075876745905572,0.0171399887948183,0000909832-18-000013_same,same
0.0031154519627638,0.0108513319740386,3,0.0057782881241463,-0.0026628361613825,0000909832-18-000013_same,same
0.0042425641759822,0.0105578436930637,4,0.0056680110086957,-0.0014254468327135,0000909832-18-000013_same,same
0.0024391233493292,-0.0063166863793988,5,-0.0006725300677458,0.0031116534170751,0000909832-18-000013_same,same
0.0092386399862531,0.0142168975854601,-5,0.012870429814663,-0.0036317898284098,0000909832-19-000019_same,same
0.0059655121170685,-0.0044782946735923,-4,-0.0019261941723826,0.0078917062894511,0000909832-19-000019_same,same
-0.0051805235948635,-0.0155608192014078,-3,-0.0106976443930077,0.0055171207981442,0000909832-19-000019_same,same
0.0171638382388219,0.0091044925499415,-2,0.0088241309624316,0.0083397072763902,0000909832-19-000019_same,same
0.0008084755945956,0.006415695380997,-1,0.0066960372720852,-0.0058875616774895,0000909832-19-000019_same,same
0.001548477208245,0.0109389775131329,0,0.0102760649053463,-0.0087275876971012,0000909832-19-000019_same,same
-0.0002697234267948,-0.001387118733451,1,0.0005203689562701,-0.000790092383065,0000909832-19-000019_same,same
0.0029246178809489,0.0099556766411372,2,0.0094978149110458,-0.0065731970300968,0000909832-19-000019_same,same
0.0013068746946336,-0.0019995427986508,3,3.565564132730842e-05,0.0012712190533063,0000909832-19-000019_same,same
0.0121162776706005,0.002762831573678,4,0.003804916844767,0.0083113608258334,0000909832-19-000019_same,same
0.0015209869871113,-0.0039193449495069,5,-0.0014838040230676,0.0030047910101789,0000909832-19-000019_same,same
0.0081218505541662,0.0082537182282207,-5,0.0037238148563967,0.0043980356977695,0000909832-20-000017_same,same
0.009746421525389,0.0052929077692909,-4,0.0023576719827674,0.0073887495426216,0000909832-20-000017_same,same
-0.009624562342499,-0.0095776521786163,-3,-0.0045037295765386,-0.0051208327659604,0000909832-20-000017_same,same
0.0100559547138172,0.017972708676142,-2,0.0082082388759262,0.001847715837891,0000909832-20-000017_same,same
-0.0006413113963469,-0.0139735156922267,-1,-0.0065320180117046,0.0058907066153577,0000909832-20-000017_same,same
0.0130318834242983,0.0173967548692179,0,0.0079424889402976,0.0050893944840007,0000909832-20-000017_same,same
0.0057023100191113,0.0080101236424949,1,0.0036114182636529,0.0020908917554584,0000909832-20-000017_same,same
0.0119692846082102,0.0087935331206152,2,0.0039728899925979,0.0079963946156123,0000909832-20-000017_same,same
0.0190010298336209,0.0164158129636475,3,0.0074898740862472,0.0115111557473736,0000909832-20-000017_same,same
0.0111558648425122,-0.0063069189940844,4,-0.0029945857479917,0.014150450590504,0000909832-20-000017_same,same
-0.006146590885924,-0.0066231417535027,5,-0.0031404935915538,-0.0030060972943701,0000909832-20-000017_same,same
0.0099249833227887,0.0015691842194003,-5,0.0029340765843902,0.0069909067383985,0000909832-21-000014_same,same
-0.0054006582945499,-0.0119097141251951,-4,-0.0066148076969083,0.0012141494023583,0000909832-21-000014_same,same
-0.00227005986964,0.0114914776301819,-3,0.0099633477579231,-0.0122334076275631,0000909832-21-000014_same,same
-0.0182677362626911,-0.0129858981367484,-2,-0.007377210997904,-0.0108905252647871,0000909832-21-000014_same,same
0.0138592013427163,0.0105245146606092,-1,0.0092783201492348,0.0045808811934814,0000909832-21-000014_same,same
0.006946837898456,0.0041027928541854,0,0.0047289662741224,0.0022178716243336,0000909832-21-000014_same,same
0.0078560912011778,0.0082982806564053,1,0.007701184515019,0.0001549066861588,0000909832-21-000014_same,same
-0.0022520600685879,-0.0019137230947889,2,0.0004666732361769,-0.0027187333047648,0000909832-21-000014_same,same
-0.00475823850887,-0.0068657638480568,3,-0.0030415114017901,-0.0017167271070799,0000909832-21-000014_same,same
-0.0062932304681636,-0.0024167805585421,4,0.0001102911799127,-0.0064035216480764,0000909832-21-000014_same,same
-0.0035134168131639,0.0030225144837938,5,0.0039636623978901,-0.0074770792110541,0000909832-21-000014_same,same
0.0208864068549161,0.0196721399262347,-5,0.0208998327983097,-1.3425943393558654e-05,0000909832-22-000021_same,same
-0.0190665123711908,-0.0211264378802388,-4,-0.0218607473615589,0.002794234990368,0000909832-22-000021_same,same
-0.0140088857918642,-0.0150666957719832,-3,-0.0155095924414705,0.0015007066496063,0000909832-22-000021_same,same
0.0115612042854513,0.0258838949525761,-2,0.0274103109330449,-0.0158491066475935,0000909832-22-000021_same,same
0.0175830771480003,0.0305837006795515,-1,0.0323361301730541,-0.0147530530250537,0000909832-22-000021_same,same
-0.0119514685816536,-0.0020179487570848,0,-0.0018333315834786,-0.0101181369981749,0000909832-22-000021_same,same
0.0045178279148796,-0.0102450808466399,1,-0.0104561062024858,0.0149739341173654,0000909832-22-000021_same,same
-0.0297208658580027,-0.0280036177867735,2,-0.0290686506385342,-0.0006522152194684,0000909832-22-000021_same,same
-0.0039304553186897,-0.0074924636339018,3,-0.0075711157125466,0.0036406603938568,0000909832-22-000021_same,same
0.0122451771694331,-0.0065191757777544,4,-0.006551022473296,0.0187961996427292,0000909832-22-000021_same,same
-0.0119487389264836,-0.0032907731480149,5,-0.0031673660602678,-0.0087813728662157,0000909832-22-000021_same,same
0.0119640325945198,0.0081097549571607,-5,0.0063691706035265,0.0055948619909932,0000909832-23-000042_same,same
-0.0039874379045402,-0.0013040301597772,-4,-0.0001330095968781,-0.003854428307662,0000909832-23-000042_same,same
-0.0210526491866348,0.0118148930146444,-3,0.0089283404823662,-0.029980989669001,0000909832-23-000042_same,same
0.0025826476877601,0.0063038542996403,-2,0.0051218198988562,-0.0025391722110961,0000909832-23-000042_same,same
0.0055814735617401,0.0052079907813922,-1,0.0043648977913102,0.0012165757704299,0000909832-23-000042_same,same
0.0061023340908146,0.0042930081710337,0,0.0037329116413307,0.0023694224494838,0000909832-23-000042_same,same
-0.0030766839555131,-0.0062464343461184,1,-0.0035467695503536,0.0004700855948404,0000909832-23-000042_same,same
0.0054276243900526,-0.0050188588887675,2,-0.0026988729036659,0.0081264972937185,0000909832-23-000042_same,same
0.0095266458020943,0.0105943693839298,3,0.0080853145913801,0.0014413312107142,0000909832-23-000042_same,same
0.0036697282325683,-9.824505308242416e-05,4,0.0006998362721641,0.0029698919604042,0000909832-23-000042_same,same
0.0005223774721287,-0.0133998205065164,5,-0.0084876732655128,0.0090100507376416,0000909832-23-000042_same,same
0.0013106737838024,0.0001383909021239,-5,0.0016281181477029,-0.0003174443639005,0000909832-24-000049_same,same
-0.0032553275461312,-0.001681413492255,-4,9.90218325929294e-05,-0.0033543493787241,0000909832-24-000049_same,same
0.0084962719145256,0.0089702493952743,-3,0.0090491147774302,-0.0005528428629046,0000909832-24-000049_same,same
-0.0107800020962163,-0.0095860221658826,-2,-0.0065428502458374,-0.0042371518503788,0000909832-24-000049_same,same
0.0192652908882831,0.0096893474955819,-1,0.0096533391978016,0.0096119516904814,0000909832-24-000049_same,same
0.0209789143632712,0.0071134119874882,0,0.0074889013573648,0.0134900130059064,0000909832-24-000049_same,same
-0.0170168516408069,-0.0020701228399899,1,-0.0002275924085344,-0.0167892592322724,0000909832-24-000049_same,same
-0.0051475674676111,0.0060518475879536,2,0.0065969185615246,-0.0117444860291358,0000909832-24-000049_same,same
0.0008211035979399,0.0077076668832223,3,0.0079882258859294,-0.0071671222879894,0000909832-24-000049_same,same
0.0054509004582687,-0.0076094663324381,4,-0.0048820430454237,0.0103329435036925,0000909832-24-000049_same,same
-0.0080817405760447,0.0046791459565738,5,0.0054435017367429,-0.0135252423127876,0000909832-24-000049_same,same
-0.0089559637370817,0.0033999208349619,-5,0.0005929363699812,-0.009548900107063,0000909832-25-000101_same,same
-0.0006215151035129,0.0006183547238911,-4,-0.0007464122523371,0.0001248971488242,0000909832-25-000101_same,same
-0.0015162158488151,6.551280273581206e-05,-3,-0.0010126105147161,-0.0005036053340989,0000909832-25-000101_same,same
-0.0048503788046455,0.0036465919796933,-2,0.0007117107023786,-0.0055620895070242,0000909832-25-000101_same,same
0.0042373549577829,-0.0038114057910215,-1,-0.002879381020987,0.00711673597877,0000909832-25-000101_same,same
0.0,0.005827663640568,0,0.0017619159491796,-0.0017619159491796,0000909832-25-000101_same,same
0.0307061720978278,-0.0027555704071953,1,-0.0023709869687679,0.0330771590665958,0000909832-25-000101_same,same
-0.0136600771758125,-0.0271116732114136,2,-0.0140986653460826,0.00043858817027,0000909832-25-000101_same,same
0.005967695205796,0.0155986717875575,3,0.0064667425748157,-0.0004990473690196,0000909832-25-000101_same,same
0.0117042113676999,-0.0015643266604626,4,-0.0017973925951948,0.0135016039628947,0000909832-25-000101_same,same
0.0089592036148145,0.0040260011595036,5,0.0008943995697226,0.0080648040450918,0000909832-25-000101_same,same
-0.028256115985938,-0.0081209763419023,-5,-0.0119459573077609,-0.0163101586781771,0001108524-16-000053_same,same
0.0335055548229992,0.0238687918018944,-4,0.0309233190687498,0.0025822357542494,0001108524-16-000053_same,same
0.0058557104530787,0.0040943087350047,-3,0.0044236653048787,0.0014320451482,0001108524-16-000053_same,same
0.0052534234794956,0.0034987406745825,-2,0.0036255484923875,0.0016278749871081,0001108524-16-000053_same,same
0.003672169155009,0.0033058923144386,-1,0.0033671136824631,0.0003050554725458,0001108524-16-000053_same,same
-0.0080215539119695,0.0008850141950174,0,0.0001229109514895,-0.0081444648634591,0001108524-16-000053_same,same
-0.0095046562017023,-0.011240108649505,1,-0.0161258858508021,0.0066212296490997,0001108524-16-000053_same,same
0.0174734635803028,0.0050523932937867,2,0.0057075880753679,0.0117658755049349,0001108524-16-000053_same,same
-0.0047860719942116,0.0001558049334506,3,-0.0008542975493627,-0.0039317744448488,0001108524-16-000053_same,same
0.0131542265818662,0.0163955005341884,4,0.0209084109469609,-0.0077541843650946,0001108524-16-000053_same,same
0.0082367893497892,-0.0012609729212872,5,-0.0027529121671951,0.0109897015169843,0001108524-16-000053_same,same
-0.0029347970969381,0.0010179830611165,-5,0.0012296949973132,-0.0041644920942513,0001108524-17-000006_same,same
-0.0023301283778017,-0.0025783763780462,-4,-0.0030165829794403,0.0006864546016386,0001108524-17-000006_same,same
0.0302395075661132,0.0136738546598662,-3,0.0161726810240108,0.0140668265421023,0001108524-17-000006_same,same
-0.0136022880016194,-0.0058598805035984,-2,-0.0068911063508311,-0.0067111816507882,0001108524-17-000006_same,same
-0.0054432823000734,0.00050387727206,-1,0.0006226822315646,-0.006065964531638,0001108524-17-000006_same,same
0.0034057182022801,-0.0032772408480052,0,-0.0038417432165421,0.0072474614188223,0001108524-17-000006_same,same
0.0056967958444904,-0.0029133737680216,1,-0.0034121196501725,0.009108915494663,0001108524-17-000006_same,same
0.006146846806746,-0.0022842151650487,2,-0.002669262223132,0.0088161090298781,0001108524-17-000006_same,same
-0.0023957522268955,0.0007998953585612,3,0.0009721954275324,-0.003367947654428,0001108524-17-000006_same,same
0.0027615961129274,0.0032686701956989,4,0.0038871165853969,-0.0011255204724694,0001108524-17-000006_same,same
0.0011977718185565,0.0003666328125562,5,0.0004606355463873,0.0007371362721692,0001108524-17-000006_same,same
0.020849063420979,0.005071602744632,-5,0.0058431572584145,0.0150059061625644,0001108524-18-000011_same,same
0.0047571747265757,0.011032026532745,-4,0.0120443338999121,-0.0072871591733363,0001108524-18-000011_same,same
0.0161632639382851,0.0026388586061694,-3,0.0033121499571785,0.0128511139811065,0001108524-18-000011_same,same
0.0068283951909668,-0.0004838747205661,-2,6.328349201254618e-05,0.0067651116989543,0001108524-18-000011_same,same
0.0082182927440557,0.0044630782078172,-1,0.0052100532581587,0.0030082394858969,0001108524-18-000011_same,same
0.0083096834279441,0.0173788315189269,0,0.0186474984109563,-0.0103378149830122,0001108524-18-000011_same,same
-0.0049446965811787,-0.0012739851290425,1,-0.0007587409786332,-0.0041859556025455,0001108524-18-000011_same,same
-0.0003943941450347,-0.0063635765510888,2,-0.0060539106784965,0.0056595165334617,0001108524-18-000011_same,same
0.009942396104148,-0.0057245219485623,3,-0.0053890434451074,0.0153314395492554,0001108524-18-000011_same,same
-0.0060160437146972,-0.0007819305319631,4,-0.0002468113605018,-0.0057692323541953,0001108524-18-000011_same,same
-0.0098255688348103,0.0017034471678114,5,0.0023389554716952,-0.0121645243065056,0001108524-18-000011_same,same
0.0053772983767288,0.0068953205934343,-5,0.0141292512481943,-0.0087519528714655,0001108524-19-000009_same,same
-0.0366497367032967,-0.003880558492514,-4,-0.0057193521138885,-0.0309303845894081,0001108524-19-000009_same,same
-0.0096529231067478,-0.0011315328231061,-3,-0.0006557912007551,-0.0089971319059926,0001108524-19-000009_same,same
-0.0011466662968275,-0.0065240986535923,-2,-0.0105886142604361,0.0094419479636085,0001108524-19-000009_same,same
-0.007589578598628,-0.0081257175586835,-1,-0.0135387121717816,0.0059491335731535,0001108524-19-000009_same,same
-0.0034704858300403,-0.0021316888487414,0,-0.0024980260750234,-0.0009724597550169,0001108524-19-000009_same,same
0.0167031484148114,0.0146660418677571,1,0.0284425117424085,-0.011739363327597,0001108524-19-000009_same,same
0.0039960699180554,0.0029533182046204,2,0.0068682898691845,-0.002872219951129,0001108524-19-000009_same,same
0.0096665358054703,0.0069495838138418,3,0.0142292012504565,-0.0045626654449861,0001108524-19-000009_same,same
0.0053813730056786,-0.0008680223820187,4,-0.0001704188069861,0.0055517918126648,0001108524-19-000009_same,same
0.005227815898344,0.0049849029002739,5,0.0106103621863366,-0.0053825462879925,0001108524-19-000009_same,same
-0.0375691796968624,-0.0441632425840791,-5,-0.0456990956509797,0.0081299159541173,0001108524-20-000014_same,same
-0.0101657702900119,-0.0082383404443618,-4,-0.0078714291703933,-0.0022943411196185,0001108524-20-000014_same,same
0.0373242208371329,0.04603922900611,-3,0.0492809546152087,-0.0119567337780757,0001108524-20-000014_same,same
-0.0418082186526552,-0.0281078961210758,-2,-0.0287933769138562,-0.013014841738799,0001108524-20-000014_same,same
0.0373149669070684,0.0422025907744911,-1,0.0452411086368422,-0.0079261417297737,0001108524-20-000014_same,same
-0.0346634291391987,-0.0339220770468885,0,-0.03491550623975,0.0002520771005512,0001108524-20-000014_same,same
-0.0325472565245474,-0.0170538520003701,1,-0.0171538547619655,-0.0153934017625819,0001108524-20-000014_same,same
-0.0784374137580706,-0.0759696974774509,2,-0.0791901811091114,0.0007527673510407,0001108524-20-000014_same,same
0.0669930871488595,0.0493963062815614,3,0.052815839666014,0.0141772474828454,0001108524-20-000014_same,same
-0.0419610297635547,-0.0488684451312739,4,-0.0506535094998102,0.0086924797362554,0001108524-20-000014_same,same
-0.0904445922849584,-0.0951126809783365,5,-0.0993470737430455,0.008902481458087,0001108524-20-000014_same,same
0.0020328391778898,0.0060303133427013,-5,0.0049150369183794,-0.0028821977404895,0001108524-22-000008_same,same
0.0188243605747131,0.0103954870044358,-4,0.0097027553511278,0.0091216052235852,0001108524-22-000008_same,same
-0.0173187380260043,0.0010153984958789,-3,-0.0005853170449163,-0.016733420981088,0001108524-22-000008_same,same
0.0027801238584017,0.0064919213014971,-2,0.0054213281004241,-0.0026412042420223,0001108524-22-000008_same,same
0.0078946633838064,-0.0015696837343783,-1,-0.0034206328428806,0.011315296226687,0001108524-22-000008_same,same
-0.0063407485515503,0.0028793821305308,0,0.0014590984806777,-0.007799847032228,0001108524-22-000008_same,same
-0.0170796986938135,-0.0147605393194591,1,-0.0178883510420508,0.0008086523482373,0001108524-22-000008_same,same
0.0129846317841395,-0.0006027039747036,2,-0.0023600503372925,0.0153446821214321,0001108524-22-000008_same,same
0.0139962465823897,0.0070251180773117,3,0.0060061378307282,0.0079901087516614,0001108524-22-000008_same,same
-0.000790115012937,-0.0076308541839406,4,-0.010068518983078,0.009278403970141,0001108524-22-000008_same,same
-0.0254419604734255,-0.0054673360183149,5,-0.007695574261095,-0.0177463862123304,0001108524-22-000008_same,same
-0.0084983572353984,-0.0079340425503344,-5,-0.0150481159196708,0.0065497586842723,0001108524-22-000013_same,same
-0.0333971034146148,-0.0295181583134491,-4,-0.0510243954285139,0.017627292013899,0001108524-22-000013_same,same
-0.021148680501587,-0.0072337535181997,-3,-0.0138808782049756,-0.0072678022966114,0001108524-22-000013_same,same
0.0576841793709324,0.0256982478914358,-2,0.0410099915671061,0.0166741878038262,0001108524-22-000013_same,same
-0.0148158245899197,-0.0042918136516678,-1,-0.0089772698247133,-0.0058385547652063,0001108524-22-000013_same,same
-0.011241664119012,-0.0129615451234751,0,-0.0234279281754885,0.0121862640564764,0001108524-22-000013_same,same
-0.0241535458747097,-0.0074210024659636,1,-0.0141929836697731,-0.0099605622049366,0001108524-22-000013_same,same
0.0156380103206099,0.0214085741708709,2,0.0338599881819078,-0.0182219778612979,0001108524-22-000013_same,same
0.0480778477622161,0.0223837613571822,3,0.0354854245524879,0.0125924232097281,0001108524-22-000013_same,same
0.0235442628541016,0.0123478175714519,4,0.0187575714065425,0.004786691447559,0001108524-22-000013_same,same
0.0398745321709559,0.0116622948279487,5,0.0176149460564651,0.0222595861144908,0001108524-22-000013_same,same
0.022859121936068,-0.00472526484568,-5,-0.0063524317680511,0.0292115537041192,0001108524-23-000011_same,same
0.1149685825154633,0.0075821940867943,-4,0.0108277755636384,0.1041408069518249,0001108524-23-000011_same,same
-0.0008573838475316,0.0161477371607488,-3,0.0227845740162227,-0.0236419578637544,0001108524-23-000011_same,same
-0.0141072591094925,0.0006871667698291,-2,0.0012028806512887,-0.0153101397607812,0001108524-23-000011_same,same
-0.0026115339817947,-0.0153269191153376,-1,-0.0211514751295545,0.0185399411477598,0001108524-23-000011_same,same
-0.0020182364839101,0.0014147940136839,0,0.0022185888472857,-0.0042368253311959,0001108524-23-000011_same,same
-0.0231211303289732,-0.0184593578738486,1,-0.0255241037623457,0.0024029734333725,0001108524-23-000011_same,same
-0.0309981904932026,-0.0144781384570513,2,-0.0199666466634599,-0.0110315438297427,0001108524-23-000011_same,same
0.0134539902822314,-0.0015097610031894,3,-0.0018638510632178,0.0153178413454493,0001108524-23-000011_same,same
0.0420491097751303,0.0164766554806239,4,0.0232437171229883,0.0188053926521419,0001108524-23-000011_same,same
0.0001093411616843,-0.0069808835654376,5,-0.0095010912500199,0.0096104324117043,0001108524-23-000011_same,same
0.0009016453704044,-0.0016581550604305,-5,-0.0010468924361194,0.0019485378065239,0001108524-24-000005_same,same
0.030189892886655,0.0052290946971491,-4,0.0083171776720949,0.0218727152145601,0001108524-24-000005_same,same
0.0260993845728401,0.0080078289488876,-3,0.0120952114680581,0.0140041731047819,0001108524-24-000005_same,same
-0.0070689862630476,-0.0011932620709189,-2,-0.0004148127671902,-0.0066541734958573,0001108524-24-000005_same,same
-0.0505021850376812,-0.0101931008834446,-1,-0.0126512096700862,-0.037850975367595,0001108524-24-000005_same,same
0.0168033547163675,0.0051411032032746,0,0.0081975423246675,0.0086058123916999,0001108524-24-000005_same,same
-0.0044442410482467,0.0103041279259514,1,0.015217314683058,-0.0196615557313047,0001108524-24-000005_same,same
0.0094570551424852,-0.0065285190034379,2,-0.0076687561727509,0.0171258113152362,0001108524-24-000005_same,same
0.0023586943145208,-0.0011222380873464,3,-0.0003182468540976,0.0026769411686184,0001108524-24-000005_same,same
0.0020258808231623,0.0112017879813663,4,0.0164377948439522,-0.0144119140207898,0001108524-24-000005_same,same
-0.0050288514886231,-0.0019245297153407,5,-0.0014090618116216,-0.0036197896770015,0001108524-24-000005_same,same
0.00474042521869,0.0001360242800469,-5,0.0024765676259833,0.0022638575927066,0001108524-25-000006_same,same
-0.040445053786121,-0.0158645536555098,-4,-0.0175604922429261,-0.0228845615431949,0001108524-25-000006_same,same
0.0100032217373302,0.0158541446349889,-3,0.0221599140555406,-0.0121566923182104,0001108524-25-000006_same,same
-0.0160819495253208,-0.0175967394669998,-2,-0.0197296583160946,0.0036477087907738,0001108524-25-000006_same,same
-0.0195180699496355,-0.0122348266022004,-1,-0.0130150902850792,-0.0065029796645563,0001108524-25-000006_same,same
0.0161132795682259,0.0111592778931879,0,0.0162806685457287,-0.0001673889775028,0001108524-25-000006_same,same
-0.0202760683265453,-0.0178190070857499,1,-0.0200079976111971,-0.0002680707153481,0001108524-25-000006_same,same
-0.0110468368019152,0.005520617802748,2,0.0092195379873441,-0.0202663747892593,0001108524-25-000006_same,same
-0.0353141501492308,-0.0269730913054258,3,-0.0314713918894178,-0.003842758259813,0001108524-25-000006_same,same
0.0152069071616414,-0.0075678653236531,4,-0.0071707899778803,0.0223776971395218,0001108524-25-000006_same,same
0.0271791833708805,0.0048868699294464,5,0.0084259138988717,0.0187532694720088,0001108524-25-000006_same,same
-0.0031705600156249,-0.002375864261715,-5,-0.0026051958745838,-0.0005653641410411,0000858877-16-000117_same,same
0.0044528205768756,-4.1384533048027805e-05,-4,0.0002710660439708,0.0041817545329047,0000858877-16-000117_same,same
0.0079166047946976,0.0042010413364248,-3,0.0054980670844226,0.002418537710275,0000858877-16-000117_same,same
0.0012565885624393,0.0029816787577114,-2,0.0039957168575194,-0.00273912829508,0000858877-16-000117_same,same
-0.0025103452074997,-0.0001463852229309,-1,0.0001416969678449,-0.0026520421753446,0000858877-16-000117_same,same
-0.0100659249414374,-0.0022230136296667,0,-0.0024168719209469,-0.0076490530204904,0000858877-16-000117_same,same
-0.0197013598973897,-0.024522068966675,1,-0.0298910550967431,0.0101896951993533,0000858877-16-000117_same,same
0.0191248619711221,0.0146770527484909,2,0.0184053338783284,0.0007195280927937,0000858877-16-000117_same,same
-0.0120866121483311,-0.0148306742588959,3,-0.0179504975526499,0.0058638854043188,0000858877-16-000117_same,same
-0.0019315695179916,-0.0005876766502063,4,-0.0004020086431612,-0.0015295608748303,0000858877-16-000117_same,same
0.0099996969613169,0.0101092733630299,5,0.0127774718166336,-0.0027777748553166,0000858877-16-000117_same,same
0.0162004572699552,0.0046151489339618,-5,0.0035163945435425,0.0126840627264127,0000858877-17-000016_same,same
0.0068774896589285,0.0057209762207304,-4,0.0045815395379698,0.0022959501209586,0000858877-17-000016_same,same
0.0027940698267319,0.0019825406825328,-3,0.0009806373463296,0.0018134324804022,0000858877-17-000016_same,same
-0.0210527479170212,-0.0075508068899006,-2,-0.0082019877963243,-0.0128507601206969,0000858877-17-000016_same,same
0.0079063868741042,0.0031287267736885,-1,0.002084656384641,0.0058217304894631,0000858877-17-000016_same,same
-0.0034512255747889,-0.0001784361232346,0,-0.0011008392597171,-0.0023503863150718,0000858877-17-000016_same,same
-0.0088162415294867,-0.0014888507039184,1,-0.0023630449838304,-0.0064531965456563,0000858877-17-000016_same,same
0.0225539313710767,0.0108392993187771,2,0.0095115645906863,0.0130423667803904,0000858877-17-000016_same,same
0.0068346804719301,0.0033639480109453,3,0.0023112240651865,0.0045234564067436,0000858877-17-000016_same,same
-0.0070968465879169,0.0007571207193879,4,-0.0001997006281739,-0.006897145959743,0000858877-17-000016_same,same
0.0003107673411104,-0.0011007176162897,5,-0.0019891909286755,0.0022999582697859,0000858877-17-000016_same,same
0.011288367206039,0.00570143412984,-5,0.0068249992566907,0.0044633679493483,0000858877-18-000011_same,same
-0.0069503276493438,-0.0044303290541448,-4,-0.0064125796986944,-0.0005377479506494,0000858877-18-000011_same,same
0.013149418580725,0.0001344775085945,-3,-0.0004484660303213,0.0135978846110464,0000858877-18-000011_same,same
-0.0008372125757835,-0.0016543221469484,-2,-0.0027856087611193,0.0019483961853358,0000858877-18-000011_same,same
-0.0096377729698595,-0.002803126684318,-1,-0.0042865706856708,-0.0053512022841887,0000858877-18-000011_same,same
0.0002117456877388,-0.0036523050860121,0,-0.0053960583370799,0.0056078040248188,0000858877-18-000011_same,same
-0.0048648532788083,-0.0022133448270275,1,-0.0035159956376201,-0.0013488576411881,0000858877-18-000011_same,same
0.0004254715787945,0.00189782681274,2,0.0018554247353498,-0.0014299531565552,0000858877-18-000011_same,same
-0.0008499690368422,0.0037398415100768,3,0.0042620951786068,-0.005112064215449,0000858877-18-000011_same,same
-0.0029770138501455,0.0003566719422101,4,-0.0001581595648995,-0.002818854285246,0000858877-18-000011_same,same
0.007464501239184,0.0052822543297499,5,0.0062773230428441,0.0011871781963399,0000858877-18-000011_same,same
0.0017098245676434,0.0065454801656796,-5,0.0093092078977067,-0.0075993833300633,0000858877-19-000012_same,same
0.0085340316015993,0.0126872917935088,-4,0.0182954496468687,-0.0097614180452693,0000858877-19-000012_same,same
-0.0097311156279047,0.0006427872591217,-3,0.000672826868199,-0.0104039424961038,0000858877-19-000012_same,same
-0.0066227639046632,-0.0068991005090608,-2,-0.0103619021070186,0.0037391382023554,0000858877-19-000012_same,same
0.0176344522304618,0.010842079212828,-1,0.0155956719048325,0.0020387803256293,0000858877-19-000012_same,same
0.0232458316740904,0.0130098136422667,0,0.0187673396164654,0.0044784920576249,0000858877-19-000012_same,same
0.0086740580641031,0.0009106051537297,1,0.0010646780827161,0.007609379981387,0000858877-19-000012_same,same
-0.0053230640649434,-9.401025965849465e-05,2,-0.0004052004346802,-0.0049178636302631,0000858877-19-000012_same,same
0.0129681813003075,0.0003223043548219,3,0.0002039201304115,0.012764261169896,0000858877-19-000012_same,same
0.0166629381218297,0.0072296811894803,4,0.010310279922944,0.0063526581988857,0000858877-19-000012_same,same
-0.0019985416224393,0.002879153101061,5,0.0039449109556001,-0.0059434525780395,0000858877-19-000012_same,same
0.0009467124937228,0.0016730440109038,-5,0.0022604235152474,-0.0013137110215246,0000858877-20-000010_same,same
-0.0021285165882464,0.0067325653552858,-4,0.0069100947983003,-0.0090386113865467,0000858877-20-000010_same,same
0.0004743463577987,-0.0021949627140287,-3,-0.0012942526225544,0.0017685989803532,0000858877-20-000010_same,same
-0.0045005084314706,0.0075250030166134,-2,0.0076383404932365,-0.0121388489247071,0000858877-20-000010_same,same
0.0092790876737756,0.0153659101548075,-1,0.0148440894706624,-0.0055650017968868,0000858877-20-000010_same,same
-0.0346533306341981,-0.0351258437153412,0,-0.0315575446012416,-0.0030957860329565,0000858877-20-000010_same,same
-0.0031743820865626,-0.0081330272642748,1,-0.0067513001052874,0.0035769180187247,0000858877-20-000010_same,same
-0.0200882643814983,-0.0277563421023609,2,-0.0247850146151128,0.0046967502336144,0000858877-20-000010_same,same
0.0032497731801819,0.0201449863367746,3,0.0192360332476143,-0.0159862600674324,0000858877-20-000010_same,same
-0.0139545009743344,-0.0175847965901794,4,-0.0154374222534816,0.0014829212791471,0000858877-20-000010_same,same
0.0078344020890213,0.000533072190594,5,0.0012127959086816,0.0066216061803397,0000858877-20-000010_same,same
0.0003388788099056,0.0003116886257619,-5,0.0004619359401449,-0.0001230571302392,0000858877-21-000013_same,same
0.0082993095574845,0.0028426384105229,-4,0.0032779118797858,0.0050213976776987,0000858877-21-000013_same,same
-0.0018476818049033,-0.0003350311257153,-3,-0.0002576149852884,-0.0015900668196148,0000858877-21-000013_same,same
-0.0090877652136341,-0.0033955744059817,-2,-0.00366282527091,-0.0054249399427241,0000858877-21-000013_same,same
-0.0033969199351835,-0.0013185667397751,-1,-0.0013519127234927,-0.0020450072116908,0000858877-21-000013_same,same
-0.0013633694274349,-0.0046056086573933,0,-0.0050091290808997,0.0036457596534648,0000858877-21-000013_same,same
-0.012115936209077,-0.0077225787599254,1,-0.0084771207677198,-0.0036388154413571,0000858877-21-000013_same,same
0.0036277213688702,0.0022764876184568,2,0.0026480032904231,0.000979718078447,0000858877-21-000013_same,same
-0.0039589289251066,-0.0057466385065755,3,-0.0062786574694341,0.0023197285443275,0000858877-21-000013_same,same
-0.0053566618762977,0.0084739969795697,4,0.0095434531139134,-0.0149001149902112,0000858877-21-000013_same,same
-0.0039959174997147,-0.001551140448935,5,-0.0016106780190866,-0.002385239480628,0000858877-21-000013_same,same
-0.0114946320743102,-0.0078170251059712,-5,-0.0077718408649752,-0.0037227912093349,0000858877-22-000013_same,same
0.0127462316363848,0.0029962320243361,-4,0.001112485878713,0.0116337457576718,0000858877-22-000013_same,same
-0.0154560134075898,-0.010736500458081,-3,-0.0101705235778453,-0.0052854898297444,0000858877-22-000013_same,same
-0.0026912903829833,-0.0040950569838349,-2,-0.0047138186124598,0.0020225282294765,0000858877-22-000013_same,same
0.0123679682471737,0.018341016392734,-1,0.0137199802254613,-0.0013520119782875,0000858877-22-000013_same,same
0.0077742601206418,0.006610721877456,0,0.0040822024479101,0.0036920576727316,0000858877-22-000013_same,same
0.0088164894029469,0.0152714498163328,1,0.0111979804156337,-0.0023814910126868,0000858877-22-000013_same,same
0.0137645872752683,0.0105842727693497,2,0.0073469287029912,0.006417658572277,0000858877-22-000013_same,same
-0.0493535887829544,-0.0432366134006168,3,-0.0368730812909117,-0.0124805074920427,0000858877-22-000013_same,same
-0.0034006726520258,0.0033870120853238,4,0.0014335563669938,-0.0048342290190196,0000858877-22-000013_same,same
-0.0152409269884148,-0.0113177391843534,5,-0.0106480776300666,-0.0045928493583482,0000858877-22-000013_same,same
0.004420162229568,0.003833182103508,-5,0.002975438389747,0.001444723839821,0000858877-23-000023_same,same
0.0095054006802135,-0.0015969365120942,-4,-0.0014677101050135,0.010973110785227,0000858877-23-000023_same,same
0.0085439576480383,0.001799129260001,-3,0.0013110919049531,0.0072328657430852,0000858877-23-000023_same,same
-0.0100277177105233,-0.004194177587506,-2,-0.0035928805831663,-0.0064348371273569,0000858877-23-000023_same,same
-0.0017462629525739,-0.0069715993514528,-1,-0.0058654823812813,0.0041192194287074,0000858877-23-000023_same,same
-0.0064730606732327,-0.003211265936186,0,-0.0027886214622888,-0.0036844392109439,0000858877-23-000023_same,same
-0.0021130469580207,0.0014266227216406,1,0.0010062915898276,-0.0031193385478483,0000858877-23-000023_same,same
0.0029998523133936,0.0067234531062752,2,0.0053403781202524,-0.0023405258068588,0000858877-23-000023_same,same
-0.0079170099596243,-0.0056958856048289,3,-0.0048216404296946,-0.0030953695299296,0000858877-23-000023_same,same
-0.0019508398320445,0.0012416323054647,4,0.0008549247510231,-0.0028057645830677,0000858877-23-000023_same,same
0.0015992015583814,0.0084299188671679,5,0.0067366792535436,-0.0051374776951621,0000858877-23-000023_same,same
-0.0169591781399645,-0.0059759732079761,-5,-0.0038788955664585,-0.0130802825735059,0000858877-24-000017_same,same
0.0108325525003827,-3.937906806072977e-05,-4,-0.0008789157037279,0.0117114682041106,0000858877-24-000017_same,same
0.0029767299032228,0.0100930517744244,-3,0.004241375118174,-0.0012646452149512,0000858877-24-000017_same,same
-0.0094974232067485,-0.0211510743977116,-2,-0.0115474336054685,0.00205001039872,0000858877-24-000017_same,same
-0.0071912469894622,-0.0016025435809103,-1,-0.0016688403558367,-0.0055224066336255,0000858877-24-000017_same,same
-0.0114688561843556,-0.0030180176155847,0,-0.0023841315649308,-0.0090847246194248,0000858877-24-000017_same,same
-0.0128232270239557,-0.0172602498592846,1,-0.0095812565366643,-0.0032419704872914,0000858877-24-000017_same,same
0.0041237781776042,0.0115800702824842,2,0.0049928203870518,-0.0008690422094476,0000858877-24-000017_same,same
0.001848017502813,0.0044726726528396,3,0.0014011903610085,0.0004468271418044,0000858877-24-000017_same,same
0.0065587451315312,0.0106650258888965,4,0.0045304147232031,0.002028330408328,0000858877-24-000017_same,same
0.0101813495096232,0.0074953023589392,5,0.0029286365763092,0.0072527129333139,0000858877-24-000017_same,same
0.0186178979661666,0.0041339951911349,-5,0.0039412694481368,0.0146766285180297,0000858877-25-000111_same,same
0.0007312545980964,0.0023909843081744,-4,0.0023121541966343,-0.0015808995985379,0000858877-25-000111_same,same
0.0144650068401195,0.0031567194195349,-3,0.0030278529686406,0.0114371538714788,0000858877-25-000111_same,same
-0.0048970828590771,-0.0063981842935716,-2,-0.005902693316429,0.0010056104573518,0000858877-25-000111_same,same
-0.0186710970569952,-0.0069222799368615,-1,-0.0063925423552826,-0.0122785547017125,0000858877-25-000111_same,same
-0.001917554021155,0.0051000736279842,0,0.0048442202736334,-0.0067617742947884,0000858877-25-000111_same,same
0.0047288119774782,0.0083464864096993,1,0.0078784988470302,-0.003149686869552,0000858877-25-000111_same,same
-0.0160317478316136,-0.0031651529783888,2,-0.0028809218084949,-0.0131508260231187,0000858877-25-000111_same,same
-0.0002989233521181,0.0021059789159529,3,0.0020457722504472,-0.0023446956025653,0000858877-25-000111_same,same
0.0068779915100409,0.0026881536531127,4,0.0025899052519207,0.0042880862581202,0000858877-25-000111_same,same
0.0117314783644852,0.0029834699435626,5,0.0028659243390603,0.0088655540254249,0000858877-25-000111_same,same
0.0004439594246026,0.0049923089198982,-5,0.0056312851137051,-0.0051873256891024,0000093410-17-000013_same,same
-0.0167889943678959,-0.0008641180363413,-4,0.0002530420432587,-0.0170420364111546,0000093410-17-000013_same,same
-0.0031624717680621,0.0016785565287558,-3,0.0025881043538309,-0.0057505761218931,0000093410-17-000013_same,same
0.0125987200794743,0.0060480661608284,-2,0.006600838581636,0.0059978814978383,0000093410-17-000013_same,same
-0.0119945224262045,-0.001082200145408,-1,5.276658509277923e-05,-0.0120472890112973,0000093410-17-000013_same,same
0.0057982083357448,0.0004189867216857,0,0.001431379846339,0.0043668284894057,0000093410-17-000013_same,same
-0.0081065365340793,0.0014933641914423,1,0.0024180331803494,-0.0105245697144287,0000093410-17-000013_same,same
0.0148023490826292,0.0010179830611165,2,0.001981467457068,0.0128208816255611,0000093410-17-000013_same,same
0.0067109914752105,-0.0025783763780462,3,-0.0013212451656693,0.0080322366408798,0000093410-17-000013_same,same
0.012266573106626,0.0136738546598662,4,0.0136039728234015,-0.0013373997167755,0000093410-17-000013_same,same
-0.0045660856298828,-0.0058598805035984,5,-0.004334810767318,-0.0002312748625647,0000093410-17-000013_same,same
0.00300097177397,0.0134024582572458,-5,0.0068081193067458,-0.0038071475327757,0000093410-18-000010_same,same
0.0001777083711074,0.0120691127622993,-4,0.0062804330589486,-0.0061027246878412,0000093410-18-000010_same,same
-0.0034656234384445,0.0003734693722488,-3,0.0016517526460619,-0.0051173760845065,0000093410-18-000010_same,same
-0.0103443200228467,-0.0058413894593534,-2,-0.0008078465724952,-0.0095364734503515,0000093410-18-000010_same,same
-0.0173001394028072,-0.0054965031281792,-1,-0.0006713539869624,-0.0166287854158448,0000093410-18-000010_same,same
0.0076104555392193,0.0009735510790762,0,0.0018892416280607,0.0057212139111585,0000093410-18-000010_same,same
0.0245696964628063,0.0160283763505131,1,0.0078473554768987,0.0167223409859076,0000093410-18-000010_same,same
0.017852604500455,0.0117570153438109,2,0.006156917048782,0.0116956874516729,0000093410-18-000010_same,same
-0.0086387693605726,-0.0127068884438292,3,-0.0035249438380608,-0.0051138255225117,0000093410-18-000010_same,same
-0.0148756462698514,-0.011095788639207,4,-0.002887333245795,-0.0119883130240564,0000093410-18-000010_same,same
0.0010724592006885,-0.0133243995419872,5,-0.0037693306947271,0.0048417898954156,0000093410-18-000010_same,same
-0.0018586932845673,-0.0026516415551012,-5,-0.0019272237466465,6.853046207920478e-05,0000093410-19-000008_same,same
0.0100712547979207,0.0108787526085869,-4,0.0100687229131616,2.5318847590178467e-06,0000093410-19-000008_same,same
-0.0003353987502746,0.0014987433214488,-3,0.0017524765632221,-0.0020878753134968,0000093410-19-000008_same,same
0.0081305950444336,0.0017771107537685,-2,0.0019992750547913,0.0061313199896423,0000093410-19-000008_same,same
-0.0094782373728408,-0.0035264367908802,-1,-0.0027028106851869,-0.0067754266876538,0000093410-19-000008_same,same
0.0020984527710752,0.0064111023949868,0,0.0061077375191915,-0.0040092847481163,0000093410-19-000008_same,same
0.0019266364027441,0.0012318625699112,1,0.001515862077255,0.0004107743254891,0000093410-19-000008_same,same
0.0026752794888942,-0.0007904570968998,2,-0.0002771114724183,0.0029523909613125,0000093410-19-000008_same,same
0.0011668441935503,-0.0005440493877303,3,-5.8648233284029584e-05,0.0012254924268344,0000093410-19-000008_same,same
-0.004163699975475,-0.0028255083152146,4,-0.0020813727208007,-0.0020823272546743,0000093410-19-000008_same,same
0.0204884047299247,0.0068953205934343,5,0.0065370417663563,0.0139513629635684,0000093410-19-000008_same,same
-0.0033916376925593,-0.0016304457368023,-5,-0.0029824421507512,-0.0004091955418081,0000093410-20-000010_same,same
-0.0026273978160242,0.0018435333204338,-4,0.0002328692973512,-0.0028602671133755,0000093410-20-000010_same,same
0.0014534079808139,-0.0029199426368901,-3,-0.0041759249198854,0.0056293329006994,0000093410-20-000010_same,same
0.0045355724850757,0.0047057858811645,-2,0.0028820025460702,0.0016535699390055,0000093410-20-000010_same,same
-0.0083981515888179,-0.0038155197636281,-1,-0.0050048186296104,-0.0033933329592074,0000093410-20-000010_same,same
-0.0072853705570841,-0.0105181030271228,0,-0.0112083369421588,0.0039229663850746,0000093410-20-000010_same,same
-0.0394456199820808,-0.0335136266712231,1,-0.0324916461417278,-0.0069539738403529,0000093410-20-000010_same,same
-0.0382011442609323,-0.0302799955650561,2,-0.0294987866732915,-0.0087023575876408,0000093410-20-000010_same,same
-0.0265115473874369,-0.003778540605322,3,-0.0049705928875769,-0.02154095449986,0000093410-20-000010_same,same
-0.0398820173605388,-0.0441632425840791,4,-0.0423483065873844,0.0024662892268455,0000093410-20-000010_same,same
-0.0083926253122534,-0.0082383404443618,5,-0.00909832228446,0.0007056969722065,0000093410-20-000010_same,same
-0.0095912597013639,-0.0044158356273545,-5,-0.0044100844135138,-0.0051811752878501,0000093410-21-000009_same,same
0.0084211732297962,-0.0018548966445751,-4,-0.0016654510666837,0.01008662429648,0000093410-21-000009_same,same
0.0270352593188936,-0.0077328394581538,-3,-0.0079650146116922,0.0350002739305858,0000093410-21-000009_same,same
0.0126028115788781,0.0012563181187927,-2,0.0016689289580298,0.0109338826208482,0000093410-21-000009_same,same
0.0369369908161025,0.011351613765979,-1,0.0124883531089733,0.0244486377071291,0000093410-21-000009_same,same
-0.0092926084339005,-0.0244788075251262,0,-0.0259121592686423,0.0166195508347418,0000093410-21-000009_same,same
-0.0229601939328878,-0.0047502141699028,1,-0.0047684476953075,-0.0181917462375802,0000093410-21-000009_same,same
0.0204997701259797,0.0237907635068002,2,0.0258197543701692,-0.0053199842441895,0000093410-21-000009_same,same
0.0038218129276976,-0.0080808516908706,3,-0.0083379895187253,0.012159802446423,0000093410-21-000009_same,same
0.011226003996323,-0.0130662218719981,4,-0.0136809568199472,0.0249069608162702,0000093410-21-000009_same,same
0.0087846223361165,-0.0134172139301002,5,-0.0140571252931585,0.0228417476292751,0000093410-21-000009_same,same
0.0002977447212977,0.000881207755895,-5,0.0042737889585739,-0.0039760442372762,0000093410-22-000019_same,same
-0.0051377764702549,-0.021173138152195,-4,-0.0107165628604836,0.0055787863902287,0000093410-22-000019_same,same
-0.0014219019177109,-0.0071661613961429,-3,-0.0011960125630676,-0.0002258893546433,0000093410-22-000019_same,same
-0.007645043467359,-0.0101429452648328,-2,-0.003219334300512,-0.004425709166847,0000093410-22-000019_same,same
0.0237916577200909,-0.0184121228454876,-1,-0.0088398991408779,0.0326315568609689,0000093410-22-000019_same,same
-0.0051642082440011,0.0149568560673292,0,0.013841015352367,-0.0190052235963681,0000093410-22-000019_same,same
0.0410085575907455,0.0223726776556034,1,0.0188815536253618,0.0221270039653836,0000093410-22-000019_same,same
0.0257870502626775,-0.0024426034406476,2,0.0020145925433213,0.0237724577193562,0000093410-22-000019_same,same
0.0397221156930782,-0.0154735036804118,3,-0.0068425179748125,0.0465646336678908,0000093410-22-000019_same,same
0.0295218473537075,0.018642691757321,4,0.0163462800276593,0.0131755673260481,0000093410-22-000019_same,same
0.0134941472266514,-0.0052546664300883,5,0.0001032316838907,0.0133909155427606,0000093410-22-000019_same,same
-0.0105379816985101,0.002773175690496,-5,0.0032783416181871,-0.0138163233166972,0000093410-23-000009_same,same
-0.0144369792023186,-0.0137887414891306,-4,-0.0091985584857131,-0.0052384207166055,0000093410-23-000009_same,same
-0.0223330366337989,-0.0027674058253277,-3,-0.0008956487079743,-0.0214373879258245,0000093410-23-000009_same,same
-0.0113603026179637,-0.0200412342553273,-2,-0.0139088662839044,0.0025485636659407,0000093410-23-000009_same,same
-0.0040369439412047,-0.0015735561458868,-1,3.7364916920629935e-06,-0.0040406804328968,0000093410-23-000009_same,same
0.0098532510207229,0.0053294294160743,0,0.0052040922440565,0.0046491587766664,0000093410-23-000009_same,same
0.0029641954981518,-0.0105375514855581,1,-0.006749278462548,0.0097134739606999,0000093410-23-000009_same,same
0.0025246670832819,0.0030730045671669,2,0.0035042173366751,-0.0009795502533932,0000093410-23-000009_same,same
-0.0125906794398197,-0.0030360018281855,3,-0.0010979951790753,-0.0114926842607444,0000093410-23-000009_same,same
0.0079615907736418,-0.00472526484568,4,-0.0023705994126249,0.0103321901862668,0000093410-23-000009_same,same
0.0031472276558155,0.0075821940867943,5,0.0069012097606653,-0.0037539821048498,0000093410-23-000009_same,same
0.0011007369455777,-0.0048034698371121,-5,-0.0023463823946503,0.0034471193402281,0000093410-24-000013_same,same
-0.0040744909596787,-0.0060053220011653,-4,-0.0027284800537728,-0.0013460109059058,0000093410-24-000013_same,same
0.0093505638939621,0.0012641999229821,-3,-0.0004173244946827,0.0097678883886448,0000093410-24-000013_same,same
-6.416799333175405e-05,0.021122884217414,-2,0.0058962280445614,-0.0059603960378932,0000093410-24-000013_same,same
-0.0049541087692225,0.0003479475462115,-1,-0.0007086231242485,-0.004245485644974,0000093410-24-000013_same,same
-0.0013578275897295,-0.0037867513501905,0,-0.0020231431765013,0.0006653155867718,0000093410-24-000013_same,same
-0.0148268145521606,0.0017063496993998,1,-0.0002767544648539,-0.0145500600873066,0000093410-24-000013_same,same
0.0011828154323803,-0.0016581550604305,2,-0.001346411308922,0.0025292267413023,0000093410-24-000013_same,same
-0.0021660812748465,0.0052290946971491,3,0.0008432107501571,-0.0030092920250036,0000093410-24-000013_same,same
0.0052629743742622,0.0080078289488876,4,0.0017266370854993,0.0035363372887629,0000093410-24-000013_same,same
-0.0257183119256945,-0.0011932620709189,5,-0.0011986106655918,-0.0245197012601026,0000093410-24-000013_same,same
0.0063266126494534,0.0104262921222306,-5,0.0037561377428105,0.0025704749066428,0000093410-25-000009_same,same
0.0075891209228782,-7.194380749464546e-05,-4,0.0004744227221562,0.0071146982007219,0000093410-25-000009_same,same
0.0052785684124556,0.0024449877750611,-3,0.0012612074958767,0.0040173609165789,0000093410-25-000009_same,same
0.006851905845153,0.0023769693899173,-2,0.0012399451659289,0.005611960679224,0000093410-25-000009_same,same
0.0099217938783378,-0.0043341850761716,-1,-0.0008579402849909,0.0107797341633287,0000093410-25-000009_same,same
-0.0117764663057046,-0.0170641267025635,0,-0.0048372793784376,-0.0069391869272669,0000093410-25-000009_same,same
0.0061814206302714,-0.0049691065044024,1,-0.0010564146955402,0.0072378353258117,0000093410-25-000009_same,same
-0.009310263115014,-0.0046797309154723,2,-0.0009659568106957,-0.0083443063043183,0000093410-25-000009_same,same
-0.0081830090074739,0.0001360242800469,3,0.0005394328820794,-0.0087224418895533,0000093410-25-000009_same,same
0.0098621038101542,-0.0158645536555098,4,-0.0044622966753206,0.0143244004854749,0000093410-25-000009_same,same
0.0124462854990221,0.0158541446349889,5,0.0054528671019383,0.0069934183970837,0000093410-25-000009_same,same
-0.0077490514719151,0.0010313220779065,-5,0.0006573299914416,-0.0084063814633568,0000093410-26-000078_same,same
0.0183883087040344,0.0055660701474107,-4,0.0013839276950223,0.017004381009012,0000093410-26-000078_same,same
0.0049490472171749,-0.0028221256867719,-3,3.98962875689001e-05,0.004909150929606,0000093410-26-000078_same,same
-0.0046000282111302,0.0069397247635067,-2,0.0016040268657525,-0.0062040550768828,0000093410-26-000078_same,same
0.0053281348015064,-0.0103856522472848,-1,-0.0011719992677317,0.0065001340692381,0000093410-26-000078_same,same
0.0023254458189521,0.0076516140863223,0,0.0017180921102233,0.0006073537087287,0000093410-26-000078_same,same
-0.0060429596984329,0.0081363556573399,1,0.0017957617198539,-0.0078387214182869,0000093410-26-000078_same,same
-0.000325633421085,-0.0053655805693283,2,-0.0003676386953014,4.200527421637477e-05,0000093410-26-000078_same,same
0.0141181332816018,-0.0043393528110311,3,-0.0002032073484876,0.0143213406300895,0000093410-26-000078_same,same
0.0152066547089588,0.0003983547353176,4,0.0005559103291985,0.0146507443797603,0000093410-26-000078_same,same
-0.0043775672657523,-0.0094440310956254,5,-0.0010211243445932,-0.003356442921159,0000093410-26-000078_same,same
0.014534295370431,-0.0015822634216101,-5,-0.0016391804681002,0.0161734758385313,0001001039-16-000516_same,same
0.0025223176618207,0.0046763696083751,-4,0.0025183279586492,3.989703171493504e-06,0001001039-16-000516_same,same
-0.0113719948938932,-0.0023867984216902,-3,-0.0021736200216613,-0.0091983748722319,0001001039-16-000516_same,same
-0.0062090870555897,0.0074614006258433,-2,0.0043683788992314,-0.0105774659548211,0001001039-16-000516_same,same
0.000819310764573,0.0021654322729041,-1,0.0008503530060923,-3.104224151927225e-05,0001001039-16-000516_same,same
0.0056291248737929,0.0008080244329033,0,-5.135100919356013e-05,0.0056804758829865,0001001039-16-000516_same,same
0.0056990774519356,0.0039143868916706,1,0.0020121551968722,0.0036869222550633,0001001039-16-000516_same,same
0.0015179179679085,-0.0052545356315027,2,-0.0040786113445871,0.0055965293124957,0001001039-16-000516_same,same
0.0070727416861717,0.0013352930642269,3,0.0002989049919788,0.0067738366941928,0001001039-16-000516_same,same
-0.0055180962318764,-0.0026534040390964,4,-0.0023507218098113,-0.0031673744220651,0001001039-16-000516_same,same
-0.0018159885182879,-0.0035155289737457,5,-0.0029234174229816,0.0011074289046937,0001001039-16-000516_same,same
0.0050402933322011,-0.0055256757232663,-5,-0.0048788489757648,0.0099191423079659,0001001039-17-000198_same,same
-0.0008681923263502,0.0081960580632411,-4,0.0044881627109032,-0.0053563550372535,0001001039-17-000198_same,same
-0.0015442168472845,-0.0026259630899742,-3,-0.0028993875937976,0.001355170746513,0001001039-17-000198_same,same
-0.0066704936220475,0.0012756828808564,-2,-0.0002359659027319,-0.0064345277193155,0001001039-17-000198_same,same
0.002433046567241,0.0065411392958598,-1,0.0033584480789382,-0.0009254015116971,0001001039-17-000198_same,same
-0.0025243060573605,-0.0007502611166068,0,-0.0016189573960834,-0.000905348661277,0001001039-17-000198_same,same
-0.0009733134288355,0.0020560951489239,1,0.0002967751450935,-0.0012700885739291,0001001039-17-000198_same,same
0.0014613925362336,-0.0003842577408796,2,-0.0013691086560381,0.0028305011922718,0001001039-17-000198_same,same
0.0060316872870125,0.0098485127187901,3,0.00561619524025,0.0004154920467625,0001001039-17-000198_same,same
0.0176965491642366,-0.0003692257021979,4,-0.0013588471771174,0.0190553963413541,0001001039-17-000198_same,same
-0.0039907296584664,0.0081909504338029,5,0.0044846760360133,-0.0084754056944798,0001001039-17-000198_same,same
0.002310647084224,-0.0075674106903027,-5,-0.0058559703567749,0.0081666174409989,0001001039-18-000187_same,same
-8.546346039550734e-05,0.0105937533662663,-4,0.0119331917257626,-0.0120186551861581,0001001039-18-000187_same,same
-0.0078557708599388,0.0022233054237545,-3,0.0037341988259146,-0.0115899696858534,0001001039-18-000187_same,same
-0.0066272105957997,-0.0166431085884942,-2,-0.0147457673114297,0.0081185567156299,0001001039-18-000187_same,same
-0.0307570497467178,-0.0181512408324661,-1,-0.0162230079137584,-0.0145340418329594,0001001039-18-000187_same,same
0.0103691783375976,0.0030432907461763,0,0.0045373880796666,0.005831790257931,0001001039-18-000187_same,same
-0.0084049332272461,-0.0065548423901612,1,-0.004864142875081,-0.003540790352165,0001001039-18-000187_same,same
0.0041933983607409,0.0155323683669224,2,0.0167706472124413,-0.0125772488517003,0001001039-18-000187_same,same
0.0119946303195528,0.0032616921440038,3,0.0047513158792781,0.0072433144402747,0001001039-18-000187_same,same
0.0193151793574517,0.0229739796442216,4,0.0240598291588613,-0.0047446498014095,0001001039-18-000187_same,same
0.0043929198899663,-0.0021831080910337,5,-0.0005819564586856,0.004974876348652,0001001039-18-000187_same,same
0.0731705645193536,0.0007115345908383,-5,-9.368038555388696e-05,0.0732642449049075,0001744489-19-000225_same,same
-0.0105565716159334,0.0008370427393644,-4,1.4529436018458203e-05,-0.0105711010519519,0001744489-19-000225_same,same
-0.0168534526537224,0.0076954880069026,-3,0.0059277003924827,-0.0227811530462051,0001744489-19-000225_same,same
0.0205984543498727,0.0005031528617669,-2,-0.0002733416265694,0.0208717959764421,0001744489-19-000225_same,same
0.0049441362676827,-0.000592594446206,-1,-0.0012180661092152,0.006162202376898,0001744489-19-000225_same,same
-0.0097722966428249,-0.0037561842457471,0,-0.0039456299507399,-0.005826666692085,0001744489-19-000225_same,same
-0.0002040834138694,-0.0015827522106851,1,-0.0020717540671767,0.0018676706533073,0001744489-19-000225_same,same
0.0094622856296056,0.0021749356911917,2,0.0011680255181477,0.0082942601114578,0001744489-19-000225_same,same
0.0094410651153664,0.0075072913530158,3,0.0057654421919056,0.0036756229234608,0001744489-19-000225_same,same
0.0130267520873676,0.0021955703874654,4,0.0011858162100525,0.0118409358773151,0001744489-19-000225_same,same
-0.0010551244584343,0.0041744243627546,5,0.0028919320128785,-0.0039470564713129,0001744489-19-000225_same,same
-0.0041524908519299,-0.011563829610944,-5,-0.0116709708401261,0.0075184799881961,0001744489-20-000197_same,same
-0.0151492996569947,0.0039464424674215,-4,0.0031264191308168,-0.0182757187878115,0001744489-20-000197_same,same
-0.0045865263487065,-0.0067925629151801,-3,-0.0071190007911242,0.0025324744424176,0001744489-20-000197_same,same
0.0348054445841425,0.0056359306172162,-2,0.0047382551371412,0.0300671894470013,0001744489-20-000197_same,same
0.0377449476366245,0.0161616682734162,-1,0.014780209529926,0.0229647381066985,0001744489-20-000197_same,same
-0.0158426182939704,-0.0015844182375249,0,-0.0021502325173651,-0.0136923857766053,0001744489-20-000197_same,same
-0.0131464276922725,0.0023969791981541,1,0.0016481721906497,-0.0147945998829223,0001744489-20-000197_same,same
0.0059809616838726,-0.0045955486401709,2,-0.0050229655420465,0.0110039272259192,0001744489-20-000197_same,same
0.0096616112758387,0.0112711871947761,3,0.0101145044216903,-0.0004528931458516,0001744489-20-000197_same,same
0.0279041548774481,0.0017911667548251,4,0.0010702040590853,0.0268339508183627,0001744489-20-000197_same,same
-0.0024086688308827,-0.0006241572130915,5,-0.0012341069471206,-0.001174561883762,0001744489-20-000197_same,same
-0.0094442625119336,-0.0026016253744634,-5,-0.0044675114172451,-0.0049767510946885,0001744489-21-000220_same,same
-0.0111229914000778,0.0033847802152713,-4,0.0029022113033915,-0.0140252027034694,0001744489-21-000220_same,same
-0.0101557240696334,-0.0013986655593032,-3,-0.0029865759629216,-0.0071691481067118,0001744489-21-000220_same,same
0.0010390013323988,-0.0031971365563219,-2,-0.0052006311869549,0.0062396325193538,0001744489-21-000220_same,same
-0.0203034548939439,0.0016571329129451,-1,0.000775345459381,-0.0210788003533249,0001744489-21-000220_same,same
0.0020524887768034,0.0022938506357221,0,0.0015591936296802,0.0004932951471232,0001744489-21-000220_same,same
-0.0213427376052363,-0.0227248226375824,1,-0.0292407049235731,0.0078979673183368,0001744489-21-000220_same,same
-0.0020254805495638,0.0132001995370349,2,0.0149857425148781,-0.017011223064442,0001744489-21-000220_same,same
-0.0196873138716006,-0.0189613103345052,3,-0.0246075336969284,0.0049202198253278,0001744489-21-000220_same,same
-0.0189787614690956,-0.0118151874178892,4,-0.0158101103293311,-0.0031686511397644,0001744489-21-000220_same,same
0.035525797479605,0.0141944361315831,5,0.0162097237354446,0.0193160737441603,0001744489-21-000220_same,same
0.0629630156635649,-0.0038836886983297,-5,-0.0037223059828855,0.0666853216464505,0001744489-22-000213_same,same
-0.0140398299453579,0.013579987927526,-4,0.0166294417173814,-0.0306692716627393,0001744489-22-000213_same,same
0.0277518325593932,0.0059146891478476,-3,0.0076964873256235,0.0200553452337697,0001744489-22-000213_same,same
-0.0001013056975422,-0.0002830441976333,-2,0.0004737983086949,-0.0005751040062372,0001744489-22-000213_same,same
-0.032163321011466,-0.0154441929131232,-1,-0.0171946388774956,-0.0149686821339703,0001744489-22-000213_same,same
-0.0104503643055777,-0.0015918653377758,0,-0.0010514702930793,-0.0093988940124984,0001744489-22-000213_same,same
0.0335831342147818,0.030947872397389,1,0.0368695555485499,-0.003286421333768,0001744489-22-000213_same,same
0.0073566609302844,-0.0008676332180498,2,-0.0002074676415831,0.0075641285718675,0001744489-22-000213_same,same
0.0085203444054231,-0.0011946604880656,3,-0.0005885773376143,0.0091089217430375,0001744489-22-000213_same,same
-0.0352007146665475,-0.0178942122835648,4,-0.0200498323832073,-0.0151508822833401,0001744489-22-000213_same,same
-0.0379443645177566,-0.014399194981406,5,-0.0159768234821898,-0.0219675410355667,0001744489-22-000213_same,same
0.0182243651323692,0.0190750177036618,-5,0.0157876733480902,0.0024366917842789,0001744489-23-000216_same,same
0.0314045730687844,0.0015970120755575,-4,0.0006920526443906,0.0307125204243938,0001744489-23-000216_same,same
0.00617473528232,0.0011904273935798,-3,0.0003408885428526,0.0058338467394673,0001744489-23-000216_same,same
-0.0038091431925614,0.001282049060336,-2,0.0004200214805012,-0.0042291646730627,0001744489-23-000216_same,same
0.0093468145167188,0.0073902780973298,-1,0.005695652503615,0.0036511620131037,0001744489-23-000216_same,same
-0.006103426958021,-0.0020209310950652,0,-0.0024327373913467,-0.0036706895666742,0001744489-23-000216_same,same
0.0065643868019433,0.0040611292209464,1,0.0028202919062239,0.0037440948957194,0001744489-23-000216_same,same
0.0104135653959143,0.000596873667884,2,-0.0001717593015881,0.0105853246975024,0001744489-23-000216_same,same
-0.0092651640725763,-0.00195415746009,3,-0.0023750655100096,-0.0068900985625666,0001744489-23-000216_same,same
-0.0280550996531466,0.0009801185306033,4,0.000159246375338,-0.0282143460284847,0001744489-23-000216_same,same
0.0,-0.0009462486392383,5,-0.0015045423171903,0.0015045423171903,0001744489-23-000216_same,same
0.0004044583420144,0.0074312297274883,-5,0.0045138121372112,-0.0041093537951968,0001744489-24-000276_same,same
0.0009096830780008,0.0037568333092317,-4,0.0017480197115918,-0.0008383366335909,0001744489-24-000276_same,same
0.018582236199667,0.0009690634297987,-3,-0.0003503910038649,0.0189326272035319,0001744489-24-000276_same,same
0.001288834259862,-0.0028926596513724,-2,-0.0032571879936166,0.0045460222534786,0001744489-24-000276_same,same
0.0171303319497551,0.0002322277248243,-1,-0.0009050221268483,0.0180353540766035,0001744489-24-000276_same,same
0.0623053918453508,-0.006049734794859,0,-0.0056335822431814,0.0679389740885323,0001744489-24-000276_same,same
0.0546187379048113,-0.0132034898513612,1,-0.0110183582166454,0.0656370961214567,0001744489-24-000276_same,same
-0.0133820053679718,0.003917814394541,2,0.0018691934271453,-0.0152511987951172,0001744489-24-000276_same,same
-0.0098643538743348,0.00396358482847,3,0.0019036457575605,-0.0117679996318953,0001744489-24-000276_same,same
0.0163671708759418,2.195086225209586e-05,4,-0.0010633017699744,0.0174304726459163,0001744489-24-000276_same,same
0.0040259001237308,0.0053404615405816,5,0.0029400486787175,0.0010858514450133,0001744489-24-000276_same,same
-0.0078125005429933,-0.011178189042419,-5,-0.0110840376250544,0.0032715370820611,0001744489-25-000155_same,same
0.0022626982829383,0.001261841800771,-4,-2.3644102863832435e-05,0.0022863423858021,0001744489-25-000155_same,same
0.0135451907656942,0.0154010186217099,-3,0.0125474549314306,0.0009977358342636,0001744489-25-000155_same,same
0.0232537436034363,0.0020753505173405,-2,0.0006996440185572,0.0225540995848791,0001744489-25-000155_same,same
0.0156726802680358,0.0006295171887717,-1,-0.000585841988917,0.0162585222569528,0001744489-25-000155_same,same
-0.0774968260896163,-0.0165568549615969,0,-0.0158661931068528,-0.0616306329827635,0001744489-25-000155_same,same
-0.0168199931886845,-0.0005017255648851,1,-0.0015916264746863,-0.0152283667139981,0001744489-25-000155_same,same
-0.0010396883393012,-0.0091622661768078,2,-0.0092916867470622,0.0082519984077609,0001744489-25-000155_same,same
0.0055823140503492,-0.0082564366909679,3,-0.0084863165109524,0.0140686305613017,0001744489-25-000155_same,same
-0.0151486760693316,0.0037538357962292,4,0.0021919801662505,-0.0173406562355822,0001744489-25-000155_same,same
-0.0188210389290983,-0.0155672835632704,5,-0.0149863681914839,-0.0038346707376143,0001744489-25-000155_same,same
0.0276115854965994,-0.0008641180363413,-5,-0.0014089478640118,0.0290205333606113,0001326160-17-000016_same,same
-0.0068445410614994,0.0016785565287558,-4,0.0008176233013382,-0.0076621643628377,0001326160-17-000016_same,same
0.0093165374576398,0.0060480661608284,-3,0.0046439187648007,0.004672618692839,0001326160-17-000016_same,same
0.0098618165098953,-0.001082200145408,-2,-0.0015999181684275,0.0114617346783229,0001326160-17-000016_same,same
0.0130214287126046,0.0004189867216857,-1,-0.0002853577296064,0.0133067864422111,0001326160-17-000016_same,same
0.0129775487914682,0.0014933641914423,0,0.0006554539368563,0.0123220948546118,0001326160-17-000016_same,same
-0.0012204578209189,0.0010179830611165,1,0.000239171833018,-0.001459629653937,0001326160-17-000016_same,same
0.0084288437717248,-0.0025783763780462,2,-0.0029100908911201,0.0113389346628449,0001326160-17-000016_same,same
-0.0075101975938073,0.0136738546598662,3,0.0113216749425236,-0.0188318725363309,0001326160-17-000016_same,same
0.0052484082595452,-0.0058598805035984,4,-0.0057836408786911,0.0110320491382363,0001326160-17-000016_same,same
-0.0054639939518841,0.00050387727206,5,-0.0002110207089477,-0.0052529732429364,0001326160-17-000016_same,same
0.0035153329351613,0.002612929746329,-5,-0.0011063826020241,0.0046217155371855,0001326160-18-000034_same,same
-0.0207576872483189,0.0134024582572458,-4,-0.0017008141647917,-0.0190568730835271,0001326160-18-000034_same,same
0.0215846429469335,0.0120691127622993,-3,-0.0016273556586607,0.0232119986055942,0001326160-18-000034_same,same
0.0065615264838638,0.0003734693722488,-2,-0.0009830031671792,0.007544529651043,0001326160-18-000034_same,same
-0.0131681857014017,-0.0058413894593534,-1,-0.0006406056060706,-0.0125275800953311,0001326160-18-000034_same,same
-0.0047562200622839,-0.0054965031281792,0,-0.0006596065587637,-0.0040966135035201,0001326160-18-000034_same,same
0.0027879640810564,0.0009735510790762,1,-0.0010160636949322,0.0038040277759886,0001326160-18-000034_same,same
0.0222397857486544,0.0160283763505131,2,-0.0018454848604853,0.0240852706091398,0001326160-18-000034_same,same
0.0090648527094325,0.0117570153438109,3,-0.0016101611578982,0.0106750138673308,0001326160-18-000034_same,same
-0.0204054186565245,-0.0127068884438292,4,-0.0002623620816764,-0.0201430565748481,0001326160-18-000034_same,same
-0.0129700936667283,-0.011095788639207,5,-0.000351123010726,-0.0126189706560022,0001326160-18-000034_same,same
0.0083284586499565,-0.0035264367908802,-5,0.0003278851590011,0.0080005734909554,0001326160-19-000057_same,same
0.0035721046072645,0.0064111023949868,-4,0.001703457307207,0.0018686473000574,0001326160-19-000057_same,same
-0.0047826557057623,0.0012318625699112,-3,0.0009865375628919,-0.0057691932686542,0001326160-19-000057_same,same
-0.0067055700629394,-0.0007904570968998,-2,0.0007066044168279,-0.0074121744797674,0001326160-19-000057_same,same
0.0045005973539022,-0.0005440493877303,-1,0.0007407126176105,0.0037598847362917,0001326160-19-000057_same,same
0.0042559914160396,-0.0028255083152146,0,0.0004249089463771,0.0038310824696624,0001326160-19-000057_same,same
-0.0014493656291854,0.0068953205934343,1,0.001770483666045,-0.0032198492952304,0001326160-19-000057_same,same
0.0039087281590211,-0.003880558492514,2,0.0002788669925585,0.0036298611664625,0001326160-19-000057_same,same
-0.0038935094888447,-0.0011315328231061,3,0.0006593920979003,-0.004552901586745,0001326160-19-000057_same,same
0.0004467117896023,-0.0065240986535923,4,-8.705661792789946e-05,0.0005337684075302,0001326160-19-000057_same,same
0.0001111696502729,-0.0081257175586835,5,-0.0003087556036301,0.000419925253903,0001326160-19-000057_same,same
0.0095890253716333,0.0064626464661976,-5,0.0019931559448537,0.0075958694267796,0001326160-20-000034_same,same
0.0323276645309935,-0.0016304457368023,-4,-0.0004770370181928,0.0328047015491864,0001326160-20-000034_same,same
0.0116868468642106,0.0018435333204338,-3,0.0005832991803463,0.0111035476838643,0001326160-20-000034_same,same
0.0073069197912607,-0.0029199426368901,-2,-0.00087062034686,0.0081775401381207,0001326160-20-000034_same,same
-0.005881081477493,0.0047057858811645,-1,0.0014569227542082,-0.0073380042317012,0001326160-20-000034_same,same
9.842478604005224e-05,-0.0038155197636281,0,-0.0011439705399436,0.0012423953259837,0001326160-20-000034_same,same
0.0098590771478295,-0.0105181030271228,1,-0.0031897490380041,0.0130488261858336,0001326160-20-000034_same,same
-0.0012690201653493,-0.0335136266712231,2,-0.0102084977761157,0.0089394776107664,0001326160-20-000034_same,same
-0.0296189045191371,-0.0302799955650561,3,-0.0092215211541787,-0.0203973833649584,0001326160-20-000034_same,same
-0.0033245126580194,-0.003778540605322,4,-0.0011326836727814,-0.002191828985238,0001326160-20-000034_same,same
-0.0399230475326256,-0.0441632425840791,5,-0.0134589990217748,-0.0264640485108507,0001326160-20-000034_same,same
0.0036996944167171,-0.0044158356273545,-5,-0.0010428112385179,0.004742505655235,0001326160-21-000063_same,same
-0.0122865061629936,-0.0018548966445751,-4,0.0003115993886286,-0.0125981055516222,0001326160-21-000063_same,same
-0.0009044371783905,-0.0077328394581538,-3,-0.0027970838974645,0.0018926467190739,0001326160-21-000063_same,same
0.0078096327338834,0.0012563181187927,-2,0.0019570358348603,0.0058525968990231,0001326160-21-000063_same,same
-0.0190926760277104,0.011351613765979,-1,0.0072961617572966,-0.0263888377850071,0001326160-21-000063_same,same
-0.0025184855501135,-0.0244788075251262,0,-0.011653568672884,0.0091350831227704,0001326160-21-000063_same,same
-0.0175622528414777,-0.0047502141699028,1,-0.0012196549097504,-0.0163425979317272,0001326160-21-000063_same,same
0.0169414210873513,0.0237907635068002,2,0.0138748880428212,0.00306653304453,0001326160-21-000063_same,same
0.0022975804147731,-0.0080808516908706,3,-0.0029811380547631,0.0052787184695362,0001326160-21-000063_same,same
0.0003439118738519,-0.0130662218719981,4,-0.0056177640731816,0.0059616759470336,0001326160-21-000063_same,same
-0.0092815641822112,-0.0134172139301002,5,-0.0058033941786758,-0.0034781700035353,0001326160-21-000063_same,same
0.0021148514529962,0.000881207755895,-5,-2.9938564654733856e-05,0.002144790017651,0001326160-22-000072_same,same
0.0020806528468331,-0.021173138152195,-4,-0.0040390014561972,0.0061196543030303,0001326160-22-000072_same,same
0.0109389413394895,-0.0071661613961429,-3,-0.0014927980471544,0.012431739386644,0001326160-22-000072_same,same
-0.0036067373989107,-0.0101429452648328,-2,-0.0020339210436759,-0.0015728163552347,0001326160-22-000072_same,same
-0.0178985901604268,-0.0184121228454876,-1,-0.0035371011026237,-0.014361489057803,0001326160-22-000072_same,same
-0.0064502942044768,0.0149568560673292,0,0.00252874803412,-0.0089790422385968,0001326160-22-000072_same,same
0.0327699550965521,0.0223726776556034,1,0.0038768041162976,0.0288931509802544,0001326160-22-000072_same,same
0.0018960425654768,-0.0024426034406476,2,-0.0006341445647821,0.0025301871302589,0001326160-22-000072_same,same
-0.0057763669934274,-0.0154735036804118,3,-0.0030029157272706,-0.0027734512661567,0001326160-22-000072_same,same
0.0096163718091781,0.018642691757321,4,0.0031987632388624,0.0064176085703157,0001326160-22-000072_same,same
0.018354822525743,-0.0052546664300883,5,-0.0011453244214248,0.0195001469471678,0001326160-22-000072_same,same
0.0122087074977779,-0.0027674058253277,-5,-0.0026192561007197,0.0148279635984976,0001326160-23-000073_same,same
-0.0181926064441887,-0.0200412342553273,-4,-0.014841974118281,-0.0033506323259076,0001326160-23-000073_same,same
-0.0021500177642013,-0.0015735561458868,-3,-0.0017745048606402,-0.000375512903561,0001326160-23-000073_same,same
-0.0064636823203721,0.0053294294160743,-2,0.0031099506232765,-0.0095736329436487,0001326160-23-000073_same,same
0.000826124865241,-0.0105375514855581,-1,-0.0081173018724048,0.0089434267376459,0001326160-23-000073_same,same
-0.0114526607389875,0.0030730045671669,0,0.0015133361398238,-0.0129659968788114,0001326160-23-000073_same,same
-0.0161776945200545,-0.0030360018281855,1,-0.0028093108541797,-0.0133683836658747,0001326160-23-000073_same,same
-0.0249311743874108,-0.00472526484568,2,-0.0040046096036146,-0.0209265647837962,0001326160-23-000073_same,same
0.0202371999480091,0.0075821940867943,3,0.004703975216129,0.01553322473188,0001326160-23-000073_same,same
0.0172763569414757,0.0161477371607488,4,0.0107648330094366,0.0065115239320391,0001326160-23-000073_same,same
0.0061852829528648,0.0006871667698291,5,-0.0001748491255718,0.0063601320784366,0001326160-23-000073_same,same
0.022643088943741,0.0058212506847294,-5,0.0036877687591289,0.018955320184612,0001326160-24-000037_same,same
-0.0051972704748285,-0.0048034698371121,-4,-0.0024692945696397,-0.0027279759051888,0001326160-24-000037_same,same
0.0006532346336298,-0.0060053220011653,-3,-0.0031657721730441,0.0038190068066739,0001326160-24-000037_same,same
0.0114203749710668,0.0012641999229821,-2,0.0010469416357413,0.0103734333353254,0001326160-24-000037_same,same
-0.0092481820877702,0.021122884217414,-1,0.0125551198109211,-0.0218033018986913,0001326160-24-000037_same,same
0.0065126253932763,0.0003479475462115,0,0.0005159701247906,0.0059966552684856,0001326160-24-000037_same,same
-0.022430710443431,-0.0037867513501905,1,-0.0018801025905531,-0.0205506078528778,0001326160-24-000037_same,same
0.0022060414941733,0.0017063496993998,2,0.0013031690036621,0.0009028724905112,0001326160-24-000037_same,same
-0.0012107301847119,-0.0016581550604305,3,-0.000646573470376,-0.0005641567143358,0001326160-24-000037_same,same
0.0120123974485237,0.0052290946971491,4,0.0033446122583488,0.0086677851901749,0001326160-24-000037_same,same
-0.0105629048970352,0.0080078289488876,5,0.0049548986396801,-0.0155178035367154,0001326160-24-000037_same,same
0.0122549597639329,-0.0043341850761716,-5,-0.0002662143717172,0.0125211741356502,0001326160-25-000072_same,same
0.0211206403927275,-0.0170641267025635,-4,-0.0001943763646484,0.021315016757376,0001326160-25-000072_same,same
0.0032020690463527,-0.0049691065044024,-3,-0.0002626313631388,0.0034647004094916,0001326160-25-000072_same,same
0.0118185486255919,-0.0046797309154723,-2,-0.000264264376566,0.012082813002158,0001326160-25-000072_same,same
-0.0083554336394263,0.0001360242800469,-1,-0.0002914407977885,-0.0080639928416377,0001326160-25-000072_same,same
-0.0036110623328944,-0.0158645536555098,0,-0.000201145833006,-0.0034099164998883,0001326160-25-000072_same,same
0.013806210623884,0.0158541446349889,1,-0.000380141789066,0.0141863524129501,0001326160-25-000072_same,same
0.0100434683796235,-0.0175967394669998,2,-0.0001913707075402,0.0102348390871638,0001326160-25-000072_same,same
-0.0190443994758012,-0.0122348266022004,3,-0.0002216292229041,-0.0188227702528971,0001326160-25-000072_same,same
-0.0101365774431962,0.0111592778931879,4,-0.0003536475693687,-0.0097829298738275,0001326160-25-000072_same,same
-0.0033846511420911,-0.0178190070857499,5,-0.0001901163999216,-0.0031945347421695,0001326160-25-000072_same,same
0.0090226992823456,-0.0028221256867719,-5,0.0008773450131023,0.0081453542692433,0001326160-26-000014_same,same
0.0032443941532838,0.0069397247635067,-4,-0.0014311136113431,0.004675507764627,0001326160-26-000014_same,same
0.0079666388959545,-0.0103856522472848,-3,0.002665949356999,0.0053006895389554,0001326160-26-000014_same,same
0.0052429735880048,0.0076516140863223,-2,-0.0015994594649571,0.006842433052962,0001326160-26-000014_same,same
0.0036586205256576,0.0081363556573399,-1,-0.0017140899713291,0.0053727104969868,0001326160-26-000014_same,same
0.0023269075737932,-0.0053655805693283,0,0.0014788150304347,0.0008480925433585,0001326160-26-000014_same,same
0.0125358060978719,-0.0043393528110311,1,0.0012361351890099,0.011299670908862,0001326160-26-000014_same,same
0.0059609728210821,0.0003983547353176,2,0.0001157736447334,0.0058451991763486,0001326160-26-000014_same,same
-0.00151945192159,-0.0094440310956254,3,0.0024432770798954,-0.0039627290014855,0001326160-26-000014_same,same
0.0034240284459565,0.0077560492642863,4,-0.0016241560415431,0.0050481844874997,0001326160-26-000014_same,same
-0.002047288960886,-0.005646704863891,5,0.0015452946190772,-0.0035925835799632,0001326160-26-000014_same,same
-0.0139442598089699,-0.0008664638929263,-5,-0.00124247303711,-0.0127017867718599,0001652044-17-000008_same,same
-0.0250878292314458,-0.0060095435176958,-4,-0.0067866763065364,-0.0183011529249093,0001652044-17-000008_same,same
-0.0044184346731521,-0.000889905407144,-3,-0.0012677428227731,-0.003150691850379,0001652044-17-000008_same,same
-0.0060350860982014,0.0002983634896507,-2,1.3202599661876444e-05,-0.0060482886978633,0001652044-17-000008_same,same
0.0037043709782516,0.0005703094032936,-1,0.000306358361098,0.0033980126171535,0001652044-17-000008_same,same
0.0022853909209175,0.0072647580986477,0,0.0075229264587488,-0.0052375355378313,0001652044-17-000008_same,same
0.001816818730306,-0.0021153569858851,1,-0.0025887709119862,0.0044055896422922,0001652044-17-000008_same,same
0.0092621331319264,0.0002268291856959,2,-6.391087140946816e-05,0.0093260440033359,0001652044-17-000008_same,same
0.0007838249879208,0.00069332238554,3,0.0004389654813666,0.0003448595065542,0001652044-17-000008_same,same
0.0002167078906638,0.0057525464497805,4,0.0058927730527357,-0.0056760651620718,0001652044-17-000008_same,same
0.0057707896145271,0.0035660501028451,5,0.0035357455362093,0.0022350440783177,0001652044-17-000008_same,same
-0.0076782346954136,-0.0108988156202839,-5,-0.0145252907609182,0.0068470560655046,0001652044-18-000007_same,same
0.004119435365482,0.0004889853730833,-4,0.000940386865563,0.003179048499919,0001652044-18-000007_same,same
-0.0005328500873608,-0.0006480882520516,-3,-0.0006038633486929,7.101326133218265e-05,0001652044-18-000007_same,same
-0.0528019234808089,-0.021208547923968,-2,-0.0285268522842507,-0.0242750711965581,0001652044-18-000007_same,same
-0.0507593229264192,-0.0409792248042282,-1,-0.0553772437922795,0.0046179208658602,0001652044-18-000007_same,same
0.0207455547466517,0.0174409205923138,0,0.0239626688143179,-0.0032171140676661,0001652044-18-000007_same,same
-0.0267605643806116,-0.0050015884169394,1,-0.0065163156418269,-0.0202442487387847,0001652044-18-000007_same,same
-0.0451956221505027,-0.037536419758088,2,-0.0507015989504493,0.0055059767999465,0001652044-18-000007_same,same
0.0382648529978699,0.0149360902084947,3,0.0205608795445787,0.0177039734532911,0001652044-18-000007_same,same
0.0079235717665639,0.0139145847540425,4,0.0191735814998156,-0.0112500097332516,0001652044-18-000007_same,same
-0.0003982605661201,0.002612929746329,5,0.0038248980185353,-0.0042231585846555,0001652044-18-000007_same,same
-0.0090754084404536,-0.0014562465775435,-5,-0.0019490061054628,-0.0071264023349907,0001652044-19-000004_same,same
0.0261015322223312,0.0155492609197442,-4,0.0200818737325553,0.0060196584897759,0001652044-19-000004_same,same
0.0254100752529475,0.0085973959487253,-3,0.0110756325573905,0.014334442695557,0001652044-19-000004_same,same
-0.0064571720497867,0.0008986100931438,-2,0.0011017446207911,-0.0075589166705779,0001652044-19-000004_same,same
0.0203821706922968,0.006776236617404,-1,0.0087162944194005,0.0116658762728962,0001652044-19-000004_same,same
0.0091553204706298,0.0047084203769747,0,0.0060374087038601,0.0031179117667696,0001652044-19-000004_same,same
-0.025158941760337,-0.0022244379802809,1,-0.0029442091294834,-0.0222147326308535,0001652044-19-000004_same,same
-0.0151218028626234,-0.0093571401439401,2,-0.0121847274917264,-0.0029370753708969,0001652044-19-000004_same,same
-0.0031918516583964,0.000676201086956,3,0.0008136105506379,-0.0040054622090343,0001652044-19-000004_same,same
-0.0002358708241134,0.0007091030986317,4,0.0008562355805448,-0.0010921064046583,0001652044-19-000004_same,same
0.0231008775053125,0.0128902247439735,5,0.0166370540773528,0.0064638234279596,0001652044-19-000004_same,same
0.0131097354652078,0.010053584595046,-5,0.0126247493223647,0.0004849861428431,0001652044-20-000008_same,same
0.0042745671590562,-0.0008668741908683,-4,-0.0007509969261779,0.0050255640852342,0001652044-20-000008_same,same
-0.0016819922249364,0.0031343587926053,-3,0.0041498481864171,-0.0058318404113536,0001652044-20-000008_same,same
-0.0147633601063137,-0.0177058203755262,-2,-0.0213759061607022,0.0066125460543885,0001652044-20-000008_same,same
0.0347713667678704,0.0072546138923517,-1,0.009196475601426,0.0255748911664443,0001652044-20-000008_same,same
-0.0250842071107904,0.0149804141640821,0,0.0186592963516748,-0.0437435034624652,0001652044-20-000008_same,same
0.0004425924171438,0.0112505958978537,1,0.0140908891390951,-0.0136482967219513,0001652044-20-000008_same,same
0.0206909099586003,0.0033256728767856,2,0.0043841761294032,0.0163067338291971,0001652044-20-000008_same,same
0.0021274841521476,-0.0054008536727301,3,-0.0063043679185856,0.0084318520707333,0001652044-20-000008_same,same
0.0199780777692437,0.0073263978048905,4,0.0092843989586466,0.0106936788105971,0001652044-20-000008_same,same
0.0009280212277835,0.0016884725532351,5,0.002378877953278,-0.0014508567254945,0001652044-20-000008_same,same
-0.0466522133437062,-0.025677883699462,-5,-0.0325230379305627,-0.0141291754131435,0001652044-21-000010_same,same
0.0188351508069659,0.0097606259756297,-4,0.0127436283803772,0.0060915224265886,0001652044-21-000010_same,same
-0.0139433019875647,-0.0193114751731245,-3,-0.0243910342711821,0.0104477322836174,0001652044-21-000010_same,same
0.0359589018000987,0.0160517676144393,-2,0.0207794913974672,0.0151794104026314,0001652044-21-000010_same,same
0.0137607112944799,0.0138982234844169,-1,0.0180287051930426,-0.0042679938985627,0001652044-21-000010_same,same
0.0728249971726342,0.0010087690809532,0,0.0015646203102137,0.0712603768624205,0001652044-21-000010_same,same
-0.0025497740891179,0.0108533222304207,1,0.0141393619255608,-0.0166891360146788,0001652044-21-000010_same,same
0.0171402082687948,0.0038974951646253,2,0.0052544763705321,0.0118857318982626,0001652044-21-000010_same,same
-0.0020633731357372,0.0073993483603735,3,0.0097274979940473,-0.0117908711297845,0001652044-21-000010_same,same
-0.0043798781289857,-0.0011135249921484,4,-0.0011462492636358,-0.0032336288653498,0001652044-21-000010_same,same
0.0053435482781576,-0.0003451849323593,5,-0.0001648255689412,0.0055083738470988,0001652044-21-000010_same,same
0.0181036732503077,-0.0014966358477518,-5,-0.0020078642108794,0.0201115374611871,0001652044-22-000019_same,same
-0.0017642716602891,-0.0053840887577105,-4,-0.0065611644183137,0.0047968927580245,0001652044-22-000019_same,same
0.0336885884577617,0.0243476468880761,-3,0.0282630562781057,0.005425532179656,0001652044-22-000019_same,same
0.0146418227095705,0.0188859517327795,-2,0.0218658758467115,-0.0072240531371409,0001652044-22-000019_same,same
0.0172982422944767,0.0068630035578014,-1,0.0077836236144445,0.0095146186800321,0001652044-22-000019_same,same
0.0752374012784131,0.0094225154473364,0,0.0107815315730707,0.0644558697053423,0001652044-22-000019_same,same
-0.0331756124464646,-0.024391082077444,1,-0.0288236968862279,-0.0043519155602366,0001652044-22-000019_same,same
0.0014186438742047,0.0051569298644233,2,0.0057853317040638,-0.0043666878298591,0001652044-22-000019_same,same
-0.0285569283655892,-0.0037017126347429,3,-0.0045906290248001,-0.023966299340789,0001652044-22-000019_same,same
0.0014225349229279,0.0084012071916632,4,0.0095852924931071,-0.0081627575701791,0001652044-22-000019_same,same
0.0157317388508144,0.0145172078875055,5,0.0167488486523874,-0.0010171098015729,0001652044-22-000019_same,same
0.0189705818124752,0.002494840970949,-5,0.0015274316347447,0.0174431501777304,0001652044-23-000016_same,same
-0.0244540785449781,-0.0129687409846833,-4,-0.0187458857231267,-0.0057081928218513,0001652044-23-000016_same,same
0.0195996409762224,0.0146424702855101,-3,0.0174534146926466,0.0021462262835758,0001652044-23-000016_same,same
0.0160865222825985,0.0104523039445902,-2,0.0119599544933557,0.0041265677892427,0001652044-23-000016_same,same
0.0727871050072548,0.0146993732443099,-1,0.017528016537527,0.0552590884697277,0001652044-23-000016_same,same
-0.0274736131300191,-0.0103546106913104,0,-0.0153186660010448,-0.0121549471289743,0001652044-23-000016_same,same
-0.0179422356320652,-0.0061404630177543,1,-0.009793765404012,-0.0081484702280531,0001652044-23-000016_same,same
0.046064056930978,0.0128725105980265,2,0.0151329332829739,0.030931123648004,0001652044-23-000016_same,same
-0.0768300356578557,-0.0110807244761647,3,-0.0162706275349579,-0.0605594081228978,0001652044-23-000016_same,same
-0.0438766329433534,-0.0088297961777351,4,-0.0133195788144993,-0.030557054128854,0001652044-23-000016_same,same
-0.004631086549469,0.0021952617756952,5,0.0011346724333758,-0.0057657589828449,0001652044-23-000016_same,same
0.0112894123469278,0.0008119284117831,-5,0.0009855696962328,0.0103038426506949,0001652044-24-000022_same,same
0.0213179990977221,0.0052603655277063,-4,0.0069394241264805,0.0143785749712416,0001652044-24-000022_same,same
0.0021070814021717,-0.0006517852510764,-3,-0.0009734864507083,0.00308056785288,0001652044-24-000022_same,same
0.0086733592384302,0.0075567748961808,-2,0.0100129725966193,-0.001339613358189,0001652044-24-000022_same,same
-0.0133540365503295,-0.0006006499345398,-1,-0.0009050461821444,-0.012448990368185,0001652044-24-000022_same,same
-0.0750033562098018,-0.0161057446115979,0,-0.0216572956191364,-0.0533460605906653,0001652044-24-000022_same,same
0.0075658754082441,0.0124936882116097,1,0.0166206108409816,-0.0090547354327374,0001652044-24-000022_same,same
0.0086427553454548,0.0106844460775146,2,0.0141990942465545,-0.0055563389010996,0001652044-24-000022_same,same
0.0091305250500888,-0.0031863375266721,3,-0.0043657689313876,0.0134962939814764,0001652044-24-000022_same,same
0.002923198235746,0.0023104108269635,4,0.0029911608586514,-6.796262290536918e-05,0001652044-24-000022_same,same
0.00999302918815,0.00824145796339,5,0.0109293626020949,-0.0009363334139448,0001652044-24-000022_same,same
0.0005632442681229,-0.0046788957603215,-5,-0.0045974890901611,0.005160733358284,0001652044-25-000014_same,same
0.0279412023440142,0.0052754144053117,-4,0.0068346798650947,0.0211065224789194,0001652044-25-000014_same,same
0.0156817984195791,-0.0050468257540199,-3,-0.0050200435195165,0.0207018419390957,0001652044-25-000014_same,same
-0.0136751657082911,-0.0076085976846667,-2,-0.0079621468947053,-0.0057130188135858,0001652044-25-000014_same,same
0.0255926824615657,0.0072248818286797,-1,0.0090735734283728,0.0165191090331929,0001652044-25-000014_same,same
-0.0729236875984417,0.0039086729306143,0,0.0052650261977979,-0.0781887137962396,0001652044-25-000014_same,same
0.0014111365798272,0.0036442987226186,1,0.0049614018820061,-0.0035502653021788,0001652044-25-000014_same,same
-0.0326722729788424,-0.0094647701115428,2,-0.0100938944935894,-0.022578378485253,0001652044-25-000014_same,same
0.0060969393818111,0.0067125410858628,3,0.008485168422191,-0.0023882290403799,0001652044-25-000014_same,same
-0.006167159607582,0.0003395827888592,4,0.0011660539095975,-0.0073332135171795,0001652044-25-000014_same,same
-0.009227476786372,-0.0027238667143857,5,-0.0023522082024172,-0.0068752685839547,0001652044-25-000014_same,same
0.0066664852731355,-0.0012926312740076,-5,0.0019960450740568,0.0046704401990786,0001652044-26-000018_same,same
-0.0007390896812468,-0.0043018996208942,-4,-0.0022702269409829,0.0015311372597361,0001652044-26-000018_same,same
0.0168343257119247,0.0053912661291679,-3,0.0114718781190123,0.0053624475929123,0001652044-26-000018_same,same
-0.0115802529303606,-0.0084039830206983,-2,-0.0080857945788942,-0.0034944583514664,0001652044-26-000018_same,same
-0.0196343746019915,-0.0050723919062231,-1,-0.0033625621187692,-0.0162718124832223,0001652044-26-000018_same,same
-0.0053748361047742,-0.0122510155676747,0,-0.0135397738868857,0.0081649377821114,0001652044-26-000018_same,same
-0.0253282348678729,0.0196957966973359,1,0.0317515645465779,-0.0570797994144508,0001652044-26-000018_same,same
0.0045221412460498,0.0046910867168872,2,0.0104792262555749,-0.005957085009525,0001652044-26-000018_same,same
-0.0176986494837925,-0.0033037129754581,3,-0.0008550870264531,-0.0168435624573393,0001652044-26-000018_same,same
-0.0239186037840049,-4.895607156218951e-05,4,0.0037592167491525,-0.0276778205331574,0001652044-26-000018_same,same
-0.0063031023169292,-0.0156610121277019,5,-0.0183741625882051,0.0120710602712759,0001652044-26-000018_same,same
0.003768464915629,0.0016785565287558,-5,0.0049681479451631,-0.001199683029534,0001193125-17-056804_same,same
0.0055114866407581,0.0060480661608284,-4,0.0106826366050394,-0.0051711499642812,0001193125-17-056804_same,same
-0.0001190338110265,-0.001082200145408,-3,0.0013576025898244,-0.001476636400851,0001193125-17-056804_same,same
-0.0021452416588571,0.0004189867216857,-2,0.003320869878537,-0.0054661115373941,0001193125-17-056804_same,same
-0.015287285248294,0.0014933641914423,-1,0.0047259515431444,-0.0200132367914384,0001193125-17-056804_same,same
0.0080048462425927,0.0010179830611165,0,0.0041042433179408,0.0039006029246519,0001193125-17-056804_same,same
-0.002493161250437,-0.0025783763780462,1,-0.0005991117407334,-0.0018940495097036,0001193125-17-056804_same,same
0.0187455952247537,0.0136738546598662,2,0.0206557195296092,-0.0019101243048555,0001193125-17-056804_same,same
-0.0065293130614244,-0.0058598805035984,3,-0.0048906958524064,-0.0016386172090179,0001193125-17-056804_same,same
0.007289004676791,0.00050387727206,4,0.0034318905944278,0.0038571140823631,0001193125-17-056804_same,same
-0.003479610821875,-0.0032772408480052,5,-0.0015130937260476,-0.0019665170958274,0001193125-17-056804_same,same
-0.0002241599110427,0.0003734693722488,-5,0.0004769604255059,-0.0007011203365486,0001193125-18-056383_same,same
-0.0102008724315922,-0.0058413894593534,-4,-0.0073487994967883,-0.0028520729348039,0001193125-18-056383_same,same
-0.0056252220399796,-0.0054965031281792,-3,-0.006914518091308,0.0012892960513284,0001193125-18-056383_same,same
-0.0074791120422702,0.0009735510790762,-2,0.0012325842455535,-0.0087116962878238,0001193125-18-056383_same,same
0.020426335628028,0.0160283763505131,-1,0.0201896436798351,0.0002366919481929,0001193125-18-056383_same,same
0.0168309753767883,0.0117570153438109,0,0.0148111392462463,0.0020198361305419,0001193125-18-056383_same,same
-0.0122762744029074,-0.0127068884438292,1,-0.0159938465131517,0.0037175721102442,0001193125-18-056383_same,same
-0.0159067107112387,-0.011095788639207,2,-0.0139651471293914,-0.0019415635818473,0001193125-18-056383_same,same
-0.0233903140510391,-0.0133243995419872,3,-0.0167714174499144,-0.0066188966011247,0001193125-18-056383_same,same
0.0052182955151112,0.005071602744632,4,0.0063928572867884,-0.0011745617716772,0001193125-18-056383_same,same
0.0193708874075064,0.011032026532745,5,0.0138982322059607,0.0054726552015457,0001193125-18-056383_same,same
0.0008567037250086,0.0014987433214488,-5,0.001058071071734,-0.0002013673467253,0001193125-19-050198_same,same
-0.0003524961737242,0.0017771107537685,-4,0.001367228814312,-0.0017197249880362,0001193125-19-050198_same,same
-0.0112789919770813,-0.0035264367908802,-3,-0.0045229458117044,-0.0067560461653769,0001193125-19-050198_same,same
-0.0018332361992227,0.0064111023949868,-2,0.0065137877453839,-0.0083470239446066,0001193125-19-050198_same,same
0.0135202402887542,0.0012318625699112,-1,0.0007616705553541,0.0127585697334,0001193125-19-050198_same,same
0.0012586750053618,-0.0007904570968998,0,-0.0014843385332536,0.0027430135386154,0001193125-19-050198_same,same
-9.161815717195765e-08,-0.0005440493877303,1,-0.0012106755889722,0.001210583970815,0001193125-19-050198_same,same
-0.0070672420531777,-0.0028255083152146,2,-0.0037444874143278,-0.0033227546388499,0001193125-19-050198_same,same
0.0076258603279211,0.0068953205934343,3,0.0070515654728276,0.0005742948550934,0001193125-19-050198_same,same
-0.0112006226892391,-0.003880558492514,4,-0.0049162370274284,-0.0062843856618107,0001193125-19-050198_same,same
0.0001017775415212,-0.0011315328231061,5,-0.0018631407540572,0.0019649182955785,0001193125-19-050198_same,same
-0.0012572775082669,-0.0016304457368023,-5,-0.0025065962169368,0.0012493187086698,0001193125-20-043853_same,same
-0.0053281887237132,0.0018435333204338,-4,0.0028673221234951,-0.0081955108472084,0001193125-20-043853_same,same
-0.0163237637733713,-0.0029199426368901,-3,-0.0045013264462044,-0.0118224373271668,0001193125-20-043853_same,same
0.0176665034898755,0.0047057858811645,-2,0.0072949572006324,0.0103715462892431,0001193125-20-043853_same,same
-0.0193821226189788,-0.0038155197636281,-1,-0.0058866998947357,-0.0134954227242431,0001193125-20-043853_same,same
-0.0090663193249176,-0.0105181030271228,0,-0.0162549647963158,0.0071886454713982,0001193125-20-043853_same,same
-0.0263637638262738,-0.0335136266712231,1,-0.0518268736140912,0.0254631097878174,0001193125-20-043853_same,same
-0.0308629630527876,-0.0302799955650561,2,-0.0468247509123363,0.0159617878595486,0001193125-20-043853_same,same
-0.0084097315467904,-0.003778540605322,3,-0.0058294966204036,-0.0025802349263868,0001193125-20-043853_same,same
-0.046760569813432,-0.0441632425840791,4,-0.0683008261997995,0.0215402563863675,0001193125-20-043853_same,same
-0.0179514649691923,-0.0082383404443618,5,-0.012728386842482,-0.0052230781267102,0001193125-20-043853_same,same
0.0132309264485885,0.0047110331133788,-5,0.0065001997388411,0.0067307267097474,0001193125-21-049380_same,same
0.018412007601396,-0.0005692724183511,-4,0.0021576795056228,0.0162543280957732,0001193125-21-049380_same,same
0.002500322474422,-0.0003204020092266,-3,0.002362350386991,0.0001379720874309,0001193125-21-049380_same,same
-0.0090807982994408,-0.0044158356273545,-2,-0.00100573186576,-0.0080750664336808,0001193125-21-049380_same,same
0.0184575393555641,-0.0018548966445751,-1,0.0011003828811859,0.0173571564743781,0001193125-21-049380_same,same
0.0039603774439562,-0.0077328394581538,0,-0.0037336339089944,0.0076940113529507,0001193125-21-049380_same,same
0.0073848467144705,0.0012563181187927,1,0.0036590441136897,0.0037258026007808,0001193125-21-049380_same,same
0.0358072897464758,0.011351613765979,2,0.0119614094493304,0.0238458802971454,0001193125-21-049380_same,same
-0.0087104644322524,-0.0244788075251262,3,-0.0175055084186555,0.0087950439864031,0001193125-21-049380_same,same
-0.025262554731262,-0.0047502141699028,4,-0.0012807245868903,-0.0239818301443717,0001193125-21-049380_same,same
0.0367343450584018,0.0237907635068002,5,0.0221913590439044,0.0145429860144974,0001193125-21-049380_same,same
-0.0305234320556329,-0.021173138152195,-5,-0.0245039977295276,-0.0060194343261053,0001193125-22-052682_same,same
-0.0086518535331485,-0.0071661613961429,-4,-0.0091260271559792,0.0004741736228306,0001193125-22-052682_same,same
-0.0051151652424259,-0.0101429452648328,-3,-0.0123941767027219,0.0072790114602959,0001193125-22-052682_same,same
-0.008946325728555,-0.0184121228454876,-2,-0.021472736031937,0.0125264103033819,0001193125-22-052682_same,same
-0.0029309552240395,0.0149568560673292,-1,0.01516237693553,-0.0180933321595695,0001193125-22-052682_same,same
0.0291895106614599,0.0223726776556034,0,0.0233040543402484,0.0058854563212114,0001193125-22-052682_same,same
-0.0252200434723373,-0.0024426034406476,1,-0.003940130405585,-0.0212799130667522,0001193125-22-052682_same,same
-0.0326856133960721,-0.0154735036804118,2,-0.0182464867252924,-0.0144391266707797,0001193125-22-052682_same,same
0.0249238415971653,0.018642691757321,3,0.0192089798368404,0.0057148617603248,0001193125-22-052682_same,same
-0.0087997941255912,-0.0052546664300883,4,-0.0070274363000493,-0.0017723578255419,0001193125-22-052682_same,same
-0.0112467523550406,-0.0079340425503344,5,-0.0099690680204568,-0.0012776843345838,0001193125-22-052682_same,same
-0.0110594355807209,-0.0137887414891306,-5,-0.011538082157731,0.00047864657701,0000886982-23-000003_same,same
-0.0045920583373677,-0.0027674058253277,-4,-0.0018811861388101,-0.0027108721985575,0000886982-23-000003_same,same
-0.0200273820960307,-0.0200412342553273,-3,-0.0170165172897377,-0.0030108648062929,0000886982-23-000003_same,same
-0.0006366438753211,-0.0015735561458868,-2,-0.0008351348644218,0.0001984909891006,0000886982-23-000003_same,same
0.007342721131835,0.0053294294160743,-1,0.0052132621561775,0.0021294589756575,0000886982-23-000003_same,same
0.0008530040243091,-0.0105375514855581,0,-0.0086893889720794,0.0095423929963885,0000886982-23-000003_same,same
0.0046171428990908,0.0030730045671669,1,0.0032361823534116,0.0013809605456792,0000886982-23-000003_same,same
-0.0379722405053185,-0.0030360018281855,2,-0.002116529998195,-0.0358557105071235,0000886982-23-000003_same,same
-0.0083630074849595,-0.00472526484568,3,-0.0035966625162644,-0.004766344968695,0000886982-23-000003_same,same
0.0082891532396587,0.0075821940867943,4,0.0071871349102476,0.001102018329411,0000886982-23-000003_same,same
0.0228873053866855,0.0161477371607488,5,0.014692265080852,0.0081950403058335,0000886982-23-000003_same,same
0.0195218332609838,0.0058212506847294,-5,0.0077337154480859,0.0117881178128978,0000886982-24-000006_same,same
-0.0025427820305814,-0.0048034698371121,-4,-0.0051158516202679,0.0025730695896864,0000886982-24-000006_same,same
0.0002080052823743,-0.0060053220011653,-3,-0.0065693750288602,0.0067773803112345,0000886982-24-000006_same,same
0.0097524174638614,0.0012641999229821,-2,0.0022224053598262,0.0075300121040352,0000886982-24-000006_same,same
0.0056663461927153,0.021122884217414,-1,0.0262395543479804,-0.0205732081552651,0000886982-24-000006_same,same
0.0014851847434729,0.0003479475462115,0,0.0011142871422553,0.0003708976012175,0000886982-24-000006_same,same
-0.0021223528208399,-0.0037867513501905,1,-0.0038862294047492,0.0017638765839093,0000886982-24-000006_same,same
0.0015119281101445,0.0017063496993998,2,0.0027571425507629,-0.0012452144406184,0000886982-24-000006_same,same
0.0131938109745797,-0.0016581550604305,3,-0.0013118990277296,0.0145057100023093,0000886982-24-000006_same,same
-0.0105039549507557,0.0052290946971491,4,0.0070175603208335,-0.0175215152715893,0000886982-24-000006_same,same
-0.0024419446552015,0.0080078289488876,5,0.0103781693890386,-0.0128201140442402,0000886982-24-000006_same,same
-0.0387487034506018,-0.0043341850761716,-5,-0.005734642129698,-0.0330140613209038,0000886982-25-000005_same,same
-0.0259398358271616,-0.0170641267025635,-4,-0.0266965589311291,0.0007567231039674,0000886982-25-000005_same,same
0.000863340658648,-0.0049691065044024,-3,-0.006780143401002,0.00764348405965,0000886982-25-000005_same,same
-0.0179353750425267,-0.0046797309154723,-2,-0.0063036394862518,-0.0116317355562748,0000886982-25-000005_same,same
0.0046509257096394,0.0001360242800469,-1,0.001626283737846,0.0030246419717933,0000886982-25-000005_same,same
-0.0158148397587235,-0.0158645536555098,0,-0.0247212670446804,0.0089064272859568,0000886982-25-000005_same,same
0.0285785792964476,0.0158541446349889,1,0.027508722230108,0.0010698570663396,0000886982-25-000005_same,same
-0.0273668077015729,-0.0175967394669998,2,-0.027573592367979,0.0002067846664061,0000886982-25-000005_same,same
-0.0398505600103724,-0.0122348266022004,3,-0.0187443318209058,-0.0211062281894666,0000886982-25-000005_same,same
0.0205285614415049,0.0111592778931879,4,0.0197778614827652,0.0007506999587396,0000886982-25-000005_same,same
-0.0428279085469105,-0.0178190070857499,5,-0.0279395921084831,-0.0148883164384273,0000886982-25-000005_same,same
0.0193114164319432,0.0055660701474107,-5,0.0085148727005373,0.0107965437314059,0000886982-26-000091_same,same
-0.0182922607186698,-0.0028221256867719,-4,-0.0020874813917428,-0.0162047793269269,0000886982-26-000091_same,same
0.0060983445034301,0.0069397247635067,-3,0.0102511188407378,-0.0041527743373076,0000886982-26-000091_same,same
-0.0324536253991072,-0.0103856522472848,-2,-0.0116474855173185,-0.0208061398817886,0000886982-26-000091_same,same
0.0111620148092586,0.0076516140863223,-1,0.0111509193251573,1.1095484101207934e-05,0000886982-26-000091_same,same
0.0211799030565114,0.0081363556573399,0,0.011763613864099,0.0094162891924123,0000886982-26-000091_same,same
0.0082702764465891,-0.0053655805693283,1,-0.0053023096832701,0.0135725861298593,0000886982-26-000091_same,same
-0.0747362901474326,-0.0043393528110311,2,-0.0040051976119883,-0.0707310925354443,0000886982-26-000091_same,same
0.007753809505695,0.0003983547353176,3,0.0019830809147673,0.0057707285909276,0000886982-26-000091_same,same
0.001021258841467,-0.0094440310956254,4,-0.010457312914291,0.0114785717557581,0000886982-26-000091_same,same
0.0054139702515167,0.0077560492642863,5,0.0112829213382663,-0.0058689510867495,0000886982-26-000091_same,same
0.0052717555809518,-0.0016267102694209,-5,-0.0008461551900454,0.0061179107709973,0000354950-17-000005_same,same
0.005849809432485,-0.0013143147950017,-4,-0.0005761596944849,0.0064259691269699,0000354950-17-000005_same,same
-0.0120324055853804,-0.0020098935338483,-3,-0.0011773307794548,-0.0108550748059255,0000354950-17-000005_same,same
-0.0080517559192662,-0.0124079729406268,-2,-0.0101641274272965,0.0021123715080303,0000354950-17-000005_same,same
0.0051159328668581,0.0018898864360001,-1,0.0021931502670265,0.0029227825998316,0000354950-17-000005_same,same
0.0042751341001421,-0.0010602696613281,0,-0.000356594920416,0.0046317290205582,0000354950-17-000005_same,same
-0.0018915591927471,-0.0008439958489141,1,-0.0001696749425641,-0.001721884250183,0000354950-17-000005_same,same
-0.0056870612155812,-0.0010195874529811,2,-0.0003214343182224,-0.0053656268973587,0000354950-17-000005_same,same
0.0022470141133486,0.0072514743535005,3,0.006827034895056,-0.0045800207817074,0000354950-17-000005_same,same
-0.0010870465862441,0.0010853247429301,4,0.0014977879752603,-0.0025848345615045,0000354950-17-000005_same,same
-0.0006120718320533,0.0029351099368557,5,0.0030965104632961,-0.0037085822953494,0000354950-17-000005_same,same
0.0037200351723993,-0.0007819305319631,-5,-0.0004111753231656,0.0041312104955649,0000354950-18-000019_same,same
0.0049979103127151,0.0017034471678114,-4,0.0026868903257562,0.0023110199869588,0000354950-18-000019_same,same
-0.0103933197448878,-0.014204195388793,-3,-0.0171422571573055,0.0067489374124176,0000354950-18-000019_same,same
0.0059853319343499,0.0014818054520648,-2,0.0024106101507209,0.0035747217836289,0000354950-18-000019_same,same
-0.0007856805985924,-0.0018439898833508,-1,-0.0017350504001604,0.000949369801568,0000354950-18-000019_same,same
-0.0153355151571041,-0.0251628884058564,0,-0.0308024547185545,0.0154669395614503,0000354950-18-000019_same,same
-0.0199094803929676,-0.020966880711866,1,-0.0255720596359309,0.0056625792429632,0000354950-18-000019_same,same
0.0266587940651719,0.0271572557615125,2,0.0344154964227402,-0.0077567023575683,0000354950-18-000019_same,same
-0.0096385912542432,-0.0172763088138478,3,-0.0209716988846603,0.011333107630417,0000354950-18-000019_same,same
0.0004581663709763,-0.0029166571662562,4,-0.0030721484445312,0.0035303148155076,0000354950-18-000019_same,same
0.0199131918634338,0.0137697186900191,5,0.0177277033647183,0.0021854884987154,0000354950-18-000019_same,same
0.0207957415605224,0.0108524810499543,-5,0.0100807876482666,0.0107149539122557,0000354950-19-000010_same,same
-0.0064225778776023,-0.0189745012394827,-4,-0.0187795649035823,0.01235698702598,0000354950-19-000010_same,same
0.0049274768494762,-0.0008390206584756,-3,-0.0012318170896698,0.0061592939391461,0000354950-19-000010_same,same
-0.0017927309613899,0.0071827258623062,-2,0.0065299615047849,-0.0083226924661748,0000354950-19-000010_same,same
-0.0004750503903828,-0.0046443248906916,-1,-0.0049137994183914,0.0044387490280085,0000354950-19-000010_same,same
0.0042799133859192,0.003589481529391,0,0.0030531666602192,0.0012267467257,0000354950-19-000010_same,same
0.0096287273811017,0.0067342800173637,1,0.0060960488461101,0.0035326785349915,0000354950-19-000010_same,same
0.0195423441560835,0.0115686001242754,2,0.0107736988101621,0.0087686453459214,0000354950-19-000010_same,same
-0.0067980271780173,1.745570720723677e-05,3,-0.0004030973209023,-0.0063949298571149,0000354950-19-000010_same,same
0.022129415315542,0.0021483768817243,4,0.0016587651819811,0.0204706501335608,0000354950-19-000010_same,same
0.0092644653397804,0.0020846350796801,5,0.0015970891176233,0.0076673762221571,0000354950-19-000010_same,same
-0.1037201487131446,-0.0518307627291578,-5,-0.0399844691254777,-0.0637356795876668,0000354950-20-000015_same,same
0.0353399637206668,0.0047078080405855,-4,0.0034514664851372,0.0318884972355295,0000354950-20-000015_same,same
-0.055731435855905,-0.0433595123084619,-3,-0.0334764042273877,-0.0222550316285172,0000354950-20-000015_same,same
0.0673021059143603,-0.0292938678218044,-2,-0.0226704284143025,0.0899725343286629,0000354950-20-000015_same,same
0.1375086167469426,0.0938277397622755,-1,0.0719181355781823,0.0655904811687602,0000354950-20-000015_same,same
-0.0160243271848167,0.0115350114482219,0,0.0086964870715678,-0.0247208142563845,0000354950-20-000015_same,same
0.0739988716795001,0.0624141633038768,1,0.0477845562221873,0.0262143154573127,0000354950-20-000015_same,same
-0.0238717306878631,-0.0336873525622525,2,-0.026045736946057,0.0021740062581938,0000354950-20-000015_same,same
0.0291259462946817,0.0335160094837001,3,0.0255834582547344,0.0035424880399473,0000354950-20-000015_same,same
-0.0478835199842224,-0.0160127219145556,4,-0.0124671461132373,-0.0354163738709851,0000354950-20-000015_same,same
-0.0432755341666417,-0.0441424303316654,5,-0.0340778834721099,-0.0091976506945317,0000354950-20-000015_same,same
-0.0072671801832128,0.0028793821305308,-5,0.0004008325625524,-0.0076680127457652,0000354950-21-000089_same,same
0.0111770742244692,-0.0147605393194591,-4,-0.0098350330707363,0.0210121072952055,0000354950-21-000089_same,same
0.0209776380135169,-0.0006027039747036,-3,-0.001619707358658,0.0225973453721749,0000354950-21-000089_same,same
-0.0005531365164894,0.0070251180773117,-2,0.0028064666365278,-0.0033596031530173,0000354950-21-000089_same,same
0.0035992547117726,-0.0076308541839406,-1,-0.0056979115273257,0.0092971662390984,0000354950-21-000089_same,same
0.0095522655030977,-0.0054673360183149,0,-0.0044424931683887,0.0139947586714864,0000354950-21-000089_same,same
0.0151323059821406,0.0052402658469594,1,0.0017707756524745,0.013361530329666,0000354950-21-000089_same,same
0.0223095457570572,0.0166312026045196,2,0.008380561212928,0.0139289845441292,0000354950-21-000089_same,same
-0.0052994887367719,-0.0008680126852336,3,-0.0017736572682437,-0.0035258314685282,0000354950-21-000089_same,same
0.0086703762992419,-0.0031578329337678,4,-0.00310236456747,0.011772740866712,0000354950-21-000089_same,same
0.0014100982831959,0.0036224990395776,5,0.0008320388381809,0.000578059445015,0000354950-21-000089_same,same
0.0072133795556306,0.0223837613571822,-5,0.0200348764155645,-0.0128214968599339,0000354950-22-000070_same,same
0.0164697472771404,0.0123478175714519,-4,0.0108522117809876,0.0056175354961527,0000354950-22-000070_same,same
0.0130219305940846,0.0116622948279487,-3,0.0102249737665703,0.0027969568275142,0000354950-22-000070_same,same
-0.0333687474230689,-0.0004346603621039,-2,-0.0008434703161577,-0.0325252771069111,0000354950-22-000070_same,same
0.0010930597938789,0.0113041136006502,-1,0.0098972459355954,-0.0088041861417164,0000354950-22-000070_same,same
-0.0384557626185487,-0.012272698789159,0,-0.0116750113378845,-0.0267807512806642,0000354950-22-000070_same,same
-0.0040057889636982,0.0143439129205664,1,0.0126785944870784,-0.0166843834507767,0000354950-22-000070_same,same
-0.0161502566232069,0.005066170567449,2,0.0041896672457937,-0.0203399238690006,0000354950-22-000070_same,same
0.0115875011189161,0.0071449552765867,3,0.0060917088712798,0.0054957922476362,0000354950-22-000070_same,same
0.0109140214756187,0.0122565474275304,4,0.0107687016357861,0.0001453198398325,0000354950-22-000070_same,same
-0.0291147906465097,-0.0062937001746978,5,-0.0062043610134714,-0.0229104296330383,0000354950-22-000070_same,same
0.0099790556170429,0.0014147940136839,-5,0.0023697823435263,0.0076092732735166,0000354950-23-000059_same,same
-0.0119729992602691,-0.0184593578738486,-4,-0.0186507299851758,0.0066777307249066,0000354950-23-000059_same,same
-0.0058677527186875,-0.0144781384570513,-3,-0.0144398699541344,0.0085721172354469,0000354950-23-000059_same,same
0.0007331599016728,-0.0015097610031894,-2,-0.0007234638556596,0.0014566237573325,0000354950-23-000059_same,same
-0.0033157506200124,0.0164766554806239,-1,0.0183004266523095,-0.021616177272322,0000354950-23-000059_same,same
0.0084043464359178,-0.0069808835654376,0,-0.0065101660969625,0.0149145125328803,0000354950-23-000059_same,same
-0.0043058491748532,0.0175620062171666,1,0.0194483814766245,-0.0237542306514777,0000354950-23-000059_same,same
0.0057894574942638,-0.0110194573100675,2,-0.0107816887093373,0.0165711462036011,0000354950-23-000059_same,same
0.0030166782688298,0.00891840371831,3,0.0103062075655157,-0.0072895292966858,0000354950-23-000059_same,same
0.0005876611260433,0.0129821938977849,4,0.0146044011212617,-0.0140167399952184,0000354950-23-000059_same,same
-0.0235637451967468,-0.0164632237757136,5,-0.0165394569277372,-0.0070242882690096,0000354950-23-000059_same,same
0.0032959981811842,0.0051411032032746,-5,0.006022236648673,-0.0027262384674888,0000354950-24-000062_same,same
-0.0023577966810803,0.0103041279259514,-4,0.0119163211288233,-0.0142741178099037,0000354950-24-000062_same,same
-0.0084983272145953,-0.0065285190034379,-3,-0.0072997485891085,-0.0011985786254867,0000354950-24-000062_same,same
-0.0049015834671347,-0.0011222380873464,-2,-0.0011279639949129,-0.0037736194722218,0000354950-24-000062_same,same
0.0081288648550157,0.0112017879813663,-1,0.0129410855809154,-0.0048122207258996,0000354950-24-000062_same,same
0.011881130647773,-0.0019245297153407,0,-0.0020438563036106,0.0139249869513836,0000354950-24-000062_same,same
-0.0098155466249841,-0.0028710915621273,1,-0.0031244468082702,-0.0066910998167139,0000354950-24-000062_same,same
-0.0054360604003627,-0.0064829174844615,2,-0.007247690111819,0.0018116297114563,0000354950-24-000062_same,same
-0.0035368251866599,0.0063180595049523,3,0.0073658443678196,-0.0109026695544796,0000354950-24-000062_same,same
0.0201662642403943,0.0056491496501236,4,0.0066022200573164,0.0135640441830779,0000354950-24-000062_same,same
0.0131783881331288,0.0089041739128465,5,0.0103181402823664,0.0028602478507624,0000354950-24-000062_same,same
0.0116916815562277,0.0212658690830878,-5,0.0108630845065769,0.0008285970496508,0000354950-25-000085_same,same
0.0080272610862961,0.0064161307191059,-4,0.0029728650087705,0.0050543960775256,0000354950-25-000085_same,same
-0.012876620641009,-0.0106535121176365,-3,-0.0060968724795162,-0.0067797481614927,0000354950-25-000085_same,same
0.0110135246049445,0.0107984955678945,-2,0.0053013787999819,0.0057121458049625,0000354950-25-000085_same,same
0.005941821046669,-0.0021848931523151,-1,-0.0015971795662901,0.0075390006129591,0000354950-25-000085_same,same
-0.012291771174099,0.0008246534476661,0,1.9047192839352568e-06,-0.012293675893383,0000354950-25-000085_same,same
0.0359389985227576,0.0176460001466336,1,0.0089397132146496,0.026999285308108,0000354950-25-000085_same,same
-0.007642138877031,0.0015743334544251,2,0.0004002376502393,-0.0080423765272703,0000354950-25-000085_same,same
0.0031579147382374,-0.0111569349226271,3,-0.0063643597802495,0.009522274518487,0000354950-25-000085_same,same
0.0016569436505866,-0.0033069808607638,4,-0.0021933865901744,0.0038503302407611,0000354950-25-000085_same,same
-0.0126265701465565,-0.019737220708344,5,-0.0109233854373898,-0.0017031847091666,0000354950-25-000085_same,same
-0.0176676072942741,-0.0008376012017449,-5,-0.0009630862744275,-0.0167045210198466,0001628280-26-019436_same,same
-0.0274884449811176,-0.0152276765067085,-4,-0.0063423125667221,-0.0211461324143955,0001628280-26-019436_same,same
0.0002949902108577,-0.0060591154705643,-3,-0.0029149667368415,0.0032099569476993,0001628280-26-019436_same,same
0.010471074087216,0.0101308831622519,-2,0.0031370979307992,0.0073339761564167,0001628280-26-019436_same,same
-0.0033568764025032,0.0024942548757938,-1,0.0002824115728461,-0.0036392879753494,0001628280-26-019436_same,same
-0.0307529828907481,-0.0136075678800734,0,-0.0057366916275626,-0.0250162912631855,0001628280-26-019436_same,same
-0.0082192368028032,-0.0027487977418789,1,-0.0016775202478818,-0.0065417165549214,0001628280-26-019436_same,same
-0.0227293038191673,-0.0151381823567792,2,-0.0063088583092493,-0.016420445509918,0001628280-26-019436_same,same
0.0316445654719226,0.0114532004639904,3,0.0036313999997963,0.0280131654721262,0001628280-26-019436_same,same
3.0139994658950897e-05,-0.0037425745042546,4,-0.0020490089284864,0.0020791489231454,0001628280-26-019436_same,same
0.0048352641536471,0.0054191243815093,5,0.0013757717265104,0.0034594924271366,0001628280-26-019436_same,same
0.0101703051049879,0.0072647580986477,-5,0.0069952670185864,0.0031750380864015,0000930413-17-000391_same,same
0.0012587053996835,-0.0021153569858851,-4,-0.0021085547306146,0.0033672601302981,0000930413-17-000391_same,same
0.003184277947823,0.0002268291856959,-3,0.0001646418365231,0.0030196361112998,0000930413-17-000391_same,same
8.341629121799699e-05,0.00069332238554,-2,0.0006173943774379,-0.0005339780862199,0000930413-17-000391_same,same
0.0077674941841281,0.0057525464497805,-1,0.0055275978936037,0.0022398962905244,0000930413-17-000391_same,same
0.0098620781905041,0.0035660501028451,0,0.0034055052733755,0.0064565729171285,0000930413-17-000391_same,same
0.0145262785635507,0.0052458450979924,1,0.0050358215406286,0.009490457022922,0000930413-17-000391_same,same
0.0,0.0040073351766347,2,0.0038337921990858,-0.0038337921990858,0000930413-17-000391_same,same
0.0053390236695893,0.0049923089198982,3,0.0047897533259487,0.0005492703436406,0000930413-17-000391_same,same
-0.0009656122914399,-0.0008641180363413,4,-0.0008941712971866,-7.144099425329187e-05,0000930413-17-000391_same,same
0.003221449221483,0.0016785565287558,5,0.0015736082341157,0.0016478409873672,0000930413-17-000391_same,same
-0.0187912400290345,-0.021208547923968,-5,-0.0169617885812467,-0.0018294514477878,0000930413-18-000292_same,same
-0.0413658659071624,-0.0409792248042282,-4,-0.0332356332824214,-0.0081302326247409,0000930413-18-000292_same,same
0.0081902451416737,0.0174409205923138,-3,0.0148517629843503,-0.0066615178426765,0000930413-18-000292_same,same
-0.0013868088523188,-0.0050015884169394,-2,-0.0036213479027108,0.0022345390503919,0000930413-18-000292_same,same
-0.0341953001903075,-0.037536419758088,-1,-0.0304017558690868,-0.0037935443212207,0000930413-18-000292_same,same
0.0128751141171667,0.0149360902084947,0,0.0127899610078203,8.515310934645304e-05,0000930413-18-000292_same,same
0.0106150290775968,0.0139145847540425,1,0.0119491288386518,-0.001334099761055,0000930413-18-000292_same,same
-0.006489398458344,0.002612929746329,2,0.0026463932987565,-0.0091357917571006,0000930413-18-000292_same,same
0.0126597047900021,0.0134024582572458,3,0.0115275819626039,0.0011321228273981,0000930413-18-000292_same,same
0.0202155922503917,0.0120691127622993,4,0.0104300647835419,0.0097855274668497,0000930413-18-000292_same,same
0.0039761370256534,0.0003734693722488,5,0.0008030254382153,0.0031731115874381,0000930413-18-000292_same,same
0.0075194650955163,0.0008986100931438,-5,0.0009540128086367,0.0065654522868796,0000930413-19-000366_same,same
0.0222511481383673,0.006776236617404,-4,0.0059988563496304,0.0162522917887369,0000930413-19-000366_same,same
0.0051376009915182,0.0047084203769747,-3,0.0042240226882139,0.0009135783033043,0000930413-19-000366_same,same
0.0014122129440707,-0.0022244379802809,-2,-0.001726540104414,0.0031387530484848,0000930413-19-000366_same,same
-0.0050368261264731,-0.0093571401439401,-1,-0.0078486314437744,0.0028118053173012,0000930413-19-000366_same,same
0.0031050663659244,0.000676201086956,0,0.0007631162564835,0.0023419501094408,0000930413-19-000366_same,same
-0.0008748685932034,0.0007091030986317,1,0.0007913564824323,-0.0016662250756357,0000930413-19-000366_same,same
0.0126620402324093,0.0128902247439735,2,0.0112465721380913,0.001415468094318,0000930413-19-000366_same,same
0.0074484268418157,0.0030239946687606,3,0.002778258123335,0.0046701687184807,0000930413-19-000366_same,same
-0.0063376587146478,-0.0026516415551012,4,-0.0020932145071216,-0.0042444442075262,0000930413-19-000366_same,same
0.0186024252307064,0.0108787526085869,5,0.0095200993572487,0.0090823258734577,0000930413-19-000366_same,same
-0.006067418102523,-0.0054008536727301,-5,-0.0077887132847843,0.0017212951822612,0000773840-20-000009_same,same
0.0095272447438821,0.0073263978048905,-4,0.0093975034034488,0.0001297413404333,0000773840-20-000009_same,same
0.0124331526423229,0.0016884725532351,-3,0.0017843431529902,0.0106488094893326,0000773840-20-000009_same,same
0.011331302060118,0.0064626464661976,-2,0.0082311386390195,0.0031001634210984,0000773840-20-000009_same,same
-0.0058503812885654,-0.0016304457368023,-1,-0.0026973510292471,-0.0031530302593182,0000773840-20-000009_same,same
0.0038306482769563,0.0018435333204338,0,0.0019937291268281,0.0018369191501281,0000773840-20-000009_same,same
-0.0076875602919468,-0.0029199426368901,1,-0.0044386203977891,-0.0032489398941576,0000773840-20-000009_same,same
0.0080260722098473,0.0047057858811645,2,0.0058587657226449,0.0021673064872023,0000773840-20-000009_same,same
-0.0008850011229162,-0.0038155197636281,3,-0.0056479610467273,0.0047629599238111,0000773840-20-000009_same,same
-0.0045381275614841,-0.0105181030271228,4,-0.0146987799560493,0.0101606523945651,0000773840-20-000009_same,same
-0.0256279521963492,-0.0335136266712231,5,-0.0457507359028473,0.020122783706498,0000773840-20-000009_same,same
0.0116159465159286,0.0038974951646253,-5,0.0059216664386774,0.0056942800772512,0000773840-21-000015_same,same
0.0046322839153323,0.0073993483603735,-4,0.0096201275947332,-0.0049878436794009,0000773840-21-000015_same,same
-0.0090258714907084,-0.0011135249921484,-3,0.0006293076885897,-0.0096551791792981,0000773840-21-000015_same,same
0.0006931999681658,-0.0003451849323593,-2,0.0014407854139329,-0.000747585445767,0000773840-21-000015_same,same
9.88130521328845e-05,0.0016624551635393,-1,0.0035611424063496,-0.0034623293542167,0000773840-21-000015_same,same
0.0068750122111611,0.0047110331133788,0,0.0067808796421593,9.413256900183374e-05,0000773840-21-000015_same,same
-0.0006383043368693,-0.0005692724183511,1,0.0012041167655997,-0.0018424211024691,0000773840-21-000015_same,same
-0.0075699298123609,-0.0003204020092266,2,0.0014669597488967,-0.0090368895612577,0000773840-21-000015_same,same
0.0080236035687843,-0.0044158356273545,3,-0.0028584077942777,0.0108820113630621,0000773840-21-000015_same,same
0.0001968162921666,-0.0018548966445751,4,-0.0001536875157866,0.0003505038079532,0000773840-21-000015_same,same
0.0002946556762879,-0.0077328394581538,5,-0.0063616414071528,0.0066562970834407,0000773840-21-000015_same,same
-0.001251934492874,0.0051569298644233,-5,0.0031379777172198,-0.0043899122100939,0000773840-22-000018_same,same
0.0051175546748967,-0.0037017126347429,-4,-0.003349276874278,0.0084668315491747,0000773840-22-000018_same,same
0.0108062926009901,0.0084012071916632,-3,0.0055137878923352,0.0052925047086549,0000773840-22-000018_same,same
0.0105882411652808,0.0145172078875055,-2,0.009992584005785,0.0005956571594958,0000773840-22-000018_same,same
-0.0247688076832875,-0.0181157256684597,-1,-0.0139047736384481,-0.0108640340448394,0000773840-22-000018_same,same
-0.0248240058311601,-0.0189694543445634,0,-0.0145299659604623,-0.0102940398706978,0000773840-22-000018_same,same
-0.0016038512836503,-0.0038405967262932,1,-0.0034509828027744,0.0018471315191241,0000773840-22-000018_same,same
0.0152118835871826,0.0157667211707204,2,0.0109076125538313,0.0043042710333512,0000773840-22-000018_same,same
-0.0024797691336824,0.000881207755895,3,6.832298141250747e-06,-0.0024866014318236,0000773840-22-000018_same,same
-0.0236435348965946,-0.021173138152195,4,-0.0161437411975387,-0.0074997936990558,0000773840-22-000018_same,same
-0.0133266189461623,-0.0071661613961429,5,-0.0058863203475321,-0.0074402985986302,0000773840-22-000018_same,same
-0.0226154357110673,-0.0103546106913104,-5,-0.0072755536903596,-0.0153398820207077,0000773840-23-000013_same,same
0.0066605264856647,-0.0061404630177543,-4,-0.00380759173002,0.0104681182156848,0000773840-23-000013_same,same
0.0070082444594234,0.0128725105980265,-3,0.0118388151736154,-0.0048305707141919,0000773840-23-000013_same,same
-0.0158171341239951,-0.0110807244761647,-2,-0.0078730968188441,-0.0079440373051509,0000773840-23-000013_same,same
-0.0148354671990769,-0.0088297961777351,-1,-0.0060207332286004,-0.0088147339704764,0000773840-23-000013_same,same
0.0062743278059416,0.0021952617756952,0,0.0030521528102439,0.0032221749956976,0000773840-23-000013_same,same
0.0144660643801801,0.0114486093427661,1,0.0106670395807692,0.0037990247994109,0000773840-23-000013_same,same
-0.011653650647007,-0.0002804145319874,2,0.0010148366252815,-0.0126684872722885,0000773840-23-000013_same,same
0.003532336073676,0.002773175690496,3,0.0035277373478851,4.59872579091497e-06,0000773840-23-000013_same,same
-0.0116502711226009,-0.0137887414891306,4,-0.0101016138800399,-0.001548657242561,0000773840-23-000013_same,same
0.0103330061836972,-0.0027674058253277,5,-0.0010317910368482,0.0113647972205455,0000773840-23-000013_same,same
0.0071331629535351,0.0057423415255595,-5,0.00498945710925,0.0021437058442851,0000773840-24-000014_same,same
0.0128823217560964,-0.0009489536011326,-4,-0.00079925202918,0.0136815737852765,0000773840-24-000014_same,same
-0.0169243239830837,-0.0136742556536254,-3,-0.0118080434344044,-0.0051162805486793,0000773840-24-000014_same,same
0.004432775352998,0.0095797632750176,-2,0.0083092506512336,-0.0038764752982355,0000773840-24-000014_same,same
0.0158054999040588,0.0058212506847294,-1,0.0050577222450936,0.0107477776589652,0000773840-24-000014_same,same
-0.0039402726334092,-0.0048034698371121,0,-0.0041338341895803,0.0001935615561711,0000773840-24-000014_same,same
0.0089768734413884,-0.0060053220011653,1,-0.005173569020188,0.0141504424615764,0000773840-24-000014_same,same
0.0029657781507004,0.0012641999229821,2,0.0011153701459331,0.0018504080047672,0000773840-24-000014_same,same
0.0064149256987622,0.021122884217414,3,0.0182953248596038,-0.0118803991608415,0000773840-24-000014_same,same
-0.0008963120697936,0.0003479475462115,4,0.0003227106672977,-0.0012190227370914,0000773840-24-000014_same,same
-0.0071773362559532,-0.0037867513501905,5,-0.0032542604321809,-0.0039230758237723,0000773840-24-000014_same,same
-0.0204937743325853,-0.0094647701115428,-5,-0.00636581738573,-0.0141279569468553,0000773840-25-000010_same,same
0.0145971251943151,0.0067125410858628,-4,0.0057030184737879,0.0088941067205271,0000773840-25-000010_same,same
-0.0075772863116477,0.0003395827888592,-3,0.0009485703032895,-0.0085258566149372,0000773840-25-000010_same,same
-0.0093263183152894,-0.0027238667143857,-2,-0.0013368693947806,-0.0079894489205087,0000773840-25-000010_same,same
0.0012682957945904,0.0104262921222306,-1,0.0084736056952432,-0.0072053099006527,0000773840-25-000010_same,same
-0.0122766208213526,-7.194380749464546e-05,0,0.0006415571734427,-0.0129181779947953,0000773840-25-000010_same,same
0.0260912549315408,0.0024449877750611,1,0.0025192755265627,0.0235719794049781,0000773840-25-000010_same,same
0.0133148031954113,0.0023769693899173,2,0.0024685314495209,0.0108462717458903,0000773840-25-000010_same,same
0.0025615219916488,-0.0043341850761716,3,-0.0025382228059135,0.0050997447975623,0000773840-25-000010_same,same
0.0027916628025945,-0.0170641267025635,4,-0.0120352012663888,0.0148268640689834,0000773840-25-000010_same,same
-0.0095781966697705,-0.0049691065044024,5,-0.0030118962370234,-0.0065663004327471,0000773840-25-000010_same,same
0.0061246639120835,0.0046910867168872,-5,0.0028359093535455,0.0032887545585379,0000773840-26-000013_same,same
0.0145930520489192,-0.0033037129754581,-4,-0.0017094390906167,0.016302491139536,0000773840-26-000013_same,same
-0.0026300212554147,-4.895607156218951e-05,-3,0.0001410143039085,-0.0027710355593233,0000773840-26-000013_same,same
-0.0118253230333997,-0.0156610121277019,-2,-0.0087350348074772,-0.0030902882259225,0000773840-26-000013_same,same
0.0064629392422597,0.0004990891480125,-1,0.0004525989066484,0.0060103403356112,0000773840-26-000013_same,same
0.0052613345122931,0.0010313220779065,0,0.000755193619827,0.0045061408924661,0000773840-26-000013_same,same
-0.0062228982601711,0.0055660701474107,1,0.0033333707944376,-0.0095562690546088,0000773840-26-000013_same,same
-0.0015344015806317,-0.0028221256867719,2,-0.0014356383554396,-9.876322519217066e-05,0000773840-26-000013_same,same
0.0132907778562327,0.0069397247635067,3,0.0041143458172473,0.0091764320389854,0000773840-26-000013_same,same
-0.0037300376980833,-0.0103856522472848,4,-0.0057357915809323,0.002005753882849,0000773840-26-000013_same,same
0.0022627942700308,0.0076516140863223,5,0.0045190820395911,-0.0022562877695603,0000773840-26-000013_same,same
-0.0022691548860235,0.0060480661608284,-5,0.0065796758942012,-0.0088488307802247,0001047469-17-001061_same,same
0.0049370579246124,-0.001082200145408,-4,-0.0004182929581274,0.0053553508827398,0001047469-17-001061_same,same
0.0027607420600337,0.0004189867216857,-3,0.0010550403629939,0.0017057016970397,0001047469-17-001061_same,same
-0.0016518061975061,0.0014933641914423,-2,0.002109483457556,-0.0037612896550622,0001047469-17-001061_same,same
-0.0107527657838544,0.0010179830611165,-1,0.0016429227149237,-0.0123956884987781,0001047469-17-001061_same,same
0.0023413338080831,-0.0025783763780462,0,-0.0018867086138566,0.0042280424219397,0001047469-17-001061_same,same
0.0118450936119411,0.0136738546598662,1,0.014063972847323,-0.0022188792353818,0001047469-17-001061_same,same
-0.0078046135740172,-0.0058598805035984,2,-0.0051073265645938,-0.0026972870094233,0001047469-17-001061_same,same
-0.0026585625978018,0.00050387727206,3,0.0011383558244174,-0.0037969184222192,0001047469-17-001061_same,same
0.0023325506173001,-0.0032772408480052,4,-0.0025726061081052,0.0049051567254054,0001047469-17-001061_same,same
-0.0004987491708394,-0.0029133737680216,5,-0.0022154903451377,0.0017167411742982,0001047469-17-001061_same,same
-0.0065306026832366,-0.0058413894593534,-5,-0.0037876677165279,-0.0027429349667087,0001047469-18-001117_same,same
-0.007734112988436,-0.0054965031281792,-4,-0.0035301619236946,-0.0042039510647413,0001047469-18-001117_same,same
-0.005066379500289,0.0009735510790762,-3,0.0013006367705922,-0.0063670162708813,0001047469-18-001117_same,same
0.0152763113051688,0.0160283763505131,-2,0.0125411655102773,0.0027351457948915,0001047469-18-001117_same,same
0.0196759776602024,0.0117570153438109,-1,0.0093519982308337,0.0103239794293686,0001047469-18-001117_same,same
-0.0128009482397504,-0.0127068884438292,0,-0.008913721141651,-0.0038872270980993,0001047469-18-001117_same,same
-0.0045992064773048,-0.011095788639207,1,-0.0077108102257258,0.003111603748421,0001047469-18-001117_same,same
-0.0129629444843745,-0.0133243995419872,2,-0.0093747793818346,-0.0035881651025399,0001047469-18-001117_same,same
0.0044208189709866,0.005071602744632,3,0.0043604044326448,6.041453834185195e-05,0001047469-18-001117_same,same
0.0159236298087437,0.011032026532745,4,0.0088106928739262,0.0071129369348175,0001047469-18-001117_same,same
-0.0078369846582143,0.0026388586061694,5,0.0025440213188154,-0.0103810059770298,0001047469-18-001117_same,same
0.0048539031246088,0.0014987433214488,-5,0.0017447984604905,0.0031091046641183,0001047469-19-000712_same,same
-0.0050467127561872,0.0017771107537685,-4,0.002013108635657,-0.0070598213918443,0001047469-19-000712_same,same
-0.0011594803780853,-0.0035264367908802,-3,-0.0030988247498357,0.0019393443717504,0001047469-19-000712_same,same
0.0102292770635958,0.0064111023949868,-2,0.006479676792049,0.0037496002715468,0001047469-19-000712_same,same
0.0015081277996578,0.0012318625699112,-1,0.0014875599588564,2.056784080132308e-05,0001047469-19-000712_same,same
0.0018642934370154,-0.0007904570968998,0,-0.0004616944475344,0.0023259878845498,0001047469-19-000712_same,same
-0.0039361697638206,-0.0005440493877303,1,-0.000224189308881,-0.0037119804549395,0001047469-19-000712_same,same
-0.0074731034103994,-0.0028255083152146,2,-0.0024232204217077,-0.0050498829886917,0001047469-19-000712_same,same
0.0077463616352655,0.0068953205934343,3,0.0069464004621336,0.0007999611731318,0001047469-19-000712_same,same
-0.005531787717911,-0.003880558492514,4,-0.0034401522356118,-0.0020916354822992,0001047469-19-000712_same,same
-0.0039730082485136,-0.0011315328231061,5,-0.0007904473015622,-0.0031825609469514,0001047469-19-000712_same,same
0.0026544013838938,-0.0029199426368901,-5,-0.0034506047790176,0.0061050061629115,0001558370-20-001334_same,same
-0.0015885211688793,0.0047057858811645,-4,0.0039737210232234,-0.0055622421921027,0001558370-20-001334_same,same
0.0023860542575988,-0.0038155197636281,-3,-0.004322528865247,0.0067085831228459,0001558370-20-001334_same,same
-0.0091256659233374,-0.0105181030271228,-2,-0.0108480905538144,0.001722424630477,0001558370-20-001334_same,same
-0.0227575636226522,-0.0335136266712231,-1,-0.0332362806293892,0.010478717006737,0001558370-20-001334_same,same
-0.0322336150770955,-0.0302799955650561,0,-0.0300880527847177,-0.0021455622923777,0001558370-20-001334_same,same
-0.0138310028798455,-0.003778540605322,1,-0.0042865263615508,-0.0095444765182946,0001558370-20-001334_same,same
-0.0475135973714969,-0.0441632425840791,2,-0.043604630095093,-0.0039089672764039,0001558370-20-001334_same,same
-0.0222373719886967,-0.0082383404443618,3,-0.0086285386610211,-0.0136088333276756,0001558370-20-001334_same,same
0.0318862460111235,0.04603922900611,4,0.0442155087503167,-0.0123292627391931,0001558370-20-001334_same,same
-0.0402083162770955,-0.0281078961210758,5,-0.0279733205451952,-0.0122349957319002,0001558370-20-001334_same,same
-0.0060428786746,-0.0005692724183511,-5,-0.0014339890806212,-0.0046088895939787,0001558370-21-001489_same,same
-0.0008327690034437,-0.0003204020092266,-4,-0.0012358636616155,0.0004030946581718,0001558370-21-001489_same,same
0.0063347148867529,-0.0044158356273545,-3,-0.0044962332027607,0.0108309480895136,0001558370-21-001489_same,same
-0.0144122945094569,-0.0018548966445751,-2,-0.0024574729066038,-0.011954821602853,0001558370-21-001489_same,same
0.0157154637558565,-0.0077328394581538,-1,-0.0071368957714152,0.0228523595272717,0001558370-21-001489_same,same
-0.0012410296031681,0.0012563181187927,0,1.9361244863336065e-05,-0.0012603908480315,0001558370-21-001489_same,same
0.020710810602798,0.011351613765979,1,0.0080562133845854,0.0126545972182125,0001558370-21-001489_same,same
-0.0060058578591981,-0.0244788075251262,2,-0.0204683398414338,0.0144624819822356,0001558370-21-001489_same,same
-0.028905153856794,-0.0047502141699028,3,-0.0047624315390031,-0.0241427223177909,0001558370-21-001489_same,same
0.0152190412573263,0.0237907635068002,4,0.0179590048138495,-0.0027399635565232,0001558370-21-001489_same,same
-0.0033955949109789,-0.0080808516908706,5,-0.0074139478712157,0.0040183529602367,0001558370-21-001489_same,same
-0.0191423000467194,-0.0038405967262932,-5,-0.001414956806899,-0.0177273432398204,0001558370-22-001584_same,same
-0.0016135249002821,0.0157667211707204,-4,0.0058420054202933,-0.0074555303205754,0001558370-22-001584_same,same
-0.0058488706343865,0.000881207755895,-3,0.00033265380213,-0.0061815244365166,0001558370-22-001584_same,same
-0.0325901464262088,-0.021173138152195,-2,-0.0078299901678961,-0.0247601562583127,0001558370-22-001584_same,same
-0.0049611350841802,-0.0071661613961429,-1,-0.0026457981346086,-0.0023153369495715,0001558370-22-001584_same,same
-0.0034581925892872,-0.0101429452648328,0,-0.0037475504602997,0.0002893578710124,0001558370-22-001584_same,same
-0.0149288308366052,-0.0184121228454876,1,-0.0068080970209233,-0.0081207338156819,0001558370-22-001584_same,same
-0.0008193928685517,0.0149568560673292,2,0.0055422622073103,-0.006361655075862,0001558370-22-001584_same,same
0.0181193411446771,0.0223726776556034,3,0.0082869689250965,0.0098323722195805,0001558370-22-001584_same,same
-0.0134482482473188,-0.0024426034406476,4,-0.0008975385388276,-0.0125507097084911,0001558370-22-001584_same,same
-0.0094684383672115,-0.0154735036804118,5,-0.0057204700240505,-0.0037479683431609,0001558370-22-001584_same,same
-0.0245149307272667,-0.0200412342553273,-5,-0.0131214332379738,-0.0113934974892929,0001558370-23-002376_same,same
-0.0056184079225382,-0.0015735561458868,-4,-0.0005125357385384,-0.0051058721839997,0001558370-23-002376_same,same
-0.0013744588723317,0.0053294294160743,-3,0.0042005113957603,-0.0055749702680921,0001558370-23-002376_same,same
-0.0016819949132758,-0.0105375514855581,-2,-0.0066327473728074,0.0049507524595315,0001558370-23-002376_same,same
-0.0006127785185151,0.0030730045671669,-1,0.0026599263007391,-0.0032727048192543,0001558370-23-002376_same,same
-0.0091194611870074,-0.0030360018281855,0,-0.0015110276765785,-0.0076084335104288,0001558370-23-002376_same,same
-0.0085845938108055,-0.00472526484568,1,-0.0026643802589092,-0.0059202135518963,0001558370-23-002376_same,same
0.0057724842552182,0.0075821940867943,2,0.005738597486233,3.388676898521525e-05,0001558370-23-002376_same,same
0.0055069633971609,0.0161477371607488,3,0.0115867638884446,-0.0060798004912837,0001558370-23-002376_same,same
0.0042426524801477,0.0006871667698291,4,0.0010309838826052,0.0032116685975425,0001558370-23-002376_same,same
-0.0149013235962184,-0.0153269191153376,5,-0.0099027115325213,-0.004998612063697,0001558370-23-002376_same,same
0.0041204356177437,-0.0048034698371121,-5,-0.0008633825778941,0.0049838181956379,0000051143-24-000012_same,same
-0.0223831939882639,-0.0060053220011653,-4,-0.0016062539605634,-0.0207769400277005,0000051143-24-000012_same,same
-0.0203883234753502,0.0012641999229821,-3,0.0028870772199731,-0.0232754006953234,0000051143-24-000012_same,same
0.025097499732146,0.021122884217414,-2,0.0151618383769894,0.0099356613551566,0000051143-24-000012_same,same
0.008197216801183,0.0003479475462115,-1,0.0023207366247122,0.0058764801764707,0000051143-24-000012_same,same
-0.008561226207214,-0.0037867513501905,0,-0.0002349433315749,-0.008326282875639,0000051143-24-000012_same,same
0.0040187594955785,0.0017063496993998,1,0.0031603724101624,0.000858387085416,0000051143-24-000012_same,same
0.0023259702742417,-0.0016581550604305,2,0.0010807536536398,0.0012452166206019,0000051143-24-000012_same,same
-0.001457128481578,0.0052290946971491,3,0.0053378003214652,-0.0067949288030433,0000051143-24-000012_same,same
0.0171325944467306,0.0080078289488876,4,0.0070553511296259,0.0100772433171046,0000051143-24-000012_same,same
0.0258232803396443,-0.0011932620709189,5,0.0013681065479816,0.0244551737916626,0000051143-24-000012_same,same
0.0068508618897749,0.0024449877750611,-5,0.0026007855092165,0.0042500763805583,0000051143-25-000015_same,same
0.0047516583761177,0.0023769693899173,-4,0.0025506533096897,0.002201005066428,0000051143-25-000015_same,same
0.0015888411238111,-0.0043341850761716,-3,-0.0023957289667829,0.0039845700905941,0000051143-25-000015_same,same
-0.012313897683303,-0.0170641267025635,-2,-0.0117781918439949,-0.000535705839308,0000051143-25-000015_same,same
0.0014916584720412,-0.0049691065044024,-1,-0.002863690792937,0.0043553492649782,0000051143-25-000015_same,same
-0.0157331487739668,-0.0046797309154723,0,-0.0026504097111857,-0.013082739062781,0000051143-25-000015_same,same
-0.0074102399209907,0.0001360242800469,1,0.0008989894670497,-0.0083092293880405,0000051143-25-000015_same,same
-0.0102017743801769,-0.0158645536555098,2,-0.0108940597786011,0.0006922853984241,0000051143-25-000015_same,same
-0.003119607727655,0.0158541446349889,3,0.0124838564725705,-0.0156034642002256,0000051143-25-000015_same,same
-0.0089130168347416,-0.0175967394669998,4,-0.0121707481994689,0.0032577313647272,0000051143-25-000015_same,same
0.0120709081430037,-0.0122348266022004,5,-0.0082188095432439,0.0202897176862476,0000051143-25-000015_same,same
-0.0155118624914636,0.0010313220779065,-5,0.0024596776822604,-0.017971540173724,0000051143-26-000010_same,same
0.0096008871079924,0.0055660701474107,-4,0.0072979287397262,0.0023029583682661,0000051143-26-000010_same,same
-0.0172936599629264,-0.0028221256867719,-3,-0.001651674797875,-0.0156419851650513,0000051143-26-000010_same,same
0.0034338314797244,0.0069397247635067,-2,0.0087635197267127,-0.0053296882469883,0000051143-26-000010_same,same
-0.1314746233312285,-0.0103856522472848,-1,-0.0097214153476678,-0.1217532079835606,0000051143-26-000010_same,same
0.0267294118560379,0.0076516140863223,0,0.0095230545930647,0.0172063572629731,0000051143-26-000010_same,same
0.0358450257566922,0.0081363556573399,1,0.0100402390943043,0.0258047866623878,0000051143-26-000010_same,same
0.0188178600675266,-0.0053655805693283,2,-0.0043653587967505,0.0231832188642771,0000051143-26-000010_same,same
-0.0074376538036604,-0.0043393528110311,3,-0.0032704473571994,-0.0041672064464609,0000051143-26-000010_same,same
-0.0034970170624916,0.0003983547353176,4,0.0017843469102564,-0.005281363972748,0000051143-26-000010_same,same
0.0246898473342822,-0.0094440310956254,5,-0.0087167730912686,0.0334066204255509,0000051143-26-000010_same,same
-0.0033839438807118,0.0035660501028451,-5,0.0043056768857192,-0.0076896207664311,0000050863-17-000012_same,same
0.0130165627092524,0.0052458450979924,-4,0.0062789323088862,0.0067376304003661,0000050863-17-000012_same,same
0.0036312785269034,0.0040073351766347,-3,0.0048240545255702,-0.0011927759986667,0000050863-17-000012_same,same
0.0033396775607072,0.0049923089198982,-2,0.0059811033238977,-0.0026414257631904,0000050863-17-000012_same,same
0.0099861341586429,-0.0008641180363413,-1,-0.0008984422665854,0.0108845764252283,0000050863-17-000012_same,same
0.0019228397169743,0.0016785565287558,0,0.0020884379119014,-0.000165598194927,0000050863-17-000012_same,same
0.0010963570752517,0.0060480661608284,1,0.0072213015071473,-0.0061249444318955,0000050863-17-000012_same,same
-0.0123222085914355,-0.001082200145408,2,-0.0011546233515718,-0.0111675852398636,0000050863-17-000012_same,same
0.0030497842011261,0.0004189867216857,3,0.0006088210778004,0.0024409631233257,0000050863-17-000012_same,same
0.0096735206031652,0.0014933641914423,4,0.0018708924465389,0.0078026281566263,0000050863-17-000012_same,same
-0.0005470792319325,0.0010179830611165,5,0.0013124621641553,-0.0018595413960879,0000050863-17-000012_same,same
0.0280702639750325,0.0149360902084947,-5,0.0246034836073541,0.0034667803676784,0000050863-18-000007_same,same
0.0200227118639191,0.0139145847540425,-4,0.0229484940237786,-0.0029257821598595,0000050863-18-000007_same,same
-0.0082531127751237,0.002612929746329,-3,0.004638145083979,-0.0128912578591028,0000050863-18-000007_same,same
0.0206926635535695,0.0134024582572458,-2,0.0221187735225543,-0.0014261099689848,0000050863-18-000007_same,same
0.0118992763124328,0.0120691127622993,-1,0.0199585570539825,-0.0080592807415497,0000050863-18-000007_same,same
-0.0078395984791999,0.0003734693722488,0,0.0010098887924643,-0.0088494872716643,0000050863-18-000007_same,same
0.0166811021246822,-0.0058413894593534,1,-0.009059099664586,0.0257402017892682,0000050863-18-000007_same,same
-0.0082038503939787,-0.0054965031281792,2,-0.008500332911924,0.0002964825179453,0000050863-18-000007_same,same
-0.0030472912246423,0.0009735510790762,3,0.0019821097138163,-0.0050294009384586,0000050863-18-000007_same,same
0.0421398072102467,0.0160283763505131,4,0.0263731483501563,0.0157666588600904,0000050863-18-000007_same,same
0.028912697753771,0.0117570153438109,5,0.0194529131786533,0.0094597845751177,0000050863-18-000007_same,same
-0.054662356507417,0.0084886940607138,-5,0.0117330293293692,-0.0663953858367862,0000050863-19-000007_same,same
-0.0070155683747716,-0.0078468274939378,-4,-0.0089552929342831,0.0019397245595114,0000050863-19-000007_same,same
-0.0036392753257777,-0.0014562465775435,-3,-0.0008618631035921,-0.0027774122221856,0000050863-19-000007_same,same
0.0214870164354608,0.0155492609197442,-2,0.0206749711005575,0.0008120453349033,0000050863-19-000007_same,same
-0.0088345884290518,0.0085973959487253,-1,0.0118706961728994,-0.0207052846019513,0000050863-19-000007_same,same
0.0341680000827799,0.0008986100931438,0,0.002120474100941,0.0320475259818389,0000050863-19-000007_same,same
0.0100552892644376,0.006776236617404,1,0.0095642665303696,0.0004910227340679,0000050863-19-000007_same,same
0.0160504493639523,0.0047084203769747,2,0.006945455210456,0.0091049941534963,0000050863-19-000007_same,same
0.0041250272986916,-0.0022244379802809,3,-0.0018347485573457,0.0059597758560374,0000050863-19-000007_same,same
-0.0134267114703304,-0.0093571401439401,4,-0.0108680469726273,-0.0025586644977031,0000050863-19-000007_same,same
-0.0079220579367309,0.000676201086956,5,0.0018388014785544,-0.0097608594152854,0000050863-19-000007_same,same
0.0122158668180694,0.0083665530264682,-5,0.0121160296070136,9.983721105573384e-05,0000050863-20-000011_same,same
-0.001005836256874,0.0038621622485013,-4,0.0060429386417195,-0.0070487748985935,0000050863-20-000011_same,same
0.0159397922303707,-0.0026519776473655,-3,-0.0027398171399862,0.018679609370357,0000050863-20-000011_same,same
0.0360031928495709,0.000289076071118,-2,0.0012254886353331,0.0347777042142378,0000050863-20-000011_same,same
0.0094052708867891,0.0011409766124783,-1,0.0023740722587547,0.0070311986280343,0000050863-20-000011_same,same
0.081333147199621,-0.0090421609742074,0,-0.0113554472089059,0.0926885944085269,0000050863-20-000011_same,same
-0.0406018113940114,-0.0157307116591823,1,-0.020373354121984,-0.0202284572720273,0000050863-20-000011_same,same
0.0246612322860957,0.010053584595046,2,0.0143905871847911,0.0102706451013046,0000050863-20-000011_same,same
-0.0145596052230108,-0.0008668741908683,3,-0.0003330331356327,-0.014226572087378,0000050863-20-000011_same,same
0.0021106648721485,0.0031343587926053,4,0.0050616701838113,-0.0029510053116628,0000050863-20-000011_same,same
-0.038212595104525,-0.0177058203755262,5,-0.0230363146624804,-0.0151762804420445,0000050863-20-000011_same,same
0.0403863018887273,-0.0037534511943366,-5,-0.0046429341951317,0.0450292360838591,0000050863-21-000010_same,same
-0.0281853972862579,-0.0071900279753709,-4,-0.0077480083648932,-0.0204373889213646,0000050863-21-000010_same,same
0.0071203234334789,0.0081363795155244,-3,0.0060999674108426,0.0010203560226362,0000050863-21-000010_same,same
0.0117261837496995,0.0139356254219462,-2,0.0113398004817935,0.000386383267906,0000050863-21-000010_same,same
0.0645986424383548,0.0003167233075522,-1,-0.000965381060866,0.0655640234992209,0000050863-21-000010_same,same
-0.0928595672281558,-0.0030106116552376,0,-0.0039717512092419,-0.0888878160189138,0000050863-21-000010_same,same
-0.0215318377325196,0.0036158389430824,1,0.0020154918820798,-0.0235473296145995,0000050863-21-000010_same,same
-0.0041486666832085,-0.0014888337468982,2,-0.0025967686098785,-0.0015518980733299,0000050863-21-000010_same,same
-0.0293424812466528,-0.025677883699462,3,-0.0244524694960878,-0.0048900117505649,0000050863-21-000010_same,same
0.0462772645325801,0.0097606259756297,4,0.0075675341349248,0.0387097303976553,0000050863-21-000010_same,same
-0.0099876291961805,-0.0193114751731245,5,-0.0187001840303953,0.0087125548342148,0000050863-21-000010_same,same
-0.0294664680977384,-0.0110373784941483,-5,-0.0132077849830959,-0.0162586831146425,0000050863-22-000007_same,same
0.0,-0.0189148218679086,-4,-0.0218724294751051,0.0218724294751051,0000050863-22-000007_same,same
-0.0019215217389931,0.0027717389433818,-3,0.0019812919378707,-0.0039028136768638,0000050863-22-000007_same,same
-0.0180978859944757,-0.0121719062536467,-2,-0.014455687282859,-0.0036421987116166,0000050863-22-000007_same,same
0.013529369495848,-0.0014966358477518,-1,-0.0027136259903267,0.0162429954861748,0000050863-22-000007_same,same
-0.0704197121181062,-0.0053840887577105,0,-0.0069895561171517,-0.0634301560009545,0000050863-22-000007_same,same
-0.0066598558427927,0.0243476468880761,1,0.0257133028280807,-0.0323731586708734,0000050863-22-000007_same,same
0.0228367553437083,0.0188859517327795,2,0.0197058147892572,0.003130940554451,0000050863-22-000007_same,same
0.0026628545730253,0.0068630035578014,3,0.0064814008849897,-0.0038185463119643,0000050863-22-000007_same,same
0.0114402749302591,0.0094225154473364,4,0.0092966874625821,0.002143587467677,0000050863-22-000007_same,same
-0.0248434186486015,-0.024391082077444,5,-0.0278959380692024,0.0030525194206009,0000050863-22-000007_same,same
0.0281492342041091,0.0189184010459815,-5,0.0249351101872794,0.0032141240168297,0000050863-23-000006_same,same
0.0359342778894835,0.0118813449836652,-4,0.0150193914397544,0.020914886449729,0000050863-23-000006_same,same
-0.0115625554211326,-0.0007115031258156,-3,-0.0027248383884803,-0.0088377170326522,0000050863-23-000006_same,same
-0.0073528726360844,-0.0001817250594663,-2,-0.001978342942372,-0.0053745296937123,0000050863-23-000006_same,same
0.0131312382572463,0.0110078534691813,-1,0.0137885789935735,-0.0006573407363271,0000050863-23-000006_same,same
-0.0641408867232113,0.002494840970949,0,0.0017931313405886,-0.0659340180638,0000050863-23-000006_same,same
-0.0074572847675373,-0.0129687409846833,1,-0.0199961692054812,0.0125388844379438,0000050863-23-000006_same,same
0.011091065259873,0.0146424702855101,2,0.0189100158254805,-0.0078189505656074,0000050863-23-000006_same,same
0.0286624917128062,0.0104523039445902,3,0.0130057697069366,0.0156567220058696,0000050863-23-000006_same,same
0.0385277337464535,0.0146993732443099,4,0.0189901961921514,0.019537537554302,0000050863-23-000006_same,same
0.0043060152324259,-0.0103546106913104,5,-0.0163126713721645,0.0206186866045904,0000050863-23-000006_same,same
0.0301669500529415,0.0123135027649361,-5,0.0209509848238911,0.0092159652290504,0000050863-24-000010_same,same
0.0014537445181501,0.002194325202627,-4,0.0063140517056388,-0.0048603071874886,0000050863-24-000010_same,same
0.0138946254820606,0.002921374261968,-3,0.0073656953189399,0.0065289301631207,0000050863-24-000010_same,same
0.0040907442276305,0.0008119284117831,-2,0.0043144772099964,-0.0002237329823659,0000050863-24-000010_same,same
0.0093706555174917,0.0052603655277063,-1,0.0107489404996852,-0.0013782849821934,0000050863-24-000010_same,same
-0.1190716931412595,-0.0006517852510764,0,0.0021972815332107,-0.1212689746744703,0000050863-24-000010_same,same
0.0043527964119831,0.0075567748961808,1,0.0140705928900618,-0.0097177964780787,0000050863-24-000010_same,same
-0.0209854741113519,-0.0006006499345398,2,0.0022712464580791,-0.0232567205694311,0000050863-24-000010_same,same
0.0037280708667621,-0.0161057446115979,3,-0.0201561724090014,0.0238842432757636,0000050863-24-000010_same,same
0.0064995105849687,0.0124936882116097,4,0.0212116149309927,-0.0147121043460239,0000050863-24-000010_same,same
-0.0175278116420447,0.0106844460775146,5,0.0185946279329473,-0.0361224395749921,0000050863-24-000010_same,same
-0.0343068976164951,-0.0028551323193988,-5,-0.0091898667787677,-0.0251170308377274,0000050863-25-000009_same,same
-0.0259241003435698,-0.0145807156908095,-4,-0.0383574605823131,0.0124333602387432,0000050863-25-000009_same,same
-0.0241499091353817,0.0092178694499676,-3,0.0208419363686093,-0.044991845503991,0000050863-25-000009_same,same
-0.0025252140902591,-0.0046788957603215,-2,-0.0137265102491719,0.0112012961589127,0000050863-25-000009_same,same
0.0131645685509791,0.0052754144053117,-1,0.0110350104623356,0.0021295580886434,0000050863-25-000009_same,same
-0.0289855031020391,-0.0050468257540199,0,-0.0146417425463129,-0.0143437605557261,0000050863-25-000009_same,same
-0.0025733990542378,-0.0076085976846667,1,-0.0210141950481316,0.0184407959938938,0000050863-25-000009_same,same
-0.0046438725044659,0.0072248818286797,2,0.0158843447885646,-0.0205282172930305,0000050863-25-000009_same,same
0.018662451317623,0.0039086729306143,3,0.0076352171296107,0.0110272341880122,0000050863-25-000009_same,same
-0.0137404815778754,0.0036442987226186,4,0.0069775816613614,-0.0207180632392368,0000050863-25-000009_same,same
-0.0144478220547972,-0.0094647701115428,5,-0.0256314564381678,0.0111836343833706,0000050863-25-000009_same,same
-0.0082102117376164,0.0025799262171273,-5,0.0103357116648274,-0.0185459234024439,0000050863-26-000011_same,same
-0.0281457081734468,-0.0006423023039563,-4,0.0036349156056781,-0.031780623779125,0000050863-26-000011_same,same
0.0340715996595366,-0.0206267580562774,-3,-0.0379238259525897,0.0719954256121264,0000050863-26-000011_same,same
0.1171745977305223,0.0115877413232745,-2,0.0290679435875083,0.0881066541430139,0000050863-26-000011_same,same
0.0012903169552851,0.0054875021926288,-1,0.0163821709742265,-0.0150918540189413,0000050863-26-000011_same,same
-0.1702871879964567,0.0003268698377891,0,0.0056503607628272,-0.1759375487592839,0000050863-26-000011_same,same
-0.0572442430403146,0.0050060830312763,1,0.0153810341528986,-0.0726252771932133,0000050863-26-000011_same,same
0.0338902934767062,0.0040818961771371,2,0.0134591383005055,0.0204311551762006,0000050863-26-000011_same,same
0.1104028782251038,-8.172305219089626e-05,3,0.0048006700568266,0.1056022081682772,0000050863-26-000011_same,same
-0.0024600027652256,-0.0012926312740076,4,0.0022825218287758,-0.0047425245940014,0000050863-26-000011_same,same
-0.0450061371470689,-0.0043018996208942,5,-0.0039754121904284,-0.0410307249566404,0000050863-26-000011_same,same
0.0066061215710304,0.0016785565287558,-5,0.0001984048499314,0.006407716721099,0000200406-17-000006_same,same
0.0067301850892933,0.0060480661608284,-4,0.002481725677095,0.0042484594121982,0000200406-17-000006_same,same
-0.001169825580801,-0.001082200145408,-3,-0.001244249759771,7.442417897004974e-05,0000200406-17-000006_same,same
0.0182393174781485,0.0004189867216857,-2,-0.0004597930294459,0.0186991105075945,0000200406-17-000006_same,same
0.0151368362149215,0.0014933641914423,-1,0.0001016311713211,0.0150352050436004,0000200406-17-000006_same,same
-0.0026888168787154,0.0010179830611165,0,-0.0001467828904642,-0.0025420339882512,0000200406-17-000006_same,same
-0.0015524394664431,-0.0025783763780462,1,-0.002026088144567,0.0004736486781238,0000200406-17-000006_same,same
0.0135018563415483,0.0136738546598662,2,0.0064666400426776,0.0070352162988706,0000200406-17-000006_same,same
-0.0018572548313949,-0.0058598805035984,3,-0.0037408633356546,0.0018836085042596,0000200406-17-000006_same,same
0.0012941468284093,0.00050387727206,4,-0.000415432820173,0.0017095796485823,0000200406-17-000006_same,same
-0.0006461971850321,-0.0032772408480052,5,-0.002391285142397,0.0017450879573648,0000200406-17-000006_same,same
-0.0023796435490095,0.002612929746329,-5,0.0014036316832689,-0.0037832752322784,0000200406-18-000005_same,same
-0.0022317529601698,0.0134024582572458,-4,0.0069270099267518,-0.0091587628869216,0000200406-18-000005_same,same
0.0120310155769323,0.0120691127622993,-3,0.006244443353951,0.0057865722229813,0000200406-18-000005_same,same
0.0146306860253435,0.0003734693722488,-2,0.0002572065457087,0.0143734794796348,0000200406-18-000005_same,same
-0.0171235898258682,-0.0058413894593534,-1,-0.002924305604897,-0.0141992842209711,0000200406-18-000005_same,same
-0.0073353562839725,-0.0054965031281792,0,-0.0027477513044793,-0.0045876049794931,0000200406-18-000005_same,same
0.0,0.0009735510790762,1,0.0005644005292502,-0.0005644005292502,0000200406-18-000005_same,same
0.01624181414328,0.0160283763505131,2,0.0082712706005009,0.007970543542779,0000200406-18-000005_same,same
0.0067846888785874,0.0117570153438109,3,0.0060846743622492,0.0007000145163381,0000200406-18-000005_same,same
-0.003028925417333,-0.0127068884438292,4,-0.006438893631903,0.00340996821457,0000200406-18-000005_same,same
-0.0135945150293145,-0.011095788639207,5,-0.0056141390006023,-0.0079803760287121,0000200406-18-000005_same,same
0.0163634595848203,0.0128902247439735,-5,0.0084039823202936,0.0079594772645266,0000200406-19-000009_same,same
0.0021617017936175,0.0030239946687606,-4,0.0021333617981956,2.833999542185221e-05,0000200406-19-000009_same,same
-0.0010414598293614,-0.0026516415551012,-3,-0.0014738681883342,0.0004324083589728,0000200406-19-000009_same,same
0.0154119407655914,0.0108787526085869,-2,0.0071255630704252,0.0082863776951662,0000200406-19-000009_same,same
-0.0050590856335682,0.0014987433214488,-1,0.0011639669709009,-0.0062230526044691,0000200406-19-000009_same,same
0.004864136610883,0.0017771107537685,0,0.0013408872860041,0.0035232493248789,0000200406-19-000009_same,same
-0.0068207073769115,-0.0035264367908802,1,-0.0020298565360914,-0.00479085084082,0000200406-19-000009_same,same
0.0087138080868856,0.0064111023949868,2,0.004286085488675,0.0044277225982105,0000200406-19-000009_same,same
0.0036843161884005,0.0012318625699112,3,0.0009943471764315,0.0026899690119689,0000200406-19-000009_same,same
-0.0006608402686227,-0.0007904570968998,4,-0.0002909663737568,-0.0003698738948659,0000200406-19-000009_same,same
-0.0017631535011811,-0.0005440493877303,5,-0.0001343585077186,-0.0016287949934625,0000200406-19-000009_same,same
-0.0001975334841612,0.0073263978048905,-5,0.0036872766213468,-0.0038848101055081,0000200406-20-000010_same,same
0.0008562281334552,0.0016884725532351,-4,0.0017783700943263,-0.0009221419608711,0000200406-20-000010_same,same
-0.005921983894798,0.0064626464661976,-3,0.003394824966783,-0.009316808861581,0000200406-20-000010_same,same
-0.0066179996103735,-0.0016304457368023,-2,0.0006546402639884,-0.007272639874362,0000200406-20-000010_same,same
0.0002663735008998,0.0018435333204338,-1,0.0018308710583118,-0.001564497557412,0000200406-20-000010_same,same
-0.0065944120233772,-0.0029199426368901,0,0.0002180383334418,-0.0068124503568191,0000200406-20-000010_same,same
-0.0013407824392024,0.0047057858811645,1,0.0027999815646201,-0.0041407640038226,0000200406-20-000010_same,same
-0.0038272876960847,-0.0038155197636281,2,-8.518899689184548e-05,-0.0037420986991929,0000200406-20-000010_same,same
0.0105144439058513,-0.0105181030271228,3,-0.0023545707940035,0.0128690146998549,0000200406-20-000010_same,same
-0.0206070884446825,-0.0335136266712231,4,-0.0101404677715466,-0.0104666206731359,0000200406-20-000010_same,same
-0.0086350850270106,-0.0302799955650561,5,-0.0090456147451205,0.0004105297181099,0000200406-20-000010_same,same
0.0031315829829134,0.0047110331133788,-5,0.0029681937016454,0.000163389281268,0000200406-21-000008_same,same
-0.0090648257661701,-0.0005692724183511,-4,-0.0001487787900356,-0.0089160469761345,0000200406-21-000008_same,same
0.0035745267389604,-0.0003204020092266,-3,-1.8702040507663088e-06,0.0035763969430111,0000200406-21-000008_same,same
0.0004828455525296,-0.0044158356273545,-2,-0.0024194109793907,0.0029022565319203,0000200406-21-000008_same,same
-0.0166527198547504,-0.0018548966445751,-1,-0.0009076847517643,-0.0157450351029861,0000200406-21-000008_same,same
-0.0006176484294262,-0.0077328394581538,0,-0.0043774434518061,0.0037597950223799,0000200406-21-000008_same,same
-0.0088338924094311,0.0012563181187927,1,0.0009288701170507,-0.0097627625264818,0000200406-21-000008_same,same
0.0134007075107764,0.011351613765979,2,0.0068881386931927,0.0065125688175837,0000200406-21-000008_same,same
0.0010451134447269,-0.0244788075251262,3,-0.0142626142052153,0.0153077276499423,0000200406-21-000008_same,same
-0.0264187404625756,-0.0047502141699028,4,-0.0026167951482931,-0.0238019453142824,0000200406-21-000008_same,same
0.0054271035083568,0.0237907635068002,5,0.014230987952398,-0.0088038844440411,0000200406-21-000008_same,same
-0.0120707996912419,-0.0181157256684597,-5,-0.0049422267432202,-0.0071285729480216,0000200406-22-000022_same,same
-0.0100929401994038,-0.0189694543445634,-4,-0.0051570534132175,-0.0049358867861863,0000200406-22-000022_same,same
-0.0125814978083457,-0.0038405967262932,-3,-0.001350127168419,-0.0112313706399266,0000200406-22-000022_same,same
0.0103262860937656,0.0157667211707204,-2,0.0035837293708946,0.0067425567228709,0000200406-22-000022_same,same
-0.000597708578884,0.000881207755895,-1,-0.0001619633387626,-0.0004357452401213,0000200406-22-000022_same,same
-0.0061001277444893,-0.021173138152195,0,-0.0057115739153061,-0.0003885538291831,0000200406-22-000022_same,same
-0.0107187171900353,-0.0071661613961429,1,-0.0021869503932695,-0.0085317667967657,0000200406-22-000022_same,same
-0.0135897658546649,-0.0101429452648328,2,-0.0029360087108733,-0.0106537571437916,0000200406-22-000022_same,same
0.0004965766308027,-0.0184121228454876,3,-0.0050168101797613,0.005513386810564,0000200406-22-000022_same,same
-0.0191044141155439,0.0149568560673292,4,0.003379940241891,-0.022484354357435,0000200406-22-000022_same,same
0.0497028089401554,0.0223726776556034,5,0.005246008820463,0.0444568001196923,0000200406-22-000022_same,same
-0.0135075821185084,-0.0088297961777351,-5,-0.0027814196102369,-0.0107261625082715,0000200406-23-000016_same,same
0.0046467527137452,0.0021952617756952,-4,0.0013529415526903,0.0032938111610548,0000200406-23-000016_same,same
0.003700333916222,0.0114486093427661,-3,0.004822917036716,-0.0011225831204939,0000200406-23-000016_same,same
-0.0043625402211138,-0.0002804145319874,-2,0.0004245709244636,-0.0047871111455774,0000200406-23-000016_same,same
-0.0164775901629206,0.002773175690496,-1,0.001569657406245,-0.0180472475691656,0000200406-23-000016_same,same
-0.0070901403917498,-0.0137887414891306,0,-0.0046410081032057,-0.002449132288544,0000200406-23-000016_same,same
0.0208770393784019,-0.0027674058253277,1,-0.0005080427868797,0.0213850821652816,0000200406-23-000016_same,same
-0.0149012659441631,-0.0200412342553273,2,-0.0069856727184157,-0.0079155932257474,0000200406-23-000016_same,same
-0.0013924231941885,-0.0015735561458868,3,-6.0353008748664414e-05,-0.0013320701854398,0000200406-23-000016_same,same
-0.0003170079579044,0.0053294294160743,4,0.0025282443062196,-0.0028452522641241,0000200406-23-000016_same,same
-0.0111582414100058,-0.0105375514855581,5,-0.0034218223410225,-0.0077364190689833,0000200406-23-000016_same,same
0.0023017429183567,0.0057423415255595,-5,0.0020722307162889,0.0002295122020677,0000200406-24-000013_same,same
0.006953412880329,-0.0009489536011326,-4,-0.0008927139378559,0.0078461268181849,0000200406-24-000013_same,same
-0.0087425751032264,-0.0136742556536254,-3,-0.0065313557222259,-0.0022112193810004,0000200406-24-000013_same,same
-0.0046653762247758,0.0095797632750176,-2,0.0037726105211444,-0.0084379867459202,0000200406-24-000013_same,same
0.0139976942184836,0.0058212506847294,-1,0.0021071957395339,0.0118904984789496,0000200406-24-000013_same,same
-0.001148353827846,-0.0048034698371121,0,-0.0026006683908874,0.0014523145630414,0000200406-24-000013_same,same
0.0083677167845201,-0.0060053220011653,1,-0.0031332147935513,0.0115009315780715,0000200406-24-000013_same,same
0.0051943917151733,0.0012641999229821,2,8.794490111083207e-05,0.0051064468140624,0000200406-24-000013_same,same
0.0111545658165572,0.021122884217414,3,0.0088874222402959,0.0022671435762613,0000200406-24-000013_same,same
0.0086632482174278,0.0003479475462115,4,-0.0003180508792152,0.008981299096643,0000200406-24-000013_same,same
-0.006487879566581,-0.0037867513501905,5,-0.0021501555999416,-0.0043377239666393,0000200406-24-000013_same,same
-0.0076281817145105,0.0036442987226186,-5,-0.0007737115285661,-0.0068544701859443,0000200406-25-000038_same,same
-0.0025404138774089,-0.0094647701115428,-4,-0.0008660068602777,-0.0016744070171312,0000200406-25-000038_same,same
0.0073143344927155,0.0067125410858628,-3,-0.0007521093499317,0.0080664438426472,0000200406-25-000038_same,same
0.0122537743267976,0.0003395827888592,-2,-0.0007969786161966,0.0130507529429943,0000200406-25-000038_same,same
-0.0055723716475503,-0.0027238667143857,-1,-0.0008185470503593,-0.0047538245971909,0000200406-25-000038_same,same
0.0128173224093655,0.0104262921222306,0,-0.0007259624215623,0.0135432848309278,0000200406-25-000038_same,same
-0.0069953156930633,-7.194380749464546e-05,1,-0.0007998759984744,-0.0061954396945888,0000200406-25-000038_same,same
0.0005164589966655,0.0024449877750611,2,-0.0007821553626119,0.0012986143592774,0000200406-25-000038_same,same
0.018710875182897,0.0023769693899173,3,-0.0007826342508913,0.0194935094337884,0000200406-25-000038_same,same
0.0113370022303533,-0.0043341850761716,4,-0.0008298846113442,0.0121668868416976,0000200406-25-000038_same,same
0.016407754219726,-0.0170641267025635,5,-0.0009195106709782,0.0173272648907043,0000200406-25-000038_same,same
0.0058772357317469,-0.0050723919062231,-5,0.0024263514605318,0.003450884271215,0000200406-26-000016_same,same
0.0141595760782875,-0.0122510155676747,-4,0.0029429060217733,0.0112166700565141,0000200406-26-000016_same,same
0.009251934979171,0.0196957966973359,-3,0.0006440988449559,0.0086078361342151,0000200406-26-000016_same,same
-0.0056252937041081,0.0046910867168872,-2,0.0017237976487986,-0.0073490913529067,0000200406-26-000016_same,same
-0.0012151164830424,-0.0033037129754581,-1,0.0022990820545642,-0.0035141985376066,0000200406-26-000016_same,same
0.0105307034556223,-4.895607156218951e-05,0,0.0020648784517945,0.0084658250038277,0000200406-26-000016_same,same
0.0153200540092106,-0.0156610121277019,1,0.0031882802550485,0.0121317737541621,0000200406-26-000016_same,same
-0.0044980300989144,0.0004990891480125,2,0.002025442583404,-0.0065234726823185,0000200406-26-000016_same,same
-0.0004929252175764,0.0010313220779065,3,0.0019871445250929,-0.0024800697426694,0000200406-26-000016_same,same
0.0068220342249889,0.0055660701474107,4,0.0016608361810628,0.005161198043926,0000200406-26-000016_same,same
0.0078370373154914,-0.0028221256867719,5,0.0022644283211553,0.0055726089943361,0000200406-26-000016_same,same
0.008644684906327,0.0060480661608284,-5,0.0080870210644574,0.0005576638418696,0000019617-17-000314_same,same
0.0005493998635326,-0.001082200145408,-4,0.0010769291121646,-0.0005275292486319,0000019617-17-000314_same,same
0.0007689956613281,0.0004189867216857,-3,0.0025528147977662,-0.001783819136438,0000019617-17-000314_same,same
-0.0087789276496607,0.0014933641914423,-2,0.003609084582231,-0.0123880122318917,0000019617-17-000314_same,same
0.0011070714186869,0.0010179830611165,-1,0.0031417155818539,-0.002034644163167,0000019617-17-000314_same,same
0.0021014129450851,-0.0025783763780462,0,-0.0003940303888087,0.0024954433338939,0000019617-17-000314_same,same
0.032883907925447,0.0136738546598662,1,0.0155842836197474,0.0172996243056996,0000019617-17-000314_same,same
-0.0155980673853005,-0.0058598805035984,2,-0.0036202276546568,-0.0119778397306436,0000019617-17-000314_same,same
0.0071631606450917,0.00050387727206,3,0.0026362745927368,0.0045268860523548,0000019617-17-000314_same,same
-0.0094827770035188,-0.0032772408480052,4,-0.0010811161141088,-0.00840166088941,0000019617-17-000314_same,same
-0.0055485280925807,-0.0029133737680216,5,-0.0007233816930443,-0.0048251463995364,0000019617-17-000314_same,same
0.0002615796839722,-0.0058413894593534,-5,-0.005797595500352,0.0060591751843243,0000019617-18-000057_same,same
0.0041845145399352,-0.0054965031281792,-4,-0.0054029969890927,0.009587511529028,0000019617-18-000057_same,same
-0.0018232003070828,0.0009735510790762,-3,0.0019996557900367,-0.0038228560971195,0000019617-18-000057_same,same
0.0202642386255356,0.0160283763505131,-2,0.0192244951136295,0.0010397435119061,0000019617-18-000057_same,same
0.0124458473169575,0.0117570153438109,-1,0.0143374568579883,-0.0018916095410308,0000019617-18-000057_same,same
-0.0118716841372288,-0.0127068884438292,0,-0.0136526927699465,0.0017810086327177,0000019617-18-000057_same,same
-0.0158488175451586,-0.011095788639207,1,-0.0118093678047913,-0.0040394497403673,0000019617-18-000057_same,same
-0.017922189056179,-0.0133243995419872,2,-0.0143592123910335,-0.0035629766651454,0000019617-18-000057_same,same
-0.0009693293745908,0.005071602744632,3,0.0066884037632799,-0.0076577331378707,0000019617-18-000057_same,same
0.0153546308531451,0.011032026532745,4,0.0135079676040874,0.0018466632490576,0000019617-18-000057_same,same
0.0008689971043978,0.0026388586061694,5,0.0039050020203229,-0.0030360049159251,0000019617-18-000057_same,same
-0.0035053170818376,0.0014987433214488,-5,0.0011998713144126,-0.0047051883962502,0000019617-19-000054_same,same
0.0048490189016727,0.0017771107537685,-4,0.0014355626899411,0.0034134562117315,0000019617-19-000054_same,same
-0.0020817939392482,-0.0035264367908802,-3,-0.0030549066353059,0.0009731126960577,0000019617-19-000054_same,same
-0.0044562518268861,0.0064111023949868,-2,0.0053591246346886,-0.0098153764615747,0000019617-19-000054_same,same
0.0104760398612515,0.0012318625699112,-1,0.0009739056153801,0.0095021342458713,0000019617-19-000054_same,same
-0.0076342946635286,-0.0007904570968998,0,-0.0007383755234628,-0.0068959191400657,0000019617-19-000054_same,same
-0.0012345385532961,-0.0005440493877303,1,-0.0005297441780822,-0.0007047943752139,0000019617-19-000054_same,same
-0.0076075961395852,-0.0028255083152146,2,-0.0024614363604247,-0.0051461597791605,0000019617-19-000054_same,same
0.0006709163704579,0.0068953205934343,3,0.0057691081313103,-0.0050981917608524,0000019617-19-000054_same,same
-0.0022982058469118,-0.003880558492514,4,-0.0033547385167407,0.0010565326698288,0000019617-19-000054_same,same
-0.0007678332545122,-0.0011315328231061,5,-0.0010271614866736,0.0002593282321614,0000019617-19-000054_same,same
-0.0132401860964846,-0.0029199426368901,-5,-0.0030625751023984,-0.0101776109940862,0000019617-20-000257_same,same
0.0136389522687501,0.0047057858811645,-4,0.0067325834339893,0.0069063688347607,0000019617-20-000257_same,same
0.0,-0.0038155197636281,-3,-0.0042129333818982,0.0042129333818982,0000019617-20-000257_same,same
-0.0122192624920812,-0.0105181030271228,-2,-0.0128223227030406,0.0006030602109593,0000019617-20-000257_same,same
-0.0268755089185578,-0.0335136266712231,-1,-0.0423598021960397,0.0154842932774819,0000019617-20-000257_same,same
-0.0446429950417111,-0.0302799955650561,0,-0.0382062410958628,-0.0064367539458482,0000019617-20-000257_same,same
0.0030098939729261,-0.003778540605322,1,-0.0041654340882513,0.0071753280611775,0000019617-20-000257_same,same
-0.0416141313500754,-0.0441632425840791,2,-0.0560391085037699,0.0144249771536945,0000019617-20-000257_same,same
-0.0433384673502089,-0.0082383404443618,3,-0.0098939944953685,-0.0334444728548403,0000019617-20-000257_same,same
0.0465936042748591,0.04603922900611,4,0.0598249046863192,-0.0132313004114601,0000019617-20-000257_same,same
-0.0375247326071465,-0.0281078961210758,5,-0.0354162049228974,-0.002108527684249,0000019617-20-000257_same,same
0.0240707060579847,-0.0005692724183511,-5,0.0014490207249805,0.0226216853330042,0000019617-21-000236_same,same
0.0031110029885488,-0.0003204020092266,-4,0.0016770099207795,0.0014339930677692,0000019617-21-000236_same,same
0.0033770922584592,-0.0044158356273545,-3,-0.0020748005910859,0.0054518928495452,0000019617-21-000236_same,same
0.0166905037203526,-0.0018548966445751,-2,0.0002712654648522,0.0164192382555004,0000019617-21-000236_same,same
0.0093909392570263,-0.0077328394581538,-1,-0.0051134946588413,0.0145044339158676,0000019617-21-000236_same,same
0.0080310427335215,0.0012563181187927,0,0.0031214369832495,0.0049096057502719,0000019617-21-000236_same,same
0.0175952721512209,0.011351613765979,1,0.0123696973290778,0.0052255748221431,0000019617-21-000236_same,same
-0.0135717459845285,-0.0244788075251262,2,-0.0204544096591317,0.0068826636746031,0000019617-21-000236_same,same
-0.0265243112518814,-0.0047502141699028,3,-0.0023811234491398,-0.0241431878027416,0000019617-21-000236_same,same
0.0226267209180495,0.0237907635068002,4,0.0237651531239677,-0.0011384322059182,0000019617-21-000236_same,same
-0.0032555721173679,-0.0080808516908706,5,-0.0054323072864433,0.0021767351690753,0000019617-21-000236_same,same
-0.0092902056433475,-0.0038405967262932,-5,-0.0039291479583217,-0.0053610576850258,0000019617-22-000272_same,same
0.014623760829749,0.0157667211707204,-4,0.0131681506202022,0.0014556102095467,0000019617-22-000272_same,same
0.0018096714221109,0.000881207755895,-3,0.0001881974881802,0.0016214739339306,0000019617-22-000272_same,same
-0.0230322647923381,-0.021173138152195,-2,-0.0190428742435681,-0.0039893905487699,0000019617-22-000272_same,same
0.0046886484249351,-0.0071661613961429,-1,-0.0068289924144199,0.011517640839355,0000019617-22-000272_same,same
-0.0017748855713168,-0.0101429452648328,0,-0.0094247050393719,0.007649819468055,0000019617-22-000272_same,same
-0.0209391262710902,-0.0184121228454876,1,-0.0166353086944911,-0.0043038175765991,0000019617-22-000272_same,same
-0.0278430477587805,0.0149568560673292,2,0.0124619599237625,-0.0403050076825431,0000019617-22-000272_same,same
0.0236596451283725,0.0223726776556034,3,0.0189284494541383,0.0047311956742342,0000019617-22-000272_same,same
-0.0416975840450392,-0.0024426034406476,4,-0.0027101179644695,-0.0389874660805697,0000019617-22-000272_same,same
-0.0377292297648549,-0.0154735036804118,5,-0.0140728751409695,-0.0236563546238853,0000019617-22-000272_same,same
0.0108479992419301,0.0114486093427661,-5,0.012026725870481,-0.0011787266285508,0000019617-23-000231_same,same
0.0044185117835102,-0.0002804145319874,-4,0.001831540646607,0.0025869711369032,0000019617-23-000231_same,same
0.0041902382245782,0.002773175690496,-3,0.0044858039722227,-0.0002955657476445,0000019617-23-000231_same,same
-0.0137692695237284,-0.0137887414891306,-2,-0.0099102630075882,-0.0038590065161402,0000019617-23-000231_same,same
0.0029614863321083,-0.0027674058253277,-1,-0.0003302195438844,0.0032917058759927,0000019617-23-000231_same,same
-0.0183492810308548,-0.0200412342553273,0,-0.0153450990641092,-0.0030041819667455,0000019617-23-000231_same,same
-0.0076631155135044,-0.0015735561458868,1,0.0007075069320213,-0.0083706224455257,0000019617-23-000231_same,same
0.0080110598310381,0.0053294294160743,2,0.0067077689447373,0.0013032908863008,0000019617-23-000231_same,same
0.009021102333111,-0.0105375514855581,3,-0.0070842406004059,0.0161053429335169,0000019617-23-000231_same,same
0.008728014915029,0.0030730045671669,4,0.0047464233524685,0.0039815915625605,0000019617-23-000231_same,same
0.0083706919320551,-0.0030360018281855,5,-0.0005636904642925,0.0089343823963477,0000019617-23-000231_same,same
0.0012012190482779,0.0057423415255595,-5,0.0048487721070773,-0.0036475530587993,0000019617-24-000225_same,same
0.0044569215705301,-0.0009489536011326,-4,0.0002642502230438,0.0041926713474862,0000019617-24-000225_same,same
-0.0087034979753648,-0.0136742556536254,-3,-0.00845445439781,-0.0002490435775547,0000019617-24-000225_same,same
0.0101572403859615,0.0095797632750176,-2,0.0074779707383673,0.0026792696475941,0000019617-24-000225_same,same
0.0218145402313498,0.0058212506847294,-1,0.0049028364937492,0.0169117037376006,0000019617-24-000225_same,same
-0.0046701561412473,-0.0048034698371121,0,-0.0023766606472177,-0.0022934954940296,0000019617-24-000225_same,same
0.0039098777139214,-0.0060053220011653,1,-0.003200106249773,0.0071099839636945,0000019617-24-000225_same,same
0.0065099030032773,0.0012641999229821,2,0.0017805860850738,0.0047293169182034,0000019617-24-000225_same,same
0.0119956113877057,0.021122884217414,3,0.0153867073235105,-0.0033910959358047,0000019617-24-000225_same,same
0.0050253626695726,0.0003479475462115,4,0.001152818367006,0.0038725443025666,0000019617-24-000225_same,same
-0.0034240974969284,-0.0037867513501905,5,-0.0016800588586343,-0.001744038638294,0000019617-24-000225_same,same
-0.0039724258097071,-0.0094647701115428,-5,-0.0089998591190603,0.0050274333093532,0000019617-25-000270_same,same
-0.0172589367230845,0.0067125410858628,-4,0.0086268421857941,-0.0258857789088787,0000019617-25-000270_same,same
0.0145734689800578,0.0003395827888592,-3,0.0016829050284505,0.0128905639516072,0000019617-25-000270_same,same
0.0016728674056478,-0.0027238667143857,-2,-0.0016550111862578,0.0033278785919057,0000019617-25-000270_same,same
0.0031585281115167,0.0104262921222306,-1,0.0126733230527226,-0.0095147949412059,0000019617-25-000270_same,same
0.0009770405707392,-7.194380749464546e-05,0,0.0012345081159836,-0.0002574675452444,0000019617-25-000270_same,same
0.0121479959637795,0.0024449877750611,1,0.0039769416804427,0.0081710542833367,0000019617-25-000270_same,same
-0.0025003352724849,0.0023769693899173,2,0.0039028292557302,-0.0064031645282152,0000019617-25-000270_same,same
-0.0445838815576495,-0.0043341850761716,3,-0.0034096044201121,-0.0411742771375374,0000019617-25-000270_same,same
-0.0095950523500417,-0.0170641267025635,4,-0.0172800725058486,0.0076850201558068,0000019617-25-000270_same,same
-0.0109750197058778,-0.0049691065044024,5,-0.0041014110022386,-0.0068736087036391,0000019617-25-000270_same,same
0.0394635447819724,0.0196957966973359,-5,0.0189414760031516,0.0205220687788207,0001628280-26-008131_same,same
-0.0009304747294303,0.0046910867168872,-4,0.0044536473380619,-0.0053841220674922,0001628280-26-008131_same,same
-0.0118597745878508,-0.0033037129754581,-3,-0.0032657479921601,-0.0085940265956906,0001628280-26-008131_same,same
-0.0234384900095946,-4.895607156218951e-05,-2,-0.00012311075148,-0.0233153792581146,0001628280-26-008131_same,same
-0.0263173364412929,-0.0156610121277019,-1,-0.0151973636724529,-0.01111997276884,0001628280-26-008131_same,same
-0.0002974903603247,0.0004990891480125,0,0.0004060554404867,-0.0007035458008115,0001628280-26-008131_same,same
0.0151380274145314,0.0010313220779065,1,0.0009199540435434,0.0142180733709879,0001628280-26-008131_same,same
0.0053722508346552,0.0055660701474107,2,0.0052984893938387,7.37614408164583e-05,0001628280-26-008131_same,same
-0.0023642313244635,-0.0028221256867719,3,-0.0028007503924156,0.0004365190679521,0001628280-26-008131_same,same
0.008894804889022,0.0069397247635067,4,0.0066248244412299,0.0022699804477921,0001628280-26-008131_same,same
-0.0422150056599429,-0.0103856522472848,5,-0.0101037290608036,-0.0321112765991392,0001628280-26-008131_same,same
0.0187931988668221,-0.0008641180363413,-5,-0.0014430148442391,0.0202362137110613,0000021344-17-000009_same,same
0.0007282974282576,0.0016785565287558,-4,0.0007952770131799,-6.697958492227977e-05,0000021344-17-000009_same,same
0.0055782157627686,0.0060480661608284,-3,0.004641714132831,0.0009365016299376,0000021344-17-000009_same,same
0.0033771384205052,-0.001082200145408,-2,-0.0016349904181774,0.0050121288386826,0000021344-17-000009_same,same
0.0014419068553339,0.0004189867216857,-1,-0.0003135101205397,0.0017554169758736,0000021344-17-000009_same,same
0.0028805899907837,0.0014933641914423,0,0.0006322539876007,0.0022483360031829,0000021344-17-000009_same,same
-0.0026330232217093,0.0010179830611165,1,0.0002137805707566,-0.002846803792466,0000021344-17-000009_same,same
0.0069597916932768,-0.0025783763780462,2,-0.0029520599027066,0.0099118515959835,0000021344-17-000009_same,same
0.0047666769933809,0.0136738546598662,3,0.0113546220834181,-0.0065879450900372,0000021344-17-000009_same,same
0.0073525584467812,-0.0058598805035984,4,-0.0058407362851008,0.0131932947318821,0000021344-17-000009_same,same
0.0002353443495861,0.00050387727206,5,-0.0002387817890879,0.000474126138674,0000021344-17-000009_same,same
0.0154195419270382,0.0120691127622993,-5,0.0009825256257813,0.0144370163012568,0000021344-18-000008_same,same
0.0044664878585853,0.0003734693722488,-4,0.0006717305971543,0.0037947572614309,0000021344-18-000008_same,same
-0.0220101660643542,-0.0058413894593534,-3,0.0005065795948483,-0.0225167456592026,0000021344-18-000008_same,same
-0.0147760683272076,-0.0054965031281792,-2,0.0005157444568055,-0.0152918127840132,0000021344-18-000008_same,same
0.0041533440025935,0.0009735510790762,-1,0.0006876769119514,0.0034656670906421,0000021344-18-000008_same,same
0.0119486283618523,0.0160283763505131,0,0.0010877374041507,0.0108608909577016,0000021344-18-000008_same,same
-0.0002271618500423,0.0117570153438109,1,0.0009742320823756,-0.0012013939324179,0000021344-18-000008_same,same
-0.0093117857153784,-0.0127068884438292,2,0.0003241387592091,-0.0096359244745876,0000021344-18-000008_same,same
-0.0091705329055352,-0.011095788639207,3,0.000366951436819,-0.0095374843423543,0000021344-18-000008_same,same
0.0048594077022512,-0.0133243995419872,4,0.0003077292832163,0.0045516784190348,0000021344-18-000008_same,same
0.0066774639354791,0.005071602744632,5,0.0007965767853688,0.0058808871501103,0000021344-18-000008_same,same
0.0026179805354404,0.0030239946687606,-5,0.0021844653529884,0.000433515182452,0000021344-19-000014_same,same
-0.0843543938414298,-0.0026516415551012,-4,9.172881717471776e-05,-0.0844461226586045,0000021344-19-000014_same,same
-0.0076770621704405,0.0108787526085869,-3,0.005080693770789,-0.0127577559412295,0000021344-19-000014_same,same
-0.0090627323329917,0.0014987433214488,-2,0.0016220703905701,-0.0106848027235618,0000021344-19-000014_same,same
0.0060226680302111,0.0017771107537685,-1,0.0017247108123693,0.0042979572178417,0000021344-19-000014_same,same
0.0168516574852977,-0.0035264367908802,0,-0.0002308281401534,0.0170824856254511,0000021344-19-000014_same,same
-0.012647346694709,0.0064111023949868,1,0.0034333692308672,-0.0160807159255762,0000021344-19-000014_same,same
-0.0075090364063648,0.0012318625699112,2,0.0015236653699841,-0.0090327017763489,0000021344-19-000014_same,same
-0.0055628841143793,-0.0007904570968998,3,0.000777989980142,-0.0063408740945213,0000021344-19-000014_same,same
0.0055940029042713,-0.0005440493877303,4,0.0008688461230211,0.0047251567812502,0000021344-19-000014_same,same
0.0089009794608136,-0.0028255083152146,5,2.76201768564389e-05,0.0088733592839572,0000021344-19-000014_same,same
0.0057038251930068,0.0018435333204338,-5,0.0008732357891632,0.0048305894038435,0000021344-20-000006_same,same
-0.0070059685671421,-0.0029199426368901,-4,-0.0008621209129774,-0.0061438476541647,0000021344-20-000006_same,same
0.0040314879951348,0.0047057858811645,-3,0.0019159678631745,0.0021155201319603,0000021344-20-000006_same,same
-0.0008363938146276,-0.0038155197636281,-2,-0.0011883838737003,0.0003519900590727,0000021344-20-000006_same,same
0.006865360239634,-0.0105181030271228,-1,-0.0036301664904632,0.0104955267300972,0000021344-20-000006_same,same
-0.0246131204930787,-0.0335136266712231,0,-0.0120075439418323,-0.0126055765512463,0000021344-20-000006_same,same
-0.0141519464764798,-0.0302799955650561,1,-0.0108295169164813,-0.0033224295599985,0000021344-20-000006_same,same
-0.0038053293529655,-0.003778540605322,2,-0.0011749121923523,-0.0026304171606131,0000021344-20-000006_same,same
-0.0463537358950379,-0.0441632425840791,3,-0.0158872491224965,-0.0304664867725414,0000021344-20-000006_same,same
-0.0262152583489106,-0.0082383404443618,4,-0.0027996382558867,-0.0234156200930239,0000021344-20-000006_same,same
0.045428847668282,0.04603922900611,5,0.01697393565645,0.028454912011832,0000021344-20-000006_same,same
0.0127668790587676,-0.0044158356273545,-5,-0.0036043141327531,0.0163711931915207,0000021344-21-000008_same,same
-0.0129997175987274,-0.0018548966445751,-4,-0.001719668845186,-0.0112800487535413,0000021344-21-000008_same,same
0.010377019126794,-0.0077328394581538,-3,-0.006045362389113,0.016422381515907,0000021344-21-000008_same,same
-0.0017775662938218,0.0012563181187927,-2,0.0005699351952923,-0.0023475014891142,0000021344-21-000008_same,same
0.0033635446281616,0.011351613765979,-1,0.007999261507244,-0.0046357168790823,0000021344-21-000008_same,same
-0.0106488404281035,-0.0244788075251262,0,-0.0183690491365869,0.0077202087084834,0000021344-21-000008_same,same
-0.023519620119791,-0.0047502141699028,1,-0.0038503898685339,-0.019669230251257,0000021344-21-000008_same,same
0.0185750850006776,0.0237907635068002,2,0.0171534760738622,0.0014216089268153,0000021344-21-000008_same,same
0.0040079646601267,-0.0080808516908706,3,-0.0063014714252188,0.0103094360853456,0000021344-21-000008_same,same
-0.0023950707392581,-0.0130662218719981,4,-0.0099703032411342,0.0075752325018761,0000021344-21-000008_same,same
-0.0008003640616457,-0.0134172139301002,5,-0.010228605189257,0.0094282411276113,0000021344-21-000008_same,same
0.0064688136881505,-0.0038405967262932,-5,-0.0008386006122132,0.0073074143003638,0000021344-22-000009_same,same
0.0037902385632637,0.0157667211707204,-4,0.0082632867696792,-0.0044730482064155,0000021344-22-000009_same,same
-0.0001640237264636,0.000881207755895,-3,0.0013533020672827,-0.0015173257937463,0000021344-22-000009_same,same
0.0200328849570461,-0.021173138152195,-2,-0.0088845169853329,0.0289174019423791,0000021344-22-000009_same,same
0.0067610157832274,-0.0071661613961429,-1,-0.0023823566356101,0.0091433724188375,0000021344-22-000009_same,same
-0.0041573199660099,-0.0101429452648328,0,-0.003764205579732,-0.0003931143862779,0000021344-22-000009_same,same
-0.0110790193906584,-0.0184121228454876,1,-0.0076028296830038,-0.0034761897076545,0000021344-22-000009_same,same
-0.0175354843979067,0.0149568560673292,2,0.0078873403498625,-0.0254228247477692,0000021344-22-000009_same,same
0.0386714105771379,0.0223726776556034,3,0.0113298291846541,0.0273415813924838,0000021344-22-000009_same,same
-0.0097056011572344,-0.0024426034406476,4,-0.000189639978565,-0.0095159611786693,0000021344-22-000009_same,same
-0.0043379476359818,-0.0154735036804118,5,-0.0062386971260025,0.0019007494900207,0000021344-22-000009_same,same
0.0164375046310925,0.0114486093427661,-5,0.0067603450106652,0.0096771596204272,0000021344-23-000011_same,same
-0.0166667368971069,-0.0002804145319874,-4,-0.0004342540752372,-0.0162324828218697,0000021344-23-000011_same,same
0.0,0.002773175690496,-3,0.0014388222913894,-0.0014388222913894,0000021344-23-000011_same,same
-0.0062089665232893,-0.0137887414891306,-2,-0.0087202800749904,0.002511313551701,0000021344-23-000011_same,same
0.0151973575937198,-0.0027674058253277,-1,-0.0019597778934833,0.0171571354872031,0000021344-23-000011_same,same
-0.0053225759067199,-0.0200412342553273,0,-0.0125555675823436,0.0072329916756237,0000021344-23-000011_same,same
0.0030099208105862,-0.0015735561458868,1,-0.0012274688877101,0.0042373896982964,0000021344-23-000011_same,same
0.0018341521702727,0.0053294294160743,2,0.0030068317791155,-0.0011726796088428,0000021344-23-000011_same,same
-0.0041604903007003,-0.0105375514855581,3,-0.006725995735767,0.0025655054350667,0000021344-23-000011_same,same
-0.0003342041797641,0.0030730045671669,4,0.0016227377292858,-0.00195694190905,0000021344-23-000011_same,same
-0.0051823590480298,-0.0030360018281855,5,-0.0021245350443999,-0.0030578240036299,0000021344-23-000011_same,same
0.0023505830184318,-0.0009489536011326,-5,-0.0008395928375587,0.0031901758559905,0000021344-24-000009_same,same
-0.0058626422830359,-0.0136742556536254,-4,-0.0068083164240725,0.0009456741410366,0000021344-24-000009_same,same
-0.0010109770572233,0.0095797632750176,-3,0.0040988361675189,-0.0051098132247422,0000021344-24-000009_same,same
0.0018551828666832,0.0058212506847294,-2,0.00233592927106,-0.0004807464043767,0000021344-24-000009_same,same
-0.0001682964846455,-0.0048034698371121,-1,-0.0026475296454542,0.0024792331608087,0000021344-24-000009_same,same
0.0220575669471478,-0.0060053220011653,0,-0.0032112509095544,0.0252688178567023,0000021344-24-000009_same,same
0.0088962284760059,0.0012641999229821,1,0.0001984730240977,0.0086977554519081,0000021344-24-000009_same,same
-0.0014694958346543,0.021122884217414,2,0.0095130650751437,-0.010982560909798,0000021344-24-000009_same,same
0.0008175355402273,0.0003479475462115,3,-0.0002312894404684,0.0010488249806958,0000021344-24-000009_same,same
-0.0080065441102166,-0.0037867513501905,4,-0.0021706441783195,-0.005835899931897,0000021344-24-000009_same,same
-0.0060945749176709,0.0017063496993998,5,0.0004058606199591,-0.0065004355376301,0000021344-24-000009_same,same
0.0164202564151156,-0.0027238667143857,-5,-0.0013447192748502,0.0177649756899659,0000021344-25-000011_same,same
0.0114975908350229,0.0104262921222306,-4,-0.0007150751925698,0.0122126660275928,0000021344-25-000011_same,same
-0.0090645554785957,-7.194380749464546e-05,-3,-0.0012177422865314,-0.0078468131920642,0000021344-25-000011_same,same
0.0026134807426847,0.0024449877750611,-2,-0.0010972288314355,0.0037107095741202,0000021344-25-000011_same,same
0.0147718159313479,0.0023769693899173,-1,-0.0011004856265985,0.0158723015579464,0000021344-25-000011_same,same
-0.0004280634562364,-0.0043341850761716,0,-0.0014218230908333,0.0009937596345968,0000021344-25-000011_same,same
0.0187035006144187,-0.0170641267025635,1,-0.0020313467104655,0.0207348473248842,0000021344-25-000011_same,same
-0.0106517884056129,-0.0049691065044024,2,-0.0014522238278103,-0.0091995645778026,0000021344-25-000011_same,same
0.0127495737570215,-0.0046797309154723,3,-0.0014383682060349,0.0141879419630565,0000021344-25-000011_same,same
-0.0096514698465488,0.0001360242800469,4,-0.0012077845455451,-0.0084436853010037,0000021344-25-000011_same,same
0.0009886669722463,-0.0158645536555098,5,-0.0019739098323467,0.0029625768045931,0000021344-25-000011_same,same
0.0050891730863082,-0.0156610121277019,-5,0.0055747437704955,-0.0004855706841872,0001628280-26-010047_same,same
-0.00405064487499,0.0004990891480125,-4,0.0006717892455906,-0.0047224341205806,0001628280-26-010047_same,same
0.0111844793095783,0.0010313220779065,-3,0.0005103104400184,0.0106741688695598,0001628280-26-010047_same,same
-0.0008798173420991,0.0055660701474107,-2,-0.000865526455267,-1.4290886832110487e-05,0001628280-26-010047_same,same
-0.0072964883161082,-0.0028221256867719,-1,0.0016794416745304,-0.0089759299906387,0001628280-26-010047_same,same
0.0117855397240815,0.0069397247635067,0,-0.0012822915485506,0.0130678312726322,0001628280-26-010047_same,same
0.0090180633052965,-0.0103856522472848,1,0.0039742061776363,0.0050438571276602,0001628280-26-010047_same,same
0.0019861998068926,0.0076516140863223,2,-0.0014982778791421,0.0034844776860348,0001628280-26-010047_same,same
-0.0030971589078391,0.0081363556573399,3,-0.0016453478658013,-0.0014518110420377,0001628280-26-010047_same,same
0.0003727866697595,-0.0053655805693283,4,0.0024511227062615,-0.0020783360365019,0001628280-26-010047_same,same
0.013167499125867,-0.0043393528110311,5,0.0021397664873071,0.0110277326385598,0001628280-26-010047_same,same
0.0042646874364731,0.0005703094032936,-5,0.0002737135487953,0.0039909738876777,0001193125-17-036192_same,same
0.0098820817233129,0.0072647580986477,-4,0.0040524134046596,0.0058296683186533,0001193125-17-036192_same,same
0.0033402907862782,-0.0021153569858851,-3,-0.0012422181820328,0.0045825089683111,0001193125-17-036192_same,same
0.0041518413299987,0.0002268291856959,-2,7.983520155683811e-05,0.0040720061284419,0001193125-17-036192_same,same
0.0014433611582229,0.00069332238554,-1,0.0003431485627057,0.0011002125955172,0001193125-17-036192_same,same
0.0056867345212745,0.0057525464497805,0,0.0031988414079727,0.0024878931133017,0001193125-17-036192_same,same
0.0091011538791012,0.0035660501028451,1,0.0019646675712614,0.0071364863078397,0001193125-17-036192_same,same
0.0069086781494256,0.0052458450979924,2,0.0029128324456071,0.0039958457038184,0001193125-17-036192_same,same
0.0008007454069574,0.0040073351766347,3,0.0022137521367882,-0.0014130067298308,0001193125-17-036192_same,same
0.0034275924385105,0.0049923089198982,4,0.0027697232572007,0.0006578691813098,0001193125-17-036192_same,same
0.0070977086966983,-0.0008641180363413,5,-0.0005359529384775,0.0076336616351758,0001193125-17-036192_same,same
-0.0029309937344056,-0.0108988156202839,-5,-0.0080254375957636,0.0050944438613579,0000936468-18-000009_same,same
0.012728537500527,0.0004889853730833,-4,0.0003539416918388,0.0123745958086881,0000936468-18-000009_same,same
0.0071300896069159,-0.0006480882520516,-3,-0.0004827405779413,0.0076128301848572,0000936468-18-000009_same,same
-0.0132072372422217,-0.021208547923968,-2,-0.015611551664365,0.0024043144221433,0000936468-18-000009_same,same
-0.0459366609500093,-0.0409792248042282,-1,-0.0301592242526744,-0.0157774366973348,0000936468-18-000009_same,same
0.003358470218759,0.0174409205923138,0,0.0128275259196921,-0.0094690557009331,0000936468-18-000009_same,same
0.0232233217079411,-0.0050015884169394,1,-0.0036861359596732,0.0269094576676143,0000936468-18-000009_same,same
-0.0322205773492867,-0.037536419758088,2,-0.0276259371578541,-0.0045946401914326,0000936468-18-000009_same,same
0.0212978108985,0.0149360902084947,3,0.010984419963647,0.0103133909348529,0000936468-18-000009_same,same
0.0128581126569335,0.0139145847540425,4,0.0102327751419474,0.0026253375149861,0000936468-18-000009_same,same
0.0127819840781695,0.002612929746329,5,0.0019167838507034,0.010865200227466,0000936468-18-000009_same,same
0.003072024695824,0.0008986100931438,-5,0.00029967025835,0.0027723544374739,0000936468-19-000009_same,same
0.0281851431779718,0.006776236617404,-4,0.0052221613810862,0.0229629817968856,0000936468-19-000009_same,same
0.0023095820319953,0.0047084203769747,-3,0.0034903726998984,-0.001180790667903,0000936468-19-000009_same,same
0.0012350714194153,-0.0022244379802809,-2,-0.0023158712963673,0.0035509427157826,0000936468-19-000009_same,same
0.0010008856177183,-0.0093571401439401,-1,-0.0082894837633746,0.0092903693810929,0000936468-19-000009_same,same
0.0045647433092594,0.000676201086956,0,0.0001134035137624,0.004451339795497,0000936468-19-000009_same,same
-0.0048424231496387,0.0007091030986317,1,0.0001409588304749,-0.0049833819801136,0000936468-19-000009_same,same
0.0135645868495994,0.0128902247439735,2,0.0103426044975941,0.0032219823520053,0000936468-19-000009_same,same
0.0010193574317545,0.0030239946687606,3,0.0020796722136786,-0.0010603147819241,0000936468-19-000009_same,same
-0.0112342849187582,-0.0026516415551012,4,-0.0026736527572978,-0.0085606321614603,0000936468-19-000009_same,same
0.0206978440353227,0.0108787526085869,5,0.0086580038021939,0.0120398402331287,0000936468-19-000009_same,same
-0.0178480797872711,-0.0177058203755262,-5,-0.0089841166630085,-0.0088639631242625,0000936468-20-000016_same,same
-0.009950373244679,0.0072546138923517,-4,0.0043228114752903,-0.0142731847199693,0000936468-20-000016_same,same
0.0163262686688698,0.0149804141640821,-3,0.0084415967465494,0.0078846719223204,0000936468-20-000016_same,same
0.0102372460272841,0.0112505958978537,-2,0.0064531528314734,0.0037840931958107,0000936468-20-000016_same,same
0.0086856349586872,0.0033256728767856,-1,0.0022282110691974,0.0064574238894898,0000936468-20-000016_same,same
0.0004557579925059,-0.0054008536727301,0,-0.0024240822541124,0.0028798402466184,0000936468-20-000016_same,same
0.0013434240404721,0.0073263978048905,1,0.004361080976349,-0.0030176569358768,0000936468-20-000016_same,same
0.0002046893821996,0.0016884725532351,2,0.001355385427637,-0.0011506960454373,0000936468-20-000016_same,same
-0.007389004710799,0.0064626464661976,3,0.0039005971213811,-0.0112896018321801,0000936468-20-000016_same,same
-0.0043516126465994,-0.0016304457368023,4,-0.0004139991394917,-0.0039376135071077,0000936468-20-000016_same,same
0.0072464261788784,0.0018435333204338,5,0.0014380515569214,0.005808374621957,0000936468-20-000016_same,same
-0.005853780372178,0.0003167233075522,-5,-0.0011766770731454,-0.0046771032990326,0000936468-21-000013_same,same
0.00061832437662,-0.0030106116552376,-4,-0.0034821278593069,0.0041004522359269,0000936468-21-000013_same,same
0.0106802703466046,0.0036158389430824,-3,0.0011092210467099,0.0095710492998947,0000936468-21-000013_same,same
-0.037320636325317,-0.0014888337468982,-2,-0.0024277152094297,-0.0348929211158872,0000936468-21-000013_same,same
0.0055036844654845,-0.025677883699462,-1,-0.0191878745721882,0.0246915590376728,0000936468-21-000013_same,same
-0.0137740568406312,0.0097606259756297,0,0.0053668338970562,-0.0191408907376875,0000936468-21-000013_same,same
-0.0186318362803719,-0.0193114751731245,1,-0.0147767041591671,-0.0038551321212047,0000936468-21-000013_same,same
0.0068671313427755,0.0160517676144393,2,0.0097258532321236,-0.002858721889348,0000936468-21-000013_same,same
0.0267564422519055,0.0138982234844169,3,0.0082337010854005,0.018522741166505,0000936468-21-000013_same,same
-0.0009314889552025,0.0010087690809532,4,-0.0006971709548287,-0.0002343180003738,0000936468-21-000013_same,same
0.014561141049358,0.0108533222304207,5,0.0061239435562326,0.0084371974931253,0000936468-21-000013_same,same
0.0105198307668095,-0.0183879456940073,-5,-0.0082335611434186,0.0187533919102281,0000936468-22-000008_same,same
0.0020981248732547,-0.0096895418683388,-4,-0.0046263082970046,0.0067244331702594,0000936468-22-000008_same,same
-0.0058306134715339,-0.0110373784941483,-3,-0.0051852599854287,-0.0006453534861051,0000936468-22-000008_same,same
-0.0104761933748909,-0.0189148218679086,-2,-0.008452058193694,-0.0020241351811968,0000936468-22-000008_same,same
0.005738061170629,0.0027717389433818,-1,0.0005414203551643,0.0051966408154647,0000936468-22-000008_same,same
0.0370717219110212,-0.0121719062536467,0,-0.0056557518793219,0.0427274737903432,0000936468-22-000008_same,same
0.0105124202801947,-0.0014966358477518,1,-0.0012286868304141,0.0117411071106088,0000936468-22-000008_same,same
-0.0055209072858997,-0.0053840887577105,2,-0.0028408246267035,-0.0026800826591961,0000936468-22-000008_same,same
0.0104603675036418,0.0243476468880761,3,0.0094890108450186,0.0009713566586232,0000936468-22-000008_same,same
-0.0102250912292972,0.0188859517327795,4,0.007224030304905,-0.0174491215342023,0000936468-22-000008_same,same
-0.0054478832770201,0.0068630035578014,5,0.00223807944591,-0.0076859627229301,0000936468-22-000008_same,same
-0.0044418026668541,-0.0076383502962943,-5,-0.0019644331357823,-0.0024773695310717,0000936468-23-000009_same,same
0.0090370488382351,0.0189184010459815,-4,0.0111879320825145,-0.0021508832442793,0000936468-23-000009_same,same
-0.0045118622718371,0.0118813449836652,-3,0.0077027945293426,-0.0122146568011798,0000936468-23-000009_same,same
0.018015869201972,-0.0007115031258156,-2,0.0014661229071336,0.0165497462948384,0000936468-23-000009_same,same
0.0109742341034355,-0.0001817250594663,-1,0.0017284981699609,0.0092457359334746,0000936468-23-000009_same,same
0.0124404932904864,0.0110078534691813,0,0.0072701934455162,0.0051702998449701,0000936468-23-000009_same,same
-0.0004565664996769,0.002494840970949,1,0.0030540810136301,-0.0035106475133071,0000936468-23-000009_same,same
0.0021539653935134,-0.0129687409846833,2,-0.0046043360435713,0.0067583014370847,0000936468-23-000009_same,same
0.0057969264146737,0.0146424702855101,3,0.0090702557792257,-0.003273329364552,0000936468-23-000009_same,same
-0.0021802488477625,0.0104523039445902,4,0.0069950547378445,-0.0091753035856071,0000936468-23-000009_same,same
-0.010946506025432,0.0146993732443099,5,0.0090984372569408,-0.0200449432823728,0000936468-23-000009_same,same
-0.0115289077687378,-0.0037313402367431,-5,-0.0013219943735898,-0.010206913395148,0000936468-24-000010_same,same
-0.0029923568328348,-0.0056168971839904,-4,-0.0020469879047945,-0.0009453689280402,0000936468-24-000010_same,same
0.006791282939466,0.008805260963896,-3,0.0034983080771137,0.0032929748623523,0000936468-24-000010_same,same
-0.0039383646151988,0.0123135027649361,-2,0.0048472212538647,-0.0087855858690635,0000936468-24-000010_same,same
0.0021844815264138,0.002194325202627,-1,0.0009564141984232,0.0012280673279905,0000936468-24-000010_same,same
-0.0416122243475256,0.002921374261968,0,0.0012359633606271,-0.0428481877081527,0000936468-24-000010_same,same
-0.0182410262956916,0.0008119284117831,1,0.0004248849161158,-0.0186659112118075,0000936468-24-000010_same,same
-0.0014130879793458,0.0052603655277063,2,0.0021353016382009,-0.0035483896175467,0000936468-24-000010_same,same
-0.0026216015490041,-0.0006517852510764,3,-0.0001379105691429,-0.0024836909798611,0000936468-24-000010_same,same
-0.0044195045482303,0.0075567748961808,4,0.0030182672466237,-0.0074377717948541,0000936468-24-000010_same,same
0.0085744827522213,-0.0006006499345398,5,-0.0001182491244121,0.0086927318766335,0000936468-24-000010_same,same
0.0325706947313706,0.0087682271055828,-5,0.0005311030694878,0.0320395916618828,0000936468-25-000009_same,same
-0.0137273256872175,0.0061379415222275,-4,1.92510425078272e-05,-0.0137465767297254,0000936468-25-000009_same,same
-0.0041255136473956,0.0053134862204113,-3,-0.0001411874741534,-0.0039843261732422,0000936468-25-000009_same,same
-0.0006434788302605,-0.0028551323193988,-2,-0.0017307958359552,0.0010873170056947,0000936468-25-000009_same,same
0.0135423527421036,-0.0145807156908095,-1,-0.0040125874612294,0.0175549402033331,0000936468-25-000009_same,same
-0.0918024939508074,0.0092178694499676,0,0.0006186032051559,-0.0924210971559633,0000936468-25-000009_same,same
-0.0067549482166785,-0.0046788957603215,1,-0.0020856991285389,-0.0046692490881395,0000936468-25-000009_same,same
0.0116428755972406,0.0052754144053117,2,-0.000148596226972,0.0117914718242127,0000936468-25-000009_same,same
0.0071793928253114,-0.0050468257540199,3,-0.0021572980888393,0.0093366909141507,0000936468-25-000009_same,same
-0.0162652815849363,-0.0076085976846667,4,-0.0026558173993126,-0.0136094641856237,0000936468-25-000009_same,same
-0.0038206774227736,0.0072248818286797,5,0.0002307689866369,-0.0040514464094106,0000936468-25-000009_same,same
0.0131006685855525,0.0054875021926288,-5,0.0017712774085088,0.0113293911770436,0001628280-26-004195_same,same
-0.0052028048648935,0.0003268698377891,-4,0.0013073445569207,-0.0065101494218142,0001628280-26-004195_same,same
-0.0155038841222232,0.0050060830312763,-3,0.0017279985719287,-0.0172318826941519,0001628280-26-004195_same,same
0.0228484820578771,0.0040818961771371,-2,0.0016449156058966,0.0212035664519804,0001628280-26-004195_same,same
0.0038994079342205,-8.172305219089626e-05,-1,0.0012706126892825,0.0026287952449379,0001628280-26-004195_same,same
0.0422589019443988,-0.0012926312740076,0,0.0011617539166106,0.0410971480277882,0001628280-26-004195_same,same
0.0188109466125443,-0.0043018996208942,1,0.000891225355502,0.0179197212570423,0001628280-26-004195_same,same
0.002806717623788,0.0053912661291679,2,0.0017626259355348,0.0010440916882532,0001628280-26-004195_same,same
-0.0121698615928247,-0.0084039830206983,3,0.0005224544146038,-0.0126923160074286,0001628280-26-004195_same,same
-0.0405882426831918,-0.0050723919062231,4,0.000821959293035,-0.0414102019762269,0001628280-26-004195_same,same
0.0106509750507142,-0.0122510155676747,5,0.0001766121501384,0.0104743629005757,0001628280-26-004195_same,same
-0.0014839259400885,-0.001082200145408,-5,-0.0001779278382128,-0.0013059981018756,0000063908-17-000017_same,same
0.003285045048518,0.0004189867216857,-4,0.0005428893556847,0.0027421556928332,0000063908-17-000017_same,same
0.0029626055017779,0.0014933641914423,-3,0.0010587676716441,0.0019038378301337,0000063908-17-000017_same,same
-0.0056380269375059,0.0010179830611165,-2,0.0008305063539464,-0.0064685332914524,0000063908-17-000017_same,same
0.0051972566756535,-0.0025783763780462,-1,-0.0008963391014784,0.0060935957771319,0000063908-17-000017_same,same
0.0109676781323129,0.0136738546598662,0,0.0069074112697214,0.0040602668625915,0000063908-17-000017_same,same
-0.0063540631874061,-0.0058598805035984,1,-0.0024720020968009,-0.0038820610906051,0000063908-17-000017_same,same
-0.0025734241177484,0.00050387727206,2,0.0005836508156005,-0.003157074933349,0000063908-17-000017_same,same
0.0010160808106647,-0.0032772408480052,3,-0.0012319092674537,0.0022479900781184,0000063908-17-000017_same,same
0.0003126731449001,-0.0029133737680216,4,-0.0010571930790199,0.00136986622392,0000063908-17-000017_same,same
0.0001561757782635,-0.0022842151650487,5,-0.0007550932214655,0.0009112689997291,0000063908-17-000017_same,same
0.0049377974084687,0.0120691127622993,-5,0.0084531077668524,-0.0035153103583837,0000063908-18-000010_same,same
-0.018596813188994,0.0003734693722488,-4,0.0003023051084693,-0.0188991182974634,0000063908-18-000010_same,same
-0.0039928599221256,-0.0058413894593534,-3,-0.0040288878149735,3.602789284797708e-05,0000063908-18-000010_same,same
0.0094172808533838,-0.0054965031281792,-2,-0.0037885333230295,0.0132058141764134,0000063908-18-000010_same,same
0.0127330891599017,0.0009735510790762,-1,0.0007205076312495,0.0120125815286522,0000063908-18-000010_same,same
0.0149383114853784,0.0160283763505131,0,0.0112123553861416,0.0037259560992368,0000063908-18-000010_same,same
0.0031894467849988,0.0117570153438109,1,0.008235604173125,-0.0050461573881261,0000063908-18-000010_same,same
-0.0178509549164508,-0.0127068884438292,2,-0.0088135179124846,-0.0090374370039661,0000063908-18-000010_same,same
-0.0119637340112517,-0.011095788639207,3,-0.0076907274739862,-0.0042730065372654,0000063908-18-000010_same,same
-0.0129326954968534,-0.0133243995419872,4,-0.0092438671401918,-0.0036888283566616,0000063908-18-000010_same,same
-0.0477196420715383,0.005071602744632,5,0.0035764779524905,-0.0512961200240289,0000063908-18-000010_same,same
0.0098767830321155,-0.0026516415551012,-5,0.0009454184528789,0.0089313645792366,0000063908-19-000010_same,same
0.0233126706601385,0.0108787526085869,-4,0.0062917732376589,0.0170208974224795,0000063908-19-000010_same,same
-0.0040004483708311,0.0014987433214488,-3,0.0025853876788289,-0.00658583604966,0000063908-19-000010_same,same
0.0069174072764213,0.0017771107537685,-2,0.0026953808568328,0.0042220264195884,0000063908-19-000010_same,same
0.0128539295848402,-0.0035264367908802,-1,0.0005997547835187,0.0122541748013214,0000063908-19-000010_same,same
0.0019692003644598,0.0064111023949868,0,0.0045264408454728,-0.002557240481013,0000063908-19-000010_same,same
-0.0030573802472768,0.0012318625699112,1,0.0024799333095262,-0.0055373135568031,0000063908-19-000010_same,same
0.0032859966958584,-0.0007904570968998,2,0.0016808406669758,0.0016051560288826,0000063908-19-000010_same,same
0.0008187336326963,-0.0005440493877303,3,0.0017782053866571,-0.0009594717539607,0000063908-19-000010_same,same
0.0090011983427467,-0.0028255083152146,4,0.0008767173216627,0.008124481021084,0000063908-19-000010_same,same
0.0065820068922035,0.0068953205934343,5,0.0047177732080654,0.001864233684138,0000063908-19-000010_same,same
-0.0024057881151652,0.0047057858811645,-5,0.0017758284611468,-0.0041816165763121,0000063908-20-000022_same,same
-0.0025506881925851,-0.0038155197636281,-4,-0.0030129651282161,0.0004622769356309,0000063908-20-000022_same,same
0.0036730091091392,-0.0105181030271228,-3,-0.006779675196175,0.0104526843053143,0000063908-20-000022_same,same
-0.0108859629388059,-0.0335136266712231,-2,-0.019702673243805,0.008816710304999,0000063908-20-000022_same,same
-0.0066507782220875,-0.0302799955650561,-1,-0.0178854409372698,0.0112346627151822,0000063908-20-000022_same,same
-0.0094292706939022,-0.003778540605322,0,-0.0029921836231724,-0.0064370870707297,0000063908-20-000022_same,same
-0.0433127820945928,-0.0441632425840791,1,-0.0256875322006983,-0.0176252498938945,0000063908-20-000022_same,same
-0.0279348855342529,-0.0082383404443618,2,-0.0054984968302439,-0.022436388704009,0000063908-20-000022_same,same
0.0431581923023087,0.04603922900611,3,0.0250043495016988,0.0181538428006099,0000063908-20-000022_same,same
-0.0150087296155496,-0.0281078961210758,4,-0.0166647669787963,0.0016560373632467,0000063908-20-000022_same,same
0.037642237058767,0.0422025907744911,5,0.0228482399412456,0.0147939971175213,0000063908-20-000022_same,same
0.0052829224452537,-0.0005692724183511,-5,-0.0006689861054653,0.005951908550719,0000063908-21-000013_same,same
-0.0073478644769572,-0.0003204020092266,-4,-0.0005469356972791,-0.0068009287796781,0000063908-21-000013_same,same
0.0092762883865502,-0.0044158356273545,-3,-0.0025554080847778,0.0118316964713281,0000063908-21-000013_same,same
-0.014807599243385,-0.0018548966445751,-2,-0.0012994787467428,-0.0135081204966421,0000063908-21-000013_same,same
-0.0008480692312415,-0.0077328394581538,-1,-0.0041821248685389,0.0033340556372973,0000063908-21-000013_same,same
-0.0034895666627959,0.0012563181187927,0,0.0002263154734695,-0.0037158821362654,0000063908-21-000013_same,same
0.0092276758642475,0.011351613765979,1,0.0051772253017379,0.0040504505625096,0000063908-21-000013_same,same
-0.0108781068828028,-0.0244788075251262,2,-0.0123946409536672,0.0015165340708643,0000063908-21-000013_same,same
-0.0167892289279398,-0.0047502141699028,3,-0.0027193931794715,-0.0140698357484683,0000063908-21-000013_same,same
0.0102358994987448,0.0237907635068002,4,0.0112776022356515,-0.0010417027369067,0000063908-21-000013_same,same
0.0020167826345118,-0.0080808516908706,5,-0.0043527961637174,0.0063695787982293,0000063908-21-000013_same,same
-0.0028366609526825,0.000881207755895,-5,0.001211884258687,-0.0040485452113695,0000063908-22-000011_same,same
-0.0085345282876514,-0.021173138152195,-4,-0.0102862940391676,0.0017517657515161,0000063908-22-000011_same,same
-0.001315128984013,-0.0071661613961429,-3,-0.0029836645789162,0.0016685355949031,0000063908-22-000011_same,same
0.0083799182942148,-0.0101429452648328,-2,-0.0045356304281422,0.0129155487223571,0000063908-22-000011_same,same
-0.0194302770284106,-0.0184121228454876,-1,-0.0088468205489118,-0.0105834564794987,0000063908-22-000011_same,same
-0.011138331998282,0.0149568560673292,0,0.0085503160860122,-0.0196886480842942,0000063908-22-000011_same,same
0.0180385435682373,0.0223726776556034,1,0.0124166034473516,0.0056219401208856,0000063908-22-000011_same,same
-0.013302791170066,-0.0024426034406476,2,-0.0005210065704276,-0.0127817845996383,0000063908-22-000011_same,same
-0.0209990575973894,-0.0154735036804118,3,-0.0073147521189367,-0.0136843054784526,0000063908-22-000011_same,same
0.0054665022140536,0.018642691757321,4,0.0104719507659405,-0.0050054485518869,0000063908-22-000011_same,same
-0.0178051444934251,-0.0052546664300883,5,-0.0019870941058338,-0.0158180503875913,0000063908-22-000011_same,same
-0.0027385901928367,-0.0137887414891306,-5,-0.005374714946287,0.0026361247534502,0000063908-23-000012_same,same
0.0156489916530806,-0.0027674058253277,-4,-0.0004326751280496,0.0160816667811303,0000063908-23-000012_same,same
-0.0053335423441064,-0.0200412342553273,-3,-0.008178374063146,0.0028448317190396,0000063908-23-000012_same,same
0.0003352541573005,-0.0015735561458868,-2,0.0001026549655762,0.0002325991917242,0000063908-23-000012_same,same
-0.0069238843251154,0.0053294294160743,-1,0.0031979993550927,-0.0101218836802081,0000063908-23-000012_same,same
-0.0116200353817945,-0.0105375514855581,0,-0.0039168598419296,-0.0077031755398648,0000063908-23-000012_same,same
0.0041717893064578,0.0030730045671669,1,0.0021862035264995,0.0019855857799583,0000063908-23-000012_same,same
0.0024689313127337,-0.0030360018281855,2,-0.0005531153525047,0.0030220466652384,0000063908-23-000012_same,same
-0.0045092370094552,-0.00472526484568,3,-0.0013105920640934,-0.0031986449453617,0000063908-23-000012_same,same
0.0184611429125345,0.0075821940867943,4,0.0042081539355743,0.0142529889769601,0000063908-23-000012_same,same
0.0056059956082754,0.0161477371607488,5,0.0080490001113547,-0.0024430045030793,0000063908-23-000012_same,same
0.0036920572322827,0.0095797632750176,-5,0.0060028550163769,-0.0023107977840942,0000063908-24-000072_same,same
0.0128048948867789,0.0058212506847294,-4,0.0037416703168794,0.0090632245698995,0000063908-24-000072_same,same
0.0005482091016564,-0.0048034698371121,-3,-0.0026503411246956,0.003198550226352,0000063908-24-000072_same,same
0.0021573487560822,-0.0060053220011653,-2,-0.0033733956999117,0.0055307444559939,0000063908-24-000072_same,same
0.0043054092428891,0.0012641999229821,-1,0.0010000715567947,0.0033053376860944,0000063908-24-000072_same,same
0.0068387728047401,0.021122884217414,0,0.0129473916734686,-0.0061086188687285,0000063908-24-000072_same,same
0.0061841856421709,0.0003479475462115,1,0.0004488386407243,0.0057353470014466,0000063908-24-000072_same,same
-0.0021158322015926,-0.0037867513501905,2,-0.0020386660987122,-7.716610288032843e-05,0000063908-24-000072_same,same
-0.011308365011332,0.0017063496993998,3,0.001266076335362,-0.012574441346694,0000063908-24-000072_same,same
0.0048676643648555,-0.0016581550604305,4,-0.0007580665939375,0.005625730958793,0000063908-24-000072_same,same
-0.0042245017121953,0.0052290946971491,5,0.0033854192663196,-0.0076099209785149,0000063908-24-000072_same,same
-0.0120562434121355,0.0024449877750611,-5,0.0009443090628956,-0.0130005524750311,0000063908-25-000012_same,same
-0.0094808091513316,0.0023769693899173,-4,0.0009203552537252,-0.0104011644050568,0000063908-25-000012_same,same
0.0036762162517864,-0.0043341850761716,-3,-0.0014430897627124,0.0051193060144989,0000063908-25-000012_same,same
0.0058074464593194,-0.0170641267025635,-2,-0.0059261510971614,0.0117335975564808,0000063908-25-000012_same,same
0.0090550134820783,-0.0049691065044024,-1,-0.0016666879369109,0.0107217014189893,0000063908-25-000012_same,same
0.0102416415779507,-0.0046797309154723,0,-0.0015647794952275,0.0118064210731782,0000063908-25-000012_same,same
-0.0207581901674233,0.0001360242800469,1,0.000131169044587,-0.0208893592120103,0000063908-25-000012_same,same
0.0186676046008729,-0.0158645536555098,2,-0.005503701434553,0.0241713060354259,0000063908-25-000012_same,same
-0.005226864020275,0.0158541446349889,3,0.0056665673740943,-0.0108934313943694,0000063908-25-000012_same,same
-0.0074045341773469,-0.0175967394669998,4,-0.0061137195684518,-0.0012908146088951,0000063908-25-000012_same,same
0.0048636245785802,-0.0122348266022004,5,-0.0042254324931182,0.0090890570716984,0000063908-25-000012_same,same
0.0001221531129429,0.0010313220779065,-5,0.0001563676994269,-3.42145864840457e-05,0000063908-26-000035_same,same
0.0008242903424304,0.0055660701474107,-4,0.0003093498397441,0.0005149405026863,0000063908-26-000035_same,same
-0.002378974003524,-0.0028221256867719,-3,2.636958760125776e-05,-0.0024053435911253,0000063908-26-000035_same,same
0.0064811336647494,0.0069397247635067,-2,0.0003556908095193,0.0061254428552301,0000063908-26-000035_same,same
0.0161891335070001,-0.0103856522472848,-1,-0.00022879000756,0.0164179235145601,0000063908-26-000035_same,same
-0.0045134459842478,0.0076516140863223,0,0.0003797067748175,-0.0048931527590653,0000063908-26-000035_same,same
-0.0001199600208003,0.0081363556573399,1,0.0003960597897807,-0.0005160198105811,0000063908-26-000035_same,same
0.004564447096423,-0.0053655805693283,2,-5.94352169369073e-05,0.0046238823133599,0000063908-26-000035_same,same
0.0195198979977178,-0.0043393528110311,3,-2.481487717140381e-05,0.0195447128748892,0000063908-26-000035_same,same
-0.0182959700822726,0.0003983547353176,4,0.0001350142091479,-0.0184309842914206,0000063908-26-000035_same,same
-0.0023725771345457,-0.0094440310956254,5,-0.0001970239167119,-0.0021755532178337,0000063908-26-000035_same,same
0.0013760979533414,0.0060480661608284,-5,0.0058970941162118,-0.0045209961628704,0000310158-17-000010_same,same
-0.0029014323720489,-0.001082200145408,-4,-0.001647689649971,-0.0012537427220779,0000310158-17-000010_same,same
0.0085767389590369,0.0004189867216857,-3,-5.92314047369811e-05,0.0086359703637739,0000310158-17-000010_same,same
0.004707928707597,0.0014933641914423,-2,0.001077604913071,0.003630323794526,0000310158-17-000010_same,same
-0.0046858679752364,0.0010179830611165,-1,0.0005745875388539,-0.0052604555140903,0000310158-17-000010_same,same
0.0003040722957843,-0.0025783763780462,0,-0.0032308459679173,0.0035349182637016,0000310158-17-000010_same,same
0.0051616908865625,0.0136738546598662,1,0.0139662072181394,-0.0088045163315768,0000310158-17-000010_same,same
-0.0019635677555289,-0.0058598805035984,2,-0.006703120072669,0.00473955231714,0000310158-17-000010_same,same
0.0075663839895263,0.00050387727206,3,3.0594250976074665e-05,0.0075357897385502,0000310158-17-000010_same,same
-0.0016517563031128,-0.0032772408480052,4,-0.0039703388677964,0.0023185825646835,0000310158-17-000010_same,same
-0.0076728896981606,-0.0029133737680216,5,-0.0035853184042959,-0.0040875712938646,0000310158-17-000010_same,same
-0.0232717588137616,-0.0058413894593534,-5,-0.0034417767239393,-0.0198299820898222,0000310158-18-000005_same,same
-0.0078212843602246,-0.0054965031281792,-4,-0.0032833269790027,-0.0045379573812219,0000310158-18-000005_same,same
0.0003665815172242,0.0009735510790762,-3,-0.0003108159044817,0.0006773974217059,0000310158-18-000005_same,same
0.0054977607760409,0.0160283763505131,-2,0.0066057621350253,-0.0011080013589844,0000310158-18-000005_same,same
0.0216873432216735,0.0117570153438109,-1,0.0046433878659719,0.0170439553557016,0000310158-18-000005_same,same
-0.0239028518058225,-0.0127068884438292,0,-0.0065959654076418,-0.0173068863981806,0000310158-18-000005_same,same
-0.0091378799438814,-0.011095788639207,1,-0.0058557842811795,-0.0032820956627019,0000310158-18-000005_same,same
-0.0095904819317852,-0.0133243995419872,2,-0.0068796660566805,-0.0027108158751046,0000310158-18-000005_same,same
0.0122908172382734,0.005071602744632,3,0.0015719355485375,0.0107188816897359,0000310158-18-000005_same,same
0.0007358217375983,0.011032026532745,4,0.0043103091620283,-0.00357448742443,0000310158-18-000005_same,same
-0.0018383457960707,0.0026388586061694,5,0.000454269658668,-0.0022926154547388,0000310158-18-000005_same,same
0.0023976997433883,0.0017771107537685,-5,0.0026913456261133,-0.000293645882725,0000310158-19-000014_same,same
0.0050357282353084,-0.0035264367908802,-4,-0.0009906485720318,0.0060263768073402,0000310158-19-000014_same,same
0.0117750736739719,0.0064111023949868,-3,0.005908499841019,0.0058665738329528,0000310158-19-000014_same,same
-0.0048286872770478,0.0012318625699112,-2,0.0023128064252086,-0.0071414937022565,0000310158-19-000014_same,same
0.0044786925693403,-0.0007904570968998,-1,0.0009088085884198,0.0035698839809204,0000310158-19-000014_same,same
-0.0014861574048731,-0.0005440493877303,0,0.0010798774339241,-0.0025660348387972,0000310158-19-000014_same,same
0.0083108900177153,-0.0028255083152146,1,-0.0005040281431607,0.008814918160876,0000310158-19-000014_same,same
0.0044286166687999,0.0068953205934343,2,0.0062446689018807,-0.0018160522330808,0000310158-19-000014_same,same
-0.0034294029666741,-0.003880558492514,3,-0.0012364979850664,-0.0021929049816077,0000310158-19-000014_same,same
0.0040555692973944,-0.0011315328231061,4,0.0006720163593604,0.003383552938034,0000310158-19-000014_same,same
-0.0115058048284514,-0.0065240986535923,5,-0.0030717788897272,-0.0084340259387242,0000310158-19-000014_same,same
-0.0055782538512689,0.0047057858811645,-5,0.0025344393729643,-0.0081126932242333,0000310158-20-000005_same,same
0.005975211255266,-0.0038155197636281,-4,-0.0032567738927821,0.0092319851480481,0000310158-20-000005_same,same
-0.0018184867644407,-0.0105181030271228,-3,-0.0078119548390308,0.0059934680745901,0000310158-20-000005_same,same
-0.0122660774331379,-0.0335136266712231,-2,-0.0234400741826764,0.0111739967495385,0000310158-20-000005_same,same
-0.0130331496938185,-0.0302799955650561,-1,-0.0212424476522857,0.0082092979584671,0000310158-20-000005_same,same
-0.0041112290837233,-0.003778540605322,0,-0.0032316422755082,-0.000879586808215,0000310158-20-000005_same,same
-0.0232676776355357,-0.0441632425840791,1,-0.0306777205622926,0.0074100429267569,0000310158-20-000005_same,same
-0.0194670080609726,-0.0082383404443618,2,-0.0062625923513578,-0.0132044157096148,0000310158-20-000005_same,same
0.0628264396114552,0.04603922900611,3,0.0306252970563103,0.0322011425551449,0000310158-20-000005_same,same
-0.0275285066888278,-0.0281078961210758,4,-0.0197662547261246,-0.0077622519627032,0000310158-20-000005_same,same
0.0485275473638868,0.0422025907744911,5,0.0280178574045711,0.0205096899593157,0000310158-20-000005_same,same
-0.001721022968202,-0.0044158356273545,-5,-0.0037410510864029,0.0020200281182008,0000310158-21-000004_same,same
-0.0145867881042217,-0.0018548966445751,-4,-0.0021972928792265,-0.0123894952249951,0000310158-21-000004_same,same
0.0083433948108324,-0.0077328394581538,-3,-0.0057405723250831,0.0140839671359156,0000310158-21-000004_same,same
-0.0052049733078619,0.0012563181187927,-2,-0.0003218232340948,-0.0048831500737671,0000310158-21-000004_same,same
0.0004025218629872,0.011351613765979,-1,0.0057637163332325,-0.0053611944702452,0000310158-21-000004_same,same
0.0006705570863345,-0.0244788075251262,0,-0.015835200043407,0.0165057571297416,0000310158-21-000004_same,same
-0.0268026433366288,-0.0047502141699028,1,-0.0039426176300939,-0.0228600257065348,0000310158-21-000004_same,same
-0.003304852400491,0.0237907635068002,2,0.0132621532861687,-0.0165670056866597,0000310158-21-000004_same,same
0.006493531377671,-0.0080808516908706,3,-0.0059503573859796,0.0124438887636506,0000310158-21-000004_same,same
0.0061772393739993,-0.0130662218719981,4,-0.0089555856185456,0.015132824992545,0000310158-21-000004_same,same
-0.0154161405406068,-0.0134172139301002,5,-0.009167166946329,-0.0062489735942777,0000310158-21-000004_same,same
-0.0111369730329305,-0.021173138152195,-5,-0.0018639610720653,-0.0092730119608652,0000310158-22-000003_same,same
0.0001312464910592,-0.0071661613961429,-4,-6.296226024450559e-05,0.0001942087513037,0000310158-22-000003_same,same
-0.0054999823566977,-0.0101429452648328,-3,-0.00044571324955,-0.0050542691071477,0000310158-22-000003_same,same
-0.0014483744544825,-0.0184121228454876,-2,-0.001508953323184,6.0578868701525145e-05,0000310158-22-000003_same,same
-0.0307221255832208,0.0149568560673292,-1,0.0027815864856788,-0.0335037120688997,0000310158-22-000003_same,same
0.0382259497215287,0.0223726776556034,0,0.0037351031582461,0.0344908465632825,0000310158-22-000003_same,same
0.0034068118004189,-0.0024426034406476,1,0.0005443866640505,0.0028624251363683,0000310158-22-000003_same,same
-0.0031344260047878,-0.0154735036804118,2,-0.0011311095017178,-0.00200331650307,0000310158-22-000003_same,same
0.0043230410102861,0.018642691757321,3,0.0032555064338485,0.0010675345764375,0000310158-22-000003_same,same
0.0062605754321576,-0.0052546664300883,4,0.000182815270669,0.0060777601614885,0000310158-22-000003_same,same
0.008814196317,-0.0079340425503344,5,-0.0001616954180418,0.0089758917350419,0000310158-22-000003_same,same
-0.0108655567911452,-0.0137887414891306,-5,-0.0016157002772727,-0.0092498565138724,0001628280-23-005061_same,same
0.0282602083196312,-0.0027674058253277,-4,0.0015516890969754,0.0267085192226558,0001628280-23-005061_same,same
-0.004108742094962,-0.0200412342553273,-3,-0.0034125858594129,-0.000696156235549,0001628280-23-005061_same,same
0.0008252325753224,-0.0015735561458868,-2,0.0018947860594905,-0.0010695534841681,0001628280-23-005061_same,same
0.0130997407143502,0.0053294294160743,-1,0.003878614860872,0.0092211258534782,0001628280-23-005061_same,same
-0.006329504085461,-0.0105375514855581,0,-0.0006813503050821,-0.0056481537803788,0001628280-23-005061_same,same
-0.0048230603733924,0.0030730045671669,1,0.003230147532752,-0.0080532079061445,0001628280-23-005061_same,same
-0.0285295758384338,-0.0030360018281855,2,0.0014744980784483,-0.0300040739168822,0001628280-23-005061_same,same
0.0038590084556857,-0.00472526484568,3,0.0009890257278062,0.0028699827278795,0001628280-23-005061_same,same
0.0033756725804006,0.0075821940867943,4,0.0045260303011035,-0.0011503577207029,0001628280-23-005061_same,same
-0.0012146747444051,0.0161477371607488,5,0.0069876566361231,-0.0082023313805283,0001628280-23-005061_same,same
0.0098782423118757,-0.0048034698371121,-5,0.0003420726739843,0.0095361696378913,0001628280-24-006850_same,same
-0.0032865412563226,-0.0060053220011653,-4,0.0001569077128542,-0.0034434489691769,0001628280-24-006850_same,same
0.0058882312596018,0.0012641999229821,-3,0.001276896331071,0.0046113349285307,0001628280-24-006850_same,same
0.008898033238526,0.021122884217414,-2,0.0043364510878487,0.0045615821506772,0001628280-24-006850_same,same
0.0014697655566937,0.0003479475462115,-1,0.0011357326831579,0.0003340328735357,0001628280-24-006850_same,same
-0.0047121973470197,-0.0037867513501905,0,0.0004987147675311,-0.0052109121145509,0001628280-24-006850_same,same
0.0014746213415264,0.0017063496993998,1,0.0013450167277494,0.0001296046137769,0001628280-24-006850_same,same
-0.0065101075107236,-0.0016581550604305,2,0.0008266598019068,-0.0073367673126305,0001628280-24-006850_same,same
-0.0081128876150939,0.0052290946971491,3,0.001887753147493,-0.010000640762587,0001628280-24-006850_same,same
-0.0014944169397804,0.0080078289488876,4,0.0023158625565394,-0.0038102794963199,0001628280-24-006850_same,same
-0.022920445537677,-0.0011932620709189,5,0.0008982841621295,-0.0238187296998065,0001628280-24-006850_same,same
0.0033729767273948,0.0024449877750611,-5,-0.0015178872181219,0.0048908639455168,0001628280-25-007732_same,same
0.027734435060214,0.0023769693899173,-4,-0.0015202566083948,0.0292546916686088,0001628280-25-007732_same,same
0.0242991456944454,-0.0043341850761716,-3,-0.0017540366970956,0.0260531823915411,0001628280-25-007732_same,same
0.0207572625492662,-0.0170641267025635,-2,-0.0021974785665403,0.0229547411158065,0001628280-25-007732_same,same
0.0197765387437172,-0.0049691065044024,-1,-0.0017761539033915,0.0215526926471087,0001628280-25-007732_same,same
0.0017529576180312,-0.0046797309154723,0,-0.0017660736331206,0.0035190312511519,0001628280-25-007732_same,same
-0.0224214283688102,0.0001360242800469,1,-0.0015983189371948,-0.0208231094316153,0001628280-25-007732_same,same
0.0134257302767974,-0.0158645536555098,2,-0.002155691971587,0.0155814222483845,0001628280-25-007732_same,same
0.0184369083901647,0.0158541446349889,3,-0.0010507851873227,0.0194876935774875,0001628280-25-007732_same,same
0.009755964262639,-0.0175967394669998,4,-0.0022160318959178,0.0119719961585569,0001628280-25-007732_same,same
-0.00633384222303,-0.0122348266022004,5,-0.0020292520398629,-0.0043045901831671,0001628280-25-007732_same,same
0.0013178221934802,0.0010313220779065,-5,0.0028595354502186,-0.0015417132567384,0000310158-26-000063_same,same
0.0007403194172752,0.0055660701474107,-4,0.0044126974108904,-0.0036723779936151,0000310158-26-000063_same,same
0.0016439727803936,-0.0028221256867719,-3,0.0015397204585582,0.0001042523218353,0000310158-26-000063_same,same
0.0032824213391127,0.0069397247635067,-2,0.0048831773723174,-0.0016007560332047,0000310158-26-000063_same,same
0.0127596756112478,-0.0103856522472848,-1,-0.0010508053131642,0.013810480924412,0000310158-26-000063_same,same
0.0008883646493507,0.0076516140863223,0,0.0051270011524831,-0.0042386365031324,0000310158-26-000063_same,same
-0.0118614506560811,0.0081363556573399,1,0.0052930262893422,-0.0171544769454233,0000310158-26-000063_same,same
-0.0258043823676707,-0.0053655805693283,2,0.0006685811335674,-0.0264729635012382,0000310158-26-000063_same,same
0.0378876529111269,-0.0043393528110311,3,0.0010200665728339,0.036867586338293,0000310158-26-000063_same,same
-0.0194637135176822,0.0003983547353176,4,0.0026427426353172,-0.0221064561529995,0000310158-26-000063_same,same
-0.0130137747598344,-0.0094440310956254,5,-0.0007282978371797,-0.0122854769226547,0000310158-26-000063_same,same
0.0008675852723305,0.0016785565287558,-5,0.0050190389781254,-0.0041514537057949,0001193125-17-059212_same,same
0.0088835504552418,0.0060480661608284,-4,0.0116761990390632,-0.0027926485838214,0001193125-17-059212_same,same
-0.0008588782294133,-0.001082200145408,-3,0.0008128921523331,-0.0016717703817464,0001193125-17-059212_same,same
0.0012898548262909,0.0004189867216857,-2,0.0031000232258675,-0.0018101683995765,0001193125-17-059212_same,same
-0.0225422007296683,0.0014933641914423,-1,0.0047368894612767,-0.0272790901909451,0001193125-17-059212_same,same
0.0068087557527758,0.0010179830611165,0,0.0040126232298216,0.0027961325229542,0001193125-17-059212_same,same
-0.0037086568711779,-0.0025783763780462,1,-0.0014666049763455,-0.0022420518948323,0001193125-17-059212_same,same
0.0249621681631309,0.0136738546598662,2,0.0232944580437638,0.001667710119367,0001193125-17-059212_same,same
-0.0113223452185461,-0.0058598805035984,3,-0.0064661358262332,-0.0048562093923128,0001193125-17-059212_same,same
0.0118839378484703,0.00050387727206,4,0.0032293581007364,0.0086545797477338,0001193125-17-059212_same,same
-0.0055519085346377,-0.0032772408480052,5,-0.0025313589256835,-0.0030205496089541,0001193125-17-059212_same,same
-0.0014505406224786,-0.0058413894593534,-5,-0.008153650821225,0.0067031101987464,0001193125-18-060831_same,same
0.0007261902024831,-0.0054965031281792,-4,-0.0076582455018189,0.008384435704302,0001193125-18-060831_same,same
-0.0043554932368347,0.0009735510790762,-3,0.0016355390915233,-0.0059910323283581,0001193125-18-060831_same,same
0.022056171928775,0.0160283763505131,-2,0.0232607525257845,-0.0012045805970095,0001193125-18-060831_same,same
0.0167648486246503,0.0117570153438109,-1,0.0171252383793689,-0.0003603897547186,0001193125-18-060831_same,same
-0.0050869261479536,-0.0127068884438292,0,-0.0180154644387951,0.0129285382908414,0001193125-18-060831_same,same
-0.0123413740054409,-0.011095788639207,1,-0.0157012311939261,0.0033598571884851,0001193125-18-060831_same,same
-0.0273117886464764,-0.0133243995419872,2,-0.0189024763472646,-0.0084093122992118,0001193125-18-060831_same,same
0.0045883059115532,0.005071602744632,3,0.0075221063770575,-0.0029338004655043,0001193125-18-060831_same,same
0.0137012418296611,0.011032026532745,4,0.016083842182862,-0.0023826003532008,0001193125-18-060831_same,same
0.0192822367808487,0.0026388586061694,5,0.0040276379739592,0.0152545988068894,0001193125-18-060831_same,same
0.004048351746575,0.0014987433214488,-5,0.0014659864143384,0.0025823653322366,0001193125-19-051943_same,same
0.0061667590013232,0.0017771107537685,-4,0.001781462842458,0.0043852961588652,0001193125-19-051943_same,same
-0.0108438714092541,-0.0035264367908802,-3,-0.0042290974512007,-0.0066147739580534,0001193125-19-051943_same,same
-0.0040512477304501,0.0064111023949868,-2,0.0070332091359285,-0.0110844568663786,0001193125-19-051943_same,same
0.0095713988690002,0.0012318625699112,-1,0.0011635279495411,0.008407870919459,0001193125-19-051943_same,same
0.0052145705695156,-0.0007904570968998,0,-0.0011283859416964,0.0063429565112121,0001193125-19-051943_same,same
0.003537099300888,-0.0005440493877303,1,-0.0008491297682923,0.0043862290691804,0001193125-19-051943_same,same
-0.0136275659880122,-0.0028255083152146,2,-0.003434728619949,-0.0101928373680632,0001193125-19-051943_same,same
0.0123865110542247,0.0068953205934343,3,0.0075819781726069,0.0048045328816177,0001193125-19-051943_same,same
-0.0117651365688735,-0.003880558492514,4,-0.0046304269049378,-0.0071347096639357,0001193125-19-051943_same,same
-0.0023807442279176,-0.0011315328231061,5,-0.0015149302688299,-0.0008658139590877,0001193125-19-051943_same,same
-0.045462582318585,-0.0038155197636281,-5,-0.0057593907858513,-0.0397031915327337,0000895421-20-000265_same,same
-0.0247440349881776,-0.0105181030271228,-4,-0.0173418816247215,-0.0074021533634561,0000895421-20-000265_same,same
-0.0522701425403234,-0.0335136266712231,-3,-0.0570796113137285,0.004809468773405,0000895421-20-000265_same,same
-0.0332126799342619,-0.0302799955650561,-2,-0.0514916907775594,0.0182790108432974,0000895421-20-000265_same,same
-0.0164478666819785,-0.003778540605322,-1,-0.0056954884446983,-0.0107523782372801,0000895421-20-000265_same,same
-0.0387385515293382,-0.0441632425840791,0,-0.0754828259996176,0.0367442744702793,0000895421-20-000265_same,same
-0.0083682668841623,-0.0082383404443618,1,-0.0134023066591342,0.0050340397749718,0000895421-20-000265_same,same
0.0322007991719885,0.04603922900611,2,0.0803927908729247,-0.0481919917009361,0000895421-20-000265_same,same
-0.0447501257287611,-0.0281078961210758,3,-0.0477381645740074,0.0029880388452463,0000895421-20-000265_same,same
0.0189187095348455,0.0422025907744911,4,0.0737628356119714,-0.0548441260771259,0000895421-20-000265_same,same
-0.0585765698453429,-0.0339220770468885,5,-0.0577854395814717,-0.0007911302638712,0000895421-20-000265_same,same
0.0156355778742898,-0.0018548966445751,-5,0.0001926080604781,0.0154429698138116,0000895421-21-000286_same,same
0.0184209241482953,-0.0077328394581538,-4,-0.0064004577372001,0.0248213818854954,0000895421-21-000286_same,same
0.0012918221275053,0.0012563181187927,-3,0.0036823398078179,-0.0023905176803125,0000895421-21-000286_same,same
0.0307098576029429,0.011351613765979,-2,0.0150058505257439,0.015704007077199,0000895421-21-000286_same,same
-0.0181525934971296,-0.0244788075251262,-1,-0.0251837757811109,0.0070311822839813,0000895421-21-000286_same,same
-0.0198903377968344,-0.0047502141699028,0,-0.0030549599331332,-0.0168353778637012,0000895421-21-000286_same,same
0.0297905646729057,0.0237907635068002,1,0.0289583735953713,0.0008321910775344,0000895421-21-000286_same,same
0.0205913571337761,-0.0080808516908706,2,-0.0067908098759447,0.0273821670097208,0000895421-21-000286_same,same
0.0157194571200207,-0.0130662218719981,3,-0.0123827107624293,0.0281021678824501,0000895421-21-000286_same,same
-0.0115769436074801,-0.0134172139301002,4,-0.0127764052584329,0.0011994616509527,0000895421-21-000286_same,same
-0.002958428687631,0.0194959681977822,5,0.0241410643839745,-0.0270994930716056,0000895421-21-000286_same,same
-0.0220437310484643,0.000881207755895,-5,0.0010690746488857,-0.02311280569735,0000895421-22-000400_same,same
-0.0494316478352844,-0.021173138152195,-4,-0.0212113908916114,-0.0282202569436729,0000895421-22-000400_same,same
-0.0075920989240404,-0.0071661613961429,-3,-0.0070608028741593,-0.0005312960498811,0000895421-22-000400_same,same
-0.0070217652808719,-0.0101429452648328,-2,-0.0100681072251591,0.0030463419442871,0000895421-22-000400_same,same
-0.0126648961035816,-0.0184121228454876,-1,-0.0184220673426726,0.0057571712390909,0000895421-22-000400_same,same
-0.0185996291278998,0.0149568560673292,0,0.0152890383000418,-0.0338886674279417,0000895421-22-000400_same,same
0.029844485152046,0.0223726776556034,1,0.0227808931045595,0.0070635920474865,0000895421-22-000400_same,same
-0.0402966018024031,-0.0024426034406476,2,-0.0022888150448876,-0.0380077867575155,0000895421-22-000400_same,same
-0.0342733895748398,-0.0154735036804118,3,-0.0154533189918046,-0.0188200705830352,0000895421-22-000400_same,same
0.0085586152524812,0.018642691757321,4,0.0190126642656921,-0.0104540490132109,0000895421-22-000400_same,same
-0.0067890091988014,-0.0052546664300883,5,-0.0051297096601733,-0.0016592995386281,0000895421-22-000400_same,same
-0.0124964102300821,-0.0137887414891306,-5,-0.0131545562635878,0.0006581460335056,0000895421-23-000284_same,same
-0.0006025811714547,-0.0027674058253277,-4,-0.0017398168153293,0.0011372356438746,0000895421-23-000284_same,same
-0.0189931365973446,-0.0200412342553273,-3,-0.0196302301751135,0.0006370935777688,0000895421-23-000284_same,same
-0.0035853153826845,-0.0015735561458868,-2,-0.0005033529740218,-0.0030819624086627,0000895421-23-000284_same,same
0.0068880612365476,0.0053294294160743,-1,0.0066460329088221,0.0002420283277254,0000895421-23-000284_same,same
-0.0024505263428756,-0.0105375514855581,0,-0.0097873158564703,0.0073367895135946,0000895421-23-000284_same,same
-0.0102353330973431,0.0030730045671669,1,0.0043090655465589,-0.0145443986439021,0000895421-23-000284_same,same
-0.0020683061381877,-0.0030360018281855,2,-0.002018000284465,-5.030585372272885e-05,0000895421-23-000284_same,same
-0.0032123381170047,-0.00472526484568,3,-0.0037675611174235,0.0005552230004188,0000895421-23-000284_same,same
-0.001143595295433,0.0075821940867943,4,0.0089792094437646,-0.0101228047391977,0000895421-23-000284_same,same
0.0234179071055242,0.0161477371607488,5,0.0178504974078124,0.0055674096977118,0000895421-23-000284_same,same
0.0003571386808962,0.0095797632750176,-5,0.0123836858842998,-0.0120265472034035,0000895421-24-000300_same,same
0.0198809930268362,0.0058212506847294,-4,0.0072903602641076,0.0125906327627285,0000895421-24-000300_same,same
0.0096883641157647,-0.0048034698371121,-3,-0.0071076655350099,0.0167960296507747,0000895421-24-000300_same,same
-0.0132949401280729,-0.0060053220011653,-2,-0.0087363482311044,-0.0045585918969685,0000895421-24-000300_same,same
0.001288878960997,0.0012641999229821,-1,0.0011149004672456,0.0001739784937513,0000895421-24-000300_same,same
0.0045634836666501,0.021122884217414,0,0.028026276462499,-0.0234627927958488,0000895421-24-000300_same,same
0.0081539278580875,0.0003479475462115,1,-0.0001267534032843,0.0082806812613719,0000895421-24-000300_same,same
-0.0101675965400277,-0.0037867513501905,2,-0.0057298656225282,-0.0044377309174995,0000895421-24-000300_same,same
-0.0021012659267599,0.0017063496993998,3,0.0017140770643947,-0.0038153429911547,0000895421-24-000300_same,same
0.0065505161382515,-0.0016581550604305,4,-0.002845311225745,0.0093958273639965,0000895421-24-000300_same,same
-0.0001161052756297,0.0052290946971491,5,0.0064879036565426,-0.0066040089321724,0000895421-24-000300_same,same
-0.0019692987173277,0.0104262921222306,-5,0.018129537231664,-0.0200988359489917,0000895421-25-000304_same,same
0.0154194756216161,-7.194380749464546e-05,-4,0.0017882883083455,0.0136311873132706,0000895421-25-000304_same,same
0.0126664453702618,0.0024449877750611,-3,0.0057060708566543,0.0069603745136074,0000895421-25-000304_same,same
-0.0001421710521501,0.0023769693899173,-2,0.0056001954152528,-0.005742366467403,0000895421-25-000304_same,same
-0.0451346381305417,-0.0043341850761716,-1,-0.0048461925710067,-0.040288445559535,0000895421-25-000304_same,same
-0.0197261144198819,-0.0170641267025635,0,-0.024661249718577,0.004935135298695,0000895421-25-000304_same,same
-0.0130609219826679,-0.0049691065044024,1,-0.0058344928125825,-0.0072264291700853,0000895421-25-000304_same,same
-0.0028468363069124,-0.0046797309154723,2,-0.0053840591813809,0.0025372228744684,0000895421-25-000304_same,same
0.0111883787324742,0.0001360242800469,3,0.0021120053889459,0.0090763733435283,0000895421-25-000304_same,same
-0.0138115730815372,-0.0158645536555098,4,-0.0227940291784,0.0089824560968627,0000895421-25-000304_same,same
0.0299443152972873,0.0158541446349889,5,0.0265783746957657,0.0033659406015216,0000895421-25-000304_same,same
-0.0068020533453574,-4.895607156218951e-05,-5,0.0013351531650294,-0.0081372065103869,0000895421-26-000086_same,same
-0.048788732905906,-0.0156610121277019,-4,-0.0190845981410123,-0.0297041347648936,0000895421-26-000086_same,same
0.0183862848105007,0.0004990891480125,-3,0.0020519675966417,0.0163343172138589,0000895421-26-000086_same,same
0.0022786811858876,0.0010313220779065,-2,0.0027481003818586,-0.0004694191959709,0000895421-26-000086_same,same
0.0294392385539949,0.0055660701474107,-1,0.0086793132523384,0.0207599253016565,0000895421-26-000086_same,same
-0.0125714942590583,-0.0028221256867719,0,-0.0022920073875862,-0.0102794868714721,0000895421-26-000086_same,same
0.0059643307860208,0.0069397247635067,1,0.010475981515648,-0.0045116507296272,0000895421-26-000086_same,same
-0.0490848976364325,-0.0103856522472848,2,-0.0121847038272441,-0.0369001938091883,0000895421-26-000086_same,same
0.0119302361346504,0.0076516140863223,3,0.0114070954494596,0.0005231406851908,0000895421-26-000086_same,same
0.0292671955911909,0.0081363556573399,4,0.0120411120256419,0.0172260835655489,0000895421-26-000086_same,same
0.0216429241592011,-0.0053655805693283,5,-0.0056187131061141,0.0272616372653152,0000895421-26-000086_same,same
-0.0019672406951926,-0.0036125289162974,-5,-0.0054906505819069,0.0035234098867143,0001193125-16-662209_same,same
0.0137994553627369,0.0045539647130032,-4,0.0046119775245032,0.0091874778382337,0001193125-16-662209_same,same
0.0028282501321779,-0.0030114751244342,-3,-0.0047470973255429,0.0075753474577209,0001193125-16-662209_same,same
0.000528515571512,0.000322784244346,-2,-0.0006223426949579,0.0011508582664699,0001193125-16-662209_same,same
-0.0100425079500109,-0.0011985421207814,-1,-0.0025043492442823,-0.0075381587057285,0001193125-16-662209_same,same
0.0003563454649269,0.0016062090221755,0,0.0009653599129816,-0.0006090144480547,0001193125-16-662209_same,same
0.0083618300465406,0.0016313092573088,1,0.0009964109799934,0.0073654190665472,0001193125-16-662209_same,same
-0.0017647213598855,-0.0012697872845152,2,-0.002592485404825,0.0008277640449394,0001193125-16-662209_same,same
0.0,-0.0063616194812253,3,-0.0088915030002153,0.0088915030002153,0001193125-16-662209_same,same
0.0068929682570946,0.0031339432802557,4,0.0028552935559138,0.0040376747011807,0001193125-16-662209_same,same
0.0073722214174949,0.0002125718896919,5,-0.0007586844938185,0.0081309059113135,0001193125-16-662209_same,same
-0.0018872287591834,0.0002826639480466,-5,0.0006471351647843,-0.0025343639239678,0001564590-17-014900_same,same
-0.0120186355142273,-0.0009726882691745,-4,-0.0008514821150028,-0.0111671533992245,0001564590-17-014900_same,same
-0.0016407938804567,-0.0013411155777705,-3,-0.0012913041214749,-0.0003494897589818,0001564590-17-014900_same,same
-0.0046545933088503,-0.0007281456077897,-2,-0.0005595514098437,-0.0040950418990065,0001564590-17-014900_same,same
-0.0016504799513556,0.0024491149692504,-1,0.0032334060867216,-0.0048838860380773,0001564590-17-014900_same,same
-0.0044091371555307,0.0004926487188865,0,0.0008978112712633,-0.005306948426794,0001564590-17-014900_same,same
-0.0015223276275033,-0.0021836541856442,1,-0.0022971118137912,0.0007747841862879,0001564590-17-014900_same,same
0.00734559863794,0.0018891035295691,2,0.0025648743321495,0.0047807243057905,0001564590-17-014900_same,same
-0.003852064834639,0.0016471997899281,3,0.0022760939251066,-0.0061281587597457,0001564590-17-014900_same,same
0.0053866937317794,-0.0024144327873969,4,-0.0025726112279375,0.007959304959717,0001564590-17-014900_same,same
-0.004396069424015,-0.0003636086710507,5,-0.000124373660505,-0.00427169576351,0001564590-17-014900_same,same
-0.0176976677544175,-0.0065622086921236,-5,-0.0088025316271634,-0.008895136127254,0001564590-18-019062_same,same
-0.0214525017252138,-0.0057541702945819,-4,-0.0076257074629146,-0.0138267942622992,0001564590-18-019062_same,same
0.0067384772823613,0.0048847287979825,-3,0.0078687462304048,-0.0011302689480435,0001564590-18-019062_same,same
0.0018851411539602,-0.0010403515262938,-2,-0.0007605190643343,0.0026456602182945,0001564590-18-019062_same,same
0.0121374961721252,0.0049264448033816,-1,0.0079295012679612,0.0042079949041639,0001564590-18-019062_same,same
0.0043694744671383,0.0046441830098771,0,0.0075184162251577,-0.0031489417580193,0001564590-18-019062_same,same
0.0008330466281749,0.0035382274515358,1,0.0059077065984854,-0.0050746599703105,0001564590-18-019062_same,same
0.0069359454489197,0.0028241822564987,2,0.0048677737902898,0.0020681716586298,0001564590-18-019062_same,same
0.0056027638386833,-0.0002623799656497,3,0.0003725158687204,0.0052302479699628,0001564590-18-019062_same,same
0.0016438774744584,-0.0014416744645237,4,-0.0013450043224768,0.0029888817969352,0001564590-18-019062_same,same
-0.006109388284938,-0.0071138879135516,5,-0.0096059952257566,0.0034966069408186,0001564590-18-019062_same,same
-0.0037668156454055,-0.0052624012804535,-5,-0.0057595291617227,0.0019927135163171,0001564590-19-027952_same,same
0.0082034422077403,0.0073876910992347,-4,0.0114336652550231,-0.0032302230472827,0001564590-19-027952_same,same
-0.0021929698250946,-0.0016161146071345,-3,-0.0008037301215335,-0.001389239703561,0001564590-19-027952_same,same
-0.0048223914309645,-0.0025786549148275,-2,-0.0021119531880064,-0.002710438242958,0001564590-19-027952_same,same
-0.0290698011650425,-0.0108855261126957,-1,-0.0134021198692504,-0.0156676812957921,0001564590-19-027952_same,same
0.013135506191567,-0.008998793869673,0,-0.0108377943850572,0.0239733005766242,0001564590-19-027952_same,same
-0.0084021790520559,-0.0072827399270378,1,-0.008505443902564,0.000103264850508,0001564590-19-027952_same,same
-0.0342583169495663,-0.0297778200029859,2,-0.0390793143184867,0.0048209973689204,0001564590-19-027952_same,same
0.0187579828228954,0.0130170171699326,3,0.0190846842882256,-0.0003267014653302,0001564590-19-027952_same,same
0.0043804236633782,0.0007668762331907,4,0.0024350782271566,0.0019453454362216,0001564590-19-027952_same,same
0.0266852631832961,0.0187623034099841,5,0.0268933089480477,-0.0002080457647516,0001564590-19-027952_same,same
-0.0434945386582423,-0.012319859824193,-5,-0.0112678851057632,-0.0322266535524791,0001564590-20-034944_same,same
-0.006122138955203,-0.0061904000546884,-4,-0.004649493989737,-0.001472644965466,0001564590-20-034944_same,same
0.0126679027648892,0.0073951387950395,-3,0.0100197285862576,0.0026481741786315,0001564590-20-034944_same,same
-0.0089775556375059,-0.0064733921522979,-2,-0.0049550596439962,-0.0040224959935096,0001564590-20-034944_same,same
0.0100981729215976,0.01242838167815,-1,0.015454460395432,-0.0053562874738344,0001564590-20-034944_same,same
-0.0007840894473604,-0.0037502519373892,0,-0.0020147014911109,0.0012306120437505,0001564590-20-034944_same,same
0.0054439481974981,0.0076705049901413,1,0.0103170600392485,-0.0048731118417503,0001564590-20-034944_same,same
0.0562410783598026,0.0071810234393261,2,0.0097885337956321,0.0464525445641704,0001564590-20-034944_same,same
-0.0150088396084573,0.0036119303819721,3,0.0059347433032652,-0.0209435829117225,0001564590-20-034944_same,same
-0.0016408773928268,0.0064297430531994,4,0.0089773256924443,-0.0106182030852711,0001564590-20-034944_same,same
0.0160138217347289,0.0064276955596642,5,0.0089751148755807,0.0070387068591482,0001564590-20-034944_same,same
0.0168446539398012,0.0020166699583279,-5,0.0024200305628456,0.0144246233769555,0001564590-21-039151_same,same
0.0123364446023503,0.0101454520208228,-4,0.0124399038965177,-0.0001034592941673,0001564590-21-039151_same,same
-0.0021405075715148,0.0023821998626283,-3,0.0028705978572572,-0.005011105428772,0001564590-21-039151_same,same
-0.0086836727113449,-0.0047124448070912,-2,-0.0058745549087382,-0.0028091178026067,0001564590-21-039151_same,same
-0.001116745862153,-0.0001862618826539,-1,-0.0002953944343618,-0.0008213514277911,0001564590-21-039151_same,same
0.0009783007353671,0.0042061529800074,0,0.0051188779885473,-0.0041405772531801,0001564590-21-039151_same,same
-0.0055493690795257,-0.0054060480514769,1,-0.0067295189856611,0.0011801499061354,0001564590-21-039151_same,same
-0.0003162309917551,-0.0018428056148913,2,-0.0023373188261216,0.0020210878343664,0001564590-21-039151_same,same
0.0080752778355082,0.0082034265474622,3,0.0100460828905864,-0.0019708050550781,0001564590-21-039151_same,same
-0.0021247875794964,-0.0046323879014122,4,-0.0057758734521286,0.0036510858726322,0001564590-21-039151_same,same
0.0105058953329049,0.0060054468134942,5,0.0073367620655208,0.0031691332673841,0001564590-21-039151_same,same
0.0097992419347503,0.0098613727091971,-5,0.0127366014737653,-0.002937359539015,0001564590-22-026876_same,same
-0.0169160368847856,-0.0093324669763467,-4,-0.0109945302573353,-0.0059215066274502,0001564590-22-026876_same,same
-0.0058764580770439,0.0013151670479691,-3,0.002170131415123,-0.008046589492167,0001564590-22-026876_same,same
-0.0267742970703895,-0.0115432026620586,-2,-0.0137278686950731,-0.0130464283753163,0001564590-22-026876_same,same
0.066851631058763,0.0261562737829377,-1,0.032883505389892,0.0339681256688709,0001564590-22-026876_same,same
0.0285406335443516,0.0121333386971809,0,0.0155456446372357,0.0129949889071159,0001564590-22-026876_same,same
0.0156652608304457,0.0142077600825818,1,0.0181104450090883,-0.0024451841786425,0001564590-22-026876_same,same
-0.009724116412041,-0.0028230841271976,2,-0.0029463739523898,-0.0067777424596512,0001564590-22-026876_same,same
-0.0114746182553596,-0.0066623955507048,3,-0.0076932722614649,-0.0037813459938947,0001564590-22-026876_same,same
0.0278366516584265,0.0156384771631401,4,0.0198793737937877,0.0079572778646387,0001564590-22-026876_same,same
0.0041773697315665,-0.0007773401640558,5,-0.0004170301487116,0.0045943998802781,0001564590-22-026876_same,same
-0.0231215406450898,-0.0067568962189037,-5,-0.0062538491233684,-0.0168676915217214,0000950170-23-035122_same,same
-0.0089370330143994,0.000324094521898,-4,0.0026210765076739,-0.0115581095220733,0000950170-23-035122_same,same
0.003897810217649,0.0040341538771535,-3,0.0072710615267076,-0.0033732513090586,0000950170-23-035122_same,same
0.017009245525404,0.0028146733515561,-2,0.0057426314850161,0.0112666140403879,0000950170-23-035122_same,same
-0.0376374424534547,-0.0001554388967985,-1,0.0020200556075886,-0.0396574980610434,0000950170-23-035122_same,same
-0.0208722263111938,-0.0064246660644878,0,-0.0058374500599096,-0.0150347762512842,0000950170-23-035122_same,same
0.0231311721311864,0.0098778427947523,1,0.0145952208785617,0.0085359512526246,0000950170-23-035122_same,same
-0.0072404495799629,0.0014687129405193,2,0.0040556784882485,-0.0112961280682114,0000950170-23-035122_same,same
0.001250187276526,-0.0026650876392156,3,-0.0011254005530373,0.0023755878295634,0000950170-23-035122_same,same
-0.02628284762721,-0.0138395413363479,4,-0.0151308482594052,-0.0111519993678047,0000950170-23-035122_same,same
-0.0025649457666735,-0.0025479738404268,5,-0.000978616537542,-0.0015863292291314,0000950170-23-035122_same,same
0.0043122565964097,-0.0015581025897707,-5,-0.0023583112036035,0.0066705678000133,0000950170-24-087843_same,same
-0.0358548481713535,-0.0231490937547349,-4,-0.0326989294594782,-0.0031559187118753,0000950170-24-087843_same,same
-0.0244812335209796,-0.0051426202378422,-3,-0.0073954343611575,-0.0170857991598221,0000950170-24-087843_same,same
0.0164195757356502,0.0110904687028463,-2,0.0154160220884339,0.0010035536472162,0000950170-24-087843_same,same
0.0034332192699892,0.0008133101292933,-1,0.0009741031115392,0.00245911615845,0000950170-24-087843_same,same
-0.0089284759105811,-0.0049601718780302,0,-0.0071390498351219,-0.0017894260754591,0000950170-24-087843_same,same
-0.0108057007903111,0.0157933986591674,1,0.0220247878184851,-0.0328304886087963,0000950170-24-087843_same,same
-0.0029640648063384,-0.013693502993456,2,-0.0194115140055145,0.0164474491991761,0000950170-24-087843_same,same
-0.0206659187010682,-0.0183818608686967,3,-0.0259998024010203,0.005333883699952,0000950170-24-087843_same,same
-0.0326569295108774,-0.0299687983886397,4,-0.0422822808366436,0.0096253513257662,0000950170-24-087843_same,same
0.0112867995145229,0.010354085880061,5,0.0143812242903334,-0.0030944247758104,0000950170-24-087843_same,same
0.0011874624267076,0.0078118869515191,-5,0.0088189095164248,-0.0076314470897172,0000950170-25-100235_same,same
0.0099038679690597,0.0006982236416543,-4,0.0022347816525628,0.0076690863164968,0000950170-25-100235_same,same
0.0055394167279225,0.0039743277792958,-3,0.0052670152005924,0.0002724015273301,0000950170-25-100235_same,same
-0.0023554037320739,0.0001768581088181,-2,0.0017522261558409,-0.0041076298879149,0000950170-25-100235_same,same
0.0001365067114698,-0.0029594423887242,-1,-0.0011506106240045,0.0012871173354744,0000950170-25-100235_same,same
0.0013071589681477,-0.0012494327466496,0,0.0004321072586709,0.0008750517094767,0000950170-25-100235_same,same
0.0394746868610285,-0.003694819341153,1,-0.0018312467002459,0.0413059335612744,0000950170-25-100235_same,same
-0.0176007662352741,-0.0159921331401484,2,-0.0132131582284933,-0.0043876080067807,0000950170-25-100235_same,same
0.0219992673144016,0.014737100330916,3,0.0152286155129466,0.0067706518014549,0000950170-25-100235_same,same
-0.0147301089156945,-0.0048578659963033,4,-0.0029077170862603,-0.0118223918294342,0000950170-25-100235_same,same
-0.0053244450870758,0.0072819072950924,5,0.0083283811246299,-0.0136528262117057,0000950170-25-100235_same,same
-0.0056347385507538,0.0049923089198982,-5,0.0034360814510376,-0.0090708200017914,0000753308-17-000060_same,same
0.007183201246063,-0.0008641180363413,-4,-0.0011377620213812,0.0083209632674443,0000753308-17-000060_same,same
0.0053092898005557,0.0016785565287558,-3,0.0008480555340933,0.0044612342664624,0000753308-17-000060_same,same
0.0110358598007898,0.0060480661608284,-2,0.0042606231726317,0.006775236628158,0000753308-17-000060_same,same
0.0014036632607721,-0.001082200145408,-1,-0.0013080831811019,0.002711746441874,0000753308-17-000060_same,same
0.0056833609336111,0.0004189867216857,0,-0.0001356628974983,0.0058190238311094,0000753308-17-000060_same,same
0.0216325689978518,0.0014933641914423,1,0.0007034211402056,0.0209291478576461,0000753308-17-000060_same,same
-0.0083231536010469,0.0010179830611165,2,0.0003321505863169,-0.0086553041873639,0000753308-17-000060_same,same
0.0087010397482507,-0.0025783763780462,3,-0.0024765901814239,0.0111776299296747,0000753308-17-000060_same,same
-0.0121375124050743,0.0136738546598662,4,0.0102163301606972,-0.0223538425657716,0000753308-17-000060_same,same
0.0118228420346122,-0.0058598805035984,5,-0.0050394303460027,0.0168622723806149,0000753308-17-000060_same,same
0.0193410363952193,0.0149360902084947,-5,0.0029786217042557,0.0163624146909635,0000753308-18-000013_same,same
0.0128291986647892,0.0139145847540425,-4,0.002765041019445,0.0100641576453441,0000753308-18-000013_same,same
0.0071333306658774,0.002612929746329,-3,0.0004020431465301,0.0067312875193472,0000753308-18-000013_same,same
-0.0065533669444762,0.0134024582572458,-2,0.0026579634434822,-0.0092113303879585,0000753308-18-000013_same,same
0.0289843765745079,0.0120691127622993,-1,0.0023791819228758,0.026605194651632,0000753308-18-000013_same,same
0.0104902790877032,0.0003734693722488,0,-6.619270891019773e-05,0.0105564717966134,0000753308-18-000013_same,same
-0.0143542154281256,-0.0058413894593534,1,-0.0013656217031167,-0.0129885937250089,0000753308-18-000013_same,same
-0.0133285106783489,-0.0054965031281792,2,-0.001293511408969,-0.0120349992693798,0000753308-18-000013_same,same
0.0036242981592713,0.0009735510790762,3,5.92749147113553e-05,0.0035650232445599,0000753308-18-000013_same,same
0.0259341797687806,0.0160283763505131,4,0.0032070015148624,0.0227271782539181,0000753308-18-000013_same,same
-0.0032227568696096,0.0117570153438109,5,0.0023139272733995,-0.0055366841430091,0000753308-18-000013_same,same
0.0091541316044929,0.000676201086956,-5,0.0007644750312197,0.0083896565732732,0000753308-19-000039_same,same
0.0,0.0007091030986317,-4,0.000772821740399,-0.000772821740399,0000753308-19-000039_same,same
0.0014204798461072,0.0128902247439735,-3,0.0038629756450638,-0.0024424957989565,0000753308-19-000039_same,same
-0.0022917162698213,0.0030239946687606,-2,0.0013600723592322,-0.0036517886290536,0000753308-19-000039_same,same
-0.0013123286469611,-0.0026516415551012,-1,-7.974492108619004e-05,-0.0012325837258749,0000753308-19-000039_same,same
0.0078308680976078,0.0108787526085869,0,0.0033526976383035,0.0044781704593042,0000753308-19-000039_same,same
0.0072265864797247,0.0014987433214488,1,0.0009731407166693,0.0062534457630554,0000753308-19-000039_same,same
0.0014565489700895,0.0017771107537685,2,0.0010437580401768,0.0004127909299126,0000753308-19-000039_same,same
0.0049559186233254,-0.0035264367908802,3,-0.0003016663493693,0.0052575849726947,0000753308-19-000039_same,same
0.0084151035442732,0.0064111023949868,4,0.0022193269065932,0.0061957766376799,0000753308-19-000039_same,same
-0.0013287581078413,0.0012318625699112,5,0.0009054373786307,-0.0022341954864721,0000753308-19-000039_same,same
0.0045093768836526,-0.0054008536727301,-5,0.0017333158743961,0.0027760610092564,0000753308-20-000021_same,same
0.0081615672162749,0.0073263978048905,-4,0.0011607226543833,0.0070008445618915,0000753308-20-000021_same,same
0.0015091085551954,0.0016884725532351,-3,0.0014143703315517,9.473822364370948e-05,0000753308-20-000021_same,same
-0.0069446488634219,0.0064626464661976,-2,0.0011995824318602,-0.0081442312952821,0000753308-20-000021_same,same
0.0192779270221392,-0.0016304457368023,-1,0.00156368694669,0.0177142400754492,0000753308-20-000021_same,same
0.0110716041064207,0.0018435333204338,0,0.001407394218591,0.0096642098878297,0000753308-20-000021_same,same
0.0126384289191365,-0.0029199426368901,1,0.0016217008221537,0.0110167280969828,0000753308-20-000021_same,same
-0.0261310192846652,0.0047057858811645,2,0.0012786227856449,-0.0274096420703101,0000753308-20-000021_same,same
0.0085921965303077,-0.0038155197636281,3,0.0016619924272713,0.0069302041030364,0000753308-20-000021_same,same
0.0020215040034172,-0.0105181030271228,4,0.0019635385812069,5.796542221032149e-05,0000753308-20-000021_same,same
-0.0131489672321403,-0.0335136266712231,5,0.0029980966672483,-0.0161470638993886,0000753308-20-000021_same,same
0.0072292006379892,0.0038974951646253,-5,0.0036222987078859,0.0036069019301033,0000753308-21-000014_same,same
-0.0023927207202472,0.0073993483603735,-4,0.0060090951340239,-0.0084018158542711,0000753308-21-000014_same,same
0.0051561728705213,-0.0011135249921484,-3,0.0002068828315109,0.0049492900390104,0000753308-21-000014_same,same
0.0009540820030733,-0.0003451849323593,-2,0.0007305687789943,0.000223513224079,0000753308-21-000014_same,same
0.000476797458319,0.0016624551635393,-1,0.0020989380217942,-0.0016221405634751,0000753308-21-000014_same,same
-0.0097676846759771,0.0047110331133788,0,0.0041767906754447,-0.0139444753514218,0000753308-21-000014_same,same
-0.0233371741242378,-0.0005692724183511,1,0.0005778350175228,-0.0239150091417607,0000753308-21-000014_same,same
-0.0062811937367014,-0.0003204020092266,2,0.0007474603472742,-0.0070286540839757,0000753308-21-000014_same,same
0.0006195277972744,-0.0044158356273545,3,-0.0020439091867488,0.0026634369840233,0000753308-21-000014_same,same
-0.0325777184019714,-0.0018548966445751,4,-0.0002984219632761,-0.0322792964386952,0000753308-21-000014_same,same
-0.0384123299867702,-0.0077328394581538,5,-0.004304715807212,-0.0341076141795582,0000753308-21-000014_same,same
-0.0064938646601406,-0.0189694543445634,-5,-0.0111048033953419,0.0046109387352012,0000753308-22-000014_same,same
-0.00053385549021,-0.0038405967262932,-4,-0.0021277247305872,0.0015938692403772,0000753308-22-000014_same,same
0.0022689960579584,0.0157667211707204,-3,0.0095067581634667,-0.0072377621055082,0000753308-22-000014_same,same
0.0018645657644436,0.000881207755895,-2,0.0006740737492269,0.0011904920152166,0000753308-22-000014_same,same
0.0019937918053585,-0.021173138152195,-1,-0.0124124132223697,0.0144062050277283,0000753308-22-000014_same,same
-0.0163175060989089,-0.0071661613961429,0,-0.0041010300785017,-0.0122164760204071,0000753308-22-000014_same,same
-0.0049898243250479,-0.0101429452648328,1,-0.0058673777850814,0.0008775534600335,0000753308-22-000014_same,same
-0.0197883698071463,-0.0184121228454876,2,-0.0107740970832204,-0.0090142727239258,0000753308-22-000014_same,same
0.0431417668110434,0.0149568560673292,3,0.009026204844477,0.0341155619665663,0000753308-22-000014_same,same
0.0227994771422483,0.0223726776556034,4,0.0134265644381405,0.0093729127041078,0000753308-22-000014_same,same
0.0200037856016297,-0.0024426034406476,5,-0.0012981911323013,0.021301976733931,0000753308-22-000014_same,same
0.0200631056638476,0.0021952617756952,-5,0.0016956386748499,0.0183674669889976,0000753308-23-000019_same,same
0.0117737577367578,0.0114486093427661,-4,0.0098226362376549,0.0019511214991028,0000753308-23-000019_same,same
0.0054220610919222,-0.0002804145319874,-3,-0.000478689607212,0.0059007506991342,0000753308-23-000019_same,same
0.0119689541615259,0.002773175690496,-2,0.002203206875769,0.0097657472857569,0000753308-23-000019_same,same
-0.0162464950069085,-0.0137887414891306,-1,-0.0123427355065521,-0.0039037595003564,0000753308-23-000019_same,same
0.0050206492632776,-0.0027674058253277,0,-0.0026629555750894,0.007683604838367,0000753308-23-000019_same,same
-0.0316814663209549,-0.0200412342553273,1,-0.0178341528670286,-0.0138473134539262,0000753308-23-000019_same,same
0.0002713932985487,-0.0015735561458868,2,-0.0016144254766741,0.0018858187752228,0000753308-23-000019_same,same
-0.0109932955179146,0.0053294294160743,3,0.0044483044090785,-0.0154415999269931,0000753308-23-000019_same,same
0.0006860722660451,-0.0105375514855581,4,-0.0094872917826746,0.0101733640487197,0000753308-23-000019_same,same
-0.0081707600183387,0.0030730045671669,5,0.0024665395272555,-0.0106372995455942,0000753308-23-000019_same,same
0.0051520088043,0.0057423415255595,-5,0.0027766139902823,0.0023753948140176,0000753308-24-000008_same,same
0.0171437294505836,-0.0009489536011326,-4,-0.0028460260486139,0.0199897554991975,0000753308-24-000008_same,same
-0.0399651507536821,-0.0136742556536254,-3,-0.0135389922790191,-0.0264261584746629,0000753308-24-000008_same,same
0.0137556441700474,0.0095797632750176,-2,0.0060011677972971,0.0077544763727503,0000753308-24-000008_same,same
0.0224959616573099,0.0058212506847294,-1,0.0028429207051087,0.0196530409522012,0000753308-24-000008_same,same
-0.0041906684440838,-0.0048034698371121,0,-0.0060849442114879,0.001894275767404,0000753308-24-000008_same,same
-0.0073644414228722,-0.0060053220011653,1,-0.0070948506601637,-0.0002695907627084,0000753308-24-000008_same,same
0.0086555188550716,0.0012641999229821,2,-0.0009863314183064,0.009641850273378,0000753308-24-000008_same,same
-0.0075307290576228,0.021122884217414,3,0.0157007570032248,-0.0232314860608476,0000753308-24-000008_same,same
0.00194112917907,0.0003479475462115,4,-0.0017562507241838,0.0036973799032539,0000753308-24-000008_same,same
-0.0198168471722746,-0.0037867513501905,5,-0.0052306040628899,-0.0145862431093846,0000753308-24-000008_same,same
-0.0144363935360367,-0.0094647701115428,-5,-0.0036335415255659,-0.0108028520104707,0000753308-25-000011_same,same
0.0209463842602846,0.0067125410858628,-4,0.0008640693753013,0.0200823148849832,0000753308-25-000011_same,same
0.0090386778412083,0.0003395827888592,-3,-0.0009077384583745,0.0099464162995829,0000753308-25-000011_same,same
-0.0149296723537417,-0.0027238667143857,-2,-0.0017594377124669,-0.0131702346412748,0000753308-25-000011_same,same
-0.0098152249412795,0.0104262921222306,-1,0.0018965652542799,-0.0117117901955594,0000753308-25-000011_same,same
-0.0078718196403734,-7.194380749464546e-05,0,-0.001022150951475,-0.0068496686888983,0000753308-25-000011_same,same
0.0064652550418855,0.0024449877750611,1,-0.000322394435432,0.0067876494773175,0000753308-25-000011_same,same
0.0081749446127492,0.0023769693899173,2,-0.0003413048851816,0.0085162494979308,0000753308-25-000011_same,same
0.0156385395524303,-0.0043341850761716,3,-0.0022071379099507,0.017845677462381,0000753308-25-000011_same,same
0.0205303982296218,-0.0170641267025635,4,-0.0057463122218998,0.0262767104515216,0000753308-25-000011_same,same
-0.0108967365607663,-0.0049691065044024,5,-0.0023836585629788,-0.0085130779977875,0000753308-25-000011_same,same
0.0029144705020298,0.0196957966973359,-5,0.009764876517056,-0.0068504060150262,0000753308-26-000015_same,same
0.0001117927301788,0.0046910867168872,-4,0.0027666823498091,-0.0026548896196303,0000753308-26-000015_same,same
0.0150871951167981,-0.0033037129754581,-3,-0.0009620908586155,0.0160492859754136,0000753308-26-000015_same,same
0.0058350974092631,-4.895607156218951e-05,-2,0.0005559272044014,0.0052791702048617,0000753308-26-000015_same,same
0.0062389959990725,-0.0156610121277019,-1,-0.0067255330686176,0.0129645290676901,0000753308-26-000015_same,same
0.0203416714240696,0.0004990891480125,0,0.0008115354010285,0.019530136023041,0000753308-26-000015_same,same
-0.0116205757636705,0.0010313220779065,1,0.0010597687484544,-0.012680344512125,0000753308-26-000015_same,same
-0.0160716254291363,0.0055660701474107,2,0.0031747744720764,-0.0192463999012128,0000753308-26-000015_same,same
0.0046042782055732,-0.0028221256867719,3,-0.0007374786295823,0.0053417568351556,0000753308-26-000015_same,same
0.0058925819244304,0.0069397247635067,4,0.0038154467499613,0.0020771351744691,0000753308-26-000015_same,same
0.0203949251265365,-0.0103856522472848,5,-0.0042651061231206,0.0246600312496571,0000753308-26-000015_same,same
0.0086220392304541,0.0052592041176209,-5,0.0030469900262985,0.0055750492041556,0000320187-16-000336_same,same
-0.0105999839946581,-0.0009289473209127,-4,-0.0027582156468089,-0.0078417683478491,0000320187-16-000336_same,same
-0.002246329789316,0.0023822949878407,-3,0.0003481147051133,-0.0025944444944294,0000320187-16-000336_same,same
0.0003462552672903,-0.0014351736522938,-2,-0.0032331148150016,0.003579370082292,0000320187-16-000336_same,same
0.0,0.0042703001734318,-1,0.002119283126429,-0.002119283126429,0000320187-16-000336_same,same
-0.0133310773382485,-0.0036125289162974,0,-0.0052757272585587,-0.0080553500796898,0000320187-16-000336_same,same
-0.0045621877944863,0.0045539647130032,1,0.0023853934520628,-0.0069475812465492,0000320187-16-000336_same,same
0.0072274549705364,-0.0030114751244342,2,-0.0047118689048927,0.0119393238754291,0000320187-16-000336_same,same
-0.0134759563490136,0.000322784244346,3,-0.0015839458739977,-0.0118920104750158,0000320187-16-000336_same,same
-0.0102889800405747,-0.0011985421207814,4,-0.0030111269204233,-0.0072778531201514,0000320187-16-000336_same,same
-0.0060943817131119,0.0016062090221755,5,-0.000379944182173,-0.0057144375309389,0000320187-16-000336_same,same
-0.0048092517914762,0.001874584313926,-5,0.000795194116905,-0.0056044459083813,0000320187-17-000090_same,same
0.0010354856414092,0.0046735030786992,-4,0.0026421556354302,-0.001606669994021,0000320187-17-000090_same,same
-0.0036206390734442,-5.291283677333336e-05,-3,-0.0004767302809069,-0.0031439087925372,0000320187-17-000090_same,same
-0.0024226312574752,0.0005978573436131,-2,-4.729749575249707e-05,-0.0023753337617227,0000320187-17-000090_same,same
0.0020816164562018,0.0053726393560888,-1,0.0031035044308277,-0.0010218879746258,0000320187-17-000090_same,same
0.0230222838119451,-0.0001536592818101,0,-0.0005432112411452,0.0235654950530903,0000320187-17-000090_same,same
0.0143823034239694,-0.000367871647835,1,-0.0006845665394196,0.015066869963389,0000320187-17-000090_same,same
-0.0166807064634377,-0.0010637348279797,2,-0.0011437554705388,-0.0155369509928989,0000320187-17-000090_same,same
0.0074639803400484,0.0029231716783382,3,0.0014871400694835,0.0059768402705648,0000320187-17-000090_same,same
-0.0173428389787351,0.0002826639480466,4,-0.0002552885528104,-0.0170875504259246,0000320187-17-000090_same,same
-0.0035983797225693,-0.0009726882691745,5,-0.0010836753093624,-0.0025147044132069,0000320187-17-000090_same,same
-0.011358953508738,0.0021605126279586,-5,0.0032420484771668,-0.0146010019859049,0000320187-18-000142_same,same
0.0046999630364028,-0.0039529931204791,-4,-0.0028595426798304,0.0075595057162333,0000320187-18-000142_same,same
0.0001300340992005,-0.0009484477101494,-3,0.0001391471817352,-9.113082534747964e-06,0000320187-18-000142_same,same
-0.004807385693872,0.0018380494891383,-2,0.0029202137857074,-0.0077275994795795,0000320187-18-000142_same,same
-0.0138399501025227,0.0047809111459209,-1,0.0058573401089924,-0.0196972902115151,0000320187-18-000142_same,same
0.0215805606158252,0.0091016050575996,0,0.0101696134343798,0.0114109471814454,0000320187-18-000142_same,same
0.0128306243776608,-0.0030322960242857,1,-0.001940639927209,0.0147712643048698,0000320187-18-000142_same,same
-0.0161232178796699,-0.0065622086921236,2,-0.005463673159746,-0.0106595447199239,0000320187-18-000142_same,same
-0.012095093215224,-0.0057541702945819,3,-0.0046572095456053,-0.0074378836696187,0000320187-18-000142_same,same
0.0125069739643584,0.0048847287979825,4,0.0059609554311701,0.0065460185331882,0000320187-18-000142_same,same
0.008191246781245,-0.0010403515262938,5,4.742247663879081e-05,0.0081438243046062,0000320187-18-000142_same,same
-0.0098350255925052,-0.0034037785221858,-5,-0.005519887694563,-0.0043151378979422,0000320187-19-000051_same,same
-0.0124152424835493,-0.0065312435694508,-4,-0.0098022158105986,-0.0026130266729506,0000320187-19-000051_same,same
-0.0006858040320829,0.0035819977840647,-3,0.0040454906027112,-0.0047312946347941,0000320187-19-000051_same,same
-0.0101780820340275,-0.0061767345227666,-2,-0.0093167990161464,-0.0008612830178811,0000320187-19-000051_same,same
-0.0067016125970992,0.0028286949150666,-1,0.0030140194249207,-0.0097156320220199,0000320187-19-000051_same,same
0.0084914533074789,0.0068474826737554,0,0.0085168044445208,-2.535113704196096e-05,0000320187-19-000051_same,same
0.0,0.0046881479528901,1,0.0055601032033096,-0.0055601032033096,0000320187-19-000051_same,same
0.0066896255291999,-0.0052624012804535,2,-0.0080648346002986,0.0147544601294985,0000320187-19-000051_same,same
0.0029786240096552,0.0073876910992347,3,0.0092564928803588,-0.0062778688707036,0000320187-19-000051_same,same
0.0009142802998769,-0.0016161146071345,4,-0.0030721022422071,0.0039863825420841,0000320187-19-000051_same,same
-0.0047936635598103,-0.0025786549148275,5,-0.0043900749006246,-0.0004035886591857,0000320187-19-000051_same,same
-0.0100764212472166,0.0028486121946174,-5,0.0039320310350947,-0.0140084522823113,0000320187-20-000047_same,same
-0.0065431784520596,0.0084069387471426,-4,0.0093718419676173,-0.0159150204196769,0000320187-20-000047_same,same
0.0283323040303502,0.0016790373419135,-3,0.0027873940638733,0.0255449099664769,0000320187-20-000047_same,same
0.0055920068953088,0.0057470820687397,-2,0.0067686992228741,-0.0011766923275653,0000320187-20-000047_same,same
-0.0061673578530098,-0.012319859824193,-1,-0.0109130161455358,0.004745658292526,0000320187-20-000047_same,same
0.0013224817778607,-0.0061904000546884,0,-0.0049142497993123,0.006236731577173,0000320187-20-000047_same,same
-0.0123946968117553,0.0073951387950395,1,0.0083816157927129,-0.0207763126044683,0000320187-20-000047_same,same
-0.0096696580240986,-0.0064733921522979,2,-0.005191207889458,-0.0044784501346406,0000320187-20-000047_same,same
0.0072712341115275,0.01242838167815,3,0.0133075389825168,-0.0060363048709893,0000320187-20-000047_same,same
-0.0015467557231965,-0.0037502519373892,4,-0.0025261309509463,0.0009793752277498,0000320187-20-000047_same,same
0.008159279433733,0.0076705049901413,5,0.0086511105811905,-0.0004918311474574,0000320187-20-000047_same,same
-0.0014212442791812,-0.0035168126585656,-5,-0.0046897412434061,0.0032684969642248,0000320187-21-000028_same,same
-0.0003093247629089,0.0011649345752446,-4,-9.50670672612234e-06,-0.0002998180561827,0000320187-21-000028_same,same
0.000928676195725,-0.0032622408541723,-3,-0.0044352516925004,0.0053639278882254,0000320187-21-000028_same,same
-0.0113797139086508,-0.0075388542110778,-2,-0.0087104832531598,-0.002669230655491,0000320187-21-000028_same,same
-0.0123868470372615,-0.0158695124274093,-1,-0.0170384497900502,0.0046516027527887,0000320187-21-000028_same,same
0.0118451038108433,0.0151626094378556,0,0.0139836454335894,-0.002138541622746,0000320187-21-000028_same,same
0.0083889318530363,0.0082418199908353,1,0.007065092130003,0.0013238397230332,0000320187-21-000028_same,same
0.0161409054867349,0.0020166699583279,2,0.0008419534761796,0.0152989520105553,0000320187-21-000028_same,same
0.0163733811235671,0.0101454520208228,3,0.0089681090864794,0.0074052720370876,0000320187-21-000028_same,same
-0.0076339267464431,0.0023821998626283,4,0.0012073652758473,-0.0088412920222904,0000320187-21-000028_same,same
-0.0031499317810715,-0.0047124448070912,5,-0.0058849870769023,0.0027350552958307,0000320187-21-000028_same,same
-0.017981064402827,-0.0029986339021522,-5,-0.0048576006337258,-0.0131234637691012,0000320187-22-000038_same,same
0.0143382421288107,0.0192012493594366,-4,0.0226623679499914,-0.0083241258211807,0000320187-22-000038_same,same
-0.0072588326441976,-0.0083635715808313,-3,-0.0115082174244144,0.0042493847802167,0000320187-22-000038_same,same
0.0505097916357806,0.0276282916459595,-2,0.0331089066207614,0.0174008850150191,0000320187-22-000038_same,same
0.0175841287440565,0.0058958061932632,-1,0.0061683452737964,0.01141578347026,0000320187-22-000038_same,same
0.0045900741207813,0.0098613727091971,0,0.0110842389588758,-0.0064941648380944,0000320187-22-000038_same,same
-0.0223975656463693,-0.0093324669763467,1,-0.0127093035081249,-0.0096882621382443,0000320187-22-000038_same,same
0.0014664997975035,0.0013151670479691,2,0.0004899800370769,0.0009765197604266,0000320187-22-000038_same,same
-0.0373355112128156,-0.0115432026620586,3,-0.0154498303794063,-0.0218856808334092,0000320187-22-000038_same,same
0.0252854042089225,0.0261562737829377,4,0.0312841274150471,-0.0059987232061246,0000320187-22-000038_same,same
0.0405153522367904,0.0121333386971809,5,0.0139006696524898,0.0266146825843006,0000320187-22-000038_same,same
0.0007425093495323,0.0084701534580691,-5,0.0069330171140679,-0.0061905077645356,0000320187-23-000039_same,same
0.0010199740478176,-0.0010244071333035,-4,-0.0032396663892575,0.0042596404370751,0000320187-23-000039_same,same
0.0070403206823836,0.0038553825145495,-3,0.0019886488310929,0.0050516718512907,0000320187-23-000039_same,same
0.0092907408244864,0.0071172752058423,-2,0.0054835132485662,0.0038072275759201,0000320187-23-000039_same,same
0.0014584159584527,0.002357910335732,-1,0.0003842238149434,0.0010741921435092,0000320187-23-000039_same,same
-0.0213871098021221,-0.0067568962189037,0,-0.0093815827626247,-0.0120055270394973,0000320187-23-000039_same,same
0.0142285268457456,0.000324094521898,1,-0.0017948517072024,0.016023378552948,0000320187-23-000039_same,same
-0.0026591267423262,0.0040341538771535,2,0.0021801884472476,-0.0048393151895739,0000320187-23-000039_same,same
-0.0043210289219037,0.0028146733515561,3,0.0008736098746022,-0.0051946387965059,0000320187-23-000039_same,same
0.0092336867542777,-0.0001554388967985,4,-0.0023086344832164,0.0115423212374942,0000320187-23-000039_same,same
-0.0149130763870534,-0.0064246660644878,5,-0.0090256239819514,-0.0058874524051019,0000320187-23-000039_same,same
-0.0094428924878335,-0.0078164039369225,-5,-0.0045113897593943,-0.0049315027284392,0000320187-24-000044_same,same
0.0044210632933354,-0.0071402655319269,-4,-0.0042177837744013,0.0086388470677368,0000320187-24-000044_same,same
0.0297111020559626,0.0107920356494095,-3,0.0035691292490818,0.0261419728068807,0000320187-24-000044_same,same
-0.0195030131144603,-0.0015581025897707,-2,-0.0017937882774529,-0.0177092248370073,0000320187-24-000044_same,same
-0.0314715276584256,-0.0231490937547349,-1,-0.0111694489130971,-0.0203020787453284,0000320187-24-000044_same,same
0.0045014025408276,-0.0051426202378422,0,-0.0033503273336743,0.0078517298745019,0000320187-24-000044_same,same
0.0161043060358654,0.0110904687028463,1,0.0036987206610788,0.0124055853747865,0000320187-24-000044_same,same
0.0136439083445891,0.0008133101292933,2,-0.0007640272668944,0.0144079356114835,0000320187-24-000044_same,same
0.010468893830122,-0.0049601718780302,3,-0.00327110105397,0.0137399948840921,0000320187-24-000044_same,same
0.0072659226431561,0.0157933986591674,4,0.0057409184891814,0.0015250041539747,0000320187-24-000044_same,same
-0.0134918089614848,-0.013693502993456,5,-0.0070634581593637,-0.006428350802121,0000320187-24-000044_same,same
0.0144100952405772,0.0027462050044453,-5,0.0015117620210381,0.012898333219539,0000320187-25-000047_same,same
-0.0266684360551836,-0.0032975229626984,-4,-0.005046807888729,-0.0216216281664546,0000320187-25-000047_same,same
-0.0052318610927627,0.0014074138094573,-3,5.892435285645642e-05,-0.0052907854456192,0000320187-25-000047_same,same
-0.0035987926249202,-0.0039562982147312,-2,-0.0057617016709723,0.0021629090460521,0000320187-25-000047_same,same
0.0015280399064248,0.0031936574173276,-1,0.0019973311841667,-0.0004692912777419,0000320187-25-000047_same,same
0.012205229007361,0.0053737674089093,0,0.00436315636169,0.007842072645671,0000320187-25-000047_same,same
-0.0069881678328267,-9.048620868445932e-05,1,-0.0015665760072246,-0.0054215918256021,0000320187-25-000047_same,same
0.0213880530399317,0.0013991348828683,2,4.9940176350397446e-05,0.0213381128635813,0000320187-25-000047_same,same
0.0185086009732751,0.0006375316336257,3,-0.0007765411247303,0.0192851420980054,0000320187-25-000047_same,same
0.0180394380416888,0.0078118869515191,4,0.0070089699316434,0.0110304681100454,0000320187-25-000047_same,same
-0.0173290034478615,0.0006982236416543,5,-0.0007106789979464,-0.0166183244499151,0000320187-25-000047_same,same
-0.0015759044895742,0.0001558049334506,-5,0.0032643075427567,-0.004840212032331,0001045810-16-000205_same,same
0.0170454768673149,0.0163955005341884,-4,0.0238219158925729,-0.0067764390252579,0001045810-16-000205_same,same
0.0024830256269028,-0.0012609729212872,-3,0.0014708278512364,0.0010121977756663,0001045810-16-000205_same,same
-0.0049536754095593,-0.0018369416879204,-2,0.0007417168742034,-0.0056953922837628,0001045810-16-000205_same,same
0.0298694873266351,0.0056003515456328,-1,0.0101564845667198,0.0197130027599153,0001045810-16-000205_same,same
-0.0084595027295794,0.0065952364866208,0,0.0114158957941712,-0.0198753985237506,0001045810-16-000205_same,same
0.030164614362498,0.0044056436889678,1,0.0086441202457623,0.0215204941167357,0001045810-16-000205_same,same
0.0029577649811829,0.0009855772666846,2,0.0043147049803394,-0.0013569399991565,0001045810-16-000205_same,same
-0.0017693678709105,-0.0008773877668368,3,0.0019564030472171,-0.0037257709181276,0001045810-16-000205_same,same
0.0171341580699329,-0.0063860316025012,4,-0.0050169137745016,0.0221510718444345,0001045810-16-000205_same,same
0.0014523934474381,-0.0003780702927851,5,0.0025884822022789,-0.0011360887548407,0001045810-16-000205_same,same
-0.0015324982946033,-0.001082200145408,-5,0.0039690416797073,-0.0055015399743106,0001045810-17-000027_same,same
-0.0927228698492144,0.0004189867216857,-4,0.0060792768508797,-0.0988021467000941,0001045810-17-000027_same,same
0.0096524243803091,0.0014933641914423,-3,0.0075895412779758,0.0020628831023332,0001045810-17-000027_same,same
0.0290755131543227,0.0010179830611165,-2,0.0069212927055198,0.0221542204488028,0001045810-17-000027_same,same
-0.0280624278654216,-0.0025783763780462,-1,0.0018658500134374,-0.0299282778788591,0001045810-17-000027_same,same
0.0129093447370829,0.0136738546598662,0,0.0247117929789648,-0.0118024482418819,0001045810-17-000027_same,same
-0.0368717480434638,-0.0058598805035984,1,-0.0027469970423681,-0.0341247510010956,0001045810-17-000027_same,same
-0.0057572900531362,0.00050387727206,2,0.0061986084471165,-0.0119558985002528,0001045810-17-000027_same,same
-0.0077214614308958,-0.0032772408480052,3,0.0008834484106007,-0.0086049098414965,0001045810-17-000027_same,same
0.0109550510790181,-0.0029133737680216,4,0.0013949404351078,0.0095601106439103,0001045810-17-000027_same,same
-0.0018225951147501,-0.0022842151650487,5,0.0022793557210006,-0.0041019508357507,0001045810-17-000027_same,same
-0.0303919533901153,-0.0054965031281792,-5,-0.0112505469699088,-0.0191414064202065,0001045810-18-000010_same,same
0.0032730681301511,0.0009735510790762,-4,0.0030856882594718,0.0001873798706792,0001045810-18-000010_same,same
0.0156103080644443,0.0160283763505131,-3,0.0364439120880314,-0.0208336040235871,0001045810-18-000010_same,same
0.002642841991971,0.0117570153438109,-2,0.0269795035714817,-0.0243366615795107,0001045810-18-000010_same,same
-0.0021088730077652,-0.0127068884438292,-1,-0.0272271951815592,0.0251183221737939,0001045810-18-000010_same,same
-0.0165000683897534,-0.011095788639207,0,-0.0236573478453232,0.0071572794555697,0001045810-18-000010_same,same
-0.0404544773762455,-0.0133243995419872,1,-0.0285954656900225,-0.011859011686223,0001045810-18-000010_same,same
0.0186469482727462,0.005071602744632,2,0.0121660809080651,0.0064808673646811,0001045810-18-000010_same,same
-0.0037627783398639,0.011032026532745,3,0.0253730857886981,-0.0291358641285621,0001045810-18-000010_same,same
0.0276258621680569,0.0026388586061694,4,0.0067756481381531,0.0208502140299038,0001045810-18-000010_same,same
-0.0013212896859621,-0.0004838747205661,5,-0.0001436508501773,-0.0011776388357847,0001045810-18-000010_same,same
0.0113120538885425,0.0030239946687606,-5,0.0024789194609591,0.0088331344275834,0001045810-19-000023_same,same
0.0107927771652009,-0.0026516415551012,-4,-0.0088095632163014,0.0196023403815024,0001045810-19-000023_same,same
0.0181839685181239,0.0108787526085869,-3,0.0181015378671596,8.243065096430469e-05,0001045810-19-000023_same,same
-0.0044489216087013,0.0014987433214488,-2,-0.0005547093224026,-0.0038942122862986,0001045810-19-000023_same,same
0.0121934401721379,0.0017771107537685,-1,-1.0540468155960034e-06,0.0121944942189535,0001045810-19-000023_same,same
-0.0175336639965117,-0.0035264367908802,0,-0.0105494757962734,-0.0069841882002383,0001045810-19-000023_same,same
0.0219554393671419,0.0064111023949868,1,0.0092156632171512,0.0127397761499906,0001045810-19-000023_same,same
-0.0031408876836099,0.0012318625699112,2,-0.0010855183139938,-0.0020553693696161,0001045810-19-000023_same,same
-0.0100195670419167,-0.0007904570968998,3,-0.0051077846514136,-0.004911782390503,0001045810-19-000023_same,same
-0.0107576198605761,-0.0005440493877303,4,-0.0046176952505445,-0.0061399246100315,0001045810-19-000023_same,same
-0.0063766974687534,-0.0028255083152146,5,-0.0091553732422225,0.002778675773469,0001045810-19-000023_same,same
0.0173577872480743,0.0064626464661976,-5,0.0148559998516715,0.0025017873964028,0001045810-20-000010_same,same
-0.0064577762194873,-0.0016304457368023,-4,-0.0019068336333601,-0.0045509425861272,0001045810-20-000010_same,same
0.0702046063193881,0.0018435333204338,-3,0.0052886524683985,0.0649159538509896,0001045810-20-000010_same,same
0.0233960981321648,-0.0029199426368901,-2,-0.004577706678353,0.0279738048105178,0001045810-20-000010_same,same
0.0611322947490671,0.0047057858811645,-1,0.0112170988352703,0.0499151959137967,0001045810-20-000010_same,same
-0.0190657326038964,-0.0038155197636281,0,-0.006432672601384,-0.0126330600025123,0001045810-20-000010_same,same
-0.0473921316832615,-0.0105181030271228,1,-0.020315411651839,-0.0270767200314224,0001045810-20-000010_same,same
-0.0706976961658663,-0.0335136266712231,2,-0.067944936199239,-0.0027527599666272,0001045810-20-000010_same,same
-0.041093271150505,-0.0302799955650561,3,-0.0612472712740076,0.0201540001235025,0001045810-20-000010_same,same
0.0213699506307261,-0.003778540605322,4,-0.0063560794454488,0.0277260300761749,0001045810-20-000010_same,same
-0.0556655940247747,-0.0441632425840791,5,-0.0900029745545382,0.0343373805297634,0001045810-20-000010_same,same
0.0065749896732478,-0.0018548966445751,-5,-0.0044037694032984,0.0109787590765462,0001045810-21-000010_same,same
-0.0382375407176895,-0.0077328394581538,-4,-0.0135775639996074,-0.0246599767180821,0001045810-21-000010_same,same
-0.0148893858079107,0.0012563181187927,-3,0.0004519507167081,-0.0153413365246189,0001045810-21-000010_same,same
0.0252439951453464,0.011351613765979,-2,0.0162078319141834,0.0090361632311629,0001045810-21-000010_same,same
-0.0821781367824295,-0.0244788075251262,-1,-0.0397132506224625,-0.042464886159967,0001045810-21-000010_same,same
0.0305842493492978,-0.0047502141699028,0,-0.0089225354258413,0.0395067847751391,0001045810-21-000010_same,same
0.0092784671775953,0.0237907635068002,1,0.035621801783269,-0.0263433346056736,0001045810-21-000010_same,same
-0.0314627066404379,-0.0080808516908706,2,-0.0141207119752175,-0.0173419946652203,0001045810-21-000010_same,same
-0.0448672447726455,-0.0130662218719981,3,-0.0219014549117726,-0.0229657898608728,0001045810-21-000010_same,same
-0.0339326516962844,-0.0134172139301002,4,-0.0224492535461054,-0.011483398150179,0001045810-21-000010_same,same
0.0073766086833546,0.0194959681977822,5,0.0289188495348896,-0.0215422408515349,0001045810-21-000010_same,same
-0.02462697221218,-0.0129615451234751,-5,-0.0328202466466345,0.0081932744344545,0001045810-22-000036_same,same
-0.0348417885158527,-0.0074210024659636,-4,-0.0179278165336587,-0.0169139719821939,0001045810-22-000036_same,same
0.0770276805418055,0.0214085741708709,-3,0.0595632311471432,0.0174644493946623,0001045810-22-000036_same,same
0.0662953169198812,0.0223837613571822,-2,0.0621844377539583,0.0041108791659228,0001045810-22-000036_same,same
0.0110223430352052,0.0123478175714519,-1,0.0352088144828127,-0.0241864714476075,0001045810-22-000036_same,same
0.0681173308554301,0.0116622948279487,0,0.0333661972195676,0.0347511336358625,0001045810-22-000036_same,same
0.0106224823913094,-0.0004346603621039,1,0.0008507793473812,0.0097717030439282,0001045810-22-000036_same,same
-0.0078550410797842,0.0113041136006502,2,0.0324034415429025,-0.0402584826226868,0001045810-22-000036_same,same
-0.0335545095971012,-0.012272698789159,3,-0.0309686959003418,-0.0025858136967594,0001045810-22-000036_same,same
0.0981508571804268,0.0143439129205664,4,0.0405741211545739,0.0575767360258528,0001045810-22-000036_same,same
-0.0162699900831986,0.005066170567449,5,0.0156364682673286,-0.0319064583505273,0001045810-22-000036_same,same
-0.0334738026668576,-0.0137887414891306,-5,-0.0253964961518928,-0.0080773065149647,0001045810-23-000017_same,same
-0.0279066235665326,-0.0027674058253277,-4,-0.0029863521324812,-0.0249202714340514,0001045810-23-000017_same,same
-0.0342716833330244,-0.0200412342553273,-3,-0.0381099519112511,0.0038382685782267,0001045810-23-000017_same,same
0.0047930697836748,-0.0015735561458868,-2,-0.0005588475114516,0.0053519172951265,0001045810-23-000017_same,same
0.1402140101052902,0.0053294294160743,-1,0.0134772825299858,0.1267367275753044,0001045810-23-000017_same,same
-0.0159738334596264,-0.0105375514855581,0,-0.0187857151688017,0.0028118817091752,0001045810-23-000017_same,same
0.0092330739100385,0.0030730045671669,1,0.008889199254465,0.0003438746555735,0001045810-23-000017_same,same
-0.0121271304765038,-0.0030360018281855,2,-0.0035324996495058,-0.0085946308269979,0001045810-23-000017_same,same
-0.0223120998474194,-0.00472526484568,3,-0.0069673489875084,-0.015344750859911,0001045810-23-000017_same,same
0.0271386818665271,0.0075821940867943,4,0.018057923411697,0.00908075845483,0001045810-23-000017_same,same
0.0247062245018827,0.0161477371607488,5,0.0354746013668222,-0.0107683768649395,0001045810-23-000017_same,same
-0.0016609262001444,-0.0136742556536254,-5,-0.0244736488077488,0.0228127226076043,0001045810-24-000029_same,same
0.0245676110011214,0.0095797632750176,-4,0.01867624237528,0.0058913686258414,0001045810-24-000029_same,same
-0.016806704417549,0.0058212506847294,-3,0.0117019894610358,-0.0285086938785849,0001045810-24-000029_same,same
-0.000619424834239,-0.0048034698371121,-2,-0.0080131202485746,0.0073936954143355,0001045810-24-000029_same,same
-0.0435322397498678,-0.0060053220011653,-1,-0.0102432633587234,-0.0332889763911443,0001045810-24-000029_same,same
-0.0285086255200287,0.0012641999229821,0,0.0032459782619251,-0.0317546037819539,0001045810-24-000029_same,same
0.164008658523143,0.021122884217414,1,0.0400955253863311,0.1239131331368119,0001045810-24-000029_same,same
0.0035524788535734,0.0003479475462115,2,0.0015457908459279,0.0020066880076454,0001045810-24-000029_same,same
0.0034890338133393,-0.0037867513501905,3,-0.0061265090692743,0.0096155428826137,0001045810-24-000029_same,same
-0.0049436062621398,0.0017063496993998,4,0.0040664263228634,-0.0090100325850032,0001045810-24-000029_same,same
-0.013189204219262,-0.0016581550604305,5,-0.0021767101739698,-0.0110124940452921,0001045810-24-000029_same,same
-0.0012195044325562,0.0023769693899173,-5,0.0056488664749028,-0.006868370907459,0001045810-25-000023_same,same
0.006320552972018,-0.0043341850761716,-4,-0.0120571306519301,0.0183776836239481,0001045810-25-000023_same,same
-0.0405395843861114,-0.0170641267025635,-3,-0.0456424565448976,0.0051028721587861,0001045810-25-000023_same,same
-0.0308710538732409,-0.0049691065044024,-2,-0.0137322399108248,-0.0171388139624161,0001045810-25-000023_same,same
-0.0280166711896482,-0.0046797309154723,-1,-0.0129687820926415,-0.0150478890970066,0001045810-25-000023_same,same
0.0367211173411541,0.0001360242800469,0,-0.0002634050839245,0.0369845224250786,0001045810-25-000023_same,same
-0.084780529564103,-0.0158645536555098,1,-0.042477630428634,-0.042302899135469,0001045810-25-000023_same,same
0.0397003547408711,0.0158541446349889,2,0.041205614180953,-0.0015052594400818,0001045810-25-000023_same,same
-0.0869356063683991,-0.0175967394669998,3,-0.0470476454918179,-0.0398879608765811,0001045810-25-000023_same,same
0.0169208923852866,-0.0122348266022004,4,-0.0329013440978952,0.0498222364831818,0001045810-25-000023_same,same
0.0112941673642892,0.0111592778931879,5,0.0288191764285175,-0.0175250090642283,0001045810-25-000023_same,same
-0.0100439577699517,-0.0018407128700851,-5,-0.0012263648953926,-0.008817592874559,0001193125-16-628942_same,same
0.0052026801839981,0.0031329906996742,-4,0.0044102413875795,0.0007924387964185,0001193125-16-628942_same,same
0.0269152929850895,-0.0032579654199809,-3,-0.0028325110026661,0.0297478039877556,0001193125-16-628942_same,same
0.0012599681663951,0.0058081852565332,-2,0.0074419899097566,-0.0061820217433615,0001193125-16-628942_same,same
0.006543768768189,0.0027120616074642,-1,0.0039332102311065,0.0026105585370825,0001193125-16-628942_same,same
0.0005006586707267,-0.0016515636618127,0,-0.0010120055953632,0.00151266426609,0001193125-16-628942_same,same
0.0204949574214226,0.0133640786593027,1,0.016004944181191,0.0044900132402315,0001193125-16-628942_same,same
-0.0391870722225651,-0.0359197999944317,2,-0.0398475641504068,0.0006604919278417,0001193125-16-628942_same,same
-0.0191176772198378,-0.018096502176123,3,-0.0196487503174333,0.0005310730975955,0001193125-16-628942_same,same
0.0168914196624812,0.0177701650872592,4,0.0209982804536098,-0.0041068607911286,0001193125-16-628942_same,same
0.0362891508341884,0.0170326725700282,5,0.0201624938213819,0.0161266570128065,0001193125-16-628942_same,same
0.0024055825590862,-0.0066966373620162,-5,-0.003389660481888,0.0057952430409743,0001193125-17-214833_same,same
0.010689271333224,-0.0005826443900691,-4,0.0008395849652855,0.0098496863679384,0001193125-17-214833_same,same
0.0856893918572396,-0.0004557820722176,-3,0.0009273397079968,0.0847620521492428,0001193125-17-214833_same,same
0.0129229279361688,0.0015609155178168,-2,0.0023223542492489,0.0106005736869198,0001193125-17-214833_same,same
-0.0017665463747839,0.0003158017946232,-1,0.0014610690679947,-0.0032276154427786,0001193125-17-214833_same,same
-0.0021629427171204,-0.0080728248861335,0,-0.0043416136240548,0.0021786709069344,0001193125-17-214833_same,same
0.0023645631447171,0.0088080663748337,1,0.0073354414260991,-0.004970878281382,0001193125-17-214833_same,same
-0.013170627813144,-0.0086000232468206,2,-0.0047062936747064,-0.0084643341384375,0001193125-17-214833_same,same
-0.0011956704126706,0.0015332318107057,3,0.0023032045392643,-0.003498874951935,0001193125-17-214833_same,same
-0.0155562137758247,0.0023108338495552,4,0.0028410968622694,-0.0183973106380941,0001193125-17-214833_same,same
0.0020259290191702,0.0014532790242456,5,0.0022478986271253,-0.0002219696079551,0001193125-17-214833_same,same
0.0082791066860778,-0.0010171027155291,-5,-0.0013408646559933,0.0096199713420712,0001193125-18-201034_same,same
0.0051856117470292,-0.0021261277624751,-4,-0.0025526857020054,0.0077382974490346,0001193125-18-201034_same,same
-0.0053738664124367,-0.0040234022926993,-3,-0.0046258194081555,-0.0007480470042812,0001193125-18-201034_same,same
-0.0745625643465702,0.0017121542893689,-2,0.0016413683310967,-0.076203932677667,0001193125-18-201034_same,same
0.0065393699626978,-0.0063455105155799,-1,-0.0071631648210057,0.0137025347837036,0001193125-18-201034_same,same
0.0232018308729238,0.0018619345065358,0,0.0018050317397265,0.0213967991331972,0001193125-18-201034_same,same
0.0040815130491009,-0.0137246689734161,1,-0.0152263005866846,0.0193078136357856,0001193125-18-201034_same,same
0.0029356040707977,0.0022045770199778,2,0.0021794339321666,0.000756170138631,0001193125-18-201034_same,same
-0.0216163540185374,-0.0086043551288214,3,-0.0096313826935731,-0.0119849713249643,0001193125-18-201034_same,same
0.0089758353646665,0.0061786898594677,4,0.0065219089658754,0.002453926398791,0001193125-18-201034_same,same
0.005018221056209,0.0007584033300001,5,0.0005992137932887,0.0044190072629202,0001193125-18-201034_same,same
-0.0104011036832942,-0.0016115119041397,-5,-0.0008604842600372,-0.009540619423257,0001564590-19-023119_same,same
-0.0028154894791173,0.0009317492412306,-4,0.0014585596489523,-0.0042740491280697,0001564590-19-023119_same,same
-0.0043290761479038,0.009717399870633,-3,0.0094696558022965,-0.0137987319502004,0001564590-19-023119_same,same
-0.0041583648902306,0.0029851635463971,-2,0.0033309422572806,-0.0074893071475113,0001564590-19-023119_same,same
0.0818144463977479,0.0094721851906851,-1,0.0092460595699697,0.0725683868277781,0001564590-19-023119_same,same
-0.0152659489470404,-0.0012592227925193,0,-0.0005392534182914,-0.014726695528749,0001564590-19-023119_same,same
0.0110481484580224,-0.0017318870104667,1,-0.0009702469391981,0.0120183953972206,0001564590-19-023119_same,same
-0.0118084884232613,-0.0094963973437341,2,-0.0080502278634647,-0.0037582605597965,0001564590-19-023119_same,same
0.0105225273322924,-0.0012339337557076,3,-0.0005161938961149,0.0110387212284073,0001564590-19-023119_same,same
0.0019415051911835,0.0038231755541318,4,0.0040950740279149,-0.0021535688367314,0001564590-19-023119_same,same
0.0035230063226154,0.0057574526279098,5,0.0058588226993436,-0.0023358163767281,0001564590-19-023119_same,same
0.0268029305654948,0.0083122170412852,-5,0.0091454478969939,0.0176574826685008,0001564590-20-030125_same,same
0.0251644190048947,0.0189623981938025,-4,0.0195848973987958,0.0055795216060988,0001564590-20-030125_same,same
-0.0562374892596202,-0.003600299556174,-3,-0.0025313596312196,-0.0537061296284005,0001564590-20-030125_same,same
0.0421196630485141,0.0005942198825281,-2,0.0015801642234058,0.0405394988251082,0001564590-20-030125_same,same
0.0132240792514202,-0.0056494948094629,-1,-0.004540008128338,0.0177640873797582,0001564590-20-030125_same,same
0.0132354729594501,0.0064950955376916,0,0.0073642811821987,0.0058711917772514,0001564590-20-030125_same,same
0.0012699566093754,0.0043074195691641,1,0.0052198920424561,-0.0039499354330807,0001564590-20-030125_same,same
-0.0135895493068418,-0.0258551459390645,2,-0.0243458566484493,0.0107563073416075,0001564590-20-030125_same,same
0.0016532184454729,0.0109594472678098,3,0.011740298244954,-0.010087079799481,0001564590-20-030125_same,same
-0.0064186394106154,-0.0242269050447859,4,-0.0227498332241367,0.0163311938135213,0001564590-20-030125_same,same
0.0107050832854527,0.0146856784331186,5,0.0153927996930713,-0.0046877164076186,0001564590-20-030125_same,same
-0.0033776736787592,0.0018152018730952,-5,0.0024334633491491,-0.0058111370279084,0001564590-21-033616_same,same
-0.0118615765703598,-0.0020116937805257,-4,0.0007395017823804,-0.0126010783527402,0001564590-21-033616_same,same
-0.0558550434010715,-0.0053901246128557,-3,-0.0007559484477658,-0.0550990949533056,0001564590-21-033616_same,same
0.0062275619137617,-0.0004357155920517,-2,0.0014371028467874,0.0047904590669742,0001564590-21-033616_same,same
-0.0171479139730525,-0.0131244687799005,-1,-0.0041795280143366,-0.0129683859587159,0001564590-21-033616_same,same
0.0230875307690645,0.0140022899627207,0,0.0078280339628307,0.0152594968062337,0001564590-21-033616_same,same
0.0088474038932568,0.0051244919022186,1,0.0038983086519787,0.0049490952412781,0001564590-21-033616_same,same
-0.0073717034073644,-0.0010832833431588,2,0.001150459315962,-0.0085221627233265,0001564590-21-033616_same,same
-0.0046093573089416,0.0058112497248854,3,0.0042022995267167,-0.0088116568356583,0001564590-21-033616_same,same
0.0092616144771839,0.0033305973193167,4,0.0031042476810727,0.0061573667961112,0001564590-21-033616_same,same
0.0005102184637069,0.0023149642620619,5,0.0026546813691975,-0.0021444629054906,0001564590-21-033616_same,same
-0.0460232123092102,-0.0387684306652372,-5,-0.0382366920518047,-0.0077865202574055,0001564590-22-023675_same,same
0.1041371943988891,-0.0037736797459957,-4,-0.0041908842707524,0.1083280786696415,0001564590-22-023675_same,same
-0.0144226088729038,0.0145925048589832,-3,0.0136772695039505,-0.0280998783768543,0001564590-22-023675_same,same
-0.014204270753828,-0.0325119514881634,-2,-0.0321498681181132,0.0179455973642851,0001564590-22-023675_same,same
-0.0144079994633944,0.0022008656982546,-1,0.001621651050431,-0.0160296505138254,0001564590-22-023675_same,same
-0.0005910524034283,0.0244772422800869,0,0.0232939651901607,-0.0238850175935891,0001564590-22-023675_same,same
-0.0169916256815612,-0.0013015723144006,1,-0.00178581230369,-0.0152058133778711,0001564590-22-023675_same,same
0.0165338771692347,0.0095322174091778,2,0.0087542004919571,0.0077796766772775,0001564590-22-023675_same,same
0.0453943839848496,0.0305632935858357,3,0.0292149826987385,0.0161794012861111,0001564590-22-023675_same,same
-0.0041019147139664,-0.0029730715337762,4,-0.0034119859335686,-0.0006899287803978,0001564590-22-023675_same,same
-0.0259905720181846,-0.020143036075892,5,-0.0201163572193474,-0.0058742147988372,0001564590-22-023675_same,same
0.0598998354175983,0.0093211488102371,-5,0.0092748977314007,0.0506249376861976,0000950170-23-028914_same,same
0.0021473681915935,0.0069324899514737,-4,0.0073621796267868,-0.0052148114351933,0000950170-23-028914_same,same
0.0479087137668439,0.0008194255259321,-3,0.0024671445075995,0.0454415692592443,0000950170-23-028914_same,same
0.0350046428567953,0.0121781374203466,-2,0.0115626307909726,0.0234420120658227,0000950170-23-028914_same,same
-0.0086132985438766,-0.0036716195284263,-1,-0.001129058923708,-0.0074842396201685,0000950170-23-028914_same,same
-0.0272596527073604,-0.0047351076976228,0,-0.0019806468630247,-0.0252790058443356,0000950170-23-028914_same,same
0.0004916437779896,-0.0052452815830036,1,-0.0023891684999629,0.0028808122779525,0000950170-23-028914_same,same
-0.0124488120019315,0.0037107984144384,2,0.0047824107712379,-0.0172312227731695,0000950170-23-028914_same,same
-0.0160890467165987,-0.0076588087666845,3,-0.0043217999107933,-0.0117672468058053,0000950170-23-028914_same,same
-0.0156774692176134,-0.0044868382932564,4,-0.0017818451870084,-0.013895624030605,0000950170-23-028914_same,same
0.0090767688751165,0.011455854954693,5,0.0109842632506968,-0.0019074943755803,0000950170-23-028914_same,same
0.133193606004025,0.0085036727919987,-5,0.012430256519531,0.120763349484494,0000950170-24-075605_same,same
-0.0037755404864667,0.0023446558536817,-4,0.003587619420864,-0.0073631599073308,0000950170-24-075605_same,same
-0.0122990067133066,-0.0003938606975009,-3,-0.0003441294756438,-0.0119548772376628,0000950170-24-075605_same,same
0.0230219064111598,0.0076643865645527,-2,0.0112252746846795,0.0117966317264802,0000950170-24-075605_same,same
0.0235652232902845,0.0025213273947457,-1,0.0038412706673109,0.0197239526229736,0000950170-24-075605_same,same
-0.0119606834670088,-0.0025259318472709,0,-0.0034051912708571,-0.0085554921961517,0000950170-24-075605_same,same
-0.0098663775750775,-0.0015621303211011,1,-0.0020214400624395,-0.0078449375126379,0000950170-24-075605_same,same
-0.0113782108488986,-0.00306517189499,2,-0.0041793901566213,-0.0071988206922773,0000950170-24-075605_same,same
-0.0051468951671547,0.0039335900157368,3,0.0058688874072073,-0.011015782574362,0000950170-24-075605_same,same
-0.0067541996316136,0.0015724312002203,4,0.0024789193738287,-0.0092331190054424,0000950170-24-075605_same,same
0.0141069756644347,0.0009073212238914,5,0.0015240062423532,0.0125829694220814,0000950170-24-075605_same,same
-0.0061979620018318,-0.0027438889546078,-5,-0.0043402694172372,-0.0018576925845946,0000950170-25-087926_same,same
0.1331216436110522,0.0038224199557175,-4,0.0055634528041458,0.1275581908069064,0000950170-25-087926_same,same
0.0768538322489584,-0.0112963798792506,-3,-0.017239676919277,0.0940935091682355,0000950170-25-087926_same,same
-0.0191430970903638,0.0093926598961591,-2,0.0139648408335515,-0.0331079379239153,0000950170-25-087926_same,same
-0.0138324968949959,-0.0083521847901663,-1,-0.0127990557535562,-0.0010334411414397,0000950170-25-087926_same,same
0.0129216916719949,-0.000309240210107,0,-0.0006681782619978,0.0135898699339928,0000950170-25-087926_same,same
-0.0270309894433163,-0.0021786584865058,1,-0.0034877530913083,-0.023543236352008,0000950170-25-087926_same,same
0.0091143690726243,0.0096065041331563,2,0.0142873742310488,-0.0051730051584244,0000950170-25-087926_same,same
0.0397508997200986,0.0111217201797018,3,0.0165727188645873,0.0231781808555112,0000950170-25-087926_same,same
-0.0211362250296762,-3.2861029504172024e-06,4,-0.0002067189351291,-0.020929506094547,0000950170-25-087926_same,same
0.0099658206099444,0.0080201212752302,5,0.0118946913134116,-0.0019288707034672,0000950170-25-087926_same,same
0.0007579523166469,0.00069332238554,-5,-0.0001043825575656,0.0008623348742126,0000077476-17-000010_same,same
0.0026490657454925,0.0057525464497805,-4,0.0032891102291787,-0.0006400444836862,0000077476-17-000010_same,same
0.0012264894442999,0.0035660501028451,-3,0.0018225099190614,-0.0005960204747615,0000077476-17-000010_same,same
0.003958877799032,0.0052458450979924,-2,0.0029492384700922,0.0010096393289398,0000077476-17-000010_same,same
0.0037551553795238,0.0040073351766347,-1,0.0021185034737623,0.0016366519057615,0000077476-17-000010_same,same
-0.0017771392460916,0.0049923089198982,0,0.0027791781642791,-0.0045563174103708,0000077476-17-000010_same,same
0.0130236048303609,-0.0008641180363413,1,-0.0011490413373171,0.014172646167678,0000077476-17-000010_same,same
0.0002772755500253,0.0016785565287558,2,0.0005564667971582,-0.0002791912471329,0000077476-17-000010_same,same
0.0111882698372698,0.0060480661608284,3,0.0034873311411305,0.0077009386961393,0000077476-17-000010_same,same
0.0004573580413029,-0.001082200145408,4,-0.0012953206984679,0.0017526787397709,0000077476-17-000010_same,same
0.0011882098782671,0.0004189867216857,5,-0.0002883941934638,0.001476604071731,0000077476-17-000010_same,same
-0.0078632190669967,0.0174409205923138,-5,0.0016318715448819,-0.0094950906118786,0000077476-18-000012_same,same
-0.0005283928703132,-0.0050015884169394,-4,-0.0004640840744632,-6.430879585002402e-05,0000077476-18-000012_same,same
-0.0295152168675369,-0.037536419758088,-3,-0.0035025840276464,-0.0260126328398905,0000077476-18-000012_same,same
0.0093510209994764,0.0149360902084947,-2,0.0013979398879398,0.0079530811115365,0000077476-18-000012_same,same
0.0067457112285322,0.0139145847540425,-1,0.0013025392312411,0.0054431719972911,0000077476-18-000012_same,same
0.0018759924910056,0.002612929746329,0,0.0002470526405238,0.0016289398504818,0000077476-18-000012_same,same
-0.0270198941904321,0.0134024582572458,1,0.001254710603509,-0.0282746047939412,0000077476-18-000012_same,same
0.0170472258059291,0.0120691127622993,2,0.0011301865148027,0.0159170392911263,0000077476-18-000012_same,same
0.0008109522077566,0.0003734693722488,3,3.790447650089242e-05,0.0007730477312557,0000077476-18-000012_same,same
-0.0142265068224478,-0.0058413894593534,4,-0.0005425149537046,-0.0136839918687431,0000077476-18-000012_same,same
-0.0135185611218312,-0.0054965031281792,5,-0.0005103052554235,-0.0130082558664077,0000077476-18-000012_same,same
-0.0006190809994819,0.000676201086956,-5,0.0005290434031172,-0.0011481244025992,0000077476-19-000017_same,same
-0.0004422166388525,0.0007091030986317,-4,0.0005421300700435,-0.000984346708896,0000077476-19-000017_same,same
0.0072585039392503,0.0128902247439735,-3,0.0053871311396464,0.0018713727996038,0000077476-19-000017_same,same
0.0029001437259021,0.0030239946687606,-2,0.0014628705781705,0.0014372731477315,0000077476-19-000017_same,same
-0.0134068276200289,-0.0026516415551012,-1,-0.0007945950621798,-0.0126122325578491,0000077476-19-000017_same,same
0.0294872495467495,0.0108787526085869,0,0.0045870747137137,0.0249001748330358,0000077476-19-000017_same,same
0.0001725769376166,0.0014987433214488,1,0.0008562068714695,-0.0006836299338529,0000077476-19-000017_same,same
-0.000862568115465,0.0017771107537685,2,0.0009669266020985,-0.0018294947175636,0000077476-19-000017_same,same
0.0023311459050627,-0.0035264367908802,3,-0.0011425419899288,0.0034736878949915,0000077476-19-000017_same,same
0.0056846294404548,0.0064111023949868,4,0.0028100815357675,0.0028745479046873,0000077476-19-000017_same,same
-0.0059953047504334,0.0012318625699112,5,0.0007500559303408,-0.0067453606807742,0000077476-19-000017_same,same
0.0002077006640273,0.0033256728767856,-5,0.0018841931292862,-0.0016764924652589,0000077476-20-000015_same,same
0.0072060107274247,-0.0054008536727301,-4,-0.0030578070818367,0.0102638178092615,0000077476-20-000015_same,same
0.0019949643416845,0.0073263978048905,-3,0.0041498807802837,-0.0021549164385991,0000077476-20-000015_same,same
0.0028834458723816,0.0016884725532351,-2,0.0009570150248334,0.0019264308475482,0000077476-20-000015_same,same
0.0,0.0064626464661976,-1,0.0036607217461643,-0.0036607217461643,0000077476-20-000015_same,same
0.002669662640794,-0.0016304457368023,0,-0.0009225523834586,0.0035922150242527,0000077476-20-000015_same,same
0.0035503304846735,0.0018435333204338,1,0.0010448289264911,0.0025055015581824,0000077476-20-000015_same,same
-0.0094565738832562,-0.0029199426368901,2,-0.0016528193363312,-0.007803754546925,0000077476-20-000015_same,same
-0.0004807399933792,0.0047057858811645,3,0.0026657777288761,-0.0031465177222554,0000077476-20-000015_same,same
-0.0025421096299129,-0.0038155197636281,4,-0.002160001927744,-0.0003821077021689,0000077476-20-000015_same,same
0.0047532334837605,-0.0105181030271228,5,-0.0059558040393068,0.0107090375230673,0000077476-20-000015_same,same
0.0120271217826577,0.0108533222304207,-5,0.0075656446372847,0.004461477145373,0000077476-21-000007_same,same
0.0091639099419127,0.0038974951646253,-4,0.0025410449201046,0.0066228650218081,0000077476-21-000007_same,same
-0.0039727309746907,0.0073993483603735,-3,0.0050706377938962,-0.0090433687685869,0000077476-21-000007_same,same
-0.0056979571186864,-0.0011135249921484,-2,-0.0010787072997746,-0.0046192498189118,0000077476-21-000007_same,same
-0.0136103052551604,-0.0003451849323593,-1,-0.000523690446912,-0.0130866148082484,0000077476-21-000007_same,same
-0.0198256702562655,0.0016624551635393,0,0.0009265451271804,-0.020752215383446,0000077476-21-000007_same,same
-0.0081502712419022,0.0047110331133788,1,0.0031287108451709,-0.0112789820870732,0000077476-21-000007_same,same
0.0038097826101852,-0.0005692724183511,2,-0.0006855619121004,0.0044953445222857,0000077476-21-000007_same,same
0.0005956151774431,-0.0003204020092266,3,-0.0005057882956098,0.0011014034730529,0000077476-21-000007_same,same
0.0067676617806315,-0.0044158356273545,4,-0.0034641589400678,0.0102318207206994,0000077476-21-000007_same,same
-0.0211273861350058,-0.0018548966445751,5,-0.0016142432985671,-0.0195131428364387,0000077476-21-000007_same,same
-0.0005700632869796,-0.024391082077444,-5,-0.009102293917201,0.0085322306302214,0000077476-22-000010_same,same
-0.0164225525411404,0.0051569298644233,-4,0.0028550032105105,-0.019277555751651,0000077476-22-000010_same,same
-0.0039419968051102,-0.0037017126347429,-3,-0.0007298545700772,-0.0032121422350329,0000077476-22-000010_same,same
0.0012217842988941,0.0084012071916632,-2,0.0041678762404398,-0.0029460919415456,0000077476-22-000010_same,same
-0.0004646170877543,0.0145172078875055,-1,0.0066428595894838,-0.0071074766772382,0000077476-22-000010_same,same
-0.020763130652713,-0.0181157256684597,0,-0.0065628235355002,-0.0142003071172128,0000077476-22-000010_same,same
0.0012470645550695,-0.0189694543445634,1,-0.0069083048987372,0.0081553694538067,0000077476-22-000010_same,same
-0.0111518727658376,-0.0038405967262932,2,-0.0007860572801697,-0.0103658154856678,0000077476-22-000010_same,same
-0.004439139142532,0.0157667211707204,3,0.007148504491138,-0.0115876436336701,0000077476-22-000010_same,same
0.0020489804931214,0.000881207755895,4,0.0011247318207539,0.0009242486723674,0000077476-22-000010_same,same
0.0027056661003961,-0.021173138152195,5,-0.0078000773169702,0.0105057434173664,0000077476-22-000010_same,same
-0.0092677336854647,0.0146993732443099,-5,0.0083091687429238,-0.0175769024283885,0000077476-23-000007_same,same
-0.0050010800641604,-0.0103546106913104,-4,-0.0051545537101348,0.0001534736459744,0000077476-23-000007_same,same
0.0159650072022319,-0.0061404630177543,-3,-0.0028899192791893,0.0188549264814212,0000077476-23-000007_same,same
-0.0015131871680272,0.0128725105980265,-2,0.0073274337943973,-0.0088406209624246,0000077476-23-000007_same,same
-0.002331757343027,-0.0110807244761647,-1,-0.0055447588964133,0.0032130015533863,0000077476-23-000007_same,same
0.0094649586784738,-0.0088297961777351,0,-0.0043351359498326,0.0138000946283064,0000077476-23-000007_same,same
0.0197939264652335,0.0021952617756952,1,0.0015896032331774,0.0182043232320561,0000077476-23-000007_same,same
0.0089102814198283,0.0114486093427661,2,0.0065622456570276,0.0023480357628006,0000077476-23-000007_same,same
-0.0112504405345924,-0.0002804145319874,3,0.0002592032945527,-0.0115096438291451,0000077476-23-000007_same,same
0.0013651101855867,0.002773175690496,4,0.0019001675159131,-0.0005350573303264,0000077476-23-000007_same,same
-0.0028403161964893,-0.0137887414891306,5,-0.0070000160544934,0.004159699858004,0000077476-23-000007_same,same
-0.0042515367077117,0.0106844460775146,-5,0.0048228274285153,-0.009074364136227,0000077476-24-000008_same,same
-0.0002925553545526,-0.0031863375266721,-4,-0.0027488327647144,0.0024562774101618,0000077476-24-000008_same,same
0.0029255210964123,0.0023104108269635,-3,0.0002516834201723,0.0026738376762399,0000077476-24-000008_same,same
0.0002916888944499,0.00824145796339,-2,0.0034892707684094,-0.0031975818739594,0000077476-24-000008_same,same
0.0138800670718348,0.0005705832608251,-1,-0.0006980382034594,0.0145781052752943,0000077476-24-000008_same,same
-0.0355481542468794,0.0057423415255595,0,0.0021250752773302,-0.0376732295242096,0000077476-24-000008_same,same
0.0175344625358122,-0.0009489536011326,1,-0.0015275094934851,0.0190619720292973,0000077476-24-000008_same,same
-0.0101399771040432,-0.0136742556536254,2,-0.0084738843881668,-0.0016660927158764,0000077476-24-000008_same,same
-0.008053007094832,0.0095797632750176,3,0.004219812988921,-0.0122728200837531,0000077476-24-000008_same,same
0.0020295205739915,0.0058212506847294,4,0.0021681495084924,-0.0001386289345009,0000077476-24-000008_same,same
-0.0091743119266054,-0.0048034698371121,5,-0.0036315785915939,-0.0055427333350115,0000077476-24-000008_same,same
-0.0282000376083699,0.0092178694499676,-5,-0.0008503042712354,-0.0273497333371345,0000077476-25-000007_same,same
0.0007985894850643,-0.0046788957603215,-4,-0.0014454346937623,0.0022440241788267,0000077476-25-000007_same,same
0.0101748154830574,0.0052754144053117,-3,-0.0010191403205616,0.011193955803619,0000077476-25-000007_same,same
-0.0079656760506661,-0.0050468257540199,-2,-0.001461191334196,-0.0065044847164701,0000077476-25-000007_same,same
-0.0027872276265192,-0.0076085976846667,-1,-0.001570899484865,-0.0012163281416541,0000077476-25-000007_same,same
-0.0451186587743989,0.0072248818286797,0,-0.0009356541744107,-0.0441830045999881,0000077476-25-000007_same,same
0.0151229259080558,0.0039086729306143,1,-0.0010776711670581,0.016200597075114,0000077476-25-000007_same,same
-0.0021280885460857,0.0036442987226186,2,-0.0010889930201462,-0.0010390955259394,0000077476-25-000007_same,same
-0.0052976492279197,-0.0094647701115428,3,-0.0016503902630407,-0.003647258964879,0000077476-25-000007_same,same
-0.0015908262728588,0.0067125410858628,4,-0.0009575952202682,-0.0006332310525906,0000077476-25-000007_same,same
0.0089365736734075,0.0003395827888592,5,-0.001230517825396,0.0101670914988035,0000077476-25-000007_same,same
0.0199493927398253,0.0040818961771371,-5,-0.0013329765369281,0.0212823692767534,0000077476-26-000007_same,same
-0.0018819745768569,-8.172305219089626e-05,-4,0.0002617010265274,-0.0021436756033843,0000077476-26-000007_same,same
0.0012794620922826,-0.0012926312740076,-3,0.0007254821905525,0.0005539799017301,0000077476-26-000007_same,same
0.0332235061826151,-0.0043018996208942,-2,0.0018780402057991,0.0313454659768159,0000077476-26-000007_same,same
0.0102193644736769,0.0053912661291679,-1,-0.0018344688131811,0.0120538332868581,0000077476-26-000007_same,same
0.0492912670755125,-0.0084039830206983,0,0.0034491493780822,0.0458421176974303,0000077476-26-000007_same,same
0.0204481805698693,-0.0050723919062231,1,0.0021731408604351,0.0182750397094341,0000077476-26-000007_same,same
0.008123726646533,-0.0122510155676747,2,0.0049225733754866,0.0032011532710463,0000077476-26-000007_same,same
0.0176684888953919,0.0196957966973359,3,-0.0073131431818993,0.0249816320772913,0000077476-26-000007_same,same
-0.023579110770046,0.0046910867168872,4,-0.0015662981814161,-0.0220128125886298,0000077476-26-000007_same,same
0.003003546167952,-0.0033037129754581,5,0.0014957319878897,0.0015078141800623,0000077476-26-000007_same,same
0.0232063933744053,0.0049923089198982,-5,0.0037670945907941,0.0194392987836111,0000078003-17-000014_same,same
0.0032825089812615,-0.0008641180363413,-4,-0.0023953794966454,0.005677888477907,0000078003-17-000014_same,same
0.0,0.0016785565287558,-3,0.0002801710117594,-0.0002801710117594,0000078003-17-000014_same,same
0.0,0.0060480661608284,-2,0.0048780239489973,-0.0048780239489973,0000078003-17-000014_same,same
-0.0008921412821667,-0.001082200145408,-1,-0.0026248582139759,0.0017327169318091,0000078003-17-000014_same,same
0.0139923481208619,0.0004189867216857,0,-0.0010452218182699,0.0150375699391318,0000078003-17-000014_same,same
0.005871988464513,0.0014933641914423,1,8.53008309453934e-05,0.0057866876335676,0000078003-17-000014_same,same
0.0005835897673758,0.0010179830611165,2,-0.000414922926506,0.0009985126938818,0000078003-17-000014_same,same
-0.004667172113255,-0.0025783763780462,3,-0.0041992221278044,-0.0004679499854506,0000078003-17-000014_same,same
0.008792129217811,0.0136738546598662,4,0.0129023234703201,-0.0041101942525091,0000078003-17-000014_same,same
0.0026148487956627,-0.0058598805035984,5,-0.0076522122005305,0.0102670609961933,0000078003-17-000014_same,same
0.0071550966997093,0.0134024582572458,-5,0.0102061400112234,-0.003051043311514,0000078003-18-000027_same,same
0.0147769255524974,0.0120691127622993,-4,0.0091860439060396,0.0055908816464577,0000078003-18-000027_same,same
0.015402093180086,0.0003734693722488,-3,0.0002381153196172,0.0151639778604687,0000078003-18-000027_same,same
-0.0068947052887105,-0.0058413894593534,-2,-0.0045166562774015,-0.0023780490113089,0000078003-18-000027_same,same
-0.0069425722785164,-0.0054965031281792,-1,-0.0042527957817571,-0.0026897764967593,0000078003-18-000027_same,same
-0.0005594190734236,0.0009735510790762,0,0.0006972168910005,-0.0012566359644241,0000078003-18-000027_same,same
0.0145497756053438,0.0160283763505131,1,0.0122151383013336,0.0023346373040102,0000078003-18-000027_same,same
0.0228900291909899,0.0117570153438109,2,0.0089472690631766,0.0139427601278133,0000078003-18-000027_same,same
-0.0078189739155059,-0.0127068884438292,3,-0.0097692099484125,0.0019502360329066,0000078003-18-000027_same,same
-0.0133152254692238,-0.011095788639207,4,-0.0085366137143633,-0.0047786117548604,0000078003-18-000027_same,same
-0.0187273726896486,-0.0133243995419872,5,-0.0102416461388269,-0.0084857265508216,0000078003-18-000027_same,same
-0.0014211596446491,-0.0035264367908802,-5,-0.0019704125697687,0.0005492529251195,0000078003-19-000015_same,same
0.0194583562125525,0.0064111023949868,-4,0.0057372157486031,0.0137211404639494,0000078003-19-000015_same,same
0.0027934474056554,0.0012318625699112,-3,0.0017201593328493,0.0010732880728061,0000078003-19-000015_same,same
-0.0013927323632865,-0.0007904570968998,-2,0.0001516333586442,-0.0015443657219307,0000078003-19-000015_same,same
-0.00209194504176,-0.0005440493877303,-1,0.0003427489861188,-0.0024346940278788,0000078003-19-000015_same,same
0.0097832565550932,-0.0028255083152146,0,-0.0014267673003365,0.0112100238554298,0000078003-19-000015_same,same
0.0002304542953517,0.0068953205934343,1,0.0061127789367143,-0.0058823246413626,0000078003-19-000015_same,same
-0.0066879607982349,-0.003880558492514,2,-0.0022450719602488,-0.0044428888379861,0000078003-19-000015_same,same
-0.0041791000350743,-0.0011315328231061,3,-0.0001129074775575,-0.0040661925575168,0000078003-19-000015_same,same
-0.024014863096451,-0.0065240986535923,4,-0.004295421108583,-0.0197194419878679,0000078003-19-000015_same,same
-0.0112277190024954,-0.0081257175586835,5,-0.0055376484847202,-0.0056900705177751,0000078003-19-000015_same,same
-0.010488776734971,-0.0038155197636281,-5,-0.002005467497206,-0.0084833092377649,0000078003-20-000014_same,same
-0.0036262664986791,-0.0105181030271228,-4,-0.0056004843821663,0.0019742178834871,0000078003-20-000014_same,same
-0.0293951033894995,-0.0335136266712231,-3,-0.0179344297475745,-0.011460673641925,0000078003-20-000014_same,same
-0.0213440676013209,-0.0302799955650561,-2,-0.0162000300438486,-0.0051440375574722,0000078003-20-000014_same,same
0.0232832510426439,-0.003778540605322,-1,-0.0019856332492339,0.0252688842918778,0000078003-20-000014_same,same
-0.017857520311143,-0.0441632425840791,0,-0.0236464884449396,0.0057889681337965,0000078003-20-000014_same,same
-0.0199411233423664,-0.0082383404443618,1,-0.0043777043499712,-0.0155634189923951,0000078003-20-000014_same,same
0.0436864761001658,0.04603922900611,2,0.0247347693005701,0.0189517067995957,0000078003-20-000014_same,same
-0.0166285029286495,-0.0281078961210758,3,-0.0150349965231982,-0.0015935064054513,0000078003-20-000014_same,same
0.0612244864879014,0.0422025907744911,4,0.022676938956369,0.0385475475315324,0000078003-20-000014_same,same
-0.0258241272322954,-0.0339220770468885,5,-0.0181535073687632,-0.0076706198635322,0000078003-20-000014_same,same
-0.0094580332751658,-0.0044158356273545,-5,-0.0025753445307821,-0.0068826887443836,0000078003-21-000038_same,same
-0.0034724506895296,-0.0018548966445751,-4,-0.0009773612753685,-0.002495089414161,0000078003-21-000038_same,same
-0.0052263479996315,-0.0077328394581538,-3,-0.0046450996539624,-0.000581248345669,0000078003-21-000038_same,same
-0.0102160217585041,0.0012563181187927,-2,0.0009639848985499,-0.011180006657054,0000078003-21-000038_same,same
-0.0047183844939713,0.011351613765979,-1,0.0072632811766457,-0.0119816656706171,0000078003-21-000038_same,same
0.0020740795207623,-0.0244788075251262,0,-0.0150943047098631,0.0171683842306255,0000078003-21-000038_same,same
-0.0097574157370421,-0.0047502141699028,1,-0.0027839911699854,-0.0069734245670566,0000078003-21-000038_same,same
0.0059717955945814,0.0237907635068002,2,0.015025103356353,-0.0090533077617715,0000078003-21-000038_same,same
-0.005342996085581,-0.0080808516908706,3,-0.0048622534886691,-0.0004807425969118,0000078003-21-000038_same,same
0.0262610422289262,-0.0130662218719981,4,-0.0079730414164758,0.0342340836454021,0000078003-21-000038_same,same
-0.0055247288480253,-0.0134172139301002,5,-0.0081920546125737,0.0026673257645484,0000078003-21-000038_same,same
-0.0022092658747775,0.000881207755895,-5,0.0013482963498276,-0.0035575622246052,0000078003-22-000027_same,same
-0.0157004792879418,-0.021173138152195,-4,0.0080084061417969,-0.0237088854297387,0000078003-22-000027_same,same
-0.0075663808225028,-0.0071661613961429,-3,0.0037784913922215,-0.0113448722147243,0000078003-22-000027_same,same
-0.0206057782426918,-0.0101429452648328,-2,0.0046774392673958,-0.0252832175100876,0000078003-22-000027_same,same
-0.013886088357076,-0.0184121228454876,-1,0.0071746174111489,-0.0210607057682249,0000078003-22-000027_same,same
-0.0194153649123385,0.0149568560673292,0,-0.0029023562670296,-0.0165130086453089,0000078003-22-000027_same,same
0.0382941527310456,0.0223726776556034,1,-0.0051418326124806,0.0434359853435262,0000078003-22-000027_same,same
-0.0163454460350978,-0.0024426034406476,2,0.0023520417154351,-0.0186974877505329,0000078003-22-000027_same,same
-0.0253514870704988,-0.0154735036804118,3,0.0062871947526963,-0.0316386818231951,0000078003-22-000027_same,same
0.042623156518581,0.018642691757321,4,-0.0040154280612603,0.0466385845798414,0000078003-22-000027_same,same
0.0027251266332029,-0.0052546664300883,5,0.0032012461456939,-0.000476119512491,0000078003-22-000027_same,same
-0.0091488033010534,0.002773175690496,-5,0.0015610098097472,-0.0107098131108007,0000078003-23-000024_same,same
-0.0085412448801647,-0.0137887414891306,-4,-0.0081087569320857,-0.0004324879480789,0000078003-23-000024_same,same
0.006053718203034,-0.0027674058253277,-3,-0.001673889283821,0.007727607486855,0000078003-23-000024_same,same
-0.0118032449621997,-0.0200412342553273,-2,-0.0117593093378479,-4.393562435183601e-05,0000078003-23-000024_same,same
-0.0074938775600602,-0.0015735561458868,-1,-0.0009768535602511,-0.0065170239998091,0000078003-23-000024_same,same
-0.0018878380940064,0.0053294294160743,0,0.0030534926540456,-0.0049413307480521,0000078003-23-000024_same,same
-0.0130022056374936,-0.0105375514855581,1,-0.0062105317068927,-0.0067916739306009,0000078003-23-000024_same,same
-0.0232336311905261,0.0030730045671669,2,0.0017360665539894,-0.0249696977445155,0000078003-23-000024_same,same
-0.0051496592171386,-0.0030360018281855,3,-0.0018307105423296,-0.003318948674809,0000078003-23-000024_same,same
-0.0096128742607095,-0.00472526484568,4,-0.0028169960772476,-0.0067958781834618,0000078003-23-000024_same,same
0.010950681098895,0.0075821940867943,5,0.0043687817388686,0.0065818993600264,0000078003-23-000024_same,same
0.0051913882000655,0.0095797632750176,-5,0.0015097001524692,0.0036816880475963,0000078003-24-000039_same,same
0.0147544646671011,0.0058212506847294,-4,-5.300682326530486e-05,0.0148074714903664,0000078003-24-000039_same,same
0.0039987111794719,-0.0048034698371121,-3,-0.0044705322341457,0.0084692434136176,0000078003-24-000039_same,same
-0.0010862659447362,-0.0060053220011653,-2,-0.004970235964132,0.0038839700193958,0000078003-24-000039_same,same
0.0028995060399652,0.0012641999229821,-1,-0.0019477284300414,0.0048472344700066,0000078003-24-000039_same,same
-0.0043368879757001,0.021122884217414,0,0.0063090762846767,-0.0106459642603769,0000078003-24-000039_same,same
0.0076226939912162,0.0003479475462115,1,-0.0023286860419468,0.0099513800331631,0000078003-24-000039_same,same
-0.0208935554093047,-0.0037867513501905,2,-0.0040478030204732,-0.0168457523888314,0000078003-24-000039_same,same
-0.0106696230650034,0.0017063496993998,3,-0.0017638922652477,-0.0089057307997556,0000078003-24-000039_same,same
0.0055783608767168,-0.0016581550604305,4,-0.003162779439835,0.0087411403165518,0000078003-24-000039_same,same
-0.0177513966248163,0.0052290946971491,5,-0.0002992122756311,-0.0174521843491852,0000078003-24-000039_same,same
0.0003863297302588,-0.0043341850761716,-5,-0.0009146263489036,0.0013009560791625,0000078003-25-000054_same,same
0.0154439536194479,-0.0170641267025635,-4,-0.0026772218327627,0.0181211754522106,0000078003-25-000054_same,same
0.0133080127816007,-0.0049691065044024,-3,-0.0010025379572086,0.0143105507388094,0000078003-25-000054_same,same
0.0033771766850552,-0.0046797309154723,-2,-0.0009624708366234,0.0043396475216787,0000078003-25-000054_same,same
-0.0119671213365118,0.0001360242800469,-1,-0.0002956784342612,-0.0116714429022506,0000078003-25-000054_same,same
-0.0121119878341923,-0.0158645536555098,0,-0.0025111282168334,-0.0096008596173588,0000078003-25-000054_same,same
0.0126436269093166,0.0158541446349889,1,0.0018806620993776,0.010762964809939,0000078003-25-000054_same,same
-0.0068104154170871,-0.0175967394669998,2,-0.0027509677210623,-0.0040594476960247,0000078003-25-000054_same,same
-0.0190477034935272,-0.0122348266022004,3,-0.0020085539946123,-0.0170391494989149,0000078003-25-000054_same,same
0.0073786116732177,0.0111592778931879,4,0.0012306079860686,0.006148003687149,0000078003-25-000054_same,same
0.0115651866355741,-0.0178190070857499,5,-0.0027817430311552,0.0143469296667294,0000078003-25-000054_same,same
-0.0186335896178981,-0.0028221256867719,-5,-0.0013437893523617,-0.0172898002655364,0000078003-26-000026_same,same
-0.0078182907314217,0.0069397247635067,-4,0.0046656654225858,-0.0124839561540075,0000078003-26-000026_same,same
0.0153845664146232,-0.0103856522472848,-3,-0.0059999425106206,0.0213845089252439,0000078003-26-000026_same,same
0.0029564283854743,0.0076516140863223,-2,0.0051039088388333,-0.002147480453359,0000078003-26-000026_same,same
-0.0018422756207148,0.0081363556573399,-1,0.0054023187113677,-0.0072445943320826,0000078003-26-000026_same,same
0.0003690623507828,-0.0053655805693283,0,-0.0029095557167097,0.0032786180674925,0000078003-26-000026_same,same
0.0202952355890024,-0.0043393528110311,1,-0.002277803639202,0.0225730392282045,0000078003-26-000026_same,same
-0.0141049163653673,0.0003983547353176,2,0.0006387580702531,-0.0147436744356205,0000078003-26-000026_same,same
-0.0249449460750151,-0.0094440310956254,3,-0.0054202747770435,-0.0195246712979716,0000078003-26-000026_same,same
0.001504945903737,0.0077560492642863,4,0.0051681997724104,-0.0036632538686734,0000078003-26-000026_same,same
-0.0003757266921057,-0.005646704863891,5,-0.003082617549906,0.0027068908578003,0000078003-26-000026_same,same
0.0040509261272039,-0.0063616194812253,-5,-0.0035199726315005,0.0075708987587044,0000080424-16-000212_same,same
-0.0091061866136066,0.0031339432802557,-4,0.0015759620079341,-0.0106821486215407,0000080424-16-000212_same,same
0.0009308381866928,0.0002125718896919,-3,8.164707471113416e-06,0.0009226734792217,0000080424-16-000212_same,same
-0.0031379005602304,0.0086034964479611,-2,0.0045112788658885,-0.007649179426119,0000080424-16-000212_same,same
-0.0002326410316181,-0.0009071655678379,-1,-0.0005927590124,0.0003601179807819,0000080424-16-000212_same,same
0.0026812510776168,0.0003897939364765,0,0.0001032735482809,0.0025779775293359,0000080424-16-000212_same,same
0.0037219044099563,-0.0028646859974036,1,-0.0016432913942078,0.0053651958041642,0000080424-16-000212_same,same
0.0048659061110636,0.0047345880120621,2,0.0024349717516566,0.0024309343594069,0000080424-16-000212_same,same
0.0035744078634432,-0.0007960463737501,3,-0.0005331252482428,0.004107533111686,0000080424-16-000212_same,same
-0.0002299638261606,0.002792909218769,4,0.0013929410189932,-0.0016229048451539,0000080424-16-000212_same,same
-0.0050562234316583,-0.005479077019869,5,-0.0030463431255336,-0.0020098803061246,0000080424-16-000212_same,same
0.0067618873210413,-0.0007281456077897,-5,-0.0005469067004449,0.0073087940214862,0000080424-17-000047_same,same
0.0030829809506425,0.0024491149692504,-4,0.000843914144113,0.0022390668065295,0000080424-17-000047_same,same
-0.0006585169201108,0.0004926487188865,-3,-1.251357929868619e-05,-0.0006460033408121,0000080424-17-000047_same,same
-0.0019774926200064,-0.0021836541856442,-2,-0.0011840441402071,-0.0007934484797992,0000080424-17-000047_same,same
-0.0020909725929951,0.0018891035295691,-1,0.0005987735380424,-0.0026897461310376,0000080424-17-000047_same,same
0.0084924923625409,0.0016471997899281,0,0.0004928820773607,0.0079996102851801,0000080424-17-000047_same,same
0.00153103849975,-0.0024144327873969,1,-0.001285065659221,0.002816104158971,0000080424-17-000047_same,same
0.0037127795441436,-0.0003636086710507,2,-0.0003873335216217,0.0041001130657653,0000080424-17-000047_same,same
-0.0019586664121041,-0.0144744417228017,3,-0.0065642397798849,0.0046055733677807,0000080424-17-000047_same,same
-0.0043599107141438,0.0012755699762128,4,0.0003302040473906,-0.0046901147615345,0000080424-17-000047_same,same
0.0033940886652366,0.0100437545445353,5,0.0041684079248688,-0.0007743192596322,0000080424-17-000047_same,same
0.0084787026286003,0.0048847287979825,-5,0.0020571669606364,0.0064215356679639,0000080424-18-000055_same,same
-0.0028433560637666,-0.0010403515262938,-4,-0.0008136254161554,-0.0020297306476111,0000080424-18-000055_same,same
0.0167388530432133,0.0049264448033816,-3,0.0020773790056613,0.0146614740375519,0000080424-18-000055_same,same
0.0040244583506365,0.0046441830098771,-2,0.0019406188335278,0.0020838395171086,0000080424-18-000055_same,same
0.0023073267493929,0.0035382274515358,-1,0.0014047663872837,0.0009025603621092,0000080424-18-000055_same,same
0.0014543836815783,0.0028241822564987,0,0.0010588005285258,0.0003955831530524,0000080424-18-000055_same,same
-0.0035092772709844,-0.0002623799656497,1,-0.0004366862518866,-0.0030725910190978,0000080424-18-000055_same,same
-0.0115358892112947,-0.0014416744645237,2,-0.0010080725406916,-0.0105278166706031,0000080424-18-000055_same,same
0.0003689447959569,-0.0071138879135516,3,-0.0037563470345053,0.0041252918304622,0000080424-18-000055_same,same
0.0011049264862807,-0.0040059921853423,4,-0.0022505238429021,0.0033554503291829,0000080424-18-000055_same,same
-0.0025760460786713,0.0063892547772768,5,0.0027861328945406,-0.005362178973212,0000080424-18-000055_same,same
0.0380175894938259,-0.0025786549148275,-5,-0.0002930876056637,0.0383106770994896,0000080424-19-000050_same,same
-0.0196829407095524,-0.0108855261126957,-4,-0.0043793201408603,-0.0153036205686921,0000080424-19-000050_same,same
-0.0110977920241558,-0.008998793869673,-3,-0.0034512177912509,-0.0076465742329048,0000080424-19-000050_same,same
-0.0024843867881877,-0.0072827399270378,-2,-0.0026070737946102,0.0001226870064224,0000080424-19-000050_same,same
-0.0288559694684095,-0.0297778200029859,-1,-0.0136726273464435,-0.0151833421219659,0000080424-19-000050_same,same
0.010611840035543,0.0130170171699326,0,0.0073785785563636,0.0032332614791794,0000080424-19-000050_same,same
0.0108506271143251,0.0007668762331907,1,0.0013526124297544,0.0094980146845706,0000080424-19-000050_same,same
0.0166205224384035,0.0187623034099841,2,0.0102047419816664,0.0064157804567371,0000080424-19-000050_same,same
-0.005619930461597,-0.0066166063549235,3,-0.0022793960673019,-0.0033405343942951,0000080424-19-000050_same,same
-0.0064225162945389,-0.0123173221779722,4,-0.0050836348613294,-0.0013388814332095,0000080424-19-000050_same,same
0.0105147054029381,0.0151316883221812,5,0.0084188063217559,0.0020958990811822,0000080424-19-000050_same,same
0.024238405926249,-0.0037502519373892,-5,-0.0023521738009181,0.0265905797271672,0000080424-20-000053_same,same
-0.0022827713622056,0.0076705049901413,-4,0.006166363795448,-0.0084491351576537,0000080424-20-000053_same,same
0.0012963380703279,0.0071810234393261,-3,0.0058012682926013,-0.0045049302222734,0000080424-20-000053_same,same
0.0190414833355119,0.0036119303819721,-2,0.003139145844245,0.0159023374912668,0000080424-20-000053_same,same
-0.002615669731689,0.0064297430531994,-1,0.0052409017376311,-0.0078565714693201,0000080424-20-000053_same,same
-0.005470579682567,0.0064276955596642,0,0.0052393745489545,-0.0107099542315215,0000080424-20-000053_same,same
0.006329495824235,0.0006330295486443,1,0.000917237182186,0.0054122586420489,0000080424-20-000053_same,same
0.0041183889243188,0.002742218294476,2,0.0024904432090028,0.0016279457153159,0000080424-20-000053_same,same
-0.0064877025994551,-0.0079691321542361,3,-0.0054989608282424,-0.0009887417712127,0000080424-20-000053_same,same
0.0167380640929795,0.0139965494902376,4,0.0108848468392868,0.0058532172536926,0000080424-20-000053_same,same
0.0023621822514512,-0.0020471743504979,5,-0.0010818787980983,0.0034440610495496,0000080424-20-000053_same,same
0.0197159257248937,-0.0054060480514769,-5,-0.0016829130139576,0.0213988387388514,0000080424-21-000100_same,same
-0.0024607331184157,-0.0018428056148913,-4,-0.0003096947927604,-0.0021510383256552,0000080424-21-000100_same,same
0.0145898719456156,0.0082034265474622,-3,0.0035619668483542,0.0110279050972614,0000080424-21-000100_same,same
-0.0105592084170412,-0.0046323879014122,-2,-0.0013847564237198,-0.0091744519933214,0000080424-21-000100_same,same
0.0004912849305809,0.0060054468134942,-1,0.0027148996408254,-0.0022236147102444,0000080424-21-000100_same,same
-0.007649043417552,0.0016752662417647,0,0.0010461153894033,-0.0086951588069553,0000080424-21-000100_same,same
0.0054448942713245,-0.0009399082741974,1,3.826780091006958e-05,0.0054066264704144,0000080424-21-000100_same,same
0.000633460259277,0.0009926793341701,2,0.0007830570104854,-0.0001495967512084,0000080424-21-000100_same,same
0.0024597357675848,0.0012757437876824,3,0.0008921456487844,0.0015675901188003,0000080424-21-000100_same,same
0.0023139806964302,0.0041463802816776,4,0.0019984443107877,0.0003155363856425,0000080424-21-000100_same,same
0.004826767147446,0.0016073066558082,5,0.001019924821851,0.0038068423255949,0000080424-21-000100_same,same
-0.0617994309440239,0.0142077600825818,-5,0.007526617175671,-0.0693260481196949,0000080424-22-000064_same,same
0.0287239078377172,-0.0028230841271976,-4,-0.0014219235038504,0.0301458313415676,0000080424-22-000064_same,same
-0.0066480163858748,-0.0066623955507048,-3,-0.0034392183620158,-0.003208798023859,0000080424-22-000064_same,same
0.0206408494347087,0.0156384771631401,-2,0.0082783608848237,0.012362488549885,0000080424-22-000064_same,same
-0.0015874922499664,-0.0007773401640558,-1,-0.0003470253456282,-0.0012404669043381,0000080424-22-000064_same,same
0.0004840453634382,-0.0016257460597355,0,-0.0007928044612563,0.0012768498246946,0000080424-22-000064_same,same
0.0038002360979809,-0.0012375507238541,1,-0.0005888344341721,0.0043890705321531,0000080424-22-000064_same,same
-0.0023404935834432,-0.004248692893594,2,-0.0021709831442324,-0.0001695104392107,0000080424-22-000064_same,same
0.0094532704822321,0.0212906376412902,3,0.0112481835984192,-0.0017949131161871,0000080424-22-000064_same,same
-0.0071090645727484,-0.0007054739583503,4,-0.0003092645830191,-0.0067997999897292,0000080424-22-000064_same,same
0.0097069801320239,0.0173223687745669,5,0.0091631304475741,0.0005438496844497,0000080424-22-000064_same,same
0.0282692601215279,0.0098778427947523,-5,0.0044325304303324,0.0238367296911955,0000080424-23-000073_same,same
-0.0007035391269738,0.0014687129405193,-4,0.0011866685248246,-0.0018902076517984,0000080424-23-000073_same,same
-0.0003200060514845,-0.0026650876392156,-3,-0.0004089479134176,8.894186193311412e-05,0000080424-23-000073_same,same
0.0021759768143805,-0.0138395413363479,-2,-0.0047222043619578,0.0068981811763383,0000080424-23-000073_same,same
0.0026185786850099,-0.0025479738404268,-1,-0.0003637428535972,0.0029823215386071,0000080424-23-000073_same,same
-0.0109553811333995,-0.0053000741550505,0,-0.0014260332125547,-0.0095293479208448,0000080424-23-000073_same,same
0.01056140060957,0.0090240927793627,1,0.0041029892411944,0.0064584113683755,0000080424-23-000073_same,same
0.0010833429004946,-0.0042182830447931,2,-0.0010084698480486,0.0020918127485432,0000080424-23-000073_same,same
-0.0012729563112143,-0.0070387303805971,3,-0.0020971416514896,0.0008241853402752,0000080424-23-000073_same,same
-0.0049716992987606,0.0002507139445697,4,0.0007165299242285,-0.0056882292229892,0000080424-23-000073_same,same
0.0058294207674873,-0.001069692370023,5,0.0002068628563367,0.0056225579111506,0000080424-23-000073_same,same
0.0048488279142249,0.0008133101292933,-5,0.0006168145417576,0.0042320133724672,0000080424-24-000083_same,same
-0.0484316214472916,-0.0049601718780302,-4,-8.629943728029235e-05,-0.0483453220100113,0000080424-24-000083_same,same
-0.0058133171164537,0.0157933986591674,-3,0.002441139903683,-0.0082544570201367,0000080424-24-000083_same,same
0.0306670935599553,-0.013693502993456,-2,-0.0011498737556957,0.031816967315651,0000080424-24-000083_same,same
0.0264951829370054,-0.0183818608686967,-1,-0.0017208376829467,0.0282160206199521,0000080424-24-000083_same,same
-0.0118767182461669,-0.0299687983886397,0,-0.0031319337484019,-0.008744784497765,0000080424-24-000083_same,same
0.0001783338292373,0.010354085880061,1,0.0017787221726676,-0.0016003883434302,0000080424-24-000083_same,same
0.0114821334848915,-0.0077346478585028,2,-0.0004241844162064,0.011906317901098,0000080424-24-000083_same,same
0.0049992474322473,0.0230426115191364,3,0.0033239733294043,0.0016752741028429,0000080424-24-000083_same,same
-0.0019312029905464,0.0046716768495385,4,0.0010866993658235,-0.00301790235637,0000080424-24-000083_same,same
-0.02187171283341,4.303397765514916e-05,5,0.0005230077317166,-0.0223947205651266,0000080424-24-000083_same,same
-0.0075173735074898,0.0001768581088181,-5,-0.0003649058998284,-0.0071524676076613,0000080424-25-000076_same,same
-0.0031824909410183,-0.0029594423887242,-4,-0.001115705417066,-0.0020667855239522,0000080424-25-000076_same,same
-0.0238171081670176,-0.0012494327466496,-3,-0.0007063459138082,-0.0231107622532094,0000080424-25-000076_same,same
-0.0157640093990195,-0.003694819341153,-2,-0.0012917474325884,-0.0144722619664311,0000080424-25-000076_same,same
0.0011963046087999,-0.0159921331401484,-1,-0.0042356035046835,0.0054319081134834,0000080424-25-000076_same,same
0.0007300624754977,0.014737100330916,0,0.0031206729979142,-0.0023906105224164,0000080424-25-000076_same,same
-0.0016582687032934,-0.0048578659963033,1,-0.0015701693720345,-8.809933125886594e-05,0000080424-25-000076_same,same
0.0156135756392736,0.0072819072950924,2,0.0013359730507645,0.0142776025885091,0000080424-25-000076_same,same
0.0041214979238888,-0.0007974800154801,3,-0.0005981528715145,0.0047196507954033,0000080424-25-000076_same,same
0.0001302732924912,0.0077997153489748,4,0.0014599312101249,-0.0013296579176337,0000080424-25-000076_same,same
0.0095759373901953,-0.0025041278217863,5,-0.0010067075843277,0.010582644974523,0000080424-25-000076_same,same
0.0072373417730859,-0.0017404116452881,-5,0.0001127393707763,0.0071246024023096,0001234452-16-000552_same,same
0.0277123566818875,-0.0029867267366989,-4,-0.0014475811306473,0.0291599378125348,0001234452-16-000552_same,same
-0.0241118243088382,-0.0031082993435224,-3,-0.0015997835970584,-0.0225120407117798,0001234452-16-000552_same,same
0.0046784305824603,-0.0001222764078291,-2,0.0021385590069851,0.0025398715754751,0001234452-16-000552_same,same
-0.0055297475142238,-0.0067868834764276,-1,-0.0062051761485412,0.0006754286343173,0001234452-16-000552_same,same
-0.0182906615814145,-0.0065255002974123,0,-0.0058779382487873,-0.0124127233326271,0001234452-16-000552_same,same
-0.0020869092970874,-0.0044234008389461,1,-0.0032462210340309,0.0011593117369435,0001234452-16-000552_same,same
-0.0032864363432169,-0.0016661307322337,2,0.000205735140708,-0.0034921714839249,0001234452-16-000552_same,same
0.0259257653532463,0.0222235439673372,3,0.0301143428940555,-0.0041885775408092,0001234452-16-000552_same,same
-0.0027753743007464,0.0037719744542996,4,0.007013954883792,-0.0097893291845384,0001234452-16-000552_same,same
-0.0057127219714228,0.0110770207532533,5,0.0161594860441376,-0.0218722080155604,0001234452-16-000552_same,same
-0.0075576190192424,-0.0046630497542752,-5,-0.007904626676048,0.0003470076568056,0001234452-17-000190_same,same
-0.0007432355999662,0.0012709462190783,-4,0.00076658318109,-0.0015098187810563,0001234452-17-000190_same,same
0.0143124276152055,0.0080730224980496,-3,0.0107062985337933,0.0036061290814121,0001234452-17-000190_same,same
0.0016490722139532,-0.0031924705707864,-2,-0.005755703628437,0.0074047758423903,0001234452-17-000190_same,same
-0.0667765705038896,0.0009444586571358,-1,0.0002894945248016,-0.0670660650286913,0001234452-17-000190_same,same
0.0480300773294439,0.0015921101716727,0,0.0012358925712547,0.0467941847581892,0001234452-17-000190_same,same
0.0258136384472638,0.0001899658108865,1,-0.0008130282667397,0.0266266667140035,0001234452-17-000190_same,same
0.1270971258227682,0.0030970753849743,2,0.0034350631218974,0.1236620627008707,0001234452-17-000190_same,same
0.011486801650427,0.0012712512404724,3,0.0007670289017362,0.0107197727486908,0001234452-17-000190_same,same
0.0252718992771334,-0.0001891029228697,4,-0.0013669525625163,0.0266388518396498,0001234452-17-000190_same,same
0.0216850710970188,0.0014436550000984,5,0.0010189584929576,0.0206661126040611,0001234452-17-000190_same,same
-0.0045900113142356,0.0108513319740386,-5,0.0158459553601188,-0.0204359666743544,0001728949-18-000095_same,same
0.0130385453240844,0.0105578436930637,-4,0.0154590515492875,-0.0024205062252031,0001728949-18-000095_same,same
-0.0059642074740955,-0.0063166863793988,-3,-0.0067865385278899,0.0008223310537944,0001728949-18-000095_same,same
0.0022103154401988,0.0056003171696019,-2,0.008923574569242,-0.0067132591290431,0001728949-18-000095_same,same
0.0025210988088018,0.0062592957741707,-1,0.0097923020445504,-0.0072712032357486,0001728949-18-000095_same,same
-0.0066008501408578,0.0212088560641052,0,0.0295002161977652,-0.0361010663386231,0001728949-18-000095_same,same
-0.0816326920010214,-0.0025089163835961,1,-0.0017667785659201,-0.0798659134351012,0001728949-18-000095_same,same
-0.0229107764826441,-0.0091990137061033,2,-0.0105862930634399,-0.0123244834192042,0001728949-18-000095_same,same
-0.0393163617818107,-0.0197014893402406,3,-0.0244316426375787,-0.0148847191442319,0001728949-18-000095_same,same
-0.0060561864958108,-0.0014819196931705,4,-0.00041289509256,-0.0056432914032508,0001728949-18-000095_same,same
-0.00406182984818,-0.0075674106903027,5,-0.0084353607588172,0.0043735309106372,0001728949-18-000095_same,same
-0.0026939525113319,0.0032533701591457,-5,0.0035642782215465,-0.0062582307328785,0001728949-19-000072_same,same
-0.0122789630581895,-0.0030228605633046,-4,-0.0050799705824751,-0.0071989924757143,0001728949-19-000072_same,same
0.0390352453866711,0.009662312168146,-3,0.0123913102008163,0.0266439351858547,0001728949-19-000072_same,same
0.0180665386561327,0.0037040890497046,-2,0.0041850530787753,0.0138814855773573,0001728949-19-000072_same,same
0.0043483789151579,-0.0011856992143612,-1,-0.0025496493601223,0.0068980282752802,0001728949-19-000072_same,same
-0.009712504279142,0.0007024972279667,0,5.096246569336418e-05,-0.0097634667448354,0001728949-19-000072_same,same
0.0632166917976146,0.0027300951851503,1,0.0028435719141837,0.0603731198834309,0001728949-19-000072_same,same
0.0450097738726342,0.0025606760900243,2,0.0026102310962334,0.0423995427764008,0001728949-19-000072_same,same
-0.0232901455713541,-0.0019624672514313,3,-0.0036194915109895,-0.0196706540603645,0001728949-19-000072_same,same
-0.0094734649262309,0.0015646460846321,4,0.0012383995681025,-0.0107118644943334,0001728949-19-000072_same,same
-0.0054961658419214,0.0007115345908383,5,6.340962014786671e-05,-0.0055595754620693,0001728949-19-000072_same,same
-0.0343895365265652,-0.0352878787606047,-5,-0.0429792324960397,0.0085896959694744,0001728949-20-000067_same,same
0.0399737036868588,0.0119473308942383,-4,0.0177442352935184,0.0222294683933403,0001728949-20-000067_same,same
-0.0243594881087009,-0.0121295501301756,-3,-0.0132079234889317,-0.0111515646197691,0001728949-20-000067_same,same
0.0049447783898992,0.0123182026012718,-2,0.0182210113324238,-0.0132762329425245,0001728949-20-000067_same,same
0.0119384131632536,0.0177992900964345,-1,0.0252672516772073,-0.0133288385139537,0001728949-20-000067_same,same
0.028059107090079,0.0220470477016834,0,0.0307279784106121,-0.002668871320533,0001728949-20-000067_same,same
0.127471401282553,0.0194601941389629,1,0.0274024354493339,0.1000689658332191,0001728949-20-000067_same,same
-0.0027509773616867,-0.0002877151874185,2,0.0020154085968197,-0.0047663859585065,0001728949-20-000067_same,same
-0.0165504403879804,0.0116998892356872,3,0.0174261353910807,-0.0339765757790612,0001728949-20-000067_same,same
-0.0175303058517168,-0.001399794593191,4,0.0005857691717106,-0.0181160750234275,0001728949-20-000067_same,same
0.0541001373269496,0.0076518553187603,5,0.0122221644769738,0.0418779728499758,0001728949-20-000067_same,same
-0.0056088146399061,-0.0050515680684628,-5,-0.0058657501362912,0.0002569354963851,0001728949-21-000076_same,same
0.0189785314860129,0.0098292815764611,-4,0.0102199430216427,0.0087585884643702,0001728949-21-000076_same,same
-0.0048618275692352,0.0019493347191492,-3,0.0017019880478296,-0.0065638156170648,0001728949-21-000076_same,same
0.0133041712871693,0.0018000771431341,-2,0.0015406456764889,0.0117635256106804,0001728949-21-000076_same,same
0.0031154432683071,0.0036803630854131,-1,0.0035731709313217,-0.0004577276630145,0001728949-21-000076_same,same
0.0240332482787388,0.0064612791953579,0,0.0065792468147499,0.0174540014639889,0001728949-21-000076_same,same
0.127310835489028,0.0041819423611504,1,0.0041153610962925,0.1231954743927354,0001728949-21-000076_same,same
0.0443279819527937,0.0037327996529492,2,0.0036298530802424,0.0406981288725513,0001728949-21-000076_same,same
0.0172971318120975,0.0008877879113036,3,0.0005544919954376,0.0167426398166599,0001728949-21-000076_same,same
0.0053662894085275,-0.0034987758957707,4,-0.0041872345256932,0.0095535239342208,0001728949-21-000076_same,same
-0.041621559690825,-0.0082258233952297,5,-0.009297012356505,-0.0323245473343199,0001728949-21-000076_same,same
-0.0088950255577535,-0.0073877160723645,-5,-0.0088496246238375,-4.5400933916030575e-05,0000804328-22-000021_same,same
-0.0288713806882117,-0.0060826106182112,-4,-0.0072504574687883,-0.0216209232194233,0000804328-22-000021_same,same
0.0393202111435175,0.0246263778959276,-3,0.0303777706872686,0.0089424404562489,0000804328-22-000021_same,same
-0.0130023715981845,-0.0074544041076575,-2,-0.0089313385691251,-0.0040710330290593,0000804328-22-000021_same,same
-0.0028046740642106,-0.0041012306087846,-1,-0.0048226399903901,0.0020179659261794,0000804328-22-000021_same,same
-0.0411660156691875,-0.0250019848573428,0,-0.0304326775576101,-0.0107333381115773,0000804328-22-000021_same,same
-0.0766222050475903,-0.0105859923154296,1,-0.0127685250501652,-0.0638536799974251,0000804328-22-000021_same,same
0.0270504780150981,0.0136187246700705,2,0.0168899123406934,0.0101605656744046,0000804328-22-000021_same,same
0.0318679330874414,0.0096139819205598,3,0.0119828352542722,0.0198850978331691,0000804328-22-000021_same,same
0.0222546426519589,0.0055978928024627,4,0.0070618552760082,0.0151927873759506,0000804328-22-000021_same,same
-0.0187488758188211,-0.0207778869547897,5,-0.0252568209982966,0.0065079451794755,0000804328-22-000021_same,same
-0.0421427965199161,-0.0143396286277125,-5,-0.0218190057612639,-0.0203237907586522,0000804328-23-000055_same,same
0.008016924255793,-0.0118325197781096,-4,-0.0179732461150219,0.0259901703708149,0000804328-23-000055_same,same
0.0079529334249808,-0.0048002802297685,-3,-0.0071861982842105,0.0151391317091914,0000804328-23-000055_same,same
0.0128686741860506,0.0120100223258599,-2,0.0185998313968675,-0.0057311572108168,0000804328-23-000055_same,same
0.0107575214967221,0.0064749573072333,-1,0.0101093625082386,0.0006481589884835,0000804328-23-000055_same,same
0.0174330282984145,0.0105059994863139,0,0.016292747544378,0.0011402807540364,0000804328-23-000055_same,same
0.0583459866377296,0.0188585570201276,1,0.0291050866303107,0.0292409000074188,0000804328-23-000055_same,same
0.0184048935261276,0.0093937302530313,2,0.0145865910151982,0.0038183025109293,0000804328-23-000055_same,same
0.0034305156316531,0.0017529924220356,3,0.002866142091486,0.0005643735401671,0000804328-23-000055_same,same
0.0065870327943018,0.0028401189192852,4,0.004533731121035,0.0020533016732668,0000804328-23-000055_same,same
-0.005467303056208,0.0010049156221052,5,0.0017186356440025,-0.0071859387002106,0000804328-23-000055_same,same
-0.0476135920518435,-0.0033002338893437,-5,-0.0111616960185143,-0.0364518960333292,0000804328-24-000075_same,same
-0.0289344542835983,-0.0186147008716995,-4,-0.0488225436554736,0.0198880893718752,0000804328-24-000075_same,same
0.0153591290508339,0.0040925095436261,-3,0.0070183023039204,0.0083408267469134,0000804328-24-000075_same,same
-0.0005446860345661,-0.0028120834782999,-2,-0.00996125213265,0.0094165660980839,0000804328-24-000075_same,same
0.0044195488791403,0.0122656445452913,-1,0.0271174146248809,-0.0226978657457406,0000804328-24-000075_same,same
0.0426735534885318,0.0252959277864259,0,0.0591610706251961,-0.0164875171366643,0000804328-24-000075_same,same
-0.0004624665959264,0.0074312297274883,1,0.0152287762493565,-0.0156912428452829,0000804328-24-000075_same,same
-0.0115666458062791,0.0037568333092317,2,0.0061928180390457,-0.0177594638453249,0000804328-24-000075_same,same
-0.0153297105295063,0.0009690634297987,3,-0.0006627765302716,-0.0146669339992347,0000804328-24-000075_same,same
-0.0289975650733392,-0.0028926596513724,4,-0.0101594024816466,-0.0188381625916926,0000804328-24-000075_same,same
-0.0182975616474219,0.0002322277248243,5,-0.0024747793411095,-0.0158227823063123,0000804328-24-000075_same,same
-0.0130365307667202,-4.3578255173426506e-05,-5,-0.0005687139130127,-0.0124678168537075,0000804328-25-000085_same,same
-0.0078916715277094,-0.0099048124395192,-4,-0.0125870547834213,0.0046953832557119,0000804328-25-000085_same,same
0.0205348435481917,0.0026179217059763,-3,0.0026749788298747,0.017859864718317,0000804328-25-000085_same,same
-0.0009949532492521,0.0017207127269924,-2,0.0015815088706543,-0.0025764621199065,0000804328-25-000085_same,same
-0.0436033923642499,-0.0117368300845838,-1,-0.0148198191745095,-0.0287835731897403,0000804328-25-000085_same,same
0.0398054571456971,0.0036535556982648,0,0.0039371537365476,0.0358683034091495,0000804328-25-000085_same,same
-0.0362786670485978,-0.011178189042419,1,-0.0141389775736079,-0.0221396894749899,0000804328-25-000085_same,same
-0.0133371081591006,0.001261841800771,2,0.0010222617111453,-0.0143593698702459,0000804328-25-000085_same,same
0.0039792259176894,0.0154010186217099,3,0.0182543285583942,-0.0142751026407048,0000804328-25-000085_same,same
0.0140466764488043,0.0020753505173405,4,0.0020137223005613,0.012032954148243,0000804328-25-000085_same,same
0.015461593881042,0.0006295171887717,5,0.0002516185456255,0.0152099753354165,0000804328-25-000085_same,same
0.0121489330949471,0.0017637540575008,-5,0.0022485485361798,0.0099003845587672,0001564590-17-000589_same,same
-0.0032007752665007,-0.0036093083554193,-4,-0.0030764706041835,-0.0001243046623171,0001564590-17-000589_same,same
-0.0081423914290228,0.0033662371547078,-3,0.0038367030203371,-0.01197909444936,0001564590-17-000589_same,same
-0.0256679059161195,-0.0026901247580694,-2,-0.0021655058929554,-0.0235024000231641,0001564590-17-000589_same,same
0.0036791250941856,0.0065645936376641,-1,0.007006461377972,-0.0033273362837864,0001564590-17-000589_same,same
0.0109957289621436,0.0080260905496174,0,0.0084548903057692,0.0025408386563743,0001564590-17-000589_same,same
-0.0073678048138876,-0.0007353844075136,1,-0.0002282438659742,-0.0071395609479134,0001564590-17-000589_same,same
-0.0044772992151239,-0.0008664638929263,2,-0.0003581513033144,-0.0041191479118095,0001564590-17-000589_same,same
-0.0105322040702481,-0.0060095435176958,3,-0.0054552440481252,-0.0050769600221228,0001564590-17-000589_same,same
0.0011960198170803,-0.000889905407144,4,-0.0003813832150801,0.0015774030321605,0001564590-17-000589_same,same
-0.0064510076707908,0.0002983634896507,5,0.0007962607676354,-0.0072472684384263,0001564590-17-000589_same,same
0.0005186927879832,0.0094150515607511,-5,0.0062774211579365,-0.0057587283699533,0001564590-18-000821_same,same
-0.010879573151278,-0.0016163897301626,-4,-0.001746896566243,-0.0091326765850349,0001564590-18-000821_same,same
0.0006549980148866,0.0043852351128388,-3,0.0026187110938584,-0.0019637130789717,0001564590-18-000821_same,same
0.0440982457734964,0.0080667264993476,-2,0.0052966437234332,0.0388016020500631,0001564590-18-000821_same,same
-0.0072691897604725,0.0021743654797181,-1,0.0010105150372367,-0.0082797047977093,0001564590-18-000821_same,same
-0.0130033927463191,-0.0005599757022828,0,-0.0009784564699367,-0.0120249362763824,0001564590-18-000821_same,same
-0.01087224334169,0.0006026209018938,1,-0.0001327787120674,-0.0107394646296225,0001564590-18-000821_same,same
0.003621001924704,0.011841196508761,2,0.0080422094022233,-0.0044212074775192,0001564590-18-000821_same,same
-0.0158491565954896,-0.0067319743328871,3,-0.0054679947541103,-0.0103811618413793,0001564590-18-000821_same,same
-0.0240895406863201,-0.0108988156202839,4,-0.0084989729839306,-0.0155905677023895,0001564590-18-000821_same,same
-0.0128791446213074,0.0004889853730833,5,-0.0002154376832647,-0.0126637069380426,0001564590-18-000821_same,same
0.0096804690315899,0.0107216886229457,-5,0.0031775348652755,0.0065029341663143,0001564590-19-000928_same,same
-0.0112655495565073,0.0022219854881162,-4,-0.0032434757998786,-0.0080220737566287,0001564590-19-000928_same,same
0.002908966108966,0.007591400382211,-3,0.0008127917842611,0.0020961743247049,0001564590-19-000928_same,same
0.081218107930963,0.01318305304897,-2,0.0050369465387927,0.0761811613921703,0001564590-19-000928_same,same
-0.0172139802848304,-0.0141573061645666,-1,-0.0156170381139061,-0.0015969421709242,0001564590-19-000928_same,same
-0.0147863915345619,0.0022029127742235,0,-0.0032578840794827,-0.0115285074550792,0001564590-19-000928_same,same
0.0057723096931263,0.0013757255543636,1,-0.0038827738993442,0.0096550835924706,0001564590-19-000928_same,same
0.0330583866397118,0.0084886940607138,2,0.0014906427854134,0.0315677438542983,0001564590-19-000928_same,same
-0.0168894158325479,-0.0078468274939378,3,-0.010849853871871,-0.0060395619606769,0001564590-19-000928_same,same
-0.005425149418279,-0.0014562465775435,4,-0.0060221572370847,0.0005970078188056,0001564590-19-000928_same,same
0.0227280210407618,0.0155492609197442,5,0.0068244732009834,0.0159035478397784,0001564590-19-000928_same,same
0.0076473472502893,-0.0015145327728022,-5,-0.0028853072271808,0.0105326544774701,0001564590-20-001578_same,same
-0.0303564458117517,0.0018701968845122,-4,0.002384735933904,-0.0327411817456558,0001564590-20-001578_same,same
0.0117397767489595,0.0083665530264682,-3,0.0124995990763418,-0.0007598223273823,0001564590-20-001578_same,same
-0.0105727126928522,0.0038621622485013,-2,0.0054862372372422,-0.0160589499300944,0001564590-20-001578_same,same
-0.0370074855113783,-0.0026519776473655,-1,-0.0046563153103077,-0.0323511702010705,0001564590-20-001578_same,same
-0.007307531041158,0.000289076071118,0,-7.707808762945877e-05,-0.0072304529535285,0001564590-20-001578_same,same
-0.0068157860852788,0.0011409766124783,1,0.0012493358586714,-0.0080651219439503,0001564590-20-001578_same,same
-0.0181167386670699,-0.0090421609742074,2,-0.0146058667809622,-0.0035108718861077,0001564590-20-001578_same,same
-0.0506013307636333,-0.0157307116591823,3,-0.0250199779105609,-0.0255813528530724,0001564590-20-001578_same,same
0.0,0.010053584595046,4,0.0151263167408691,-0.0151263167408691,0001564590-20-001578_same,same
-0.0067727228372381,-0.0008668741908683,5,-0.001876899163316,-0.0048958236739221,0001564590-20-001578_same,same
-0.0027538594232703,0.0139356254219462,-5,0.0174656143518921,-0.0202194737751624,0001564590-21-002477_same,same
-0.0457592889732226,0.0003167233075522,-4,0.0007412585314725,-0.0465005475046952,0001564590-21-002477_same,same
0.0090948290206227,-0.0030106116552376,-3,-0.0033447928538741,0.0124396218744969,0001564590-21-002477_same,same
-0.0274481105701338,0.0036158389430824,-2,0.0047926558701024,-0.0322407664402362,0001564590-21-002477_same,same
-0.0421229302286638,-0.0014888337468982,-1,-0.0014760111411528,-0.040646919087511,0001564590-21-002477_same,same
-0.0408969803058805,-0.025677883699462,0,-0.0311807755169103,-0.0097162047889701,0001564590-21-002477_same,same
0.0380557195447075,0.0097606259756297,1,0.0123386095681178,0.0257171099765897,0001564590-21-002477_same,same
-0.0189927590934105,-0.0193114751731245,2,-0.0233626650261912,0.0043699059327806,0001564590-21-002477_same,same
-0.0022512827200252,0.0160517676144393,3,0.0200642904196532,-0.0223155731396785,0001564590-21-002477_same,same
0.0157940500517439,0.0138982234844169,4,0.0174196838278043,-0.0016256337760604,0001564590-21-002477_same,same
0.0741893715499244,0.0010087690809532,5,0.0015911082228175,0.0725982633271069,0001564590-21-002477_same,same
-0.0117210074544978,-0.0096895418683388,-5,-0.0132346091624333,0.0015136017079354,0001564590-22-002421_same,same
-0.0013476748378268,-0.0110373784941483,-4,-0.0150788137412671,0.0137311389034403,0001564590-22-002421_same,same
-0.0186236059231612,-0.0189148218679086,-3,-0.0258572841146086,0.0072336781914474,0001564590-22-002421_same,same
0.0066009838997689,0.0027717389433818,-2,0.0038157890023339,0.0027851948974349,0001564590-22-002421_same,same
0.0598361856615048,-0.0121719062536467,-1,-0.0166311541724557,0.0764673398339606,0001564590-22-002421_same,same
0.0260374966110965,-0.0014966358477518,0,-0.0020245006761422,0.0280619972872387,0001564590-22-002421_same,same
-0.0236181496382127,-0.0053840887577105,1,-0.0073435863273728,-0.0162745633108398,0001564590-22-002421_same,same
0.0211012463330944,0.0243476468880761,2,0.0333374591084589,-0.0122362127753645,0001564590-22-002421_same,same
-0.0153728946889574,0.0188859517327795,3,0.0258643848346813,-0.0412372795236388,0001564590-22-002421_same,same
0.011517822184031,0.0068630035578014,4,0.0094137441184457,0.0021040780655853,0001564590-22-002421_same,same
-0.0068320893836134,0.0094225154473364,5,0.0129158477531683,-0.0197479371367818,0001564590-22-002421_same,same
-0.0227504688065095,-0.015562598500411,-5,-0.0086636128679219,-0.0140868559385876,0001564590-23-000762_same,same
0.004375907318302,-0.0076383502962943,-4,-0.0019076577872363,0.0062835651055384,0001564590-23-000762_same,same
-0.00052290556579,0.0189184010459815,-3,0.0207337606206504,-0.0212566661864404,0001564590-23-000762_same,same
-0.0259807495149769,0.0118813449836652,-2,0.0147341965695677,-0.0407149460845447,0001564590-23-000762_same,same
-0.006981698148039,-0.0007115031258156,-1,0.0039979457639265,-0.0109796439119655,0001564590-23-000762_same,same
0.0140616452895887,-0.0001817250594663,0,0.0044496172319061,0.0096120280576825,0001564590-23-000762_same,same
0.0216887922637247,0.0110078534691813,1,0.0139894862471238,0.0076993060166009,0001564590-23-000762_same,same
-0.0087001117344116,0.002494840970949,2,0.0067315699681394,-0.0154316817025511,0001564590-23-000762_same,same
-0.0110584303729259,-0.0129687409846833,3,-0.0064521747086715,-0.0046062556642544,0001564590-23-000762_same,same
0.0113595565864439,0.0146424702855101,4,0.0170882417775052,-0.0057286851910613,0001564590-23-000762_same,same
-0.0224640062162128,0.0104523039445902,5,0.013515842875973,-0.0359798490921859,0001564590-23-000762_same,same
-0.0084887508619841,-0.0056168971839904,-5,-0.0039373026405653,-0.0045514482214188,0000950170-24-006884_same,same
0.0139904027007187,0.008805260963896,-4,0.004108684968473,0.0098817177322456,0000950170-24-006884_same,same
0.022240588954502,0.0123135027649361,-3,0.0060659003707196,0.0161746885837824,0000950170-24-006884_same,same
0.0209508295828297,0.002194325202627,-2,0.0004205055244615,0.0205303240583682,0000950170-24-006884_same,same
-0.0051301844692992,0.002921374261968,-1,0.0008261194182099,-0.0059563038875092,0000950170-24-006884_same,same
0.0247917368847754,0.0008119284117831,0,-0.0003507207605265,0.0251424576453019,0000950170-24-006884_same,same
0.0154828168836127,0.0052603655277063,1,0.0021310208448066,0.0133517960388061,0000950170-24-006884_same,same
0.0085762161857985,-0.0006517852510764,2,-0.0011673129704985,0.009743529156297,0000950170-24-006884_same,same
0.0052910376816051,0.0075567748961808,3,0.0034121662278042,0.0018788714538008,0000950170-24-006884_same,same
-0.0723684570587788,-0.0006006499345398,4,-0.0011387850540093,-0.0712296720047694,0000950170-24-006884_same,same
-0.0131713214947524,-0.0161057446115979,5,-0.0097889328591669,-0.0033823886355854,0000950170-24-006884_same,same
0.0005019923102125,0.001146279811244,-5,-0.0018720093271184,0.0023740016373309,0000950170-25-007638_same,same
0.0193128433413043,0.0183127922796391,-4,0.0152068755168702,0.004105967824434,0000950170-25-007638_same,same
0.0110726567309089,-0.0021126894641922,-3,-0.0051143429733816,0.0161869997042906,0000950170-25-007638_same,same
0.0605990013140194,0.0099910589693537,-2,0.0069276210573279,0.0536713802566914,0000950170-25-007638_same,same
0.0036713882205521,0.0087682271055828,-1,0.0057110312215443,-0.0020396430009921,0000950170-25-007638_same,same
-0.0482397098142184,0.0061379415222275,0,0.0030941721089182,-0.0513338819231366,0000950170-25-007638_same,same
0.0096085467725191,0.0053134862204113,1,0.002273925294974,0.007334621477545,0000950170-25-007638_same,same
0.0052343628655746,-0.0028551323193988,2,-0.005852995978799,0.0110873588443736,0000950170-25-007638_same,same
0.0068639438682598,-0.0145807156908095,3,-0.0175187253165201,0.02438266918478,0000950170-25-007638_same,same
-0.0286789758221929,0.0092178694499676,4,0.0061583783361586,-0.0348373541583515,0000950170-25-007638_same,same
-0.0091965971457914,-0.0046788957603215,5,-0.007667449895839,-0.0015291472499524,0000950170-25-007638_same,same
-0.0085161648638383,0.0025799262171273,-5,0.0028895295076744,-0.0114056943715128,0001193125-26-021017_same,same
0.0034357251473167,-0.0006423023039563,-4,0.0003161367654461,0.0031195883818705,0001193125-26-021017_same,same
-0.005991890888592,-0.0206267580562774,-3,-0.0156442003285567,0.0096523094399646,0001193125-26-021017_same,same
0.0445641189034271,0.0115877413232745,-2,0.0100835090363821,0.034480609867045,0001193125-26-021017_same,same
0.0164879823292416,0.0054875021926288,-1,0.0052116289068556,0.0112763534223859,0001193125-26-021017_same,same
-0.0034468260804073,0.0003268698377891,0,0.0010901540454803,-0.0045369801258877,0001193125-26-021017_same,same
0.0111901266808578,0.0050060830312763,1,0.0048271494797486,0.0063629772011091,0001193125-26-021017_same,same
0.0193159476749815,0.0040818961771371,2,0.004089059140301,0.0152268885346805,0001193125-26-021017_same,same
-0.0353336409579673,-8.172305219089626e-05,3,0.0007638364144616,-0.036097477372429,0001193125-26-021017_same,same
-0.008594223062305,-0.0012926312740076,4,-0.000203240380104,-0.008390982682201,0001193125-26-021017_same,same
-0.0014447339834435,-0.0043018996208942,5,-0.0026065551272191,0.0011618211437755,0001193125-26-021017_same,same
0.0003967600890213,0.0049923089198982,-5,0.0066882429645764,-0.006291482875555,0001564590-17-002142_same,same
0.0076650602338765,-0.0008641180363413,-4,-0.0003303341394598,0.0079953943733363,0001564590-17-002142_same,same
0.0024915646270859,0.0016785565287558,-3,0.0027169091061155,-0.0002253444790295,0001564590-17-002142_same,same
0.0083729343210983,0.0060480661608284,-2,0.0079535048134787,0.0004194295076195,0001564590-17-002142_same,same
0.0019459684484648,-0.001082200145408,-1,-0.0005916924913922,0.002537660939857,0001564590-17-002142_same,same
-0.001165646411196,0.0004189867216857,0,0.0012073900982127,-0.0023730365094088,0001564590-17-002142_same,same
0.0012960045054331,0.0014933641914423,1,0.002494967176638,-0.0011989626712049,0001564590-17-002142_same,same
-0.0006472275570896,0.0010179830611165,2,0.0019252513512847,-0.0025724789083744,0001564590-17-002142_same,same
-0.0073841210194683,-0.0025783763780462,3,-0.0023847701355707,-0.0049993508838976,0001564590-17-002142_same,same
0.0199687865268511,0.0136738546598662,4,0.0170925558013077,0.0028762307255434,0001564590-17-002142_same,same
-0.0008960606934137,-0.0058598805035984,5,-0.0063174563783083,0.0054213956848946,0001564590-17-002142_same,same
0.0168351491539253,0.0134024582572458,-5,0.0230188725487107,-0.0061837233947853,0001564590-18-002832_same,same
0.0184063548334771,0.0120691127622993,-4,0.0207987421806143,-0.0023923873471372,0001564590-18-002832_same,same
-0.0009560333608921,0.0003734693722488,-3,0.0013245300104827,-0.0022805633713748,0001564590-18-002832_same,same
0.0078489348983143,-0.0058413894593534,-2,-0.0090237232200319,0.0168726581183463,0001564590-18-002832_same,same
-0.0154808883039442,-0.0054965031281792,-1,-0.0084494589949806,-0.0070314293089635,0001564590-18-002832_same,same
0.0026047136524196,0.0009735510790762,0,0.0023237156122012,0.0002809980402184,0001564590-18-002832_same,same
0.0299240469403008,0.0160283763505131,1,0.0273912430446491,0.0025328038956516,0001564590-18-002832_same,same
0.0241961381145778,0.0117570153438109,2,0.020279074203172,0.0039170639114058,0001564590-18-002832_same,same
-0.011766548161556,-0.0127068884438292,3,-0.0204553460404783,0.0086887978789223,0001564590-18-002832_same,same
9.21517541541128e-05,-0.011095788639207,4,-0.0177727318074587,0.0178648835616128,0001564590-18-002832_same,same
-0.0167973425669081,-0.0133243995419872,5,-0.0214835530182296,0.0046862104513214,0001564590-18-002832_same,same
-0.0016802863261891,-0.0026516415551012,-5,-0.0031859062559617,0.0015056199297726,0001564590-19-003839_same,same
0.0056089474858813,0.0108787526085869,-4,0.014321562995438,-0.0087126155095567,0001564590-19-003839_same,same
-0.0026958950264102,0.0014987433214488,-3,0.0021844277290363,-0.0048803227554465,0001564590-19-003839_same,same
0.0061519528412437,0.0017771107537685,-2,0.0025446174768714,0.0036073353643722,0001564590-19-003839_same,same
-0.0120432659324937,-0.0035264367908802,-1,-0.0043178356370565,-0.0077254302954371,0001564590-19-003839_same,same
0.0062826627569845,0.0064111023949868,0,0.0085407078485476,-0.0022580450915631,0001564590-19-003839_same,same
0.0082003970105015,0.0012318625699112,1,0.0018391010153568,0.0063612959951446,0001564590-19-003839_same,same
-0.0085033991461358,-0.0007904570968998,2,-0.0007776519746051,-0.0077257471715306,0001564590-19-003839_same,same
-0.0145427226896818,-0.0005440493877303,3,-0.000458816075266,-0.0140839066144158,0001564590-19-003839_same,same
0.0006620451438028,-0.0028255083152146,4,-0.0034108787822386,0.0040729239260414,0001564590-19-003839_same,same
0.0092646306000223,0.0068953205934343,5,0.0091672553916368,9.73752083855365e-05,0001564590-19-003839_same,same
0.0131600449224469,0.0064626464661976,-5,0.0078402814151874,0.0053197635072595,0000097476-20-000009_same,same
0.002945209062636,-0.0016304457368023,-4,-0.0031886291646947,0.0061338382273308,0000097476-20-000009_same,same
-0.0045176262430525,0.0018435333204338,-3,0.0015455569062904,-0.0060631831493429,0000097476-20-000009_same,same
-0.0073369049401512,-0.0029199426368901,-2,-0.0049458989013265,-0.0023910060388247,0000097476-20-000009_same,same
0.0144009336930317,0.0047057858811645,-1,0.0054461089768125,0.0089548247162192,0000097476-20-000009_same,same
-0.0124688164602408,-0.0038155197636281,0,-0.0061663520730475,-0.0063024643871933,0000097476-20-000009_same,same
-0.0224385967192866,-0.0105181030271228,1,-0.0153003381457498,-0.0071382585735367,0000097476-20-000009_same,same
-0.0550889027317927,-0.0335136266712231,2,-0.0466376277313467,-0.008451275000446,0000097476-20-000009_same,same
-0.0251974940451322,-0.0302799955650561,3,-0.0422309772912316,0.0170334832460994,0000097476-20-000009_same,same
0.0034633547254667,-0.003778540605322,4,-0.0061159585003502,0.009579313225817,0000097476-20-000009_same,same
-0.0476470484598715,-0.0441632425840791,5,-0.0611504565323629,0.0135034080724913,0000097476-20-000009_same,same
-0.014981107171032,-0.0193114751731245,-5,-0.0209146518697357,0.0059335446987036,0000097476-21-000006_same,same
0.040859473276239,0.0160517676144393,-4,0.0188276117638694,0.0220318615123696,0000097476-21-000006_same,same
0.0132783338619364,0.0138982234844169,-3,0.0164073948432635,-0.0031290609813271,0000097476-21-000006_same,same
-0.0353074937965967,0.0010087690809532,-2,0.0019218427666896,-0.0372293365632863,0000097476-21-000006_same,same
0.0202872366147968,0.0108533222304207,-1,0.0129854442856872,0.0073017923291095,0000097476-21-000006_same,same
-0.0120351892604564,0.0038974951646253,0,0.0051682790245924,-0.0172034682850488,0000097476-21-000006_same,same
0.0305421617364289,0.0073993483603735,1,0.0091037657600043,0.0214383959764246,0000097476-21-000006_same,same
-0.0081659223660294,-0.0011135249921484,2,-0.0004632544108493,-0.00770266795518,0000097476-21-000006_same,same
0.0038573877982708,-0.0003451849323593,3,0.0004002289919548,0.0034571588063159,0000097476-21-000006_same,same
0.0278736380123831,0.0016624551635393,4,0.0026564746211215,0.0252171633912616,0000097476-21-000006_same,same
0.0023434948255551,0.0047110331133788,5,0.0060825571587988,-0.0037390623332436,0000097476-21-000006_same,same
0.0209032287470547,0.0243476468880761,-5,0.0275075089363591,-0.0066042801893044,0000097476-22-000009_same,same
0.012408874469852,0.0188859517327795,-4,0.0212103917888751,-0.008801517319023,0000097476-22-000009_same,same
0.0100283374005527,0.0068630035578014,-3,0.0073484110368837,0.0026799263636689,0000097476-22-000009_same,same
0.0361299854128098,0.0094225154473364,-2,0.0102994263811124,0.0258305590316973,0000097476-22-000009_same,same
-0.0652151654493302,-0.024391082077444,-1,-0.0286863058388423,-0.0365288596104879,0000097476-22-000009_same,same
-0.023748190687008,0.0051569298644233,0,0.0053813759673735,-0.0291295666543816,0000097476-22-000009_same,same
-0.0085756774753814,-0.0037017126347429,1,-0.0048322862746197,-0.0037433912007616,0000097476-22-000009_same,same
0.015769703780049,0.0084012071916632,2,0.0091218986087267,0.0066478051713223,0000097476-22-000009_same,same
0.0236341220792308,0.0145172078875055,3,0.0161734040041649,0.0074607180750659,0000097476-22-000009_same,same
-0.0342371002342478,-0.0181157256684597,4,-0.0214510696482493,-0.0127860305859985,0000097476-22-000009_same,same
-0.0366813433402826,-0.0189694543445634,5,-0.0224353848347858,-0.0142459585054967,0000097476-22-000009_same,same
0.0065478616015504,0.002494840970949,-5,0.0033363796004901,0.0032114820010602,0000097476-23-000007_same,same
-0.0049999408497581,-0.0129687409846833,-4,-0.0146328518740028,0.0096329110242446,0000097476-23-000007_same,same
0.0235660513593054,0.0146424702855101,-3,0.017452356328649,0.0061136950306564,0000097476-23-000007_same,same
0.0275945651203173,0.0104523039445902,-2,0.0125832342123987,0.0150113309079185,0000097476-23-000007_same,same
0.0143875559991435,0.0146993732443099,-1,0.0175184795878777,-0.0031309235887342,0000097476-23-000007_same,same
-0.0131549994926051,-0.0103546106913104,0,-0.0115951396233175,-0.0015598598692875,0000097476-23-000007_same,same
-0.0070766921950352,-0.0061404630177543,1,-0.0066981503467648,-0.0003785418482704,0000097476-23-000007_same,same
0.0137570353560843,0.0128725105980265,2,0.0153956003056158,-0.0016385649495315,0000097476-23-000007_same,same
-0.0380948107351214,-0.0110807244761647,3,-0.0124389096317348,-0.0256559011033866,0000097476-23-000007_same,same
-0.0085551005487676,-0.0088297961777351,4,-0.0098232509995357,0.0012681504507681,0000097476-23-000007_same,same
0.0045715139711128,0.0021952617756952,5,0.0029882579350246,0.0015832560360882,0000097476-23-000007_same,same
-0.0198900989786244,-0.0006517852510764,-5,-0.0014430143988966,-0.0184470845797278,0000097476-24-000007_same,same
0.0118836431926994,0.0075567748961808,-4,0.0087583266615895,0.0031253165311098,0000097476-24-000007_same,same
-0.0163284556111137,-0.0006006499345398,-3,-0.001379465031545,-0.0149489905795686,0000097476-24-000007_same,same
-0.0119101766694699,-0.0161057446115979,-2,-0.020648710324052,0.0087385336545821,0000097476-24-000007_same,same
-0.0026852671500344,0.0124936882116097,-1,0.014893767666255,-0.0175790348162895,0000097476-24-000007_same,same
-0.0030685849254958,0.0106844460775146,0,0.012645298295281,-0.0157138832207768,0000097476-24-000007_same,same
-0.0018844809966012,-0.0031863375266721,1,-0.0045928764618093,0.0027083954652081,0000097476-24-000007_same,same
-0.0033353674870904,0.0023104108269635,2,0.0022383099671333,-0.0055736774542237,0000097476-24-000007_same,same
0.0025255345498038,0.00824145796339,3,0.0096092293000107,-0.0070836947502069,0000097476-24-000007_same,same
0.0090699674673835,0.0005705832608251,4,7.610684378241898e-05,0.0089938606236011,0000097476-24-000007_same,same
0.0136694852097909,0.0057423415255595,5,0.0065034057847022,0.0071660794250887,0000097476-24-000007_same,same
-0.0178960769843303,-0.0094647701115428,-5,-0.014046532901749,-0.0038495440825812,0000097476-25-000007_same,same
0.0017221441374746,0.0067125410858628,-4,0.0072673071807285,-0.0055451630432539,0000097476-25-000007_same,same
-0.0058787713738228,0.0003395827888592,-3,-0.00112915699908,-0.0047496143747428,0000097476-25-000007_same,same
0.0041283860004095,-0.0027238667143857,-2,-0.0051652957625712,0.0092936817629807,0000097476-25-000007_same,same
0.004500228421622,0.0104262921222306,-1,0.0121602275634416,-0.0076599991418196,0000097476-25-000007_same,same
0.0123341248077493,-7.194380749464546e-05,0,-0.0016713492062609,0.0140054740140102,0000097476-25-000007_same,same
0.0187400571512621,0.0024449877750611,1,0.0016447443394783,0.0170953128117838,0000097476-25-000007_same,same
0.0528800536387183,0.0023769693899173,2,0.0015551291391565,0.0513249244995618,0000097476-25-000007_same,same
0.038915927056724,-0.0043341850761716,3,-0.0072869133556411,0.0462028404123652,0000097476-25-000007_same,same
-0.0096097299509798,-0.0170641267025635,4,-0.0240587944657542,0.0144490645147744,0000097476-25-000007_same,same
-0.0062375242233853,-0.0049691065044024,5,-0.0081234314655491,0.0018859072421638,0000097476-25-000007_same,same
-0.0091932130755854,-0.0043018996208942,-5,-0.0055007430024637,-0.0036924700731216,0000097476-26-000059_same,same
0.0438876412079689,0.0053912661291679,-4,0.0051611600834106,0.0387264811245582,0000097476-26-000059_same,same
0.0008889516720902,-0.0084039830206983,-3,-0.0100127896120665,0.0109017412841568,0000097476-26-000059_same,same
-0.0101682792098122,-0.0050723919062231,-2,-0.0063482384736454,-0.0038200407361668,0000097476-26-000059_same,same
0.0047550763975821,-0.0122510155676747,-1,-0.014244295524756,0.0189993719223381,0000097476-26-000059_same,same
-0.011340349364549,0.0196957966973359,0,0.0208952889056437,-0.0322356382701927,0000097476-26-000059_same,same
-0.012057394951402,0.0046910867168872,1,0.0043910045708616,-0.0164483995222636,0000097476-26-000059_same,same
0.0098276048913181,-0.0033037129754581,2,-0.0044027973416062,0.0142304022329244,0000097476-26-000059_same,same
0.0255296654444525,-4.895607156218951e-05,3,-0.0008227592434032,0.0263524246878557,0000097476-26-000059_same,same
-0.015713328021327,-0.0156610121277019,4,-0.0179950879679723,0.0022817599466452,0000097476-26-000059_same,same
0.0141703883489776,0.0004990891480125,5,-0.0002199422516742,0.0143903306006519,0000097476-26-000059_same,same
0.0037630015591127,0.0002983634896507,-5,0.0013884985045785,0.0023745030545342,0000731766-17-000009_same,same
-0.0119847007857474,0.0005703094032936,-4,0.0016507657210209,-0.0136354665067683,0000731766-17-000009_same,same
0.0069046390396978,0.0072647580986477,-3,0.0081069554884186,-0.0012023164487208,0000731766-17-000009_same,same
-0.0084019848105938,-0.0021153569858851,-2,-0.0009393163976893,-0.0074626684129045,0000731766-17-000009_same,same
0.0001249312011593,0.0002268291856959,-1,0.0013195101438893,-0.00119457894273,0000731766-17-000009_same,same
-0.001370716608451,0.00069332238554,0,0.0017694006069358,-0.0031401172153868,0000731766-17-000009_same,same
0.0008111061178319,0.0057525464497805,1,0.0066485642424999,-0.0058374581246679,0000731766-17-000009_same,same
0.0019320749278506,0.0035660501028451,2,0.0045398864433358,-0.0026078115154852,0000731766-17-000009_same,same
0.0077141785988417,0.0052458450979924,3,0.0061598966566521,0.0015542819421895,0000731766-17-000009_same,same
0.0070370635525589,0.0040073351766347,4,0.0049654659507093,0.0020715976018496,0000731766-17-000009_same,same
0.0071112542236793,0.0049923089198982,5,0.0059153839636483,0.001195870260031,0000731766-17-000009_same,same
0.0234522828420657,0.0174409205923138,-5,0.0219551811526404,0.0014971016894253,0000731766-18-000005_same,same
0.0028424182545578,-0.0050015884169394,-4,-0.0057916144783901,0.008634032732948,0000731766-18-000005_same,same
-0.0414492522992384,-0.037536419758088,-3,-0.0460160526524237,0.0045668003531852,0000731766-18-000005_same,same
0.0207891568991711,0.0149360902084947,-2,0.0188583341503035,0.0019308227488676,0000731766-18-000005_same,same
0.0214064926125723,0.0139145847540425,-1,0.0175953958991043,0.0038110967134679,0000731766-18-000005_same,same
0.0042093279893042,0.002612929746329,0,0.0036225949229682,0.000586733066336,0000731766-18-000005_same,same
0.0094424860762949,0.0134024582572458,1,0.0169622283135195,-0.0075197422372246,0000731766-18-000005_same,same
-0.012064267727365,0.0120691127622993,2,0.015313746633571,-0.027378014360936,0000731766-18-000005_same,same
0.0148217774896961,0.0003734693722488,3,0.0008538381276483,0.0139679393620477,0000731766-18-000005_same,same
-0.0118150375069113,-0.0058413894593534,4,-0.0068299024828632,-0.0049851350240481,0000731766-18-000005_same,same
-0.0067498900831388,-0.0054965031281792,5,-0.0064035022731951,-0.0003463878099437,0000731766-18-000005_same,same
-0.0070837777189782,0.0047084203769747,-5,0.0051395321139418,-0.0122233098329201,0000731766-19-000005_same,same
0.0119782407992876,-0.0022244379802809,-4,-0.0016741846240185,0.0136524254233061,0000731766-19-000005_same,same
-0.0018550416698042,-0.0093571401439401,-3,-0.0086843108396433,0.0068292691698391,0000731766-19-000005_same,same
-0.0263940501877724,0.000676201086956,-2,0.0011766067732311,-0.0275706569610035,0000731766-19-000005_same,same
-0.0181748610804159,0.0007091030986317,-1,0.0012089433617079,-0.0193838044421239,0000731766-19-000005_same,same
0.0247334450364984,0.0128902247439735,0,0.0131807316436845,0.0115527133928138,0000731766-19-000005_same,same
0.0011387662425341,0.0030239946687606,1,0.0034840533704742,-0.00234528712794,0000731766-19-000005_same,same
0.0057993422168869,-0.0026516415551012,2,-0.0020940466777734,0.0078933888946604,0000731766-19-000005_same,same
0.0218598997120895,0.0108787526085869,3,0.0112038267870491,0.0106560729250404,0000731766-19-000005_same,same
-0.0026557151454603,0.0014987433214488,4,0.001985013566221,-0.0046407287116814,0000731766-19-000005_same,same
-0.0033279026611541,0.0017771107537685,5,0.0022585972362111,-0.0055864998973653,0000731766-19-000005_same,same
-0.0110780469264213,-0.0054008536727301,-5,-0.0020282229090949,-0.0090498240173263,0000731766-20-000006_same,same
-0.0075724980076901,0.0073263978048905,-4,0.007047893210277,-0.0146203912179671,0000731766-20-000006_same,same
0.0131000602313302,0.0016884725532351,-3,0.0030273500202299,0.0100727102111002,0000731766-20-000006_same,same
0.0436396093967874,0.0064626464661976,-2,0.0064319308823522,0.0372076785144352,0000731766-20-000006_same,same
-0.004217839454768,-0.0016304457368023,-1,0.0006605477421375,-0.0048783871969056,0000731766-20-000006_same,same
-0.0113173203743337,0.0018435333204338,0,0.0031379276678178,-0.0144552480421516,0000731766-20-000006_same,same
0.0112462011665108,-0.0029199426368901,1,-0.0002590242189685,0.0115052253854794,0000731766-20-000006_same,same
0.0104914077000901,0.0047057858811645,2,0.0051790703803541,0.005312337319736,0000731766-20-000006_same,same
-0.0104154161377912,-0.0038155197636281,3,-0.0008976822992635,-0.0095177338385277,0000731766-20-000006_same,same
-0.0023166716987116,-0.0105181030271228,4,-0.0056774593081648,0.0033607876094532,0000731766-20-000006_same,same
-0.0784264087404303,-0.0335136266712231,5,-0.0220761329091862,-0.0563502758312441,0000731766-20-000006_same,same
0.0094276895628011,-0.0077328394581538,-5,-0.0076164693451789,0.01704415890798,0000731766-21-000013_same,same
0.0057073277702757,0.0012563181187927,-4,0.0012294121124998,0.0044779156577759,0000731766-21-000013_same,same
0.0081940488144762,0.011351613765979,-3,0.011163801159617,-0.0029697523451407,0000731766-21-000013_same,same
-0.0100537951163333,-0.0244788075251262,-2,-0.0240955272709637,0.0140417321546304,0000731766-21-000013_same,same
0.0101864945403939,-0.0047502141699028,-1,-0.0046813834367722,0.0148678779771662,0000731766-21-000013_same,same
0.0073140686569983,0.0237907635068002,0,0.0234046861479737,-0.0160906174909754,0000731766-21-000013_same,same
-2.966210922816792e-05,-0.0080808516908706,1,-0.0079589346908004,0.0079292725815722,0000731766-21-000013_same,same
-0.0052891934602996,-0.0130662218719981,2,-0.0128648442009415,0.0075756507406419,0000731766-21-000013_same,same
0.0028236364274456,-0.0134172139301002,3,-0.0132102418771954,0.0160338783046411,0000731766-21-000013_same,same
0.0398130590054006,0.0194959681977822,4,0.0191783445955685,0.0206347144098321,0000731766-21-000013_same,same
0.0088448109592857,-0.0053592310301612,5,-0.0052806933170873,0.0141255042763731,0000731766-21-000013_same,same
0.0200743824521842,0.0084012071916632,-5,0.0083465966245242,0.01172778582766,0000731766-22-000008_same,same
0.0095052699349962,0.0145172078875055,-4,0.0138506731457563,-0.0043454032107601,0000731766-22-000008_same,same
-0.0228468178785269,-0.0181157256684597,-3,-0.015517237738626,-0.0073295801399008,0000731766-22-000008_same,same
-0.0176488096480013,-0.0189694543445634,-2,-0.0162855483055033,-0.0013632613424979,0000731766-22-000008_same,same
-0.0078012151116056,-0.0038405967262932,-1,-0.0026703781721198,-0.0051308369394858,0000731766-22-000008_same,same
0.0080733145760065,0.0157667211707204,0,0.0149751688852329,-0.0069018543092263,0000731766-22-000008_same,same
0.0038058026933867,0.000881207755895,1,0.0015789956394183,0.0022268070539684,0000731766-22-000008_same,same
-0.0202271550397372,-0.021173138152195,2,-0.0182687469526274,-0.0019584080871097,0000731766-22-000008_same,same
-0.00537916387372,-0.0071661613961429,3,-0.0056632101434441,0.0002840462697241,0000731766-22-000008_same,same
-0.0113290958651554,-0.0101429452648328,4,-0.0083421578766543,-0.002986937988501,0000731766-22-000008_same,same
-0.0062485633883281,-0.0184121228454876,5,-0.0157839794909851,0.009535416102657,0000731766-22-000008_same,same
-0.0079389244729457,-0.0137887414891306,-5,-0.0070841522777398,-0.0008547721952058,0000731766-23-000008_same,same
0.0240690199464408,-0.0027674058253277,-4,-0.001853641648674,0.0259226615951149,0000731766-23-000008_same,same
-0.0155687350327858,-0.0200412342553273,-3,-0.0100514632162095,-0.0055172718165763,0000731766-23-000008_same,same
-0.0049255414412117,-0.0015735561458868,-2,-0.0012870639099766,-0.003638477531235,0000731766-23-000008_same,same
0.0057271113574874,0.0053294294160743,-1,0.0019889582034508,0.0037381531540366,0000731766-23-000008_same,same
-0.0149687929510199,-0.0105375514855581,0,-0.0055412010067202,-0.0094275919442996,0000731766-23-000008_same,same
-0.0020854101855359,0.0030730045671669,1,0.0009181030443379,-0.0030035132298739,0000731766-23-000008_same,same
-0.0152693059206674,-0.0030360018281855,2,-0.0019811120652122,-0.0132881938554551,0000731766-23-000008_same,same
-0.0015126107070929,-0.00472526484568,3,-0.0027828032973658,0.0012701925902729,0000731766-23-000008_same,same
0.0052185574442888,0.0075821940867943,4,0.0030580763134893,0.0021604811307995,0000731766-23-000008_same,same
0.0018002695862415,0.0161477371607488,5,0.0071231157477914,-0.0053228461615498,0000731766-23-000008_same,same
0.0017464998834588,0.0012641999229821,-5,0.0005680534957584,0.0011784463877003,0000731766-24-000081_same,same
0.0086787435931179,0.021122884217414,-4,-0.0010841201250021,0.00976286371812,0000731766-24-000081_same,same
0.0014053877894089,0.0003479475462115,-3,0.0006442825139761,0.0007611052754327,0000731766-24-000081_same,same
-0.0036416195268057,-0.0037867513501905,-2,0.0009882751141475,-0.0046298946409532,0000731766-24-000081_same,same
-0.0226528064918214,0.0017063496993998,-1,0.0005312681686848,-0.0231840746605062,0000731766-24-000081_same,same
-0.02948851282334,-0.0016581550604305,0,0.0008111832893796,-0.0302996961127197,0000731766-24-000081_same,same
-0.0093922968658414,0.0052290946971491,1,0.0002381880093119,-0.0096304848751533,0000731766-24-000081_same,same
-0.0082455922791809,0.0080078289488876,2,7.006962181196636e-06,-0.0082525992413621,0000731766-24-000081_same,same
-0.0156476262305493,-0.0011932620709189,3,0.0007725058058988,-0.0164201320364482,0000731766-24-000081_same,same
-0.0180961581075421,-0.0101931008834446,4,0.0015212611643453,-0.0196174192718875,0000731766-24-000081_same,same
-0.0011623994245909,0.0051411032032746,5,0.0002455085962589,-0.0014079080208499,0000731766-24-000081_same,same
-0.0168675859529193,-0.0043341850761716,-5,-0.002709591490069,-0.0141579944628503,0000731766-25-000063_same,same
-0.0716531738961666,-0.0170641267025635,-4,-0.0074016333180215,-0.0642515405781451,0000731766-25-000063_same,same
-0.0105056922354764,-0.0049691065044024,-3,-0.0029436128223071,-0.0075620794131693,0000731766-25-000063_same,same
0.019197565196964,-0.0046797309154723,-2,-0.0028369538597528,0.0220345190567168,0000731766-25-000063_same,same
-0.0144351974282953,0.0001360242800469,-1,-0.0010619476991817,-0.0133732497291136,0000731766-25-000063_same,same
0.0107206675962987,-0.0158645536555098,0,-0.0069594909203854,0.0176801585166842,0000731766-25-000063_same,same
0.013658900624109,0.0158541446349889,1,0.0047314864206794,0.0089274142034295,0000731766-25-000063_same,same
-0.0166540505212005,-0.0175967394669998,2,-0.0075979454019399,-0.0090561051192605,0000731766-25-000063_same,same
0.0161867303562519,-0.0122348266022004,3,-0.0056216347339226,0.0218083650901746,0000731766-25-000063_same,same
0.002886664764395,0.0111592778931879,4,0.0030010377056968,-0.0001143729413017,0000731766-25-000063_same,same
0.0246648941201816,-0.0178190070857499,5,-0.0076798694982777,0.0323447636184594,0000731766-25-000063_same,same
-0.0264138458573304,-0.0103856522472848,-5,-0.0077335480948854,-0.0186802977624449,0000731766-26-000062_same,same
-0.0297157946008899,0.0076516140863223,-4,0.0041642739092754,-0.0338800685101653,0000731766-26-000062_same,same
0.0374154455054127,0.0081363556573399,-3,0.0044840213046576,0.0329314242007551,0000731766-26-000062_same,same
0.0086558271173575,-0.0053655805693283,-2,-0.0044221860421352,0.0130780131594928,0000731766-26-000062_same,same
0.0230586592785273,-0.0043393528110311,-1,-0.0037452611147032,0.0268039203932305,0000731766-26-000062_same,same
0.0056603891715198,0.0003983547353176,0,-0.0006201533488328,0.0062805425203527,0000731766-26-000062_same,same
-0.019394426319667,-0.0094440310956254,1,-0.007112431754383,-0.0122819945652839,0000731766-26-000062_same,same
0.0095085611376786,0.0077560492642863,2,0.0042331619067916,0.0052753992308869,0000731766-26-000062_same,same
-0.0109260144180071,-0.005646704863891,3,-0.0046076225021779,-0.0063183919158291,0000731766-26-000062_same,same
-0.0079301982193911,-0.0132767958125692,4,-0.0096406170981377,0.0017104188787466,0000731766-26-000062_same,same
0.0031660843439655,0.0083041615131052,5,0.0045947101510839,-0.0014286258071183,0000731766-26-000062_same,same
-0.0086249601621439,-0.0008664638929263,-5,-0.0002495974491108,-0.0083753627130331,0000100885-17-000056_same,same
-0.0109889102177408,-0.0060095435176958,-4,-0.0059171207533156,-0.0050717894644252,0000100885-17-000056_same,same
-0.0131479781276985,-0.000889905407144,-3,-0.0002754293120816,-0.0128725488156168,0000100885-17-000056_same,same
0.0105087225818849,0.0002983634896507,-2,0.0010340082536546,0.0094747143282303,0000100885-17-000056_same,same
-0.0037144232530298,0.0005703094032936,-1,0.0013336846956897,-0.0050481079487196,0000100885-17-000056_same,same
0.011276907941643,0.0072647580986477,0,0.0087107713359579,0.002566136605685,0000100885-17-000056_same,same
-0.0075567452383137,-0.0021153569858851,1,-0.0016258411056771,-0.0059309041326365,0000100885-17-000056_same,same
-0.0003714242303342,0.0002268291856959,2,0.0009551795431751,-0.0013266037735093,0000100885-17-000056_same,same
-0.0028796512194244,0.00069332238554,3,0.0014692414038231,-0.0043488926232476,0000100885-17-000056_same,same
0.0007451825842548,0.0057525464497805,4,0.0070443583332175,-0.0062991757489627,0000100885-17-000056_same,same
0.0041891574221406,0.0035660501028451,5,0.0046349033169791,-0.0004457458948384,0000100885-17-000056_same,same
-0.0228132210735818,-0.021208547923968,-5,-0.0212340047524052,-0.0015792163211765,0000100885-18-000048_same,same
-0.0403522894279257,-0.0409792248042282,-4,-0.0427316231193767,0.0023793336914509,0000100885-18-000048_same,same
0.0564684769456658,0.0174409205923138,-3,0.0207914417854866,0.0356770351601792,0000100885-18-000048_same,same
-0.0166983052618702,-0.0050015884169394,-2,-0.0036113895793795,-0.0130869156824907,0000100885-18-000048_same,same
-0.0317929231784415,-0.037536419758088,-1,-0.0389880937783201,0.0071951705998785,0000100885-18-000048_same,same
0.0193814484538281,0.0149360902084947,0,0.0180678179059672,0.0013136305478609,0000100885-18-000048_same,same
0.0106852334613001,0.0139145847540425,1,0.016957085352267,-0.0062718518909668,0000100885-18-000048_same,same
-0.0026431742731037,0.002612929746329,2,0.0046682462931665,-0.0073114205662703,0000100885-18-000048_same,same
0.038113745637653,0.0134024582572458,3,0.01640022530896,0.0217135203286929,0000100885-18-000048_same,same
0.0052559525753563,0.0120691127622993,4,0.0149504139152845,-0.0096944613399281,0000100885-18-000048_same,same
0.0028381418955063,0.0003734693722488,5,0.002233172129469,0.0006049697660373,0000100885-18-000048_same,same
0.0037717290322727,0.0008986100931438,-5,0.0025376933258345,0.0012340357064381,0000100885-19-000060_same,same
0.0091438143056314,0.006776236617404,-4,0.0093016394074576,-0.0001578251018261,0000100885-19-000060_same,same
0.0010551197048402,0.0047084203769747,-3,0.0069220058088888,-0.0058668861040486,0000100885-19-000060_same,same
-0.0034715303003916,-0.0022244379802809,-2,-0.0010562963044645,-0.002415233995927,0000100885-19-000060_same,same
0.0051633748332853,-0.0093571401439401,-1,-0.0092645777684419,0.0144279526017273,0000100885-19-000060_same,same
0.0009285381625379,0.000676201086956,0,0.0022817460451232,-0.0013532078825853,0000100885-19-000060_same,same
0.0162625296204488,0.0007091030986317,1,0.0023196095316908,0.0139429200887579,0000100885-19-000060_same,same
0.0164281113020885,0.0128902247439735,2,0.0163375893544483,9.052194764021942e-05,0000100885-19-000060_same,same
0.0109549502413408,0.0030239946687606,3,0.0049835763047629,0.0059713739365779,0000100885-19-000060_same,same
0.0044408746837261,-0.0026516415551012,4,-0.0015479202506329,0.005988794934359,0000100885-19-000060_same,same
0.0035961100505219,0.0108787526085869,5,0.0140227962977128,-0.0104266862471908,0000100885-19-000060_same,same
-0.019937719936502,-0.0177058203755262,-5,-0.0289854415083991,0.0090477215718971,0000100885-20-000065_same,same
0.0048489682677985,0.0072546138923517,-4,0.0104204731246587,-0.0055715048568601,0000100885-20-000065_same,same
0.0163627507432728,0.0149804141640821,-3,0.0226174654811441,-0.0062547147378713,0000100885-20-000065_same,same
0.0100957166134694,0.0112505958978537,-2,0.0167290703266991,-0.0066333537132296,0000100885-20-000065_same,same
0.005511013183431,0.0033256728767856,-1,0.004217715889102,0.0012932972943289,0000100885-20-000065_same,same
-0.0122509334972685,-0.0054008536727301,0,-0.0095591582054273,-0.0026917752918412,0000100885-20-000065_same,same
0.0045692998607484,0.0073263978048905,1,0.0105338009097114,-0.0059645010489629,0000100885-20-000065_same,same
-0.0074183234178979,0.0016884725532351,2,0.0016330102107208,-0.0090513336286187,0000100885-20-000065_same,same
0.0085105290309028,0.0064626464661976,3,0.0091701663210086,-0.0006596372901057,0000100885-20-000065_same,same
-0.0011900648299613,-0.0016304457368023,4,-0.0036066827131968,0.0024166178832355,0000100885-20-000065_same,same
-0.003466157835578,0.0018435333204338,5,0.0018778100923892,-0.0053439679279672,0000100885-20-000065_same,same
-0.0189775178268709,-0.0193114751731245,-5,-0.0161216179169979,-0.002855899909873,0000100885-21-000068_same,same
0.0057227128032659,0.0160517676144393,-4,0.0139360211455794,-0.0082133083423134,0000100885-21-000068_same,same
0.0369078579736679,0.0138982234844169,-3,0.0121055766766035,0.0248022812970643,0000100885-21-000068_same,same
-0.0076238214808976,0.0010087690809532,-2,0.0011499476778652,-0.0087737691587629,0000100885-21-000068_same,same
0.0004404760532259,0.0108533222304207,-1,0.0095175068148093,-0.0090770307615834,0000100885-21-000068_same,same
-0.0012227234380915,0.0038974951646253,0,0.0036052735792614,-0.004827997017353,0000100885-21-000068_same,same
-0.0003918692766851,0.0073993483603735,1,0.0065817381540811,-0.0069736074307662,0000100885-21-000068_same,same
0.0025964833364806,-0.0011135249921484,2,-0.0006539352300781,0.0032504185665587,0000100885-21-000068_same,same
-0.0056192853541519,-0.0003451849323593,3,-8.704550744803607e-07,-0.0056184148990774,0000100885-21-000068_same,same
0.0183291680454242,0.0016624551635393,4,0.0017055601947555,0.0166236078506686,0000100885-21-000068_same,same
0.0286157140690757,0.0047110331133788,5,0.0042967551318508,0.0243189589372248,0000100885-21-000068_same,same
0.0054786203917343,0.0243476468880761,-5,0.0193157472499924,-0.0138371268582581,0001437749-22-002494_same,same
-0.0056113318131741,0.0188859517327795,-4,0.015166449294448,-0.0207777811076222,0001437749-22-002494_same,same
0.0088325344544535,0.0068630035578014,-3,0.0060325095809373,0.0028000248735162,0001437749-22-002494_same,same
0.0184424660938586,0.0094225154473364,-2,0.0079769933260873,0.0104654727677713,0001437749-22-002494_same,same
-0.0275012080745039,-0.024391082077444,-1,-0.0177114947879207,-0.0097897132865832,0001437749-22-002494_same,same
-0.0080214145543007,0.0051569298644233,0,0.0047363903566564,-0.0127578049109571,0001437749-22-002494_same,same
-0.0051155823719,-0.0037017126347429,1,-0.0019935984408771,-0.0031219839310228,0001437749-22-002494_same,same
0.0074642919876293,0.0084012071916632,2,0.0072010964411915,0.0002631955464377,0001437749-22-002494_same,same
0.0145710725906862,0.0145172078875055,3,0.0118474760837383,0.0027235965069479,0001437749-22-002494_same,same
-0.0177291199448651,-0.0181157256684597,4,-0.0129440512053437,-0.0047850687395214,0001437749-22-002494_same,same
-0.0136709445146256,-0.0189694543445634,5,-0.0135926364063891,-7.830810823658378e-05,0001437749-22-002494_same,same
-0.0146197550711706,-0.0103546106913104,-5,-0.0090805915059524,-0.0055391635652181,0001437749-23-002959_same,same
-0.0063247112393016,-0.0061404630177543,-4,-0.0055473373564928,-0.0007773738828088,0001437749-23-002959_same,same
0.0003827936139557,0.0128725105980265,-3,0.0103936483719065,-0.0100108547579507,0001437749-23-002959_same,same
-0.0090891614740715,-0.0110807244761647,-2,-0.0096893847286994,0.0006002232546279,0001437749-23-002959_same,same
-0.0209036651055376,-0.0088297961777351,-1,-0.0078021462248216,-0.013101518880716,0001437749-23-002959_same,same
0.0132636221521338,0.0021952617756952,0,0.0014415573137209,0.0118220648384129,0001437749-23-002959_same,same
0.0026764709854614,0.0114486093427661,1,0.0091998114662519,-0.0065233404807905,0001437749-23-002959_same,same
-0.0098033933476782,-0.0002804145319874,2,-0.0006341159337373,-0.0091692774139408,0001437749-23-002959_same,same
-0.0045091874347801,0.002773175690496,3,0.0019260958006641,-0.0064352832354443,0001437749-23-002959_same,same
-0.0127517775238507,-0.0137887414891306,4,-0.0119598586392151,-0.0007919188846355,0001437749-23-002959_same,same
0.0053360359126106,-0.0027674058253277,5,-0.0027192759678777,0.0080553118804883,0001437749-23-002959_same,same
-0.0037710501472021,0.0106844460775146,-5,0.0078713016406557,-0.0116423517878579,0001437749-24-003599_same,same
-0.0068054640851414,-0.0031863375266721,-4,-0.0023303517896832,-0.0044751122954582,0001437749-24-003599_same,same
0.0130959722593113,0.0023104108269635,-3,0.0017123846048671,0.0113835876544442,0001437749-24-003599_same,same
-0.0028414131654652,0.00824145796339,-2,0.00607453811338,-0.0089159512788453,0001437749-24-003599_same,same
-0.0013646392085859,0.0005705832608251,-1,0.0004327800515283,-0.0017974192601143,0001437749-24-003599_same,same
0.0025320227751099,0.0057423415255595,0,0.004236493449983,-0.001704470674873,0001437749-24-003599_same,same
-0.0082181518590837,-0.0009489536011326,1,-0.000684805579008,-0.0075333462800756,0001437749-24-003599_same,same
-0.0072352587737086,-0.0136742556536254,2,-0.0100439827560442,0.0028087239823355,0001437749-24-003599_same,same
0.0183217791503564,0.0095797632750176,3,0.0070588319617164,0.0112629471886399,0001437749-24-003599_same,same
0.0017592234139849,0.0058212506847294,4,0.0042945293848878,-0.0025353059709029,0001437749-24-003599_same,same
-0.0158052705370238,-0.0048034698371121,5,-0.0035197167061059,-0.0122855538309178,0001437749-24-003599_same,same
-0.008522770359167,-0.0050468257540199,-5,-0.0036546848780994,-0.0048680854810675,0000100885-25-000042_same,same
-0.0192500920848032,-0.0076085976846667,-4,-0.0051577929666618,-0.0140922991181414,0000100885-25-000042_same,same
0.0019750815385968,0.0072248818286797,-3,0.0035456840178819,-0.0015706024792851,0000100885-25-000042_same,same
0.0040246369551852,0.0039086729306143,-2,0.0015999134524335,0.0024247235027517,0000100885-25-000042_same,same
-0.0039675712900463,0.0036442987226186,-1,0.0014447930821571,-0.0054123643722034,0000100885-25-000042_same,same
-0.0058724863904698,-0.0094647701115428,0,-0.0062468937391492,0.0003744073486793,0000100885-25-000042_same,same
0.0092945258778316,0.0067125410858628,1,0.0032450704053213,0.0060494554725102,0000100885-25-000042_same,same
0.0139156001300531,0.0003395827888592,2,-0.0004942340384891,0.0144098341685422,0000100885-25-000042_same,same
0.0031484462980886,-0.0027238667143857,3,-0.0022916991727359,0.0054401454708245,0000100885-25-000042_same,same
0.009899114737131,0.0104262921222306,4,0.0054240970215829,0.004475017715548,0000100885-25-000042_same,same
-0.0069729608741978,-7.194380749464546e-05,5,-0.0007356954067858,-0.006237265467412,0000100885-25-000042_same,same
0.0065074545268983,-0.0043018996208942,-5,-0.0013321991137433,0.0078396536406417,0000100885-26-000037_same,same
0.0005529143004578,0.0053912661291679,-4,0.0023062580787811,-0.0017533437783232,0000100885-26-000037_same,same
0.0266122732481721,-0.0084039830206983,-3,-0.0028719700446445,0.0294842432928167,0000100885-26-000037_same,same
0.034245741050727,-0.0050723919062231,-2,-0.0016214135220827,0.0358671545728098,0000100885-26-000037_same,same
0.0067664794324551,-0.0122510155676747,-1,-0.0043160042849888,0.0110824837174439,0000100885-26-000037_same,same
0.0046529681529823,0.0196957966973359,0,0.0076756516776788,-0.0030226835246964,0000100885-26-000037_same,same
0.0068086441777817,0.0046910867168872,1,0.002043436531687,0.0047652076460946,0000100885-26-000037_same,same
0.0274437041759412,-0.0033037129754581,2,-0.0009575166340235,0.0284012208099647,0000100885-26-000037_same,same
0.0057017905229783,-4.895607156218951e-05,3,0.0002641991575199,0.0054375913654584,0000100885-26-000037_same,same
-0.0039572852252431,-0.0156610121277019,4,-0.0055959913222718,0.0016387060970286,0000100885-26-000037_same,same
-0.0041640186655967,0.0004990891480125,5,0.0004699151353961,-0.0046339338009929,0000100885-26-000037_same,same
0.0108069026891128,0.0052458450979924,-5,0.0045761468608924,0.0062307558282204,0001090727-17-000011_same,same
0.0045159380348567,0.0040073351766347,-4,0.0035456233698531,0.0009703146650035,0001090727-17-000011_same,same
0.0002753205077554,0.0049923089198982,-3,0.0043651877213257,-0.0040898672135702,0001090727-17-000011_same,same
-0.0089654070826428,-0.0008641180363413,-2,-0.0005077530988372,-0.0084576539838055,0001090727-17-000011_same,same
-0.0029848978763282,0.0016785565287558,-1,0.0016079230247164,-0.0045928209010446,0001090727-17-000011_same,same
0.007670901883847,0.0060480661608284,0,0.0052436486999998,0.0024272531838471,0001090727-17-000011_same,same
-0.0194949298036215,-0.001082200145408,1,-0.0006892120702133,-0.0188057177334081,0001090727-17-000011_same,same
-0.0050184218620598,0.0004189867216857,2,0.0005598762933937,-0.0055782981554535,0001090727-17-000011_same,same
0.0103723096118946,0.0014933641914423,3,0.0014538305538601,0.0089184790580345,0001090727-17-000011_same,same
0.0051801101165389,0.0010179830611165,4,0.0010582815045149,0.0041218286120239,0001090727-17-000011_same,same
-0.0090885664405331,-0.0025783763780462,5,-0.001934131249204,-0.0071544351913291,0001090727-17-000011_same,same
0.0117581803569377,0.002612929746329,-5,0.0028836387377278,0.0088745416192099,0001090727-18-000009_same,same
-0.0089252004193329,0.0134024582572458,-4,0.0152115756779146,-0.0241367760972476,0001090727-18-000009_same,same
0.0160415561532834,0.0120691127622993,-3,0.0136881171537955,0.0023534389994878,0001090727-18-000009_same,same
-0.0093112570707916,0.0003734693722488,-2,0.00032486832957,-0.0096361254003616,0001090727-18-000009_same,same
-0.0158834930095158,-0.0058413894593534,-1,-0.0067761266481656,-0.0091073663613502,0001090727-18-000009_same,same
-9.53464363447898e-05,-0.0054965031281792,0,-0.0063820652266729,0.0062867187903281,0001090727-18-000009_same,same
0.0036292642827784,0.0009735510790762,1,0.0010105117692479,0.0026187525135304,0001090727-18-000009_same,same
0.0050435534005233,0.0160283763505131,2,0.0182119062883894,-0.0131683528878661,0001090727-18-000009_same,same
0.0232938511591915,0.0117570153438109,3,0.0133315198019809,0.0099623313572106,0001090727-18-000009_same,same
-0.0220231496524525,-0.0127068884438292,4,-0.0146205323103684,-0.007402617342084,0001090727-18-000009_same,same
-0.0121108263216076,-0.011095788639207,5,-0.0127797163029187,0.0006688899813111,0001090727-18-000009_same,same
0.0121992949978191,0.0030239946687606,-5,0.0022838931151734,0.0099154018826456,0001090727-19-000006_same,same
-0.0018749324032838,-0.0026516415551012,-4,-0.0036876103877722,0.0018126779844883,0001090727-19-000006_same,same
-0.0083183726427573,0.0108787526085869,-3,0.0105481145526332,-0.0188664871953906,0001090727-19-000006_same,same
-0.0009019962756404,0.0014987433214488,-2,0.0006791313925928,-0.0015811276682333,0001090727-19-000006_same,same
0.002708431822338,0.0017771107537685,-1,0.0009720099407659,0.0017364218815721,0001090727-19-000006_same,same
0.0062121695711341,-0.0035264367908802,0,-0.0046080081385745,0.0108201777097087,0001090727-19-000006_same,same
-0.0125267278225821,0.0064111023949868,1,0.0058475685965191,-0.0183742964191012,0001090727-19-000006_same,same
0.0133454104497967,0.0012318625699112,2,0.0003983383185098,0.0129470721312869,0001090727-19-000006_same,same
0.0016235764229006,-0.0007904570968998,3,-0.0017294035765162,0.0033529799994169,0001090727-19-000006_same,same
0.0008106130465177,-0.0005440493877303,4,-0.0014701507913796,0.0022807638378973,0001090727-19-000006_same,same
-0.0083684569091809,-0.0028255083152146,5,-0.0038705407106668,-0.0044979161985141,0001090727-19-000006_same,same
0.006388521452489,0.0064626464661976,-5,0.0064332835752475,-4.476212275849288e-05,0001090727-20-000005_same,same
-0.0028425528673476,-0.0016304457368023,-4,-0.0033238235279379,0.0004812706605902,0001090727-20-000005_same,same
0.0067464721745398,0.0018435333204338,-3,0.000864437878884,0.0058820342956557,0001090727-20-000005_same,same
0.0044362114960765,-0.0029199426368901,-2,-0.0048784529634852,0.0093146644595617,0001090727-20-000005_same,same
0.0031946657199577,0.0047057858811645,-1,0.0043151961417225,-0.0011205304217648,0001090727-20-000005_same,same
-0.0026227635913064,-0.0038155197636281,0,-0.0059581690627911,0.0033354054714847,0001090727-20-000005_same,same
-0.0332453538611777,-0.0105181030271228,1,-0.0140388656778246,-0.0192064881833531,0001090727-20-000005_same,same
-0.0337487507648253,-0.0335136266712231,2,-0.0417624824934281,0.0080137317286028,0001090727-20-000005_same,same
-0.0466036572074237,-0.0302799955650561,3,-0.0378639868080128,-0.0087396703994109,0001090727-20-000005_same,same
-0.0018106919238708,-0.003778540605322,4,-0.0059135866461908,0.0041028947223199,0001090727-20-000005_same,same
-0.03723455876116,-0.0441632425840791,5,-0.0546017583181871,0.0173671995570271,0001090727-20-000005_same,same
0.0062816071664639,0.0047110331133788,-5,0.0035691647843769,0.002712442382087,0001090727-21-000013_same,same
-0.0100374472745716,-0.0005692724183511,-4,-0.0013318729788767,-0.0087055742956949,0001090727-21-000013_same,same
-0.0046367513684805,-0.0003204020092266,-3,-0.0011008781498946,-0.0035358732185858,0001090727-21-000013_same,same
0.00695671243335,-0.0044158356273545,-2,-0.0049021496291166,0.0118588620624667,0001090727-21-000013_same,same
-0.0034760492607153,-0.0018548966445751,-1,-0.0025251548532332,-0.000950894407482,0001090727-21-000013_same,same
0.0066027459917219,-0.0077328394581538,0,-0.0079809034887021,0.0145836494804241,0001090727-21-000013_same,same
-0.0048890703034089,0.0012563181187927,1,0.0003625911215461,-0.005251661424955,0001090727-21-000013_same,same
-0.0046013065070997,0.011351613765979,2,0.0097327733772423,-0.014334079884342,0001090727-21-000013_same,same
-0.0159929787725695,-0.0244788075251262,3,-0.0235240612444964,0.0075310824719268,0001090727-21-000013_same,same
0.0020314357193793,-0.0047502141699028,4,-0.0052125108107572,0.0072439465301365,0001090727-21-000013_same,same
0.0230628146750389,0.0237907635068002,5,0.0212784580457122,0.0017843566293266,0001090727-21-000013_same,same
0.0023417804883278,-0.0038405967262932,-5,-0.0019773957585898,0.0043191762469177,0001090727-22-000007_same,same
0.0152809714689465,0.0157667211707204,-4,0.012307824338378,0.0029731471305685,0001090727-22-000007_same,same
-0.008975379786853,0.000881207755895,-3,0.0014627492238701,-0.0104381290107231,0001090727-22-000007_same,same
-0.0213643646160834,-0.021173138152195,-2,-0.014605291649773,-0.0067590729663104,0001090727-22-000007_same,same
0.000812769462652,-0.0071661613961429,-1,-0.0044002882472529,0.0052130577099049,0001090727-22-000007_same,same
-0.0018629081980729,-0.0101429452648328,0,-0.0065690709929958,0.0047061627949228,0001090727-22-000007_same,same
-0.0214864101121978,-0.0184121228454876,1,-0.0125937104863228,-0.0088926996258749,0001090727-22-000007_same,same
0.0132532397700662,0.0149568560673292,2,0.0117177843690378,0.0015354554010283,0001090727-22-000007_same,same
0.0133210781761186,0.0223726776556034,3,0.0171206979212519,-0.0037996197451333,0001090727-22-000007_same,same
0.0022385758099388,-0.0024426034406476,4,-0.0009588657442133,0.0031974415541521,0001090727-22-000007_same,same
-0.0230015744744567,-0.0154735036804118,5,-0.010452733236157,-0.0125488412382996,0001090727-22-000007_same,same
0.0118235106801301,0.0114486093427661,-5,0.0105445055097437,0.0012790051703863,0001090727-23-000006_same,same
-0.0034147957594702,-0.0002804145319874,-4,-0.0009880645186715,-0.0024267312407986,0001090727-23-000006_same,same
0.0003747076428097,0.002773175690496,-3,0.0020143799690301,-0.0016396723262203,0001090727-23-000006_same,same
-0.006904334378282,-0.0137887414891306,-2,-0.0142701354108033,0.0073658010325213,0001090727-23-000006_same,same
-0.0039143950342208,-0.0027674058253277,-1,-0.0034334002564768,-0.000480994777744,0001090727-23-000006_same,same
-0.0259265403944021,-0.0200412342553273,0,-0.0204179028165405,-0.0055086375778615,0001090727-23-000006_same,same
-0.0103666025880931,-0.0015735561458868,1,-0.0022595468157664,-0.0081070557723267,0001090727-23-000006_same,same
0.0188550161944187,0.0053294294160743,2,0.0045278180364625,0.0143271981579562,0001090727-23-000006_same,same
0.0011671685936058,-0.0105375514855581,3,-0.0110734008153022,0.0122405694089081,0001090727-23-000006_same,same
0.0115460057198346,0.0030730045671669,4,0.0023091868987176,0.0092368188211169,0001090727-23-000006_same,same
0.0014269543679437,-0.0030360018281855,5,-0.0036974974435391,0.0051244518114829,0001090727-23-000006_same,same
0.0081361681560447,-0.0009489536011326,-5,-0.0025218102729421,0.0106579784289869,0001090727-24-000008_same,same
-0.0172939222996354,-0.0136742556536254,-4,-0.0164218562281601,-0.0008720660714753,0001090727-24-000008_same,same
-0.0046928048498907,0.0095797632750176,-3,0.0089788714259492,-0.01367167627584,0001090727-24-000008_same,same
0.0191372741338986,0.0058212506847294,-2,0.0048733894882504,0.0142638846456481,0001090727-24-000008_same,same
0.0210528604801432,-0.0048034698371121,-1,-0.006732158490551,0.0277850189706942,0001090727-24-000008_same,same
0.001549568504082,-0.0060053220011653,0,-0.0080449603590493,0.0095945288631314,0001090727-24-000008_same,same
-0.0024889946848791,0.0012641999229821,1,-0.0001043481518664,-0.0023846465330127,0001090727-24-000008_same,same
0.0098467664410391,0.021122884217414,2,0.0215876025117876,-0.0117408360707485,0001090727-24-000008_same,same
-0.0073466951106746,0.0003479475462115,3,-0.0011051849171668,-0.0062415101935077,0001090727-24-000008_same,same
-0.0076025270116424,-0.0037867513501905,4,-0.0056215810257936,-0.0019809459858487,0001090727-24-000008_same,same
0.0052203644333104,0.0017063496993998,5,0.0003786189467489,0.0048417454865615,0001090727-24-000008_same,same
0.0092829336417148,0.0067125410858628,-5,0.0030557990839834,0.0062271345577314,0001090727-25-000019_same,same
0.0032410682649581,0.0003395827888592,-4,0.0002495060911222,0.0029915621738359,0001090727-25-000019_same,same
-0.0023574913869496,-0.0027238667143857,-3,-0.0010994650576427,-0.0012580263293068,0001090727-25-000019_same,same
0.01207768287888,0.0104262921222306,-2,0.0046911265135525,0.0073865563653274,0001090727-25-000019_same,same
0.0050156744442486,-7.194380749464546e-05,-1,6.829288527609325e-05,0.0049473815589725,0001090727-25-000019_same,same
0.0073311230269561,0.0024449877750611,0,0.0011766082287106,0.0061545147982455,0001090727-25-000019_same,same
-0.0036388844042297,0.0023769693899173,1,0.0011466567511206,-0.0047855411553503,0001090727-25-000019_same,same
0.0139131005267203,-0.0043341850761716,2,-0.0018085588449158,0.0157216593716361,0001090727-25-000019_same,same
-0.0023157482725949,-0.0170641267025635,3,-0.0074141103518936,0.0050983620792986,0001090727-25-000019_same,same
-0.001461279178082,-0.0049691065044024,4,-0.0020881425911171,0.0006268634130351,0001090727-25-000019_same,same
0.0167871139799227,-0.0046797309154723,5,-0.0019607178301703,0.0187478318100931,0001090727-25-000019_same,same
0.0049429615325258,0.0046910867168872,-5,0.0045059091766681,0.0004370523558576,0001628280-26-008432_same,same
0.0066145617135333,-0.0033037129754581,-4,-0.0002911769782754,0.0069057386918088,0001628280-26-008432_same,same
0.0109520748429483,-4.895607156218951e-05,-3,0.0016617611667959,0.0092903136761523,0001628280-26-008432_same,same
-0.0160833812607936,-0.0156610121277019,-2,-0.0077058754018621,-0.0083775058589315,0001628280-26-008432_same,same
0.0099093395235654,0.0004990891480125,-1,0.0019906024431599,0.0079187370804055,0001628280-26-008432_same,same
-0.0177720175271219,0.0010313220779065,0,0.0023099559376125,-0.0200819734647345,0001628280-26-008432_same,same
0.0052808925973546,0.0055660701474107,1,0.0050309218176212,0.0002499707797334,0001628280-26-008432_same,same
-0.0049948852467384,-0.0028221256867719,2,-2.2121756719118302e-06,-0.0049926730710665,0001628280-26-008432_same,same
0.0102995494595163,0.0069397247635067,3,0.0058551500402317,0.0044443994192846,0001628280-26-008432_same,same
-0.0146492979937025,-0.0103856522472848,4,-0.0045405233206932,-0.0101087746730092,0001628280-26-008432_same,same
0.0030430390481774,0.0076516140863223,5,0.0062823020072284,-0.003239262959051,0001628280-26-008432_same,same
0.0018884582062765,-0.001082200145408,-5,-0.0003435905213902,0.0022320487276667,0000072971-17-000278_same,same
0.0022278079236632,0.0004189867216857,-4,0.0013756964294405,0.0008521114942226,0000072971-17-000278_same,same
-0.0116261459895019,0.0014933641914423,-3,0.0026061649370655,-0.0142323109265675,0000072971-17-000278_same,same
0.0043248346931812,0.0010179830611165,-2,0.0020617180117986,0.0022631166813825,0000072971-17-000278_same,same
-0.0031005094528163,-0.0025783763780462,-1,-0.0020571388672387,-0.0010433705855776,0000072971-17-000278_same,same
0.031962573178613,0.0136738546598662,0,0.0165562991782626,0.0154062740003504,0000072971-17-000278_same,same
-0.0170768112680873,-0.0058598805035984,1,-0.005815396647019,-0.0112614146210682,0000072971-17-000278_same,same
0.0030660150334618,0.00050387727206,2,0.0014729203118943,0.0015930947215675,0000072971-17-000278_same,same
-0.0047546664544594,-0.0032772408480052,3,-0.0028575379314311,-0.0018971285230282,0000072971-17-000278_same,same
-0.0052894667362729,-0.0029133737680216,4,-0.0024408063864344,-0.0028486603498384,0000072971-17-000278_same,same
-0.001543491768157,-0.0022842151650487,5,-0.0017202404130667,0.0001767486449096,0000072971-17-000278_same,same
-0.0154026334249844,0.0009735510790762,-5,0.0024655664850701,-0.0178681999100546,0000072971-18-000272_same,same
0.006121328384274,0.0160283763505131,-4,0.0183701980561851,-0.012248869671911,0000072971-18-000272_same,same
0.0135202989657265,0.0117570153438109,-3,0.0138577296685435,-0.0003374307028169,0000072971-18-000272_same,same
-0.0126728938668227,-0.0127068884438292,-2,-0.0119870987846853,-0.0006857950821374,0000072971-18-000272_same,same
-0.0135112458963135,-0.011095788639207,-1,-0.0102850565254883,-0.0032261893708252,0000072971-18-000272_same,same
-0.0188323403160615,-0.0133243995419872,0,-0.0126394668015969,-0.0061928735144645,0000072971-18-000272_same,same
0.0017450135596754,0.005071602744632,1,0.0067949426634651,-0.0050499291037896,0000072971-18-000272_same,same
0.003135468935318,0.011032026532745,2,0.0130918170973057,-0.0099563481619876,0000072971-18-000272_same,same
-0.0090295324492994,0.0026388586061694,3,0.0042248763537321,-0.0132544088030316,0000072971-18-000272_same,same
-0.0082355052904317,-0.0004838747205661,4,0.0009258727345536,-0.0091613780249853,0000072971-18-000272_same,same
0.0021201987712939,0.0044630782078172,5,0.0061520684762512,-0.0040318697049572,0000072971-18-000272_same,same
0.0087077717049051,0.0017771107537685,-5,0.0005022973269169,0.0082054743779881,0000072971-19-000227_same,same
-0.0050188647614125,-0.0035264367908802,-4,-0.0033283296681941,-0.0016905350932183,0000072971-19-000227_same,same
-0.0108957995626203,0.0064111023949868,-3,0.003849319923873,-0.0147451194864933,0000072971-19-000227_same,same
0.0130558005811396,0.0012318625699112,-2,0.000108477455494,0.0129473231256456,0000072971-19-000227_same,same
-0.0014097482584343,-0.0007904570968998,-1,-0.0013521962243803,-5.755203405399941e-05,0000072971-19-000227_same,same
0.0062513663957519,-0.0005440493877303,0,-0.001174221762079,0.0074255881578309,0000072971-19-000227_same,same
-0.0002001568908427,-0.0028255083152146,1,-0.0028220656028826,0.0026219087120399,0000072971-19-000227_same,same
0.0028058431705064,0.0068953205934343,2,0.0041990592798194,-0.0013932161093129,0000072971-19-000227_same,same
0.0015990526342783,-0.003880558492514,3,-0.0035841034004767,0.0051831560347551,0000072971-19-000227_same,same
-0.0043900251954455,-0.0011315328231061,4,-0.001598547157069,-0.0027914780383764,0000072971-19-000227_same,same
-0.0014035293761223,-0.0065240986535923,5,-0.0054934699553037,0.0040899405791814,0000072971-19-000227_same,same
0.0053089352432567,-0.0038155197636281,-5,-0.0048260343976629,0.0101349696409196,0000072971-20-000217_same,same
0.0076044760611058,-0.0105181030271228,-4,-0.0118704521416638,0.0194749282027696,0000072971-20-000217_same,same
-0.0274632390008017,-0.0335136266712231,-3,-0.0360387568717765,0.0085755178709747,0000072971-20-000217_same,same
-0.0273765005805551,-0.0302799955650561,-2,-0.0326402092601561,0.0052637086796009,0000072971-20-000217_same,same
-0.0217197025611315,-0.003778540605322,-1,-0.0047871692871988,-0.0169325332739326,0000072971-20-000217_same,same
-0.0378342844766412,-0.0441632425840791,0,-0.0472315075403003,0.0093972230636591,0000072971-20-000217_same,same
-0.0381448188125324,-0.0082383404443618,1,-0.0094744207372382,-0.0286703980752941,0000072971-20-000217_same,same
0.0345164184909254,0.04603922900611,2,0.0475713268957108,-0.0130549084047854,0000072971-20-000217_same,same
-0.040936849840293,-0.0281078961210758,3,-0.0303573318585062,-0.0105795179817867,0000072971-20-000217_same,same
0.0214656776309103,0.0422025907744911,4,0.0435390185492664,-0.0220733409183561,0000072971-20-000217_same,same
-0.0603862558029387,-0.0339220770468885,5,-0.0364680383832128,-0.0239182174197258,0000072971-20-000217_same,same
0.0375785212745523,-0.0005692724183511,-5,0.0012877041546603,0.036290817119892,0000072971-21-000197_same,same
0.0517386470455836,-0.0003204020092266,-4,0.0015646318628601,0.0501740151827234,0000072971-21-000197_same,same
0.0101119578832782,-0.0044158356273545,-3,-0.0029925151677678,0.013104473051046,0000072971-21-000197_same,same
0.0235392726825545,-0.0018548966445751,-2,-0.0001428595343974,0.0236821322169519,0000072971-21-000197_same,same
-0.0150676531089889,-0.0077328394581538,-1,-0.0066834733342484,-0.0083841797747405,0000072971-21-000197_same,same
-0.0032202610359938,0.0012563181187927,0,0.0033191091953043,-0.0065393702312981,0000072971-21-000197_same,same
0.0309638639897902,0.011351613765979,1,0.0145525342417383,0.0164113297480518,0000072971-21-000197_same,same
-0.0190650426947314,-0.0244788075251262,2,-0.0253173582331759,0.0062523155384445,0000072971-21-000197_same,same
-0.0370073382257918,-0.0047502141699028,3,-0.003364591075807,-0.0336427471499847,0000072971-21-000197_same,same
0.0254355999597357,0.0237907635068002,4,0.0283940561880353,-0.0029584562282995,0000072971-21-000197_same,same
0.001347866168945,-0.0080808516908706,5,-0.0070707199754655,0.0084185861444105,0000072971-21-000197_same,same
-0.0078887972059333,-0.0038405967262932,-5,-0.0032340696538329,-0.0046547275521004,0000072971-22-000096_same,same
0.0091616378261285,0.0157667211707204,-4,0.0208957759858089,-0.0117341381596803,0000072971-22-000096_same,same
-0.0041111241964559,0.000881207755895,-3,0.002576843082637,-0.006687967279093,0000072971-22-000096_same,same
-0.0342274428526543,-0.021173138152195,-2,-0.0245644500427493,-0.0096629928099049,0000072971-22-000096_same,same
-0.0092610159059345,-0.0071661613961429,-1,-0.0073266927535146,-0.0019343231524199,0000072971-22-000096_same,same
-0.006291712523174,-0.0101429452648328,0,-0.0109900869837374,0.0046983744605633,0000072971-22-000096_same,same
-0.0240590506533955,-0.0184121228454876,1,-0.0211665924923454,-0.00289245816105,0000072971-22-000096_same,same
-0.0229845291868734,0.0149568560673292,2,0.0198991113712805,-0.0428836405581539,0000072971-22-000096_same,same
0.0265606281181312,0.0223726776556034,3,0.029025429981305,-0.0024648018631738,0000072971-22-000096_same,same
-0.0136758199162562,-0.0024426034406476,4,-0.001513622096188,-0.0121621978200681,0000072971-22-000096_same,same
-0.0577103683322318,-0.0154735036804118,5,-0.0175501658490169,-0.0401602024832148,0000072971-22-000096_same,same
0.0130500112138667,0.0114486093427661,-5,0.0099251921018069,0.0031248191120597,0000072971-23-000071_same,same
0.007687634303727,-0.0002804145319874,-4,0.0002077917248263,0.0074798425789007,0000072971-23-000071_same,same
-0.0109278250599426,0.002773175690496,-3,0.002737666256242,-0.0136654913161846,0000072971-23-000071_same,same
-0.0156348638177993,-0.0137887414891306,-2,-0.0109837467073074,-0.0046511171104918,0000072971-23-000071_same,same
0.0057181444989542,-0.0027674058253277,-1,-0.0018526602266332,0.0075708047255874,0000072971-23-000071_same,same
-0.0263214238204998,-0.0200412342553273,0,-0.0161638858401203,-0.0101575379803795,0000072971-23-000071_same,same
-0.0049741796861693,-0.0015735561458868,1,-0.0008635655288188,-0.0041106141573504,0000072971-23-000071_same,same
0.0052163247761298,0.0053294294160743,2,0.0048555015664813,0.0003608232096485,0000072971-23-000071_same,same
0.0080001254200829,-0.0105375514855581,3,-0.0082901623729491,0.0162902877930321,0000072971-23-000071_same,same
0.0034320471469386,0.0030730045671669,4,0.0029860720289903,0.0004459751179483,0000072971-23-000071_same,same
-0.0002138806302006,-0.0030360018281855,5,-0.0020751898188053,0.0018613091886046,0000072971-23-000071_same,same
0.0178942851566186,-0.0009489536011326,-5,-0.0001129934268249,0.0180072785834435,0000072971-24-000064_same,same
-0.0139001792218838,-0.0136742556536254,-4,-0.0128208698687424,-0.0010793093531413,0000072971-24-000064_same,same
0.0060115365584545,0.0095797632750176,-3,0.0104013057703276,-0.004389769211873,0000072971-24-000064_same,same
0.0723264380165371,0.0058212506847294,-2,0.0066479399637048,0.0656784980528322,0000072971-24-000064_same,same
-0.0024981314839369,-0.0048034698371121,-1,-0.0039622314149005,0.0014640999309635,0000072971-24-000064_same,same
-0.0026969192934317,-0.0060053220011653,0,-0.0051624378020839,0.0024655185086521,0000072971-24-000064_same,same
0.0171914708539198,0.0012641999229821,1,0.002097129477561,0.0150943413763587,0000072971-24-000064_same,same
0.0134826394453702,0.021122884217414,2,0.0219286199421234,-0.0084459804967532,0000072971-24-000064_same,same
0.009181261072255,0.0003479475462115,3,0.0011821317866943,0.0079991292855607,0000072971-24-000064_same,same
0.0050129933867593,-0.0037867513501905,4,-0.0029469051888734,0.0079598985756327,0000072971-24-000064_same,same
0.012562438445566,0.0017063496993998,5,0.0025386737886006,0.0100237646569654,0000072971-24-000064_same,same
0.0100024192007646,0.0024449877750611,-5,0.0056560350786324,0.0043463841221322,0000072971-25-000066_same,same
-0.0053231190977256,0.0023769693899173,-4,0.0055625687436775,-0.0108856878414032,0000072971-25-000066_same,same
-0.0214065234704495,-0.0043341850761716,-3,-0.0036594527720501,-0.0177470706983994,0000072971-25-000066_same,same
-0.0143709433315588,-0.0170641267025635,-2,-0.0211520907623891,0.0067811474308303,0000072971-25-000066_same,same
-0.0036129708839086,-0.0049691065044024,-1,-0.0045319195140282,0.0009189486301195,0000072971-25-000066_same,same
-0.0157989845406182,-0.0046797309154723,0,-0.0041342788516468,-0.0116647056889713,0000072971-25-000066_same,same
0.0059211155608294,0.0001360242800469,1,0.0024832112168595,0.0034379043439698,0000072971-25-000066_same,same
0.0022237724388354,-0.0158645536555098,2,-0.0195037173706703,0.0217274898095058,0000072971-25-000066_same,same
0.022187250519619,0.0158541446349889,3,0.0240820054083071,-0.001894754888688,0000072971-25-000066_same,same
-0.0164707483620509,-0.0175967394669998,4,-0.0218839717521654,0.0054132233901144,0000072971-25-000066_same,same
-0.0484226840993446,-0.0122348266022004,5,-0.0145159881877143,-0.0339066959116303,0000072971-25-000066_same,same
0.0048286218101565,0.0010313220779065,-5,0.0011330287347672,0.0036955930753892,0000072971-26-000133_same,same
0.0132722925837855,0.0055660701474107,-4,0.0055630162235149,0.0077092763602706,0000072971-26-000133_same,same
-0.0111788523130935,-0.0028221256867719,-3,-0.0026313976731444,-0.008547454639949,0000072971-26-000133_same,same
0.0129038989641665,0.0069397247635067,-2,0.0069049370248244,0.005998961939342,0000072971-26-000133_same,same
-0.040022425601657,-0.0103856522472848,-1,-0.0100201935930787,-0.0300022320085782,0000072971-26-000133_same,same
-0.0068114991605936,0.0076516140863223,0,0.007600380464043,-0.0144118796246367,0000072971-26-000133_same,same
0.025895647619317,0.0081363556573399,1,0.0080739236602627,0.0178217239590543,0000072971-26-000133_same,same
-0.0053019688656091,-0.0053655805693283,2,-0.0051160943167555,-0.0001858745488536,0000072971-26-000133_same,same
-0.0561993696150445,-0.0043393528110311,3,-0.0041135742075493,-0.0520857954074952,0000072971-26-000133_same,same
0.0138736637254335,0.0003983547353176,4,0.0005146840405357,0.0133589796848977,0000072971-26-000133_same,same
-0.0006055531466335,-0.0094440310956254,5,-0.009100325530497,0.0084947723838634,0000072971-26-000133_same,same
-0.0014713561308439,-0.0008773877668368,-5,-0.0001320955687695,-0.0013392605620744,0000104169-16-000079_same,same
-0.0060409237951928,-0.0063860316025012,-4,-0.0028153890122599,-0.0032255347829328,0000104169-16-000079_same,same
0.0080050043604138,-0.0003780702927851,-3,0.0001111249668674,0.0078938793935464,0000104169-16-000079_same,same
0.0017646060332463,0.0005452554858313,-2,0.0005608824901124,0.0012037235431339,0000104169-16-000079_same,same
-0.0013212239428773,0.0088166517792884,-1,0.0045899292219143,-0.0059111531647917,0000104169-16-000079_same,same
0.0113185018268364,0.0043503152606394,0,0.0024143499224646,0.0089041519043718,0000104169-16-000079_same,same
-0.0045059584676671,-0.002039759217567,1,-0.0006982936722757,-0.0038076647953913,0000104169-16-000079_same,same
0.0083226154279358,0.0063309151273098,2,0.0033791119936675,0.0049435034342683,0000104169-16-000079_same,same
0.000579173757788,-0.003208322345054,3,-0.001267507778657,0.0018466815364451,0000104169-16-000079_same,same
-0.0066567421138463,-0.0101444923872143,4,-0.0046461577971182,-0.0020105843167281,0000104169-16-000079_same,same
0.0058267754299439,0.0105076192699393,5,0.0054136096260535,0.0004131658038903,0000104169-16-000079_same,same
-0.0035788041979751,-0.0008439958489141,-5,-0.0005346138683093,-0.0030441903296658,0000104169-17-000021_same,same
0.0007183124578762,-0.0010195874529811,-4,-0.0006064386997444,0.0013247511576206,0000104169-17-000021_same,same
0.0094742104545553,0.0072514743535005,-3,0.0027767960693459,0.0066974143852093,0000104169-17-000021_same,same
0.0059728292003637,0.0010853247429301,-2,0.0002545646748777,0.005718264525486,0000104169-17-000021_same,same
0.0120161568423491,0.0029351099368557,-1,0.0010112096776431,0.011004947164706,0000104169-17-000021_same,same
0.0068441530499085,-0.0022550474897145,0,-0.0011117971954121,0.0079559502453207,0000104169-17-000021_same,same
-0.0034682120477808,-0.0016421255420062,1,-0.0008610846638481,-0.0026071273839326,0000104169-17-000021_same,same
0.002505892410308,0.0005595225490382,2,3.948802502790527e-05,0.0024664043852801,0000104169-17-000021_same,same
-0.0049991646616232,-0.0030548611983906,3,-0.0014389568287578,-0.0035602078328653,0000104169-17-000021_same,same
-0.0030706063649894,0.0019295094059432,4,0.0005998740160799,-0.0036704803810694,0000104169-17-000021_same,same
0.0205794820091658,-0.0008271302020167,5,-0.000527715063256,0.0211071970724218,0000104169-17-000021_same,same
-0.0197383191581642,-0.020966880711866,-5,-0.0179864282060691,-0.001751890952095,0000104169-18-000028_same,same
0.0243499833880793,0.0271572557615125,-4,0.0251979009401445,-0.0008479175520651,0000104169-18-000028_same,same
-0.016571416674474,-0.0172763088138478,-3,-0.0146746831388107,-0.0018967335356632,0000104169-18-000028_same,same
0.0199883501787467,-0.0029166571662562,-2,-0.0017890093664075,0.0217773595451543,0000104169-18-000028_same,same
0.0136723230933235,0.0137697186900191,-1,0.0131845569153157,0.0004877661780077,0000104169-18-000028_same,same
-0.0384398618096707,-0.0223374235601651,0,-0.0192162886837252,-0.0192235731259454,0000104169-18-000028_same,same
0.0146111062903357,0.0126148658487921,1,0.0121482464718322,0.0024628598185035,0000104169-18-000028_same,same
0.0048386842892296,0.0115664827398285,2,0.0112074769418924,-0.0063687926526628,0000104169-18-000028_same,same
0.006764766611188,0.0068628636575538,3,0.0069866711360631,-0.000221904524875,0000104169-18-000028_same,same
-0.0127547415913389,-0.0219202487798424,4,-0.0188419357218821,0.0060871941305431,0000104169-18-000028_same,same
-0.0047295446891989,0.0033365488963206,5,0.0038223226722421,-0.008551867361441,0000104169-18-000028_same,same
0.0042576251291426,0.0108524810499543,-5,0.0070935502643241,-0.0028359251351814,0000104169-19-000016_same,same
-0.0078738716924623,-0.0189745012394827,-4,-0.0103038009164919,0.0024299292240295,0000104169-19-000016_same,same
-0.0011194204403025,-0.0008390206584756,-3,0.0002741825160588,-0.0013936029563613,0000104169-19-000016_same,same
0.0015280458929376,0.0071827258623062,-2,0.004953071582049,-0.0034250256891114,0000104169-19-000016_same,same
-0.0112896407669885,-0.0046443248906916,-1,-0.0019453586173783,-0.0093442821496102,0000104169-19-000016_same,same
-0.0008228532224526,0.003589481529391,0,0.0028572198149616,-0.0036800730374142,0000104169-19-000016_same,same
0.0041180471496462,0.0067342800173637,1,0.0046915040599197,-0.0005734569102734,0000104169-19-000016_same,same
0.0029734555602543,0.0115686001242754,2,0.0075112450516259,-0.0045377894913716,0000104169-19-000016_same,same
-0.0089959818576103,1.745570720723677e-05,3,0.000773744287587,-0.0097697261451973,0000104169-19-000016_same,same
0.0025787502113865,0.0021483768817243,4,0.0020166586277628,0.0005620915836236,0000104169-19-000016_same,same
0.0094658394261257,0.0020846350796801,5,0.0019794795895249,0.0074863598366008,0000104169-19-000016_same,same
0.0965882031275406,0.0928712497297183,-5,0.0326425271427619,0.0639456759847787,0000104169-20-000011_same,same
-0.0643295170700465,-0.1198405524039344,-4,-0.042840765493356,-0.0214887515766904,0000104169-20-000011_same,same
0.1170847534109742,0.0599548497440243,-3,0.0209617542485222,0.096122999162452,0000104169-20-000011_same,same
0.0278383599169653,-0.0518307627291578,-2,-0.0187066892237355,0.0465450491407009,0000104169-20-000011_same,same
-0.0212223476819553,0.0047078080405855,-1,0.0013566896759405,-0.0225790373578958,0000104169-20-000011_same,same
-0.0458768735097941,-0.0433595123084619,0,-0.0157005660651463,-0.0301763074446478,0000104169-20-000011_same,same
0.0027199036757346,-0.0292938678218044,1,-0.0107092061676129,0.0134291098433475,0000104169-20-000011_same,same
0.0065628408194744,0.0938277397622755,2,0.0329819489158221,-0.0264191080963477,0000104169-20-000011_same,same
-0.0489437146793071,0.0115350114482219,3,0.0037794033548981,-0.0527231180342052,0000104169-20-000011_same,same
0.0038387829764607,0.0624141633038768,4,0.0218344706810861,-0.0179956877046253,0000104169-20-000011_same,same
-0.0021850719095667,-0.0336873525622525,5,-0.0122682860636461,0.0100832141540793,0000104169-20-000011_same,same
0.0150610196223892,0.0010153984958789,-5,-0.000223905942507,0.0152849255648963,0000104169-21-000033_same,same
-0.0051447713114822,0.0064919213014971,-4,0.0026208809368591,-0.0077656522483414,0000104169-21-000033_same,same
-0.000299970714285,-0.0015696837343783,-3,-0.0015667302621966,0.0012667595479116,0000104169-21-000033_same,same
-0.0083213945144242,0.0028793821305308,-2,0.0007443427757802,-0.0090657372902045,0000104169-21-000033_same,same
-0.0130569142238593,-0.0147605393194591,-1,-0.0084187373162998,-0.0046381769075595,0000104169-21-000033_same,same
0.0133067937710398,-0.0006027039747036,0,-0.001064431370989,0.0143712251420288,0000104169-21-000033_same,same
0.0047822787978246,0.0070251180773117,1,0.002897850694093,0.0018844281037316,0000104169-21-000033_same,same
0.0118605398231106,-0.0076308541839406,2,-0.0047152131190247,0.0165757529421353,0000104169-21-000033_same,same
-0.0061966994988879,-0.0054673360183149,3,-0.0035913707998567,-0.0026053286990311,0000104169-21-000033_same,same
0.0067610898972085,0.0052402658469594,4,0.0019707068864739,0.0047903830107346,0000104169-21-000033_same,same
0.0083578276188549,0.0166312026045196,5,0.0078877437695038,0.000470083849351,0000104169-21-000033_same,same
-0.0039260777827893,-0.0129615451234751,-5,-0.0029721479988105,-0.0009539297839787,0000104169-22-000012_same,same
0.013936868881839,-0.0074210024659636,-4,-0.0017751267845255,0.0157119956663645,0000104169-22-000012_same,same
0.0120095874539296,0.0214085741708709,-3,0.0044534354640411,0.0075561519898885,0000104169-22-000012_same,same
-0.0029496418446623,0.0223837613571822,-2,0.0046641223627929,-0.0076137642074553,0000104169-22-000012_same,same
0.0015195883562617,0.0123478175714519,-1,0.0024958803042998,-0.000976291948038,0000104169-22-000012_same,same
0.0029652987116477,0.0116622948279487,0,0.0023477747273604,0.0006175239842873,0000104169-22-000012_same,same
-0.0083195929751311,-0.0004346603621039,1,-0.0002657439992065,-0.0080538489759246,0000104169-22-000012_same,same
-0.0029813352074191,0.0113041136006502,2,0.0022703905153547,-0.0052517257227739,0000104169-22-000012_same,same
-0.0128652623123917,-0.012272698789159,3,-0.0028233243678904,-0.0100419379445012,0000104169-22-000012_same,same
0.0061995378041781,0.0143439129205664,4,0.0029271320112759,0.0032724057929021,0000104169-22-000012_same,same
0.0043406192922637,0.005066170567449,5,0.0009226975896229,0.0034179217026407,0000104169-22-000012_same,same
-0.0014580500570479,-0.0144781384570513,-5,-0.0079097895029365,0.0064517394458886,0000104169-23-000020_same,same
0.0029203581424519,-0.0015097610031894,-4,-0.0004969746166845,0.0034173327591365,0000104169-23-000020_same,same
0.0053141083454406,0.0164766554806239,-3,0.0097841863331638,-0.0044700779877232,0000104169-23-000020_same,same
0.0111510860133583,-0.0069808835654376,-2,-0.0036243063833787,0.014775392396737,0000104169-23-000020_same,same
-0.0056805334898764,0.0175620062171666,-1,0.0104045803743823,-0.0160851138642587,0000104169-23-000020_same,same
0.0080996708371414,-0.0110194573100675,0,-0.0059327832672393,0.0140324541043807,0000104169-23-000020_same,same
0.0107603858646256,0.00891840371831,1,0.0054638369774288,0.0052965488871967,0000104169-23-000020_same,same
-0.0034068961021657,0.0129821938977849,2,0.0077867277510965,-0.0111936238532623,0000104169-23-000020_same,same
-0.0064092168819142,-0.0164632237757136,3,-0.0090444780985617,0.0026352612166475,0000104169-23-000020_same,same
0.0080989719148321,0.0029845287333754,4,0.0020719927025398,0.0060269792122922,0000104169-23-000020_same,same
0.0081764361609575,0.0056398072531045,5,0.0035897684002491,0.0045866677607083,0000104169-23-000020_same,same
-0.0039761900352548,-0.0065285190034379,-5,-0.0026055909394059,-0.0013705990958488,0000104169-24-000056_same,same
0.0089821585938145,-0.0011222380873464,-4,-0.000487120440288,0.0094692790341026,0000104169-24-000056_same,same
0.0123638257310754,0.0112017879813663,-3,0.0043420932210329,0.0080217325100425,0000104169-24-000056_same,same
-0.0021170001189878,-0.0019245297153407,-2,-0.0008015012821226,-0.0013154988368651,0000104169-24-000056_same,same
-0.0008514511247661,-0.0028710915621273,-1,-0.0011724149248154,0.0003209638000493,0000104169-24-000056_same,same
-0.0055718507384592,-0.0064829174844615,0,-0.0025877218212143,-0.0029841289172448,0000104169-24-000056_same,same
0.0029663805480575,0.0063180595049523,1,0.0024283867630146,0.0005379937850428,0000104169-24-000056_same,same
0.000164357895322,0.0056491496501236,2,0.0021662720457038,-0.0020019141503818,0000104169-24-000056_same,same
0.0062427756058216,0.0089041739128465,3,0.0034417649365684,0.0028010106692531,0000104169-24-000056_same,same
0.003265333942076,0.003236535401516,4,0.0012208805296593,0.0020444534124167,0000104169-24-000056_same,same
-0.0094385590390201,-0.0014021878490156,5,-0.0005968197549437,-0.0088417392840763,0000104169-24-000056_same,same
-0.0308535524298668,0.005520617802748,-5,0.0041961917944546,-0.0350497442243215,0000104169-25-000021_same,same
-0.0425207801064025,-0.0269730913054258,-4,-0.004838552996115,-0.0376822271102875,0000104169-25-000021_same,same
-0.0043269493868198,-0.0075678653236531,-3,0.0005569918388864,-0.0048839412257063,0000104169-25-000021_same,same
-0.0256177109434935,0.0048868699294464,-2,0.0040199807537949,-0.0296376916972884,0000104169-25-000021_same,same
-0.0082161067061251,-0.0138909842068353,-1,-0.001201125869369,-0.0070149808367561,0000104169-25-000021_same,same
0.010059212090612,0.0212658690830878,0,0.0085740954221287,0.0014851166684832,0000104169-25-000021_same,same
0.0247218891908851,0.0064161307191059,1,0.0044451855498002,0.0202767036410848,0000104169-25-000021_same,same
-0.0213812493591031,-0.0106535121176365,2,-0.0003009598096825,-0.0210802895494205,0000104169-25-000021_same,same
0.0086458948799159,0.0107984955678945,3,0.0056636844246489,0.002982210455267,0000104169-25-000021_same,same
-0.006023396465084,-0.0021848931523151,4,0.0020537055449417,-0.0080771020100258,0000104169-25-000021_same,same
0.004732635155753,0.0008246534476661,5,0.0028904978414333,0.0018421373143197,0000104169-25-000021_same,same
-0.002168851372419,0.0040073351766347,-5,0.0033846146029835,-0.0055534659754026,0000034088-17-000017_same,same
0.0041050352711353,0.0049923089198982,-4,0.0043721009225775,-0.0002670656514422,0000034088-17-000017_same,same
-0.0103413933345363,-0.0008641180363413,-3,-0.0014992652336686,-0.0088421281008677,0000034088-17-000017_same,same
-0.0065611260347856,0.0016785565287558,-2,0.0010498954575535,-0.0076110214923391,0000034088-17-000017_same,same
0.0015900707862102,0.0060480661608284,-1,0.0054305513019518,-0.0038404805157416,0000034088-17-000017_same,same
-0.0117230351971564,-0.001082200145408,0,-0.0017179036498948,-0.0100051315472615,0000034088-17-000017_same,same
0.0105025392541042,0.0004189867216857,1,-0.0002128873948445,0.0107154266489487,0000034088-17-000017_same,same
-0.0085593017169205,0.0014933641914423,2,0.0008642307118265,-0.009423532428747,0000034088-17-000017_same,same
0.0056733894182721,0.0010179830611165,3,0.0003876369284892,0.0052857524897828,0000034088-17-000017_same,same
-0.0026981330651928,-0.0025783763780462,4,-0.0032178964888276,0.0005197634236347,0000034088-17-000017_same,same
0.0209050548489058,0.0136738546598662,5,0.013075792477587,0.0078292623713187,0000034088-17-000017_same,same
-0.0113530133660004,-0.0054965031281792,-5,-0.0046198978679775,-0.0067331154980229,0000034088-18-000015_same,same
0.0129523747651956,0.0009735510790762,-4,0.0009249298277676,0.0120274449374279,0000034088-18-000015_same,same
0.0220141064235637,0.0160283763505131,-3,0.0138268947025066,0.008187211721057,0000034088-18-000015_same,same
0.0168966104411019,0.0117570153438109,-2,0.0101663441028023,0.0067302663382995,0000034088-18-000015_same,same
-0.0169966187385764,-0.0127068884438292,-1,-0.0107991883212749,-0.0061974304173015,0000034088-18-000015_same,same
-0.0227095098459783,-0.011095788639207,0,-0.0094184779699982,-0.01329103187598,0000034088-18-000015_same,same
-0.0071295044200272,-0.0133243995419872,1,-0.0113283944963417,0.0041988900763144,0000034088-18-000015_same,same
0.0046542417167267,0.005071602744632,2,0.0044369545567547,0.000217287159972,0000034088-18-000015_same,same
0.0095303032252254,0.011032026532745,3,0.0095450296732886,-1.4726448063252797e-05,0000034088-18-000015_same,same
-0.0011804786651291,0.0026388586061694,4,0.0023520961238095,-0.0035325747889386,0000034088-18-000015_same,same
-0.0252030532312012,-0.0004838747205661,5,-0.0003240821093021,-0.024878971121899,0000034088-18-000015_same,same
0.0038347151344255,0.0017771107537685,-5,0.001239477923404,0.0025952372110215,0000034088-19-000010_same,same
-0.0090409795588696,-0.0035264367908802,-4,-0.0031345989244855,-0.005906380634384,0000034088-19-000010_same,same
0.0077099739554553,0.0064111023949868,-3,0.0050613415685445,0.0026486323869108,0000034088-19-000010_same,same
0.001020276292668,0.0012318625699112,-2,0.0007897869500912,0.0002304893425768,0000034088-19-000010_same,same
0.0020382691498133,-0.0007904570968998,-1,-0.0008781120475439,0.0029163811973572,0000034088-19-000010_same,same
0.0102972865195334,-0.0005440493877303,0,-0.0006748884039834,0.0109721749235168,0000034088-19-000010_same,same
-0.0055368409110992,-0.0028255083152146,1,-0.0025565113346931,-0.0029803295764061,0000034088-19-000010_same,same
0.0122739508505291,0.0068953205934343,2,0.0054606983374478,0.0068132525130813,0000034088-19-000010_same,same
0.0038748217510062,-0.003880558492514,3,-0.0034266591961077,0.007301480947114,0000034088-19-000010_same,same
-0.0014941992545657,-0.0011315328231061,4,-0.0011594127099433,-0.0003347865446224,0000034088-19-000010_same,same
-0.0113478840800581,-0.0065240986535923,5,-0.0056069069864205,-0.0057409770936376,0000034088-19-000010_same,same
0.0076820215117254,0.0047057858811645,-5,0.0033783163226362,0.0043037051890891,0000034088-20-000016_same,same
-0.0079548322905611,-0.0038155197636281,-4,-0.0058097377902812,-0.0021450945002798,0000034088-20-000016_same,same
-0.0121949020102262,-0.0105181030271228,-3,-0.0130367638222554,0.0008418618120292,0000034088-20-000016_same,same
-0.0468460355429058,-0.0335136266712231,-2,-0.0378315692668862,-0.0090144662760196,0000034088-20-000016_same,same
-0.0383250622924802,-0.0302799955650561,-1,-0.0343449231092246,-0.0039801391832555,0000034088-20-000016_same,same
-0.021956118062493,-0.003778540605322,0,-0.0057698652024725,-0.0161862528600205,0000034088-20-000016_same,same
-0.0601769730430966,-0.0441632425840791,1,-0.0493144630120371,-0.0108625100310595,0000034088-20-000016_same,same
0.0325168670164817,-0.0082383404443618,2,-0.0105786215083703,0.0430954885248521,0000034088-20-000016_same,same
0.0474338782927836,0.04603922900611,3,0.0479458894077863,-0.0005120111150026,0000034088-20-000016_same,same
-0.0478840015619328,-0.0281078961210758,4,-0.0320028680226166,-0.0158811335393161,0000034088-20-000016_same,same
0.0218321748629042,0.0422025907744911,5,0.0438090539094206,-0.0219768790465164,0000034088-20-000016_same,same
0.0155649349644604,-0.0003204020092266,-5,0.0006453659867747,0.0149195689776856,0000034088-21-000012_same,same
-0.0157048876451323,-0.0044158356273545,-4,-0.0034873048145377,-0.0122175828305945,0000034088-21-000012_same,same
0.00672798104862,-0.0018548966445751,-3,-0.0009030808360977,0.0076310618847177,0000034088-21-000012_same,same
0.0368534106499021,-0.0077328394581538,-2,-0.0068344680596478,0.0436878787095499,0000034088-21-000012_same,same
0.0138122599649308,0.0012563181187927,-1,0.0022364222319707,0.0115758377329601,0000034088-21-000012_same,same
0.0299726201952676,0.011351613765979,0,0.0124235080064962,0.0175491121887714,0000034088-21-000012_same,same
-0.0165784019311924,-0.0244788075251262,1,-0.0237326966046691,0.0071542946734767,0000034088-21-000012_same,same
-0.0249282745284656,-0.0047502141699028,2,-0.0038247236493243,-0.0211035508791413,0000034088-21-000012_same,same
0.0373367704000568,0.0237907635068002,3,0.0249757590549566,0.0123610113451002,0000034088-21-000012_same,same
-0.0058513040158043,-0.0080808516908706,4,-0.0071856445471099,0.0013343405313056,0000034088-21-000012_same,same
0.0080256947807977,-0.0130662218719981,5,-0.0122163435407607,0.0202420383215584,0000034088-21-000012_same,same
-0.0125349103099067,0.0157667211707204,-5,0.0159692648882832,-0.0285041751981899,0000034088-22-000011_same,same
0.0046158863802114,0.000881207755895,-4,0.0043710859461846,0.0002448004340268,0000034088-22-000011_same,same
-0.0015311818352599,-0.021173138152195,-3,-0.0128127520018039,0.011281570166544,0000034088-22-000011_same,same
-0.0111213243111901,-0.0071661613961429,-2,-0.0018990926386872,-0.0092222316725029,0000034088-22-000011_same,same
-0.0116338066095976,-0.0101429452648328,-1,-0.0042184800201552,-0.0074153265894424,0000034088-22-000011_same,same
0.0040542762461299,-0.0184121228454876,0,-0.0106614825966672,0.0147157588427972,0000034088-22-000011_same,same
-0.0126349228435314,0.0149568560673292,1,0.0153382513567823,-0.0279731742003137,0000034088-22-000011_same,same
0.0269127872550336,0.0223726776556034,2,0.0211163540924139,0.0057964331626197,0000034088-22-000011_same,same
0.0074510990636118,-0.0024426034406476,3,0.00178130916436,0.0056697898992518,0000034088-22-000011_same,same
0.0095642279005558,-0.0154735036804118,4,-0.0083718315803117,0.0179360594808676,0000034088-22-000011_same,same
0.0171780943744594,0.018642691757321,5,0.0182101027126867,-0.0010320083382272,0000034088-22-000011_same,same
-0.0117148809602983,-0.0002804145319874,-5,0.0012559273087718,-0.0129708082690701,0000034088-23-000020_same,same
-0.0030062772475132,0.002773175690496,-4,0.0036221923855541,-0.0066284696330673,0000034088-23-000020_same,same
-0.0029291811371888,-0.0137887414891306,-3,-0.0092118434120974,0.0062826622749085,0000034088-23-000020_same,same
-0.038451798084668,-0.0027674058253277,-2,-0.0006712732043692,-0.0377805248802987,0000034088-23-000020_same,same
-0.0009882605206771,-0.0200412342553273,-1,-0.0140569778923396,0.0130687173716624,0000034088-23-000020_same,same
-0.0129532124399701,-0.0015735561458868,0,0.0002538557741651,-0.0132070682141352,0000034088-23-000020_same,same
0.0092044444763501,0.0053294294160743,1,0.0056030652196671,0.0036013792566829,0000034088-23-000020_same,same
9.030805872622948e-05,-0.0105375514855581,2,-0.0066924558050789,0.0067827638638052,0000034088-23-000020_same,same
-0.0018059207667822,0.0030730045671669,3,0.003854533514581,-0.0056604542813632,0000034088-23-000020_same,same
-0.0057891847903664,-0.0030360018281855,4,-0.0008794115906681,-0.0049097731996983,0000034088-23-000020_same,same
0.0089163998703392,-0.00472526484568,5,-0.0021884425321368,0.011104842402476,0000034088-23-000020_same,same
0.0204379847443407,0.0012641999229821,-5,-0.0005269626805166,0.0209649474248574,0000034088-24-000018_same,same
-0.0008584975449367,0.021122884217414,-4,0.0035552407870451,-0.0044137383319819,0000034088-24-000018_same,same
-0.0087818902984935,0.0003479475462115,-3,-0.0007153099332429,-0.0080665803652506,0000034088-24-000018_same,same
0.0039483008780882,-0.0037867513501905,-2,-0.0015652495325621,0.0055135504106504,0000034088-24-000018_same,same
-0.0021101872676224,0.0017063496993998,-1,-0.0004360732074924,-0.0016741140601299,0000034088-24-000018_same,same
0.0027875359636242,-0.0016581550604305,0,-0.0011276896707774,0.0039152256344017,0000034088-24-000018_same,same
0.0019172449107427,0.0052290946971491,1,0.0002880715360331,0.0016291733747095,0000034088-24-000018_same,same
0.0126292069213642,0.0080078289488876,2,0.0008592754702766,0.0117699314510875,0000034088-24-000018_same,same
-0.0139833115008433,-0.0011932620709189,3,-0.0010321250429455,-0.0129511864578977,0000034088-24-000018_same,same
0.0122651077522837,-0.0101931008834446,4,-0.0028821556221763,0.01514726337446,0000034088-24-000018_same,same
0.0106967074154693,0.0051411032032746,5,0.0002699837727108,0.0104267236427585,0000034088-24-000018_same,same
0.0063080290212085,0.0003395827888592,-5,-0.0003669597839279,0.0066749888051364,0000034088-25-000010_same,same
-0.030086744586492,-0.0027238667143857,-4,-0.0011797446076968,-0.0289069999787952,0000034088-25-000010_same,same
0.0072659424163894,0.0104262921222306,-3,0.002309214332619,0.0049567280837704,0000034088-25-000010_same,same
0.001017372239249,-7.194380749464546e-05,-2,-0.0004761447310731,0.0014935169703221,0000034088-25-000010_same,same
0.0175534624797797,0.0024449877750611,-1,0.0001916396703342,0.0173618228094454,0000034088-25-000010_same,same
0.0014527225533707,0.0023769693899173,0,0.0001735932455038,0.0012791293078668,0000034088-25-000010_same,same
0.0154125963192115,-0.0043341850761716,1,-0.0016069892299795,0.0170195855491911,0000034088-25-000010_same,same
-0.0116964446295392,-0.0170641267025635,2,-0.0049844574567076,-0.0067119871728315,0000034088-25-000010_same,same
0.0052397626682982,-0.0049691065044024,3,-0.0017754445939753,0.0070152072622735,0000034088-25-000010_same,same
-0.0138401237247353,-0.0046797309154723,4,-0.001698668369395,-0.0121414553553403,0000034088-25-000010_same,same
-0.0024606880919341,0.0001360242800469,5,-0.0004209672896943,-0.0020397208022397,0000034088-25-000010_same,same
0.0025129662801572,-0.0033037129754581,-5,0.0015856447223244,0.0009273215578328,0000034088-26-000045_same,same
0.0261890394381401,-4.895607156218951e-05,-4,0.0016864005318056,0.0245026389063345,0000034088-26-000045_same,same
-0.0297677033121318,-0.0156610121277019,-3,0.001203106266812,-0.0309708095789438,0000034088-26-000045_same,same
-0.0098712139626542,0.0004990891480125,-2,0.0017033660814183,-0.0115745800440725,0000034088-26-000045_same,same
-0.0152239408515433,0.0010313220779065,-1,0.0017198421382383,-0.0169437829897817,0000034088-26-000045_same,same
0.0307133997031803,0.0055660701474107,0,0.0018602219656808,0.0288531777374995,0000034088-26-000045_same,same
0.0019246224431745,-0.0028221256867719,1,0.0016005529684823,0.0003240694746922,0000034088-26-000045_same,same
-0.0244419218102662,0.0069397247635067,2,0.0019027454741574,-0.0263446672844237,0000034088-26-000045_same,same
0.0236284239010846,-0.0103856522472848,3,0.0013664128272557,0.0222620110738289,0000034088-26-000045_same,same
-0.009949579825038,0.0076516140863223,4,0.0019247830600968,-0.0118743628851348,0000034088-26-000045_same,same
-0.0013399356022909,0.0081363556573399,5,0.0019397889517253,-0.0032797245540162,0000034088-26-000045_same,same
