ticker,cik,company_name,issuer_lineage,fiscal_year,report_date,filing_date,accession,acceptance,source_url,fiscal_year_source,word_count,positive_count,positive_rate,negative_count,negative_rate,uncertainty_count,uncertainty_rate,tone,generic_tone,generic_positive_rate,generic_negative_rate,raw_sha256,lm_sha256,mda_source_url
A,1090872,"AGILENT TECHNOLOGIES, INC.",current,2016,2016-10-31,2016-12-20,0001090872-16-000082,2016-12-20T21:22:19.000Z,https://www.sec.gov/Archives/edgar/data/1090872/000109087216000082/a-10312016x10k.htm,cover_fiscal_year_ended,13189,128,0.0097050572446735,150,0.0113731139586018,182,0.0137993782697702,-0.0016680567139282,0.0435211160815831,0.0584578057472135,0.0149366896656304,c1f922fb213aee2103b0deb4bc8435d90892fb4000f19f5b27e38e43b4fb4224,e2d1328682bab7d2187684fb9f5420bb730401c9eefc00daf835edd203f4859d,
A,1090872,"AGILENT TECHNOLOGIES, INC.",current,2017,2017-10-31,2017-12-21,0001090872-17-000018,2017-12-21T21:27:19.000Z,https://www.sec.gov/Archives/edgar/data/1090872/000109087217000018/a-10312017x10k.htm,cover_fiscal_year_ended,12930,133,0.0102861562258314,134,0.0103634957463263,206,0.0159319412219644,-7.73395204949727e-05,0.0468677494199535,0.0624129930394431,0.0155452436194895,f60b9636633ca3baf224490efa08e9b185166e9b9fea9d1142a8944375daab18,e2d1328682bab7d2187684fb9f5420bb730401c9eefc00daf835edd203f4859d,
A,1090872,"AGILENT TECHNOLOGIES, INC.",current,2018,2018-10-31,2018-12-20,0001090872-18-000019,2018-12-20T21:27:07.000Z,https://www.sec.gov/Archives/edgar/data/1090872/000109087218000019/a-10312018x10k.htm,cover_fiscal_year_ended,13171,109,0.0082757573456836,125,0.0094905474147748,212,0.0160959684154582,-0.0012147900690911,0.0439602156252372,0.059904335282059,0.0159441196568218,af16c489c66118150c4ecc05942d93f5bc7a20f4e4bc9a37f701b6fba49bd571,e2d1328682bab7d2187684fb9f5420bb730401c9eefc00daf835edd203f4859d,
A,1090872,"AGILENT TECHNOLOGIES, INC.",current,2019,2019-10-31,2019-12-19,0001090872-19-000022,2019-12-19T22:11:01.000Z,https://www.sec.gov/Archives/edgar/data/1090872/000109087219000022/a-10312019x10k.htm,dei:DocumentFiscalYearFocus,13923,132,0.0094807153630683,152,0.0109171873877756,213,0.0152984270631329,-0.0014364720247073,0.0457516339869281,0.0608345902463549,0.0150829562594268,a300036d743c5186b054a3c9d2e4664e1e933b52fa88b353482e1315f7674c21,e2d1328682bab7d2187684fb9f5420bb730401c9eefc00daf835edd203f4859d,
A,1090872,"AGILENT TECHNOLOGIES, INC.",current,2020,2020-10-31,2020-12-18,0001090872-20-000020,2020-12-18T00:56:21.000Z,https://www.sec.gov/Archives/edgar/data/1090872/000109087220000020/a-20201031.htm,dei:DocumentFiscalYearFocus,14470,131,0.009053213545266,187,0.0129232895646164,201,0.013890808569454,-0.0038700760193503,0.0411886662059433,0.056945404284727,0.0157567380787836,53ef1a6f2a3cb42654971e243e944946857dfea213865890ea0bd3572b72d00b,e2d1328682bab7d2187684fb9f5420bb730401c9eefc00daf835edd203f4859d,
A,1090872,"AGILENT TECHNOLOGIES, INC.",current,2021,2021-10-31,2021-12-17,0001090872-21-000027,2021-12-17T22:01:49.000Z,https://www.sec.gov/Archives/edgar/data/1090872/000109087221000027/a-20211031.htm,dei:DocumentFiscalYearFocus,14724,138,0.0093724531377343,170,0.0115457756044553,212,0.0143982613420266,-0.002173322466721,0.0461151860907362,0.0628905188807389,0.0167753327900027,728a1a1d2f2d403f7c8fbd879a7874142f962cd672439a50f72d8cacfc120050,e2d1328682bab7d2187684fb9f5420bb730401c9eefc00daf835edd203f4859d,
A,1090872,"AGILENT TECHNOLOGIES, INC.",current,2022,2022-10-31,2022-12-21,0001090872-22-000026,2022-12-20T23:42:30.000Z,https://www.sec.gov/Archives/edgar/data/1090872/000109087222000026/a-20221031.htm,dei:DocumentFiscalYearFocus,13905,133,0.0095649047105357,151,0.0108594030924128,209,0.0150305645451276,-0.001294498381877,0.0459546925566343,0.0629989212513484,0.0170442286947141,b01a792c0542d47cca9d999f2d143adf41208011dcfd884e689649b5ec2d799c,e2d1328682bab7d2187684fb9f5420bb730401c9eefc00daf835edd203f4859d,
A,1090872,"AGILENT TECHNOLOGIES, INC.",current,2023,2023-10-31,2023-12-20,0001090872-23-000020,2023-12-19T23:52:16.000Z,https://www.sec.gov/Archives/edgar/data/1090872/000109087223000020/a-20231031.htm,dei:DocumentFiscalYearFocus,14195,105,0.0073969707643536,216,0.0152166255723846,205,0.0144417048256428,-0.0078196548080309,0.0381120112715745,0.0567805565339908,0.0186685452624163,053f757f4e71363d23575ae09045f262f69e4d2881846183728db9121f2df9fe,e2d1328682bab7d2187684fb9f5420bb730401c9eefc00daf835edd203f4859d,
A,1090872,"AGILENT TECHNOLOGIES, INC.",current,2024,2024-10-31,2024-12-20,0001090872-24-000049,2024-12-19T23:51:56.000Z,https://www.sec.gov/Archives/edgar/data/1090872/000109087224000049/a-20241031.htm,dei:DocumentFiscalYearFocus,14900,101,0.0067785234899328,244,0.0163758389261744,204,0.0136912751677852,-0.0095973154362416,0.027986577181208,0.0485906040268456,0.0206040268456375,f662d09cf0a6412bc5ad4fc2af2f979a0f244db98eb650c7603b7785ba4cecae,e2d1328682bab7d2187684fb9f5420bb730401c9eefc00daf835edd203f4859d,
A,1090872,"AGILENT TECHNOLOGIES, INC.",current,2025,2025-10-31,2025-12-22,0001090872-25-000087,2025-12-19T23:00:46.000Z,https://www.sec.gov/Archives/edgar/data/1090872/000109087225000087/a-20251031.htm,dei:DocumentFiscalYearFocus,15725,111,0.0070588235294117,216,0.0137360890302066,206,0.0131001589825119,-0.0066772655007949,0.0310969793322734,0.0503656597774244,0.019268680445151,4f478bf3bf025ddb3f30f35be622176f6e5484734c3503a037b68829a85ac5f2,e2d1328682bab7d2187684fb9f5420bb730401c9eefc00daf835edd203f4859d,
AAPL,320193,Apple Inc.,current,2016,2016-09-24,2016-10-26,0001628280-16-020309,2016-10-26T20:42:16.000Z,https://www.sec.gov/Archives/edgar/data/320193/000162828016020309/a201610-k9242016.htm,cover_fiscal_year_ended,8087,25,0.0030913812291331,107,0.0132311116606899,126,0.0155805613948312,-0.0101397304315568,0.0206504266106096,0.0432793372078644,0.0226289105972548,46282f54aa26d44a9823bc1a0a67bf644c71a903ec2a13fea99c55d154305adc,e2d1328682bab7d2187684fb9f5420bb730401c9eefc00daf835edd203f4859d,
AAPL,320193,Apple Inc.,current,2017,2017-09-30,2017-11-03,0000320193-17-000070,2017-11-03T12:01:37.000Z,https://www.sec.gov/Archives/edgar/data/320193/000032019317000070/a10-k20179302017.htm,cover_fiscal_year_ended,8272,25,0.003022243713733,110,0.0132978723404255,132,0.0159574468085106,-0.0102756286266924,0.0184961315280464,0.042311411992263,0.0238152804642166,8b3bc9fdec74f2717c10a80d9a7cd73e07526b2fe5abe04ae23bb38f754d3ab2,e2d1328682bab7d2187684fb9f5420bb730401c9eefc00daf835edd203f4859d,
AAPL,320193,Apple Inc.,current,2018,2018-09-29,2018-11-05,0000320193-18-000145,2018-11-05T13:01:40.000Z,https://www.sec.gov/Archives/edgar/data/320193/000032019318000145/a10-k20189292018.htm,cover_fiscal_year_ended,7881,35,0.0044410607790889,84,0.0106585458698134,123,0.0156071564522268,-0.0062174850907245,0.0234741784037558,0.0446643826925517,0.0211902042887958,9b3b18554a9929be54e53ef9e6f1b8939d5f3e2d531588ef33c9857d7647d1f8,e2d1328682bab7d2187684fb9f5420bb730401c9eefc00daf835edd203f4859d,
AAPL,320193,Apple Inc.,current,2019,2019-09-28,2019-10-31,0000320193-19-000119,2019-10-30T22:12:36.000Z,https://www.sec.gov/Archives/edgar/data/320193/000032019319000119/a10-k20199282019.htm,dei:DocumentFiscalYearFocus,4552,9,0.0019771528998242,47,0.0103251318101933,69,0.0151581722319859,-0.008347978910369,0.0127416520210896,0.0386643233743409,0.0259226713532513,d5c3eb0bb00e8191ffa0ac744649fb4a95a2e75d338dd3bb681e5d757de022bb,e2d1328682bab7d2187684fb9f5420bb730401c9eefc00daf835edd203f4859d,
AAPL,320193,Apple Inc.,current,2020,2020-09-26,2020-10-30,0000320193-20-000096,2020-10-29T22:06:25.000Z,https://www.sec.gov/Archives/edgar/data/320193/000032019320000096/aapl-20200926.htm,dei:DocumentFiscalYearFocus,4314,6,0.0013908205841446,56,0.0129809921186833,62,0.014371812702828,-0.0115901715345387,0.0171534538711172,0.0412610106629578,0.0241075567918405,4a7e3d03c94a2198c5402f3ea94f862ef57752af8fee28cd18f1f217b01309e6,e2d1328682bab7d2187684fb9f5420bb730401c9eefc00daf835edd203f4859d,
AAPL,320193,Apple Inc.,current,2021,2021-09-25,2021-10-29,0000320193-21-000105,2021-10-28T22:04:28.000Z,https://www.sec.gov/Archives/edgar/data/320193/000032019321000105/aapl-20210925.htm,dei:DocumentFiscalYearFocus,2497,13,0.0052062474969963,14,0.0056067280736884,31,0.0124148978774529,-0.000400480576692,0.0260312374849819,0.0472567080496595,0.0212254705646776,63004123b83c09fa09c4c514b90e164f45ecfe709ea916e2f5675aa4f71439a2,e2d1328682bab7d2187684fb9f5420bb730401c9eefc00daf835edd203f4859d,
AAPL,320193,Apple Inc.,current,2022,2022-09-24,2022-10-28,0000320193-22-000108,2022-10-27T22:01:14.000Z,https://www.sec.gov/Archives/edgar/data/320193/000032019322000108/aapl-20220924.htm,dei:DocumentFiscalYearFocus,2311,6,0.0025962786672436,26,0.011250540891389,25,0.0108178277801817,-0.0086542622241453,0.0151449588922544,0.0393768931198615,0.024231934227607,ad47e4d52a3f4b44a3b3e07f3387ec9942f7c63211cb997f8a1774a4b68fcad8,e2d1328682bab7d2187684fb9f5420bb730401c9eefc00daf835edd203f4859d,
AAPL,320193,Apple Inc.,current,2023,2023-09-30,2023-11-03,0000320193-23-000106,2023-11-02T22:08:27.000Z,https://www.sec.gov/Archives/edgar/data/320193/000032019323000106/aapl-20230930.htm,dei:DocumentFiscalYearFocus,2044,1,0.0004892367906066,16,0.0078277886497064,23,0.011252446183953,-0.0073385518590998,0.0024461839530332,0.0303326810176125,0.0278864970645792,57362ecdf046de86c24b02f81b853e629bee36d99e94ed6da5b5760078a00a3d,e2d1328682bab7d2187684fb9f5420bb730401c9eefc00daf835edd203f4859d,
AAPL,320193,Apple Inc.,current,2024,2024-09-28,2024-11-01,0000320193-24-000123,2024-11-01T10:01:36.000Z,https://www.sec.gov/Archives/edgar/data/320193/000032019324000123/aapl-20240928.htm,dei:DocumentFiscalYearFocus,2001,3,0.0014992503748125,17,0.008495752123938,22,0.0109945027486256,-0.0069965017491254,0.0109945027486256,0.0339830084957521,0.0229885057471264,4d733a00ce8373a05992acf7404b9a30af50692da778396e0a62fb62400cd13c,e2d1328682bab7d2187684fb9f5420bb730401c9eefc00daf835edd203f4859d,
AAPL,320193,Apple Inc.,current,2025,2025-09-27,2025-10-31,0000320193-25-000079,2025-10-31T10:01:26.000Z,https://www.sec.gov/Archives/edgar/data/320193/000032019325000079/aapl-20250927.htm,dei:DocumentFiscalYearFocus,2358,5,0.0021204410517387,20,0.008481764206955,30,0.0127226463104325,-0.0063613231552162,0.010178117048346,0.0330788804071246,0.0229007633587786,5e29ae1bebf678d48a617d74ff65fb6f66ea14262bb834b662fafa560516aa12,e2d1328682bab7d2187684fb9f5420bb730401c9eefc00daf835edd203f4859d,
ACGL,947484,ARCH CAPITAL GROUP LTD.,current,2016,2016-12-31,2017-03-01,0000947484-17-000015,2017-03-01T20:50:14.000Z,https://www.sec.gov/Archives/edgar/data/947484/000094748417000015/a201610-k.htm,cover_fiscal_year_ended,27555,163,0.0059154418435855,814,0.0295409181636726,501,0.0181818181818181,-0.0236254763200871,0.0174922881509707,0.0525131555071674,0.0350208673561966,23e282a1c7c48fb5797e3cd1505d7e0fb678e001b5b6b312cfcfbcc13861976a,e2d1328682bab7d2187684fb9f5420bb730401c9eefc00daf835edd203f4859d,
ACGL,947484,ARCH CAPITAL GROUP LTD.,current,2017,2017-12-31,2018-02-28,0000947484-18-000012,2018-02-28T21:56:31.000Z,https://www.sec.gov/Archives/edgar/data/947484/000094748418000012/a201710-k.htm,cover_fiscal_year_ended,23802,122,0.0051256196958238,738,0.0310057978321149,447,0.0187799344592891,-0.025880178136291,0.0147886732207377,0.0517603562725821,0.0369716830518443,5030b18d4b1645c07c85112906dccbde24771392b7fa6bde4787dc16e875ea25,e2d1328682bab7d2187684fb9f5420bb730401c9eefc00daf835edd203f4859d,
ACGL,947484,ARCH CAPITAL GROUP LTD.,current,2018,2018-12-31,2019-02-28,0000947484-19-000008,2019-02-28T21:14:41.000Z,https://www.sec.gov/Archives/edgar/data/947484/000094748419000008/a201810-k.htm,cover_fiscal_year_ended,22922,120,0.0052351452752813,704,0.0307128522816508,431,0.0188028967803856,-0.0254777070063694,0.0137422563476136,0.0514789285402669,0.0377366721926533,b36b3ab0afa278678b76849851e205269c53f29d331c2a9db121712cdbdb1616,e2d1328682bab7d2187684fb9f5420bb730401c9eefc00daf835edd203f4859d,
ACGL,947484,ARCH CAPITAL GROUP LTD.,current,2019,2019-12-31,2020-02-28,0000947484-20-000012,2020-02-28T22:07:41.000Z,https://www.sec.gov/Archives/edgar/data/947484/000094748420000012/a201910-k.htm,dei:DocumentFiscalYearFocus,19129,119,0.0062209211145381,595,0.0311046055726906,407,0.0212765957446808,-0.0248836844581525,0.0143760782058654,0.0514402216529876,0.0370641434471221,a4d5197ee6e5a5f162e3bfe2276b501b730901435d6d8310d0019d3f49de6ad8,e2d1328682bab7d2187684fb9f5420bb730401c9eefc00daf835edd203f4859d,
ACGL,947484,ARCH CAPITAL GROUP LTD.,current,2020,2020-12-31,2021-02-26,0000947484-21-000028,2021-02-26T19:22:35.000Z,https://www.sec.gov/Archives/edgar/data/947484/000094748421000028/acgl-20201231.htm,dei:DocumentFiscalYearFocus,19787,118,0.0059635113963713,603,0.030474554000101,413,0.0208722898872997,-0.0245110426037297,0.013695860918785,0.0496790822257037,0.0359832213069186,a8f5e66bb810f6538e024de58b16267dbbc2b7ea689c68d09370f0d731bbe8a0,e2d1328682bab7d2187684fb9f5420bb730401c9eefc00daf835edd203f4859d,
ACGL,947484,ARCH CAPITAL GROUP LTD.,current,2021,2021-12-31,2022-02-25,0000947484-22-000015,2022-02-25T15:08:14.000Z,https://www.sec.gov/Archives/edgar/data/947484/000094748422000015/acgl-20211231.htm,audited_December_cover_period_overrides_stale_DEI_or_cache,19432,123,0.006329765335529,595,0.0306195965417867,397,0.0204302181967888,-0.0242898312062577,0.0126080691642651,0.0492486620008233,0.0366405928365582,c8d73734bbece03266435ea47ffbbf8fa4df911dec9f1f2b6f68a4234272b122,e2d1328682bab7d2187684fb9f5420bb730401c9eefc00daf835edd203f4859d,
ACGL,947484,ARCH CAPITAL GROUP LTD.,current,2022,2022-12-31,2023-02-24,0000947484-23-000015,2023-02-24T18:13:42.000Z,https://www.sec.gov/Archives/edgar/data/947484/000094748423000015/acgl-20221231.htm,dei:DocumentFiscalYearFocus,18969,120,0.0063261110232484,589,0.0310506616057778,405,0.0213506247034635,-0.0247245505825293,0.0099636248616163,0.0474985502662238,0.0375349254046075,ee48b360bdfbd82f4c20d118e7ee355995473e7aec072ef965285fd31a38a781,e2d1328682bab7d2187684fb9f5420bb730401c9eefc00daf835edd203f4859d,
ACGL,947484,ARCH CAPITAL GROUP LTD.,current,2023,2023-12-31,2024-02-23,0000947484-24-000020,2024-02-23T20:13:41.000Z,https://www.sec.gov/Archives/edgar/data/947484/000094748424000020/acgl-20231231.htm,dei:DocumentFiscalYearFocus,18654,116,0.0062185054143883,571,0.0306100568242736,396,0.0212286908973946,-0.0243915514098852,0.0121153639969979,0.0485686715985847,0.0364533076015867,ce599785b0150c1379c00e8099d14abaf4fe71de57dae5bd8b6e039b1e243238,e2d1328682bab7d2187684fb9f5420bb730401c9eefc00daf835edd203f4859d,
ACGL,947484,ARCH CAPITAL GROUP LTD.,current,2024,2024-12-31,2025-02-27,0000947484-25-000017,2025-02-27T21:14:56.000Z,https://www.sec.gov/Archives/edgar/data/947484/000094748425000017/acgl-20241231.htm,dei:DocumentFiscalYearFocus,18789,124,0.006599606152536,579,0.0308159029219224,393,0.0209164936931183,-0.0242162967693863,0.0120283144392995,0.0488583745808717,0.0368300601415721,25f6f9a780ea5b53c3a7896b5b3e422ba10483da59159e674b0400cd27921a76,e2d1328682bab7d2187684fb9f5420bb730401c9eefc00daf835edd203f4859d,
ACGL,947484,ARCH CAPITAL GROUP LTD.,current,2025,2025-12-31,2026-02-26,0000947484-26-000017,2026-02-26T13:30:35.000Z,https://www.sec.gov/Archives/edgar/data/947484/000094748426000017/acgl-20251231.htm,dei:DocumentFiscalYearFocus,18634,123,0.0066008371793495,584,0.0313405602661801,394,0.0211441451110872,-0.0247397230868305,0.0100890844692497,0.0482988086293871,0.0382097241601373,fb15011dac69aec114de81c94dad40cc081a1286e04a99d8888e9819945aa086,e2d1328682bab7d2187684fb9f5420bb730401c9eefc00daf835edd203f4859d,
ADSK,769397,"Autodesk, Inc.",current,2016,2016-01-31,2016-03-23,0000769397-16-000067,2016-03-23T20:02:56.000Z,https://www.sec.gov/Archives/edgar/data/769397/000076939716000067/adsk-0131201610xk.htm,cover_fiscal_year_ended,15534,93,0.0059868675164156,179,0.0115231105961117,218,0.0140337324578344,-0.0055362430796961,0.0463499420625724,0.0594824256469679,0.0131324835843955,2e243e2c4ba6c9bd2fc87c1145821f460ad0919fbbb38b4bbefb89232f981978,e2d1328682bab7d2187684fb9f5420bb730401c9eefc00daf835edd203f4859d,
ADSK,769397,"Autodesk, Inc.",current,2017,2017-01-31,2017-03-21,0000769397-17-000014,2017-03-21T20:03:19.000Z,https://www.sec.gov/Archives/edgar/data/769397/000076939717000014/adsk-0131201710xk.htm,cover_fiscal_year_ended,14340,83,0.0057880055788005,181,0.0126220362622036,208,0.0145048814504881,-0.006834030683403,0.0402370990237099,0.0555090655509065,0.0152719665271966,d57260bbee5219a822cecf9cc047958dc3dd35b95dacccf589225dab7da9da92,e2d1328682bab7d2187684fb9f5420bb730401c9eefc00daf835edd203f4859d,
ADSK,769397,"Autodesk, Inc.",current,2018,2018-01-31,2018-03-22,0000769397-18-000011,2018-03-22T21:04:04.000Z,https://www.sec.gov/Archives/edgar/data/769397/000076939718000011/adsk-0131201810xk.htm,dei:DocumentFiscalYearFocus,14086,78,0.0055374130342183,197,0.0139855175351412,226,0.0160442993042737,-0.0084481045009229,0.0369160868947891,0.0528893937242652,0.015973306829476,8bd33d0d4c93337f2e0bdc5d94f83a22b30e473ea9089ff34157a1157d0757fe,e2d1328682bab7d2187684fb9f5420bb730401c9eefc00daf835edd203f4859d,
ADSK,769397,"Autodesk, Inc.",current,2019,2019-01-31,2019-03-25,0000769397-19-000016,2019-03-25T20:05:52.000Z,https://www.sec.gov/Archives/edgar/data/769397/000076939719000016/adsk-0131201910xk.htm,dei:DocumentFiscalYearFocus,13642,78,0.0057176367101598,173,0.0126814250109954,221,0.0161999706787861,-0.0069637883008356,0.038117578067732,0.0534379123295704,0.0153203342618384,34f610354adbf786ba4931817bd44439d4a1275db03965ce99f5b882003d0648,e2d1328682bab7d2187684fb9f5420bb730401c9eefc00daf835edd203f4859d,
ADSK,769397,"Autodesk, Inc.",current,2020,2020-01-31,2020-03-19,0000769397-20-000013,2020-03-19T20:08:49.000Z,https://www.sec.gov/Archives/edgar/data/769397/000076939720000013/adsk-0131202010xk.htm,dei:DocumentFiscalYearFocus,12470,102,0.0081796311146752,142,0.0113873295910184,213,0.0170809943865276,-0.0032076984763432,0.0365677626303127,0.0524458700882117,0.0158781074578989,1558a8ee7514c6507d702989e828f274103425683b086f5950223245167ec232,e2d1328682bab7d2187684fb9f5420bb730401c9eefc00daf835edd203f4859d,
ADSK,769397,"Autodesk, Inc.",current,2021,2021-01-31,2021-03-19,0000769397-21-000014,2021-03-19T20:02:20.000Z,https://www.sec.gov/Archives/edgar/data/769397/000076939721000014/adsk-20210131.htm,dei:DocumentFiscalYearFocus,12236,94,0.0076822491010134,137,0.0111964694344557,199,0.0162634847989539,-0.0035142203334423,0.0429061784897025,0.0585158548545276,0.0156096763648251,24346840b6d6cbe3201da512f4b12b7aeba595d863987931762b616a8e84cd92,e2d1328682bab7d2187684fb9f5420bb730401c9eefc00daf835edd203f4859d,
ADSK,769397,"Autodesk, Inc.",current,2022,2022-01-31,2022-03-14,0000769397-22-000019,2022-03-14T20:03:37.000Z,https://www.sec.gov/Archives/edgar/data/769397/000076939722000019/adsk-20220131.htm,dei:DocumentFiscalYearFocus,12166,101,0.0083018247575209,132,0.0108499095840868,197,0.0161926680914022,-0.0025480848265658,0.0449613677461778,0.0601676804208449,0.0152063126746671,b33382d52f143c45c11161f50181b14fb912fb4cb691e1f0aa9ad4d21adb8b88,e2d1328682bab7d2187684fb9f5420bb730401c9eefc00daf835edd203f4859d,
ADSK,769397,"Autodesk, Inc.",current,2023,2023-01-31,2023-03-14,0000769397-23-000036,2023-03-14T20:23:47.000Z,https://www.sec.gov/Archives/edgar/data/769397/000076939723000036/adsk-20230131.htm,dei:DocumentFiscalYearFocus,12224,104,0.0085078534031413,122,0.0099803664921465,187,0.0152977748691099,-0.0014725130890052,0.0434391361256544,0.0585732984293193,0.0151341623036649,48c08129ab21d2167dbdde18fb87ddd1cf3fee6d0e07e7122cfe597d237da8b7,e2d1328682bab7d2187684fb9f5420bb730401c9eefc00daf835edd203f4859d,
ADSK,769397,"Autodesk, Inc.",current,2024,2024-01-31,2024-06-10,0000769397-24-000090,2024-06-10T20:16:30.000Z,https://www.sec.gov/Archives/edgar/data/769397/000076939724000090/adsk-20240131.htm,dei:DocumentFiscalYearFocus,12767,114,0.0089292707762199,120,0.0093992323960209,196,0.0153520795801676,-0.000469961619801,0.0444113730711991,0.0592151640949322,0.014803791023733,632cc7ce3856b2686877183096df7eac76f61e9da605bb48c4e4fcb13ca98dcc,e2d1328682bab7d2187684fb9f5420bb730401c9eefc00daf835edd203f4859d,
ADSK,769397,"Autodesk, Inc.",current,2025,2025-01-31,2025-03-06,0000769397-25-000019,2025-03-06T21:24:13.000Z,https://www.sec.gov/Archives/edgar/data/769397/000076939725000019/adsk-20250131.htm,dei:DocumentFiscalYearFocus,11469,104,0.0090679222251286,101,0.0088063475455575,169,0.0147353736158339,0.000261574679571,0.0443805039672159,0.0584183451041939,0.0140378411369779,732301c35a8b9defcffbf9613e0b923995662d6f4059dfc7a5ba0dcabab86ae7,e2d1328682bab7d2187684fb9f5420bb730401c9eefc00daf835edd203f4859d,
AEE,1002910,AMEREN CORP,current,2016,2016-12-31,2017-02-28,0001002910-17-000054,2017-02-28T16:06:25.000Z,https://www.sec.gov/Archives/edgar/data/1002910/000100291017000054/aee201610-k.htm,cover_fiscal_year_ended,22238,98,0.0044068711215037,203,0.0091285187516863,162,0.0072848277722816,-0.0047216476301825,0.0458674341217735,0.0625955571544203,0.0167281230326468,bc9aeda37d71319f1c67214bc31e52e20cce521e9b112e019af21569831749fc,e2d1328682bab7d2187684fb9f5420bb730401c9eefc00daf835edd203f4859d,
AEE,1002910,AMEREN CORP,current,2017,2017-12-31,2018-02-28,0001002910-18-000069,2018-02-28T21:42:56.000Z,https://www.sec.gov/Archives/edgar/data/1002910/000100291018000069/aee201710-k.htm,cover_fiscal_year_ended,21710,109,0.0050207277752187,173,0.0079686780285582,169,0.0077844311377245,-0.0029479502533394,0.0443574389682174,0.0600644864117918,0.0157070474435743,5dce8109943e5654bbb242ed5f80e70b0870acd4faa780ad13e17106fa94791b,e2d1328682bab7d2187684fb9f5420bb730401c9eefc00daf835edd203f4859d,
AEE,1002910,AMEREN CORP,current,2018,2018-12-31,2019-02-26,0001002910-19-000094,2019-02-26T22:21:39.000Z,https://www.sec.gov/Archives/edgar/data/1002910/000100291019000094/aee201810-k.htm,cover_fiscal_year_ended,21741,113,0.0051975530104411,163,0.0074973552274504,157,0.0072213789614093,-0.0022998022170093,0.045812060162826,0.0603008141299848,0.0144887539671588,64c6c605dac5f806eb93078cc5fcb06e3921a5dda5049e0eb07c175e63bbfc16,e2d1328682bab7d2187684fb9f5420bb730401c9eefc00daf835edd203f4859d,
AEE,1002910,AMEREN CORP,current,2019,2019-12-31,2020-02-28,0001002910-20-000077,2020-02-28T22:34:34.000Z,https://www.sec.gov/Archives/edgar/data/1002910/000100291020000077/aee201910-k.htm,dei:DocumentFiscalYearFocus,18201,88,0.0048348991813636,142,0.007801769133564,173,0.0095049722542717,-0.0029668699522004,0.0431294983792099,0.0584583264655788,0.0153288280863688,0af1dea5aca1a06c3e91ad3a2d28e35893e98ad691e77439a5ce66788bff1164,e2d1328682bab7d2187684fb9f5420bb730401c9eefc00daf835edd203f4859d,
AEE,1002910,AMEREN CORP,current,2020,2020-12-31,2021-02-22,0001002910-21-000065,2021-02-22T22:22:26.000Z,https://www.sec.gov/Archives/edgar/data/1002910/000100291021000065/aee-20201231.htm,dei:DocumentFiscalYearFocus,20296,93,0.0045821836815135,173,0.0085238470634607,197,0.0097063460780449,-0.0039416633819471,0.0385297595585337,0.0566614111154907,0.018131651556957,4819220b12fdd8a4206aac7a831f04e8a230580749c81b1f5b48eab99774a257,e2d1328682bab7d2187684fb9f5420bb730401c9eefc00daf835edd203f4859d,
AEE,1002910,AMEREN CORP,current,2021,2021-12-31,2022-02-23,0001002910-22-000038,2022-02-22T23:43:23.000Z,https://www.sec.gov/Archives/edgar/data/1002910/000100291022000038/aee-20211231.htm,dei:DocumentFiscalYearFocus,22881,113,0.0049385953411127,173,0.0075608583540929,225,0.0098334862986757,-0.0026222630129802,0.0481185262881867,0.0629343123115248,0.0148157860233381,cad8b08bd6bdf38f5c7879b07a0de9b013bac0457e8a3b9611aba842418b05a3,e2d1328682bab7d2187684fb9f5420bb730401c9eefc00daf835edd203f4859d,
AEE,1002910,AMEREN CORP,current,2022,2022-12-31,2023-02-22,0001002910-23-000053,2023-02-22T01:28:07.000Z,https://www.sec.gov/Archives/edgar/data/1002910/000100291023000053/aee-20221231.htm,dei:DocumentFiscalYearFocus,25021,99,0.0039566763918308,208,0.0083130170656648,247,0.009871707765477,-0.0043563406738339,0.0475200831301706,0.0615882658566803,0.0140681827265097,c835b6a15e9a394c60acc8164e35f477ab3c8e7e3a7b7ab7aed882de873e31ed,e2d1328682bab7d2187684fb9f5420bb730401c9eefc00daf835edd203f4859d,
AEE,1002910,AMEREN CORP,current,2023,2023-12-31,2024-02-29,0001002910-24-000056,2024-02-29T19:48:22.000Z,https://www.sec.gov/Archives/edgar/data/1002910/000100291024000056/aee-20231231.htm,dei:DocumentFiscalYearFocus,24865,105,0.0042228031369394,177,0.0071184395736979,260,0.0104564649105167,-0.0028956364367584,0.0475366981701186,0.0619344460084456,0.0143977478383269,8a3533368cf133addca1a4d985d35bc563cd17566587764ce8a1e80f2a02b39e,e2d1328682bab7d2187684fb9f5420bb730401c9eefc00daf835edd203f4859d,
AEE,1002910,AMEREN CORP,current,2024,2024-12-31,2025-02-18,0001002910-25-000055,2025-02-18T21:09:43.000Z,https://www.sec.gov/Archives/edgar/data/1002910/000100291025000055/aee-20241231.htm,dei:DocumentFiscalYearFocus,24421,89,0.0036444044060439,177,0.0072478604479751,245,0.0100323492076491,-0.0036034560419311,0.0466401867245403,0.0619958232668604,0.0153556365423201,b9e53390b1d907c6b53e1750ead701aa0ef72b58739f68fbeb07ad56f4f64aa2,e2d1328682bab7d2187684fb9f5420bb730401c9eefc00daf835edd203f4859d,
AEE,1002910,AMEREN CORP,current,2025,2025-12-31,2026-02-18,0001002910-26-000009,2026-02-18T21:15:10.000Z,https://www.sec.gov/Archives/edgar/data/1002910/000100291026000009/aee-20251231.htm,dei:DocumentFiscalYearFocus,22418,94,0.0041930591488982,153,0.0068248728700151,203,0.0090552234811312,-0.0026318137211169,0.0483540012489963,0.0641002765634757,0.0157462753144794,5a00c8e096785b683f8b8038dabd16e66f0c4970ed87d3abc17f8a8d8897c428,e2d1328682bab7d2187684fb9f5420bb730401c9eefc00daf835edd203f4859d,
ALNY,1178670,"ALNYLAM PHARMACEUTICALS, INC.",current,2016,2016-12-31,2017-02-15,0001564590-17-001649,2017-02-15T22:06:26.000Z,https://www.sec.gov/Archives/edgar/data/1178670/000156459017001649/alny-10k_20161231.htm,cover_fiscal_year_ended,12538,194,0.0154729621949274,117,0.0093316318392088,141,0.0112458127293029,0.0061413303557186,0.038203860264795,0.0483330674748763,0.0101292072100813,cefce9186191e14ba8a87259fdfb91ec714f204d8636fca4a68a624ab12137a2,e2d1328682bab7d2187684fb9f5420bb730401c9eefc00daf835edd203f4859d,
ALNY,1178670,"ALNYLAM PHARMACEUTICALS, INC.",current,2017,2017-12-31,2018-02-15,0001564590-18-002152,2018-02-15T12:36:48.000Z,https://www.sec.gov/Archives/edgar/data/1178670/000156459018002152/alny-10k_20171231.htm,cover_fiscal_year_ended,12895,207,0.0160527336176812,116,0.0089957347809228,156,0.0120977122915858,0.0070569988367584,0.0373788290034897,0.0476153547886777,0.010236525785188,26cda9c3ef1ef8516ac0a29d468c69a69ba8bf24e0e160ee41ddd66f2ac15dd6,e2d1328682bab7d2187684fb9f5420bb730401c9eefc00daf835edd203f4859d,
ALNY,1178670,"ALNYLAM PHARMACEUTICALS, INC.",current,2018,2018-12-31,2019-02-14,0001564590-19-003022,2019-02-14T22:25:58.000Z,https://www.sec.gov/Archives/edgar/data/1178670/000156459019003022/alny-10k_20181231.htm,cover_fiscal_year_ended,16026,226,0.0141020841133158,130,0.0081118182952701,163,0.0101709721702233,0.0059902658180456,0.0328216647947086,0.0446773992262573,0.0118557344315487,e02d3df0a46bc5fccd8288b7af82649c8ee4dcdd2682c989ffc4d4c73518701f,e2d1328682bab7d2187684fb9f5420bb730401c9eefc00daf835edd203f4859d,
ALNY,1178670,"ALNYLAM PHARMACEUTICALS, INC.",current,2019,2019-12-31,2020-02-13,0001178670-20-000004,2020-02-13T13:29:30.000Z,https://www.sec.gov/Archives/edgar/data/1178670/000117867020000004/alny-20191231.htm,dei:DocumentFiscalYearFocus,5764,79,0.0137057598889659,47,0.0081540596807772,100,0.0173490631505898,0.0055517002081887,0.0327897293546148,0.0463219986120749,0.01353226925746,5574f35906c3e0116b25b15a72df42791b4fce7984c25bcc2e036b6e35a11b60,e2d1328682bab7d2187684fb9f5420bb730401c9eefc00daf835edd203f4859d,
ALNY,1178670,"ALNYLAM PHARMACEUTICALS, INC.",current,2020,2020-12-31,2021-02-11,0001178670-21-000010,2021-02-11T21:13:06.000Z,https://www.sec.gov/Archives/edgar/data/1178670/000117867021000010/alny-20201231.htm,dei:DocumentFiscalYearFocus,4514,73,0.0161719096145325,25,0.0055383252104563,59,0.013070447496677,0.0106335844040762,0.0327868852459016,0.0458573327425786,0.013070447496677,1301ee031f0b3aef5a0d521d4baee3578e0109d5289110634c12026f1e2f65eb,e2d1328682bab7d2187684fb9f5420bb730401c9eefc00daf835edd203f4859d,
ALNY,1178670,"ALNYLAM PHARMACEUTICALS, INC.",current,2021,2021-12-31,2022-02-10,0001178670-22-000013,2022-02-10T13:22:31.000Z,https://www.sec.gov/Archives/edgar/data/1178670/000117867022000013/alny-20211231.htm,dei:DocumentFiscalYearFocus,3706,55,0.014840798704803,14,0.0037776578521316,49,0.0132218024824608,0.0110631408526713,0.033189422558014,0.0453318942255801,0.0121424716675661,eb30164440ed5afd612434420fc2964694a2d36672c96ab2f3ca3b2b4d5a52a7,e2d1328682bab7d2187684fb9f5420bb730401c9eefc00daf835edd203f4859d,
ALNY,1178670,"ALNYLAM PHARMACEUTICALS, INC.",current,2022,2022-12-31,2023-02-23,0001178670-23-000005,2023-02-23T13:19:23.000Z,https://www.sec.gov/Archives/edgar/data/1178670/000117867023000005/alny-20221231.htm,dei:DocumentFiscalYearFocus,3667,54,0.0147259340059994,18,0.0049086446686664,51,0.0139078265612217,0.0098172893373329,0.0313607853831469,0.0458140169075538,0.0144532315244068,ec492a1402d5c6be27c45d2ff90bcbf5bca14bc8738e2bea173b4c55a95a0165,e2d1328682bab7d2187684fb9f5420bb730401c9eefc00daf835edd203f4859d,
ALNY,1178670,"ALNYLAM PHARMACEUTICALS, INC.",current,2023,2023-12-31,2024-02-15,0001178670-24-000008,2024-02-15T21:23:12.000Z,https://www.sec.gov/Archives/edgar/data/1178670/000117867024000008/alny-20231231.htm,dei:DocumentFiscalYearFocus,3872,69,0.0178202479338842,17,0.0043904958677685,49,0.0126549586776859,0.0134297520661157,0.034349173553719,0.0472623966942148,0.0129132231404958,41528ba85d01336147a751ae556bf9cda5d516253d884d5f4d7cc54724ec4cc3,e2d1328682bab7d2187684fb9f5420bb730401c9eefc00daf835edd203f4859d,
ALNY,1178670,"ALNYLAM PHARMACEUTICALS, INC.",current,2024,2024-12-31,2025-02-13,0001178670-25-000026,2025-02-13T13:31:57.000Z,https://www.sec.gov/Archives/edgar/data/1178670/000117867025000026/alny-20241231.htm,dei:DocumentFiscalYearFocus,3926,67,0.0170657157412124,15,0.0038206826286296,47,0.0119714722363728,0.0132450331125827,0.031839021905247,0.043046357615894,0.0112073357106469,9c6faf130fca8c3d466b0dc8792f52e50b9b2582b0378ddcf9bf8368a9912579,e2d1328682bab7d2187684fb9f5420bb730401c9eefc00daf835edd203f4859d,
ALNY,1178670,"ALNYLAM PHARMACEUTICALS, INC.",current,2025,2025-12-31,2026-02-12,0001628280-26-007497,2026-02-12T13:12:30.000Z,https://www.sec.gov/Archives/edgar/data/1178670/000162828026007497/alny-20251231.htm,dei:DocumentFiscalYearFocus,4219,73,0.0173026783598009,15,0.0035553448684522,42,0.0099549656316662,0.0137473334913486,0.027020621000237,0.0379236785968238,0.0109030575965868,16be6a0939204aaf46dfb40525b2112c6b23291430d99a2dff08a1c4f8501514,e2d1328682bab7d2187684fb9f5420bb730401c9eefc00daf835edd203f4859d,
AMAT,6951,APPLIED MATERIALS INC /DE,current,2016,2016-10-30,2016-12-15,0000006951-16-000068,2016-12-15T21:46:47.000Z,https://www.sec.gov/Archives/edgar/data/6951/000000695116000068/amat10302016-10k.htm,cover_fiscal_year_ended,9798,49,0.0050010206164523,143,0.0145948152684221,134,0.0136762604613186,-0.0095937946519697,0.0231679934680547,0.0464380485813431,0.0232700551132884,69e5649898f341c5f2bcc065d05b5eff5463db411d4ef6f19ef31351cc0524a0,e2d1328682bab7d2187684fb9f5420bb730401c9eefc00daf835edd203f4859d,
AMAT,6951,APPLIED MATERIALS INC /DE,current,2017,2017-10-29,2017-12-15,0000006951-17-000038,2017-12-15T21:36:31.000Z,https://www.sec.gov/Archives/edgar/data/6951/000000695117000038/amat1029201710-kq42017.htm,cover_fiscal_year_ended,8715,53,0.0060814687320711,114,0.0130808950086058,127,0.0145725760183591,-0.0069994262765347,0.0304073436603557,0.0520940906483075,0.0216867469879518,c5a151911de1ec0d6fe0889c20c216b70018364e37aa4cc67cb282e947fd0b68,e2d1328682bab7d2187684fb9f5420bb730401c9eefc00daf835edd203f4859d,
AMAT,6951,APPLIED MATERIALS INC /DE,current,2018,2018-10-28,2018-12-13,0000006951-18-000041,2018-12-13T21:16:55.000Z,https://www.sec.gov/Archives/edgar/data/6951/000000695118000041/amat1028201810-kq42018.htm,cover_fiscal_year_ended,8586,53,0.0061728395061728,82,0.0095504309340787,131,0.0152573957605404,-0.0033775914279058,0.032028884230142,0.0520614954577218,0.0200326112275797,2209c083512390989038f27bd2670d0f9a42f1dd25313a6235e84cac049d58fe,e2d1328682bab7d2187684fb9f5420bb730401c9eefc00daf835edd203f4859d,
AMAT,6951,APPLIED MATERIALS INC /DE,current,2019,2019-10-27,2019-12-13,0000006951-19-000046,2019-12-13T21:07:21.000Z,https://www.sec.gov/Archives/edgar/data/6951/000000695119000046/amat-20191027.htm,dei:DocumentFiscalYearFocus,8790,45,0.0051194539249146,87,0.0098976109215017,123,0.0139931740614334,-0.004778156996587,0.0304891922639362,0.0511945392491467,0.0207053469852104,a9f4043af1254f917e7a7409a2152868e210abf1ae0399c8f3f7364cf76de6dd,e2d1328682bab7d2187684fb9f5420bb730401c9eefc00daf835edd203f4859d,
AMAT,6951,APPLIED MATERIALS INC /DE,current,2020,2020-10-25,2020-12-11,0000006951-20-000048,2020-12-11T20:52:08.000Z,https://www.sec.gov/Archives/edgar/data/6951/000000695120000048/amat-20201025.htm,dei:DocumentFiscalYearFocus,9413,47,0.0049930946563263,90,0.0095612450865823,137,0.0145543397429087,-0.004568150430256,0.034314246255179,0.0553489854456602,0.0210347391904812,8b685711ec46bae3a3c74e1a5f5270b440eca8190670a17efb34212d0724bbeb,e2d1328682bab7d2187684fb9f5420bb730401c9eefc00daf835edd203f4859d,
AMAT,6951,APPLIED MATERIALS INC /DE,current,2021,2021-10-31,2021-12-17,0000006951-21-000043,2021-12-17T21:14:51.000Z,https://www.sec.gov/Archives/edgar/data/6951/000000695121000043/amat-20211031.htm,dei:DocumentFiscalYearFocus,9088,46,0.0050616197183098,83,0.0091329225352112,127,0.0139744718309859,-0.0040713028169014,0.0333406690140845,0.0547975352112676,0.021456866197183,c8ca3017d7bf7d4bf98fa8499eea26fb606c3caadf1d337ddb9c2cccecb98c59,e2d1328682bab7d2187684fb9f5420bb730401c9eefc00daf835edd203f4859d,
AMAT,6951,APPLIED MATERIALS INC /DE,current,2022,2022-10-30,2022-12-16,0000006951-22-000043,2022-12-16T21:50:05.000Z,https://www.sec.gov/Archives/edgar/data/6951/000000695122000043/amat-20221030.htm,dei:DocumentFiscalYearFocus,8976,41,0.0045677361853832,74,0.0082442067736185,121,0.0134803921568627,-0.0036764705882352,0.0321969696969696,0.053030303030303,0.0208333333333333,aad391a471a7db4b6b1623592605ebc427ce66de31e10c0729a5d1d6fced31dd,e2d1328682bab7d2187684fb9f5420bb730401c9eefc00daf835edd203f4859d,
AMAT,6951,APPLIED MATERIALS INC /DE,current,2023,2023-10-29,2023-12-15,0000006951-23-000041,2023-12-15T21:01:24.000Z,https://www.sec.gov/Archives/edgar/data/6951/000000695123000041/amat-20231029.htm,dei:DocumentFiscalYearFocus,7124,34,0.0047725996631106,33,0.0046322290847838,84,0.0117911285794497,0.0001403705783267,0.0331274564851207,0.0524985962942167,0.019371139809096,81feebc289c6f1f5e326ec8c3ab5c218d8af5a7ca1555c81bb2d43176ecde596,e2d1328682bab7d2187684fb9f5420bb730401c9eefc00daf835edd203f4859d,
AMAT,6951,APPLIED MATERIALS INC /DE,current,2024,2024-10-27,2024-12-13,0000006951-24-000044,2024-12-13T21:01:17.000Z,https://www.sec.gov/Archives/edgar/data/6951/000000695124000044/amat-20241027.htm,dei:DocumentFiscalYearFocus,5332,38,0.0071267816954238,22,0.0041260315078769,57,0.0106901725431357,0.0030007501875468,0.037509377344336,0.054576144036009,0.0170667666916729,91151d0f5995aa8d9433ffa5b69ab74bc60cb5b37652b178775957576b9749d0,e2d1328682bab7d2187684fb9f5420bb730401c9eefc00daf835edd203f4859d,
AMAT,6951,APPLIED MATERIALS INC /DE,current,2025,2025-10-26,2025-12-12,0001628280-25-056742,2025-12-12T21:01:56.000Z,https://www.sec.gov/Archives/edgar/data/6951/000162828025056742/amat-20251026.htm,dei:DocumentFiscalYearFocus,5663,37,0.0065336394137383,40,0.0070633939607981,75,0.0132438636764965,-0.0005297545470598,0.034257460709871,0.0527988698569662,0.0185414091470951,ced112c6c347716bbc6a7edc621027e9b0906ed8af387da953b1133bf506f466,e2d1328682bab7d2187684fb9f5420bb730401c9eefc00daf835edd203f4859d,
AON,315293,Aon plc,current,2016,2016-12-31,2017-02-23,0001628280-17-001652,2017-02-23T21:32:21.000Z,https://www.sec.gov/Archives/edgar/data/315293/000162828017001652/aonplc201610-k.htm,cover_fiscal_year_ended,11316,61,0.0053905973842347,148,0.0130788264404383,166,0.0146694945210321,-0.0076882290562036,0.0569989395546129,0.0736125839519264,0.0166136443973135,a086ce776e601b5076085e38cd1d42f6b8d15d330585646a4be2157866ee0bba,e2d1328682bab7d2187684fb9f5420bb730401c9eefc00daf835edd203f4859d,
AON,315293,Aon plc,current,2017,2017-12-31,2018-02-20,0001628280-18-001923,2018-02-20T22:30:16.000Z,https://www.sec.gov/Archives/edgar/data/315293/000162828018001923/aonplc201710-k.htm,cover_fiscal_year_ended,12079,77,0.0063746998923751,246,0.0203659243314843,165,0.0136600711979468,-0.0139912244391092,0.0531500952065568,0.0667273780942131,0.0135772828876562,ec7627e244dc7192da340d3babd06eaea10d32553911c9ebdf507ccf327c5f72,e2d1328682bab7d2187684fb9f5420bb730401c9eefc00daf835edd203f4859d,
AON,315293,Aon plc,current,2018,2018-12-31,2019-02-19,0001628280-19-001558,2019-02-19T22:09:03.000Z,https://www.sec.gov/Archives/edgar/data/315293/000162828019001558/aonplc201810-k.htm,cover_fiscal_year_ended,12293,88,0.0071585455137069,241,0.0196046530545839,164,0.0133409257300902,-0.0124461075408769,0.05572276905556,0.0693077361099813,0.0135849670544212,a01c535b7e1766eac3690c14007824a7e6087044672639fb0e62f6da0e146863,e2d1328682bab7d2187684fb9f5420bb730401c9eefc00daf835edd203f4859d,
AON,315293,Aon plc,current,2019,2019-12-31,2020-02-14,0001628280-20-001607,2020-02-14T21:40:54.000Z,https://www.sec.gov/Archives/edgar/data/315293/000162828020001607/aonplc201910-k.htm,dei:DocumentFiscalYearFocus,11437,79,0.0069074057882311,209,0.0182740229081052,149,0.0130278919297018,-0.011366617119874,0.050013115327446,0.0646148465506688,0.0146017312232228,f675bbb6a0d02cff7e5d4ba5baaa1ebd217e5ee5a33c0c8e53fbd718d3ae6b9c,e2d1328682bab7d2187684fb9f5420bb730401c9eefc00daf835edd203f4859d,
AON,315293,Aon plc,current,2020,2020-12-31,2021-02-19,0001628280-21-002574,2021-02-19T21:59:44.000Z,https://www.sec.gov/Archives/edgar/data/315293/000162828021002574/aon-20201231.htm,dei:DocumentFiscalYearFocus,12303,78,0.0063399170933918,211,0.0171502885475087,168,0.0136552060473055,-0.0108103714541168,0.0446232626188734,0.061854832154759,0.0172315695358855,c0162c181e525b8ac3658082df23148873b8fc602e355331661fa57a10e6ccaf,e2d1328682bab7d2187684fb9f5420bb730401c9eefc00daf835edd203f4859d,
AON,315293,Aon plc,current,2021,2021-12-31,2022-02-18,0001628280-22-003180,2022-02-18T21:07:56.000Z,https://www.sec.gov/Archives/edgar/data/315293/000162828022003180/aon-20211231.htm,dei:DocumentFiscalYearFocus,11408,76,0.0066619915848527,173,0.015164796633941,159,0.013937587657784,-0.0085028050490883,0.0491760168302945,0.0653927068723702,0.0162166900420757,96d164b7dd8acb3cc71a93fae4f746a3812df8a3f7a1873fae5ecb5a1e716f10,e2d1328682bab7d2187684fb9f5420bb730401c9eefc00daf835edd203f4859d,
AON,315293,Aon plc,current,2022,2022-12-31,2023-02-17,0001628280-23-004087,2023-02-17T22:07:28.000Z,https://www.sec.gov/Archives/edgar/data/315293/000162828023004087/aon-20221231.htm,dei:DocumentFiscalYearFocus,10359,75,0.0072400810889081,119,0.0114875953277343,143,0.0138044212761849,-0.0042475142388261,0.0498117578916883,0.0655468674582488,0.0157351095665604,a0ba28a270fede4c05197cf657ae0a625ac3b39d26ea3d925d6ec217a2884a50,e2d1328682bab7d2187684fb9f5420bb730401c9eefc00daf835edd203f4859d,
AON,315293,Aon plc,current,2023,2023-12-31,2024-02-16,0001628280-24-005392,2024-02-16T22:18:42.000Z,https://www.sec.gov/Archives/edgar/data/315293/000162828024005392/aon-20231231.htm,dei:DocumentFiscalYearFocus,11201,78,0.0069636639585751,120,0.0107133291670386,166,0.0148201053477368,-0.0037496652084635,0.0503526470850816,0.066065529863405,0.0157128827783233,d1b68b06cdfe5281c23417437e58fa9e7e09fa452f5253ef6c09aae565c6bfae,e2d1328682bab7d2187684fb9f5420bb730401c9eefc00daf835edd203f4859d,
AON,315293,Aon plc,current,2024,2024-12-31,2025-02-18,0001628280-25-006093,2025-02-18T21:47:00.000Z,https://www.sec.gov/Archives/edgar/data/315293/000162828025006093/aon-20241231.htm,dei:DocumentFiscalYearFocus,13619,90,0.0066084147147367,145,0.0106468903737425,221,0.0162273294661869,-0.0040384756590058,0.0507379396431456,0.0688743666935898,0.0181364270504442,a5acc99cb2c23ce75ce045be3639d83da22334d446eeb863b268496b084b4a96,e2d1328682bab7d2187684fb9f5420bb730401c9eefc00daf835edd203f4859d,
AON,315293,Aon plc,current,2025,2025-12-31,2026-02-13,0001628280-26-008116,2026-02-13T21:15:50.000Z,https://www.sec.gov/Archives/edgar/data/315293/000162828026008116/aon-20251231.htm,dei:DocumentFiscalYearFocus,12585,80,0.0063567739372268,129,0.0102502979737783,179,0.014223281684545,-0.0038935240365514,0.0490266189908621,0.0661104489471593,0.0170838299562971,03493a219fffdef8be1b61a7aee8c7c785d4e58efc8bab0a0b5192cbea45b06b,e2d1328682bab7d2187684fb9f5420bb730401c9eefc00daf835edd203f4859d,
APD,2969,"Air Products & Chemicals, Inc.",current,2016,2016-09-30,2016-11-21,0001193125-16-773346,2016-11-21T18:23:28.000Z,https://www.sec.gov/Archives/edgar/data/2969/000119312516773346/d271291d10k.htm,cover_fiscal_year_ended,16813,143,0.0085053232617617,304,0.0180812466543745,245,0.0145720573365847,-0.0095759233926128,0.0327127817760066,0.0562659846547314,0.0235532028787247,42951974d5bd2f46d629719e7da46d3c7fda93f83051901785cb2176cffed377,e2d1328682bab7d2187684fb9f5420bb730401c9eefc00daf835edd203f4859d,
APD,2969,"Air Products & Chemicals, Inc.",current,2017,2017-09-30,2017-11-16,0000002969-17-000039,2017-11-16T13:20:11.000Z,https://www.sec.gov/Archives/edgar/data/2969/000000296917000039/apd-10xkx30sep2017.htm,cover_fiscal_year_ended,17903,123,0.0068703569234206,342,0.0191029436407306,262,0.0146344188124895,-0.0122325867173099,0.0353013461431045,0.0564709825168966,0.0211696363737921,64f633735669b7e3c44f0da6d30d7a836937eefeb1819292a7f06ea097a66817,e2d1328682bab7d2187684fb9f5420bb730401c9eefc00daf835edd203f4859d,
APD,2969,"Air Products & Chemicals, Inc.",current,2018,2018-09-30,2018-11-20,0000002969-18-000044,2018-11-20T19:47:42.000Z,https://www.sec.gov/Archives/edgar/data/2969/000000296918000044/apd-10xkx30sep2018.htm,dei:DocumentFiscalYearFocus,17288,114,0.0065941693660342,277,0.0160226746876446,261,0.0150971772327626,-0.0094285053216103,0.0387552059231837,0.0570916242480333,0.0183364183248496,7bb346b7fe1f6e23949f13321fe6780886230d93166d625d9b3f040fd5d27d55,e2d1328682bab7d2187684fb9f5420bb730401c9eefc00daf835edd203f4859d,
APD,2969,"Air Products & Chemicals, Inc.",current,2019,2019-09-30,2019-11-26,0000002969-19-000051,2019-11-26T18:55:27.000Z,https://www.sec.gov/Archives/edgar/data/2969/000000296919000051/apd-10xkx30sep19.htm,dei:DocumentFiscalYearFocus,13153,103,0.007830913099673,214,0.0162700524595149,208,0.0158138827643883,-0.0084391393598418,0.0374819432829012,0.0563369573481335,0.0188550140652322,51eb19e50dea26cad3dde28f8113395649cc42619f2fe1eb11ec5a28b141c965,e2d1328682bab7d2187684fb9f5420bb730401c9eefc00daf835edd203f4859d,
APD,2969,"Air Products & Chemicals, Inc.",current,2020,2020-09-30,2020-11-19,0000002969-20-000049,2020-11-19T20:29:11.000Z,https://www.sec.gov/Archives/edgar/data/2969/000000296920000049/apd-20200930.htm,dei:DocumentFiscalYearFocus,13338,97,0.0072724546408756,221,0.016569200779727,201,0.0150697255960413,-0.0092967461388514,0.0385365122207227,0.0576548208127155,0.0191183085919928,2384e8df693c762801e715e84eb50d50678c407efb1128540c2b4ad756612a9e,e2d1328682bab7d2187684fb9f5420bb730401c9eefc00daf835edd203f4859d,
APD,2969,"Air Products & Chemicals, Inc.",current,2021,2021-09-30,2021-11-18,0000002969-21-000055,2021-11-18T19:04:47.000Z,https://www.sec.gov/Archives/edgar/data/2969/000000296921000055/apd-20210930.htm,dei:DocumentFiscalYearFocus,12009,105,0.0087434424181863,189,0.0157381963527354,173,0.0144058622699641,-0.006994753934549,0.0429677741693729,0.058123074360896,0.015155300191523,60bcacaa805f97467660b7736e94fa810399576d10bfb3e87ae719fa0f22c927,e2d1328682bab7d2187684fb9f5420bb730401c9eefc00daf835edd203f4859d,
APD,2969,"Air Products & Chemicals, Inc.",current,2022,2022-09-30,2022-11-22,0000002969-22-000054,2022-11-22T21:37:46.000Z,https://www.sec.gov/Archives/edgar/data/2969/000000296922000054/apd-20220930.htm,dei:DocumentFiscalYearFocus,14121,133,0.0094185964166843,235,0.0166418808866227,184,0.0130302386516535,-0.0072232844699383,0.0456766517951986,0.0587068904468522,0.0130302386516535,0ffe00ce257b86098fca7c3d14ebc08260c42c8065208ec9e55b772e9600f1e5,e2d1328682bab7d2187684fb9f5420bb730401c9eefc00daf835edd203f4859d,
APD,2969,"Air Products & Chemicals, Inc.",current,2023,2023-09-30,2023-11-16,0000002969-23-000047,2023-11-16T17:58:45.000Z,https://www.sec.gov/Archives/edgar/data/2969/000000296923000047/apd-20230930.htm,dei:DocumentFiscalYearFocus,12613,82,0.0065012288908269,170,0.0134781574565924,189,0.0149845397605644,-0.0069769285657654,0.0440022199318163,0.0594624593673194,0.015460239435503,d9269204f41d8f4d614dba68af023b99df654cca65179f32c0c1f463c2915bb6,e2d1328682bab7d2187684fb9f5420bb730401c9eefc00daf835edd203f4859d,
APD,2969,"Air Products & Chemicals, Inc.",current,2024,2024-09-30,2024-11-21,0000002969-24-000056,2024-11-21T18:57:11.000Z,https://www.sec.gov/Archives/edgar/data/2969/000000296924000056/apd-20240930.htm,dei:DocumentFiscalYearFocus,12716,122,0.0095942120163573,168,0.0132117017930166,185,0.0145486001887385,-0.0036174897766593,0.0444322113872286,0.0614186851211072,0.0169864737338785,36abc4d1a426500993257540525624b407f739d0e122a9c5216e7927b3de3f79,e2d1328682bab7d2187684fb9f5420bb730401c9eefc00daf835edd203f4859d,
APD,2969,"Air Products & Chemicals, Inc.",current,2025,2025-09-30,2025-11-20,0000002969-25-000055,2025-11-20T15:20:44.000Z,https://www.sec.gov/Archives/edgar/data/2969/000000296925000055/apd-20250930.htm,dei:DocumentFiscalYearFocus,14617,124,0.0084832729014161,217,0.0148457275774782,214,0.0146404871040569,-0.0063624546760621,0.0403639597728672,0.0575357460491208,0.0171717862762536,ebfb4fc3c77c3da9097784e66b6e9c1814c63fc77d4fffeb14b544b51cdb81b5,e2d1328682bab7d2187684fb9f5420bb730401c9eefc00daf835edd203f4859d,
APH,820313,AMPHENOL CORP /DE/,current,2016,2016-12-31,2017-02-17,0001558370-17-000659,2017-02-17T19:28:24.000Z,https://www.sec.gov/Archives/edgar/data/820313/000155837017000659/aph-20161231x10k.htm,cover_fiscal_year_ended,9502,31,0.0032624710587244,40,0.0042096400757735,147,0.0154704272784676,-0.000947169017049,0.0407282677331088,0.0521995369395916,0.0114712692064828,8bd42b24d0116e9f9362568f946c2a4d3ea07626cb0f5fa7637c72e2500aed16,e2d1328682bab7d2187684fb9f5420bb730401c9eefc00daf835edd203f4859d,
APH,820313,AMPHENOL CORP /DE/,current,2017,2017-12-31,2018-02-21,0001558370-18-000871,2018-02-21T22:28:05.000Z,https://www.sec.gov/Archives/edgar/data/820313/000155837018000871/aph-20171231x10k.htm,cover_fiscal_year_ended,10731,31,0.0028888267635821,34,0.0031683906439288,137,0.0127667505358307,-0.0002795638803466,0.0380206877271456,0.0493896188612431,0.0113689311340974,01b87788035aefbfbb0a94ca33d3cedad0fcb8f20d480d7e339f2374aafa8a0c,e2d1328682bab7d2187684fb9f5420bb730401c9eefc00daf835edd203f4859d,
APH,820313,AMPHENOL CORP /DE/,current,2018,2018-12-31,2019-02-13,0001558370-19-000636,2019-02-13T21:59:26.000Z,https://www.sec.gov/Archives/edgar/data/820313/000155837019000636/aph-20181231x10k.htm,cover_fiscal_year_ended,11480,34,0.0029616724738675,27,0.0023519163763066,135,0.0117595818815331,0.0006097560975609,0.0355400696864111,0.0457317073170731,0.010191637630662,bc1172741f5695981b6bc46f9b39062e1304ad5af14c00333504b33c591caba1,e2d1328682bab7d2187684fb9f5420bb730401c9eefc00daf835edd203f4859d,
APH,820313,AMPHENOL CORP /DE/,current,2019,2019-12-31,2020-02-12,0001558370-20-000728,2020-02-12T21:51:12.000Z,https://www.sec.gov/Archives/edgar/data/820313/000155837020000728/aph-20191231x10k7e830b.htm,dei:DocumentFiscalYearFocus,11924,33,0.0027675276752767,28,0.0023482053002348,134,0.0112378396511237,0.0004193223750419,0.0313653136531365,0.0433579335793357,0.0119926199261992,5bc731363dbfb0d2912c90d8ac3ebb5d88f01e8402f7469b17728aa391e37265,e2d1328682bab7d2187684fb9f5420bb730401c9eefc00daf835edd203f4859d,
APH,820313,AMPHENOL CORP /DE/,current,2020,2020-12-31,2021-02-10,0001558370-21-000881,2021-02-10T22:11:44.000Z,https://www.sec.gov/Archives/edgar/data/820313/000155837021000881/aph-20201231x10k.htm,dei:DocumentFiscalYearFocus,13196,37,0.0028038799636253,59,0.004471051833889,150,0.0113670809336162,-0.0016671718702637,0.0303122158229766,0.0443316156411033,0.0140193998181267,de9e287c20f92528b96736f5363afcc9cbe9b2bd4c56b79d2c1b0504bfe6ff4b,e2d1328682bab7d2187684fb9f5420bb730401c9eefc00daf835edd203f4859d,
APH,820313,AMPHENOL CORP /DE/,current,2021,2021-12-31,2022-02-09,0001558370-22-000961,2022-02-09T21:39:10.000Z,https://www.sec.gov/Archives/edgar/data/820313/000155837022000961/aph-20211231x10k.htm,dei:DocumentFiscalYearFocus,14534,39,0.0026833631484794,111,0.0076372643456722,160,0.011008669327095,-0.0049539011971927,0.0306866657492775,0.044172285674969,0.0134856199256914,112092883b544ba0e7f7439a4d2c9453c237d48bf651b1cd998abfbb298fb424,e2d1328682bab7d2187684fb9f5420bb730401c9eefc00daf835edd203f4859d,
APH,820313,AMPHENOL CORP /DE/,current,2022,2022-12-31,2023-02-08,0001558370-23-001036,2023-02-08T21:37:48.000Z,https://www.sec.gov/Archives/edgar/data/820313/000155837023001036/aph-20221231x10k.htm,dei:DocumentFiscalYearFocus,15326,48,0.0031319326634477,112,0.007307842881378,167,0.0108965157249119,-0.0041759102179303,0.034842750880856,0.0472399843403366,0.0123972334594806,face236d6530815c9ca81236081316c435861586786a6436fd49fb612502ac7a,e2d1328682bab7d2187684fb9f5420bb730401c9eefc00daf835edd203f4859d,
APH,820313,AMPHENOL CORP /DE/,current,2023,2023-12-31,2024-02-07,0001558370-24-000866,2024-02-07T21:41:10.000Z,https://www.sec.gov/Archives/edgar/data/820313/000155837024000866/aph-20231231x10k.htm,dei:DocumentFiscalYearFocus,14039,53,0.0037751976636512,74,0.0052710307001923,154,0.0109694422679678,-0.001495833036541,0.0366122943229574,0.0485789586152859,0.0119666642923285,640ed7731e809316733a9587994e36ee64084ad3266e49f4e3777e683aa0dc04,e2d1328682bab7d2187684fb9f5420bb730401c9eefc00daf835edd203f4859d,
APH,820313,AMPHENOL CORP /DE/,current,2024,2024-12-31,2025-02-07,0001558370-25-000714,2025-02-07T21:43:42.000Z,https://www.sec.gov/Archives/edgar/data/820313/000155837025000714/aph-20241231x10k.htm,dei:DocumentFiscalYearFocus,14878,58,0.0038983734372899,73,0.0049065734641752,161,0.0108213469552359,-0.0010082000268853,0.0371689743245059,0.0494018013173813,0.0122328269928753,0f36d8af394ba2b020d39c140249a369050a90ea8903206197e1d759c77071f5,e2d1328682bab7d2187684fb9f5420bb730401c9eefc00daf835edd203f4859d,
APH,820313,AMPHENOL CORP /DE/,current,2025,2025-12-31,2026-02-11,0001104659-26-013549,2026-02-11T22:28:12.000Z,https://www.sec.gov/Archives/edgar/data/820313/000110465926013549/aph-20251231x10k.htm,dei:DocumentFiscalYearFocus,14385,59,0.0041014946124435,87,0.0060479666319082,148,0.0102884949600278,-0.0019464720194647,0.0348279457768508,0.0494960027806743,0.0146680570038234,c54e715b6fe92a8d000a925b0eff76f7b9ddb48906ef1a097a5953d7432b644e,e2d1328682bab7d2187684fb9f5420bb730401c9eefc00daf835edd203f4859d,
ATI,1018963,ATI INC,current,2016,2016-12-31,2017-02-24,0001018963-17-000007,2017-02-24T19:11:15.000Z,https://www.sec.gov/Archives/edgar/data/1018963/000101896317000007/atify201610-k.htm,cover_fiscal_year_ended,16429,86,0.0052346460527116,286,0.0174082415241341,153,0.0093128005356382,-0.0121735954714224,0.0344512751841256,0.0545377077119727,0.0200864325278471,33dbba360f07ef5694e7d4ac0f71a98bbaf3f74fa8f2c411be62ba2c9ea4fd49,e2d1328682bab7d2187684fb9f5420bb730401c9eefc00daf835edd203f4859d,
ATI,1018963,ATI INC,current,2017,2017-12-31,2018-02-20,0001018963-18-000004,2018-02-20T19:30:21.000Z,https://www.sec.gov/Archives/edgar/data/1018963/000101896318000004/atify201710-k.htm,cover_fiscal_year_ended,17146,92,0.0053656829581243,258,0.0150472413390878,154,0.0089816866907733,-0.0096815583809634,0.0340604222559197,0.0539484427854893,0.0198880205295695,7a291601e2d16b63d9740ca9c3f5e1132f5a4259328828b23ce2d6190fc95f75,e2d1328682bab7d2187684fb9f5420bb730401c9eefc00daf835edd203f4859d,
ATI,1018963,ATI INC,current,2018,2018-12-31,2019-02-28,0001018963-19-000007,2019-02-28T17:20:24.000Z,https://www.sec.gov/Archives/edgar/data/1018963/000101896319000007/atify201810-k.htm,cover_fiscal_year_ended,15557,89,0.0057208973452465,176,0.0113132351995886,149,0.0095776820723789,-0.005592337854342,0.0394677637076557,0.0559876582888731,0.0165198945812174,c093cb384b4a0b483b47047bf226bf2de8d7b3079766198cd8723d52b60e7171,e2d1328682bab7d2187684fb9f5420bb730401c9eefc00daf835edd203f4859d,
ATI,1018963,ATI INC,current,2019,2019-12-31,2020-02-25,0001018963-20-000004,2020-02-25T17:44:37.000Z,https://www.sec.gov/Archives/edgar/data/1018963/000101896320000004/atify201910-k.htm,dei:DocumentFiscalYearFocus,13537,86,0.0063529585580261,161,0.011893329393514,127,0.0093816946147595,-0.0055403708354879,0.039890670015513,0.0565856541331166,0.0166949841176036,da37fff5ff92cac48ff3c4f83e469fe731b62301d1b8804444828fe71602e8a5,e2d1328682bab7d2187684fb9f5420bb730401c9eefc00daf835edd203f4859d,
ATI,1018963,ATI INC,current,2020,2020-12-31,2021-02-26,0001628280-21-003434,2021-02-26T18:52:31.000Z,https://www.sec.gov/Archives/edgar/data/1018963/000162828021003434/ati-20201231.htm,dei:DocumentFiscalYearFocus,17951,97,0.00540359868531,270,0.0150409447941618,169,0.0094145172970865,-0.0096373461088518,0.032254470503036,0.05320037880898,0.0209459083059439,467d735525bf44c0dda6b0617de9df2172f5e861e3cef1a64f46b03c1f77d3ee,e2d1328682bab7d2187684fb9f5420bb730401c9eefc00daf835edd203f4859d,
ATI,1018963,ATI INC,current,2021,2021-12-31,2022-02-25,0001628280-22-003961,2022-02-25T18:25:12.000Z,https://www.sec.gov/Archives/edgar/data/1018963/000162828022003961/ati-20211231.htm,dei:DocumentFiscalYearFocus,16911,106,0.0062681095145171,222,0.0131275501153095,162,0.0095795635976583,-0.0068594406007923,0.0322275442019987,0.0548163916977115,0.0225888474957128,c71fe97da77493fb2b5a05f7be52fce1cea91c3d647e4b8f49bc51010b43b119,e2d1328682bab7d2187684fb9f5420bb730401c9eefc00daf835edd203f4859d,
ATI,1018963,ATI INC,current,2022,2022-12-31,2023-02-24,0001628280-23-005017,2023-02-24T19:28:42.000Z,https://www.sec.gov/Archives/edgar/data/1018963/000162828023005017/ati-20221231.htm,dei:DocumentFiscalYearFocus,11461,80,0.0069801937003751,130,0.0113428147631096,134,0.0116918244481284,-0.0043626210627344,0.0409213855684495,0.059069889189425,0.0181485036209754,b44bdf55aefc591247bcf8ca79980424ca9c4c89af4a390ab778498f5bf6e0db,e2d1328682bab7d2187684fb9f5420bb730401c9eefc00daf835edd203f4859d,
ATI,1018963,ATI INC,current,2023,2023-12-31,2024-02-23,0001628280-24-006606,2024-02-23T18:54:13.000Z,https://www.sec.gov/Archives/edgar/data/1018963/000162828024006606/ati-20231231.htm,dei:DocumentFiscalYearFocus,13583,93,0.0068467937863505,174,0.0128101303099462,130,0.0095707870131782,-0.0059633365235956,0.0379886622984613,0.0566885076934403,0.018699845394979,401daefd88129e57ee199b35a0d230046d9dbb03c91d401a80b8c3b16228b910,e2d1328682bab7d2187684fb9f5420bb730401c9eefc00daf835edd203f4859d,
ATI,1018963,ATI INC,current,2024,2024-12-29,2025-02-21,0001628280-25-007092,2025-02-21T20:40:28.000Z,https://www.sec.gov/Archives/edgar/data/1018963/000162828025007092/ati-20241229.htm,dei:DocumentFiscalYearFocus,10351,63,0.0060863684668148,120,0.0115930827939329,107,0.0103371654912568,-0.0055067143271181,0.0431842334074002,0.0598975944353202,0.01671336102792,cbd72a6c8d7126fb2ac44ebfcccfb78d216f7aeaaed64194c4005cec66fbb8f2,e2d1328682bab7d2187684fb9f5420bb730401c9eefc00daf835edd203f4859d,
ATI,1018963,ATI INC,current,2025,2025-12-28,2026-02-20,0001628280-26-010140,2026-02-20T20:06:01.000Z,https://www.sec.gov/Archives/edgar/data/1018963/000162828026010140/ati-20251228.htm,dei:DocumentFiscalYearFocus,9381,60,0.0063959066197633,71,0.0075684895000532,102,0.0108730412535976,-0.0011725828802899,0.0457307323313079,0.0612941051060654,0.0155633727747574,a636c81ec4494687f42f8a02edd55bc2bfa611b826bd0fd5e1d654893f120127,e2d1328682bab7d2187684fb9f5420bb730401c9eefc00daf835edd203f4859d,
ATO,731802,ATMOS ENERGY CORP,current,2016,2016-09-30,2016-11-14,0000731802-16-000066,2016-11-14T20:32:24.000Z,https://www.sec.gov/Archives/edgar/data/731802/000073180216000066/ato2016093010-k.htm,cover_fiscal_year_ended,10274,53,0.0051586529102589,62,0.0060346505742651,176,0.0171306209850107,-0.0008759976640062,0.0388358964376095,0.0618065018493284,0.0229706054117189,8925df88a44a511dca29f3633243964a9c564cfdd240de16602a69048ebd2986,e2d1328682bab7d2187684fb9f5420bb730401c9eefc00daf835edd203f4859d,
ATO,731802,ATMOS ENERGY CORP,current,2017,2017-09-30,2017-11-13,0000731802-17-000041,2017-11-13T17:51:18.000Z,https://www.sec.gov/Archives/edgar/data/731802/000073180217000041/ato2017093010-k.htm,cover_fiscal_year_ended,8399,43,0.0051196571020359,45,0.0053577806881771,126,0.015001785926896,-0.0002381235861412,0.0361947850934635,0.0576259078461721,0.0214311227527086,22de1e7fc87a6c7d7dbf89b3dfc1e026187a248c89bb21124d3f7f59c8246dbf,e2d1328682bab7d2187684fb9f5420bb730401c9eefc00daf835edd203f4859d,
ATO,731802,ATMOS ENERGY CORP,current,2018,2018-09-30,2018-11-13,0000731802-18-000039,2018-11-13T12:30:41.000Z,https://www.sec.gov/Archives/edgar/data/731802/000073180218000039/ato201893010-k.htm,cover_fiscal_year_ended,9478,46,0.0048533445874657,47,0.0049588520784975,133,0.0140324963072378,-0.0001055074910318,0.0362945769149609,0.0537033129352184,0.0174087360202574,2801f117ba348b581fb43f8ddd1121093ba1bda21082e61a6f3e2805352eda40,e2d1328682bab7d2187684fb9f5420bb730401c9eefc00daf835edd203f4859d,
ATO,731802,ATMOS ENERGY CORP,current,2019,2019-09-30,2019-11-12,0000731802-19-000037,2019-11-12T17:40:29.000Z,https://www.sec.gov/Archives/edgar/data/731802/000073180219000037/ato201993010-k.htm,dei:DocumentFiscalYearFocus,7034,34,0.0048336650554449,41,0.0058288313903895,118,0.0167756610747796,-0.0009951663349445,0.0346886551037816,0.0543076485641171,0.0196189934603355,dea6ec57b13decd05dcdb7090bb2288a064ba32b267a20c193517d1401215209,e2d1328682bab7d2187684fb9f5420bb730401c9eefc00daf835edd203f4859d,
ATO,731802,ATMOS ENERGY CORP,current,2020,2020-09-30,2020-11-13,0000731802-20-000040,2020-11-13T18:00:52.000Z,https://www.sec.gov/Archives/edgar/data/731802/000073180220000040/ato202093010-k.htm,dei:DocumentFiscalYearFocus,6062,31,0.0051138238205212,40,0.0065984823490597,107,0.0176509402837347,-0.0014846585285384,0.0343121082151105,0.0564170240844605,0.02210491586935,9c7b7a7f45a5ee1aba3b34d2f8a6657a270aa01d44045076bb41490e43e6834c,e2d1328682bab7d2187684fb9f5420bb730401c9eefc00daf835edd203f4859d,
ATO,731802,ATMOS ENERGY CORP,current,2021,2021-09-30,2021-11-12,0000731802-21-000040,2021-11-12T20:01:25.000Z,https://www.sec.gov/Archives/edgar/data/731802/000073180221000040/ato-20210930.htm,dei:DocumentFiscalYearFocus,6489,26,0.0040067807058098,45,0.0069348127600554,103,0.0158730158730158,-0.0029280320542456,0.0320542456464786,0.0536292186777623,0.0215749730312837,bd3e020893224fa944bd1e7c4c64c7db5b6bdea7a5adace701a24d4b60d50dac,e2d1328682bab7d2187684fb9f5420bb730401c9eefc00daf835edd203f4859d,
ATO,731802,ATMOS ENERGY CORP,current,2022,2022-09-30,2022-11-14,0000731802-22-000037,2022-11-14T21:37:34.000Z,https://www.sec.gov/Archives/edgar/data/731802/000073180222000037/ato-20220930.htm,dei:DocumentFiscalYearFocus,6590,28,0.0042488619119878,43,0.006525037936267,109,0.0165402124430956,-0.0022761760242792,0.03247344461305,0.0538694992412746,0.0213960546282245,804bac110f741dd5295d8817d1b9c75b1a9ec91bd51c9e3f5126974823d31480,e2d1328682bab7d2187684fb9f5420bb730401c9eefc00daf835edd203f4859d,
ATO,731802,ATMOS ENERGY CORP,current,2023,2023-09-30,2023-11-14,0000731802-23-000028,2023-11-14T20:29:24.000Z,https://www.sec.gov/Archives/edgar/data/731802/000073180223000028/ato-20230930.htm,dei:DocumentFiscalYearFocus,6140,31,0.0050488599348534,37,0.0060260586319218,107,0.0174267100977198,-0.0009771986970684,0.0328990228013029,0.0555374592833876,0.0226384364820846,120439d98422519e5328e976f405bfa2fbbc1bd66a77488a3db7cebcddb778ba,e2d1328682bab7d2187684fb9f5420bb730401c9eefc00daf835edd203f4859d,
ATO,731802,ATMOS ENERGY CORP,current,2024,2024-09-30,2024-11-18,0000731802-24-000030,2024-11-18T21:20:38.000Z,https://www.sec.gov/Archives/edgar/data/731802/000073180224000030/ato-20240930.htm,dei:DocumentFiscalYearFocus,5958,27,0.0045317220543806,35,0.0058744545149378,96,0.0161127895266868,-0.0013427324605572,0.0339039946290701,0.0572339711312521,0.0233299765021819,b6438adac730ddbf2d3eca005efda5529b08d91445d3cc656f706a019bf80258,e2d1328682bab7d2187684fb9f5420bb730401c9eefc00daf835edd203f4859d,
ATO,731802,ATMOS ENERGY CORP,current,2025,2025-09-30,2025-11-14,0000731802-25-000056,2025-11-14T22:06:37.000Z,https://www.sec.gov/Archives/edgar/data/731802/000073180225000056/ato-20250930.htm,dei:DocumentFiscalYearFocus,5881,33,0.0056112905968372,35,0.0059513688148274,98,0.0166638326815167,-0.0003400782179901,0.0355381737799693,0.0576432579493283,0.0221050841693589,91fb240de1002cee56fee32a816e9312133382e478c68318ec60a2dd28fc878d,e2d1328682bab7d2187684fb9f5420bb730401c9eefc00daf835edd203f4859d,
AWK,1410636,"American Water Works Company, Inc.",current,2016,2016-12-31,2017-02-21,0001564590-17-001899,2017-02-21T21:32:56.000Z,https://www.sec.gov/Archives/edgar/data/1410636/000156459017001899/awk-10k_20161231.htm,cover_fiscal_year_ended,15339,108,0.0070408761979268,126,0.0082143555642479,206,0.0134298194145641,-0.0011734793663211,0.0420496772931742,0.0595214811917334,0.0174718038985592,4a77802d40c2abafbafc2df81b4883f078b6bf4a87d0ac7ecf937b6b6eda033f,e2d1328682bab7d2187684fb9f5420bb730401c9eefc00daf835edd203f4859d,
AWK,1410636,"American Water Works Company, Inc.",current,2017,2017-12-31,2018-02-20,0001410636-18-000076,2018-02-20T21:33:54.000Z,https://www.sec.gov/Archives/edgar/data/1410636/000141063618000076/a12312017-awkx10kdocument.htm,cover_fiscal_year_ended,18029,112,0.0062122136557768,141,0.0078207332630761,225,0.0124798935049087,-0.0016085196072993,0.0392700648954462,0.0578512396694214,0.0185811747739752,c4899f97ba11886f5b2f2cce7f4a60164a8c8cc8c851cfe586c6e3b0d35d9e77,e2d1328682bab7d2187684fb9f5420bb730401c9eefc00daf835edd203f4859d,
AWK,1410636,"American Water Works Company, Inc.",current,2018,2018-12-31,2019-02-19,0001410636-19-000041,2019-02-19T21:32:26.000Z,https://www.sec.gov/Archives/edgar/data/1410636/000141063619000041/a12312018-awkx10kdocument.htm,cover_fiscal_year_ended,19551,142,0.0072630555981791,152,0.0077745383867832,250,0.012787069715104,-0.0005114827886041,0.0376962815201268,0.05529128944811,0.0175950079279832,948b38206dfdfd7500eecf6704f23c3e4f3b49953c3c2f7933528a06f6be95bf,e2d1328682bab7d2187684fb9f5420bb730401c9eefc00daf835edd203f4859d,
AWK,1410636,"American Water Works Company, Inc.",current,2019,2019-12-31,2020-02-18,0001410636-20-000040,2020-02-18T21:34:02.000Z,https://www.sec.gov/Archives/edgar/data/1410636/000141063620000040/a12312019-awkx10kdocum.htm,dei:DocumentFiscalYearFocus,14083,86,0.006106653411915,93,0.0066037065966058,187,0.0132784207910246,-0.0004970531846907,0.0327345025917773,0.0512674856209614,0.0185329830291841,c7e6b530657e1f12e4c61ade9e9999397990dfd18ccd29b88d7cfc761c7a9430,e2d1328682bab7d2187684fb9f5420bb730401c9eefc00daf835edd203f4859d,
AWK,1410636,"American Water Works Company, Inc.",current,2020,2020-12-31,2021-02-24,0001410636-21-000101,2021-02-24T21:32:18.000Z,https://www.sec.gov/Archives/edgar/data/1410636/000141063621000101/awk-20201231.htm,dei:DocumentFiscalYearFocus,13927,56,0.0040209664680117,116,0.0083291448265958,171,0.0122783083219645,-0.004308178358584,0.0322395347167372,0.051195519494507,0.0189559847777698,188d1dc9267a580a17d6f07f4d8be5970c2aa2da645d047249769f35d4673467,e2d1328682bab7d2187684fb9f5420bb730401c9eefc00daf835edd203f4859d,
AWK,1410636,"American Water Works Company, Inc.",current,2021,2021-12-31,2022-02-16,0001410636-22-000048,2022-02-16T21:32:28.000Z,https://www.sec.gov/Archives/edgar/data/1410636/000141063622000048/awk-20211231.htm,dei:DocumentFiscalYearFocus,14799,60,0.0040543279951348,120,0.0081086559902696,173,0.0116899790526386,-0.0040543279951348,0.0302047435637543,0.0474356375430772,0.0172308939793229,d64cf2bd0692f596e66d4893ba7a667113c0ba72e4074a9a004b9d4207d85853,e2d1328682bab7d2187684fb9f5420bb730401c9eefc00daf835edd203f4859d,
AWK,1410636,"American Water Works Company, Inc.",current,2022,2022-12-31,2023-02-15,0001410636-23-000020,2023-02-15T21:31:32.000Z,https://www.sec.gov/Archives/edgar/data/1410636/000141063623000020/awk-20221231.htm,dei:DocumentFiscalYearFocus,13858,73,0.0052677153990474,105,0.0075768509164381,168,0.012122961466301,-0.0023091355173906,0.0343483908211863,0.0512339442921056,0.0168855534709193,4cd8e949cf6c06e62de10541c115905feb841ccf9fc15f7957b4709f2cc890d8,e2d1328682bab7d2187684fb9f5420bb730401c9eefc00daf835edd203f4859d,
AWK,1410636,"American Water Works Company, Inc.",current,2023,2023-12-31,2024-02-14,0001410636-24-000050,2024-02-14T21:28:14.000Z,https://www.sec.gov/Archives/edgar/data/1410636/000141063624000050/awk-20231231.htm,dei:DocumentFiscalYearFocus,14603,74,0.0050674518934465,108,0.0073957406012463,191,0.0130795042114633,-0.0023282887077997,0.0360884749708963,0.0515647469698007,0.0154762719989043,b64edcb610aaf101447b7e534763ea2d77940a7caad65da040b624fce35cd96f,e2d1328682bab7d2187684fb9f5420bb730401c9eefc00daf835edd203f4859d,
AWK,1410636,"American Water Works Company, Inc.",current,2024,2024-12-31,2025-02-19,0001410636-25-000022,2025-02-19T21:27:57.000Z,https://www.sec.gov/Archives/edgar/data/1410636/000141063625000022/awk-20241231.htm,dei:DocumentFiscalYearFocus,13909,47,0.0033791070529872,117,0.0084118196850959,189,0.0135883241066935,-0.0050327126321087,0.0317060895822848,0.0484578330577324,0.0167517434754475,5f35e6bee79fdecff10d60c1ea41136dec818c476c8a712136f571591c5ca6b7,e2d1328682bab7d2187684fb9f5420bb730401c9eefc00daf835edd203f4859d,
AWK,1410636,"American Water Works Company, Inc.",current,2025,2025-12-31,2026-02-18,0001410636-26-000034,2026-02-18T21:29:02.000Z,https://www.sec.gov/Archives/edgar/data/1410636/000141063626000034/awk-20251231.htm,dei:DocumentFiscalYearFocus,14424,52,0.0036051026067665,105,0.0072795341098169,212,0.0146977260122018,-0.0036744315030504,0.0345257903494176,0.0494315030504714,0.0149057127010538,b285114b3d95a7d160c614d7c4bef006a27fdebff315b3a7d536d6924b4d60d8,e2d1328682bab7d2187684fb9f5420bb730401c9eefc00daf835edd203f4859d,
AXON,1069183,"AXON ENTERPRISE, INC.",current,2016,2016-12-31,2017-03-06,0001069183-17-000042,2017-03-06T22:27:32.000Z,https://www.sec.gov/Archives/edgar/data/1069183/000106918317000042/a10ktasr123116.htm,cover_fiscal_year_ended,9943,41,0.004123503972644,54,0.0054309564517751,98,0.0098561802272955,-0.001307452479131,0.0339937644574072,0.0530021120386201,0.0190083475812129,f46f99b436db8df9c2526c4bf1ebbe4b0e93e2779f8330dcac67b27cabd220eb,e2d1328682bab7d2187684fb9f5420bb730401c9eefc00daf835edd203f4859d,
AXON,1069183,"AXON ENTERPRISE, INC.",current,2017,2017-12-31,2018-03-01,0001069183-18-000020,2018-03-01T20:49:38.000Z,https://www.sec.gov/Archives/edgar/data/1069183/000106918318000020/a10kaaxn123117.htm,cover_fiscal_year_ended,10663,36,0.0033761605551908,68,0.0063771921598049,109,0.0102222639032167,-0.003001031604614,0.0317921785613804,0.0510175372784394,0.0192253587170589,634a0bef12f40967576f4fe1b01ae5a61f7c298d8ce040adf9237b595eb1cb40,e2d1328682bab7d2187684fb9f5420bb730401c9eefc00daf835edd203f4859d,
AXON,1069183,"AXON ENTERPRISE, INC.",current,2018,2018-12-31,2019-02-27,0001069183-19-000023,2019-02-27T22:28:57.000Z,https://www.sec.gov/Archives/edgar/data/1069183/000106918319000023/a10kaaxn123118.htm,cover_fiscal_year_ended,11071,41,0.0037033691626772,73,0.0065938036311083,117,0.0105681510252009,-0.002890434468431,0.0360401047782494,0.0494986902718814,0.013458585493632,7f7c8c34edef4743effc7b31bdc0f9077c89062da6621952ace8484ab3d88366,e2d1328682bab7d2187684fb9f5420bb730401c9eefc00daf835edd203f4859d,
AXON,1069183,"AXON ENTERPRISE, INC.",current,2019,2019-12-31,2020-02-28,0001069183-20-000016,2020-02-27T23:32:54.000Z,https://www.sec.gov/Archives/edgar/data/1069183/000106918320000016/a10kaaxn123119.htm,dei:DocumentFiscalYearFocus,8461,42,0.0049639522515069,74,0.0087460111097978,118,0.0139463420399479,-0.0037820588582909,0.0361659378324075,0.0503486585509987,0.0141827207185911,0a63393d4017ab7801f20bdc2db80881d641cca257172a08d097afe0ff8c8849,e2d1328682bab7d2187684fb9f5420bb730401c9eefc00daf835edd203f4859d,
AXON,1069183,"AXON ENTERPRISE, INC.",current,2020,2020-12-31,2021-02-26,0001558370-21-001873,2021-02-25T23:13:11.000Z,https://www.sec.gov/Archives/edgar/data/1069183/000155837021001873/axon-20201231x10k.htm,dei:DocumentFiscalYearFocus,8651,54,0.0062420529418564,86,0.0099410472777713,116,0.0134088544676915,-0.0036989943359149,0.0381458790891226,0.0534042307247717,0.015258351635649,84ccd05a2d69977cbd3054158c4bc2be0cf1e36bff91624f5592c829f9660cff,e2d1328682bab7d2187684fb9f5420bb730401c9eefc00daf835edd203f4859d,
AXON,1069183,"AXON ENTERPRISE, INC.",current,2021,2021-12-31,2022-02-25,0001558370-22-002006,2022-02-25T00:31:18.000Z,https://www.sec.gov/Archives/edgar/data/1069183/000155837022002006/axon-20211231x10k.htm,dei:DocumentFiscalYearFocus,8617,49,0.0056864337936636,92,0.0106765695717767,121,0.0140420099802715,-0.004990135778113,0.0351630497853081,0.0510618544737147,0.0158988046884066,3e33765130c81db75fb7b04d8d67862853485a3f5c17e02f029bd45cd7ee843e,e2d1328682bab7d2187684fb9f5420bb730401c9eefc00daf835edd203f4859d,
AXON,1069183,"AXON ENTERPRISE, INC.",current,2022,2022-12-31,2023-02-28,0001558370-23-002413,2023-02-28T22:02:00.000Z,https://www.sec.gov/Archives/edgar/data/1069183/000155837023002413/axon-20221231x10k.htm,dei:DocumentFiscalYearFocus,8194,48,0.0058579448376861,94,0.0114718086404686,101,0.0123260922626311,-0.0056138638027825,0.0342933854039541,0.052111300951916,0.0178179155479619,9f5790a37aa638a3760cc75078e78f2689f5cc1ea8c477b1d4468fb9a25cd6e1,e2d1328682bab7d2187684fb9f5420bb730401c9eefc00daf835edd203f4859d,
AXON,1069183,"AXON ENTERPRISE, INC.",current,2023,2023-12-31,2024-02-27,0001069183-24-000006,2024-02-27T21:31:51.000Z,https://www.sec.gov/Archives/edgar/data/1069183/000106918324000006/axon-20231231x10k.htm,dei:DocumentFiscalYearFocus,8269,48,0.0058048131575764,93,0.0112468254928044,103,0.0124561615672995,-0.0054420123352279,0.0356754141976055,0.0530898536703349,0.0174144394727294,2be5cd7bd00925beb6b8208b9091afb8b219c2aec1645a909a1d4896ead063be,e2d1328682bab7d2187684fb9f5420bb730401c9eefc00daf835edd203f4859d,
AXON,1069183,"AXON ENTERPRISE, INC.",current,2024,2024-12-31,2025-02-28,0001069183-25-000019,2025-02-28T21:22:06.000Z,https://www.sec.gov/Archives/edgar/data/1069183/000106918325000019/axon-20241231.htm,dei:DocumentFiscalYearFocus,6598,40,0.0060624431645953,70,0.0106092755380418,99,0.0150045468323734,-0.0045468323734464,0.0425886632312822,0.0612306759624128,0.0186420127311306,e696ce7faea442b217757edfed646b94e5cbc75ca65c7c998573706ba2a1ea8a,e2d1328682bab7d2187684fb9f5420bb730401c9eefc00daf835edd203f4859d,
AXON,1069183,"AXON ENTERPRISE, INC.",current,2025,2025-12-31,2026-02-25,0001628280-26-011360,2026-02-25T01:38:42.000Z,https://www.sec.gov/Archives/edgar/data/1069183/000162828026011360/axon-20251231.htm,dei:DocumentFiscalYearFocus,6572,29,0.0044126597687157,71,0.0108034083992696,96,0.0146074254412659,-0.0063907486305538,0.0372793670115642,0.057212416311625,0.0199330493000608,993eb1c0ed8f10ea6af8bfffabf8a2e4606ea10d818a51778d77ba9115741315,e2d1328682bab7d2187684fb9f5420bb730401c9eefc00daf835edd203f4859d,
BIIB,875045,BIOGEN INC.,current,2016,2016-12-31,2017-02-02,0000875045-17-000009,2017-02-02T21:24:00.000Z,https://www.sec.gov/Archives/edgar/data/875045/000087504517000009/biib-20161231x10k.htm,cover_fiscal_year_ended,15116,123,0.0081370732998147,175,0.0115771368086795,261,0.017266472611802,-0.0034400635088647,0.0426038634559407,0.0570256681661815,0.0144218047102408,f89b90fd071518bad85729eb9bc8977df030aab1d686868fa53c5b2257a9c575,e2d1328682bab7d2187684fb9f5420bb730401c9eefc00daf835edd203f4859d,
BIIB,875045,BIOGEN INC.,current,2017,2017-12-31,2018-02-01,0000875045-18-000005,2018-02-01T21:35:03.000Z,https://www.sec.gov/Archives/edgar/data/875045/000087504518000005/biib-20171231x10k.htm,cover_fiscal_year_ended,17769,151,0.0084979458607687,184,0.0103551128369632,266,0.0149698913838707,-0.0018571669761944,0.0463728966177049,0.0589791209409646,0.0126062243232596,6a1822474431b367a4cea9e9761e1a8e8e1669f73174955bc7b0060215cb80ee,e2d1328682bab7d2187684fb9f5420bb730401c9eefc00daf835edd203f4859d,
BIIB,875045,BIOGEN INC.,current,2018,2018-12-31,2019-02-06,0000875045-19-000006,2019-02-06T22:21:15.000Z,https://www.sec.gov/Archives/edgar/data/875045/000087504519000006/biib-20181231x10k.htm,cover_fiscal_year_ended,20157,152,0.0075408046832365,183,0.0090787319541598,307,0.0152304410378528,-0.0015379272709232,0.0432604058143573,0.0556630450959964,0.0124026392816391,8816a33c7997c1c313f81164f7dc99f263f9116cdab6f906c0dc9c681f392558,e2d1328682bab7d2187684fb9f5420bb730401c9eefc00daf835edd203f4859d,
BIIB,875045,BIOGEN INC.,current,2019,2019-12-31,2020-02-06,0000875045-20-000005,2020-02-06T21:32:39.000Z,https://www.sec.gov/Archives/edgar/data/875045/000087504520000005/biib-20191231x10k.htm,dei:DocumentFiscalYearFocus,15430,125,0.0081011017498379,176,0.0114063512637718,293,0.0189889825016202,-0.0033052495139338,0.0449773169151004,0.058198314970836,0.0132209980557355,a72786fd21709c989da3e529fd42033f01cb196681f12cb0f7ed8fb5d38843c2,e2d1328682bab7d2187684fb9f5420bb730401c9eefc00daf835edd203f4859d,
BIIB,875045,BIOGEN INC.,current,2020,2020-12-31,2021-02-03,0000875045-21-000010,2021-02-03T21:30:07.000Z,https://www.sec.gov/Archives/edgar/data/875045/000087504521000010/biib-20201231.htm,dei:DocumentFiscalYearFocus,14468,144,0.0099529997235277,158,0.0109206524744263,268,0.0185236383743433,-0.0009676527508985,0.0430605474149847,0.0559856234448437,0.012925076029859,8625dbe6843c4a0fff1baf4143c05d63a5a11c0bd8d59e030e23daa7f9454f20,e2d1328682bab7d2187684fb9f5420bb730401c9eefc00daf835edd203f4859d,
BIIB,875045,BIOGEN INC.,current,2021,2021-12-31,2022-02-03,0000875045-22-000007,2022-02-03T22:24:29.000Z,https://www.sec.gov/Archives/edgar/data/875045/000087504522000007/biib-20211231.htm,dei:DocumentFiscalYearFocus,15170,156,0.0102834541858932,157,0.0103493737640079,285,0.0187870797626895,-6.59195781147013e-05,0.0388266315095583,0.0524060646011865,0.0135794330916282,6048c31ed58506b177c0b957ab5d84a0ffa5e1424dda1c49fba397c2194aa06d,e2d1328682bab7d2187684fb9f5420bb730401c9eefc00daf835edd203f4859d,
BIIB,875045,BIOGEN INC.,current,2022,2022-12-31,2023-02-15,0000875045-23-000009,2023-02-15T21:24:20.000Z,https://www.sec.gov/Archives/edgar/data/875045/000087504523000009/biib-20221231.htm,dei:DocumentFiscalYearFocus,16630,154,0.0092603728202044,214,0.0128683102826217,306,0.0184004810583283,-0.0036079374624173,0.0337342152736019,0.0490679494888755,0.0153337342152736,9ff6a20d445b92037d1daa4292d7c54be15c3b497493f520eae1212b28c56db7,e2d1328682bab7d2187684fb9f5420bb730401c9eefc00daf835edd203f4859d,
BIIB,875045,BIOGEN INC.,current,2023,2023-12-31,2024-02-14,0000875045-24-000009,2024-02-13T22:40:44.000Z,https://www.sec.gov/Archives/edgar/data/875045/000087504524000009/biib-20231231.htm,dei:DocumentFiscalYearFocus,15019,147,0.0097876023703309,189,0.0125840601904254,267,0.0177774818563153,-0.0027964578200945,0.0366868633064784,0.0530661162527465,0.016379252946268,5265cd678e284c2f911102c64f53284503db199d44c7b20c7ac02d481de3e979,e2d1328682bab7d2187684fb9f5420bb730401c9eefc00daf835edd203f4859d,
BIIB,875045,BIOGEN INC.,current,2024,2024-12-31,2025-02-12,0000875045-25-000009,2025-02-12T22:28:51.000Z,https://www.sec.gov/Archives/edgar/data/875045/000087504525000009/biib-20241231.htm,dei:DocumentFiscalYearFocus,15161,118,0.0077831277620209,179,0.0118066090627267,300,0.0197876129542906,-0.0040234813007057,0.0332431897632082,0.0507222478728316,0.0174790581096233,369c0f939f03f3b403901f100b71722f42945cb04b1c9ebbd9d29c53dcd8995c,e2d1328682bab7d2187684fb9f5420bb730401c9eefc00daf835edd203f4859d,
BIIB,875045,BIOGEN INC.,current,2025,2025-12-31,2026-02-06,0000875045-26-000013,2026-02-06T12:36:07.000Z,https://www.sec.gov/Archives/edgar/data/875045/000087504526000013/biib-20251231.htm,dei:DocumentFiscalYearFocus,16710,135,0.0080789946140035,178,0.0106523040095751,304,0.0181926989826451,-0.0025733093955715,0.0338719329742669,0.0476959904248952,0.0138240574506283,85a2cd2e608df044ea2d725fb207c1267d2a8fc6fb977b0225af667632d8760c,e2d1328682bab7d2187684fb9f5420bb730401c9eefc00daf835edd203f4859d,
BKNG,1075531,Booking Holdings Inc.,current,2016,2016-12-31,2017-02-27,0001075531-17-000009,2017-02-27T22:18:18.000Z,https://www.sec.gov/Archives/edgar/data/1075531/000107553117000009/pcln-20161231_10k.htm,cover_fiscal_year_ended,14719,111,0.0075412731843195,187,0.0127046674366465,233,0.0158298797472654,-0.0051633942523269,0.0262925470480331,0.0478293362320809,0.0215367891840478,b3750cb1f9c8f3f404f4a432100c755b3ecae896840f60987360319b38969da2,e2d1328682bab7d2187684fb9f5420bb730401c9eefc00daf835edd203f4859d,
BKNG,1075531,Booking Holdings Inc.,current,2017,2017-12-31,2018-02-27,0001075531-18-000015,2018-02-27T22:17:39.000Z,https://www.sec.gov/Archives/edgar/data/1075531/000107553118000015/pcln-20171231_10k.htm,cover_fiscal_year_ended,15294,122,0.0079769844383418,179,0.0117039361841244,260,0.0170001307702366,-0.0037269517457826,0.0261540473388256,0.047861906630051,0.0217078592912253,6e20ed8ce04a974c0ba1df33701662db697ebee75f4e65fdf211aeb8bf11ace4,e2d1328682bab7d2187684fb9f5420bb730401c9eefc00daf835edd203f4859d,
BKNG,1075531,Booking Holdings Inc.,current,2018,2018-12-31,2019-02-27,0001075531-19-000009,2019-02-27T22:10:04.000Z,https://www.sec.gov/Archives/edgar/data/1075531/000107553119000009/bkng1231201810k.htm,cover_fiscal_year_ended,14821,124,0.0083665069833344,156,0.0105256055596788,236,0.0159233520005397,-0.0021590985763443,0.0292827744416706,0.0486471897982592,0.0193644153565886,50935dbb8211c6e3054cf2088a623dd40cc8ffd5db6209b98d548662917d54d8,e2d1328682bab7d2187684fb9f5420bb730401c9eefc00daf835edd203f4859d,
BKNG,1075531,Booking Holdings Inc.,current,2019,2019-12-31,2020-02-26,0001075531-20-000011,2020-02-26T22:08:40.000Z,https://www.sec.gov/Archives/edgar/data/1075531/000107553120000011/bkng1231201910k.htm,dei:DocumentFiscalYearFocus,11684,101,0.0086442998972954,149,0.0127524820267031,201,0.0172030126668949,-0.0041081821294077,0.0289284491612461,0.0475008558712769,0.0185724067100308,1ab9913893d451e0f40a58783b0acabdf3ab66095af204f00cc44f4616dd4ebd,e2d1328682bab7d2187684fb9f5420bb730401c9eefc00daf835edd203f4859d,
BKNG,1075531,Booking Holdings Inc.,current,2020,2020-12-31,2021-02-24,0001075531-21-000019,2021-02-24T22:20:19.000Z,https://www.sec.gov/Archives/edgar/data/1075531/000107553121000019/bkng-20201231.htm,dei:DocumentFiscalYearFocus,18079,131,0.0072459759942474,344,0.0190276010841307,330,0.0182532219702417,-0.0117816250898832,0.0266607666353227,0.0457436805133027,0.0190829138779799,fadbe889b0227c36c892f2e8cb0f41d308357bae7ca8b7ea168c85adcb2de02e,e2d1328682bab7d2187684fb9f5420bb730401c9eefc00daf835edd203f4859d,
BKNG,1075531,Booking Holdings Inc.,current,2021,2021-12-31,2022-02-23,0001075531-22-000008,2022-02-23T22:19:51.000Z,https://www.sec.gov/Archives/edgar/data/1075531/000107553122000008/bkng-20211231.htm,dei:DocumentFiscalYearFocus,13840,105,0.0075867052023121,224,0.0161849710982658,220,0.0158959537572254,-0.0085982658959537,0.0284682080924855,0.0488439306358381,0.0203757225433526,1043de7d682955544e737912a9069678e7fc2be17729c3fb82c54c0db42dc051,e2d1328682bab7d2187684fb9f5420bb730401c9eefc00daf835edd203f4859d,
BKNG,1075531,Booking Holdings Inc.,current,2022,2022-12-31,2023-02-23,0001075531-23-000016,2023-02-23T22:20:46.000Z,https://www.sec.gov/Archives/edgar/data/1075531/000107553123000016/bkng-20221231.htm,dei:DocumentFiscalYearFocus,11552,76,0.006578947368421,164,0.014196675900277,213,0.0184383656509695,-0.0076177285318559,0.0290858725761772,0.0506405817174515,0.0215547091412742,a41b7f6a3f5a4e335f05e377c9dae1cd5e3c350d14020cb25527bc0c7d56b333,e2d1328682bab7d2187684fb9f5420bb730401c9eefc00daf835edd203f4859d,
BKNG,1075531,Booking Holdings Inc.,current,2023,2023-12-31,2024-02-22,0001075531-24-000014,2024-02-22T22:21:32.000Z,https://www.sec.gov/Archives/edgar/data/1075531/000107553124000014/bkng-20231231.htm,dei:DocumentFiscalYearFocus,11690,93,0.0079555175363558,147,0.0125748502994011,185,0.015825491873396,-0.0046193327630453,0.0334473909324208,0.0564585115483319,0.023011120615911,7143fd9b269d42bf8b348078b1c6a158f7702f94bdd47a2ad8a3d36de3d5735a,e2d1328682bab7d2187684fb9f5420bb730401c9eefc00daf835edd203f4859d,
BKNG,1075531,Booking Holdings Inc.,current,2024,2024-12-31,2025-02-20,0001075531-25-000010,2025-02-20T22:12:27.000Z,https://www.sec.gov/Archives/edgar/data/1075531/000107553125000010/bkng-20241231.htm,dei:DocumentFiscalYearFocus,8443,60,0.0071064787397844,93,0.0110150420466658,137,0.0162264597891744,-0.0039085633068814,0.0275968257728295,0.0482056141182044,0.0206087883453748,31986c75fbf35c0d2e2082a4b7acc753395c3335236477c34bf29ba09737aee7,e2d1328682bab7d2187684fb9f5420bb730401c9eefc00daf835edd203f4859d,
BKNG,1075531,Booking Holdings Inc.,current,2025,2025-12-31,2026-02-18,0001075531-26-000009,2026-02-18T22:13:01.000Z,https://www.sec.gov/Archives/edgar/data/1075531/000107553126000009/bkng-20251231.htm,dei:DocumentFiscalYearFocus,7431,64,0.0086125689678374,82,0.0110348539900417,145,0.0195128515677566,-0.0024222850222042,0.0343157044812272,0.0543668416094738,0.0200511371282465,3337f2665751acd22827fe1b9edc1ebf7ca7312b65cdbc04f1812c4dc9b0a671,e2d1328682bab7d2187684fb9f5420bb730401c9eefc00daf835edd203f4859d,
CAH,721371,CARDINAL HEALTH INC,current,2016,2016-06-30,2016-08-12,0000721371-16-000277,2016-08-12T10:51:59.000Z,https://www.sec.gov/Archives/edgar/data/721371/000072137116000277/a16q4_10kx63016xform10-k.htm,cover_fiscal_year_ended,6680,31,0.0046407185628742,103,0.0154191616766467,126,0.0188622754491017,-0.0107784431137724,0.0383233532934131,0.0589820359281437,0.0206586826347305,56e8838d1e51f6fcd876812fb0234d84e1ac17dc3099f55b75af712a7cbb9edc,e2d1328682bab7d2187684fb9f5420bb730401c9eefc00daf835edd203f4859d,
CAH,721371,CARDINAL HEALTH INC,current,2017,2017-06-30,2017-08-10,0000721371-17-000083,2017-08-10T21:26:53.000Z,https://www.sec.gov/Archives/edgar/data/721371/000072137117000083/a17q4_10kx63017xform10-k.htm,cover_fiscal_year_ended,6973,23,0.0032984368277642,122,0.0174960562168363,129,0.0184999282948515,-0.0141976193890721,0.0318370859027678,0.0543525025096802,0.0225154166069123,8bc74c5ed0bc6462c5d2da895688fe83e2c39c63ef72b692f44c449d778786d3,e2d1328682bab7d2187684fb9f5420bb730401c9eefc00daf835edd203f4859d,
CAH,721371,CARDINAL HEALTH INC,current,2018,2018-06-30,2018-08-22,0000721371-18-000077,2018-08-22T20:23:32.000Z,https://www.sec.gov/Archives/edgar/data/721371/000072137118000077/a18q4_10kx063018xform10-k.htm,cover_fiscal_year_ended,7853,24,0.0030561568827199,156,0.0198650197376798,126,0.0160448236342798,-0.0168088628549598,0.0308162485674264,0.0538647650579396,0.0230485164905131,4b1982998130f0b2c0edeee4c990db1cfbb70d8df8b2bf11492e80a6f5568964,e2d1328682bab7d2187684fb9f5420bb730401c9eefc00daf835edd203f4859d,
CAH,721371,CARDINAL HEALTH INC,current,2019,2019-06-30,2019-08-20,0000721371-19-000090,2019-08-20T20:30:26.000Z,https://www.sec.gov/Archives/edgar/data/721371/000072137119000090/a19q4_10kx063019xform10-k.htm,cover_fiscal_year_ended,7202,22,0.0030547070258261,135,0.0187447931130241,111,0.0154123854484865,-0.0156900860871979,0.0312413218550402,0.0540127742293807,0.0227714523743404,024f647f6ebe7cdab4be96aa0bb7eec6f1a101ae8b6101f8a460d69a2dbec869,e2d1328682bab7d2187684fb9f5420bb730401c9eefc00daf835edd203f4859d,
CAH,721371,CARDINAL HEALTH INC,current,2020,2020-06-30,2020-08-13,0000721371-20-000089,2020-08-13T14:04:19.000Z,https://www.sec.gov/Archives/edgar/data/721371/000072137120000089/a20q410k063020form10-k.htm,dei:DocumentFiscalYearFocus,9130,40,0.004381161007667,206,0.0225629791894852,186,0.0203723986856517,-0.0181818181818181,0.0234392113910186,0.0516976998904709,0.0282584884994523,fe5f2be058d65ed72b3ca6afed15effb9cdc108c5913497b23070fed58ceb21e,e2d1328682bab7d2187684fb9f5420bb730401c9eefc00daf835edd203f4859d,
CAH,721371,CARDINAL HEALTH INC,current,2021,2021-06-30,2021-08-16,0000721371-21-000080,2021-08-16T12:50:00.000Z,https://www.sec.gov/Archives/edgar/data/721371/000072137121000080/cah-20210630.htm,dei:DocumentFiscalYearFocus,11637,43,0.0036951104236487,272,0.0233737217495918,193,0.0165850305061441,-0.0196786113259431,0.022600326544642,0.0519893443327318,0.0293890177880897,4b0c97c91855bef0c2f3442b637e06a88ed423ca0e604230223d8858fb687119,e2d1328682bab7d2187684fb9f5420bb730401c9eefc00daf835edd203f4859d,
CAH,721371,CARDINAL HEALTH INC,current,2022,2022-06-30,2022-08-11,0000721371-22-000058,2022-08-11T20:17:06.000Z,https://www.sec.gov/Archives/edgar/data/721371/000072137122000058/cah-20220630.htm,dei:DocumentFiscalYearFocus,11301,35,0.0030970710556587,288,0.0254844704008494,206,0.0182284753561631,-0.0223873993451906,0.0205291567117954,0.0526502079461994,0.032121051234404,905c33dc34f7f9693e9248ca92763bd5d0547945d3f25649c2feeefaf7fdf4ce,e2d1328682bab7d2187684fb9f5420bb730401c9eefc00daf835edd203f4859d,
CAH,721371,CARDINAL HEALTH INC,current,2023,2023-06-30,2023-08-15,0000721371-23-000060,2023-08-15T12:50:31.000Z,https://www.sec.gov/Archives/edgar/data/721371/000072137123000060/cah-20230630.htm,dei:DocumentFiscalYearFocus,7986,27,0.003380916604057,189,0.0236664162283997,163,0.0204107187578261,-0.0202854996243426,0.0224142248935637,0.0518407212622088,0.0294264963686451,a17e27ed634addd95e5b52e56f9dacd39927cbadab58120d80341dc49ab40ec0,e2d1328682bab7d2187684fb9f5420bb730401c9eefc00daf835edd203f4859d,
CAH,721371,CARDINAL HEALTH INC,current,2024,2024-06-30,2024-08-14,0000721371-24-000056,2024-08-14T12:47:07.000Z,https://www.sec.gov/Archives/edgar/data/721371/000072137124000056/cah-20240630.htm,dei:DocumentFiscalYearFocus,9361,35,0.003738916782395,209,0.0223266745005875,135,0.0144215361606665,-0.0185877577181925,0.0305522914218566,0.0569383612861873,0.0263860698643307,9f42ca56f603970c75b78ea81f8e597f87e1e84165692809505ece0f3f8e27d1,e2d1328682bab7d2187684fb9f5420bb730401c9eefc00daf835edd203f4859d,
CAH,721371,CARDINAL HEALTH INC,current,2025,2025-06-30,2025-08-12,0000721371-25-000079,2025-08-12T12:58:00.000Z,https://www.sec.gov/Archives/edgar/data/721371/000072137125000079/cah-20250630.htm,dei:DocumentFiscalYearFocus,7927,44,0.0055506496783146,138,0.0174088558092594,135,0.0170304024221016,-0.0118582061309448,0.0280055506496783,0.0508389050081998,0.0228333543585215,7cd2e67be077a2dd733b7afed77b095c03f0306837c4152871cd7cc36d46cc00,e2d1328682bab7d2187684fb9f5420bb730401c9eefc00daf835edd203f4859d,
CCL,815097,Carnival Corp Ltd.,current,2016,2016-11-30,2017-01-30,0000815097-17-000001,2017-01-30T14:27:06.000Z,https://www.sec.gov/Archives/edgar/data/815097/000081509717000001/a2016form10-kfrontpart.htm,cover_fiscal_year_ended,12542,127,0.0101259767182267,151,0.0120395471216711,165,0.0131557965236804,-0.0019135704034444,0.036198373465157,0.0558922022006059,0.0196938287354488,0ed365c17ad816b2d98765d315ccf8776db3cddc978bd8d3904d34e329e285fd,e2d1328682bab7d2187684fb9f5420bb730401c9eefc00daf835edd203f4859d,https://www.sec.gov/Archives/edgar/data/815097/000081509717000001/a2016ex-13.htm
CCL,815097,Carnival Corp Ltd.,current,2017,2017-11-30,2018-01-29,0000815097-18-000005,2018-01-29T14:27:30.000Z,https://www.sec.gov/Archives/edgar/data/815097/000081509718000005/a2017form10-kfrontpart.htm,cover_fiscal_year_ended,11559,113,0.0097759321740635,145,0.0125443377454797,154,0.0133229518124405,-0.0027684055714162,0.035902759754304,0.0548490353836837,0.0189462756293797,0b2780b3330851a7b952fdc695886d47493a2b0e38b5f296e9f7aa162ac438bd,e2d1328682bab7d2187684fb9f5420bb730401c9eefc00daf835edd203f4859d,https://www.sec.gov/Archives/edgar/data/815097/000081509718000005/a2017ex-13.htm
CCL,815097,Carnival Corp Ltd.,current,2018,2018-11-30,2019-01-28,0000815097-19-000004,2019-01-28T15:54:24.000Z,https://www.sec.gov/Archives/edgar/data/815097/000081509719000004/a2018form10-kfrontpart.htm,cover_fiscal_year_ended,10188,109,0.0106988614055751,131,0.012858264625049,141,0.0138398115429917,-0.0021594032194738,0.0370043188064389,0.0554574008637612,0.0184530820573223,4c64e00f3abb543d60fe7dc2afa93afa0827865166f86315c7e0a536ced12292,e2d1328682bab7d2187684fb9f5420bb730401c9eefc00daf835edd203f4859d,https://www.sec.gov/Archives/edgar/data/815097/000081509719000004/a2018ex-13.htm
CCL,815097,Carnival Corp Ltd.,current,2019,2019-11-30,2020-01-28,0000815097-20-000003,2020-01-28T16:19:47.000Z,https://www.sec.gov/Archives/edgar/data/815097/000081509720000003/a2019form10-kfrontpart.htm,dei:DocumentFiscalYearFocus,10194,98,0.0096134981361585,139,0.013635471846184,137,0.0134392780066705,-0.0040219737100255,0.0309986266431234,0.0510103982734942,0.0200117716303708,138bc47997a646984b62438f3baffefbfd14a42d1cbdcce17eb6c285beded8cb,e2d1328682bab7d2187684fb9f5420bb730401c9eefc00daf835edd203f4859d,https://www.sec.gov/Archives/edgar/data/815097/000081509720000003/a2019ex-13.htm
CCL,815097,Carnival Corp Ltd.,current,2020,2020-11-30,2021-01-26,0000815097-21-000027,2021-01-26T15:40:20.000Z,https://www.sec.gov/Archives/edgar/data/815097/000081509721000027/ccl-20201130.htm,dei:DocumentFiscalYearFocus,8754,72,0.0082248115147361,137,0.0156499885766506,148,0.0169065570025131,-0.0074251770619145,0.0230751656385652,0.0463787982636509,0.0233036326250856,694c231dfd8e236fc745fd304d9009e628dc3871d99898096703121534488fe3,e2d1328682bab7d2187684fb9f5420bb730401c9eefc00daf835edd203f4859d,
CCL,815097,Carnival Corp Ltd.,current,2021,2021-11-30,2022-01-27,0000815097-22-000009,2022-01-27T17:40:15.000Z,https://www.sec.gov/Archives/edgar/data/815097/000081509722000009/ccl-20211130.htm,dei:DocumentFiscalYearFocus,7616,73,0.0095850840336134,129,0.016938025210084,153,0.0200892857142857,-0.0073529411764705,0.0215336134453781,0.0466123949579831,0.025078781512605,cd19978e9a97ea85af45524fe77f9306f1280390e8554cee341ab068c07269a1,e2d1328682bab7d2187684fb9f5420bb730401c9eefc00daf835edd203f4859d,https://www.sec.gov/Archives/edgar/data/815097/000081509722000009/ccl-20211130_d2.htm
CCL,815097,Carnival Corp Ltd.,current,2022,2022-11-30,2023-01-27,0000815097-23-000012,2023-01-27T16:36:20.000Z,https://www.sec.gov/Archives/edgar/data/815097/000081509723000012/ccl-20221130.htm,dei:DocumentFiscalYearFocus,8339,77,0.0092337210696726,108,0.0129511931886317,158,0.0189471159611464,-0.0037174721189591,0.0232641803573569,0.0459287684374625,0.0226645880801055,658c27214c4262b17b3b87b6c6fb2b5e8ce2d76457c2715d705cc6f3eb816fd2,e2d1328682bab7d2187684fb9f5420bb730401c9eefc00daf835edd203f4859d,https://www.sec.gov/Archives/edgar/data/815097/000081509723000012/ccl-20221130_d2.htm
CCL,815097,Carnival Corp Ltd.,current,2023,2023-11-30,2024-01-26,0000815097-24-000011,2024-01-26T15:09:35.000Z,https://www.sec.gov/Archives/edgar/data/815097/000081509724000011/ccl-20231130.htm,dei:DocumentFiscalYearFocus,5502,63,0.0114503816793893,39,0.0070883315158124,77,0.0139949109414758,0.0043620501635768,0.0343511450381679,0.0521628498727735,0.0178117048346055,add706449178483c93a15d20a3a04db8e25e68f5edf7bfadd5a81d2e854bc102,e2d1328682bab7d2187684fb9f5420bb730401c9eefc00daf835edd203f4859d,
CCL,815097,Carnival Corp Ltd.,current,2024,2024-11-30,2025-01-27,0000815097-25-000007,2025-01-27T11:11:17.000Z,https://www.sec.gov/Archives/edgar/data/815097/000081509725000007/ccl-20241130.htm,dei:DocumentFiscalYearFocus,5084,43,0.0084579071597167,35,0.0068843430369787,60,0.011801730920535,0.001573564122738,0.036978756884343,0.0523210070810385,0.0153422501966955,512354c295b2ca98e27915dd481d67bf126d6d9ca96b94cf8f5ed0652a843414,e2d1328682bab7d2187684fb9f5420bb730401c9eefc00daf835edd203f4859d,
CCL,815097,Carnival Corp Ltd.,current,2025,2025-11-30,2026-01-27,0000815097-26-000007,2026-01-27T15:06:35.000Z,https://www.sec.gov/Archives/edgar/data/815097/000081509726000007/ccl-20251130.htm,dei:DocumentFiscalYearFocus,4558,57,0.0125054848617814,25,0.0054848617814831,53,0.0116279069767441,0.0070206230802983,0.0408073716542343,0.0552874067573497,0.0144800351031154,1a4091f9e0beb5b423baad467d35f0321e1151ab33c64ebe78e9a6d99cf7d339,e2d1328682bab7d2187684fb9f5420bb730401c9eefc00daf835edd203f4859d,
CMG,1058090,CHIPOTLE MEXICAN GRILL INC,current,2016,2016-12-31,2017-02-07,0001058090-17-000009,2017-02-07T00:05:02.000Z,https://www.sec.gov/Archives/edgar/data/1058090/000105809017000009/cmg-20161231x10k.htm,report_date_year_fallback_review_required,4372,34,0.0077767612076852,57,0.0130375114364135,72,0.0164684354986276,-0.0052607502287282,0.0324794144556267,0.0466605672461116,0.0141811527904849,756bf140f5edb185e22b40a3e581e87b285be301296c027d38a0f2c934752c67,e2d1328682bab7d2187684fb9f5420bb730401c9eefc00daf835edd203f4859d,
CMG,1058090,CHIPOTLE MEXICAN GRILL INC,current,2017,2017-12-31,2018-02-08,0001058090-18-000018,2018-02-08T22:17:44.000Z,https://www.sec.gov/Archives/edgar/data/1058090/000105809018000018/cmg-20171231x10k.htm,report_date_year_fallback_review_required,4550,34,0.0074725274725274,55,0.012087912087912,88,0.0193406593406593,-0.0046153846153846,0.0351648351648351,0.0542857142857142,0.0191208791208791,e8a2e9c463be07ce2a8362fb723482d46788d557f918bbd7ffd1c5c57fc3ab3d,e2d1328682bab7d2187684fb9f5420bb730401c9eefc00daf835edd203f4859d,
CMG,1058090,CHIPOTLE MEXICAN GRILL INC,current,2018,2018-12-31,2019-02-08,0001058090-19-000007,2019-02-08T02:44:15.000Z,https://www.sec.gov/Archives/edgar/data/1058090/000105809019000007/cmg-20181231x10k.htm,cover_fiscal_year_ended,4617,29,0.0062811349361056,85,0.0184102230885856,101,0.021875676846437,-0.0121290881524799,0.0363872644574398,0.0524149880875027,0.0160277236300628,a1ebaaf7b2555f6fedc9e4e88b1c019319d9319511dacc2dcaeb1a1a1539518f,e2d1328682bab7d2187684fb9f5420bb730401c9eefc00daf835edd203f4859d,
CMG,1058090,CHIPOTLE MEXICAN GRILL INC,current,2019,2019-12-31,2020-02-05,0001058090-20-000010,2020-02-05T02:00:06.000Z,https://www.sec.gov/Archives/edgar/data/1058090/000105809020000010/cmg-20191231x10k.htm,dei:DocumentFiscalYearFocus,4025,15,0.0037267080745341,63,0.0156521739130434,79,0.0196273291925465,-0.0119254658385093,0.0357763975155279,0.0521739130434782,0.0163975155279503,0938fa9bb581d83c76ca930d4a0fc1c5ec69946b0009707ca66c9d4457f2fb2b,e2d1328682bab7d2187684fb9f5420bb730401c9eefc00daf835edd203f4859d,
CMG,1058090,CHIPOTLE MEXICAN GRILL INC,current,2020,2020-12-31,2021-02-10,0001058090-21-000010,2021-02-10T02:59:51.000Z,https://www.sec.gov/Archives/edgar/data/1058090/000105809021000010/cmg-20201231x10k.htm,dei:DocumentFiscalYearFocus,4468,31,0.0069382273948075,63,0.0141002685765443,83,0.0185765443151298,-0.0071620411817367,0.0371530886302596,0.0559534467323187,0.018800358102059,1856c7a432b805539ac745d9f16614c365eed9dec6c6bd82a25835f700bea0a1,e2d1328682bab7d2187684fb9f5420bb730401c9eefc00daf835edd203f4859d,
CMG,1058090,CHIPOTLE MEXICAN GRILL INC,current,2021,2021-12-31,2022-02-11,0001058090-22-000011,2022-02-11T20:36:45.000Z,https://www.sec.gov/Archives/edgar/data/1058090/000105809022000011/cmg-20211231x10k.htm,dei:DocumentFiscalYearFocus,4478,20,0.0044662795891022,61,0.0136221527467619,88,0.01965163019205,-0.0091558731576596,0.0375167485484591,0.0531487271103171,0.0156319785618579,befbada72a9b118d5c6b9b53b9ace5dcc49426284a223f7d23e8febbd683dfb9,e2d1328682bab7d2187684fb9f5420bb730401c9eefc00daf835edd203f4859d,
CMG,1058090,CHIPOTLE MEXICAN GRILL INC,current,2022,2022-12-31,2023-02-09,0001058090-23-000010,2023-02-09T01:00:47.000Z,https://www.sec.gov/Archives/edgar/data/1058090/000105809023000010/cmg-20221231x10k.htm,dei:DocumentFiscalYearFocus,4564,21,0.004601226993865,48,0.0105170902716914,83,0.0181858019281332,-0.0059158632778264,0.0431638913234005,0.0571866783523225,0.0140227870289219,0cc4c6e44f926eb68e22472edcbd1a44bda5c6cec9224942c2cb1204e06bbdd6,e2d1328682bab7d2187684fb9f5420bb730401c9eefc00daf835edd203f4859d,
CMG,1058090,CHIPOTLE MEXICAN GRILL INC,current,2023,2023-12-31,2024-02-08,0001562762-24-000023,2024-02-07T23:24:05.000Z,https://www.sec.gov/Archives/edgar/data/1058090/000156276224000023/cmg-20231231x10k.htm,dei:DocumentFiscalYearFocus,4303,24,0.00557750406693,56,0.0130141761561701,83,0.0192888682314664,-0.00743667208924,0.0399721124796653,0.0555426446665117,0.0155705321868463,1e06f0f63c854ea622f2130496667df46cd2a3a1cd370f457578990413460f44,e2d1328682bab7d2187684fb9f5420bb730401c9eefc00daf835edd203f4859d,
CMG,1058090,CHIPOTLE MEXICAN GRILL INC,current,2024,2024-12-31,2025-02-05,0001058090-25-000014,2025-02-05T21:24:21.000Z,https://www.sec.gov/Archives/edgar/data/1058090/000105809025000014/cmg-20241231.htm,dei:DocumentFiscalYearFocus,3498,18,0.0051457975986277,32,0.0091480846197827,64,0.0182961692395654,-0.0040022870211549,0.0365923384791309,0.0500285877644368,0.0134362492853058,abed5ba7ecbc76cc390b375160114c01d073b5fe0e101ac93ffc529813c13596,e2d1328682bab7d2187684fb9f5420bb730401c9eefc00daf835edd203f4859d,
CMG,1058090,CHIPOTLE MEXICAN GRILL INC,current,2025,2025-12-31,2026-02-04,0001058090-26-000009,2026-02-04T21:51:26.000Z,https://www.sec.gov/Archives/edgar/data/1058090/000105809026000009/cmg-20251231.htm,dei:DocumentFiscalYearFocus,3519,17,0.0048309178743961,27,0.0076726342710997,65,0.0184711565785734,-0.0028417163967036,0.0349531116794543,0.0491616936629724,0.014208581983518,530ba0daf218c9b24f912fb42248df3d0c15dd84a7d3d6b03670a061b7790157,e2d1328682bab7d2187684fb9f5420bb730401c9eefc00daf835edd203f4859d,
CNP,1130310,CENTERPOINT ENERGY INC,current,2016,2016-12-31,2017-02-28,0001130310-17-000006,2017-02-28T11:22:13.000Z,https://www.sec.gov/Archives/edgar/data/1130310/000113031017000006/cnp_10kx12312016.htm,cover_fiscal_year_ended,12963,121,0.0093342590449741,178,0.0137313893388876,232,0.017897091722595,-0.0043971302939134,0.0426598781146339,0.0632569621229653,0.0205970840083314,f28f34ab361f69d8ad045d417cfa5f821335b1f82505d753207f1c64833b25d8,e2d1328682bab7d2187684fb9f5420bb730401c9eefc00daf835edd203f4859d,
CNP,1130310,CENTERPOINT ENERGY INC,current,2017,2017-12-31,2018-02-22,0001130310-18-000003,2018-02-22T11:24:04.000Z,https://www.sec.gov/Archives/edgar/data/1130310/000113031018000003/cnp_10kx12312017.htm,cover_fiscal_year_ended,14221,131,0.0092117291329723,180,0.012657337739962,247,0.0173686801209478,-0.0034456086069896,0.0412066661978763,0.0615990436678152,0.0203923774699388,9966c7b6ab1db2800ccecf91edac689c3ba1701d7a96b43e904fd30f0e81c07b,e2d1328682bab7d2187684fb9f5420bb730401c9eefc00daf835edd203f4859d,
CNP,1130310,CENTERPOINT ENERGY INC,current,2018,2018-12-31,2019-02-28,0001130310-19-000016,2019-02-28T11:29:10.000Z,https://www.sec.gov/Archives/edgar/data/1130310/000113031019000016/cnp_10kx12312018.htm,cover_fiscal_year_ended,17901,138,0.0077090665325959,169,0.0094408133623819,259,0.0144684654488576,-0.001731746829786,0.0412826099100608,0.0606111390425115,0.0193285291324507,2d42d84aef1f450a64fe9b0b46b4f3acc04d60aa46242777b5a3962b04440afe,e2d1328682bab7d2187684fb9f5420bb730401c9eefc00daf835edd203f4859d,
CNP,1130310,CENTERPOINT ENERGY INC,current,2019,2019-12-31,2020-02-27,0001130310-20-000016,2020-02-27T11:29:09.000Z,https://www.sec.gov/Archives/edgar/data/1130310/000113031020000016/cnp10k12312019.htm,dei:DocumentFiscalYearFocus,24934,146,0.0058554584102029,275,0.0110291168685329,333,0.0133552578808053,-0.0051736584583299,0.0461217614502286,0.0640891954760567,0.0179674340258281,1043fe0a60bd50b0746f9888b6568ec17fbd567bf4bd7e817f43416b31bc0957,e2d1328682bab7d2187684fb9f5420bb730401c9eefc00daf835edd203f4859d,
CNP,1130310,CENTERPOINT ENERGY INC,current,2020,2020-12-31,2021-02-25,0001130310-21-000009,2021-02-25T11:17:51.000Z,https://www.sec.gov/Archives/edgar/data/1130310/000113031021000009/cnp-20201231.htm,dei:DocumentFiscalYearFocus,25372,172,0.0067791265962478,348,0.0137159072993851,373,0.0147012454674444,-0.0069367807031373,0.0428819170739397,0.0607362446791738,0.0178543276052341,32e62449e82b39632cca72955707de6ec357e63b677a148e273a1cde089aad68,e2d1328682bab7d2187684fb9f5420bb730401c9eefc00daf835edd203f4859d,
CNP,1130310,CENTERPOINT ENERGY INC,current,2021,2021-12-31,2022-02-22,0001130310-22-000023,2022-02-22T11:21:12.000Z,https://www.sec.gov/Archives/edgar/data/1130310/000113031022000023/cnp-20211231.htm,dei:DocumentFiscalYearFocus,20397,137,0.0067166740206893,229,0.0112271412462617,305,0.0149531793891258,-0.0045104672255723,0.0478501740452027,0.0649605334117762,0.0171103593665735,07099cc5c2963ee3c28dc5546880b46030236099ef4e75fb9bd4791ba77ecbba,e2d1328682bab7d2187684fb9f5420bb730401c9eefc00daf835edd203f4859d,
CNP,1130310,CENTERPOINT ENERGY INC,current,2022,2022-12-31,2023-02-17,0001130310-23-000013,2023-02-17T11:17:48.000Z,https://www.sec.gov/Archives/edgar/data/1130310/000113031023000013/cnp-20221231.htm,dei:DocumentFiscalYearFocus,20134,117,0.0058110658587463,287,0.0142544948842753,301,0.0149498360981424,-0.0084434290255289,0.0454455150491705,0.0630773815436575,0.0176318664944869,a552dabb17ccf34e4c97a81cc7bd1e7317120ad1610606b4a5e98ffabaab3c9f,e2d1328682bab7d2187684fb9f5420bb730401c9eefc00daf835edd203f4859d,
CNP,1130310,CENTERPOINT ENERGY INC,current,2023,2023-12-31,2024-02-20,0001130310-24-000010,2024-02-20T11:34:49.000Z,https://www.sec.gov/Archives/edgar/data/1130310/000113031024000010/cnp-20231231.htm,dei:DocumentFiscalYearFocus,21514,108,0.0050199869852189,280,0.0130147810727898,336,0.0156177372873477,-0.0079947940875708,0.0458306219206098,0.063586501812773,0.0177558798921632,3b82a435c55ceff888c482798b9b5b914e1cecf8d3ca6ff9c08fe31d6c44ea79,e2d1328682bab7d2187684fb9f5420bb730401c9eefc00daf835edd203f4859d,
CNP,1130310,CENTERPOINT ENERGY INC,current,2024,2024-12-31,2025-02-20,0001130310-25-000040,2025-02-20T11:05:52.000Z,https://www.sec.gov/Archives/edgar/data/1130310/000113031025000040/cnp-20241231.htm,dei:DocumentFiscalYearFocus,22254,93,0.0041790239956861,318,0.0142895659207333,379,0.0170306461759683,-0.0101105419250471,0.0421497258919744,0.0607980587759503,0.0186483328839759,625d8a68eaa8509a2315632d63c7628ac3cb8b2ecde101557da499ca921d292f,e2d1328682bab7d2187684fb9f5420bb730401c9eefc00daf835edd203f4859d,
CNP,1130310,CENTERPOINT ENERGY INC,current,2025,2025-12-31,2026-02-19,0001130310-26-000008,2026-02-19T11:05:33.000Z,https://www.sec.gov/Archives/edgar/data/1130310/000113031026000008/cnp-20251231.htm,dei:DocumentFiscalYearFocus,20628,94,0.0045569129338762,289,0.0140100833818111,326,0.0158037618770603,-0.0094531704479348,0.0422241613341089,0.0610820244328097,0.0188578630987007,61922827931bf42e8f85ef80fc98e573d35243af4bc4cae4ae037a85b1438b64,e2d1328682bab7d2187684fb9f5420bb730401c9eefc00daf835edd203f4859d,
COST,909832,COSTCO WHOLESALE CORP /NEW,current,2016,2016-08-28,2016-10-12,0000909832-16-000032,2016-10-11T23:26:22.000Z,https://www.sec.gov/Archives/edgar/data/909832/000090983216000032/cost10k82816.htm,cover_fiscal_year_ended,5630,43,0.0076376554174067,48,0.008525754884547,69,0.0122557726465364,-0.0008880994671403,0.0303730017761989,0.0477797513321492,0.0174067495559502,88ed6e84f9a87c9634ce01d43563ecdd3bc0148865532a095c17ff70d6cadc1d,e2d1328682bab7d2187684fb9f5420bb730401c9eefc00daf835edd203f4859d,
COST,909832,COSTCO WHOLESALE CORP /NEW,current,2017,2017-09-03,2017-10-18,0000909832-17-000014,2017-10-18T01:17:47.000Z,https://www.sec.gov/Archives/edgar/data/909832/000090983217000014/cost10k90317.htm,cover_fiscal_year_ended,5782,42,0.0072639225181598,44,0.0076098235904531,72,0.0124524386025596,-0.0003459010722933,0.0323417502594258,0.0501556554825319,0.0178139052231061,d59ba130c7518b1a611d2654192eb32b91b9483ec52f195d59d601729c76663e,e2d1328682bab7d2187684fb9f5420bb730401c9eefc00daf835edd203f4859d,
COST,909832,COSTCO WHOLESALE CORP /NEW,current,2018,2018-09-02,2018-10-26,0000909832-18-000013,2018-10-26T13:21:46.000Z,https://www.sec.gov/Archives/edgar/data/909832/000090983218000013/cost10k9218.htm,cover_fiscal_year_ended,4954,46,0.0092854259184497,32,0.006459426725878,63,0.0127169963665724,0.0028259991925716,0.0347194186515946,0.052079127977392,0.0173597093257973,e66ddde909e3102f5d88fad4cf5fbc5a50f5cb59812033779fb618881ada4268,e2d1328682bab7d2187684fb9f5420bb730401c9eefc00daf835edd203f4859d,
COST,909832,COSTCO WHOLESALE CORP /NEW,current,2019,2019-09-01,2019-10-11,0000909832-19-000019,2019-10-10T22:06:12.000Z,https://www.sec.gov/Archives/edgar/data/909832/000090983219000019/cost10k9119.htm,cover_fiscal_year_ended,4073,32,0.0078566167444144,34,0.0083476552909403,60,0.014731156395777,-0.0004910385465259,0.0328995826172354,0.050085931745642,0.0171863491284065,8a28d2436e180181ece919d3fcdcad38606598d77669956bf0902799cae0e29d,e2d1328682bab7d2187684fb9f5420bb730401c9eefc00daf835edd203f4859d,
COST,909832,COSTCO WHOLESALE CORP /NEW,current,2020,2020-08-30,2020-10-07,0000909832-20-000017,2020-10-06T23:07:39.000Z,https://www.sec.gov/Archives/edgar/data/909832/000090983220000017/cost-20200830.htm,dei:DocumentFiscalYearFocus,4611,37,0.0080242897419214,45,0.0097592713077423,57,0.0123617436564736,-0.0017349815658208,0.0316634135762307,0.0494469746258946,0.0177835610496638,e3b586678dcd94c20acd5903025a0b17baaad7bde73592b018995d8829b3eaeb,e2d1328682bab7d2187684fb9f5420bb730401c9eefc00daf835edd203f4859d,
COST,909832,COSTCO WHOLESALE CORP /NEW,current,2021,2021-08-29,2021-10-06,0000909832-21-000014,2021-10-06T00:49:17.000Z,https://www.sec.gov/Archives/edgar/data/909832/000090983221000014/cost-20210829.htm,dei:DocumentFiscalYearFocus,4087,33,0.0080743821874235,27,0.006606312698801,53,0.0129679471494984,0.0014680694886224,0.0320528505015904,0.0496696843650599,0.0176168338634695,33a63b1a2560c6c61eb6fda343c55349210f5b90d98c622a1c2479c1b6d2be7e,e2d1328682bab7d2187684fb9f5420bb730401c9eefc00daf835edd203f4859d,
COST,909832,COSTCO WHOLESALE CORP /NEW,current,2022,2022-08-28,2022-10-05,0000909832-22-000021,2022-10-05T01:59:05.000Z,https://www.sec.gov/Archives/edgar/data/909832/000090983222000021/cost-20220828.htm,dei:DocumentFiscalYearFocus,3960,34,0.0085858585858585,38,0.0095959595959595,48,0.0121212121212121,-0.001010101010101,0.0303030303030303,0.0479797979797979,0.0176767676767676,94eaf7362288180d4e4313729d66766cd2b9f5f7a047ac8b7b050ebea07be801,e2d1328682bab7d2187684fb9f5420bb730401c9eefc00daf835edd203f4859d,
COST,909832,COSTCO WHOLESALE CORP /NEW,current,2023,2023-09-03,2023-10-11,0000909832-23-000042,2023-10-10T23:13:15.000Z,https://www.sec.gov/Archives/edgar/data/909832/000090983223000042/cost-20230903.htm,dei:DocumentFiscalYearFocus,3832,28,0.0073068893528183,32,0.0083507306889352,44,0.011482254697286,-0.0010438413361169,0.0281837160751565,0.0464509394572025,0.0182672233820459,a45280b544e633bd82c947459bf86482b8fcc324c02310640235565343fbd6ea,e2d1328682bab7d2187684fb9f5420bb730401c9eefc00daf835edd203f4859d,
COST,909832,COSTCO WHOLESALE CORP /NEW,current,2024,2024-09-01,2024-10-09,0000909832-24-000049,2024-10-08T22:40:07.000Z,https://www.sec.gov/Archives/edgar/data/909832/000090983224000049/cost-20240901.htm,dei:DocumentFiscalYearFocus,3877,33,0.0085117358782563,29,0.0074800103172556,46,0.0118648439515089,0.0010317255610007,0.0299200412690224,0.0479752385865359,0.0180551973175135,735e80823cd3ea2d74f0a56973be04b8c67fda62afb2aca3fa6617d1b39a67f5,e2d1328682bab7d2187684fb9f5420bb730401c9eefc00daf835edd203f4859d,
COST,909832,COSTCO WHOLESALE CORP /NEW,current,2025,2025-08-31,2025-10-08,0000909832-25-000101,2025-10-08T01:16:06.000Z,https://www.sec.gov/Archives/edgar/data/909832/000090983225000101/cost-20250831.htm,dei:DocumentFiscalYearFocus,3752,31,0.0082622601279317,27,0.0071961620469083,46,0.0122601279317697,0.0010660980810234,0.025319829424307,0.0453091684434968,0.0199893390191897,d8228a846e39d3aed7210a25a24ff20afd5715e67c7436bd15717e887069e931,e2d1328682bab7d2187684fb9f5420bb730401c9eefc00daf835edd203f4859d,
CP,16875,CANADIAN PACIFIC KANSAS CITY LTD/CN,current,2016,2016-12-31,2017-02-16,0000016875-17-000015,2017-02-16T21:35:21.000Z,https://www.sec.gov/Archives/edgar/data/16875/000001687517000015/cpr2016-annualreportx10k.htm,cover_fiscal_year_ended,16952,149,0.0087895233600755,177,0.0104412458706937,161,0.0094974044360547,-0.0016517225106182,0.030497876356772,0.0534450212364322,0.0229471448796602,baffc5db02ed01631bcaff70fb85a286ab8cbd029661ab80e696e4bbaa943fa6,e2d1328682bab7d2187684fb9f5420bb730401c9eefc00daf835edd203f4859d,
CP,16875,CANADIAN PACIFIC KANSAS CITY LTD/CN,current,2017,2017-12-31,2018-02-16,0000016875-18-000029,2018-02-16T17:08:27.000Z,https://www.sec.gov/Archives/edgar/data/16875/000001687518000029/cpr2017-annualreportx1.htm,dei:DocumentFiscalYearFocus,17000,145,0.0085294117647058,167,0.0098235294117647,171,0.0100588235294117,-0.0012941176470588,0.0326470588235294,0.052235294117647,0.0195882352941176,70d8a4550aa5a90ad9b3bb833a75df583f4cd4f0e9dcf43f12967a535f78d1d8,e2d1328682bab7d2187684fb9f5420bb730401c9eefc00daf835edd203f4859d,
CP,16875,CANADIAN PACIFIC KANSAS CITY LTD/CN,current,2018,2018-12-31,2019-02-15,0000016875-19-000017,2019-02-15T20:04:45.000Z,https://www.sec.gov/Archives/edgar/data/16875/000001687519000017/cpr2018-annualreportx1.htm,dei:DocumentFiscalYearFocus,18514,124,0.0066976342227503,192,0.0103705304094198,170,0.0091822404666738,-0.0036728961866695,0.0345684346980663,0.0512044938965107,0.0166360591984444,446b107667a9b3ffa0e435e451f10671a6eaceef0e116fb703de9d803421e76d,e2d1328682bab7d2187684fb9f5420bb730401c9eefc00daf835edd203f4859d,
CP,16875,CANADIAN PACIFIC KANSAS CITY LTD/CN,current,2019,2019-12-31,2020-02-20,0000016875-20-000007,2020-02-20T17:33:09.000Z,https://www.sec.gov/Archives/edgar/data/16875/000001687520000007/cpr2019-annualreportx1.htm,dei:DocumentFiscalYearFocus,18906,147,0.0077753094255791,197,0.010419972495504,203,0.010737332063895,-0.0026446630699248,0.0322119961916851,0.0524172220459113,0.0202052258542261,e44384c097f213858561671422e70f05080ae3c0ada0f8e0a5316e6cc0233d2e,e2d1328682bab7d2187684fb9f5420bb730401c9eefc00daf835edd203f4859d,
CP,16875,CANADIAN PACIFIC KANSAS CITY LTD/CN,current,2020,2020-12-31,2021-02-18,0000016875-21-000008,2021-02-18T17:22:12.000Z,https://www.sec.gov/Archives/edgar/data/16875/000001687521000008/cp-20201231.htm,dei:DocumentFiscalYearFocus,20278,156,0.0076930663773547,191,0.0094190748594535,218,0.0107505671170726,-0.0017260084820988,0.0274188776013413,0.0492652135319065,0.0218463359305651,3529aaeae61e5086634a993440aacd9665c0acbdd4476105a03fb4fb0f3396fd,e2d1328682bab7d2187684fb9f5420bb730401c9eefc00daf835edd203f4859d,
CP,16875,CANADIAN PACIFIC KANSAS CITY LTD/CN,current,2021,2021-12-31,2022-02-23,0000016875-22-000010,2022-02-23T17:44:09.000Z,https://www.sec.gov/Archives/edgar/data/16875/000001687522000010/cp-20211231.htm,dei:DocumentFiscalYearFocus,22318,182,0.0081548525853571,229,0.010260776055202,208,0.0093198315261224,-0.0021059234698449,0.0283179496370642,0.0493771843355139,0.0210592346984496,ab3d847d48a4ed71bba3e43206870527d7552d4251e9674548844a0d35c1f6c7,e2d1328682bab7d2187684fb9f5420bb730401c9eefc00daf835edd203f4859d,
CP,16875,CANADIAN PACIFIC KANSAS CITY LTD/CN,current,2022,2022-12-31,2023-02-24,0000016875-23-000008,2023-02-24T17:16:00.000Z,https://www.sec.gov/Archives/edgar/data/16875/000001687523000008/cp-20221231.htm,dei:DocumentFiscalYearFocus,16728,112,0.0066953610712577,170,0.0101626016260162,210,0.0125538020086083,-0.0034672405547584,0.0233142037302725,0.0464490674318507,0.0231348637015781,db40d5076f2e83a53dfb0e7003ecf78faac8cfac1183844ee2e8da0ec3c36a01,e2d1328682bab7d2187684fb9f5420bb730401c9eefc00daf835edd203f4859d,
CP,16875,CANADIAN PACIFIC KANSAS CITY LTD/CN,current,2023,2023-12-31,2024-02-27,0000016875-24-000009,2024-02-27T16:57:49.000Z,https://www.sec.gov/Archives/edgar/data/16875/000001687524000009/cp-20231231.htm,dei:DocumentFiscalYearFocus,17000,72,0.004235294117647,159,0.0093529411764705,250,0.0147058823529411,-0.0051176470588235,0.0294117647058823,0.0470588235294117,0.0176470588235294,b046696b5e718c475f845575ec02b52d77936586b2755fd31ec0386388107703,e2d1328682bab7d2187684fb9f5420bb730401c9eefc00daf835edd203f4859d,
CP,16875,CANADIAN PACIFIC KANSAS CITY LTD/CN,current,2024,2024-12-31,2025-02-27,0000016875-25-000008,2025-02-27T16:24:45.000Z,https://www.sec.gov/Archives/edgar/data/16875/000001687525000008/cp-20241231.htm,dei:DocumentFiscalYearFocus,15054,66,0.0043842168194499,113,0.0075063106151189,211,0.0140162083167264,-0.0031220937956689,0.0314866480669589,0.0474956822107081,0.0160090341437491,d0c4f4cdffa82c56f96340e1b181977ce4cd2429cb40f98d30f3ee3e590dbc4f,e2d1328682bab7d2187684fb9f5420bb730401c9eefc00daf835edd203f4859d,
CP,16875,CANADIAN PACIFIC KANSAS CITY LTD/CN,current,2025,2025-12-31,2026-02-26,0000016875-26-000008,2026-02-26T16:28:26.000Z,https://www.sec.gov/Archives/edgar/data/16875/000001687526000008/cp-20251231.htm,dei:DocumentFiscalYearFocus,11992,76,0.0063375583722481,103,0.0085890593729152,174,0.0145096731154102,-0.0022515010006671,0.0301867911941294,0.0493662441627751,0.0191794529686457,28978aa8310979bd2a7feb66ab30a05e982f8df9e4508e1e334100c44ae46d39,e2d1328682bab7d2187684fb9f5420bb730401c9eefc00daf835edd203f4859d,
CPAY,1175454,"CORPAY, INC.",current,2016,2016-12-31,2017-03-01,0001175454-17-000005,2017-03-01T21:29:55.000Z,https://www.sec.gov/Archives/edgar/data/1175454/000117545417000005/flt_10-kx12312016.htm,cover_fiscal_year_ended,17318,44,0.0025407090888093,173,0.0099896061900912,252,0.0145513338722716,-0.0074488971012819,0.0386303268275782,0.0517958193786811,0.0131654925511028,60bad9c0c40e27546c9d6e694b8a50acb55de72ccd45f42e91a2bc48873c277c,e2d1328682bab7d2187684fb9f5420bb730401c9eefc00daf835edd203f4859d,
CPAY,1175454,"CORPAY, INC.",current,2017,2017-12-31,2018-03-01,0001175454-18-000007,2018-03-01T21:46:14.000Z,https://www.sec.gov/Archives/edgar/data/1175454/000117545418000007/flt_10-kx12312017.htm,cover_fiscal_year_ended,18291,58,0.0031709583948389,178,0.0097315619703679,266,0.0145426712590891,-0.0065606035755289,0.0372860969875895,0.0505713192280356,0.0132852222404461,24a286f2683fa8682ff269c5529828e7a5689bf7cb9a483978978bacbc3a1ef1,e2d1328682bab7d2187684fb9f5420bb730401c9eefc00daf835edd203f4859d,
CPAY,1175454,"CORPAY, INC.",current,2018,2018-12-31,2019-03-01,0001175454-19-000004,2019-03-01T21:44:55.000Z,https://www.sec.gov/Archives/edgar/data/1175454/000117545419000004/flt_10-kx12312018.htm,cover_fiscal_year_ended,20586,78,0.0037889828038472,162,0.0078694258233751,295,0.0143301272709608,-0.0040804430195278,0.0393957058194889,0.0513455746623919,0.0119498688429029,f9c5b2041cf5596bbda452bd0d7c2719744d7fe221d2dc807c67ee75be4d02cd,e2d1328682bab7d2187684fb9f5420bb730401c9eefc00daf835edd203f4859d,
CPAY,1175454,"CORPAY, INC.",current,2019,2019-12-31,2020-03-02,0001175454-20-000008,2020-03-02T21:06:12.000Z,https://www.sec.gov/Archives/edgar/data/1175454/000117545420000008/flt10-k12312019.htm,dei:DocumentFiscalYearFocus,15017,49,0.0032629686355463,135,0.0089898115469134,257,0.0171139375374575,-0.0057268429113671,0.0412199507225144,0.055603649197576,0.0143836984750615,7e2a8e7354d93cd862737f6de13960e9aa62a0746d651e67d38de47ab91e489d,e2d1328682bab7d2187684fb9f5420bb730401c9eefc00daf835edd203f4859d,
CPAY,1175454,"CORPAY, INC.",current,2020,2020-12-31,2021-02-26,0001175454-21-000022,2021-02-26T22:18:37.000Z,https://www.sec.gov/Archives/edgar/data/1175454/000117545421000022/flt-20201231.htm,dei:DocumentFiscalYearFocus,14385,59,0.0041014946124435,159,0.011053180396246,268,0.0186305179005908,-0.0069516857838025,0.0382342718109141,0.0545012165450121,0.016266944734098,3f350b73e156534f7db712e9e006a30c57ead2cc69907b23a93987490c2a7195,e2d1328682bab7d2187684fb9f5420bb730401c9eefc00daf835edd203f4859d,
CPAY,1175454,"CORPAY, INC.",current,2021,2021-12-31,2022-03-01,0001628280-22-004531,2022-03-01T21:28:55.000Z,https://www.sec.gov/Archives/edgar/data/1175454/000162828022004531/flt-20211231.htm,dei:DocumentFiscalYearFocus,11282,56,0.0049636589257223,94,0.0083318560538911,202,0.0179046268392129,-0.0033681971281687,0.0409501861372097,0.0552207055486615,0.0142705194114518,2bcb944491382450a93026bc3eac500527a0acb171eb68bfbfa297876b981592,e2d1328682bab7d2187684fb9f5420bb730401c9eefc00daf835edd203f4859d,
CPAY,1175454,"CORPAY, INC.",current,2022,2022-12-31,2023-02-28,0001628280-23-005444,2023-02-28T18:35:41.000Z,https://www.sec.gov/Archives/edgar/data/1175454/000162828023005444/flt-20221231.htm,dei:DocumentFiscalYearFocus,11914,40,0.0033573946617424,136,0.0114151418499244,228,0.0191371495719321,-0.0080577471881819,0.0373510156118851,0.0549773375860332,0.017626321974148,222325f4bcd45d93120c945ece7c70feed6c0c32928699df603a018ba691cb79,e2d1328682bab7d2187684fb9f5420bb730401c9eefc00daf835edd203f4859d,
CPAY,1175454,"CORPAY, INC.",current,2023,2023-12-31,2024-02-29,0001628280-24-008060,2024-02-29T22:15:41.000Z,https://www.sec.gov/Archives/edgar/data/1175454/000162828024008060/flt-20231231.htm,dei:DocumentFiscalYearFocus,12334,39,0.0031619912437165,116,0.0094048970325928,213,0.0172693367926058,-0.0062429057888762,0.0377006648289281,0.0548889249229771,0.0171882600940489,e85ca23100a9af08d546891ea6ddf10df39f39fe5caa30c9eb0396f94de0d5a6,e2d1328682bab7d2187684fb9f5420bb730401c9eefc00daf835edd203f4859d,
CPAY,1175454,"CORPAY, INC.",current,2024,2024-12-31,2025-02-27,0001628280-25-008746,2025-02-27T22:13:10.000Z,https://www.sec.gov/Archives/edgar/data/1175454/000162828025008746/flt-20241231.htm,dei:DocumentFiscalYearFocus,12344,45,0.003645495787427,146,0.0118276085547634,226,0.0183084899546338,-0.0081821127673363,0.0380751782242385,0.053548282566429,0.0154731043421905,9d6f67ffc1469684ce5f1e2caf10e14002e1c747442d9f396308d1be93be4ac4,e2d1328682bab7d2187684fb9f5420bb730401c9eefc00daf835edd203f4859d,
CPAY,1175454,"CORPAY, INC.",current,2025,2025-12-31,2026-02-27,0001175454-26-000018,2026-02-27T01:28:38.000Z,https://www.sec.gov/Archives/edgar/data/1175454/000117545426000018/flt-20251231.htm,dei:DocumentFiscalYearFocus,13012,42,0.0032277897325545,137,0.010528742699047,243,0.0186750691669228,-0.0073009529664924,0.0367353212419305,0.0526437134952351,0.0159083922533046,c2a9a192ccff0bc2bee536a49bccad5b5987067422fdf15587efeadf93e14c7b,e2d1328682bab7d2187684fb9f5420bb730401c9eefc00daf835edd203f4859d,
CPRT,900075,COPART INC,current,2016,2016-07-31,2016-09-28,0000900075-16-000081,2016-09-28T21:29:23.000Z,https://www.sec.gov/Archives/edgar/data/900075/000090007516000081/cprt07312016-10k.htm,cover_fiscal_year_ended,10854,30,0.0027639579878385,90,0.0082918739635157,121,0.0111479638842822,-0.0055279159756771,0.0446839874700571,0.0597936244702413,0.0151096370001842,5e668c45049cc5c87f50072c0591ec51d89c31e9973680cd36d60b10bc203391,e2d1328682bab7d2187684fb9f5420bb730401c9eefc00daf835edd203f4859d,
CPRT,900075,COPART INC,current,2017,2017-07-31,2017-09-28,0000900075-17-000044,2017-09-28T00:34:54.000Z,https://www.sec.gov/Archives/edgar/data/900075/000090007517000044/cprt07312017-10k.htm,cover_fiscal_year_ended,11787,36,0.0030542122677526,91,0.0077203698990413,129,0.0109442606261135,-0.0046661576312887,0.0444557563417324,0.0589632646135573,0.0145075082718248,690d4df410b1075ad4f00823c29aa1273a3f11d01351f46d8af2ec84ccdbc906,e2d1328682bab7d2187684fb9f5420bb730401c9eefc00daf835edd203f4859d,
CPRT,900075,COPART INC,current,2018,2018-07-31,2018-10-01,0000900075-18-000048,2018-10-01T20:48:26.000Z,https://www.sec.gov/Archives/edgar/data/900075/000090007518000048/cprt07312018-10k.htm,cover_fiscal_year_ended,11622,35,0.0030115298571674,88,0.0075718464980209,108,0.0092927207021166,-0.0045603166408535,0.0448287730166924,0.058165548098434,0.0133367750817415,3f78f4971bb1af8b18e9d2a3f9d4252227ade0dae85ec4ec6d7fe9b02cbb9a3a,e2d1328682bab7d2187684fb9f5420bb730401c9eefc00daf835edd203f4859d,
CPRT,900075,COPART INC,current,2019,2019-07-31,2019-09-30,0000900075-19-000022,2019-09-30T20:54:57.000Z,https://www.sec.gov/Archives/edgar/data/900075/000090007519000022/cprt07312019-10k.htm,dei:DocumentFiscalYearFocus,10438,29,0.0027783100210768,79,0.0075684997125886,100,0.0095803793830235,-0.0047901896915117,0.0408124161716803,0.0556620042153669,0.0148495880436865,67cbb294c66c6d2f9f54d2882d788c3ec372cbf971f796a68f028a7b437db345,e2d1328682bab7d2187684fb9f5420bb730401c9eefc00daf835edd203f4859d,
CPRT,900075,COPART INC,current,2020,2020-07-31,2020-09-28,0000900075-20-000021,2020-09-28T20:48:27.000Z,https://www.sec.gov/Archives/edgar/data/900075/000090007520000021/cprt-20200731.htm,dei:DocumentFiscalYearFocus,10902,35,0.0032104201064024,87,0.007980187121629,113,0.0103650706292423,-0.0047697670152265,0.0401761144744083,0.055769583562649,0.0155934690882406,26623c41ca0e9eda82d1bec7698326572ef82ca9b02bd22a825779bd8959dace,e2d1328682bab7d2187684fb9f5420bb730401c9eefc00daf835edd203f4859d,
CPRT,900075,COPART INC,current,2021,2021-07-31,2021-09-27,0000900075-21-000022,2021-09-27T20:53:05.000Z,https://www.sec.gov/Archives/edgar/data/900075/000090007521000022/cprt-20210731.htm,dei:DocumentFiscalYearFocus,7402,28,0.0037827614158335,75,0.0101323966495541,84,0.0113482842475006,-0.0063496352337206,0.0225614698730072,0.0399891921102404,0.0174277222372331,9868602d2281585c396d6053878077d493bc5f57863d54c3bcfbfceaef4a66a3,e2d1328682bab7d2187684fb9f5420bb730401c9eefc00daf835edd203f4859d,
CPRT,900075,COPART INC,current,2022,2022-07-31,2022-09-27,0000900075-22-000050,2022-09-27T20:27:24.000Z,https://www.sec.gov/Archives/edgar/data/900075/000090007522000050/cprt-20220731.htm,dei:DocumentFiscalYearFocus,7483,33,0.0044099959909127,80,0.0106908993719096,80,0.0106908993719096,-0.0062809033809969,0.0302017907256447,0.0466390485099559,0.0164372577843111,bf37c5bc8e2f7cc5ff2f55efb734f340b37da9aaf4c0a720a5a1a705e62926eb,e2d1328682bab7d2187684fb9f5420bb730401c9eefc00daf835edd203f4859d,
CPRT,900075,COPART INC,current,2023,2023-07-31,2023-09-28,0000900075-23-000034,2023-09-28T20:38:17.000Z,https://www.sec.gov/Archives/edgar/data/900075/000090007523000034/cprt-20230731.htm,dei:DocumentFiscalYearFocus,6754,33,0.004885993485342,59,0.0087355641101569,61,0.0090316849274504,-0.0038495706248149,0.0344980752146875,0.04841575362748,0.0139176784127924,98b36a422c8d267a63cda063a55ee8dc7da1348e9ba2f193fe4426ea5700df4b,e2d1328682bab7d2187684fb9f5420bb730401c9eefc00daf835edd203f4859d,
CPRT,900075,COPART INC,current,2024,2024-07-31,2024-09-30,0000900075-24-000024,2024-09-27T23:06:12.000Z,https://www.sec.gov/Archives/edgar/data/900075/000090007524000024/cprt-20240731.htm,dei:DocumentFiscalYearFocus,5964,25,0.0041918175720992,45,0.0075452716297786,59,0.0098926894701542,-0.0033534540576794,0.0291750503018108,0.0447686116700201,0.0155935613682092,6b94a39ae6b556f61d7d4fd16c530cda974c611f1583d7bf145c1447effedcc4,e2d1328682bab7d2187684fb9f5420bb730401c9eefc00daf835edd203f4859d,
CPRT,900075,COPART INC,current,2025,2025-07-31,2025-09-26,0001628280-25-042946,2025-09-26T20:33:59.000Z,https://www.sec.gov/Archives/edgar/data/900075/000162828025042946/cprt-20250731.htm,dei:DocumentFiscalYearFocus,5569,23,0.0041300053869635,42,0.0075417489674986,54,0.0096965343867839,-0.0034117435805351,0.0296282995151732,0.0452504938049919,0.0156221942898186,9baec2a6568b21a1410184bd5d5e7f058f28d6dad20349ca978a63325b5fd7d2,e2d1328682bab7d2187684fb9f5420bb730401c9eefc00daf835edd203f4859d,
CQP,1383650,"Cheniere Energy Partners, L.P.",current,2016,2016-12-31,2017-02-24,0001383650-17-000011,2017-02-24T21:03:46.000Z,https://www.sec.gov/Archives/edgar/data/1383650/000138365017000011/cqp2016form10-k.htm,cover_fiscal_year_ended,7759,32,0.0041242428147957,62,0.0079907204536667,104,0.013403789148086,-0.0038664776388709,0.0399536022683335,0.054903982471968,0.0149503802036344,cb16bbc6a6ce2d80ed6b30e89e857a90d37d00525f931d00537b11ae0c606843,e2d1328682bab7d2187684fb9f5420bb730401c9eefc00daf835edd203f4859d,
CQP,1383650,"Cheniere Energy Partners, L.P.",current,2017,2017-12-31,2018-02-21,0001383650-18-000005,2018-02-20T23:13:33.000Z,https://www.sec.gov/Archives/edgar/data/1383650/000138365018000005/cqp2017form10-k.htm,cover_fiscal_year_ended,8220,31,0.0037712895377128,63,0.0076642335766423,94,0.0114355231143552,-0.0038929440389294,0.0403892944038929,0.0534063260340632,0.0130170316301703,ee988fd4649328084281d6ee3fe44436c5311f88664b1d250c0d66c12ccb60fd,e2d1328682bab7d2187684fb9f5420bb730401c9eefc00daf835edd203f4859d,
CQP,1383650,"Cheniere Energy Partners, L.P.",current,2018,2018-12-31,2019-02-26,0001383650-19-000005,2019-02-25T22:35:50.000Z,https://www.sec.gov/Archives/edgar/data/1383650/000138365019000005/cqp2018form10-k.htm,cover_fiscal_year_ended,7708,29,0.0037623248572911,47,0.0060975609756097,92,0.0119356512714063,-0.0023352361183186,0.0378827192527244,0.0500778412039439,0.0121951219512195,904bdf8a9477b825fb2b447262ead4e5f5fd05008bfc6541e8fff11fece08c91,e2d1328682bab7d2187684fb9f5420bb730401c9eefc00daf835edd203f4859d,
CQP,1383650,"Cheniere Energy Partners, L.P.",current,2019,2019-12-31,2020-02-25,0001383650-20-000006,2020-02-24T23:59:27.000Z,https://www.sec.gov/Archives/edgar/data/1383650/000138365020000006/cqp2019form10k.htm,dei:DocumentFiscalYearFocus,7302,24,0.0032867707477403,43,0.0058887975897014,101,0.0138318268967406,-0.0026020268419611,0.0442344563133388,0.0543686661188715,0.0101342098055327,68e36b9c061fb2376b73e22c5d84eabe1abd68761dd36e01c1263ea3c1e23b70,e2d1328682bab7d2187684fb9f5420bb730401c9eefc00daf835edd203f4859d,
CQP,1383650,"Cheniere Energy Partners, L.P.",current,2020,2020-12-31,2021-02-24,0001383650-21-000005,2021-02-24T00:35:47.000Z,https://www.sec.gov/Archives/edgar/data/1383650/000138365021000005/cqp-20201231.htm,dei:DocumentFiscalYearFocus,8868,29,0.0032701849345963,68,0.0076680198466396,113,0.0127424447451511,-0.0043978349120433,0.0384528642309427,0.0535633739287325,0.0151105096977898,3718832b3b33f0c4ce5d30c1683d02ab24bc89eff8ef12e952bf8a7e00619299,e2d1328682bab7d2187684fb9f5420bb730401c9eefc00daf835edd203f4859d,
CQP,1383650,"Cheniere Energy Partners, L.P.",current,2021,2021-12-31,2022-02-24,0001383650-22-000005,2022-02-24T02:37:13.000Z,https://www.sec.gov/Archives/edgar/data/1383650/000138365022000005/cqp-20211231.htm,dei:DocumentFiscalYearFocus,7238,31,0.0042829510914617,49,0.006769825918762,124,0.0171318043658469,-0.0024868748273003,0.0357833655705996,0.0511190936722851,0.0153357281016855,291ecaeb54a10fcf7a32c260259f2f53c0da3f845168a4114deb51736d384c56,e2d1328682bab7d2187684fb9f5420bb730401c9eefc00daf835edd203f4859d,
CQP,1383650,"Cheniere Energy Partners, L.P.",current,2022,2022-12-31,2023-02-23,0001383650-23-000008,2023-02-23T00:28:52.000Z,https://www.sec.gov/Archives/edgar/data/1383650/000138365023000008/cqp-20221231.htm,dei:DocumentFiscalYearFocus,7807,29,0.0037146150890226,82,0.0105033943896503,134,0.0171640835147944,-0.0067887793006276,0.0371461508902267,0.05571922633534,0.0185730754451133,5fd2643658fd85e67b08efa90cda6577eb8508ee1e9669dd15682642b08a89a8,e2d1328682bab7d2187684fb9f5420bb730401c9eefc00daf835edd203f4859d,
CQP,1383650,"Cheniere Energy Partners, L.P.",current,2023,2023-12-31,2024-02-22,0001383650-24-000013,2024-02-21T22:39:40.000Z,https://www.sec.gov/Archives/edgar/data/1383650/000138365024000013/cqp-20231231.htm,dei:DocumentFiscalYearFocus,7491,43,0.0057402215992524,71,0.0094780403150447,159,0.0212254705646776,-0.0037378187157922,0.0381791483113069,0.0574022159925243,0.0192230676812174,580739e4c9bad29841a2466e44f5ab1be082b0c7f6a47414b72997891627e4da,e2d1328682bab7d2187684fb9f5420bb730401c9eefc00daf835edd203f4859d,
CQP,1383650,"Cheniere Energy Partners, L.P.",current,2024,2024-12-31,2025-02-20,0001383650-25-000007,2025-02-19T22:41:19.000Z,https://www.sec.gov/Archives/edgar/data/1383650/000138365025000007/cqp-20241231.htm,dei:DocumentFiscalYearFocus,6086,29,0.0047650345054222,59,0.0096943805455142,124,0.0203746302990469,-0.004929346040092,0.0389418337167269,0.0589878409464344,0.0200460072297075,b06ac515e0d1a06f93d568c84fcd61e4c52fcd4e7b19e13275e6832e4f40134b,e2d1328682bab7d2187684fb9f5420bb730401c9eefc00daf835edd203f4859d,
CQP,1383650,"Cheniere Energy Partners, L.P.",current,2025,2025-12-31,2026-02-26,0001383650-26-000005,2026-02-25T23:16:19.000Z,https://www.sec.gov/Archives/edgar/data/1383650/000138365026000005/cqp-20251231.htm,dei:DocumentFiscalYearFocus,6529,35,0.005360698422423,56,0.0085771174758768,120,0.0183795374483075,-0.0032164190534538,0.0405881451983458,0.0612651248276918,0.0206769796293459,767f43baad055e9036430d0f278863168f36fa0ba95f1b84c5ba2e125aa97644,e2d1328682bab7d2187684fb9f5420bb730401c9eefc00daf835edd203f4859d,
CSX,277948,CSX CORP,current,2016,2016-12-30,2017-02-14,0000277948-17-000009,2017-02-14T14:41:29.000Z,https://www.sec.gov/Archives/edgar/data/277948/000027794817000009/csx-12302016x10k.htm,cover_fiscal_year_ended,12746,165,0.0129452377216381,184,0.0144359014592813,129,0.0101208222187352,-0.0014906637376431,0.0378942413306135,0.0592342695747685,0.021340028244155,7d70ac02b0421eee34dfe2fbc1f1c416d60f5c4cd73f9a2b7539103dbf4961f8,e2d1328682bab7d2187684fb9f5420bb730401c9eefc00daf835edd203f4859d,
CSX,277948,CSX CORP,current,2017,2017-12-31,2018-02-07,0000277948-18-000009,2018-02-07T19:01:18.000Z,https://www.sec.gov/Archives/edgar/data/277948/000027794818000009/csx-12312017x10k.htm,cover_fiscal_year_ended,10521,78,0.00741374394069,165,0.0156829198745366,104,0.00988499192092,-0.0082691759338465,0.0377340556981275,0.0565535595475715,0.0188195038494439,5c19fabaa89528fccc686b47e2361cf0fae02339b1b2ec006395923a48e5d32c,e2d1328682bab7d2187684fb9f5420bb730401c9eefc00daf835edd203f4859d,
CSX,277948,CSX CORP,current,2018,2018-12-31,2019-02-06,0000277948-19-000011,2019-02-06T19:15:56.000Z,https://www.sec.gov/Archives/edgar/data/277948/000027794819000011/csx-12312018x10k.htm,cover_fiscal_year_ended,10004,77,0.0076969212315073,156,0.015593762495002,96,0.0095961615353858,-0.0078968412634946,0.0410835665733706,0.0593762495001999,0.0182926829268292,3469615a9759874cebd841eaa113fc9e894f95bb7aec650219ec6244d5890360,e2d1328682bab7d2187684fb9f5420bb730401c9eefc00daf835edd203f4859d,
CSX,277948,CSX CORP,current,2019,2019-12-31,2020-02-12,0000277948-20-000008,2020-02-12T21:22:04.000Z,https://www.sec.gov/Archives/edgar/data/277948/000027794820000008/csx-12312019x10k.htm,dei:DocumentFiscalYearFocus,7894,53,0.0067139599695971,108,0.0136812769191791,86,0.0108943501393463,-0.0069673169495819,0.0397770458576133,0.060298961236382,0.0205219153787686,3f09d9321618d8f0e88b0b43b79ec1cbba12a678f960013c154bcdf0ddfb6bff,e2d1328682bab7d2187684fb9f5420bb730401c9eefc00daf835edd203f4859d,
CSX,277948,CSX CORP,current,2020,2020-12-31,2021-02-10,0000277948-21-000014,2021-02-10T19:43:02.000Z,https://www.sec.gov/Archives/edgar/data/277948/000027794821000014/csx-20201231.htm,dei:DocumentFiscalYearFocus,8501,46,0.0054111281025761,109,0.012822020938713,87,0.0102340901070462,-0.0074108928361369,0.0354075991059875,0.057522644394777,0.0221150452887895,76a10fff1c4a4835214aa6fde41aec1840c8d1ce237b69bb445a0fd46eb13a27,e2d1328682bab7d2187684fb9f5420bb730401c9eefc00daf835edd203f4859d,
CSX,277948,CSX CORP,current,2021,2021-12-31,2022-02-16,0000277948-22-000009,2022-02-16T19:53:10.000Z,https://www.sec.gov/Archives/edgar/data/277948/000027794822000009/csx-20211231.htm,dei:DocumentFiscalYearFocus,9708,68,0.0070045323444581,97,0.0099917593737124,98,0.0100947672023073,-0.0029872270292542,0.046147507210548,0.0636588380716934,0.0175113308611454,287e3a8112e84692d91e504c38919c76fec9e67004e26a3d98f5b4e995feaaa4,e2d1328682bab7d2187684fb9f5420bb730401c9eefc00daf835edd203f4859d,
CSX,277948,CSX CORP,current,2022,2022-12-31,2023-02-15,0000277948-23-000006,2023-02-15T16:55:01.000Z,https://www.sec.gov/Archives/edgar/data/277948/000027794823000006/csx-20221231.htm,dei:DocumentFiscalYearFocus,8360,52,0.0062200956937799,96,0.0114832535885167,88,0.0105263157894736,-0.0052631578947368,0.0422248803827751,0.0611244019138755,0.0188995215311004,4c77913106ef4dd3c811a50c29ff7bdfa33f4be8a135a2494f5d56164927cf55,e2d1328682bab7d2187684fb9f5420bb730401c9eefc00daf835edd203f4859d,
CSX,277948,CSX CORP,current,2023,2023-12-31,2024-02-14,0000277948-24-000010,2024-02-14T20:34:39.000Z,https://www.sec.gov/Archives/edgar/data/277948/000027794824000010/csx-20231231.htm,dei:DocumentFiscalYearFocus,8097,57,0.0070396443127084,84,0.0103742126713597,79,0.0097567000123502,-0.0033345683586513,0.0410028405582314,0.0621217734963566,0.0211189329381252,12ba2fed652d1c2578a299716f14c39d321acbeb77d7228352d0f2bdc1d0aa9f,e2d1328682bab7d2187684fb9f5420bb730401c9eefc00daf835edd203f4859d,
CSX,277948,CSX CORP,current,2024,2024-12-31,2025-02-27,0000277948-25-000008,2025-02-27T19:08:11.000Z,https://www.sec.gov/Archives/edgar/data/277948/000027794825000008/csx-20241231.htm,dei:DocumentFiscalYearFocus,8623,57,0.006610228458773,97,0.0112489852719471,88,0.0102052649889829,-0.004638756813174,0.0393134639916502,0.0589122115273106,0.0195987475356604,956229b5512467c645a3e39ab547c690a0c22943c561a452cecb79e9ba0e441b,e2d1328682bab7d2187684fb9f5420bb730401c9eefc00daf835edd203f4859d,
CSX,277948,CSX CORP,current,2025,2025-12-31,2026-02-12,0000277948-26-000006,2026-02-12T21:14:23.000Z,https://www.sec.gov/Archives/edgar/data/277948/000027794826000006/csx-20251231.htm,dei:DocumentFiscalYearFocus,8590,54,0.0062863795110593,115,0.0133876600698486,92,0.0107101280558789,-0.0071012805587892,0.0373690337601862,0.0584400465657741,0.0210710128055878,6918ae3bba5a32aa9050847f5577294dc6feb950bc555698e5e1a3a8110edd5e,e2d1328682bab7d2187684fb9f5420bb730401c9eefc00daf835edd203f4859d,
CTAS,723254,CINTAS CORP,current,2016,2016-05-31,2016-07-29,0000723254-16-000050,2016-07-29T17:32:52.000Z,https://www.sec.gov/Archives/edgar/data/723254/000072325416000050/ctas531201610k.htm,cover_fiscal_year_ended,7844,48,0.0061193268740438,71,0.0090515043345232,82,0.0104538500764915,-0.0029321774604793,0.0479347271800102,0.0633605303416624,0.0154258031616522,7be1fc3423d577b0a9ad7a9b89d541e330565f02c3c3c8602ea0ab46231b633d,e2d1328682bab7d2187684fb9f5420bb730401c9eefc00daf835edd203f4859d,
CTAS,723254,CINTAS CORP,current,2017,2017-05-31,2017-07-31,0000723254-17-000020,2017-07-31T20:54:23.000Z,https://www.sec.gov/Archives/edgar/data/723254/000072325417000020/ctas531201710k.htm,cover_fiscal_year_ended,8613,54,0.006269592476489,77,0.0089399744572158,92,0.0106815279229072,-0.0026703819807268,0.0469058400092882,0.0633925461511668,0.0164867061418785,e715dbb71b3c040452e0465fb56f73f798c18ff430a8757872d34d5807092588,e2d1328682bab7d2187684fb9f5420bb730401c9eefc00daf835edd203f4859d,
CTAS,723254,CINTAS CORP,current,2018,2018-05-31,2018-07-27,0000723254-18-000015,2018-07-27T16:27:03.000Z,https://www.sec.gov/Archives/edgar/data/723254/000072325418000015/ctas531201810k.htm,cover_fiscal_year_ended,9009,56,0.0062160062160062,84,0.0093240093240093,100,0.0111000111000111,-0.0031080031080031,0.0485070485070485,0.0648240648240648,0.0163170163170163,7ee773ee27b1ce52f85e857866ba9ba71a01f5f17c8cb4bc39b796e7334b31da,e2d1328682bab7d2187684fb9f5420bb730401c9eefc00daf835edd203f4859d,
CTAS,723254,CINTAS CORP,current,2019,2019-05-31,2019-07-26,0000723254-19-000021,2019-07-26T16:05:44.000Z,https://www.sec.gov/Archives/edgar/data/723254/000072325419000021/ctas531201910k.htm,cover_fiscal_year_ended,8734,61,0.0069841996794137,76,0.0087016258300893,102,0.0116784978245935,-0.0017174261506755,0.0478589420654911,0.0646897183421112,0.0168307762766201,b53d314431940d1c9c621c6b607d126231ebb04ed4edfc3f12e67421ed119622,e2d1328682bab7d2187684fb9f5420bb730401c9eefc00daf835edd203f4859d,
CTAS,723254,CINTAS CORP,current,2020,2020-05-31,2020-07-29,0000723254-20-000025,2020-07-29T18:20:47.000Z,https://www.sec.gov/Archives/edgar/data/723254/000072325420000025/ctas-20200531.htm,dei:DocumentFiscalYearFocus,8194,44,0.0053697827678789,117,0.0142787405418598,102,0.0124481327800829,-0.0089089577739809,0.0373443983402489,0.0572370026848913,0.0198926043446424,a32bf4d1cbf99e9d170fd88c2ca22cce31dcc8b8e6e93e0ffd6587f45b93ef7b,e2d1328682bab7d2187684fb9f5420bb730401c9eefc00daf835edd203f4859d,
CTAS,723254,CINTAS CORP,current,2021,2021-05-31,2021-07-28,0000723254-21-000021,2021-07-28T17:24:07.000Z,https://www.sec.gov/Archives/edgar/data/723254/000072325421000021/ctas-20210531.htm,dei:DocumentFiscalYearFocus,6555,45,0.0068649885583524,78,0.0118993135011441,69,0.0105263157894736,-0.0050343249427917,0.0350877192982456,0.0562929061784897,0.021205186880244,159f7db9b5ce73383256720a5b90366a6f80f009517f7e0ad48cde2558ac566c,e2d1328682bab7d2187684fb9f5420bb730401c9eefc00daf835edd203f4859d,
CTAS,723254,CINTAS CORP,current,2022,2022-05-31,2022-07-27,0000723254-22-000019,2022-07-27T18:21:24.000Z,https://www.sec.gov/Archives/edgar/data/723254/000072325422000019/ctas-20220531.htm,dei:DocumentFiscalYearFocus,6373,47,0.0073748627020241,56,0.0087870704534756,74,0.0116114859563784,-0.0014122077514514,0.0387572571787227,0.0580574297818923,0.0193001726031696,1710fdb2b6d013f55eb0f3f3349a4dcb11057446edde8dd3c4fffc899c7505af,e2d1328682bab7d2187684fb9f5420bb730401c9eefc00daf835edd203f4859d,
CTAS,723254,CINTAS CORP,current,2023,2023-05-31,2023-07-27,0000723254-23-000025,2023-07-27T17:14:03.000Z,https://www.sec.gov/Archives/edgar/data/723254/000072325423000025/ctas-20230531.htm,dei:DocumentFiscalYearFocus,5451,48,0.0088057237204182,35,0.0064208402128049,62,0.0113740598055402,0.0023848835076132,0.0434782608695652,0.0620069711979453,0.0185287103283801,d4b5babdf2801e22a1240c92916f00940d0d4c80dd8f04b2486160d95731c3e9,e2d1328682bab7d2187684fb9f5420bb730401c9eefc00daf835edd203f4859d,
CTAS,723254,CINTAS CORP,current,2024,2024-05-31,2024-07-25,0000723254-24-000036,2024-07-25T18:01:02.000Z,https://www.sec.gov/Archives/edgar/data/723254/000072325424000036/ctas-20240531.htm,dei:DocumentFiscalYearFocus,5467,50,0.0091457837936711,32,0.0058533016279495,61,0.0111578562282787,0.0032924821657216,0.0378635449057984,0.056338028169014,0.0184744832632156,347422b0f7e640b98d33adbfdef314e6c520f4891508d9577d567c1f0867976d,e2d1328682bab7d2187684fb9f5420bb730401c9eefc00daf835edd203f4859d,
CTAS,723254,CINTAS CORP,current,2025,2025-05-31,2025-07-28,0000723254-25-000017,2025-07-28T20:17:28.000Z,https://www.sec.gov/Archives/edgar/data/723254/000072325425000017/ctas-20250531.htm,dei:DocumentFiscalYearFocus,5447,52,0.0095465393794749,31,0.0056912061685331,64,0.0117495869285845,0.0038553332109418,0.0381861575178997,0.0569120616853313,0.0187259041674316,53189a17cd501d95a818ba386c7980baeffec79f567e766c35ffb058ad146c69,e2d1328682bab7d2187684fb9f5420bb730401c9eefc00daf835edd203f4859d,
DE,315189,DEERE & CO,current,2016,2016-10-31,2016-12-19,0001047469-16-017244,2016-12-19T15:46:49.000Z,https://www.sec.gov/Archives/edgar/data/315189/000104746916017244/a2230400z10-k.htm,cover_fiscal_year_ended,9364,74,0.0079026057240495,151,0.0161255873558308,130,0.0138829560017086,-0.0082229816317812,0.0309696710807347,0.0528620247757368,0.0218923536950021,e9086f1d56facc25bba23d3d50104c9ccbcddfd90d8aca24d9d33a3590ca96d5,e2d1328682bab7d2187684fb9f5420bb730401c9eefc00daf835edd203f4859d,
DE,315189,DEERE & CO,current,2017,2017-10-29,2017-12-18,0001047469-17-007719,2017-12-18T16:40:12.000Z,https://www.sec.gov/Archives/edgar/data/315189/000104746917007719/a2233505z10-k.htm,cover_fiscal_year_ended,9314,78,0.0083744900150311,131,0.0140648486149881,132,0.0141722138715911,-0.005690358599957,0.0382220313506549,0.0580846038222031,0.0198625724715482,4905420b8232897d631dd8d7bff4606c682b971c70e51f591c7eac966a92d880,e2d1328682bab7d2187684fb9f5420bb730401c9eefc00daf835edd203f4859d,
DE,315189,DEERE & CO,current,2018,2018-10-28,2018-12-17,0001047469-18-007694,2018-12-17T17:00:46.000Z,https://www.sec.gov/Archives/edgar/data/315189/000104746918007694/a2236950z10-k.htm,cover_fiscal_year_ended,9426,67,0.0071079991512836,123,0.0130490133672819,129,0.0136855506047103,-0.0059410142159983,0.0384044133248461,0.0577127095268406,0.0193082962019944,06b672a6fc65e5243de518275a5c71f659947688ceb586bf1940d047c32d2eb6,e2d1328682bab7d2187684fb9f5420bb730401c9eefc00daf835edd203f4859d,
DE,315189,DEERE & CO,current,2019,2019-11-03,2019-12-19,0001558370-19-011614,2019-12-19T20:37:52.000Z,https://www.sec.gov/Archives/edgar/data/315189/000155837019011614/de-20191103x10k.htm,dei:DocumentFiscalYearFocus,8632,39,0.0045180722891566,134,0.0155236329935125,138,0.0159870250231696,-0.0110055607043558,0.0356811862835959,0.0559545875810936,0.0202734012974976,d3b894dddfb9258c1d60899fe77fdc000ff01c766df47fbba69018980d522dd4,e2d1328682bab7d2187684fb9f5420bb730401c9eefc00daf835edd203f4859d,
DE,315189,DEERE & CO,current,2020,2020-11-01,2020-12-17,0001558370-20-014436,2020-12-17T16:19:00.000Z,https://www.sec.gov/Archives/edgar/data/315189/000155837020014436/de-20201101x10k.htm,dei:DocumentFiscalYearFocus,10460,42,0.0040152963671128,171,0.0163479923518164,151,0.0144359464627151,-0.0123326959847036,0.0248565965583174,0.0490439770554493,0.0241873804971319,ed6dad0485528fa93b5fb541332fe09c2820676e2ae889fb189cd8ee394b7f83,e2d1328682bab7d2187684fb9f5420bb730401c9eefc00daf835edd203f4859d,
DE,315189,DEERE & CO,current,2021,2021-10-31,2021-12-16,0001558370-21-016864,2021-12-16T16:39:34.000Z,https://www.sec.gov/Archives/edgar/data/315189/000155837021016864/de-20211031x10k.htm,dei:DocumentFiscalYearFocus,11581,59,0.00509455142043,204,0.0176150591486054,151,0.0130385977031344,-0.0125205077281754,0.0291857352560227,0.0536223124082549,0.0244365771522321,b9ce2ec1531b834fa50626947d119d2c0789aa5a26e8ee6265618a11bf30228b,e2d1328682bab7d2187684fb9f5420bb730401c9eefc00daf835edd203f4859d,
DE,315189,DEERE & CO,current,2022,2022-10-30,2022-12-15,0001558370-22-018703,2022-12-15T16:32:02.000Z,https://www.sec.gov/Archives/edgar/data/315189/000155837022018703/de-20221030x10k.htm,dei:DocumentFiscalYearFocus,8963,52,0.0058016289188887,142,0.0158429097400423,130,0.0145040722972219,-0.0100412808211536,0.0333593662836104,0.0550039049425415,0.0216445386589311,81a82d8ba5f37ce4a4f95d6a77764240e71eae8f10978daf6cc5b1f4712f8b89,e2d1328682bab7d2187684fb9f5420bb730401c9eefc00daf835edd203f4859d,
DE,315189,DEERE & CO,current,2023,2023-10-29,2023-12-15,0001558370-23-019812,2023-12-15T15:27:39.000Z,https://www.sec.gov/Archives/edgar/data/315189/000155837023019812/de-20231029x10k.htm,dei:DocumentFiscalYearFocus,6757,36,0.0053278081989048,109,0.0161314192689063,107,0.0158354299245227,-0.0108036110700014,0.0344827586206896,0.0581619061713778,0.0236791475506881,73c19fd201538e19dc6ee81306e7fc143cb59578a847967dfe43337a6582c2c4,e2d1328682bab7d2187684fb9f5420bb730401c9eefc00daf835edd203f4859d,
DE,315189,DEERE & CO,current,2024,2024-10-27,2024-12-12,0001558370-24-016169,2024-12-12T16:37:47.000Z,https://www.sec.gov/Archives/edgar/data/315189/000155837024016169/de-20241027x10k.htm,dei:DocumentFiscalYearFocus,7152,35,0.004893736017897,141,0.0197147651006711,108,0.0151006711409395,-0.014821029082774,0.0300615212527964,0.0564876957494407,0.0264261744966442,13167d666a7c443e943fb217d90fe07cc563927c6ba053f9153c5310743873c2,e2d1328682bab7d2187684fb9f5420bb730401c9eefc00daf835edd203f4859d,
DE,315189,DEERE & CO,current,2025,2025-11-02,2025-12-18,0001104659-25-122321,2025-12-18T13:15:12.000Z,https://www.sec.gov/Archives/edgar/data/315189/000110465925122321/de-20251102x10k.htm,dei:DocumentFiscalYearFocus,7048,39,0.0055334846765039,136,0.0192962542565266,121,0.0171679909194097,-0.0137627695800227,0.0314982973893303,0.0590238365493757,0.0275255391600454,dc46a81872954ff006773be85adb60555eb791926ea02e37b33abd02bcbcca0b,e2d1328682bab7d2187684fb9f5420bb730401c9eefc00daf835edd203f4859d,
DG,29534,DOLLAR GENERAL CORP,current,2016,2017-02-03,2017-03-24,0001558370-17-002116,2017-03-24T20:28:06.000Z,https://www.sec.gov/Archives/edgar/data/29534/000155837017002116/dg-20170203x10k.htm,issuer_52_53_week_Jan_Feb_end_previous_year,9158,67,0.0073160078619785,88,0.0096090849530465,162,0.017689451845381,-0.0022930770910679,0.0423673291111596,0.0598383926621533,0.0174710635509936,e6f004bafbb7f2f85c981b7f3b399fc7a142a3e5361d8331be9ffa83de70b1de,e2d1328682bab7d2187684fb9f5420bb730401c9eefc00daf835edd203f4859d,
DG,29534,DOLLAR GENERAL CORP,current,2017,2018-02-02,2018-03-23,0001558370-18-002366,2018-03-23T21:09:36.000Z,https://www.sec.gov/Archives/edgar/data/29534/000155837018002366/dg-20180202x10k.htm,issuer_52_53_week_Jan_Feb_end_previous_year,9583,72,0.0075133048106021,87,0.0090785766461442,169,0.0176353960137743,-0.0015652718355421,0.0402796619012835,0.0568715433580298,0.0165918814567463,7231ec88e28348a002eeb094170a825c72d0e632b30e81410cc085412f3eb6fb,e2d1328682bab7d2187684fb9f5420bb730401c9eefc00daf835edd203f4859d,
DG,29534,DOLLAR GENERAL CORP,current,2018,2019-02-01,2019-03-22,0001558370-19-002383,2019-03-22T20:33:57.000Z,https://www.sec.gov/Archives/edgar/data/29534/000155837019002383/dg-20190201x10k.htm,issuer_52_53_week_Jan_Feb_end_previous_year,8785,75,0.0085372794536141,87,0.0099032441661923,155,0.0176437108708025,-0.0013659647125782,0.0394991462720546,0.0558907228229937,0.0163915765509391,379f1a59dd456a54f0142ff2cbc4874cf0e89df312eb8ad9b8bda2caf83d5347,e2d1328682bab7d2187684fb9f5420bb730401c9eefc00daf835edd203f4859d,
DG,29534,DOLLAR GENERAL CORP,current,2019,2020-01-31,2020-03-19,0001558370-20-002915,2020-03-19T10:47:17.000Z,https://www.sec.gov/Archives/edgar/data/29534/000155837020002915/dg-20200131x10ka41072.htm,issuer_52_53_week_Jan_Feb_end_previous_year,8114,71,0.0087503081094404,64,0.0078876016761153,134,0.0165146660093665,0.0008627064333251,0.0437515405472023,0.0580478185851614,0.014296278037959,1e053bd1202a74d2937e16a174add8f47bb6505acb0aaf0adc8dfee834915d7c,e2d1328682bab7d2187684fb9f5420bb730401c9eefc00daf835edd203f4859d,
DG,29534,DOLLAR GENERAL CORP,current,2020,2021-01-29,2021-03-19,0001558370-21-003245,2021-03-19T12:19:58.000Z,https://www.sec.gov/Archives/edgar/data/29534/000155837021003245/dg-20210129x10k.htm,issuer_52_53_week_Jan_Feb_end_previous_year,9221,83,0.0090011929291833,76,0.0082420561761197,153,0.0165925604598199,0.0007591367530636,0.0427285543867259,0.0581281856631601,0.0153996312764342,b2a51a2ee13d339c4d6731b3bc28c4313909e393db6b64e2299b2156e48ada8a,e2d1328682bab7d2187684fb9f5420bb730401c9eefc00daf835edd203f4859d,
DG,29534,DOLLAR GENERAL CORP,current,2021,2022-01-28,2022-03-18,0001558370-22-003921,2022-03-18T20:16:38.000Z,https://www.sec.gov/Archives/edgar/data/29534/000155837022003921/dg-20220128x10k.htm,issuer_52_53_week_Jan_Feb_end_previous_year,8561,72,0.0084102324494802,67,0.0078261885293774,141,0.0164700385468987,0.0005840439201027,0.0447377642798738,0.0593388622824436,0.0146010980025697,43c53d1aa5ef73eba4b51622a939c5f70a8845eab3856e9bd46d0113992ed1e6,e2d1328682bab7d2187684fb9f5420bb730401c9eefc00daf835edd203f4859d,
DG,29534,DOLLAR GENERAL CORP,current,2022,2023-02-03,2023-03-24,0001558370-23-004574,2023-03-24T20:42:42.000Z,https://www.sec.gov/Archives/edgar/data/29534/000155837023004574/dg-20230203x10k.htm,issuer_52_53_week_Jan_Feb_end_previous_year,8935,72,0.0080581980973698,86,0.0096250699496362,139,0.0155567991046446,-0.0015668718522663,0.0416340235030777,0.0559597090095131,0.0143256855064353,eceb907f02714932305b9860832c5165ce47c5ec0cbc9d81fde2cd96ddba1e97,e2d1328682bab7d2187684fb9f5420bb730401c9eefc00daf835edd203f4859d,
DG,29534,DOLLAR GENERAL CORP,current,2023,2024-02-02,2024-03-25,0001558370-24-003813,2024-03-25T10:45:45.000Z,https://www.sec.gov/Archives/edgar/data/29534/000155837024003813/dg-20240202x10k.htm,issuer_52_53_week_Jan_Feb_end_previous_year,8121,64,0.007880802856791,67,0.0082502154907031,123,0.0151459179903952,-0.000369412633912,0.0397734269178672,0.0556581701760866,0.0158847432582194,01adfce6ebe99679aedbf27b11c919d8c54c0a2d8d70c9594a4a3e622f002318,e2d1328682bab7d2187684fb9f5420bb730401c9eefc00daf835edd203f4859d,
DG,29534,DOLLAR GENERAL CORP,current,2024,2025-01-31,2025-03-21,0001558370-25-003413,2025-03-21T10:24:14.000Z,https://www.sec.gov/Archives/edgar/data/29534/000155837025003413/dg-20250131x10k.htm,issuer_52_53_week_Jan_Feb_end_previous_year,7716,58,0.0075168481078278,74,0.0095904613789528,120,0.015552099533437,-0.0020736132711249,0.0418610679108346,0.0585795749092794,0.0167185069984447,7fdcb0e8fea2adaa9aa62f4c5c6c5b67b0ea569aea570c677782432ad3a0cbd1,e2d1328682bab7d2187684fb9f5420bb730401c9eefc00daf835edd203f4859d,
DG,29534,DOLLAR GENERAL CORP,current,2025,2026-01-30,2026-03-20,0001104659-26-032325,2026-03-20T10:11:57.000Z,https://www.sec.gov/Archives/edgar/data/29534/000110465926032325/dg-20260130x10k.htm,issuer_52_53_week_Jan_Feb_end_previous_year,7114,65,0.0091369131290413,62,0.0087152094461624,114,0.0160247399493955,0.0004217036828788,0.0448411582794489,0.0614281698060163,0.0165870115265673,58a87d854c962d65403b7a7dcc3702c9469b57f411bdf13a0ed84f590ce3a88b,e2d1328682bab7d2187684fb9f5420bb730401c9eefc00daf835edd203f4859d,
DOV,29905,DOVER Corp,current,2016,2016-12-31,2017-02-10,0000029905-17-000011,2017-02-10T22:21:03.000Z,https://www.sec.gov/Archives/edgar/data/29905/000002990517000011/a2016123110-k.htm,cover_fiscal_year_ended,13174,64,0.0048580537422195,237,0.0179899802641566,177,0.0134355548808258,-0.0131319265219371,0.0314255351449825,0.0507818430241384,0.0193563078791559,8ce7a943f76635f252a22f8ce2f52bd1a709dbc6bbc043378bddfe5a30151232,e2d1328682bab7d2187684fb9f5420bb730401c9eefc00daf835edd203f4859d,
DOV,29905,DOVER Corp,current,2017,2017-12-31,2018-02-09,0000029905-18-000013,2018-02-09T21:38:48.000Z,https://www.sec.gov/Archives/edgar/data/29905/000002990518000013/a2017123110-k.htm,cover_fiscal_year_ended,12430,95,0.0076427996781979,184,0.0148028962188254,169,0.0135961383748994,-0.0071600965406275,0.0400643604183427,0.0584070796460177,0.0183427192276749,95c154cd5940692023314dcaaecc13e225b389390ef76ebef1202bd57dbe00c4,e2d1328682bab7d2187684fb9f5420bb730401c9eefc00daf835edd203f4859d,
DOV,29905,DOVER Corp,current,2018,2018-12-31,2019-02-15,0000029905-19-000019,2019-02-15T22:22:29.000Z,https://www.sec.gov/Archives/edgar/data/29905/000002990519000019/wfx-20181231.htm,dei:DocumentFiscalYearFocus,12423,103,0.0082910730097399,166,0.0133623118409401,156,0.0125573532963052,-0.0050712388312001,0.0416968526120904,0.057876519359253,0.0161796667471625,f37b1ce10fe6722f37e3822c0ee3841ea1aee8cd7def8087becaadacee389c20,e2d1328682bab7d2187684fb9f5420bb730401c9eefc00daf835edd203f4859d,
DOV,29905,DOVER Corp,current,2019,2019-12-31,2020-02-14,0000029905-20-000011,2020-02-14T21:35:38.000Z,https://www.sec.gov/Archives/edgar/data/29905/000002990520000011/dov-20191231.htm,dei:DocumentFiscalYearFocus,13299,97,0.0072937814873298,198,0.0148883374689826,164,0.0123317542672381,-0.0075945559816527,0.0403789758628468,0.0588014136401233,0.0184224377772764,85e029e43accf872ceb77a681a0f1c908558a9e250bc3d4947259bb61b84261b,e2d1328682bab7d2187684fb9f5420bb730401c9eefc00daf835edd203f4859d,
DOV,29905,DOVER Corp,current,2020,2020-12-31,2021-02-12,0000029905-21-000010,2021-02-12T21:34:31.000Z,https://www.sec.gov/Archives/edgar/data/29905/000002990521000010/dov-20201231.htm,dei:DocumentFiscalYearFocus,14904,124,0.0083199141170155,275,0.0184514224369296,180,0.0120772946859903,-0.0101315083199141,0.0363660762211486,0.0556897477187332,0.0193236714975845,f72a25b6f1c32eb7b82a4be54d11f0ea7b65edac6c8a074deb6ce4b5df8e6746,e2d1328682bab7d2187684fb9f5420bb730401c9eefc00daf835edd203f4859d,
DOV,29905,DOVER Corp,current,2021,2021-12-31,2022-02-11,0000029905-22-000009,2022-02-11T21:36:48.000Z,https://www.sec.gov/Archives/edgar/data/29905/000002990522000009/dov-20211231.htm,dei:DocumentFiscalYearFocus,13097,140,0.0106894708711918,173,0.0132091318622585,157,0.011987478048408,-0.0025196609910666,0.0480262655569977,0.0653584790410017,0.0173322134840039,4d0a5d8987f911a19d844721b129077e70dfbb3251a37cd61e5e79c498a04d8b,e2d1328682bab7d2187684fb9f5420bb730401c9eefc00daf835edd203f4859d,
DOV,29905,DOVER Corp,current,2022,2022-12-31,2023-02-10,0000029905-23-000008,2023-02-10T21:27:47.000Z,https://www.sec.gov/Archives/edgar/data/29905/000002990523000008/dov-20221231.htm,dei:DocumentFiscalYearFocus,12632,122,0.00965801139962,170,0.0134578847371754,181,0.0143286890436985,-0.0037998733375554,0.0498733375554148,0.066418619379354,0.0165452818239392,81185ab65ad432c8255e0531e5812e0249d5ed8ad11e3e23161f2720fa9aaa1c,e2d1328682bab7d2187684fb9f5420bb730401c9eefc00daf835edd203f4859d,
DOV,29905,DOVER Corp,current,2023,2023-12-31,2024-02-09,0000029905-24-000008,2024-02-09T21:31:46.000Z,https://www.sec.gov/Archives/edgar/data/29905/000002990524000008/dov-20231231.htm,dei:DocumentFiscalYearFocus,9141,50,0.0054698610655289,132,0.0144404332129963,170,0.0185975276227983,-0.0089705721474674,0.0379608357947708,0.0567771578601903,0.0188163220654195,e20ccbe0c108be8adc5ef4bfeecadc19f88bf31d018109f7c5152f55c0632035,e2d1328682bab7d2187684fb9f5420bb730401c9eefc00daf835edd203f4859d,
DOV,29905,DOVER Corp,current,2024,2024-12-31,2025-02-14,0000029905-25-000006,2025-02-14T21:24:26.000Z,https://www.sec.gov/Archives/edgar/data/29905/000002990525000006/dov-20241231.htm,dei:DocumentFiscalYearFocus,10600,84,0.0079245283018867,150,0.0141509433962264,166,0.0156603773584905,-0.0062264150943396,0.045754716981132,0.0635849056603773,0.0178301886792452,4bcda4791cf5c88f44eee71e5131473832b4d223f1760d6dbfb2d24fc658c703,e2d1328682bab7d2187684fb9f5420bb730401c9eefc00daf835edd203f4859d,
DOV,29905,DOVER Corp,current,2025,2025-12-31,2026-02-13,0000029905-26-000009,2026-02-13T21:22:04.000Z,https://www.sec.gov/Archives/edgar/data/29905/000002990526000009/dov-20251231.htm,dei:DocumentFiscalYearFocus,8696,72,0.0082796688132474,100,0.0114995400183992,159,0.0182842686292548,-0.0032198712051517,0.046113155473781,0.0635924563017479,0.0174793008279668,e6702f7c441cb6ef8383af94268af05e9b861c58aa3f9cb62a6696fb2640bd6b,e2d1328682bab7d2187684fb9f5420bb730401c9eefc00daf835edd203f4859d,
DVN,1090012,DEVON ENERGY CORP/DE,current,2016,2016-12-31,2017-02-15,0001564590-17-001607,2017-02-15T17:02:34.000Z,https://www.sec.gov/Archives/edgar/data/1090012/000156459017001607/dvn-10k_20161231.htm,cover_fiscal_year_ended,10711,55,0.0051349080384651,191,0.0178321351881243,162,0.0151246382223882,-0.0126972271496592,0.0352908225189058,0.054896835029409,0.0196060125105032,76b8fbd5458ea6961ff1e7bf0bbf6265c7f235f6b6edbfc2ddec71b546546c2b,e2d1328682bab7d2187684fb9f5420bb730401c9eefc00daf835edd203f4859d,
DVN,1090012,DEVON ENERGY CORP/DE,current,2017,2017-12-31,2018-02-21,0001564590-18-002582,2018-02-21T17:03:34.000Z,https://www.sec.gov/Archives/edgar/data/1090012/000156459018002582/dvn-10k_20171231.htm,cover_fiscal_year_ended,10206,53,0.0051930237115422,198,0.019400352733686,162,0.0158730158730158,-0.0142073290221438,0.0361552028218694,0.0542817950225357,0.0181265922006662,715d232c689a5332e4c5e5f580984a2a36eedb9905adc0ea9ed35d58758dc8d6,e2d1328682bab7d2187684fb9f5420bb730401c9eefc00daf835edd203f4859d,
DVN,1090012,DEVON ENERGY CORP/DE,current,2018,2018-12-31,2019-02-20,0001564590-19-003382,2019-02-20T17:18:53.000Z,https://www.sec.gov/Archives/edgar/data/1090012/000156459019003382/dvn-10k_20181231.htm,dei:DocumentFiscalYearFocus,10296,60,0.0058275058275058,218,0.0211732711732711,152,0.0147630147630147,-0.0153457653457653,0.0385586635586635,0.057012432012432,0.0184537684537684,b62633e8501730a14f7c279d9c6625b4cf92013865e9b4b6c4b3f6184bdb2859,e2d1328682bab7d2187684fb9f5420bb730401c9eefc00daf835edd203f4859d,
DVN,1090012,DEVON ENERGY CORP/DE,current,2019,2019-12-31,2020-02-19,0001564590-20-005182,2020-02-19T17:03:54.000Z,https://www.sec.gov/Archives/edgar/data/1090012/000156459020005182/dvn-10k_20191231.htm,dei:DocumentFiscalYearFocus,9138,73,0.0079886189538192,213,0.0233092580433355,125,0.0136791420442109,-0.0153206390895163,0.0410374261326329,0.0594221930400525,0.0183847669074195,cfb8e2295bdfec6ae6baec4f9156ebea05fb8e2f94a9d1b4ea0dd89b60741c29,e2d1328682bab7d2187684fb9f5420bb730401c9eefc00daf835edd203f4859d,
DVN,1090012,DEVON ENERGY CORP/DE,current,2020,2020-12-31,2021-02-17,0001564590-21-006239,2021-02-17T16:02:04.000Z,https://www.sec.gov/Archives/edgar/data/1090012/000156459021006239/dvn-10k_20201231.htm,dei:DocumentFiscalYearFocus,9494,79,0.0083210448704444,224,0.0235938487465767,143,0.0150621445123235,-0.0152728038761322,0.0322308826627343,0.0512955550874236,0.0190646724246892,6fc862b8242ffe1894b1462e9fe403b1009a93c3a82df02a46297d9d5067bbff,e2d1328682bab7d2187684fb9f5420bb730401c9eefc00daf835edd203f4859d,
DVN,1090012,DEVON ENERGY CORP/DE,current,2021,2021-12-31,2022-02-16,0001564590-22-005321,2022-02-16T17:02:22.000Z,https://www.sec.gov/Archives/edgar/data/1090012/000156459022005321/dvn-10k_20211231.htm,dei:DocumentFiscalYearFocus,8385,54,0.0064400715563506,151,0.0180083482409063,162,0.0193202146690518,-0.0115682766845557,0.0395945140131186,0.0591532498509242,0.0195587358378056,526c7924b0feb723e79240700237d98bc505c0b841995acb2e99997f0e88de92,e2d1328682bab7d2187684fb9f5420bb730401c9eefc00daf835edd203f4859d,
DVN,1090012,DEVON ENERGY CORP/DE,current,2022,2022-12-31,2023-02-15,0000950170-23-002852,2023-02-15T17:01:08.000Z,https://www.sec.gov/Archives/edgar/data/1090012/000095017023002852/dvn-20221231.htm,dei:DocumentFiscalYearFocus,8174,54,0.006606312698801,127,0.0155370687545877,153,0.0187178859799363,-0.0089307560557866,0.0420846586738438,0.0595791534132615,0.0174944947394176,9c029e82156d75a8209ff05f84fec25377fc98dc4f1b932cb662fcba4f0bb72a,e2d1328682bab7d2187684fb9f5420bb730401c9eefc00daf835edd203f4859d,
DVN,1090012,DEVON ENERGY CORP/DE,current,2023,2023-12-31,2024-02-28,0000950170-24-021781,2024-02-28T17:00:49.000Z,https://www.sec.gov/Archives/edgar/data/1090012/000095017024021781/dvn-20231231.htm,dei:DocumentFiscalYearFocus,6740,41,0.0060830860534124,88,0.0130563798219584,132,0.0195845697329376,-0.0069732937685459,0.0385756676557863,0.0557863501483679,0.0172106824925816,7d20a2b205f205f61e0262fc89ba705bb9560bab44a7cafa934e531503164062,e2d1328682bab7d2187684fb9f5420bb730401c9eefc00daf835edd203f4859d,
DVN,1090012,DEVON ENERGY CORP/DE,current,2024,2024-12-31,2025-02-19,0000950170-25-022844,2025-02-19T17:01:33.000Z,https://www.sec.gov/Archives/edgar/data/1090012/000095017025022844/dvn-20241231.htm,dei:DocumentFiscalYearFocus,6696,44,0.0065710872162485,80,0.01194743130227,130,0.0194145758661887,-0.0053763440860215,0.0433094384707287,0.0603345280764635,0.0170250896057347,405d97dcafbf5fd4e7b47c013ee0d9917a77fca80cfb8da0e704c756f75b2951,e2d1328682bab7d2187684fb9f5420bb730401c9eefc00daf835edd203f4859d,
DVN,1090012,DEVON ENERGY CORP/DE,current,2025,2025-12-31,2026-02-18,0001193125-26-056485,2026-02-18T17:01:17.000Z,https://www.sec.gov/Archives/edgar/data/1090012/000119312526056485/dvn-20251231.htm,dei:DocumentFiscalYearFocus,7184,70,0.0097438752783964,95,0.0132238307349665,138,0.0192093541202672,-0.0034799554565701,0.0460746102449888,0.0623608017817371,0.0162861915367483,b5362763f4162aa70e9800e2bdd9f607cba207070c3252434fdde47e7525e3b4,e2d1328682bab7d2187684fb9f5420bb730401c9eefc00daf835edd203f4859d,
ECHO,1415404,EchoStar CORP,current,2016,2016-12-31,2017-02-24,0001415404-17-000010,2017-02-24T01:43:53.000Z,https://www.sec.gov/Archives/edgar/data/1415404/000141540417000010/sats_123116x10kdocument.htm,dei:DocumentFiscalYearFocus,17116,48,0.0028043935498948,214,0.0125029212432811,185,0.0108086001402196,-0.0096985276933863,0.0315494274363169,0.0450455713951857,0.0134961439588688,0d72e6f9e8b10d5beb5c8615851f3c9d964bfffa7a4830de242db4eb22a6d8da,e2d1328682bab7d2187684fb9f5420bb730401c9eefc00daf835edd203f4859d,
ECHO,1415404,EchoStar CORP,current,2017,2017-12-31,2018-02-22,0001415404-18-000005,2018-02-22T00:48:40.000Z,https://www.sec.gov/Archives/edgar/data/1415404/000141540418000005/sats12311710kdocument.htm,dei:DocumentFiscalYearFocus,14843,56,0.0037728222057535,176,0.0118574412180825,168,0.0113184666172606,-0.008084619012329,0.0381998248332547,0.0498551505760291,0.0116553257427743,66446e8fb3f578847ea7f0669d3cbc4aac7760edb3245261e7518aa2db93f9e9,e2d1328682bab7d2187684fb9f5420bb730401c9eefc00daf835edd203f4859d,
ECHO,1415404,EchoStar CORP,current,2018,2018-12-31,2019-02-21,0001415404-19-000003,2019-02-21T01:04:45.000Z,https://www.sec.gov/Archives/edgar/data/1415404/000141540419000003/sats12311810kdocument.htm,dei:DocumentFiscalYearFocus,14095,72,0.0051081943951755,185,0.0131252217098261,136,0.0096488116353316,-0.0080170273146505,0.035260730755587,0.049804895352962,0.0145441645973749,f4c8d0aadd9baf28f0a59391b708581934e3038bb1d684f96a10acfe4bd3d8e3,e2d1328682bab7d2187684fb9f5420bb730401c9eefc00daf835edd203f4859d,
ECHO,1415404,EchoStar CORP,current,2019,2019-12-31,2020-02-20,0001415404-20-000005,2020-02-20T12:57:39.000Z,https://www.sec.gov/Archives/edgar/data/1415404/000141540420000005/sats12311910kdocument1.htm,dei:DocumentFiscalYearFocus,12172,75,0.006161682550115,215,0.0176634899769963,130,0.0106802497535326,-0.0115018074268813,0.0380381202760433,0.0568517909957279,0.0188136707196845,ba2cb009d19fddc3a5dee16104da21a43d74a7d6ce840be2f30fe89bd8ff6bfc,e2d1328682bab7d2187684fb9f5420bb730401c9eefc00daf835edd203f4859d,
ECHO,1415404,EchoStar CORP,current,2020,2020-12-31,2021-02-23,0001415404-21-000005,2021-02-23T01:08:08.000Z,https://www.sec.gov/Archives/edgar/data/1415404/000141540421000005/sats-20201231.htm,dei:DocumentFiscalYearFocus,12232,75,0.0061314584695879,263,0.0215009810333551,140,0.0114453891432308,-0.0153695225637671,0.0322923479398299,0.0546926095487246,0.0224002616088947,b4e91561631bc5e245488212e5d63c315f72473cb6ff6dd967ffc7bc1fcfd5ea,e2d1328682bab7d2187684fb9f5420bb730401c9eefc00daf835edd203f4859d,
ECHO,1415404,EchoStar CORP,current,2021,2021-12-31,2022-02-24,0001415404-22-000005,2022-02-23T23:57:38.000Z,https://www.sec.gov/Archives/edgar/data/1415404/000141540422000005/sats-20211231.htm,dei:DocumentFiscalYearFocus,10955,77,0.0070287539936102,272,0.0248288452761296,148,0.0135098128708352,-0.0178000912825193,0.0289365586490187,0.0545869465997261,0.0256503879507074,03e77830466e097062054314fe17c2d784746f50861cd2a91f939e8511d38d72,e2d1328682bab7d2187684fb9f5420bb730401c9eefc00daf835edd203f4859d,
ECHO,1415404,EchoStar CORP,current,2022,2022-12-31,2023-02-23,0001415404-23-000005,2023-02-22T22:59:27.000Z,https://www.sec.gov/Archives/edgar/data/1415404/000141540423000005/sats-20221231.htm,dei:DocumentFiscalYearFocus,10251,68,0.0066334991708126,259,0.0252658277241244,145,0.0141449614671739,-0.0186323285533118,0.0295580918934738,0.0552141254511754,0.0256560335577016,412c08b0e92903f3fff2740c1a7432a3f57229e0378ab13d228c3f66c778583d,e2d1328682bab7d2187684fb9f5420bb730401c9eefc00daf835edd203f4859d,
ECHO,1415404,EchoStar CORP,current,2023,2023-12-31,2024-02-29,0001558370-24-002209,2024-02-29T22:01:16.000Z,https://www.sec.gov/Archives/edgar/data/1415404/000155837024002209/tmb-20231231x10k.htm,dei:DocumentFiscalYearFocus,21932,95,0.0043315703082254,337,0.015365675724968,244,0.0111252963706,-0.0110341054167426,0.0164143716943279,0.0417654568666788,0.0253510851723509,7c8fa20f8e991cb01c00f09bd0c0a2a3d617b4f58cced5976146d9d2ca100372,e2d1328682bab7d2187684fb9f5420bb730401c9eefc00daf835edd203f4859d,
ECHO,1415404,EchoStar CORP,current,2024,2024-12-31,2025-02-27,0001558370-25-001663,2025-02-27T11:02:08.000Z,https://www.sec.gov/Archives/edgar/data/1415404/000155837025001663/tmb-20241231x10k.htm,dei:DocumentFiscalYearFocus,20677,87,0.0042075736325385,308,0.0148957779174928,209,0.0101078493011558,-0.0106882042849542,0.0162499395463558,0.0421724621560187,0.0259225226096629,a5e54e39ea4e6e4054d329de5fdeb9a339206ed35dec7f68fe9a225d049f31b9,e2d1328682bab7d2187684fb9f5420bb730401c9eefc00daf835edd203f4859d,
ECHO,1415404,EchoStar CORP,current,2025,2025-12-31,2026-03-02,0001104659-26-021817,2026-03-02T11:04:50.000Z,https://www.sec.gov/Archives/edgar/data/1415404/000110465926021817/tmb-20251231x10k.htm,dei:DocumentFiscalYearFocus,25892,91,0.0035145991039703,411,0.0158736289201297,237,0.009153406457593,-0.0123590298161594,0.020778618878418,0.0457284103197898,0.0249497914413718,98a0374aca5803b4d1297f3467d98217c71d13061ec559951649cbd515acf4c0,e2d1328682bab7d2187684fb9f5420bb730401c9eefc00daf835edd203f4859d,
ELV,1156039,"Elevance Health, Inc.",current,2016,2016-12-31,2017-02-22,0001156039-17-000002,2017-02-22T18:09:22.000Z,https://www.sec.gov/Archives/edgar/data/1156039/000115603917000002/antm-2016123110k.htm,cover_fiscal_year_ended,21244,130,0.0061193748823197,349,0.0164281679533044,312,0.0146864997175673,-0.0103087930709847,0.0414705328563359,0.058228205610996,0.0167576727546601,a9b8ff10fbfd2881aee6b4ad10ee574e6a494584dc068c27c227c29f4241a9f3,e2d1328682bab7d2187684fb9f5420bb730401c9eefc00daf835edd203f4859d,
ELV,1156039,"Elevance Health, Inc.",current,2017,2017-12-31,2018-02-21,0001156039-18-000003,2018-02-21T19:02:53.000Z,https://www.sec.gov/Archives/edgar/data/1156039/000115603918000003/antm-2017123110kq42017.htm,cover_fiscal_year_ended,19618,138,0.0070343562034865,293,0.0149352635334896,266,0.0135589764501987,-0.007900907330003,0.0396574574370476,0.0558160872667958,0.0161586298297481,f8b4063b1e14fc1eafae6e40e758cf37a06925fdb1c981c4caa3f522dfaa0c50,e2d1328682bab7d2187684fb9f5420bb730401c9eefc00daf835edd203f4859d,
ELV,1156039,"Elevance Health, Inc.",current,2018,2018-12-31,2019-02-20,0001156039-19-000004,2019-02-20T19:53:10.000Z,https://www.sec.gov/Archives/edgar/data/1156039/000115603919000004/antm-2018123110kq42018.htm,cover_fiscal_year_ended,16537,116,0.0070145733809034,257,0.0155409082663119,225,0.0136058535405454,-0.0085263348854084,0.0376730966922658,0.0547862369232629,0.0171131402309971,8de87015ce99aa6346b5ebbfd3b0d4b39b87db009adc2aa4652e8aeb3524df86,e2d1328682bab7d2187684fb9f5420bb730401c9eefc00daf835edd203f4859d,
ELV,1156039,"Elevance Health, Inc.",current,2019,2019-12-31,2020-02-19,0001156039-20-000003,2020-02-19T20:14:06.000Z,https://www.sec.gov/Archives/edgar/data/1156039/000115603920000003/antm-2019123110kq42019.htm,dei:DocumentFiscalYearFocus,14643,85,0.0058048214163764,225,0.0153657037492317,216,0.0147510755992624,-0.0095608823328552,0.0385166973980741,0.0542921532472853,0.0157754558492112,70da260b2c6214134508f9f4bf92a9ca4c9e9a5a10e3310e35b6ac30408e7b3a,e2d1328682bab7d2187684fb9f5420bb730401c9eefc00daf835edd203f4859d,
ELV,1156039,"Elevance Health, Inc.",current,2020,2020-12-31,2021-02-18,0001156039-21-000012,2021-02-18T21:03:06.000Z,https://www.sec.gov/Archives/edgar/data/1156039/000115603921000012/antm-20201231.htm,dei:DocumentFiscalYearFocus,17135,101,0.0058943682521155,278,0.0162241027137438,243,0.0141814998540997,-0.0103297344616282,0.0379340531076743,0.0544499562299387,0.0165159031222643,62f75ec9ff4fe8c32d1f6b9f44b22b3de1973f669a8e7ded891ed16608e0c904,e2d1328682bab7d2187684fb9f5420bb730401c9eefc00daf835edd203f4859d,
ELV,1156039,"Elevance Health, Inc.",current,2021,2021-12-31,2022-02-16,0001156039-22-000009,2022-02-16T21:01:21.000Z,https://www.sec.gov/Archives/edgar/data/1156039/000115603922000009/antm-20211231.htm,dei:DocumentFiscalYearFocus,15674,93,0.0059333928799285,242,0.0154395814725022,238,0.0151843817787418,-0.0095061885925736,0.0382799540640551,0.0555059333928799,0.0172259793288248,5d4a47d36ff80b2d1b557cfac9d78de2b7ea0570bf6a379053bf633c3a232a18,e2d1328682bab7d2187684fb9f5420bb730401c9eefc00daf835edd203f4859d,
ELV,1156039,"Elevance Health, Inc.",current,2022,2022-12-31,2023-02-15,0001156039-23-000007,2023-02-15T21:44:30.000Z,https://www.sec.gov/Archives/edgar/data/1156039/000115603923000007/elv-20221231.htm,dei:DocumentFiscalYearFocus,16080,107,0.0066542288557213,226,0.0140547263681592,253,0.0157338308457711,-0.0074004975124378,0.0393034825870646,0.0555970149253731,0.0162935323383084,4c7a320280236d02ff5de9618c1f2876f5c7fcbd1f835b12b99818bd75f61736,e2d1328682bab7d2187684fb9f5420bb730401c9eefc00daf835edd203f4859d,
ELV,1156039,"Elevance Health, Inc.",current,2023,2023-12-31,2024-02-21,0001156039-24-000015,2024-02-21T21:30:31.000Z,https://www.sec.gov/Archives/edgar/data/1156039/000115603924000015/elv-20231231.htm,dei:DocumentFiscalYearFocus,13450,97,0.0072118959107806,197,0.0146468401486988,199,0.0147955390334572,-0.0074349442379182,0.0395539033457249,0.0556877323420074,0.0161338289962825,430e6b4289a938794952be1dbab1189070f234763173f833b67f45595a30aeae,e2d1328682bab7d2187684fb9f5420bb730401c9eefc00daf835edd203f4859d,
ELV,1156039,"Elevance Health, Inc.",current,2024,2024-12-31,2025-02-20,0001156039-25-000010,2025-02-20T20:58:57.000Z,https://www.sec.gov/Archives/edgar/data/1156039/000115603925000010/elv-20241231.htm,dei:DocumentFiscalYearFocus,13664,111,0.0081235362997658,218,0.0159543325526932,199,0.0145638173302107,-0.0078307962529274,0.0376170960187353,0.0539373536299765,0.0163202576112412,8970122a2e7fed1d71bd0767f5ca1cfdb8b8059f70fe7ee2d93109619837f993,e2d1328682bab7d2187684fb9f5420bb730401c9eefc00daf835edd203f4859d,
ELV,1156039,"Elevance Health, Inc.",current,2025,2025-12-31,2026-02-06,0001156039-26-000013,2026-02-06T19:57:22.000Z,https://www.sec.gov/Archives/edgar/data/1156039/000115603926000013/elv-20251231.htm,dei:DocumentFiscalYearFocus,13625,108,0.0079266055045871,212,0.0155596330275229,205,0.015045871559633,-0.0076330275229357,0.0369908256880733,0.0546055045871559,0.0176146788990825,66bea64f8b0f6579da93e2eb6c7871e3d0790263d8b29ecb7e550d69c3314040,e2d1328682bab7d2187684fb9f5420bb730401c9eefc00daf835edd203f4859d,
EMR,32604,EMERSON ELECTRIC CO,current,2016,2016-09-30,2016-11-16,0000032604-16-000105,2016-11-16T22:15:14.000Z,https://www.sec.gov/Archives/edgar/data/32604/000003260416000105/emr930201610-k.htm,cover_fiscal_year_ended,9103,72,0.0079094803910798,206,0.022629902230034,104,0.0114248050093375,-0.0147204218389541,0.0308689443040755,0.0497638141272108,0.0188948698231352,756f67a4d5f17394ba8de9b91be6021a389ba8107c94ab018181ba3faa626faf,e2d1328682bab7d2187684fb9f5420bb730401c9eefc00daf835edd203f4859d,
EMR,32604,EMERSON ELECTRIC CO,current,2017,2017-09-30,2017-11-20,0000032604-17-000046,2017-11-20T18:57:46.000Z,https://www.sec.gov/Archives/edgar/data/32604/000003260417000046/emr-09302017x10xk.htm,cover_fiscal_year_ended,8538,70,0.0081986413680018,155,0.0181541344577184,110,0.0128835792925743,-0.0099554930897165,0.0326774420238931,0.0517685640665261,0.0190911220426329,861270161fe083df3abe31c7fc23f4958de7288fc12d9d7387d9a7f11b2a8055,e2d1328682bab7d2187684fb9f5420bb730401c9eefc00daf835edd203f4859d,
EMR,32604,EMERSON ELECTRIC CO,current,2018,2018-09-30,2018-11-19,0000032604-18-000044,2018-11-19T19:49:23.000Z,https://www.sec.gov/Archives/edgar/data/32604/000003260418000044/emr-09302018x10xk.htm,cover_fiscal_year_ended,8467,65,0.0076768631156253,112,0.0132278256761544,111,0.0131097200897602,-0.0055509625605291,0.0418093775835597,0.058462265265147,0.0166528876815873,e19e78561630dcde5555a8ca27acd006abf606512031cc5b3b584a9e23b17b53,e2d1328682bab7d2187684fb9f5420bb730401c9eefc00daf835edd203f4859d,
EMR,32604,EMERSON ELECTRIC CO,current,2019,2019-09-30,2019-11-18,0000032604-19-000048,2019-11-18T21:01:51.000Z,https://www.sec.gov/Archives/edgar/data/32604/000003260419000048/emr-09302019x10xk.htm,dei:DocumentFiscalYearFocus,8057,44,0.0054610897356336,112,0.0139009556907037,101,0.0125356832567953,-0.0084398659550701,0.0387240908526746,0.0548591287079558,0.0161350378552811,56d6cb089b9226429be98323a10d3c1a7cf88b469056288be8b14539b34c1262,e2d1328682bab7d2187684fb9f5420bb730401c9eefc00daf835edd203f4859d,
EMR,32604,EMERSON ELECTRIC CO,current,2020,2020-09-30,2020-11-16,0000032604-20-000041,2020-11-16T18:16:45.000Z,https://www.sec.gov/Archives/edgar/data/32604/000003260420000041/emr-20200930.htm,dei:DocumentFiscalYearFocus,8741,64,0.007321816725775,143,0.0163596842466537,112,0.0128131792701063,-0.0090378675208786,0.0316897380162452,0.0515959272394462,0.019906189223201,63728c85ae89c1ca00771e32b902000f6404d1544636e57e24c56ddf126bb711,e2d1328682bab7d2187684fb9f5420bb730401c9eefc00daf835edd203f4859d,
EMR,32604,EMERSON ELECTRIC CO,current,2021,2021-09-30,2021-11-15,0000032604-21-000038,2021-11-15T22:02:43.000Z,https://www.sec.gov/Archives/edgar/data/32604/000003260421000038/emr-20210930.htm,dei:DocumentFiscalYearFocus,7817,72,0.0092106946398874,114,0.0145835998464884,103,0.0131764103876167,-0.0053729052066009,0.0370986311884354,0.0550083152104387,0.0179096840220033,4cfda26b077e4a6e93785e2347a98f4e5f64788a4284c0957ce093a90de6a6a8,e2d1328682bab7d2187684fb9f5420bb730401c9eefc00daf835edd203f4859d,
EMR,32604,EMERSON ELECTRIC CO,current,2022,2022-09-30,2022-11-14,0000032604-22-000041,2022-11-14T21:50:53.000Z,https://www.sec.gov/Archives/edgar/data/32604/000003260422000041/emr-20220930.htm,dei:DocumentFiscalYearFocus,9403,112,0.0119110922046155,146,0.0155269594810166,143,0.015207912368393,-0.0036158672764011,0.0456237371051791,0.0609379985111134,0.0153142614059342,7f7536e595b51f733afc9abca9b55858be4453eb9d7f5f448a9010be3abfc772,e2d1328682bab7d2187684fb9f5420bb730401c9eefc00daf835edd203f4859d,
EMR,32604,EMERSON ELECTRIC CO,current,2023,2023-09-30,2023-11-13,0000032604-23-000044,2023-11-13T21:43:08.000Z,https://www.sec.gov/Archives/edgar/data/32604/000003260423000044/emr-20230930.htm,dei:DocumentFiscalYearFocus,9156,92,0.0100480559196155,143,0.0156181738750546,139,0.0151813018785495,-0.005570117955439,0.0487112276103101,0.0628003494975972,0.014089121887287,179da403b482a94d423d2786d5f59fe980442d786350444e80f7ce7cd115609c,e2d1328682bab7d2187684fb9f5420bb730401c9eefc00daf835edd203f4859d,
EMR,32604,EMERSON ELECTRIC CO,current,2024,2024-09-30,2024-11-12,0000032604-24-000041,2024-11-12T12:01:57.000Z,https://www.sec.gov/Archives/edgar/data/32604/000003260424000041/emr-20240930.htm,dei:DocumentFiscalYearFocus,8988,77,0.0085669781931464,147,0.0163551401869158,135,0.0150200267022696,-0.0077881619937694,0.0478415665331553,0.062082777036048,0.0142412105028927,34b9d74fdfbb96e01447580719fd8243fc5c5ce2f7e6e53aa65c9dab040bec80,e2d1328682bab7d2187684fb9f5420bb730401c9eefc00daf835edd203f4859d,
EMR,32604,EMERSON ELECTRIC CO,current,2025,2025-09-30,2025-11-10,0000032604-25-000087,2025-11-10T21:04:03.000Z,https://www.sec.gov/Archives/edgar/data/32604/000003260425000087/emr-20250930.htm,dei:DocumentFiscalYearFocus,8203,67,0.0081677435084725,130,0.0158478605388272,126,0.0153602340607094,-0.0076801170303547,0.0485188345727173,0.0642447884920151,0.0157259539192978,f87aa648c17b90671de0f27b1eaf83472aa49bffd96f9ca3817725261a43bac3,e2d1328682bab7d2187684fb9f5420bb730401c9eefc00daf835edd203f4859d,
EPD,1061219,ENTERPRISE PRODUCTS PARTNERS L.P.,current,2016,2016-12-31,2017-02-24,0001061219-17-000008,2017-02-24T14:53:52.000Z,https://www.sec.gov/Archives/edgar/data/1061219/000106121917000008/form10k.htm,cover_fiscal_year_ended,21213,79,0.0037241314288408,115,0.0054212039786923,222,0.0104652807240842,-0.0016970725498515,0.0227690567105077,0.0505350492622448,0.0277659925517371,f88a76d3a5a909ebeed60a41879119402aade8c4ca4120af5b4b27d6146935ec,e2d1328682bab7d2187684fb9f5420bb730401c9eefc00daf835edd203f4859d,
EPD,1061219,ENTERPRISE PRODUCTS PARTNERS L.P.,current,2017,2017-12-31,2018-02-28,0001061219-18-000008,2018-02-28T15:37:17.000Z,https://www.sec.gov/Archives/edgar/data/1061219/000106121918000008/form10k.htm,cover_fiscal_year_ended,23089,90,0.0038979600675646,131,0.0056736974316774,222,0.0096149681666594,-0.0017757373641127,0.0276322058122915,0.0530122569188791,0.0253800511065875,0d37f382f6a3bf1b9aebb81e79520fca87e4c5c362449979f0d0e25bd5fc46ae,e2d1328682bab7d2187684fb9f5420bb730401c9eefc00daf835edd203f4859d,
EPD,1061219,ENTERPRISE PRODUCTS PARTNERS L.P.,current,2018,2018-12-31,2019-03-01,0001061219-19-000007,2019-02-28T22:54:53.000Z,https://www.sec.gov/Archives/edgar/data/1061219/000106121919000007/form10k.htm,cover_fiscal_year_ended,24315,88,0.0036191651244088,104,0.0042771951470285,218,0.0089656590581945,-0.0006580300226197,0.0316265679621632,0.0528480361916512,0.0212214682294879,ecdb805284225501b6be6c9efec14b52f785f3049d972fec76d7a93debf44580,e2d1328682bab7d2187684fb9f5420bb730401c9eefc00daf835edd203f4859d,
EPD,1061219,ENTERPRISE PRODUCTS PARTNERS L.P.,current,2019,2019-12-31,2020-02-28,0001061219-20-000014,2020-02-28T02:13:30.000Z,https://www.sec.gov/Archives/edgar/data/1061219/000106121920000014/form10k.htm,dei:DocumentFiscalYearFocus,21421,78,0.0036412865879277,90,0.004201484524532,233,0.0108771766023995,-0.0005601979366042,0.0296904906400261,0.0494841510667102,0.019793660426684,2e24af386238a590a6014eed3b509b36cd5b23829672b1e3c96f0cabf053b5b0,e2d1328682bab7d2187684fb9f5420bb730401c9eefc00daf835edd203f4859d,
EPD,1061219,ENTERPRISE PRODUCTS PARTNERS L.P.,current,2020,2020-12-31,2021-03-01,0001061219-21-000009,2021-03-01T15:51:30.000Z,https://www.sec.gov/Archives/edgar/data/1061219/000106121921000009/form10k.htm,dei:DocumentFiscalYearFocus,17444,53,0.0030382939692731,98,0.0056179775280898,157,0.0090002293052052,-0.0025796835588167,0.0220706260032102,0.0468355881678514,0.0247649621646411,241c99c6afad18e8cc4b45bd0cb8d4a271cdef75d8856e45bd09f730a70d6bdc,e2d1328682bab7d2187684fb9f5420bb730401c9eefc00daf835edd203f4859d,
EPD,1061219,ENTERPRISE PRODUCTS PARTNERS L.P.,current,2021,2021-12-31,2022-02-28,0001061219-22-000008,2022-02-28T17:29:19.000Z,https://www.sec.gov/Archives/edgar/data/1061219/000106121922000008/form10k.htm,dei:DocumentFiscalYearFocus,15319,50,0.0032639206214504,71,0.0046347672824596,152,0.0099223186892094,-0.0013708466610092,0.0302239049546315,0.0518310594686337,0.0216071545140022,76b74c1c4767ce5a5c17ad3ce97bb08923801b50805147832a41d80142eb545d,e2d1328682bab7d2187684fb9f5420bb730401c9eefc00daf835edd203f4859d,
EPD,1061219,ENTERPRISE PRODUCTS PARTNERS L.P.,current,2022,2022-12-31,2023-02-28,0001061219-23-000006,2023-02-28T15:29:20.000Z,https://www.sec.gov/Archives/edgar/data/1061219/000106121923000006/form10k.htm,dei:DocumentFiscalYearFocus,16419,60,0.0036543029417138,95,0.0057859796577136,163,0.009927522991656,-0.0021316767159997,0.0322796759851391,0.0532310128509653,0.0209513368658261,112e29a548635c56d911ffeaed4d4040ee481450959c8fdac7609d86520d5064,e2d1328682bab7d2187684fb9f5420bb730401c9eefc00daf835edd203f4859d,
EPD,1061219,ENTERPRISE PRODUCTS PARTNERS L.P.,current,2023,2023-12-31,2024-02-28,0001061219-24-000006,2024-02-28T15:54:40.000Z,https://www.sec.gov/Archives/edgar/data/1061219/000106121924000006/form10k.htm,dei:DocumentFiscalYearFocus,17322,64,0.00369472347304,80,0.0046184043413,206,0.0118923911788477,-0.00092368086826,0.0337720817457568,0.0568641034522572,0.0230920217065004,398e01fceb7bdd7f76f537036b2f0944fa0d8aa9680a739d6dd4a2008362845c,e2d1328682bab7d2187684fb9f5420bb730401c9eefc00daf835edd203f4859d,
EPD,1061219,ENTERPRISE PRODUCTS PARTNERS L.P.,current,2024,2024-12-31,2025-02-28,0001061219-25-000006,2025-02-28T15:44:31.000Z,https://www.sec.gov/Archives/edgar/data/1061219/000106121925000006/form10k.htm,dei:DocumentFiscalYearFocus,16144,56,0.0034687809712586,85,0.0052651139742319,182,0.0112735381565906,-0.0017963330029732,0.0349355797819623,0.0576684836471754,0.022732903865213,7f9e937e8408a56ace806ec1e881bd03e1d89a08a259109c2fd4863c8698c232,e2d1328682bab7d2187684fb9f5420bb730401c9eefc00daf835edd203f4859d,
EPD,1061219,ENTERPRISE PRODUCTS PARTNERS L.P.,current,2025,2025-12-31,2026-02-27,0001061219-26-000006,2026-02-27T15:22:38.000Z,https://www.sec.gov/Archives/edgar/data/1061219/000106121926000006/epd-20251231.htm,dei:DocumentFiscalYearFocus,15569,58,0.0037253516603506,65,0.0041749630676344,168,0.0107906737748089,-0.0004496114072837,0.0335281649431562,0.0533752970646798,0.0198471321215235,a9a2f4b79797312405b5e13eadb5f36c198dfcd3c9939dd2df4b1e696018ba00,e2d1328682bab7d2187684fb9f5420bb730401c9eefc00daf835edd203f4859d,
ES,72741,EVERSOURCE ENERGY,current,2016,2016-12-31,2017-02-23,0000072741-17-000007,2017-02-23T00:51:28.000Z,https://www.sec.gov/Archives/edgar/data/72741/000007274117000007/a201610kdocument.htm,cover_fiscal_year_ended,22217,166,0.0074717558626277,187,0.0084169779898276,159,0.0071566818202277,-0.0009452221271998,0.0496016563892514,0.0644551469595355,0.014853490570284,2057e48aaa4f6273ea194c3cbc71011e73a359073c568a339424c4989df2fbbd,e2d1328682bab7d2187684fb9f5420bb730401c9eefc00daf835edd203f4859d,
ES,72741,EVERSOURCE ENERGY,current,2017,2017-12-31,2018-02-26,0000072741-18-000028,2018-02-23T22:34:18.000Z,https://www.sec.gov/Archives/edgar/data/72741/000007274118000028/a201710kdocument.htm,cover_fiscal_year_ended,20925,116,0.0055436081242532,175,0.008363201911589,150,0.007168458781362,-0.0028195937873357,0.0421983273596176,0.0573954599761051,0.0151971326164874,aeafb09b0912aab6e4cfcf7f54653d730c2ab237d152cfce45e5c0db816338b9,e2d1328682bab7d2187684fb9f5420bb730401c9eefc00daf835edd203f4859d,
ES,72741,EVERSOURCE ENERGY,current,2018,2018-12-31,2019-02-26,0000072741-19-000017,2019-02-26T17:46:08.000Z,https://www.sec.gov/Archives/edgar/data/72741/000007274119000017/a201810kdocument.htm,cover_fiscal_year_ended,24409,108,0.0044245974845343,198,0.0081117620549797,177,0.0072514236552091,-0.0036871645704453,0.0387152279896759,0.0552255315662255,0.0165103035765496,aa1e2d076ffcaac5ab42197c571c61aaa637b279375c29c54472af688b628502,e2d1328682bab7d2187684fb9f5420bb730401c9eefc00daf835edd203f4859d,
ES,72741,EVERSOURCE ENERGY,current,2019,2019-12-31,2020-02-27,0000072741-20-000008,2020-02-26T23:43:27.000Z,https://www.sec.gov/Archives/edgar/data/72741/000007274120000008/a201910kdocument.htm,dei:DocumentFiscalYearFocus,17894,78,0.0043590030177713,155,0.0086621213814686,145,0.0081032748407287,-0.0043031183636973,0.0395104504303118,0.0551581535710293,0.0156477031407175,96f7f11a93c70ba07f37d8537fb438b1d103a801cb2f7e53c636f33f2e59ee67,e2d1328682bab7d2187684fb9f5420bb730401c9eefc00daf835edd203f4859d,
ES,72741,EVERSOURCE ENERGY,current,2020,2020-12-31,2021-02-17,0000072741-21-000005,2021-02-17T22:30:20.000Z,https://www.sec.gov/Archives/edgar/data/72741/000007274121000005/es-20201231.htm,dei:DocumentFiscalYearFocus,22184,110,0.0049585286693112,249,0.0112243058059862,180,0.0081139560043274,-0.006265777136675,0.0394879192210602,0.0549044356292823,0.0154165164082221,a6e2e9e80f762060fe859fccdaaa6bffdc73417bc153531e5b51ed325ccd2d67,e2d1328682bab7d2187684fb9f5420bb730401c9eefc00daf835edd203f4859d,
ES,72741,EVERSOURCE ENERGY,current,2021,2021-12-31,2022-02-17,0000072741-22-000015,2022-02-16T23:37:52.000Z,https://www.sec.gov/Archives/edgar/data/72741/000007274122000015/es-20211231.htm,dei:DocumentFiscalYearFocus,22218,96,0.0043208209559816,220,0.0099018813574579,196,0.0088216761184625,-0.0055810604014762,0.0367269781258439,0.0529750652623998,0.0162480871365559,23f05c0605891ed2c83c09440215d876791f0843ebfdb7ece8ff4407deed4d8a,e2d1328682bab7d2187684fb9f5420bb730401c9eefc00daf835edd203f4859d,
ES,72741,EVERSOURCE ENERGY,current,2022,2022-12-31,2023-02-15,0000072741-23-000004,2023-02-15T22:31:58.000Z,https://www.sec.gov/Archives/edgar/data/72741/000007274123000004/es-20221231.htm,dei:DocumentFiscalYearFocus,21869,106,0.0048470437605743,169,0.0077278339201609,187,0.0085509168228999,-0.0028807901595866,0.0429374914262197,0.0570213544286432,0.0140838630024235,7a76d5282089ab1e2258908d1bff4e28a92f00019ea684de7bcc9ff0eb7ace6e,e2d1328682bab7d2187684fb9f5420bb730401c9eefc00daf835edd203f4859d,
ES,72741,EVERSOURCE ENERGY,current,2023,2023-12-31,2024-02-14,0000072741-24-000005,2024-02-14T22:17:22.000Z,https://www.sec.gov/Archives/edgar/data/72741/000007274124000005/es-20231231.htm,dei:DocumentFiscalYearFocus,23819,111,0.0046601452621856,306,0.0128468869389982,246,0.010327889499979,-0.0081867416768126,0.0350140644023678,0.0514715143372937,0.0164574499349259,6ecdf21dec5c5bd929c4ba83cdbb81d702f19fd64543943b0557330a7873e547,e2d1328682bab7d2187684fb9f5420bb730401c9eefc00daf835edd203f4859d,
ES,72741,EVERSOURCE ENERGY,current,2024,2024-12-31,2025-02-14,0000072741-25-000007,2025-02-14T19:26:39.000Z,https://www.sec.gov/Archives/edgar/data/72741/000007274125000007/es-20241231.htm,dei:DocumentFiscalYearFocus,24942,129,0.0051719990377676,344,0.0137919974340469,302,0.0121080907705877,-0.0086199983962793,0.0338785983481677,0.0518803624408628,0.018001764092695,e1880d59bb4576bcccf4e67a1f7e5b7fb9b7f3377d0a290a4bc5b2d5f2606e2f,e2d1328682bab7d2187684fb9f5420bb730401c9eefc00daf835edd203f4859d,
ES,72741,EVERSOURCE ENERGY,current,2025,2025-12-31,2026-02-17,0001628280-26-008461,2026-02-17T19:10:23.000Z,https://www.sec.gov/Archives/edgar/data/72741/000162828026008461/es-20251231.htm,dei:DocumentFiscalYearFocus,25623,119,0.0046442649182375,300,0.011708230886313,292,0.0113960113960113,-0.0070639659680755,0.033797759825157,0.0505795574288725,0.0167817976037154,4ae8dc9c33f0e219d41c1ab3365f3841f6eb9e452ec7f9ff27ad32855a0d4cd8,e2d1328682bab7d2187684fb9f5420bb730401c9eefc00daf835edd203f4859d,
ET,1276187,Energy Transfer LP,current,2016,2016-12-31,2017-02-24,0001276187-17-000023,2017-02-24T21:44:46.000Z,https://www.sec.gov/Archives/edgar/data/1276187/000127618717000023/ete12-31x201610k.htm,cover_fiscal_year_ended,21280,68,0.0031954887218045,242,0.0113721804511278,252,0.0118421052631578,-0.0081766917293233,0.0365601503759398,0.0549342105263157,0.0183740601503759,46b77e33bd875abd8d960d6c299aad3d8477cb084d774115654230811a80c888,e2d1328682bab7d2187684fb9f5420bb730401c9eefc00daf835edd203f4859d,
ET,1276187,Energy Transfer LP,current,2017,2017-12-31,2018-02-23,0001276187-18-000011,2018-02-23T21:58:06.000Z,https://www.sec.gov/Archives/edgar/data/1276187/000127618718000011/ete12-31x201710k.htm,cover_fiscal_year_ended,23162,71,0.0030653656851739,329,0.0142043001467921,273,0.0117865469303168,-0.0111389344616181,0.0373456523616268,0.0537086607374147,0.0163630083757879,fd654a938f8c75fe764cbb1f4dc8b1e909d5d6acf2c8d532e8711f73b430ef61,e2d1328682bab7d2187684fb9f5420bb730401c9eefc00daf835edd203f4859d,
ET,1276187,Energy Transfer LP,current,2018,2018-12-31,2019-02-22,0001276187-19-000011,2019-02-22T18:53:57.000Z,https://www.sec.gov/Archives/edgar/data/1276187/000127618719000011/et12-31x201810k.htm,cover_fiscal_year_ended,27422,118,0.0043031142877981,351,0.0127999416526876,316,0.0115235941944424,-0.0084968273648895,0.0326744949310772,0.0501057545036831,0.0174312595726059,558f0847a685689025d5fb9a379644e898ff3069c63a75b52d5d487e7612fd5a,e2d1328682bab7d2187684fb9f5420bb730401c9eefc00daf835edd203f4859d,
ET,1276187,Energy Transfer LP,current,2019,2019-12-31,2020-02-21,0001276187-20-000011,2020-02-21T18:47:11.000Z,https://www.sec.gov/Archives/edgar/data/1276187/000127618720000011/et12-31x201910k.htm,dei:DocumentFiscalYearFocus,26889,112,0.0041652720443303,308,0.0114544981219085,307,0.0114173081929413,-0.0072892260775781,0.0358882814533824,0.0520659005541299,0.0161776191007475,7949303708b2732c8802be3ad1750966b6931922db0b3d101cb3a0f22cb0be31,e2d1328682bab7d2187684fb9f5420bb730401c9eefc00daf835edd203f4859d,
ET,1276187,Energy Transfer LP,current,2020,2020-12-31,2021-02-19,0001276187-21-000034,2021-02-19T21:10:55.000Z,https://www.sec.gov/Archives/edgar/data/1276187/000127618721000034/et-20201231.htm,dei:DocumentFiscalYearFocus,21441,83,0.003871088102234,283,0.0131990112401473,276,0.0128725339303204,-0.0093279231379133,0.0283568863392565,0.049298073783872,0.0209411874446154,4f9902aa70d14673b2a7ea4d23f7321ace2af69232269ff030d0e97aae2a49cb,e2d1328682bab7d2187684fb9f5420bb730401c9eefc00daf835edd203f4859d,
ET,1276187,Energy Transfer LP,current,2021,2021-12-31,2022-02-18,0001276187-22-000020,2022-02-18T17:25:56.000Z,https://www.sec.gov/Archives/edgar/data/1276187/000127618722000020/et-20211231.htm,dei:DocumentFiscalYearFocus,20531,108,0.0052603380254249,280,0.0136379133992499,250,0.0121767083921874,-0.0083775753738249,0.028201256636306,0.0506551069114996,0.0224538502751936,02efe57352d95e9da82b22a01a7eb35951943402b14fd1834242775060ab0c2e,e2d1328682bab7d2187684fb9f5420bb730401c9eefc00daf835edd203f4859d,
ET,1276187,Energy Transfer LP,current,2022,2022-12-31,2023-02-17,0001276187-23-000014,2023-02-17T17:22:40.000Z,https://www.sec.gov/Archives/edgar/data/1276187/000127618723000014/et-20221231.htm,dei:DocumentFiscalYearFocus,15158,69,0.004552051721863,194,0.0127985222324844,225,0.0148436469191186,-0.0082464705106214,0.0358886396622245,0.0537669877292518,0.0178783480670273,8ab5184f318ed1e07fef116948c0a60ca982bd63c7be3d9fc125080c76254510,e2d1328682bab7d2187684fb9f5420bb730401c9eefc00daf835edd203f4859d,
ET,1276187,Energy Transfer LP,current,2023,2023-12-31,2024-02-16,0001276187-24-000024,2024-02-16T17:27:42.000Z,https://www.sec.gov/Archives/edgar/data/1276187/000127618724000024/et-20231231.htm,dei:DocumentFiscalYearFocus,15681,68,0.0043364581340475,210,0.0133920030610292,248,0.015815317900644,-0.0090555449269816,0.0307378355972195,0.0498054970983993,0.0190676615011797,6b2ae6eccd16e0100bcd9e5dd9da53aea1f0a6205216b8bfe20f939cbe0fdd2c,e2d1328682bab7d2187684fb9f5420bb730401c9eefc00daf835edd203f4859d,
ET,1276187,Energy Transfer LP,current,2024,2024-12-31,2025-02-14,0001276187-25-000018,2025-02-14T19:07:03.000Z,https://www.sec.gov/Archives/edgar/data/1276187/000127618725000018/et-20241231.htm,dei:DocumentFiscalYearFocus,16233,72,0.0044354093513213,225,0.0138606542228793,255,0.0157087414525965,-0.0094252448715579,0.0304934392903345,0.049775149387051,0.0192817100967165,09e725b854d437296f34757688da851360e94de5d3a75ef74dd7329864302cbd,e2d1328682bab7d2187684fb9f5420bb730401c9eefc00daf835edd203f4859d,
ET,1276187,Energy Transfer LP,current,2025,2025-12-31,2026-02-19,0001276187-26-000013,2026-02-19T21:40:10.000Z,https://www.sec.gov/Archives/edgar/data/1276187/000127618726000013/et-20251231.htm,dei:DocumentFiscalYearFocus,17094,71,0.0041535041535041,216,0.0126360126360126,264,0.0154440154440154,-0.0084825084825084,0.0304200304200304,0.048087048087048,0.0176670176670176,383887cf38aab38af231e76ba9ab9d9a99af8b4ff2aadbbcfc8b2daa4b4cdfec,e2d1328682bab7d2187684fb9f5420bb730401c9eefc00daf835edd203f4859d,
EXPD,746515,EXPEDITORS INTERNATIONAL OF WASHINGTON INC,current,2016,2016-12-31,2017-02-23,0000746515-17-000007,2017-02-23T21:12:35.000Z,https://www.sec.gov/Archives/edgar/data/746515/000074651517000007/a201610-k.htm,cover_fiscal_year_ended,7786,76,0.0097611096840482,116,0.0148985358335473,143,0.0183662984844592,-0.0051374261494991,0.0319804777806319,0.0502183406113537,0.0182378628307218,5261709d09e948cc4f55366b750578ada115eaee26407fc16e3919c5615abf42,e2d1328682bab7d2187684fb9f5420bb730401c9eefc00daf835edd203f4859d,
EXPD,746515,EXPEDITORS INTERNATIONAL OF WASHINGTON INC,current,2017,2017-12-31,2018-02-23,0000746515-18-000004,2018-02-23T15:05:38.000Z,https://www.sec.gov/Archives/edgar/data/746515/000074651518000004/a201710-k.htm,cover_fiscal_year_ended,7126,65,0.0091215268032556,90,0.0126298063429694,122,0.0171204041538029,-0.0035082795397137,0.0308728599494807,0.0512208812798203,0.0203480213303396,d33dc7b5d0d79cd447180e59468c8248a2e460279faa2a689d75029a321f9255,e2d1328682bab7d2187684fb9f5420bb730401c9eefc00daf835edd203f4859d,
EXPD,746515,EXPEDITORS INTERNATIONAL OF WASHINGTON INC,current,2018,2018-12-31,2019-02-22,0000746515-19-000004,2019-02-22T16:48:37.000Z,https://www.sec.gov/Archives/edgar/data/746515/000074651519000004/a201810-k.htm,cover_fiscal_year_ended,7334,71,0.0096809380965366,86,0.011726206708481,123,0.0167712026179438,-0.0020452686119443,0.0373602399781838,0.0560403599672757,0.0186801199890919,0e60003a3b39996b9a04df0d5e385690bd69f2cace7c6383c8d28d497b77096b,e2d1328682bab7d2187684fb9f5420bb730401c9eefc00daf835edd203f4859d,
EXPD,746515,EXPEDITORS INTERNATIONAL OF WASHINGTON INC,current,2019,2019-12-31,2020-02-21,0001564590-20-005719,2020-02-21T20:01:31.000Z,https://www.sec.gov/Archives/edgar/data/746515/000156459020005719/expd-10k_20191231.htm,dei:DocumentFiscalYearFocus,6956,62,0.0089131684876365,98,0.0140885566417481,149,0.0214203565267395,-0.0051753881541115,0.0300460034502587,0.0495974698102357,0.019551466359977,4877f6fed8d7b7917221676da6ae3cb1acb018b7771c1137c16869d87624a99e,e2d1328682bab7d2187684fb9f5420bb730401c9eefc00daf835edd203f4859d,
EXPD,746515,EXPEDITORS INTERNATIONAL OF WASHINGTON INC,current,2020,2020-12-31,2021-02-19,0001564590-21-006925,2021-02-19T20:37:34.000Z,https://www.sec.gov/Archives/edgar/data/746515/000156459021006925/expd-10k_20201231.htm,dei:DocumentFiscalYearFocus,7250,51,0.0070344827586206,113,0.0155862068965517,141,0.0194482758620689,-0.008551724137931,0.0246896551724137,0.0448275862068965,0.0201379310344827,77acf45e7c46da3d1872031430192ae433b0d49654132c5a19f6191a5083b15c,e2d1328682bab7d2187684fb9f5420bb730401c9eefc00daf835edd203f4859d,
EXPD,746515,EXPEDITORS INTERNATIONAL OF WASHINGTON INC,current,2021,2021-12-31,2022-03-15,0001564590-22-010381,2022-03-15T20:10:21.000Z,https://www.sec.gov/Archives/edgar/data/746515/000156459022010381/expd-10k_20211231.htm,dei:DocumentFiscalYearFocus,6853,39,0.0056909382752079,110,0.0160513643659711,126,0.0183861082737487,-0.0103604260907631,0.0262658689624981,0.0500510725229826,0.0237852035604844,ae5840b8cbd5554bfae2efe9b7aacf4aa113d9d21b25bc85a36cbed547e090f0,e2d1328682bab7d2187684fb9f5420bb730401c9eefc00daf835edd203f4859d,
EXPD,746515,EXPEDITORS INTERNATIONAL OF WASHINGTON INC,current,2022,2022-12-31,2023-03-01,0000950170-23-005412,2023-03-01T17:48:18.000Z,https://www.sec.gov/Archives/edgar/data/746515/000095017023005412/expd-20221231.htm,dei:DocumentFiscalYearFocus,6759,40,0.0059180352123095,126,0.0186418109187749,138,0.0204172214824678,-0.0127237757064654,0.0165704985944666,0.0424619026483207,0.0258914040538541,4419f7b3ed4120fd0a0db8e76cc373db13e4479adf12b3527ec0d629532e907a,e2d1328682bab7d2187684fb9f5420bb730401c9eefc00daf835edd203f4859d,
EXPD,746515,EXPEDITORS INTERNATIONAL OF WASHINGTON INC,current,2023,2023-12-31,2024-02-23,0000950170-24-019394,2024-02-23T21:18:45.000Z,https://www.sec.gov/Archives/edgar/data/746515/000095017024019394/expd-20231231.htm,dei:DocumentFiscalYearFocus,6299,42,0.0066677250357199,106,0.0168280679472932,140,0.0222257501190665,-0.0101603429115732,0.0163518018733132,0.0423876805842197,0.0260358787109064,236b4f429cff2fc986158d9fb5ac8b3edc80a2f5382822f637dbf2f78702f9a2,e2d1328682bab7d2187684fb9f5420bb730401c9eefc00daf835edd203f4859d,
EXPD,746515,EXPEDITORS INTERNATIONAL OF WASHINGTON INC,current,2024,2024-12-31,2025-02-21,0000950170-25-024750,2025-02-21T19:40:47.000Z,https://www.sec.gov/Archives/edgar/data/746515/000095017025024750/expd-20241231.htm,dei:DocumentFiscalYearFocus,6203,42,0.0067709172980815,92,0.014831533129131,140,0.0225697243269385,-0.0080606158310494,0.0246654844430114,0.0478800580364339,0.0232145735934225,d2965dc6e68d9658652b103c178395cffe249f64d471a25f03fe6ee66dea2ecc,e2d1328682bab7d2187684fb9f5420bb730401c9eefc00daf835edd203f4859d,
EXPD,746515,EXPEDITORS INTERNATIONAL OF WASHINGTON INC,current,2025,2025-12-31,2026-02-25,0001193125-26-071569,2026-02-25T21:12:07.000Z,https://www.sec.gov/Archives/edgar/data/746515/000119312526071569/expd-20251231.htm,dei:DocumentFiscalYearFocus,6795,41,0.0060338484179543,103,0.015158204562178,154,0.0226637233259749,-0.0091243561442236,0.0248712288447387,0.0479764532744665,0.0231052244297277,2cf6d3ec7c39f96cb9f5815914566f0ba5cbfe2a8bd46ef84fb5630531d5bfdc,e2d1328682bab7d2187684fb9f5420bb730401c9eefc00daf835edd203f4859d,
EXR,1289490,Extra Space Storage Inc.,current,2016,2016-12-31,2017-02-27,0001628280-17-001815,2017-02-27T22:35:12.000Z,https://www.sec.gov/Archives/edgar/data/1289490/000162828017001815/exr-12312016x10k.htm,cover_fiscal_year_ended,10665,74,0.006938584153774,75,0.0070323488045007,116,0.0108766994842944,-9.376465072667532e-05,0.0456633849038912,0.0556024378809188,0.0099390529770276,dc8e36afab63a4289e27f37b17efcc31b1be18e65f88fffed029e9c0d2a4ac7e,e2d1328682bab7d2187684fb9f5420bb730401c9eefc00daf835edd203f4859d,
EXR,1289490,Extra Space Storage Inc.,current,2017,2017-12-31,2018-03-01,0001628280-18-002649,2018-03-01T21:42:49.000Z,https://www.sec.gov/Archives/edgar/data/1289490/000162828018002649/exr-12312017x10k.htm,cover_fiscal_year_ended,7142,67,0.0093811257350882,46,0.0064407728927471,74,0.0103612433492019,0.002940352842341,0.0375245029403528,0.0485858302996359,0.0110613273592831,6e50747090a765d5bda98babb988f7997d1f22f95691f1e9ae2c38a6aa5fda1a,e2d1328682bab7d2187684fb9f5420bb730401c9eefc00daf835edd203f4859d,
EXR,1289490,Extra Space Storage Inc.,current,2018,2018-12-31,2019-02-26,0001628280-19-001968,2019-02-26T21:22:26.000Z,https://www.sec.gov/Archives/edgar/data/1289490/000162828019001968/q4201810kexrdocument.htm,cover_fiscal_year_ended,6405,55,0.0085870413739266,43,0.0067135050741608,81,0.0126463700234192,0.0018735362997658,0.0346604215456674,0.0463700234192037,0.0117096018735363,1b076ce6ddc5e7d713d72ac5e77b4793991007db452ea5d9355f2bd8c201ec96,e2d1328682bab7d2187684fb9f5420bb730401c9eefc00daf835edd203f4859d,
EXR,1289490,Extra Space Storage Inc.,current,2019,2019-12-31,2020-02-25,0001628280-20-002202,2020-02-25T21:20:41.000Z,https://www.sec.gov/Archives/edgar/data/1289490/000162828020002202/q4201910kexrdocument.htm,dei:DocumentFiscalYearFocus,4825,31,0.0064248704663212,30,0.0062176165803108,78,0.0161658031088082,0.0002072538860103,0.0327461139896373,0.0455958549222797,0.0128497409326424,e42642ae5a034a6c3a5993bd5c259cb68ae45d5d6d5b32efab92699f0ba504c3,e2d1328682bab7d2187684fb9f5420bb730401c9eefc00daf835edd203f4859d,
EXR,1289490,Extra Space Storage Inc.,current,2020,2020-12-31,2021-02-26,0001628280-21-003458,2021-02-26T21:05:52.000Z,https://www.sec.gov/Archives/edgar/data/1289490/000162828021003458/exr-20201231.htm,dei:DocumentFiscalYearFocus,4825,30,0.0062176165803108,27,0.0055958549222797,75,0.0155440414507772,0.000621761658031,0.0310880829015544,0.0447668393782383,0.0136787564766839,1ae44adaa2cf12bee18bd155c57848a571b91b3edee9682c264d43b0996bda3c,e2d1328682bab7d2187684fb9f5420bb730401c9eefc00daf835edd203f4859d,
EXR,1289490,Extra Space Storage Inc.,current,2021,2021-12-31,2022-02-28,0001628280-22-004274,2022-02-28T21:57:00.000Z,https://www.sec.gov/Archives/edgar/data/1289490/000162828022004274/exr-20211231.htm,dei:DocumentFiscalYearFocus,5072,35,0.0069006309148264,24,0.0047318611987381,77,0.0151813880126182,0.0021687697160883,0.0347003154574132,0.0475157728706624,0.0128154574132492,225ba005b88b3f72e8a1c88a15c581be8a3353ff7505350b51a7a24daf1bc86d,e2d1328682bab7d2187684fb9f5420bb730401c9eefc00daf835edd203f4859d,
EXR,1289490,Extra Space Storage Inc.,current,2022,2022-12-31,2023-02-28,0001628280-23-005628,2023-02-28T21:59:50.000Z,https://www.sec.gov/Archives/edgar/data/1289490/000162828023005628/exr-20221231.htm,dei:DocumentFiscalYearFocus,5091,37,0.0072677273620113,31,0.0060891769789825,79,0.0155175800432135,0.0011785503830288,0.0349636613631899,0.048516990768022,0.013553329404832,0565171624d7cc7b7a27c71b011da6b86de4a9a6eeacd77d81e2fe2673710e0a,e2d1328682bab7d2187684fb9f5420bb730401c9eefc00daf835edd203f4859d,
EXR,1289490,Extra Space Storage Inc.,current,2023,2023-12-31,2024-02-29,0001628280-24-008044,2024-02-29T22:03:20.000Z,https://www.sec.gov/Archives/edgar/data/1289490/000162828024008044/exr-20231231.htm,dei:DocumentFiscalYearFocus,4986,31,0.0062174087444845,29,0.0058162855996791,78,0.0156438026474127,0.0004011231448054,0.0344965904532691,0.04853590052146,0.0140393100681909,c6002352c9662b9eadb5b8b7bf1f0f88c41fd647ec8f1cfc1886a0479467d814,e2d1328682bab7d2187684fb9f5420bb730401c9eefc00daf835edd203f4859d,
EXR,1289490,Extra Space Storage Inc.,current,2024,2024-12-31,2025-02-28,0001628280-25-009060,2025-02-28T21:26:11.000Z,https://www.sec.gov/Archives/edgar/data/1289490/000162828025009060/exr-20241231.htm,dei:DocumentFiscalYearFocus,5521,31,0.0056149248324578,41,0.0074261909074443,84,0.0152146350298858,-0.0018112660749864,0.0373120811447201,0.0512588299221155,0.0139467487773954,b325464f7dd772bb65c1471f836fb2cf9d05b639940e04aeb0a1773f7a6e6294,e2d1328682bab7d2187684fb9f5420bb730401c9eefc00daf835edd203f4859d,
EXR,1289490,Extra Space Storage Inc.,current,2025,2025-12-31,2026-02-20,0001289490-26-000011,2026-02-20T21:54:59.000Z,https://www.sec.gov/Archives/edgar/data/1289490/000128949026000011/exr-20251231.htm,dei:DocumentFiscalYearFocus,5456,33,0.0060483870967741,44,0.0080645161290322,84,0.0153958944281524,-0.002016129032258,0.0381231671554252,0.0522360703812316,0.0141129032258064,8abdff1cd2f4cd4e6b16274d4150caca1444eaa96a2691f08c104cbf6285892f,e2d1328682bab7d2187684fb9f5420bb730401c9eefc00daf835edd203f4859d,
FAST,815556,FASTENAL CO,current,2016,2016-12-31,2017-02-06,0000815556-17-000009,2017-02-06T16:14:53.000Z,https://www.sec.gov/Archives/edgar/data/815556/000081555617000009/fast1231201610-k.htm,cover_fiscal_year_ended,11060,116,0.0104882459312839,95,0.0085895117540687,119,0.010759493670886,0.0018987341772151,0.0417721518987341,0.0535262206148282,0.011754068716094,9839362720bc2b07f4c1f23492e1b7cec5ddda2fbf30506d42f718d4f526a142,e2d1328682bab7d2187684fb9f5420bb730401c9eefc00daf835edd203f4859d,
FAST,815556,FASTENAL CO,current,2017,2017-12-31,2018-02-05,0000815556-18-000010,2018-02-05T16:48:27.000Z,https://www.sec.gov/Archives/edgar/data/815556/000081555618000010/fast1231201710-k.htm,cover_fiscal_year_ended,7349,54,0.0073479384950333,58,0.0078922302354061,75,0.0102054701319907,-0.0005442917403728,0.0361954007347938,0.049258402503742,0.0130630017689481,8f95844fd921e2250166e34225d65a8f76c05dd32626308ac5906b64d09e6980,e2d1328682bab7d2187684fb9f5420bb730401c9eefc00daf835edd203f4859d,
FAST,815556,FASTENAL CO,current,2018,2018-12-31,2019-02-06,0000815556-19-000015,2019-02-06T18:03:30.000Z,https://www.sec.gov/Archives/edgar/data/815556/000081555619000015/fast1231201810-k.htm,cover_fiscal_year_ended,7403,57,0.0076995812508442,56,0.0075645008780224,77,0.0104011887072808,0.0001350803728218,0.0399837903552613,0.0534918276374442,0.0135080372821828,bd345c353916d8db017d409189d2b2dcfafd88496947117831fe2b243ecf544f,e2d1328682bab7d2187684fb9f5420bb730401c9eefc00daf835edd203f4859d,
FAST,815556,FASTENAL CO,current,2019,2019-12-31,2020-02-06,0000815556-20-000011,2020-02-06T17:52:03.000Z,https://www.sec.gov/Archives/edgar/data/815556/000081555620000011/fast1231201910-k.htm,dei:DocumentFiscalYearFocus,7631,65,0.0085178875638841,60,0.0078626654435853,75,0.0098283318044817,0.0006552221202987,0.0431136155156598,0.0560870134975756,0.0129733979819158,ee5ac00c0ae1fb1bfd6dcd9cd522a395ef3d1d5c809c97deda46c65baf16d951,e2d1328682bab7d2187684fb9f5420bb730401c9eefc00daf835edd203f4859d,
FAST,815556,FASTENAL CO,current,2020,2020-12-31,2021-02-08,0000815556-21-000008,2021-02-08T18:18:39.000Z,https://www.sec.gov/Archives/edgar/data/815556/000081555621000008/fast-20201231.htm,dei:DocumentFiscalYearFocus,8697,85,0.0097734851098079,110,0.0126480395538691,83,0.009543520754283,-0.0028745544440611,0.0347246176842589,0.0510520869265263,0.0163274692422674,ff5ceec814891522d3e8c688b93169834e7e5a26815946fb995d18f676b267e9,e2d1328682bab7d2187684fb9f5420bb730401c9eefc00daf835edd203f4859d,
FAST,815556,FASTENAL CO,current,2021,2021-12-31,2022-02-07,0000815556-22-000009,2022-02-07T18:45:51.000Z,https://www.sec.gov/Archives/edgar/data/815556/000081555622000009/fast-20211231.htm,dei:DocumentFiscalYearFocus,9678,106,0.0109526761727629,144,0.0148791072535647,93,0.0096094234345939,-0.0039264310808018,0.0374044224013225,0.0546600537301095,0.0172556313287869,aa15e4ed95475338fa85048cb2cdd2fc8301d742473238e88cb52c1a80835f10,e2d1328682bab7d2187684fb9f5420bb730401c9eefc00daf835edd203f4859d,
FAST,815556,FASTENAL CO,current,2022,2022-12-31,2023-02-07,0000815556-23-000009,2023-02-07T17:15:41.000Z,https://www.sec.gov/Archives/edgar/data/815556/000081555623000009/fast-20221231.htm,dei:DocumentFiscalYearFocus,10399,88,0.0084623521492451,119,0.0114434080200019,95,0.0091354937974805,-0.0029810558707568,0.0310606789114337,0.0464467737282431,0.0153860948168093,856ed312355a00243e8d876240142d5c8718527a69be01ae88898ac8ba8accd5,e2d1328682bab7d2187684fb9f5420bb730401c9eefc00daf835edd203f4859d,
FAST,815556,FASTENAL CO,current,2023,2023-12-31,2024-02-06,0000815556-24-000009,2024-02-06T17:35:41.000Z,https://www.sec.gov/Archives/edgar/data/815556/000081555624000009/fast-20231231.htm,dei:DocumentFiscalYearFocus,9271,73,0.0078740157480314,93,0.0100312803365332,77,0.0083054686657318,-0.0021572645885017,0.0307410203861503,0.0444396505231366,0.0136986301369863,b6ab347d52595bc8aef5140118fdb88ccd4c0902b5af2db435266fc21dab5317,e2d1328682bab7d2187684fb9f5420bb730401c9eefc00daf835edd203f4859d,
FAST,815556,FASTENAL CO,current,2024,2024-12-31,2025-02-06,0000815556-25-000065,2025-02-06T17:30:33.000Z,https://www.sec.gov/Archives/edgar/data/815556/000081555625000065/fast-20241231.htm,dei:DocumentFiscalYearFocus,9536,80,0.0083892617449664,102,0.0106963087248322,82,0.0085989932885906,-0.0023070469798657,0.0340813758389261,0.0476090604026845,0.0135276845637583,d021d199bbfaaa2d5f20215182977e5e097d66c66a88f3c20c2886ec9644c9a8,e2d1328682bab7d2187684fb9f5420bb730401c9eefc00daf835edd203f4859d,
FAST,815556,FASTENAL CO,current,2025,2025-12-31,2026-02-05,0000815556-26-000009,2026-02-05T17:01:20.000Z,https://www.sec.gov/Archives/edgar/data/815556/000081555626000009/fast-20251231.htm,dei:DocumentFiscalYearFocus,5938,70,0.0117884809700235,43,0.0072414954530144,60,0.0101044122600202,0.004546985517009,0.0426069383630852,0.0562478949141124,0.0136409565510272,f5f2dc8dcb068beaf63ee0ae1df3c1c76e8cc825f19ff8ede6d52bdd442d5249,e2d1328682bab7d2187684fb9f5420bb730401c9eefc00daf835edd203f4859d,
FCX,831259,FREEPORT-MCMORAN INC,current,2016,2016-12-31,2017-02-24,0000831259-17-000012,2017-02-24T18:07:11.000Z,https://www.sec.gov/Archives/edgar/data/831259/000083125917000012/a2016form10-k.htm,cover_fiscal_year_ended,26384,97,0.0036764705882352,349,0.0132277137659187,300,0.0113705275924802,-0.0095512431776834,0.0103092783505154,0.0321785930867192,0.0218693147362037,6b8e29707a9fba903e0576ccc73aa14c662c851805b4796abe2bd70b2852fd39,e2d1328682bab7d2187684fb9f5420bb730401c9eefc00daf835edd203f4859d,
FCX,831259,FREEPORT-MCMORAN INC,current,2017,2017-12-31,2018-02-20,0000831259-18-000008,2018-02-20T22:05:25.000Z,https://www.sec.gov/Archives/edgar/data/831259/000083125918000008/a2017form10-k.htm,cover_fiscal_year_ended,20970,79,0.0037672865999046,212,0.0101096804959465,259,0.012350977587029,-0.0063423938960419,0.0152122079160705,0.0359084406294706,0.0206962327134,6a6e99774f292c74f46bf62cf6a8539e562639440d219b12410bd14e14d89a96,e2d1328682bab7d2187684fb9f5420bb730401c9eefc00daf835edd203f4859d,
FCX,831259,FREEPORT-MCMORAN INC,current,2018,2018-12-31,2019-02-15,0000831259-19-000009,2019-02-15T19:25:42.000Z,https://www.sec.gov/Archives/edgar/data/831259/000083125919000009/a2018form10-k.htm,cover_fiscal_year_ended,20148,61,0.0030275957911455,159,0.0078916021441334,259,0.0128548739328965,-0.0048640063529878,0.0138475282906491,0.0325590629342862,0.018711534643637,a5534595a5b5a75a2fb076282b4cdc77f2ae284bbcdb48b8be6fa879b8588c31,e2d1328682bab7d2187684fb9f5420bb730401c9eefc00daf835edd203f4859d,
FCX,831259,FREEPORT-MCMORAN INC,current,2019,2019-12-31,2020-02-14,0000831259-20-000004,2020-02-14T20:59:58.000Z,https://www.sec.gov/Archives/edgar/data/831259/000083125920000004/a2019form10-k.htm,dei:DocumentFiscalYearFocus,17882,64,0.0035790180069343,138,0.0077172575774521,251,0.0140364612459456,-0.0041382395705178,0.0121351079297617,0.0328263057823509,0.0206911978525891,95ba0e1e15ce9ed4ca6b228b230ef0e8dffea8b566a1b160e6f381207e3cc968,e2d1328682bab7d2187684fb9f5420bb730401c9eefc00daf835edd203f4859d,
FCX,831259,FREEPORT-MCMORAN INC,current,2020,2020-12-31,2021-02-16,0000831259-21-000009,2021-02-16T20:38:33.000Z,https://www.sec.gov/Archives/edgar/data/831259/000083125921000009/fcx-20201231.htm,dei:DocumentFiscalYearFocus,19304,79,0.004092416079569,167,0.0086510567757977,285,0.014763779527559,-0.0045586406962287,0.0122254455035225,0.0328429341069208,0.0206174886033982,57731299c3b72f50c7a0f9649d8ac3c575a5d6e4147e29e27f5c29f849dc38e1,e2d1328682bab7d2187684fb9f5420bb730401c9eefc00daf835edd203f4859d,
FCX,831259,FREEPORT-MCMORAN INC,current,2021,2021-12-31,2022-02-15,0000831259-22-000009,2022-02-15T20:08:57.000Z,https://www.sec.gov/Archives/edgar/data/831259/000083125922000009/fcx-20211231.htm,dei:DocumentFiscalYearFocus,19275,102,0.0052918287937743,125,0.0064850843060959,292,0.0151491569390402,-0.0011932555123216,0.016964980544747,0.0355382619974059,0.0185732814526588,b419a2febb4f4a12f1b6e5dbab0867636c9358aee1ce3163c25b7b9771065425,e2d1328682bab7d2187684fb9f5420bb730401c9eefc00daf835edd203f4859d,
FCX,831259,FREEPORT-MCMORAN INC,current,2022,2022-12-31,2023-02-15,0000831259-23-000013,2023-02-15T22:00:47.000Z,https://www.sec.gov/Archives/edgar/data/831259/000083125923000013/fcx-20221231.htm,dei:DocumentFiscalYearFocus,20241,101,0.0049898720418951,118,0.0058297514944913,325,0.0160565189466923,-0.0008398794525962,0.0181809199150239,0.036016007114273,0.017835087199249,994b79456df35498ef8568dc5ab4aeb3c3c77f6da0c140c85235d365aa2bd15d,e2d1328682bab7d2187684fb9f5420bb730401c9eefc00daf835edd203f4859d,
FCX,831259,FREEPORT-MCMORAN INC,current,2023,2023-12-31,2024-02-16,0000831259-24-000011,2024-02-15T23:00:31.000Z,https://www.sec.gov/Archives/edgar/data/831259/000083125924000011/fcx-20231231.htm,dei:DocumentFiscalYearFocus,19339,103,0.0053260251305651,92,0.0047572263302135,309,0.0159780753916955,0.0005687988003516,0.0168054191012978,0.0346967268214488,0.0178913077201509,2a89a2a6d43a73b229b89a102a2f87a85758632f02c61a6d77ff3c60c47d58be,e2d1328682bab7d2187684fb9f5420bb730401c9eefc00daf835edd203f4859d,
FCX,831259,FREEPORT-MCMORAN INC,current,2024,2024-12-31,2025-02-14,0000831259-25-000006,2025-02-14T22:00:48.000Z,https://www.sec.gov/Archives/edgar/data/831259/000083125925000006/fcx-20241231.htm,audited_December_cover_period_overrides_stale_DEI_or_cache,19021,91,0.0047841858997949,108,0.0056779349140423,309,0.0162452026707323,-0.0008937490142474,0.0152463067136323,0.0341201829556805,0.0188738762420482,3b570cd5a044a2f1717e3c2b7c3469208e1b06c0d04f910b97bc6b2023bcdaaa,e2d1328682bab7d2187684fb9f5420bb730401c9eefc00daf835edd203f4859d,
FCX,831259,FREEPORT-MCMORAN INC,current,2025,2025-12-31,2026-02-13,0000831259-26-000012,2026-02-13T19:44:37.000Z,https://www.sec.gov/Archives/edgar/data/831259/000083125926000012/fcx-20251231.htm,dei:DocumentFiscalYearFocus,19969,104,0.0052080725123942,193,0.0096649807201161,315,0.015774450398117,-0.0044569082077219,0.0137212679653462,0.0337022384696279,0.0199809705042816,5080cd01252c998689d8c4a169515a953cdbf907155d3355052f64a7fa67b905,e2d1328682bab7d2187684fb9f5420bb730401c9eefc00daf835edd203f4859d,
FDX,1048911,FEDEX CORP,current,2016,2016-05-31,2016-07-18,0001193125-16-650267,2016-07-18T20:29:51.000Z,https://www.sec.gov/Archives/edgar/data/1048911/000119312516650267/d207174d10k.htm,cover_fiscal_year_ended,22595,149,0.0065943792874529,327,0.0144722283691082,405,0.0179243195397211,-0.0078778490816552,0.0252268200929409,0.0458508519583978,0.0206240318654569,b2624a3e28c8e4b6251e4ed7bf57d9ee0d67f6178050f53e71138d7adc920c08,e2d1328682bab7d2187684fb9f5420bb730401c9eefc00daf835edd203f4859d,
FDX,1048911,FEDEX CORP,current,2017,2017-05-31,2017-07-17,0000950123-17-006152,2017-07-17T12:46:15.000Z,https://www.sec.gov/Archives/edgar/data/1048911/000095012317006152/fdx-10k_20170531.htm,cover_fiscal_year_ended,24735,141,0.0057004244996967,374,0.0151202749140893,441,0.017828987265009,-0.0094198504143925,0.0221952698605215,0.0440266828380836,0.0218314129775621,3f6d8fdf0730cebc148816f07dac3c47aa4c3309596119d679875707c8c8d6c1,e2d1328682bab7d2187684fb9f5420bb730401c9eefc00daf835edd203f4859d,
FDX,1048911,FEDEX CORP,current,2018,2018-05-31,2018-07-16,0001564590-18-016877,2018-07-16T20:19:05.000Z,https://www.sec.gov/Archives/edgar/data/1048911/000156459018016877/fdx-10k_20180531.htm,cover_fiscal_year_ended,24385,167,0.0068484724215706,409,0.0167726061103137,473,0.0193971703916342,-0.009924133688743,0.0269427927004305,0.0476112364158294,0.0206684437153988,ed6338bc6c38a474aa18783d872d42e2429fc3f5412937b8d4b9559e0ebc1dac,e2d1328682bab7d2187684fb9f5420bb730401c9eefc00daf835edd203f4859d,
FDX,1048911,FEDEX CORP,current,2019,2019-05-31,2019-07-16,0001564590-19-025065,2019-07-16T20:18:24.000Z,https://www.sec.gov/Archives/edgar/data/1048911/000156459019025065/fdx-10k_20190531.htm,cover_fiscal_year_ended,27163,172,0.0063321429886242,539,0.019843169016677,553,0.0203585760041232,-0.0135110260280528,0.0262121267901189,0.0504730699849059,0.024260943194787,6d880260988c8c24ee47fe47bc36e12a1b8e0491c4942ee6c036b381a364df88,e2d1328682bab7d2187684fb9f5420bb730401c9eefc00daf835edd203f4859d,
FDX,1048911,FEDEX CORP,current,2020,2020-05-31,2020-07-20,0001564590-20-032775,2020-07-20T20:16:44.000Z,https://www.sec.gov/Archives/edgar/data/1048911/000156459020032775/fdx-10k_20200531.htm,dei:DocumentFiscalYearFocus,26477,134,0.0050609963364429,619,0.0233787815840163,566,0.021377044227065,-0.0183177852475733,0.0175624126600445,0.0457378101748687,0.0281753975148241,70b6a47558d3939f2dd52c05f5958772992b80798a9c50b52f0f7c0071755db5,e2d1328682bab7d2187684fb9f5420bb730401c9eefc00daf835edd203f4859d,
FDX,1048911,FEDEX CORP,current,2021,2021-05-31,2021-07-19,0001564590-21-037031,2021-07-19T20:18:04.000Z,https://www.sec.gov/Archives/edgar/data/1048911/000156459021037031/fdx-10k_20210531.htm,dei:DocumentFiscalYearFocus,15884,97,0.0061067741123142,173,0.0108914631075295,260,0.0163686728783681,-0.0047846889952153,0.0312893477713422,0.0516872324351548,0.0203978846638126,9e8ae5e28b19f1c04ba0baa73558ef5a35d6ce3937ca1c3edf383244cc27ccde,e2d1328682bab7d2187684fb9f5420bb730401c9eefc00daf835edd203f4859d,
FDX,1048911,FEDEX CORP,current,2022,2022-05-31,2022-07-18,0000950170-22-012762,2022-07-18T20:16:49.000Z,https://www.sec.gov/Archives/edgar/data/1048911/000095017022012762/fdx-20220531.htm,dei:DocumentFiscalYearFocus,13094,81,0.0061860394073621,162,0.0123720788147243,211,0.0161142508018939,-0.0061860394073621,0.0290972964716664,0.0489537192607301,0.0198564227890636,58df86d103fd2804971a497734b66a7879be8db7b006b947d9abaea1a4dc2507,e2d1328682bab7d2187684fb9f5420bb730401c9eefc00daf835edd203f4859d,
FDX,1048911,FEDEX CORP,current,2023,2023-05-31,2023-07-17,0000950170-23-033201,2023-07-17T20:16:59.000Z,https://www.sec.gov/Archives/edgar/data/1048911/000095017023033201/fdx-20230531.htm,dei:DocumentFiscalYearFocus,12965,80,0.0061704589278827,213,0.0164288468954878,208,0.0160431932124951,-0.010258387967605,0.0252988816043193,0.0457385268029309,0.0204396451986116,cd999ea077eef4a15d7adc7ee7c9767989c60eacf595490acbc1c136e08ed4b2,e2d1328682bab7d2187684fb9f5420bb730401c9eefc00daf835edd203f4859d,
FDX,1048911,FEDEX CORP,current,2024,2024-05-31,2024-07-15,0000950170-24-083577,2024-07-15T20:16:29.000Z,https://www.sec.gov/Archives/edgar/data/1048911/000095017024083577/fdx-20240531.htm,dei:DocumentFiscalYearFocus,12987,79,0.006083006083006,180,0.0138600138600138,197,0.0151690151690151,-0.0077770077770077,0.0281820281820281,0.0476630476630476,0.0194810194810194,630fa2fe5b284c01b1d1b5b57a270f526d7bf421a34e80b9ef81f91dc5e72218,e2d1328682bab7d2187684fb9f5420bb730401c9eefc00daf835edd203f4859d,
FDX,1048911,FEDEX CORP,current,2025,2025-05-31,2025-07-21,0001048911-25-000011,2025-07-21T20:13:19.000Z,https://www.sec.gov/Archives/edgar/data/1048911/000104891125000011/fdx-20250531.htm,dei:DocumentFiscalYearFocus,12476,72,0.005771080474511,157,0.0125841615902532,205,0.0164315485732606,-0.0068130811157422,0.030298172491183,0.0492946457197819,0.0189964732285989,6efcee846ecb90da96c8b8eef22d30b46d3a596c91c135b7cf720c3488bd1af3,e2d1328682bab7d2187684fb9f5420bb730401c9eefc00daf835edd203f4859d,
FIX,1035983,COMFORT SYSTEMS USA INC,current,2016,2016-12-31,2017-02-23,0001558370-17-000882,2017-02-23T21:12:26.000Z,https://www.sec.gov/Archives/edgar/data/1035983/000155837017000882/fix-20161231x10k.htm,cover_fiscal_year_ended,10296,50,0.0048562548562548,104,0.0101010101010101,144,0.0139860139860139,-0.0052447552447552,0.0423465423465423,0.0558469308469308,0.0135003885003885,0a6edf8e0bd981d19885f0a64dca4240de3320577aaf0533d861cbadc2406b22,e2d1328682bab7d2187684fb9f5420bb730401c9eefc00daf835edd203f4859d,
FIX,1035983,COMFORT SYSTEMS USA INC,current,2017,2017-12-31,2018-02-22,0001558370-18-000936,2018-02-22T21:31:21.000Z,https://www.sec.gov/Archives/edgar/data/1035983/000155837018000936/fix-20171231x10k.htm,cover_fiscal_year_ended,10001,48,0.0047995200479952,96,0.0095990400959904,141,0.0140985901409859,-0.0047995200479952,0.043995600439956,0.0571942805719428,0.0131986801319868,308fc1e34a905058dd0553c6f6d3be893cc4a0b37b4d281278bf09a79750a83c,e2d1328682bab7d2187684fb9f5420bb730401c9eefc00daf835edd203f4859d,
FIX,1035983,COMFORT SYSTEMS USA INC,current,2018,2018-12-31,2019-02-21,0001558370-19-000857,2019-02-21T21:35:34.000Z,https://www.sec.gov/Archives/edgar/data/1035983/000155837019000857/fix-20181231x10k.htm,cover_fiscal_year_ended,10391,55,0.005293042055625,100,0.0096237128284092,140,0.0134731979597728,-0.0043306707727841,0.0453276874218073,0.0578385140987392,0.0125108266769319,27c55cc1d1bcebaf9e89fbc14bbb48efc9bf5c9f15407355451bbc95b5dc641f,e2d1328682bab7d2187684fb9f5420bb730401c9eefc00daf835edd203f4859d,
FIX,1035983,COMFORT SYSTEMS USA INC,current,2019,2019-12-31,2020-02-26,0001558370-20-001491,2020-02-26T22:03:00.000Z,https://www.sec.gov/Archives/edgar/data/1035983/000155837020001491/fix-20191231x10ka923f7.htm,dei:DocumentFiscalYearFocus,9449,50,0.0052915652449994,93,0.009842311355699,129,0.0136522383320986,-0.0045507461106995,0.0426500158746957,0.0549264472430945,0.0122764313683987,2c7fa361b2f8300b8a543dec3aaec87ada55c54565f42b92e07522f7e7adf62e,e2d1328682bab7d2187684fb9f5420bb730401c9eefc00daf835edd203f4859d,
FIX,1035983,COMFORT SYSTEMS USA INC,current,2020,2020-12-31,2021-02-25,0001558370-21-001828,2021-02-25T21:18:11.000Z,https://www.sec.gov/Archives/edgar/data/1035983/000155837021001828/fix-20201231x10k.htm,dei:DocumentFiscalYearFocus,10050,50,0.0049751243781094,119,0.0118407960199004,127,0.012636815920398,-0.006865671641791,0.0377114427860696,0.0525373134328358,0.0148258706467661,b690811befddcd6fd61b62190735b8557472f75af622bbddc0d8be0798a8f955,e2d1328682bab7d2187684fb9f5420bb730401c9eefc00daf835edd203f4859d,
FIX,1035983,COMFORT SYSTEMS USA INC,current,2021,2021-12-31,2022-02-23,0001558370-22-001753,2022-02-23T21:36:56.000Z,https://www.sec.gov/Archives/edgar/data/1035983/000155837022001753/fix-20211231x10k.htm,dei:DocumentFiscalYearFocus,9458,47,0.0049693381264537,101,0.0106787904419539,124,0.0131105942059632,-0.0057094523155001,0.0410234721928526,0.053711144005075,0.0126876718122224,de265d5330672c8c08dcf8a3414036585d7c9b38ac5fa7f060389bcb23a6b021,e2d1328682bab7d2187684fb9f5420bb730401c9eefc00daf835edd203f4859d,
FIX,1035983,COMFORT SYSTEMS USA INC,current,2022,2022-12-31,2023-02-22,0001558370-23-001757,2023-02-22T21:18:13.000Z,https://www.sec.gov/Archives/edgar/data/1035983/000155837023001757/fix-20221231x10k.htm,dei:DocumentFiscalYearFocus,7423,45,0.0060622389869325,67,0.0090260002694328,99,0.0133369257712515,-0.0029637612825003,0.049306210427051,0.0626431361983025,0.0133369257712515,a9ad303dd16803087a8deefe43de26e1e664aa69fa037642ed65ca5781dfcfcc,e2d1328682bab7d2187684fb9f5420bb730401c9eefc00daf835edd203f4859d,
FIX,1035983,COMFORT SYSTEMS USA INC,current,2023,2023-12-31,2024-02-22,0001558370-24-001529,2024-02-22T21:08:04.000Z,https://www.sec.gov/Archives/edgar/data/1035983/000155837024001529/fix-20231231x10k.htm,dei:DocumentFiscalYearFocus,7514,47,0.0062549906840564,68,0.0090497737556561,100,0.0133084908171413,-0.0027947830715996,0.0492414160234229,0.0626829917487356,0.0134415757253127,d455d507ba249492180632e26387c0c50ba93974ac491eb550adab0723809934,e2d1328682bab7d2187684fb9f5420bb730401c9eefc00daf835edd203f4859d,
FIX,1035983,COMFORT SYSTEMS USA INC,current,2024,2024-12-31,2025-02-20,0001558370-25-001222,2025-02-20T21:13:24.000Z,https://www.sec.gov/Archives/edgar/data/1035983/000155837025001222/fix-20241231x10k.htm,dei:DocumentFiscalYearFocus,6968,50,0.0071756601607347,61,0.0087543053960964,94,0.0134902411021814,-0.0015786452353616,0.0490815154994259,0.0628587830080367,0.0137772675086107,5c216655a4a27c3d8bba8a4069afe9b75869e49a9853b7b5b35a49c7e7e88a6b,e2d1328682bab7d2187684fb9f5420bb730401c9eefc00daf835edd203f4859d,
FIX,1035983,COMFORT SYSTEMS USA INC,current,2025,2025-12-31,2026-02-19,0001104659-26-017530,2026-02-19T21:04:27.000Z,https://www.sec.gov/Archives/edgar/data/1035983/000110465926017530/fix-20251231x10k.htm,dei:DocumentFiscalYearFocus,7139,47,0.0065835551197646,59,0.0082644628099173,90,0.0126068076761451,-0.0016809076901526,0.0487463230144277,0.061773357613111,0.0130270345986832,ed908e129593d7f179bab35a28c50c4f74b4b210eddd2c51dbb2ae573cc2ff54,e2d1328682bab7d2187684fb9f5420bb730401c9eefc00daf835edd203f4859d,
HEI,46619,HEICO CORP,current,2016,2016-10-31,2016-12-15,0000046619-16-000162,2016-12-15T22:01:38.000Z,https://www.sec.gov/Archives/edgar/data/46619/000004661916000162/hei1031201610k.htm,cover_fiscal_year_ended,8048,36,0.0044731610337972,58,0.0072067594433399,124,0.0154075546719681,-0.0027335984095427,0.0530566600397614,0.0690854870775347,0.0160288270377733,f1ef37ab3eea989c4eb199713a3585b9f8a6476acef97e2c2462f1c56a142497,e2d1328682bab7d2187684fb9f5420bb730401c9eefc00daf835edd203f4859d,
HEI,46619,HEICO CORP,current,2017,2017-10-31,2017-12-21,0000046619-17-000085,2017-12-21T20:49:08.000Z,https://www.sec.gov/Archives/edgar/data/46619/000004661917000085/hei1031201710k.htm,cover_fiscal_year_ended,8325,40,0.0048048048048048,48,0.0057657657657657,110,0.0132132132132132,-0.0009609609609609,0.0539339339339339,0.0683483483483483,0.0144144144144144,4834be5a65261c090d9a472ca8413806ec79c615bc95a188ae4beebe950f0f2c,e2d1328682bab7d2187684fb9f5420bb730401c9eefc00daf835edd203f4859d,
HEI,46619,HEICO CORP,current,2018,2018-10-31,2018-12-20,0000046619-18-000117,2018-12-20T21:32:04.000Z,https://www.sec.gov/Archives/edgar/data/46619/000004661918000117/hei1031201810k.htm,dei:DocumentFiscalYearFocus,8547,42,0.0049140049140049,49,0.0057330057330057,106,0.0124020124020124,-0.0008190008190008,0.0512460512460512,0.0654030654030654,0.0141570141570141,39f83724c8d10db1f24a70d6dd22882f893131a4c0d2430ac558986ff113eab4,e2d1328682bab7d2187684fb9f5420bb730401c9eefc00daf835edd203f4859d,
HEI,46619,HEICO CORP,current,2019,2019-10-31,2019-12-19,0000046619-19-000095,2019-12-19T21:35:28.000Z,https://www.sec.gov/Archives/edgar/data/46619/000004661919000095/hei1031201910k.htm,dei:DocumentFiscalYearFocus,5657,26,0.0045960756584762,34,0.0060102527841612,107,0.0189146190560367,-0.0014141771256849,0.0516174650875022,0.0654056920629308,0.0137882269754286,ec4a97115476fb78ba2193f453e12b98129a32eb55c265fbaddb87b149065bbe,e2d1328682bab7d2187684fb9f5420bb730401c9eefc00daf835edd203f4859d,
HEI,46619,HEICO CORP,current,2020,2020-10-31,2020-12-23,0000046619-20-000078,2020-12-23T20:22:18.000Z,https://www.sec.gov/Archives/edgar/data/46619/000004661920000078/hei-20201031.htm,dei:DocumentFiscalYearFocus,6543,28,0.0042793825462326,64,0.0097814458199602,115,0.0175760354577411,-0.0055020632737276,0.0388201130979672,0.0565489836466452,0.0177288705486779,b2dc52007e82eb6ae10021185a98f9276d5fc7fdc858e0cad0417588c6dcb952,e2d1328682bab7d2187684fb9f5420bb730401c9eefc00daf835edd203f4859d,
HEI,46619,HEICO CORP,current,2021,2021-10-31,2021-12-21,0000046619-21-000085,2021-12-21T21:06:41.000Z,https://www.sec.gov/Archives/edgar/data/46619/000004661921000085/hei-20211031.htm,dei:DocumentFiscalYearFocus,5861,32,0.0054598191434908,52,0.0088722061081726,105,0.0179150315645794,-0.0034123869646817,0.0441904111926292,0.0605698686231018,0.0163794574304726,8387d12cd3044fca9b064a65198dfb41b0001e4d05fa8928478023808289ea6c,e2d1328682bab7d2187684fb9f5420bb730401c9eefc00daf835edd203f4859d,
HEI,46619,HEICO CORP,current,2022,2022-10-31,2022-12-21,0000046619-22-000066,2022-12-21T21:11:10.000Z,https://www.sec.gov/Archives/edgar/data/46619/000004661922000066/hei-20221031.htm,dei:DocumentFiscalYearFocus,5791,42,0.0072526333966499,48,0.0082887238818856,111,0.0191676739768606,-0.0010360904852357,0.0481782075634605,0.0632015195993783,0.0150233120359178,7af7cc7012f859bee8abb423bf3b18b44f94268c1a51ccd51289c2e653e5fce5,e2d1328682bab7d2187684fb9f5420bb730401c9eefc00daf835edd203f4859d,
HEI,46619,HEICO CORP,current,2023,2023-10-31,2023-12-20,0000046619-23-000163,2023-12-20T21:41:51.000Z,https://www.sec.gov/Archives/edgar/data/46619/000004661923000163/hei-20231031.htm,dei:DocumentFiscalYearFocus,6830,30,0.0043923865300146,56,0.0081991215226939,115,0.0168374816983894,-0.0038067349926793,0.0497803806734992,0.0633967789165446,0.0136163982430453,d4cf9235073e285dd7809d0a6337b3b4b5e2271377e6efb5100999e3aa9f52c8,e2d1328682bab7d2187684fb9f5420bb730401c9eefc00daf835edd203f4859d,
HEI,46619,HEICO CORP,current,2024,2024-10-31,2024-12-19,0000046619-24-000111,2024-12-19T21:55:54.000Z,https://www.sec.gov/Archives/edgar/data/46619/000004661924000111/hei-20241031.htm,dei:DocumentFiscalYearFocus,6237,29,0.0046496713163379,66,0.0105820105820105,114,0.0182780182780182,-0.0059323392656725,0.0513067179733846,0.0671797338464005,0.0158730158730158,72247fe081919348968f06a55f840a8ff8a130e1414a2d2c378384cd4818cfca,e2d1328682bab7d2187684fb9f5420bb730401c9eefc00daf835edd203f4859d,
HEI,46619,HEICO CORP,current,2025,2025-10-31,2025-12-22,0000046619-25-000082,2025-12-22T21:44:58.000Z,https://www.sec.gov/Archives/edgar/data/46619/000004661925000082/hei-20251031.htm,dei:DocumentFiscalYearFocus,5902,23,0.0038969840731955,57,0.0096577431379193,104,0.0176211453744493,-0.0057607590647238,0.052694002033209,0.0676042019654354,0.0149101999322263,ad718528bdff9a720a7d3cb293b1cdb8b7a32d251737207ad62fbcb3360ab3a6,e2d1328682bab7d2187684fb9f5420bb730401c9eefc00daf835edd203f4859d,
HLT,1585689,Hilton Worldwide Holdings Inc.,current,2016,2016-12-31,2017-02-15,0001585689-17-000038,2017-02-15T18:19:35.000Z,https://www.sec.gov/Archives/edgar/data/1585689/000158568917000038/a2016hwh10-knospin.htm,cover_fiscal_year_ended,13103,52,0.003968556819049,124,0.0094634816454247,136,0.0103793024498206,-0.0054949248263756,0.0364801953751049,0.0493780050370144,0.0128978096619094,45a0194ae93bec31315639e8ced36382492f3515ed84912d1f49c215399cf5c8,e2d1328682bab7d2187684fb9f5420bb730401c9eefc00daf835edd203f4859d,
HLT,1585689,Hilton Worldwide Holdings Inc.,current,2017,2017-12-31,2018-02-14,0001585689-18-000033,2018-02-14T16:30:05.000Z,https://www.sec.gov/Archives/edgar/data/1585689/000158568918000033/a2017hwh10-k.htm,cover_fiscal_year_ended,9912,48,0.0048426150121065,98,0.0098870056497175,112,0.0112994350282485,-0.0050443906376109,0.0341000807102502,0.0484261501210653,0.0143260694108151,93255493d7e570566e1f4824ef2a364c44a40fbde80a296fc589f0a404f0ee01,e2d1328682bab7d2187684fb9f5420bb730401c9eefc00daf835edd203f4859d,
HLT,1585689,Hilton Worldwide Holdings Inc.,current,2018,2018-12-31,2019-02-13,0001585689-19-000034,2019-02-13T16:23:06.000Z,https://www.sec.gov/Archives/edgar/data/1585689/000158568919000034/q42018hwh10-k.htm,cover_fiscal_year_ended,9243,49,0.0053013090987774,82,0.0088715784918316,92,0.0099534783079086,-0.0035702693930542,0.0329979443903494,0.0471708319809585,0.0141728875906091,7dc893d15f31b12bc3874ef15e7990d51ed4f1575099ed12862047d743eda55f,e2d1328682bab7d2187684fb9f5420bb730401c9eefc00daf835edd203f4859d,
HLT,1585689,Hilton Worldwide Holdings Inc.,current,2019,2019-12-31,2020-02-11,0001585689-20-000013,2020-02-11T16:17:12.000Z,https://www.sec.gov/Archives/edgar/data/1585689/000158568920000013/hlt-20191231.htm,dei:DocumentFiscalYearFocus,8404,40,0.0047596382674916,79,0.009400285578296,109,0.0129700142789148,-0.0046406473108043,0.0318895763921942,0.0462874821513564,0.0143979057591623,b43b80e266eb1c2211449881c1a9f6c2db23f4d4fda1828632896032bc68e0c7,e2d1328682bab7d2187684fb9f5420bb730401c9eefc00daf835edd203f4859d,
HLT,1585689,Hilton Worldwide Holdings Inc.,current,2020,2020-12-31,2021-02-17,0001585689-21-000016,2021-02-17T17:18:54.000Z,https://www.sec.gov/Archives/edgar/data/1585689/000158568921000016/hlt-20201231.htm,dei:DocumentFiscalYearFocus,11277,52,0.0046111554491442,170,0.0150749312760485,150,0.0133014099494546,-0.0104637758269043,0.0268688480978983,0.0446040613638379,0.0177352132659395,b520edb4be543816140c88c7a037e08b858da29bfd628620a822354da6b57e31,e2d1328682bab7d2187684fb9f5420bb730401c9eefc00daf835edd203f4859d,
HLT,1585689,Hilton Worldwide Holdings Inc.,current,2021,2021-12-31,2022-02-16,0001585689-22-000013,2022-02-16T16:22:28.000Z,https://www.sec.gov/Archives/edgar/data/1585689/000158568922000013/hlt-20211231.htm,dei:DocumentFiscalYearFocus,11325,62,0.0054746136865342,155,0.0136865342163355,141,0.0124503311258278,-0.0082119205298013,0.0312582781456953,0.0484768211920529,0.0172185430463576,bf64c34ab33f3ea32c1d29e30433b0cb15ff32f83f53537927f5aa65eca39175,e2d1328682bab7d2187684fb9f5420bb730401c9eefc00daf835edd203f4859d,
HLT,1585689,Hilton Worldwide Holdings Inc.,current,2022,2022-12-31,2023-02-09,0001585689-23-000036,2023-02-09T16:08:28.000Z,https://www.sec.gov/Archives/edgar/data/1585689/000158568923000036/hlt-20221231.htm,dei:DocumentFiscalYearFocus,9585,62,0.0064684402712571,100,0.010432968179447,112,0.0116849243609807,-0.0039645279081898,0.0367240479916536,0.0521648408972352,0.0154407929055816,758292dea6129fac0ba88995995c5c3cc796824febdfad02fa3745a7cdb8609c,e2d1328682bab7d2187684fb9f5420bb730401c9eefc00daf835edd203f4859d,
HLT,1585689,Hilton Worldwide Holdings Inc.,current,2023,2023-12-31,2024-02-07,0001585689-24-000027,2024-02-07T15:10:16.000Z,https://www.sec.gov/Archives/edgar/data/1585689/000158568924000027/hlt-20231231.htm,dei:DocumentFiscalYearFocus,9636,66,0.0068493150684931,106,0.0110004151100041,121,0.0125570776255707,-0.004151100041511,0.0393316728933167,0.0542756330427563,0.0149439601494396,50cf85fe078722c6e1b7d8c6ca97b944e9e94f9cc1e6f75d14f329eacd6ee561,e2d1328682bab7d2187684fb9f5420bb730401c9eefc00daf835edd203f4859d,
HLT,1585689,Hilton Worldwide Holdings Inc.,current,2024,2024-12-31,2025-02-06,0001585689-25-000008,2025-02-06T15:05:57.000Z,https://www.sec.gov/Archives/edgar/data/1585689/000158568925000008/hlt-20241231.htm,dei:DocumentFiscalYearFocus,9731,48,0.0049326893433357,111,0.0114068441064638,123,0.0126400164422978,-0.0064741547631281,0.035145411571267,0.0513821806597472,0.0162367690884801,f0946d340bce1d4b8957632b3567b45782564d2d630a3c42835cab7fb4f81e46,e2d1328682bab7d2187684fb9f5420bb730401c9eefc00daf835edd203f4859d,
HLT,1585689,Hilton Worldwide Holdings Inc.,current,2025,2025-12-31,2026-02-11,0001585689-26-000007,2026-02-11T15:04:53.000Z,https://www.sec.gov/Archives/edgar/data/1585689/000158568926000007/hlt-20251231.htm,dei:DocumentFiscalYearFocus,8633,45,0.0052125564693617,78,0.009035097880227,106,0.0122784663500521,-0.0038225414108652,0.0319703463454187,0.0479555195181281,0.0159851731727093,a2decf1a8b2c717db2bbde8a1f74eddafea0afaa243c6cda55b65d3da5a29fe4,e2d1328682bab7d2187684fb9f5420bb730401c9eefc00daf835edd203f4859d,
HPQ,47217,HP INC,current,2016,2016-10-31,2016-12-15,0000047217-16-000093,2016-12-15T21:44:36.000Z,https://www.sec.gov/Archives/edgar/data/47217/000004721716000093/hp-103116x10k1.htm,cover_fiscal_year_ended,11118,61,0.0054865983090483,205,0.0184385680877855,171,0.0153804641122504,-0.0129519697787371,0.0279726569526893,0.0483000539665407,0.0203273970138514,5d0d22a76669f9a33e25442587d77ac89b4abecc15e87eda76daae29efc08625,e2d1328682bab7d2187684fb9f5420bb730401c9eefc00daf835edd203f4859d,
HPQ,47217,HP INC,current,2017,2017-10-31,2017-12-14,0000047217-17-000043,2017-12-14T21:27:00.000Z,https://www.sec.gov/Archives/edgar/data/47217/000004721717000043/hp-103117x10k1.htm,cover_fiscal_year_ended,10563,62,0.0058695446369402,150,0.0142005112184038,161,0.0152418820410868,-0.0083309665814635,0.0346492473729054,0.052731231657673,0.0180819842847675,1dabfc1f46938ecdc95fa6243eefe8c95e2ccf7077680514a32e207b7d41a271,e2d1328682bab7d2187684fb9f5420bb730401c9eefc00daf835edd203f4859d,
HPQ,47217,HP INC,current,2018,2018-10-31,2018-12-13,0000047217-18-000052,2018-12-13T21:07:39.000Z,https://www.sec.gov/Archives/edgar/data/47217/000004721718000052/hp-103118x10k.htm,cover_fiscal_year_ended,11087,53,0.0047803734103003,105,0.009470551095878,178,0.0160548390006313,-0.0046901776855777,0.0377018129340669,0.0558311536033192,0.0181293406692522,ed17e7f78b781e5b8ae9718fbe273978441f269f15310c110c36cd1479e5c9b5,e2d1328682bab7d2187684fb9f5420bb730401c9eefc00daf835edd203f4859d,
HPQ,47217,HP INC,current,2019,2019-10-31,2019-12-12,0000047217-19-000071,2019-12-12T21:26:03.000Z,https://www.sec.gov/Archives/edgar/data/47217/000004721719000071/hp-103119x10k.htm,dei:DocumentFiscalYearFocus,10571,45,0.004256929334973,106,0.0100274335446031,171,0.0161763314728975,-0.0057705042096301,0.0346230252577807,0.0536373096206602,0.0190142843628795,0cd2fd3ee039455a7af7033003b3eb6a44db6b508f8ca2badb04eda6ededfdc0,e2d1328682bab7d2187684fb9f5420bb730401c9eefc00daf835edd203f4859d,
HPQ,47217,HP INC,current,2020,2020-10-31,2020-12-10,0000047217-20-000045,2020-12-10T21:12:57.000Z,https://www.sec.gov/Archives/edgar/data/47217/000004721720000045/hpq-20201031.htm,dei:DocumentFiscalYearFocus,11309,58,0.0051286585905031,122,0.010787868069679,184,0.0162702272526306,-0.0056592094791758,0.0297108497656733,0.048899106906004,0.0191882571403307,3f79724835fc02a57bd0d0548c93d82853f7806135fec4c519fc28ef80d1b5f8,e2d1328682bab7d2187684fb9f5420bb730401c9eefc00daf835edd203f4859d,
HPQ,47217,HP INC,current,2021,2021-10-31,2021-12-09,0000047217-21-000060,2021-12-09T21:46:38.000Z,https://www.sec.gov/Archives/edgar/data/47217/000004721721000060/hpq-20211031.htm,dei:DocumentFiscalYearFocus,9659,76,0.0078683093487938,98,0.0101459778444973,190,0.0196707733719846,-0.0022776684957034,0.0316802981675121,0.0515581323118335,0.0198778341443213,fed964ffe6fab4b85f174271828ed7de034265c699f8dad15cb0d6d9ebad63b2,e2d1328682bab7d2187684fb9f5420bb730401c9eefc00daf835edd203f4859d,
HPQ,47217,HP INC,current,2022,2022-10-31,2022-12-06,0000047217-22-000068,2022-12-06T22:03:42.000Z,https://www.sec.gov/Archives/edgar/data/47217/000004721722000068/hpq-20221031.htm,dei:DocumentFiscalYearFocus,10493,63,0.0060040026684456,130,0.0123892118555227,192,0.0182979128943104,-0.0063852091870771,0.027923377489755,0.0475555131992757,0.0196321357095206,80a83af4ece9363fde8649424b299c7bb004c4962462fbc4a431e546ed71e62f,e2d1328682bab7d2187684fb9f5420bb730401c9eefc00daf835edd203f4859d,
HPQ,47217,HP INC,current,2023,2023-10-31,2023-12-18,0000047217-23-000100,2023-12-16T02:31:21.000Z,https://www.sec.gov/Archives/edgar/data/47217/000004721723000100/hpq-20231031.htm,dei:DocumentFiscalYearFocus,7474,50,0.0066898581750066,93,0.0124431362055124,145,0.0194005887075194,-0.0057532780305057,0.0264918383730264,0.0481669788600481,0.0216751404870216,9d16d6744f5ad0e5446fdefd54bb2329694f31f0dba80a11c9aab28c49ff9abb,e2d1328682bab7d2187684fb9f5420bb730401c9eefc00daf835edd203f4859d,
HPQ,47217,HP INC,current,2024,2024-10-31,2024-12-13,0000047217-24-000080,2024-12-13T01:31:46.000Z,https://www.sec.gov/Archives/edgar/data/47217/000004721724000080/hpq-20241031.htm,dei:DocumentFiscalYearFocus,6448,61,0.0094602977667493,69,0.0107009925558312,116,0.0179900744416873,-0.0012406947890818,0.0325682382133995,0.0535049627791563,0.0209367245657568,10b66a8eb49d5be0dd58b28f7123bc838fe473dcda672c6785271461bacd9119,e2d1328682bab7d2187684fb9f5420bb730401c9eefc00daf835edd203f4859d,
HPQ,47217,HP INC,current,2025,2025-10-31,2025-12-10,0000047217-25-000071,2025-12-10T22:22:18.000Z,https://www.sec.gov/Archives/edgar/data/47217/000004721725000071/hpq-20251031.htm,dei:DocumentFiscalYearFocus,6198,48,0.0077444336882865,80,0.0129073894804775,120,0.0193610842207163,-0.005162955792191,0.0277508873830267,0.0495321071313326,0.0217812197483059,40e1178755474328b4a4ebd09b496ee2d4e079c80de87f7e9feb3615e1185e91,e2d1328682bab7d2187684fb9f5420bb730401c9eefc00daf835edd203f4859d,
HUBB,48898,HUBBELL INC,current,2016,2016-12-31,2017-02-16,0001628280-17-001423,2017-02-16T13:32:02.000Z,https://www.sec.gov/Archives/edgar/data/48898/000162828017001423/hubb-20161231x10k.htm,cover_fiscal_year_ended,11157,61,0.0054674195572286,234,0.0209733799408443,163,0.0146096620955453,-0.0155059603836156,0.0392578650174778,0.0550327148875145,0.0157748498700367,5986ec3bdd726cae13f43de5616574d48adac1345e718a53a6dc91a8dd52bb21,e2d1328682bab7d2187684fb9f5420bb730401c9eefc00daf835edd203f4859d,
HUBB,48898,HUBBELL INC,current,2017,2017-12-31,2018-02-15,0001628280-18-001740,2018-02-15T13:32:48.000Z,https://www.sec.gov/Archives/edgar/data/48898/000162828018001740/hubb-20171231x10k.htm,cover_fiscal_year_ended,12694,67,0.0052780841342366,230,0.0181187962817078,160,0.0126043800220576,-0.0128407121474712,0.0378919174413108,0.0525445092169528,0.014652591775642,6f7f340584fe9f31622f520832d49ae3aecc702a5b3e40ffda7ff1a826236152,e2d1328682bab7d2187684fb9f5420bb730401c9eefc00daf835edd203f4859d,
HUBB,48898,HUBBELL INC,current,2018,2018-12-31,2019-02-15,0001628280-19-001446,2019-02-15T13:17:12.000Z,https://www.sec.gov/Archives/edgar/data/48898/000162828019001446/hubb-20181231x10k.htm,cover_fiscal_year_ended,11204,66,0.005890753302392,142,0.0126740449839343,163,0.0145483755801499,-0.0067832916815423,0.0402534808996786,0.0565869332381292,0.0163334523384505,0acd10a65c320c24b98a77b11a2c337430157d6f4c89130d1e584f2b2f8bb306,e2d1328682bab7d2187684fb9f5420bb730401c9eefc00daf835edd203f4859d,
HUBB,48898,HUBBELL INC,current,2019,2019-12-31,2020-02-14,0001628280-20-001557,2020-02-14T13:21:47.000Z,https://www.sec.gov/Archives/edgar/data/48898/000162828020001557/hubb-20191231x10k.htm,dei:DocumentFiscalYearFocus,11141,73,0.0065523741136343,146,0.0131047482272686,196,0.0175926757023606,-0.0065523741136343,0.0440714478054034,0.0604972623642402,0.0164258145588367,260aa55c82b19c4b84874bc2d7e3f6a8f01a2af7f054050b98d95e56d929a872,e2d1328682bab7d2187684fb9f5420bb730401c9eefc00daf835edd203f4859d,
HUBB,48898,HUBBELL INC,current,2020,2020-12-31,2021-02-11,0001628280-21-001868,2021-02-11T13:19:50.000Z,https://www.sec.gov/Archives/edgar/data/48898/000162828021001868/hubb-20201231.htm,dei:DocumentFiscalYearFocus,12198,77,0.0063125102475815,216,0.0177078209542547,215,0.0176258403016888,-0.0113953107066732,0.0354156419085095,0.0562387276602721,0.0208230857517625,e378688828ad1d443515275be3dbd837ef900f98dffee6faee54eafdbbe66ce0,e2d1328682bab7d2187684fb9f5420bb730401c9eefc00daf835edd203f4859d,
HUBB,48898,HUBBELL INC,current,2021,2021-12-31,2022-02-11,0001628280-22-002255,2022-02-11T13:13:07.000Z,https://www.sec.gov/Archives/edgar/data/48898/000162828022002255/hubb-20211231.htm,dei:DocumentFiscalYearFocus,13418,80,0.0059621404084066,238,0.0177373677150096,219,0.0163213593680131,-0.011775227306603,0.041511402593531,0.0597704575942763,0.0182590550007452,be51958b38c0c3fabbdbbc172b26a63c840fe2852861ef6c292ede192ed230df,e2d1328682bab7d2187684fb9f5420bb730401c9eefc00daf835edd203f4859d,
HUBB,48898,HUBBELL INC,current,2022,2022-12-31,2023-02-09,0001628280-23-002875,2023-02-09T13:21:14.000Z,https://www.sec.gov/Archives/edgar/data/48898/000162828023002875/hubb-20221231.htm,dei:DocumentFiscalYearFocus,10792,57,0.005281690140845,164,0.0151964418087472,185,0.0171423276501111,-0.0099147516679021,0.0452186805040771,0.0613417346182357,0.0161230541141586,0efa2f7b3762e83a25d39f199011526b37b5d0670b4b88e02b368d9cf8560cf0,e2d1328682bab7d2187684fb9f5420bb730401c9eefc00daf835edd203f4859d,
HUBB,48898,HUBBELL INC,current,2023,2023-12-31,2024-02-08,0001628280-24-003792,2024-02-08T13:15:27.000Z,https://www.sec.gov/Archives/edgar/data/48898/000162828024003792/hubb-20231231.htm,dei:DocumentFiscalYearFocus,11239,74,0.0065842156775513,150,0.0133463831301717,200,0.0177951775068956,-0.0067621674526203,0.0462674615179286,0.0615713141738588,0.0153038526559302,292b5df1aa64af5167d2fdd71ddcae7f8c55fd24ce8a27d388c073917f59c2ac,e2d1328682bab7d2187684fb9f5420bb730401c9eefc00daf835edd203f4859d,
HUBB,48898,HUBBELL INC,current,2024,2024-12-31,2025-02-13,0001628280-25-005311,2025-02-13T13:19:23.000Z,https://www.sec.gov/Archives/edgar/data/48898/000162828025005311/hubb-20241231.htm,dei:DocumentFiscalYearFocus,10816,63,0.0058247041420118,167,0.0154400887573964,200,0.018491124260355,-0.0096153846153846,0.042344674556213,0.0597263313609467,0.0173816568047337,c1c7ca616fe871f41ea6ad2e6f444b3c3b29dfe0a8be7b169b3d81e8787eecb8,e2d1328682bab7d2187684fb9f5420bb730401c9eefc00daf835edd203f4859d,
HUBB,48898,HUBBELL INC,current,2025,2025-12-31,2026-02-12,0001628280-26-007500,2026-02-12T13:21:54.000Z,https://www.sec.gov/Archives/edgar/data/48898/000162828026007500/hubb-20251231.htm,dei:DocumentFiscalYearFocus,12129,73,0.0060186330282793,171,0.0140984417511748,224,0.0184681342237612,-0.0080798087228955,0.0465825706983263,0.0626597411163327,0.0160771704180064,bd333dba5566529bddc7966d437756728dda7133ee19804f049c23fce49d9f5f,e2d1328682bab7d2187684fb9f5420bb730401c9eefc00daf835edd203f4859d,
IDXX,874716,IDEXX LABORATORIES INC /DE,current,2016,2016-12-31,2017-02-17,0000874716-17-000004,2017-02-17T21:43:46.000Z,https://www.sec.gov/Archives/edgar/data/874716/000087471617000004/c716-20161231x10k.htm,cover_fiscal_year_ended,22128,161,0.0072758496023138,200,0.0090383224873463,280,0.0126536514822848,-0.0017624728850325,0.0393618944323933,0.0535972523499638,0.0142353579175705,a8df5a5e4080fe9516dbffc92efd4166487dbf5026c9b9e657dfcd7dc7ad86ff,e2d1328682bab7d2187684fb9f5420bb730401c9eefc00daf835edd203f4859d,
IDXX,874716,IDEXX LABORATORIES INC /DE,current,2017,2017-12-31,2018-02-16,0000874716-18-000005,2018-02-16T19:51:54.000Z,https://www.sec.gov/Archives/edgar/data/874716/000087471618000005/idxx-20171231x10k.htm,cover_fiscal_year_ended,20801,139,0.0066823710398538,192,0.0092303254651218,283,0.0136051151386952,-0.002547954425268,0.0438921205711263,0.0593721455699245,0.0154800249987981,1355f9752bb5bbdf196a0edbf18fa4b4bc2bdb7234e3c29f6a7691f97ed6d09d,e2d1328682bab7d2187684fb9f5420bb730401c9eefc00daf835edd203f4859d,
IDXX,874716,IDEXX LABORATORIES INC /DE,current,2018,2018-12-31,2019-02-15,0000874716-19-000004,2019-02-15T20:13:08.000Z,https://www.sec.gov/Archives/edgar/data/874716/000087471619000004/idxx201810k.htm,cover_fiscal_year_ended,19086,129,0.006758880855077,164,0.0085926857382374,300,0.0157183275699465,-0.0018338048831604,0.0453735722519123,0.0618254217751231,0.0164518495232107,d6f7d10a02f77ddacdff285ec3c3f250c050b3d3adb38f885b1fee830dfd7cc7,e2d1328682bab7d2187684fb9f5420bb730401c9eefc00daf835edd203f4859d,
IDXX,874716,IDEXX LABORATORIES INC /DE,current,2019,2019-12-31,2020-02-14,0000874716-20-000006,2020-02-14T22:08:09.000Z,https://www.sec.gov/Archives/edgar/data/874716/000087471620000006/idxx201910k.htm,dei:DocumentFiscalYearFocus,15051,103,0.0068433991096937,136,0.0090359444555179,261,0.0173410404624277,-0.0021925453458241,0.0434522623081522,0.0599295727858614,0.0164773104777091,45479c04b4c8fa165bd8b12e910260a511ad0ff828dd4d0aa8e3e198efb6d83e,e2d1328682bab7d2187684fb9f5420bb730401c9eefc00daf835edd203f4859d,
IDXX,874716,IDEXX LABORATORIES INC /DE,current,2020,2020-12-31,2021-02-12,0000874716-21-000008,2021-02-12T20:22:33.000Z,https://www.sec.gov/Archives/edgar/data/874716/000087471621000008/idxx-20201231.htm,dei:DocumentFiscalYearFocus,14417,117,0.0081154192966636,107,0.0074217937157522,223,0.0154678504543247,0.0006936255809114,0.0402302836928625,0.0566692099604633,0.0164389262676007,f4579231d47e0d380a22a87f79a641460630e73ac49ea40090c521cba784468c,e2d1328682bab7d2187684fb9f5420bb730401c9eefc00daf835edd203f4859d,
IDXX,874716,IDEXX LABORATORIES INC /DE,current,2021,2021-12-31,2022-02-16,0000874716-22-000007,2022-02-16T19:57:07.000Z,https://www.sec.gov/Archives/edgar/data/874716/000087471622000007/idxx-20211231.htm,dei:DocumentFiscalYearFocus,14313,116,0.0081045203661007,124,0.0086634528051421,217,0.0151610424089988,-0.0005589324390414,0.0412212673793055,0.0576399077761475,0.016418640396842,40b848be6375eb5d0aab0913a7c44b514d003d2f976580ce0b842fcc5fde86f7,e2d1328682bab7d2187684fb9f5420bb730401c9eefc00daf835edd203f4859d,
IDXX,874716,IDEXX LABORATORIES INC /DE,current,2022,2022-12-31,2023-02-16,0000874716-23-000006,2023-02-16T22:08:02.000Z,https://www.sec.gov/Archives/edgar/data/874716/000087471623000006/idxx-20221231.htm,dei:DocumentFiscalYearFocus,12789,92,0.0071936820705293,123,0.009617640159512,184,0.0143873641410587,-0.0024239580889827,0.0390960982093987,0.0562201892251153,0.0171240910157166,60e3ce2154ae1eaeb1d70e955e74effd4a75404e892fc9ef61d1abe2499fcd50,e2d1328682bab7d2187684fb9f5420bb730401c9eefc00daf835edd203f4859d,
IDXX,874716,IDEXX LABORATORIES INC /DE,current,2023,2023-12-31,2024-02-22,0000874716-24-000057,2024-02-22T21:17:19.000Z,https://www.sec.gov/Archives/edgar/data/874716/000087471624000057/idxx-20231231.htm,dei:DocumentFiscalYearFocus,11470,86,0.0074978204010462,97,0.0084568439407149,150,0.013077593722755,-0.0009590235396687,0.0360069747166521,0.0530078465562336,0.0170008718395815,d666ca6bdf8a6ab193afcca83f8d2be06471b80e9664757ee46bbea8092f014a,e2d1328682bab7d2187684fb9f5420bb730401c9eefc00daf835edd203f4859d,
IDXX,874716,IDEXX LABORATORIES INC /DE,current,2024,2024-12-31,2025-02-21,0000874716-25-000037,2025-02-21T13:28:50.000Z,https://www.sec.gov/Archives/edgar/data/874716/000087471625000037/idxx-20241231.htm,dei:DocumentFiscalYearFocus,11121,84,0.0075532775829511,84,0.0075532775829511,146,0.0131283157989389,0.0,0.0382159877708839,0.0553007823037496,0.0170847945328657,81fd36482fff0d8b2f2346f498e546639e53989ab502aecc03bb20720573fe4a,e2d1328682bab7d2187684fb9f5420bb730401c9eefc00daf835edd203f4859d,
IDXX,874716,IDEXX LABORATORIES INC /DE,current,2025,2025-12-31,2026-02-20,0000874716-26-000038,2026-02-20T21:09:24.000Z,https://www.sec.gov/Archives/edgar/data/874716/000087471626000038/idxx-20251231.htm,dei:DocumentFiscalYearFocus,10823,90,0.0083156241337891,85,0.0078536450152453,151,0.013951769380024,0.0004619791185438,0.0408389540792756,0.0581169731128153,0.0172780190335396,046c437854af9c837698f80f8e956ce6258bf34964582808b5842ae4b61c0879,e2d1328682bab7d2187684fb9f5420bb730401c9eefc00daf835edd203f4859d,
IQV,1478242,IQVIA HOLDINGS INC.,current,2016,2016-12-31,2017-02-16,0001193125-17-046709,2017-02-16T21:17:46.000Z,https://www.sec.gov/Archives/edgar/data/1478242/000119312517046709/d321341d10k.htm,cover_fiscal_year_ended,12618,66,0.0052306229196386,148,0.0117292756379774,259,0.0205262323664606,-0.0064986527183388,0.0517514661594547,0.065937549532414,0.0141860833729592,6c76d946719e66dc8431a94f259116767a71981b3ec9c9facb3ee82ec02ccac4,e2d1328682bab7d2187684fb9f5420bb730401c9eefc00daf835edd203f4859d,
IQV,1478242,IQVIA HOLDINGS INC.,current,2017,2017-12-31,2018-02-16,0001564590-18-002340,2018-02-16T21:41:29.000Z,https://www.sec.gov/Archives/edgar/data/1478242/000156459018002340/iqv-10k_20171231.htm,cover_fiscal_year_ended,12239,68,0.0055560094778985,140,0.0114388430427322,274,0.0223874499550616,-0.0058828335648337,0.0478797287360078,0.0633221668436963,0.0154424381076885,a8e4d48e90208b94a08de52b62d3f1d6931301039ab10012acf71c6e12af4e4d,e2d1328682bab7d2187684fb9f5420bb730401c9eefc00daf835edd203f4859d,
IQV,1478242,IQVIA HOLDINGS INC.,current,2018,2018-12-31,2019-02-19,0001564590-19-003180,2019-02-19T12:08:47.000Z,https://www.sec.gov/Archives/edgar/data/1478242/000156459019003180/iqv-10k_20181231.htm,cover_fiscal_year_ended,11384,64,0.0056219255094869,123,0.0108046380885453,269,0.0236296556570625,-0.0051827125790583,0.0520906535488404,0.0674631061138439,0.0153724525650035,37875212fbdce981ac973af7b1e5a246e5675e0ba7b396ad3a0b2ec72ee1c0ad,e2d1328682bab7d2187684fb9f5420bb730401c9eefc00daf835edd203f4859d,
IQV,1478242,IQVIA HOLDINGS INC.,current,2019,2019-12-31,2020-02-18,0001564590-20-004901,2020-02-18T12:33:23.000Z,https://www.sec.gov/Archives/edgar/data/1478242/000156459020004901/iqv-10k_20191231.htm,dei:DocumentFiscalYearFocus,6277,43,0.0068504062450215,61,0.0097180181615421,140,0.0223036482396049,-0.0028676119165206,0.0541660028676119,0.0677075035845149,0.0135415007169029,cf8c382a51596a1de8c667ac8e4e069f928fa27b0d344e6ba0a7698abc6b9027,e2d1328682bab7d2187684fb9f5420bb730401c9eefc00daf835edd203f4859d,
IQV,1478242,IQVIA HOLDINGS INC.,current,2020,2020-12-31,2021-02-12,0001478242-21-000020,2021-02-12T21:16:25.000Z,https://www.sec.gov/Archives/edgar/data/1478242/000147824221000020/iqv-20201231.htm,dei:DocumentFiscalYearFocus,6508,46,0.0070682237246465,66,0.0101413644744929,120,0.018438844499078,-0.0030731407498463,0.0505531653349723,0.0640749846342962,0.0135218192993239,90be1701d513e229817ee30e2410390445a246568209d28818b5ac1ef5de74b3,e2d1328682bab7d2187684fb9f5420bb730401c9eefc00daf835edd203f4859d,
IQV,1478242,IQVIA HOLDINGS INC.,current,2021,2021-12-31,2022-02-16,0001478242-22-000041,2022-02-16T21:22:34.000Z,https://www.sec.gov/Archives/edgar/data/1478242/000147824222000041/iqv-20211231.htm,dei:DocumentFiscalYearFocus,6563,46,0.007008989791254,61,0.0092945299405759,121,0.0184366905378637,-0.0022855401493219,0.0533292701508456,0.0673472497333536,0.014017979582508,0269b7e00ba2d918f7405c3df585fb44d853718089f3f1fd4efd6c2aaede17fb,e2d1328682bab7d2187684fb9f5420bb730401c9eefc00daf835edd203f4859d,
IQV,1478242,IQVIA HOLDINGS INC.,current,2022,2022-12-31,2023-02-15,0001478242-23-000044,2023-02-15T21:24:16.000Z,https://www.sec.gov/Archives/edgar/data/1478242/000147824223000044/iqv-20221231.htm,dei:DocumentFiscalYearFocus,6308,33,0.0052314521242866,68,0.0107799619530754,124,0.0196575776791376,-0.0055485098287888,0.0545339251743817,0.068008877615726,0.0134749524413443,c475d5b35a63e5187014897048acd62e4fd734b91ec42630744f9069bbca41a6,e2d1328682bab7d2187684fb9f5420bb730401c9eefc00daf835edd203f4859d,
IQV,1478242,IQVIA HOLDINGS INC.,current,2023,2023-12-31,2024-02-15,0001478242-24-000038,2024-02-15T12:33:24.000Z,https://www.sec.gov/Archives/edgar/data/1478242/000147824224000038/iqv-20231231.htm,dei:DocumentFiscalYearFocus,8046,37,0.0045985582898334,64,0.00795426298782,137,0.0170270942083022,-0.0033557046979865,0.0546855580412627,0.0677355207556549,0.0130499627143922,aaf852dfb080d29ff18c4f5fe6f720206d9c231ccf26e9386fde58ddf52291a4,e2d1328682bab7d2187684fb9f5420bb730401c9eefc00daf835edd203f4859d,
IQV,1478242,IQVIA HOLDINGS INC.,current,2024,2024-12-31,2025-02-13,0001478242-25-000045,2025-02-13T12:39:45.000Z,https://www.sec.gov/Archives/edgar/data/1478242/000147824225000045/iqv-20241231.htm,dei:DocumentFiscalYearFocus,7293,39,0.0053475935828877,61,0.008364184834773,124,0.0170026052378993,-0.0030165912518853,0.0532017002605237,0.0662278897573015,0.0130261894967777,c3a97a5c46653fe76ce16f1e9935ccef179a7fe08a5c56ebe232985ab587fced,e2d1328682bab7d2187684fb9f5420bb730401c9eefc00daf835edd203f4859d,
IQV,1478242,IQVIA HOLDINGS INC.,current,2025,2025-12-31,2026-02-17,0001628280-26-008322,2026-02-17T12:46:53.000Z,https://www.sec.gov/Archives/edgar/data/1478242/000162828026008322/iqv-20251231.htm,dei:DocumentFiscalYearFocus,7658,37,0.0048315487072342,55,0.0071820318621049,120,0.0156698876991381,-0.0023504831548707,0.0524941237921128,0.0654217811439018,0.0129276573517889,fd6a83c945fa1e9dc30897c0112de369b0faabcb51aba8fe48c1466203961633,e2d1328682bab7d2187684fb9f5420bb730401c9eefc00daf835edd203f4859d,
ITW,49826,ILLINOIS TOOL WORKS INC,current,2016,2016-12-31,2017-02-10,0000049826-17-000022,2017-02-10T18:52:48.000Z,https://www.sec.gov/Archives/edgar/data/49826/000004982617000022/itw-20161231x10k.htm,cover_fiscal_year_ended,10170,137,0.0134709931170108,152,0.0149459193706981,97,0.0095378564405113,-0.0014749262536873,0.0463126843657817,0.0593903638151425,0.0130776794493608,fae9a68e3e89245a0227e427735387db06a080f9bba899f085107001e6b6eb80,e2d1328682bab7d2187684fb9f5420bb730401c9eefc00daf835edd203f4859d,
ITW,49826,ILLINOIS TOOL WORKS INC,current,2017,2017-12-31,2018-02-15,0000049826-18-000017,2018-02-15T16:12:45.000Z,https://www.sec.gov/Archives/edgar/data/49826/000004982618000017/itw-20171231x10k.htm,cover_fiscal_year_ended,10531,137,0.0130092109011489,131,0.0124394644383249,97,0.0092109011489887,0.000569746462824,0.0498528154971037,0.0614376602411926,0.0115848447440888,419bbecec60576ba2ba43f3f15583bb15f956ad1305259ef9353e184277bc98a,e2d1328682bab7d2187684fb9f5420bb730401c9eefc00daf835edd203f4859d,
ITW,49826,ILLINOIS TOOL WORKS INC,current,2018,2018-12-31,2019-02-15,0000049826-19-000021,2019-02-15T20:56:45.000Z,https://www.sec.gov/Archives/edgar/data/49826/000004982619000021/itw-20181231x10k.htm,cover_fiscal_year_ended,10408,120,0.0115295926210607,128,0.0122982321291314,88,0.0084550345887778,-0.0007686395080707,0.0470791698693312,0.0604342813220599,0.0133551114527286,c0b0c271ba5205da5f18d8b08061df03877467410685ade70590e51b3e9dfb68,e2d1328682bab7d2187684fb9f5420bb730401c9eefc00daf835edd203f4859d,
ITW,49826,ILLINOIS TOOL WORKS INC,current,2019,2019-12-31,2020-02-14,0000049826-20-000020,2020-02-14T20:16:14.000Z,https://www.sec.gov/Archives/edgar/data/49826/000004982620000020/itw-20191231x10k.htm,dei:DocumentFiscalYearFocus,9554,110,0.0115135021980322,164,0.017165585095248,90,0.0094201381620263,-0.0056520828972158,0.0418672807201172,0.0570441699811597,0.0151768892610424,18d95db6a66eae6f28e7eaf6c210775426d8d666fc5eb4c44d32c10ebb790721,e2d1328682bab7d2187684fb9f5420bb730401c9eefc00daf835edd203f4859d,
ITW,49826,ILLINOIS TOOL WORKS INC,current,2020,2020-12-31,2021-02-12,0000049826-21-000007,2021-02-12T19:36:16.000Z,https://www.sec.gov/Archives/edgar/data/49826/000004982621000007/itw-20201231.htm,dei:DocumentFiscalYearFocus,10278,116,0.0112862424596224,199,0.0193617435298696,92,0.008951157812804,-0.0080755010702471,0.0346370889278069,0.0510799766491535,0.0164428877213465,50f0d30cdf877c7c1cbeeeadb68608695959ae7cb5ac153b4b2b3a61a048a419,e2d1328682bab7d2187684fb9f5420bb730401c9eefc00daf835edd203f4859d,
ITW,49826,ILLINOIS TOOL WORKS INC,current,2021,2021-12-31,2022-02-11,0000049826-22-000006,2022-02-11T19:42:05.000Z,https://www.sec.gov/Archives/edgar/data/49826/000004982622000006/itw-20211231.htm,dei:DocumentFiscalYearFocus,10779,127,0.0117821690323777,151,0.0140087206605436,101,0.009370071435198,-0.0022265516281658,0.0423972539196585,0.056591520549216,0.0141942666295574,7f8e6c9032d62c94ef3519e90e23897b95a002bad61359219931424b5912d2ef,e2d1328682bab7d2187684fb9f5420bb730401c9eefc00daf835edd203f4859d,
ITW,49826,ILLINOIS TOOL WORKS INC,current,2022,2022-12-31,2023-02-10,0000049826-23-000008,2023-02-10T20:31:41.000Z,https://www.sec.gov/Archives/edgar/data/49826/000004982623000008/itw-20221231.htm,dei:DocumentFiscalYearFocus,11324,145,0.0128046626633698,141,0.0124514305898975,100,0.0088308018368067,0.0003532320734722,0.0486577181208053,0.0605793006004945,0.0119215824796891,0d8c263b9d311147f002892f7361295bde6512f34a911e9fbc3827d2e6b480ce,e2d1328682bab7d2187684fb9f5420bb730401c9eefc00daf835edd203f4859d,
ITW,49826,ILLINOIS TOOL WORKS INC,current,2023,2023-12-31,2024-02-09,0000049826-24-000008,2024-02-09T19:56:05.000Z,https://www.sec.gov/Archives/edgar/data/49826/000004982624000008/itw-20231231.htm,dei:DocumentFiscalYearFocus,11660,132,0.0113207547169811,175,0.015008576329331,107,0.0091766723842195,-0.0036878216123499,0.0448542024013722,0.0581475128644939,0.0132933104631217,7fdd8173fe4c97d4b442f77a867a1026d64bba8e688d250ef81aeb1e7ed40dd3,e2d1328682bab7d2187684fb9f5420bb730401c9eefc00daf835edd203f4859d,
ITW,49826,ILLINOIS TOOL WORKS INC,current,2024,2024-12-31,2025-02-14,0000049826-25-000007,2025-02-14T19:59:04.000Z,https://www.sec.gov/Archives/edgar/data/49826/000004982625000007/itw-20241231.htm,dei:DocumentFiscalYearFocus,11974,138,0.0115249707700016,174,0.0145314848839151,106,0.0088525137798563,-0.0030065141139134,0.0413395690663103,0.0557875396692834,0.0144479706029731,b0a66a6819eff5c4019e40135016592eb3393a49cdd93e40bad875c8376650a1,e2d1328682bab7d2187684fb9f5420bb730401c9eefc00daf835edd203f4859d,
ITW,49826,ILLINOIS TOOL WORKS INC,current,2025,2025-12-31,2026-02-13,0000049826-26-000008,2026-02-13T18:32:44.000Z,https://www.sec.gov/Archives/edgar/data/49826/000004982626000008/itw-20251231.htm,dei:DocumentFiscalYearFocus,11625,127,0.0109247311827956,152,0.0130752688172043,101,0.0086881720430107,-0.0021505376344086,0.0398279569892473,0.0552258064516129,0.0153978494623655,3f70a493eee4f47cc41b98c0cf2df3dde71dee071de3160d7854c22180f6a390,e2d1328682bab7d2187684fb9f5420bb730401c9eefc00daf835edd203f4859d,
KEYS,1601046,"Keysight Technologies, Inc.",current,2016,2016-10-31,2016-12-19,0001601046-16-000077,2016-12-19T21:22:26.000Z,https://www.sec.gov/Archives/edgar/data/1601046/000160104616000077/keys-10312016x10k.htm,cover_fiscal_year_ended,10590,37,0.0034938621340887,122,0.0115203021718602,137,0.012936732766761,-0.0080264400377714,0.0375826251180358,0.0533522190745986,0.0157695939565627,25568855ef738c8685c62b004883d391ce86f50f0c2fd49fff89218bac8070cc,e2d1328682bab7d2187684fb9f5420bb730401c9eefc00daf835edd203f4859d,
KEYS,1601046,"Keysight Technologies, Inc.",current,2017,2017-10-31,2017-12-20,0001601046-17-000033,2017-12-20T14:08:51.000Z,https://www.sec.gov/Archives/edgar/data/1601046/000160104617000033/keys-10312017x10k.htm,cover_fiscal_year_ended,11536,54,0.0046809986130374,137,0.011875866851595,134,0.0116158113730929,-0.0071948682385575,0.041002080443828,0.0574722607489597,0.0164701803051317,10c57cb569c37dcacf4c2d3004d1dc0a2fcaabbd871299c99358639b3b5f6f4d,e2d1328682bab7d2187684fb9f5420bb730401c9eefc00daf835edd203f4859d,
KEYS,1601046,"Keysight Technologies, Inc.",current,2018,2018-10-31,2018-12-18,0001601046-18-000030,2018-12-18T21:22:23.000Z,https://www.sec.gov/Archives/edgar/data/1601046/000160104618000030/keys-10312018x10k.htm,cover_fiscal_year_ended,12053,78,0.0064714179042562,150,0.0124450344312619,163,0.0135236040819712,-0.0059736165270057,0.0409856467269559,0.0574130921762216,0.0164274454492657,2b39857e4c675468a6d886f8e232a954ad2c0963356633bed812bffaf64d5b48,e2d1328682bab7d2187684fb9f5420bb730401c9eefc00daf835edd203f4859d,
KEYS,1601046,"Keysight Technologies, Inc.",current,2019,2019-10-31,2019-12-18,0001601046-19-000110,2019-12-18T21:10:53.000Z,https://www.sec.gov/Archives/edgar/data/1601046/000160104619000110/keys-10312019x10k.htm,dei:DocumentFiscalYearFocus,11159,85,0.0076171699973115,135,0.0120978582310242,157,0.0140693610538578,-0.0044806882337126,0.0445380410431042,0.0611165875078412,0.0165785464647369,741317386e3fdeebe4c845facbbf498dccb041463f7fb993cf3035f2099d4ed7,e2d1328682bab7d2187684fb9f5420bb730401c9eefc00daf835edd203f4859d,
KEYS,1601046,"Keysight Technologies, Inc.",current,2020,2020-10-31,2020-12-17,0001601046-20-000154,2020-12-17T21:10:05.000Z,https://www.sec.gov/Archives/edgar/data/1601046/000160104620000154/keys-10312020x10k.htm,dei:DocumentFiscalYearFocus,11365,84,0.007391113066432,186,0.0163660360756709,170,0.0149582050153981,-0.0089749230092388,0.0378354597448306,0.0576330840299164,0.0197976242850857,09117e2a801dee332a0cf84333a271cf1498c6a2cffa5569f1b68d4baf4e8a78,e2d1328682bab7d2187684fb9f5420bb730401c9eefc00daf835edd203f4859d,
KEYS,1601046,"Keysight Technologies, Inc.",current,2021,2021-10-31,2021-12-17,0001601046-21-000197,2021-12-17T21:50:12.000Z,https://www.sec.gov/Archives/edgar/data/1601046/000160104621000197/keys-20211031.htm,dei:DocumentFiscalYearFocus,10370,73,0.0070395371263259,150,0.0144648023143683,163,0.0157184185149469,-0.0074252651880424,0.0397299903567984,0.059884281581485,0.0201542912246865,b1a7156b932bb18f4dcf994de57a6bee40cf1d26e06749f5666eaf17cfd3f54a,e2d1328682bab7d2187684fb9f5420bb730401c9eefc00daf835edd203f4859d,
KEYS,1601046,"Keysight Technologies, Inc.",current,2022,2022-10-31,2022-12-15,0001601046-22-000161,2022-12-15T21:06:50.000Z,https://www.sec.gov/Archives/edgar/data/1601046/000160104622000161/keys-20221031.htm,dei:DocumentFiscalYearFocus,10119,65,0.0064235596402806,112,0.0110682873801759,168,0.0166024310702638,-0.0046447277398952,0.0415060776756596,0.062555588496887,0.0210495108212273,684b9ef6e3f95e18db1e0b23a9c7464cfe8ba307b7a932d6440f5866c0c34ab4,e2d1328682bab7d2187684fb9f5420bb730401c9eefc00daf835edd203f4859d,
KEYS,1601046,"Keysight Technologies, Inc.",current,2023,2023-10-31,2023-12-15,0001601046-23-000134,2023-12-15T21:06:39.000Z,https://www.sec.gov/Archives/edgar/data/1601046/000160104623000134/keys-20231031.htm,dei:DocumentFiscalYearFocus,10129,73,0.0072070293217494,121,0.0119458979168723,176,0.0173758515154506,-0.0047388685951229,0.0415638266363905,0.0625925560272484,0.0210287293908579,93cf4dcb5452b916328c48be5f4d9cc646be18383f1e0ce6eedf2b4ee25e9f53,e2d1328682bab7d2187684fb9f5420bb730401c9eefc00daf835edd203f4859d,
KEYS,1601046,"Keysight Technologies, Inc.",current,2024,2024-10-31,2024-12-17,0001601046-24-000159,2024-12-17T21:05:47.000Z,https://www.sec.gov/Archives/edgar/data/1601046/000160104624000159/keys-20241031.htm,dei:DocumentFiscalYearFocus,11084,76,0.0068567304222302,127,0.0114579574160952,193,0.0174124864669794,-0.004601226993865,0.0365391555395164,0.058282208588957,0.0217430530494406,b4c5df265f00fd3e07821ec9ebbf7f3d30183a500af7abd26451fa09255dce2d,e2d1328682bab7d2187684fb9f5420bb730401c9eefc00daf835edd203f4859d,
KEYS,1601046,"Keysight Technologies, Inc.",current,2025,2025-10-31,2025-12-17,0001601046-25-000127,2025-12-17T21:08:40.000Z,https://www.sec.gov/Archives/edgar/data/1601046/000160104625000127/keys-20251031.htm,dei:DocumentFiscalYearFocus,10944,62,0.0056652046783625,104,0.0095029239766081,183,0.0167214912280701,-0.0038377192982456,0.036641081871345,0.0574744152046783,0.0208333333333333,a0296c11b523002b0d5e65b9e8d30474a27cadb207c065cbcd5603082a5f20d5,e2d1328682bab7d2187684fb9f5420bb730401c9eefc00daf835edd203f4859d,
KHC,1637459,Kraft Heinz Co,current,2016,2016-12-31,2017-02-23,0001637459-17-000007,2017-02-23T18:32:18.000Z,https://www.sec.gov/Archives/edgar/data/1637459/000163745917000007/khc201610k.htm,cover_fiscal_year_ended,12968,82,0.0063232572486119,233,0.017967304133251,136,0.0104873534855027,-0.0116440468846391,0.0306909315237507,0.0481184454040715,0.0174275138803207,973615415e679ab2485d0dfbe7507e5283a23a0b23eefb6dfde67fca7182b93a,e2d1328682bab7d2187684fb9f5420bb730401c9eefc00daf835edd203f4859d,
KHC,1637459,Kraft Heinz Co,current,2017,2017-12-30,2018-02-16,0001637459-18-000015,2018-02-16T17:39:26.000Z,https://www.sec.gov/Archives/edgar/data/1637459/000163745918000015/form10-k2017.htm,cover_fiscal_year_ended,12941,63,0.0048682482033845,202,0.0156093037632331,144,0.011127424464879,-0.0107410555598485,0.0264276331040877,0.0441233289544857,0.0176956958503979,7cb579bed2753a5fc21b9020716e936a2b2592001ada148e01b2a4777eba0288,e2d1328682bab7d2187684fb9f5420bb730401c9eefc00daf835edd203f4859d,
KHC,1637459,Kraft Heinz Co,current,2018,2018-12-29,2019-06-07,0001637459-19-000049,2019-06-07T21:07:36.000Z,https://www.sec.gov/Archives/edgar/data/1637459/000163745919000049/form10-k2018.htm,cover_fiscal_year_ended,14015,88,0.0062789867998572,366,0.0261148769175883,139,0.0099179450588655,-0.019835890117731,0.0258294684266856,0.0462361755262219,0.0204067070995362,318f9764d46e746b0badcef072ef41dd48b490a2f9bca0d29cac4e3dce8f2259,e2d1328682bab7d2187684fb9f5420bb730401c9eefc00daf835edd203f4859d,
KHC,1637459,Kraft Heinz Co,current,2019,2019-12-28,2020-02-14,0001637459-20-000027,2020-02-14T22:13:43.000Z,https://www.sec.gov/Archives/edgar/data/1637459/000163745920000027/form10-k2019.htm,dei:DocumentFiscalYearFocus,9864,38,0.0038523925385239,241,0.0244322789943227,138,0.0139902676399026,-0.0205798864557988,0.0270681265206812,0.0490673154906731,0.0219991889699918,d19cc2c4c3c0e57d30de09cbbdcbac3c4f4e018f454ab1cda4df7a7089273e24,e2d1328682bab7d2187684fb9f5420bb730401c9eefc00daf835edd203f4859d,
KHC,1637459,Kraft Heinz Co,current,2020,2020-12-26,2021-02-17,0001637459-21-000009,2021-02-17T12:32:36.000Z,https://www.sec.gov/Archives/edgar/data/1637459/000163745921000009/khc-20201226.htm,dei:DocumentFiscalYearFocus,11179,48,0.0042937650952679,260,0.0232578942660345,171,0.0152965381518919,-0.0189641291707666,0.0306825297432686,0.0520619017801234,0.0213793720368548,4f61055d2bf8c000a23b4ef8928f5bf6ddd6a91c3b144961c7903d58893871f2,e2d1328682bab7d2187684fb9f5420bb730401c9eefc00daf835edd203f4859d,
KHC,1637459,Kraft Heinz Co,current,2021,2021-12-25,2022-02-17,0001637459-22-000018,2022-02-17T21:22:45.000Z,https://www.sec.gov/Archives/edgar/data/1637459/000163745922000018/khc-20211225.htm,dei:DocumentFiscalYearFocus,11715,62,0.0052923602219376,277,0.0236448997012377,182,0.0155356380708493,-0.0183525394793,0.0267178830559112,0.050277422108408,0.0235595390524968,2a2b8f3a2f3699308e10994c650f13cbf22d85c4a535b434dd33db63a7368109,e2d1328682bab7d2187684fb9f5420bb730401c9eefc00daf835edd203f4859d,
KHC,1637459,Kraft Heinz Co,current,2022,2022-12-31,2023-02-16,0001637459-23-000009,2023-02-16T12:50:46.000Z,https://www.sec.gov/Archives/edgar/data/1637459/000163745923000009/khc-20221231.htm,dei:DocumentFiscalYearFocus,10634,55,0.0051720895241677,271,0.0254842956554448,154,0.0144818506676697,-0.020312206131277,0.0246379537333082,0.0483355275531314,0.0236975738198232,ed2ceca8ba764eb29a28c73720f63fd1f0588c45e18edeaf774fc1ef6ade1d7b,e2d1328682bab7d2187684fb9f5420bb730401c9eefc00daf835edd203f4859d,
KHC,1637459,Kraft Heinz Co,current,2023,2023-12-30,2024-02-15,0001637459-24-000018,2024-02-15T12:40:33.000Z,https://www.sec.gov/Archives/edgar/data/1637459/000163745924000018/khc-20231230.htm,dei:DocumentFiscalYearFocus,9980,51,0.0051102204408817,239,0.0239478957915831,142,0.0142284569138276,-0.0188376753507014,0.0312625250501002,0.0522044088176352,0.020941883767535,e50fef6676a7f751b08eae19197bc6d39a005539e1c12a563ff032674501962e,e2d1328682bab7d2187684fb9f5420bb730401c9eefc00daf835edd203f4859d,
KHC,1637459,Kraft Heinz Co,current,2024,2024-12-28,2025-02-13,0001637459-25-000011,2025-02-13T12:42:01.000Z,https://www.sec.gov/Archives/edgar/data/1637459/000163745925000011/khc-20241228.htm,dei:DocumentFiscalYearFocus,12451,74,0.0059432977270901,274,0.0220062645570636,153,0.0122881696249297,-0.0160629668299734,0.0318849891574973,0.0509999196851658,0.0191149305276684,fcdc4bec4f73f0a125a6a1e012c7d75551db4f96a37cfa7ff88479f9347c992e,e2d1328682bab7d2187684fb9f5420bb730401c9eefc00daf835edd203f4859d,
KHC,1637459,Kraft Heinz Co,current,2025,2025-12-27,2026-02-12,0001637459-26-000009,2026-02-12T12:36:44.000Z,https://www.sec.gov/Archives/edgar/data/1637459/000163745926000009/khc-20251227.htm,dei:DocumentFiscalYearFocus,10148,52,0.0051241623965313,226,0.0222703981080015,140,0.0137958218368151,-0.0171462357114702,0.0308435159637366,0.0505518328734726,0.0197083169097359,726b10f631c0f5b70fa77015095773754d1effbb82d738696e746524b687fdf0,e2d1328682bab7d2187684fb9f5420bb730401c9eefc00daf835edd203f4859d,
KKR,1404912,KKR & Co. Inc.,current,2016,2016-12-31,2017-02-24,0001404912-17-000005,2017-02-24T21:33:50.000Z,https://www.sec.gov/Archives/edgar/data/1404912/000140491217000005/kkr-2016123110xk.htm,cover_fiscal_year_ended,38244,263,0.0068768957222047,459,0.0120018826482585,377,0.0098577554649095,-0.0051249869260537,0.0444775651082522,0.0623104277795209,0.0178328626712686,a80b3453df05d9a5a023f85cae6ea7faf174c4b543513458bd5f08b5e701aab5,e2d1328682bab7d2187684fb9f5420bb730401c9eefc00daf835edd203f4859d,
KKR,1404912,KKR & Co. Inc.,current,2017,2017-12-31,2018-02-23,0001404912-18-000005,2018-02-23T21:40:17.000Z,https://www.sec.gov/Archives/edgar/data/1404912/000140491218000005/kkr-2017123110xk.htm,cover_fiscal_year_ended,37405,275,0.0073519582943456,448,0.011977008421334,384,0.0102660072182863,-0.0046250501269883,0.0460098917257051,0.0646704985964443,0.0186606068707392,96322d573a34d88181113e8a82a83a6c66014b0c040bcc52ea3a42e55b80e6d0,e2d1328682bab7d2187684fb9f5420bb730401c9eefc00daf835edd203f4859d,
KKR,1404912,KKR & Co. Inc.,current,2018,2018-12-31,2019-02-15,0001404912-19-000006,2019-02-15T21:57:52.000Z,https://www.sec.gov/Archives/edgar/data/1404912/000140491219000006/kkr-2018123110xk.htm,cover_fiscal_year_ended,31846,186,0.0058406079256421,309,0.0097029454248571,321,0.0100797588394146,-0.0038623374992149,0.0488601394209633,0.066036550901212,0.0171764114802486,9390a3a6a39639ddecbc7fd9b0c9eb05c7f635c591f8e73a6a527e72c2293de5,e2d1328682bab7d2187684fb9f5420bb730401c9eefc00daf835edd203f4859d,
KKR,1404912,KKR & Co. Inc.,current,2019,2019-12-31,2020-02-18,0001404912-20-000006,2020-02-14T23:25:15.000Z,https://www.sec.gov/Archives/edgar/data/1404912/000140491220000006/kkr-2019123110xk.htm,dei:DocumentFiscalYearFocus,24482,134,0.0054734090352095,239,0.0097622743239931,273,0.0111510497508373,-0.0042888652887835,0.0521199248427416,0.0691936933257086,0.017073768482967,bc2b497c2a368838baea1b55d789d9fc2cbc7490c7cd3e46a34abfbe0aac41ca,e2d1328682bab7d2187684fb9f5420bb730401c9eefc00daf835edd203f4859d,
KKR,1404912,KKR & Co. Inc.,current,2020,2020-12-31,2021-02-19,0001404912-21-000008,2021-02-19T21:43:12.000Z,https://www.sec.gov/Archives/edgar/data/1404912/000140491221000008/kkr-20201231.htm,dei:DocumentFiscalYearFocus,24933,138,0.005534833353387,272,0.010909236754502,287,0.0115108490755224,-0.0053744034011149,0.0485300605623069,0.0672201500020053,0.0186900894396983,315b72b1e263f64b493faf638a114c24c1ed6da5b2e7033d5ac43e2e4d944ea7,e2d1328682bab7d2187684fb9f5420bb730401c9eefc00daf835edd203f4859d,
KKR,1404912,KKR & Co. Inc.,current,2021,2021-12-31,2022-02-28,0001404912-22-000004,2022-02-28T11:16:51.000Z,https://www.sec.gov/Archives/edgar/data/1404912/000140491222000004/kkr-20211231.htm,dei:DocumentFiscalYearFocus,36986,230,0.0062185691883415,397,0.0107337911642243,457,0.0123560266046612,-0.0045152219758827,0.047937057264911,0.0669712864327042,0.0190342291677932,1d352caa5780b038d7da34d8668c47e2cc07a0c6ea300bbec38ad5a071c89df1,e2d1328682bab7d2187684fb9f5420bb730401c9eefc00daf835edd203f4859d,
KKR,1404912,KKR & Co. Inc.,current,2022,2022-12-31,2023-02-27,0001404912-23-000005,2023-02-27T22:10:42.000Z,https://www.sec.gov/Archives/edgar/data/1404912/000140491223000005/kkr-20221231.htm,dei:DocumentFiscalYearFocus,40283,215,0.0053372390338356,425,0.010550356229675,480,0.0119156964476329,-0.0052131171958394,0.0501452225504555,0.0670009681503363,0.0168557455998808,69b7bdea9665f5559a578622f4b2767c72b5b92c7c734cc02600fb1dcfdb392d,e2d1328682bab7d2187684fb9f5420bb730401c9eefc00daf835edd203f4859d,
KKR,1404912,KKR & Co. Inc.,current,2023,2023-12-31,2024-02-29,0001404912-24-000005,2024-02-29T21:21:46.000Z,https://www.sec.gov/Archives/edgar/data/1404912/000140491224000005/kkr-20231231.htm,dei:DocumentFiscalYearFocus,41151,216,0.005248961143107,422,0.0102549148258851,520,0.0126363879371096,-0.005005953682778,0.0498165293674515,0.0684552015746883,0.0186386722072367,224df11ee0ef637da3575c6598953a0d88af8516fb95a2e23495916148c0fcae,e2d1328682bab7d2187684fb9f5420bb730401c9eefc00daf835edd203f4859d,
KKR,1404912,KKR & Co. Inc.,current,2024,2024-12-31,2025-02-28,0001404912-25-000015,2025-02-28T21:28:06.000Z,https://www.sec.gov/Archives/edgar/data/1404912/000140491225000015/kkr-20241231.htm,dei:DocumentFiscalYearFocus,39049,224,0.0057363824937898,395,0.0101154959153883,472,0.0120873773976286,-0.0043791134215985,0.0481446387871648,0.0659427898281646,0.0177981510409997,fa29e0b964a8ebcfa1fcc211fc8411758b44a50d05035f6d4f4f2fe00b209b38,e2d1328682bab7d2187684fb9f5420bb730401c9eefc00daf835edd203f4859d,
KKR,1404912,KKR & Co. Inc.,current,2025,2025-12-31,2026-02-27,0001404912-26-000007,2026-02-27T21:39:00.000Z,https://www.sec.gov/Archives/edgar/data/1404912/000140491226000007/kkr-20251231.htm,dei:DocumentFiscalYearFocus,31278,173,0.0055310441844107,280,0.0089519790267919,421,0.0134599398938551,-0.0034209348423812,0.0465183195856512,0.0640705927488969,0.0175522731632457,0802bc1ed9b3932cadaee043c97e02a42863e624bef4a53b963cf09edb9bf9a7,e2d1328682bab7d2187684fb9f5420bb730401c9eefc00daf835edd203f4859d,
KMI,1506307,"KINDER MORGAN, INC.",current,2016,2016-12-31,2017-02-10,0001506307-17-000008,2017-02-10T21:47:08.000Z,https://www.sec.gov/Archives/edgar/data/1506307/000150630717000008/kmi-2016x10k.htm,cover_fiscal_year_ended,14476,43,0.0029704338214976,141,0.0097402597402597,156,0.0107764575849682,-0.006769825918762,0.0427604310583034,0.0625863498203923,0.0198259187620889,0eb6562d1d0d0daace244c5375883cfc9e081bc9be288b432ebad76d98ee9357,e2d1328682bab7d2187684fb9f5420bb730401c9eefc00daf835edd203f4859d,
KMI,1506307,"KINDER MORGAN, INC.",current,2017,2017-12-31,2018-02-09,0001506307-18-000010,2018-02-09T22:10:00.000Z,https://www.sec.gov/Archives/edgar/data/1506307/000150630718000010/kmi-2017x10k.htm,cover_fiscal_year_ended,16810,61,0.0036287923854848,156,0.0092801903628792,194,0.011540749553837,-0.0056513979773944,0.0451516954193932,0.0643069601427721,0.0191552647233789,3f3066113597f4a8d5edab85550695b2b5071d6c9e1d1699866e130bcfd2b5da,e2d1328682bab7d2187684fb9f5420bb730401c9eefc00daf835edd203f4859d,
KMI,1506307,"KINDER MORGAN, INC.",current,2018,2018-12-31,2019-02-08,0001506307-19-000033,2019-02-08T22:34:43.000Z,https://www.sec.gov/Archives/edgar/data/1506307/000150630719000033/kmi-2018x10k.htm,cover_fiscal_year_ended,16171,58,0.0035866674911879,143,0.0088429905386185,178,0.0110073588522664,-0.0052563230474305,0.0437202399356873,0.0635087502318966,0.0197885102962092,80adb6a80b9de858bbb5c25b12696189d3b2fefa9409052f4f3bf4473b693486,e2d1328682bab7d2187684fb9f5420bb730401c9eefc00daf835edd203f4859d,
KMI,1506307,"KINDER MORGAN, INC.",current,2019,2019-12-31,2020-02-12,0001506307-20-000022,2020-02-12T00:42:37.000Z,https://www.sec.gov/Archives/edgar/data/1506307/000150630720000022/kmi-2019x10k.htm,dei:DocumentFiscalYearFocus,12422,48,0.0038641120592497,105,0.0084527451296087,154,0.0123973595234261,-0.004588633070359,0.04274673965545,0.0623893092899694,0.0196425696345194,26e6d41e75e97765bc25005755a13ddebb2efbee495a1083e401c42fd9de5085,e2d1328682bab7d2187684fb9f5420bb730401c9eefc00daf835edd203f4859d,
KMI,1506307,"KINDER MORGAN, INC.",current,2020,2020-12-31,2021-02-05,0001506307-21-000022,2021-02-05T22:06:31.000Z,https://www.sec.gov/Archives/edgar/data/1506307/000150630721000022/kmi-20201231.htm,dei:DocumentFiscalYearFocus,13395,50,0.003732736095558,146,0.0108995893990294,172,0.0128406121687196,-0.0071668533034714,0.0373273609555804,0.0589025755879059,0.0215752146323254,9a875e387dc5795940e0be16a6f8e394a7ec8863db9f3d5324ff618888b1d178,e2d1328682bab7d2187684fb9f5420bb730401c9eefc00daf835edd203f4859d,
KMI,1506307,"KINDER MORGAN, INC.",current,2021,2021-12-31,2022-02-07,0001506307-22-000018,2022-02-07T22:03:15.000Z,https://www.sec.gov/Archives/edgar/data/1506307/000150630722000018/kmi-20211231.htm,dei:DocumentFiscalYearFocus,12404,41,0.0033053853595614,127,0.0102386326991293,148,0.0119316349564656,-0.0069332473395678,0.0374879071267333,0.0581264108352144,0.0206385037084811,655e258026d8d2c62617d666fe87e9fa6d58c213e204a1b2a46da503223ee57e,e2d1328682bab7d2187684fb9f5420bb730401c9eefc00daf835edd203f4859d,
KMI,1506307,"KINDER MORGAN, INC.",current,2022,2022-12-31,2023-02-08,0001506307-23-000023,2023-02-08T21:33:03.000Z,https://www.sec.gov/Archives/edgar/data/1506307/000150630723000023/kmi-20221231.htm,dei:DocumentFiscalYearFocus,10154,37,0.0036438841835729,99,0.0097498522749655,116,0.0114240693322828,-0.0061059680913925,0.0382115422493598,0.0584991136497931,0.0202875714004333,70b8906677f875d2a2b76ebd99f168d629693a738051408787501cb2949dc396,e2d1328682bab7d2187684fb9f5420bb730401c9eefc00daf835edd203f4859d,
KMI,1506307,"KINDER MORGAN, INC.",current,2023,2023-12-31,2024-02-20,0001506307-24-000011,2024-02-20T13:56:07.000Z,https://www.sec.gov/Archives/edgar/data/1506307/000150630724000011/kmi-20231231.htm,dei:DocumentFiscalYearFocus,11300,54,0.0047787610619469,130,0.011504424778761,128,0.0113274336283185,-0.0067256637168141,0.0422123893805309,0.0611504424778761,0.0189380530973451,28855315debe0c0ffcd5f929a18bd6420ccd93032b93a231b38c929e7b426149,e2d1328682bab7d2187684fb9f5420bb730401c9eefc00daf835edd203f4859d,
KMI,1506307,"KINDER MORGAN, INC.",current,2024,2024-12-31,2025-02-13,0001506307-25-000008,2025-02-13T22:22:04.000Z,https://www.sec.gov/Archives/edgar/data/1506307/000150630725000008/kmi-20241231.htm,dei:DocumentFiscalYearFocus,10537,40,0.0037961469108854,101,0.0095852709499857,124,0.0117680554237449,-0.0057891240391003,0.041093290310335,0.0599791211919901,0.0188858308816551,859a9ee56faf44ab3910c8428ea915806afdd656b928a2ea722abf1dde393cd3,e2d1328682bab7d2187684fb9f5420bb730401c9eefc00daf835edd203f4859d,
KMI,1506307,"KINDER MORGAN, INC.",current,2025,2025-12-31,2026-02-13,0001506307-26-000011,2026-02-13T21:11:46.000Z,https://www.sec.gov/Archives/edgar/data/1506307/000150630726000011/kmi-20251231.htm,dei:DocumentFiscalYearFocus,9195,38,0.0041326808047852,69,0.0075040783034257,116,0.0126155519303969,-0.0033713974986405,0.0417618270799347,0.0600326264274062,0.0182707993474714,ae76f278ea255bbe7ee8743aa794fcd9d2ff12448a83bced277ca251e7ac6b09,e2d1328682bab7d2187684fb9f5420bb730401c9eefc00daf835edd203f4859d,
LNG,3570,"Cheniere Energy, Inc.",current,2016,2016-12-31,2017-02-24,0000003570-17-000052,2017-02-24T21:04:19.000Z,https://www.sec.gov/Archives/edgar/data/3570/000000357017000052/cei2016form10-k.htm,cover_fiscal_year_ended,13736,47,0.0034216656959813,137,0.0099737914967967,165,0.0120122306348281,-0.0065521258008153,0.0400407687827606,0.0543098427489807,0.0142690739662201,25e7f5cbec9b93fbbd29775bca3f033f40c99b1dff0510cedc5b5cf96d08c102,e2d1328682bab7d2187684fb9f5420bb730401c9eefc00daf835edd203f4859d,
LNG,3570,"Cheniere Energy, Inc.",current,2017,2017-12-31,2018-02-21,0000003570-18-000031,2018-02-20T23:09:15.000Z,https://www.sec.gov/Archives/edgar/data/3570/000000357018000031/cei2017form10-k.htm,cover_fiscal_year_ended,14631,52,0.0035540974642881,126,0.0086118515480828,153,0.0104572483083863,-0.0050577540837946,0.0404620326703574,0.0524912856264096,0.0120292529560522,7e1da7869397714743efd4bbe078de62703787a1343337e74ff1a55665940c64,e2d1328682bab7d2187684fb9f5420bb730401c9eefc00daf835edd203f4859d,
LNG,3570,"Cheniere Energy, Inc.",current,2018,2018-12-31,2019-02-26,0000003570-19-000030,2019-02-25T22:34:45.000Z,https://www.sec.gov/Archives/edgar/data/3570/000000357019000030/cei2018form10-k.htm,cover_fiscal_year_ended,14088,50,0.003549119818285,98,0.0069562748438387,141,0.0100085178875638,-0.0034071550255536,0.0412407722884724,0.0525269733106189,0.0112862010221465,8dd563cfa99680558913961d17ad3a35d40527555710a0534fef14a12a156e83,e2d1328682bab7d2187684fb9f5420bb730401c9eefc00daf835edd203f4859d,
LNG,3570,"Cheniere Energy, Inc.",current,2019,2019-12-31,2020-02-25,0000003570-20-000043,2020-02-24T23:47:35.000Z,https://www.sec.gov/Archives/edgar/data/3570/000000357020000043/cei2019form10k.htm,dei:DocumentFiscalYearFocus,14345,57,0.0039735099337748,114,0.0079470198675496,147,0.0102474729871035,-0.0039735099337748,0.0478912513070756,0.058766120599512,0.0108748692924363,cd745ca104534ee4432ca3023d9e5333fb4293aa57eb25cc1e260b79da642088,e2d1328682bab7d2187684fb9f5420bb730401c9eefc00daf835edd203f4859d,
LNG,3570,"Cheniere Energy, Inc.",current,2020,2020-12-31,2021-02-24,0000003570-21-000039,2021-02-24T00:37:46.000Z,https://www.sec.gov/Archives/edgar/data/3570/000000357021000039/lng-20201231.htm,dei:DocumentFiscalYearFocus,15176,43,0.0028334211913547,121,0.0079731154454401,160,0.0105429625724828,-0.0051396942540853,0.0459277807063784,0.0596336320506062,0.0137058513442277,4c3d8a7b906d41920bd16269df19db42ec70db7d0ee37f6b781b6f939b13aec5,e2d1328682bab7d2187684fb9f5420bb730401c9eefc00daf835edd203f4859d,
LNG,3570,"Cheniere Energy, Inc.",current,2021,2021-12-31,2022-02-24,0000003570-22-000024,2022-02-24T02:37:19.000Z,https://www.sec.gov/Archives/edgar/data/3570/000000357022000024/lng-20211231.htm,dei:DocumentFiscalYearFocus,9601,47,0.0048953234038121,62,0.0064576606603478,133,0.0138527236746172,-0.0015623372565357,0.0436412873658993,0.0572856994063118,0.0136444120404124,85ddeb4678de9a0f05e19516de0006470407316398243a5768ec3383a2cbcae6,e2d1328682bab7d2187684fb9f5420bb730401c9eefc00daf835edd203f4859d,
LNG,3570,"Cheniere Energy, Inc.",current,2022,2022-12-31,2023-02-23,0000003570-23-000042,2023-02-23T00:49:28.000Z,https://www.sec.gov/Archives/edgar/data/3570/000000357023000042/lng-20221231.htm,dei:DocumentFiscalYearFocus,10163,41,0.0040342418577191,78,0.0076748991439535,156,0.0153497982879071,-0.0036406572862343,0.0424087375774869,0.0583489127226212,0.0159401751451343,c6ee25af56ff3dc2054d2ef97f6211b6f86b8ba37f47ca376ce45b8805525af5,e2d1328682bab7d2187684fb9f5420bb730401c9eefc00daf835edd203f4859d,
LNG,3570,"Cheniere Energy, Inc.",current,2023,2023-12-31,2024-02-22,0000003570-24-000040,2024-02-21T22:34:43.000Z,https://www.sec.gov/Archives/edgar/data/3570/000000357024000040/lng-20231231.htm,dei:DocumentFiscalYearFocus,9192,55,0.0059834638816362,66,0.0071801566579634,186,0.0202349869451697,-0.0011966927763272,0.0400348128807658,0.0563533507397737,0.0163185378590078,40c434b3df7fe653ef52d7bed1c4c5c59e89e001362b6539085f09967302aa56,e2d1328682bab7d2187684fb9f5420bb730401c9eefc00daf835edd203f4859d,
LNG,3570,"Cheniere Energy, Inc.",current,2024,2024-12-31,2025-02-20,0000003570-25-000033,2025-02-19T22:42:49.000Z,https://www.sec.gov/Archives/edgar/data/3570/000000357025000033/lng-20241231.htm,dei:DocumentFiscalYearFocus,8168,51,0.0062438785504407,57,0.0069784524975514,157,0.0192213516160626,-0.0007345739471106,0.0422380019588638,0.0583986287952987,0.0161606268364348,38c84d3e046c8aaa0c576cf8a6e25a2216204b5156789305a0195a38c72fc0ad,e2d1328682bab7d2187684fb9f5420bb730401c9eefc00daf835edd203f4859d,
LNG,3570,"Cheniere Energy, Inc.",current,2025,2025-12-31,2026-02-26,0000003570-26-000005,2026-02-25T23:14:34.000Z,https://www.sec.gov/Archives/edgar/data/3570/000000357026000005/lng-20251231.htm,dei:DocumentFiscalYearFocus,9121,68,0.007455322881263,52,0.0057011292621423,144,0.0157877425720863,0.0017541936191207,0.0485692358294046,0.0624931476811753,0.0139239118517706,2ea5e41aba5f1aa403fd2e1faf273300af872ecca4751a565e261e3d6a749197,e2d1328682bab7d2187684fb9f5420bb730401c9eefc00daf835edd203f4859d,
LRCX,707549,LAM RESEARCH CORP,current,2016,2016-06-26,2016-08-17,0000707549-16-000050,2016-08-16T23:26:13.000Z,https://www.sec.gov/Archives/edgar/data/707549/000070754916000050/lrcx_10kx2016xdocument.htm,cover_fiscal_year_ended,8170,38,0.0046511627906976,98,0.0119951040391676,106,0.0129742962056303,-0.00734394124847,0.0399020807833537,0.0583843329253365,0.0184822521419828,a0a38f0523fba54317122d3f66afe9ffec060b8e526fcc8b5095c865a15fb005,e2d1328682bab7d2187684fb9f5420bb730401c9eefc00daf835edd203f4859d,
LRCX,707549,LAM RESEARCH CORP,current,2017,2017-06-25,2017-08-15,0000707549-17-000100,2017-08-15T20:08:17.000Z,https://www.sec.gov/Archives/edgar/data/707549/000070754917000100/lrcx_10kx2017xdocument.htm,cover_fiscal_year_ended,7354,39,0.0053032363339679,94,0.0127821593690508,97,0.0131901006255099,-0.0074789230350829,0.0418819689964645,0.0606472667935817,0.0187652977971172,497007bf9af17b8011eca877fdb9f88f1dd0a7d81243763168625ad94927995a,e2d1328682bab7d2187684fb9f5420bb730401c9eefc00daf835edd203f4859d,
LRCX,707549,LAM RESEARCH CORP,current,2018,2018-06-24,2018-08-14,0000707549-18-000115,2018-08-14T20:18:51.000Z,https://www.sec.gov/Archives/edgar/data/707549/000070754918000115/lrcx_10kx2018xdocument.htm,cover_fiscal_year_ended,7763,42,0.0054102795311091,74,0.0095323972690969,109,0.0140409635450212,-0.0041221177379878,0.0391601185108849,0.0555197732835244,0.0163596547726394,004620766615bcb1471c9776526f9d77536e3af813a627d2bb7b102504141e28,e2d1328682bab7d2187684fb9f5420bb730401c9eefc00daf835edd203f4859d,
LRCX,707549,LAM RESEARCH CORP,current,2019,2019-06-30,2019-08-20,0000707549-19-000124,2019-08-20T20:15:59.000Z,https://www.sec.gov/Archives/edgar/data/707549/000070754919000124/lrcx10k2019document.htm,dei:DocumentFiscalYearFocus,7139,37,0.0051827987113041,61,0.0085446140916094,109,0.0152682448522202,-0.0033618153803053,0.0317971704720549,0.0501470794228883,0.0183499089508334,7638801f516100b2945cadee69c800d16435d8b7cfed07ee8c13d22c82101359,e2d1328682bab7d2187684fb9f5420bb730401c9eefc00daf835edd203f4859d,
LRCX,707549,LAM RESEARCH CORP,current,2020,2020-06-28,2020-08-18,0000707549-20-000138,2020-08-18T20:30:43.000Z,https://www.sec.gov/Archives/edgar/data/707549/000070754920000138/lrcx10k2020document.htm,dei:DocumentFiscalYearFocus,7257,38,0.0052363235496761,71,0.0097836571586054,109,0.0150199807082816,-0.0045473336089293,0.0296265674521152,0.0508474576271186,0.0212208901750034,38d69dc84111e643bf0d5a4dbe1dfa49d6fbdea99d47e40baf2ae92bd74029f7,e2d1328682bab7d2187684fb9f5420bb730401c9eefc00daf835edd203f4859d,
LRCX,707549,LAM RESEARCH CORP,current,2021,2021-06-27,2021-08-17,0000707549-21-000136,2021-08-17T20:06:57.000Z,https://www.sec.gov/Archives/edgar/data/707549/000070754921000136/lrcx-20210627.htm,dei:DocumentFiscalYearFocus,7023,36,0.0051260145237078,56,0.0079738003702121,95,0.0135269827708956,-0.0028477858465043,0.0326071479424747,0.0526840381603303,0.0200768902178556,a320598089623f1d15580078a482a5ccb3e10dc93a9ed2727fd4879447a97d96,e2d1328682bab7d2187684fb9f5420bb730401c9eefc00daf835edd203f4859d,
LRCX,707549,LAM RESEARCH CORP,current,2022,2022-06-26,2022-08-24,0000707549-22-000107,2022-08-24T20:09:20.000Z,https://www.sec.gov/Archives/edgar/data/707549/000070754922000107/lrcx-20220626.htm,dei:DocumentFiscalYearFocus,5188,33,0.0063608326908249,41,0.0079028527370855,71,0.0136854279105628,-0.0015420200462606,0.0314186584425597,0.0522359290670778,0.0208172706245181,8041362fc1e5a803c5f9be4195e28dfac0d99d16243bf920b8ba140f945e57dd,e2d1328682bab7d2187684fb9f5420bb730401c9eefc00daf835edd203f4859d,
LRCX,707549,LAM RESEARCH CORP,current,2023,2023-06-25,2023-08-15,0000707549-23-000102,2023-08-15T20:04:08.000Z,https://www.sec.gov/Archives/edgar/data/707549/000070754923000102/lrcx-20230625.htm,dei:DocumentFiscalYearFocus,5396,41,0.0075982209043736,52,0.0096367679762787,78,0.014455151964418,-0.0020385470719051,0.0320607857672349,0.0522609340252038,0.0202001482579688,e0a06685eb7df2c43db9f2a2e6a9b7b5d994067e2a2a24e8be4112314ee5eff6,e2d1328682bab7d2187684fb9f5420bb730401c9eefc00daf835edd203f4859d,
LRCX,707549,LAM RESEARCH CORP,current,2024,2024-06-30,2024-08-29,0000707549-24-000106,2024-08-29T18:10:55.000Z,https://www.sec.gov/Archives/edgar/data/707549/000070754924000106/lrcx-20240630.htm,dei:DocumentFiscalYearFocus,4148,38,0.0091610414657666,34,0.0081967213114754,62,0.0149469623915139,0.0009643201542912,0.0282063645130183,0.0501446480231436,0.0219382835101253,0f7c93bf24188aebfd9bff88b506caed6356357fe836c265d5a9afd9ec737407,e2d1328682bab7d2187684fb9f5420bb730401c9eefc00daf835edd203f4859d,
LRCX,707549,LAM RESEARCH CORP,current,2025,2025-06-29,2025-08-11,0000707549-25-000075,2025-08-11T20:35:11.000Z,https://www.sec.gov/Archives/edgar/data/707549/000070754925000075/lrcx-20250629.htm,dei:DocumentFiscalYearFocus,4325,39,0.0090173410404624,31,0.0071676300578034,58,0.0134104046242774,0.0018497109826589,0.0305202312138728,0.0524855491329479,0.0219653179190751,4570a14e18015a50ce716c4c367acd7561ccbecfaa2204d89be241a7ae6bf30f,e2d1328682bab7d2187684fb9f5420bb730401c9eefc00daf835edd203f4859d,
LVS,1300514,LAS VEGAS SANDS CORP,current,2016,2016-12-31,2017-02-24,0001300514-17-000005,2017-02-24T21:24:52.000Z,https://www.sec.gov/Archives/edgar/data/1300514/000130051417000005/lvs-20161231x10k.htm,cover_fiscal_year_ended,12001,84,0.0069994167152737,111,0.0092492292308974,124,0.0103324722939755,-0.0022498125156236,0.0330805766186151,0.0495792017331889,0.0164986251145737,a0148401ffa8302c6d34fc0077cae432d25eb439a76937fcf9eeaa197099f9c1,e2d1328682bab7d2187684fb9f5420bb730401c9eefc00daf835edd203f4859d,
LVS,1300514,LAS VEGAS SANDS CORP,current,2017,2017-12-31,2018-02-23,0001300514-18-000022,2018-02-23T21:14:21.000Z,https://www.sec.gov/Archives/edgar/data/1300514/000130051418000022/lvs-20171231x10k.htm,cover_fiscal_year_ended,12436,94,0.0075587005467996,107,0.0086040527500804,123,0.0098906400771952,-0.0010453522032807,0.0351399163718237,0.0514634930845931,0.0163235767127693,5e065ece57fcef68d2509d116980ee5b5621a9e4566d41cfa88b203171e37f23,e2d1328682bab7d2187684fb9f5420bb730401c9eefc00daf835edd203f4859d,
LVS,1300514,LAS VEGAS SANDS CORP,current,2018,2018-12-31,2019-02-22,0001300514-19-000021,2019-02-22T21:04:56.000Z,https://www.sec.gov/Archives/edgar/data/1300514/000130051419000021/lvs-20181231x10k.htm,cover_fiscal_year_ended,12705,90,0.0070838252656434,104,0.008185753640299,116,0.0091302636757182,-0.0011019283746556,0.033844942935852,0.0510035419126328,0.0171585989767807,fc450da966d8376f63185e13af07bb5b624d40e58d60cdcced65afceed2d715c,e2d1328682bab7d2187684fb9f5420bb730401c9eefc00daf835edd203f4859d,
LVS,1300514,LAS VEGAS SANDS CORP,current,2019,2019-12-31,2020-02-07,0001300514-20-000011,2020-02-07T22:14:01.000Z,https://www.sec.gov/Archives/edgar/data/1300514/000130051420000011/lvs-20191231x10k.htm,dei:DocumentFiscalYearFocus,9725,73,0.0075064267352185,97,0.0099742930591259,113,0.0116195372750642,-0.0024678663239074,0.0306426735218508,0.0489460154241645,0.0183033419023136,aea2edb76e7708f432af7839cd7f2a8ddc04b9a9d761b506bfc708e0c9c85eaf,e2d1328682bab7d2187684fb9f5420bb730401c9eefc00daf835edd203f4859d,
LVS,1300514,LAS VEGAS SANDS CORP,current,2020,2020-12-31,2021-02-05,0001300514-21-000033,2021-02-05T21:49:15.000Z,https://www.sec.gov/Archives/edgar/data/1300514/000130051421000033/lvs-20201231.htm,dei:DocumentFiscalYearFocus,11523,70,0.0060748069079232,148,0.0128438774624663,128,0.0111082183459168,-0.006769070554543,0.0206543434869391,0.0400937255922936,0.0194393821053545,03a799052358695a640a31b3d27ebf874eb807ece13aad4ecc807ec98bb8dc0b,e2d1328682bab7d2187684fb9f5420bb730401c9eefc00daf835edd203f4859d,
LVS,1300514,LAS VEGAS SANDS CORP,current,2021,2021-12-31,2022-02-04,0001300514-22-000007,2022-02-04T21:29:50.000Z,https://www.sec.gov/Archives/edgar/data/1300514/000130051422000007/lvs-20211231.htm,dei:DocumentFiscalYearFocus,12286,72,0.0058603288295621,161,0.0131043464105485,135,0.0109881165554289,-0.0072440175809864,0.0253947582614357,0.0444408269575126,0.0190460686960768,aae962f1792302e51060a51769a0b0880c6808c24483ef964e83dccd7fd3d471,e2d1328682bab7d2187684fb9f5420bb730401c9eefc00daf835edd203f4859d,
LVS,1300514,LAS VEGAS SANDS CORP,current,2022,2022-12-31,2023-02-03,0001300514-23-000021,2023-02-03T21:02:55.000Z,https://www.sec.gov/Archives/edgar/data/1300514/000130051423000021/lvs-20221231.htm,dei:DocumentFiscalYearFocus,13019,68,0.0052231354174667,138,0.010599892464859,133,0.0102158383900453,-0.0053767570473922,0.0283431907212535,0.045164759198095,0.0168215684768415,5de0c147ccbcf4f9d672374709fbcdba9921a8b79ba89cd2b3398258a41c5854,e2d1328682bab7d2187684fb9f5420bb730401c9eefc00daf835edd203f4859d,
LVS,1300514,LAS VEGAS SANDS CORP,current,2023,2023-12-31,2024-02-07,0001300514-24-000048,2024-02-07T21:47:16.000Z,https://www.sec.gov/Archives/edgar/data/1300514/000130051424000048/lvs-20231231.htm,dei:DocumentFiscalYearFocus,11123,60,0.0053942281758518,104,0.0093499955048098,111,0.0099793221253259,-0.003955767328958,0.0358716173694147,0.0511552638676616,0.0152836464982468,b7cf12808d0d3709457e63b2a47957f61cbc3702bb9bd951f091e443668840c8,e2d1328682bab7d2187684fb9f5420bb730401c9eefc00daf835edd203f4859d,
LVS,1300514,LAS VEGAS SANDS CORP,current,2024,2024-12-31,2025-02-07,0001300514-25-000040,2025-02-07T22:11:18.000Z,https://www.sec.gov/Archives/edgar/data/1300514/000130051425000040/lvs-20241231.htm,dei:DocumentFiscalYearFocus,11207,66,0.0058891764076023,106,0.0094583742303917,139,0.0124029624341929,-0.0035691978227893,0.0355135183367538,0.0515749085393057,0.0160613902025519,be04479faf656970c985f3bb3dbd5c942f14b1a54b83cdeb30ed074ea496a6fc,e2d1328682bab7d2187684fb9f5420bb730401c9eefc00daf835edd203f4859d,
LVS,1300514,LAS VEGAS SANDS CORP,current,2025,2025-12-31,2026-02-06,0001300514-26-000013,2026-02-06T21:45:07.000Z,https://www.sec.gov/Archives/edgar/data/1300514/000130051426000013/lvs-20251231.htm,dei:DocumentFiscalYearFocus,11097,65,0.0058574389474632,113,0.0101829323240515,150,0.0135171668018383,-0.0043254933765882,0.0337028025592502,0.0508245471749121,0.0171217446156618,bc2a62b806ca1105be765cd226166d6ba067c7b0f7fa6cd60cd341130afddd3a,e2d1328682bab7d2187684fb9f5420bb730401c9eefc00daf835edd203f4859d,
LYV,1335258,"Live Nation Entertainment, Inc.",current,2016,2016-12-31,2017-02-23,0001335258-17-000031,2017-02-23T21:34:33.000Z,https://www.sec.gov/Archives/edgar/data/1335258/000133525817000031/lyv-20161231x10k.htm,cover_fiscal_year_ended,12685,72,0.0056759952700039,138,0.0108789909341742,193,0.0152148206543161,-0.0052029956641702,0.0379188017343318,0.0562081198265668,0.0182893180922349,8dd1427c841c87d31496141f729351504894c730f2a7f5d5b63ef56bd9f91265,e2d1328682bab7d2187684fb9f5420bb730401c9eefc00daf835edd203f4859d,
LYV,1335258,"Live Nation Entertainment, Inc.",current,2017,2017-12-31,2018-02-27,0001335258-18-000023,2018-02-27T21:35:53.000Z,https://www.sec.gov/Archives/edgar/data/1335258/000133525818000023/lyv-20171231x10k.htm,cover_fiscal_year_ended,13308,74,0.0055605650736399,131,0.0098437030357679,196,0.0147279831680192,-0.004283137962128,0.0377216711752329,0.0561316501352569,0.018409978960024,582a4ec92df37a472271cbf4508120da958f5d96f9058c71b104e5022e68ef1e,e2d1328682bab7d2187684fb9f5420bb730401c9eefc00daf835edd203f4859d,
LYV,1335258,"Live Nation Entertainment, Inc.",current,2018,2018-12-31,2019-02-28,0001335258-19-000024,2019-02-28T21:48:26.000Z,https://www.sec.gov/Archives/edgar/data/1335258/000133525819000024/lyv-20181231x10k.htm,cover_fiscal_year_ended,12805,70,0.0054666146036704,127,0.0099180007809449,180,0.0140570089808668,-0.0044513861772745,0.0399062866067942,0.0573213588442014,0.0174150722374072,ea2ecf9e28513ade4a5ced0833e8c1433d8df1fe41d23c1fe0de7d917d87e324,e2d1328682bab7d2187684fb9f5420bb730401c9eefc00daf835edd203f4859d,
LYV,1335258,"Live Nation Entertainment, Inc.",current,2019,2019-12-31,2020-02-27,0001335258-20-000028,2020-02-27T21:32:47.000Z,https://www.sec.gov/Archives/edgar/data/1335258/000133525820000028/lyv-20191231.htm,dei:DocumentFiscalYearFocus,11564,54,0.0046696644759598,123,0.0106364579730197,185,0.0159979245935662,-0.0059667934970598,0.037097890003459,0.0545658941542718,0.0174680041508128,52f4f0b893ec94eb299b1cc82e87df1af88f1e4293b08eb915e558ca40f6620e,e2d1328682bab7d2187684fb9f5420bb730401c9eefc00daf835edd203f4859d,
LYV,1335258,"Live Nation Entertainment, Inc.",current,2020,2020-12-31,2021-03-01,0001335258-21-000009,2021-03-01T21:51:51.000Z,https://www.sec.gov/Archives/edgar/data/1335258/000133525821000009/lyv-20201231.htm,dei:DocumentFiscalYearFocus,9585,31,0.0032342201356285,141,0.0147104851330203,146,0.0152321335419926,-0.0114762649973917,0.0225352112676056,0.0454877412623891,0.0229525299947835,07937ee46bb587ba264df92043c4bf099ca956066e35bfc5a6c1f16501fbeb9d,e2d1328682bab7d2187684fb9f5420bb730401c9eefc00daf835edd203f4859d,
LYV,1335258,"Live Nation Entertainment, Inc.",current,2021,2021-12-31,2022-02-23,0001335258-22-000019,2022-02-23T21:33:45.000Z,https://www.sec.gov/Archives/edgar/data/1335258/000133525822000019/lyv-20211231.htm,dei:DocumentFiscalYearFocus,10398,65,0.0062512021542604,116,0.011155991536834,151,0.0145220234660511,-0.0049047893825735,0.0325062512021542,0.0528947874591267,0.0203885362569724,42af27869e987330763cb3ece5779d52fe082b1d1c212bc124cb2cb1e86c8c54,e2d1328682bab7d2187684fb9f5420bb730401c9eefc00daf835edd203f4859d,
LYV,1335258,"Live Nation Entertainment, Inc.",current,2022,2022-12-31,2023-02-23,0001335258-23-000014,2023-02-23T21:46:35.000Z,https://www.sec.gov/Archives/edgar/data/1335258/000133525823000014/lyv-20221231.htm,dei:DocumentFiscalYearFocus,8735,47,0.0053806525472238,82,0.0093875214653692,119,0.0136233543216943,-0.0040068689181453,0.0328563251287922,0.0528906697195191,0.0200343445907269,540ac20e62b5e8ef8042f6a53eb2d687495a4d187c107f5f7ef9d48e269d0699,e2d1328682bab7d2187684fb9f5420bb730401c9eefc00daf835edd203f4859d,
LYV,1335258,"Live Nation Entertainment, Inc.",current,2023,2023-12-31,2024-02-22,0001335258-24-000017,2024-02-22T21:34:57.000Z,https://www.sec.gov/Archives/edgar/data/1335258/000133525824000017/lyv-20231231.htm,dei:DocumentFiscalYearFocus,8372,43,0.0051361681796464,72,0.0086000955566172,118,0.0140946010511227,-0.0034639273769708,0.0354753941710463,0.0543478260869565,0.0188724319159101,4174aaa39701a0f9a38227d9371cc35f898324ca836262ec6c25f6d0c7b7d6bd,e2d1328682bab7d2187684fb9f5420bb730401c9eefc00daf835edd203f4859d,
LYV,1335258,"Live Nation Entertainment, Inc.",current,2024,2024-12-31,2025-02-21,0001335258-25-000028,2025-02-20T22:39:17.000Z,https://www.sec.gov/Archives/edgar/data/1335258/000133525825000028/lyv-20241231.htm,dei:DocumentFiscalYearFocus,8651,40,0.0046237429198936,80,0.0092474858397873,128,0.0147959773436596,-0.0046237429198936,0.0352560397641891,0.053866605016761,0.0186105652525719,51bfbd8be23ee834158578e216fb61799a2a9ef012123c92a27a9163ca1963b8,e2d1328682bab7d2187684fb9f5420bb730401c9eefc00daf835edd203f4859d,
LYV,1335258,"Live Nation Entertainment, Inc.",current,2025,2025-12-31,2026-02-19,0001335258-26-000009,2026-02-19T21:42:58.000Z,https://www.sec.gov/Archives/edgar/data/1335258/000133525826000009/lyv-20251231.htm,dei:DocumentFiscalYearFocus,8365,41,0.0049013747758517,77,0.009205020920502,112,0.0133891213389121,-0.0043036461446503,0.0347878063359234,0.0533173939031679,0.0185295875672444,83172acacc29d5fa1ee6642c6522ba526cf69035d92bc4bb9d3257523cfbd166,e2d1328682bab7d2187684fb9f5420bb730401c9eefc00daf835edd203f4859d,
MDLZ,1103982,"Mondelez International, Inc.",current,2016,2016-12-31,2017-02-24,0001193125-17-055858,2017-02-24T18:04:38.000Z,https://www.sec.gov/Archives/edgar/data/1103982/000119312517055858/d288385d10k.htm,cover_fiscal_year_ended,19538,214,0.010953014638141,531,0.0271778073497799,217,0.0111065615723206,-0.0162247927116388,0.020217013000307,0.0392568328385709,0.0190398198382638,dcf77f71be6f0addcbd25ad0e81e003fc567e7ab5c16b0ac87e397f70c3f6b4f,e2d1328682bab7d2187684fb9f5420bb730401c9eefc00daf835edd203f4859d,
MDLZ,1103982,"Mondelez International, Inc.",current,2017,2017-12-31,2018-02-09,0001193125-18-037332,2018-02-09T15:33:19.000Z,https://www.sec.gov/Archives/edgar/data/1103982/000119312518037332/d466496d10k.htm,cover_fiscal_year_ended,18903,207,0.0109506427551182,505,0.0267153361900227,230,0.0121673808390202,-0.0157646934349045,0.0223774004126329,0.0433264561180764,0.0209490557054435,dcb0cf9da3a5f6a0486345d04198e34b52e5c1fae711046e36366400975ff3c7,e2d1328682bab7d2187684fb9f5420bb730401c9eefc00daf835edd203f4859d,
MDLZ,1103982,"Mondelez International, Inc.",current,2018,2018-12-31,2019-02-08,0001103982-19-000005,2019-02-08T15:34:04.000Z,https://www.sec.gov/Archives/edgar/data/1103982/000110398219000005/mdlz10k123118document.htm,dei:DocumentFiscalYearFocus,17338,203,0.0117083862037143,401,0.0231283885107855,220,0.0126888914523013,-0.0114200023070711,0.0274541469604337,0.050467181912562,0.0230130349521282,c3366bdc681354db8d240a7c486334274292516606408f7f4abd28b985f39a09,e2d1328682bab7d2187684fb9f5420bb730401c9eefc00daf835edd203f4859d,
MDLZ,1103982,"Mondelez International, Inc.",current,2019,2019-12-31,2020-02-07,0001103982-20-000003,2020-02-07T16:22:43.000Z,https://www.sec.gov/Archives/edgar/data/1103982/000110398220000003/mdlz10k123119document1.htm,dei:DocumentFiscalYearFocus,16928,189,0.0111649338374291,375,0.0221526465028355,207,0.0122282608695652,-0.0109877126654064,0.0301275992438563,0.0510987712665406,0.0209711720226843,8fe5687601ecf8af85cf1e67a56047b68fb2aeada2073db2e57eafa71f271f50,e2d1328682bab7d2187684fb9f5420bb730401c9eefc00daf835edd203f4859d,
MDLZ,1103982,"Mondelez International, Inc.",current,2020,2020-12-31,2021-02-05,0001103982-21-000004,2021-02-05T15:23:42.000Z,https://www.sec.gov/Archives/edgar/data/1103982/000110398221000004/mdlz-20201231.htm,dei:DocumentFiscalYearFocus,19431,220,0.0113221141474962,434,0.0223354433636971,246,0.0126601821831094,-0.0110133292162009,0.0297462817147856,0.0510009778189491,0.0212546961041634,33a2bf30df4c755c12f2c1bc7d720592f5af96924670ec5e2b1b31679339064d,e2d1328682bab7d2187684fb9f5420bb730401c9eefc00daf835edd203f4859d,
MDLZ,1103982,"Mondelez International, Inc.",current,2021,2021-12-31,2022-02-04,0001103982-22-000003,2022-02-04T18:40:11.000Z,https://www.sec.gov/Archives/edgar/data/1103982/000110398222000003/mdlz-20211231.htm,dei:DocumentFiscalYearFocus,20216,270,0.0133557578155916,422,0.0208745548080728,281,0.0138998812821527,-0.0075187969924812,0.0296299960427384,0.0510981400870597,0.0214681440443213,2b62be0bc7cff770fe9a447fc7262385e1dd53cd54f0f2306cdde6d091011ad2,e2d1328682bab7d2187684fb9f5420bb730401c9eefc00daf835edd203f4859d,
MDLZ,1103982,"Mondelez International, Inc.",current,2022,2022-12-31,2023-02-03,0001103982-23-000006,2023-02-03T17:06:38.000Z,https://www.sec.gov/Archives/edgar/data/1103982/000110398223000006/mdlz-20221231.htm,dei:DocumentFiscalYearFocus,16864,228,0.0135199240986717,354,0.0209914611005692,219,0.0129862428842504,-0.0074715370018975,0.0294710626185958,0.0522414611005692,0.0227703984819734,d4a41f77fcaddd28354239e01400ee8d19b01579e6cb18cae5af1472d9f2eb61,e2d1328682bab7d2187684fb9f5420bb730401c9eefc00daf835edd203f4859d,
MDLZ,1103982,"Mondelez International, Inc.",current,2023,2023-12-31,2024-02-02,0001103982-24-000019,2024-02-02T20:50:24.000Z,https://www.sec.gov/Archives/edgar/data/1103982/000110398224000019/mdlz-20231231.htm,dei:DocumentFiscalYearFocus,14929,206,0.0137986469287963,350,0.0234443030343626,192,0.0128608748074217,-0.0096456561055663,0.0333578940317502,0.0547257016544979,0.0213678076227476,6a7e3ad4f185cc32566dbb4b9296d0a399431c4648dc0907475f618866737d92,e2d1328682bab7d2187684fb9f5420bb730401c9eefc00daf835edd203f4859d,
MDLZ,1103982,"Mondelez International, Inc.",current,2024,2024-12-31,2025-02-05,0001103982-25-000030,2025-02-05T19:52:14.000Z,https://www.sec.gov/Archives/edgar/data/1103982/000110398225000030/mdlz-20241231.htm,dei:DocumentFiscalYearFocus,15761,215,0.0136412664171055,351,0.0222701605228094,212,0.0134509231647738,-0.0086288941057039,0.0320411141425036,0.052407842141996,0.0203667279994924,bcdd734fecd105b9eb18b8de6479a1dcca1a042ed3c7cdeef089764820c70b90,e2d1328682bab7d2187684fb9f5420bb730401c9eefc00daf835edd203f4859d,
MDLZ,1103982,"Mondelez International, Inc.",current,2025,2025-12-31,2026-02-04,0001628280-26-005345,2026-02-04T17:39:46.000Z,https://www.sec.gov/Archives/edgar/data/1103982/000162828026005345/mdlz-20251231.htm,dei:DocumentFiscalYearFocus,11989,114,0.0095087163232963,227,0.018934022854283,175,0.014596713654183,-0.0094253065309867,0.0284427391775794,0.0499624655934606,0.0215197264158812,a213357a262266c49591607b64c5db2353b8e457a48179628e2d0529f16272d7,e2d1328682bab7d2187684fb9f5420bb730401c9eefc00daf835edd203f4859d,
MELI,1099590,MERCADOLIBRE INC,current,2016,2016-12-31,2017-02-24,0001562762-17-000024,2017-02-24T21:31:03.000Z,https://www.sec.gov/Archives/edgar/data/1099590/000156276217000024/meli-20161231x10k.htm,cover_fiscal_year_ended,16865,67,0.0039727245775274,151,0.0089534538986065,173,0.0102579306255558,-0.0049807293210791,0.034746516454195,0.0480284613104061,0.013281944856211,e0228391b9a147f468a11645a9d67e930553b08966142e3ffba8acbda0c418c4,e2d1328682bab7d2187684fb9f5420bb730401c9eefc00daf835edd203f4859d,
MELI,1099590,MERCADOLIBRE INC,current,2017,2017-12-31,2018-02-23,0001562762-18-000040,2018-02-23T21:15:54.000Z,https://www.sec.gov/Archives/edgar/data/1099590/000156276218000040/meli-20171231x10k.htm,cover_fiscal_year_ended,17287,73,0.004222826401342,177,0.0102389078498293,162,0.009371203794759,-0.0060160814484873,0.037889743738069,0.0519465494302076,0.0140568056921386,ba1f80fd11dc763df38c8d64fdf93467f9a25a159f83fd3f6b73fc054c5765c8,e2d1328682bab7d2187684fb9f5420bb730401c9eefc00daf835edd203f4859d,
MELI,1099590,MERCADOLIBRE INC,current,2018,2018-12-31,2019-02-28,0001562762-19-000047,2019-02-28T14:18:56.000Z,https://www.sec.gov/Archives/edgar/data/1099590/000156276219000047/meli-20181231x10k.htm,cover_fiscal_year_ended,15206,76,0.0049980270945679,154,0.0101275812179402,144,0.0094699460739181,-0.0051295541233723,0.0343285545179534,0.049256872287255,0.0149283177693015,9c4e7fcdda09a6c042a3440ab9bf94d201e783753c88f29e6d62a18c03ca5420,e2d1328682bab7d2187684fb9f5420bb730401c9eefc00daf835edd203f4859d,
MELI,1099590,MERCADOLIBRE INC,current,2019,2019-12-31,2020-02-14,0001562762-20-000055,2020-02-14T22:14:03.000Z,https://www.sec.gov/Archives/edgar/data/1099590/000156276220000055/meli-20191231x10k.htm,dei:DocumentFiscalYearFocus,11267,58,0.0051477766929972,138,0.0122481583385106,132,0.0117156297150971,-0.0071003816455134,0.0333717937339132,0.0495251619774562,0.016153368243543,73e1ebef8f360e8989d98c7d339944853c66c922cd781ff1e6206c44c4128c85,e2d1328682bab7d2187684fb9f5420bb730401c9eefc00daf835edd203f4859d,
MELI,1099590,MERCADOLIBRE INC,current,2020,2020-12-31,2021-03-01,0001562762-21-000079,2021-03-01T21:26:47.000Z,https://www.sec.gov/Archives/edgar/data/1099590/000156276221000079/meli-20201231x10k.htm,dei:DocumentFiscalYearFocus,13012,68,0.0052259452812788,148,0.0113741162004303,168,0.0129111589302182,-0.0061481709191515,0.0298954810943744,0.0474177682139563,0.0175222871195819,49bc345a6ed112d67922f0bcf5ff73d78ad9d2d915ba09f9103225a907ef1f0a,e2d1328682bab7d2187684fb9f5420bb730401c9eefc00daf835edd203f4859d,
MELI,1099590,MERCADOLIBRE INC,current,2021,2021-12-31,2022-02-23,0001562762-22-000049,2022-02-23T21:02:19.000Z,https://www.sec.gov/Archives/edgar/data/1099590/000156276222000049/meli-20211231x10k.htm,dei:DocumentFiscalYearFocus,12552,51,0.0040630975143403,145,0.0115519439133205,167,0.0133046526449968,-0.0074888463989802,0.0297960484384958,0.0475621414913957,0.0177660930528999,d017aed6d726c36a14b6cb15f8dbed3a93d48530debd5e700ae56fb6f2ef37de,e2d1328682bab7d2187684fb9f5420bb730401c9eefc00daf835edd203f4859d,
MELI,1099590,MERCADOLIBRE INC,current,2022,2022-12-31,2023-02-24,0001099590-23-000007,2023-02-24T21:02:21.000Z,https://www.sec.gov/Archives/edgar/data/1099590/000109959023000007/meli-20221231.htm,dei:DocumentFiscalYearFocus,12617,63,0.0049932630577791,122,0.0096694935404612,124,0.0098280098280098,-0.004676230482682,0.032258064516129,0.0482682095585321,0.0160101450424031,e8f48096a10015f947f5aeaf37e9d98b6e3034554516cf9489fd4c0a82bc68a4,e2d1328682bab7d2187684fb9f5420bb730401c9eefc00daf835edd203f4859d,
MELI,1099590,MERCADOLIBRE INC,current,2023,2023-12-31,2024-02-23,0001099590-24-000008,2024-02-23T21:01:42.000Z,https://www.sec.gov/Archives/edgar/data/1099590/000109959024000008/meli-20231231.htm,dei:DocumentFiscalYearFocus,12962,70,0.0054004011726585,116,0.008949236228977,143,0.0110322481098595,-0.0035488350563184,0.0307051380959728,0.0481407190248418,0.017435580928869,2b6bab57b2ef60fa01e22d7d13073ff4c112d8b8f39de19c3506b0879ea4b718,e2d1328682bab7d2187684fb9f5420bb730401c9eefc00daf835edd203f4859d,
MELI,1099590,MERCADOLIBRE INC,current,2024,2024-12-31,2025-02-21,0001099590-25-000007,2025-02-21T21:07:16.000Z,https://www.sec.gov/Archives/edgar/data/1099590/000109959025000007/meli-20241231.htm,dei:DocumentFiscalYearFocus,14273,49,0.0034330554193231,131,0.0091781685700273,133,0.0093182932810201,-0.0057451131507041,0.0318783717508582,0.0483430252925103,0.016464653541652,6954822f6d4cf75991df15615471348e839207bf93266b8a9c6c974b69bc9581,e2d1328682bab7d2187684fb9f5420bb730401c9eefc00daf835edd203f4859d,
MELI,1099590,MERCADOLIBRE INC,current,2025,2025-12-31,2026-02-25,0001099590-26-000006,2026-02-25T21:05:31.000Z,https://www.sec.gov/Archives/edgar/data/1099590/000109959026000006/meli-20251231.htm,dei:DocumentFiscalYearFocus,13461,73,0.0054230740658197,110,0.0081717554416462,130,0.0096575291583091,-0.0027486813758264,0.0321670009657529,0.0492533987073768,0.0170863977416239,216de0df6badead4a05136e5accc9c0d267818085cbc503a2d203c258c90b2b5,e2d1328682bab7d2187684fb9f5420bb730401c9eefc00daf835edd203f4859d,
MLM,916076,MARTIN MARIETTA MATERIALS INC,current,2016,2016-12-31,2017-02-24,0001193125-17-056282,2017-02-24T21:02:10.000Z,https://www.sec.gov/Archives/edgar/data/916076/000119312517056282/d344578d10k.htm,cover_fiscal_year_ended,25189,179,0.0071062765492873,288,0.0114335622692445,353,0.0140140537536226,-0.0043272857199571,0.0345785858906665,0.052165627853428,0.0175870419627615,f5c450917073b5e26dbc0b6cc6ac4c2ea5ecb01ce66ca3feab8dc5d1a7a86776,e2d1328682bab7d2187684fb9f5420bb730401c9eefc00daf835edd203f4859d,https://www.sec.gov/Archives/edgar/data/916076/000119312517056282/d344578dex1301.htm
MLM,916076,MARTIN MARIETTA MATERIALS INC,current,2017,2017-12-31,2018-02-23,0001193125-18-055887,2018-02-23T20:41:37.000Z,https://www.sec.gov/Archives/edgar/data/916076/000119312518055887/d529448d10k.htm,cover_fiscal_year_ended,24368,172,0.0070584372948128,289,0.0118598161523309,349,0.0143220617202889,-0.004801378857518,0.0364001969796454,0.0511326329612606,0.0147324359816152,8877dbe520e3a6eb4cb2c71f51d0c4809a788a6649b1ab98b6d2d32b71e69919,e2d1328682bab7d2187684fb9f5420bb730401c9eefc00daf835edd203f4859d,https://www.sec.gov/Archives/edgar/data/916076/000119312518055887/d529448dex1301.htm
MLM,916076,MARTIN MARIETTA MATERIALS INC,current,2018,2018-12-31,2019-02-25,0001193125-19-049961,2019-02-25T21:38:50.000Z,https://www.sec.gov/Archives/edgar/data/916076/000119312519049961/d640896d10k.htm,cover_fiscal_year_ended,23825,176,0.0073871983210912,293,0.0122980062959076,327,0.0137250786988457,-0.0049108079748163,0.0352570828961175,0.0499895068205666,0.0147324239244491,64448969071ea7ff681cb4ca346e95e83d5f07537d82426363bbf76cc476552b,e2d1328682bab7d2187684fb9f5420bb730401c9eefc00daf835edd203f4859d,https://www.sec.gov/Archives/edgar/data/916076/000119312519049961/d640896dex1301.htm
MLM,916076,MARTIN MARIETTA MATERIALS INC,current,2019,2019-12-31,2020-02-21,0001564590-20-005784,2020-02-21T21:57:43.000Z,https://www.sec.gov/Archives/edgar/data/916076/000156459020005784/mlm-10k_20191231.htm,dei:DocumentFiscalYearFocus,19937,142,0.0071224356723679,242,0.0121382354416411,265,0.013291869388574,-0.0050157997692732,0.0352610723779906,0.0498570497065757,0.014595977328585,d4b208b21273fb4fcb6b53065b2df06d53cd0be93e7b036a7a430305afee8f89,e2d1328682bab7d2187684fb9f5420bb730401c9eefc00daf835edd203f4859d,
MLM,916076,MARTIN MARIETTA MATERIALS INC,current,2020,2020-12-31,2021-02-19,0001564590-21-006959,2021-02-19T21:36:13.000Z,https://www.sec.gov/Archives/edgar/data/916076/000156459021006959/mlm-10k_20201231.htm,dei:DocumentFiscalYearFocus,19480,173,0.0088809034907597,236,0.0121149897330595,275,0.0141170431211498,-0.0032340862422997,0.0353696098562628,0.0504106776180698,0.0150410677618069,663583be7dad3251fdb163b4f1eab085da331ce934cd87c53054045cdf5b2267,e2d1328682bab7d2187684fb9f5420bb730401c9eefc00daf835edd203f4859d,
MLM,916076,MARTIN MARIETTA MATERIALS INC,current,2021,2021-12-31,2022-02-22,0001564590-22-005965,2022-02-22T22:25:16.000Z,https://www.sec.gov/Archives/edgar/data/916076/000156459022005965/mlm-10k_20211231.htm,dei:DocumentFiscalYearFocus,19435,142,0.0073064059686133,227,0.0116799588371494,268,0.0137895549266786,-0.0043735528685361,0.0338564445587857,0.0483663493696938,0.0145099048109081,41b7c40fd7bc29496d5946530697cbca7681c8009f7df9caae75c3025cd11103,e2d1328682bab7d2187684fb9f5420bb730401c9eefc00daf835edd203f4859d,
MLM,916076,MARTIN MARIETTA MATERIALS INC,current,2022,2022-12-31,2023-02-24,0000950170-23-004361,2023-02-24T20:29:47.000Z,https://www.sec.gov/Archives/edgar/data/916076/000095017023004361/mlm-20221231.htm,dei:DocumentFiscalYearFocus,17584,127,0.007222474977252,227,0.0129094631483166,265,0.0150705186533212,-0.0056869881710646,0.0340081892629663,0.0493630573248407,0.0153548680618744,44a8f6a7c370d698a4957940b81ccf75ce063bec20e4e0986d6118b5692cf96c,e2d1328682bab7d2187684fb9f5420bb730401c9eefc00daf835edd203f4859d,
MLM,916076,MARTIN MARIETTA MATERIALS INC,current,2023,2023-12-31,2024-02-23,0000950170-24-019275,2024-02-23T19:36:46.000Z,https://www.sec.gov/Archives/edgar/data/916076/000095017024019275/mlm-20231231.htm,dei:DocumentFiscalYearFocus,15852,114,0.0071915215745647,216,0.0136260408781226,210,0.0132475397426192,-0.0064345193035579,0.0305324249306081,0.0467448902346707,0.0162124653040625,541ca25de8c5afb27d351412675de456ed150e429e5b83d2bd189bc025ec277d,e2d1328682bab7d2187684fb9f5420bb730401c9eefc00daf835edd203f4859d,
MLM,916076,MARTIN MARIETTA MATERIALS INC,current,2024,2024-12-31,2025-02-21,0000950170-25-024770,2025-02-21T19:57:38.000Z,https://www.sec.gov/Archives/edgar/data/916076/000095017025024770/mlm-20241231.htm,dei:DocumentFiscalYearFocus,14320,105,0.0073324022346368,181,0.0126396648044692,219,0.0152932960893854,-0.0053072625698324,0.0349162011173184,0.0502094972067039,0.0152932960893854,f4a09fb692bfada317dffe23a9082d41f2511a65e7806de07597dd411f931781,e2d1328682bab7d2187684fb9f5420bb730401c9eefc00daf835edd203f4859d,
MLM,916076,MARTIN MARIETTA MATERIALS INC,current,2025,2025-12-31,2026-02-19,0001193125-26-059193,2026-02-19T20:16:57.000Z,https://www.sec.gov/Archives/edgar/data/916076/000119312526059193/mlm-20251231.htm,dei:DocumentFiscalYearFocus,14917,117,0.0078434001474827,220,0.0147482737815914,237,0.0158879131192599,-0.0069048736341087,0.0342562177381511,0.0509485821545887,0.0166923644164376,6071aa65e968c10914908f455625da361efdb50793eb6d710ea7d8db6f6c0654,e2d1328682bab7d2187684fb9f5420bb730401c9eefc00daf835edd203f4859d,
MNST,865752,Monster Beverage Corp,current,2016,2016-12-31,2017-03-01,0001104659-17-013048,2017-03-01T21:19:57.000Z,https://www.sec.gov/Archives/edgar/data/865752/000110465917013048/a17-4132_110k.htm,cover_fiscal_year_ended,14328,87,0.00607202680067,184,0.0128419877163595,205,0.0143076493579006,-0.0067699609156895,0.0427135678391959,0.064000558347292,0.021286990508096,2b9f8bb627fe78e1a0b11aa5a4d88587b8f14feb1d72ccd238c1e7d3d16a1cc9,e2d1328682bab7d2187684fb9f5420bb730401c9eefc00daf835edd203f4859d,
MNST,865752,Monster Beverage Corp,current,2017,2017-12-31,2018-03-01,0001104659-18-014057,2018-03-01T20:20:56.000Z,https://www.sec.gov/Archives/edgar/data/865752/000110465918014057/a18-1123_110k.htm,cover_fiscal_year_ended,14356,90,0.0062691557536918,183,0.01274728336584,214,0.0149066592365561,-0.0064781276121482,0.0419336862635831,0.0628308721092226,0.0208971858456394,c68cfb72fbb7fe089674fe28e5a4b125c5ca7183649ab3a0d219e34d8c9afaff,e2d1328682bab7d2187684fb9f5420bb730401c9eefc00daf835edd203f4859d,
MNST,865752,Monster Beverage Corp,current,2018,2018-12-31,2019-02-28,0001104659-19-011581,2019-02-28T21:47:15.000Z,https://www.sec.gov/Archives/edgar/data/865752/000110465919011581/a19-30117_110k.htm,cover_fiscal_year_ended,13382,85,0.0063518158720669,166,0.0124047227619189,214,0.0159916305484979,-0.006052906889852,0.0394559856523688,0.0611268868629502,0.0216709012105813,555c8a6cf4b12beb168dc1db6e7129d777224fbda19cdbbdacd4ef7594d4a62a,e2d1328682bab7d2187684fb9f5420bb730401c9eefc00daf835edd203f4859d,
MNST,865752,Monster Beverage Corp,current,2019,2019-12-31,2020-02-28,0001104659-20-027209,2020-02-28T22:05:10.000Z,https://www.sec.gov/Archives/edgar/data/865752/000110465920027209/mnst-20191231x10kb9432b.htm,dei:DocumentFiscalYearFocus,13421,87,0.006482378362268,182,0.0135608374934803,215,0.0160196706653751,-0.0070784591312122,0.0397883913270248,0.0614708292973697,0.0216824379703449,04f170b010851d0891414afb95d3f7b9d774759e67caba6a3d13cf319a513ca5,e2d1328682bab7d2187684fb9f5420bb730401c9eefc00daf835edd203f4859d,
MNST,865752,Monster Beverage Corp,current,2020,2020-12-31,2021-03-01,0001104659-21-029943,2021-03-01T20:46:40.000Z,https://www.sec.gov/Archives/edgar/data/865752/000110465921029943/mnst-20201231x10k.htm,dei:DocumentFiscalYearFocus,15130,95,0.0062789160608063,236,0.0155981493721083,242,0.0159947124917382,-0.009319233311302,0.03654990085922,0.0586913417052214,0.0221414408460013,621469d1c43cb5e889d63252aac636f8e01d372236b4ffecdd8b3a687c2ba5d1,e2d1328682bab7d2187684fb9f5420bb730401c9eefc00daf835edd203f4859d,
MNST,865752,Monster Beverage Corp,current,2021,2021-12-31,2022-02-28,0001104659-22-028182,2022-02-28T22:24:06.000Z,https://www.sec.gov/Archives/edgar/data/865752/000110465922028182/mnst-20211231x10k.htm,dei:DocumentFiscalYearFocus,11711,86,0.0073435231833319,195,0.0166510118691828,206,0.0175902997182136,-0.0093074886858509,0.0343267013918538,0.0564426607463068,0.022115959354453,e70d8a1aa79759f959fc4b5c69f11cf4103c3577184897858a03a2185e3e8d83,e2d1328682bab7d2187684fb9f5420bb730401c9eefc00daf835edd203f4859d,
MNST,865752,Monster Beverage Corp,current,2022,2022-12-31,2023-03-01,0001104659-23-027245,2023-03-01T18:56:13.000Z,https://www.sec.gov/Archives/edgar/data/865752/000110465923027245/mnst-20221231x10k.htm,dei:DocumentFiscalYearFocus,12077,79,0.0065413596091744,209,0.017305622257183,208,0.0172228202368137,-0.0107642626480086,0.0318787778421793,0.0556429576881675,0.0237641798459882,8c99202683f2a3813a0927824b1851178c5b51064d7a5b1bed7b69e99f7f9f19,e2d1328682bab7d2187684fb9f5420bb730401c9eefc00daf835edd203f4859d,
MNST,865752,Monster Beverage Corp,current,2023,2023-12-31,2024-02-29,0001104659-24-029425,2024-02-29T21:55:57.000Z,https://www.sec.gov/Archives/edgar/data/865752/000110465924029425/mnst-20231231x10k.htm,dei:DocumentFiscalYearFocus,11780,83,0.0070458404074702,220,0.0186757215619694,209,0.0177419354838709,-0.0116298811544991,0.0333616298811545,0.0577249575551782,0.0243633276740237,bbc779bbf7730a09cd955639f7968c459365595602a25c4533b73feb086b3aca,e2d1328682bab7d2187684fb9f5420bb730401c9eefc00daf835edd203f4859d,
MNST,865752,Monster Beverage Corp,current,2024,2024-12-31,2025-02-28,0001410578-25-000248,2025-02-28T22:19:05.000Z,https://www.sec.gov/Archives/edgar/data/865752/000141057825000248/mnst-20241231x10k.htm,dei:DocumentFiscalYearFocus,11799,74,0.0062717179421984,219,0.0185608949911009,201,0.0170353419781337,-0.0122891770489024,0.0316976014916518,0.056106449699127,0.0244088482074752,a73a4ed9fcd7d8543bdf18175039cce962e930cd44ec99207cf1959f82179670,e2d1328682bab7d2187684fb9f5420bb730401c9eefc00daf835edd203f4859d,
MNST,865752,Monster Beverage Corp,current,2025,2025-12-31,2026-02-27,0001104659-26-020831,2026-02-27T01:14:32.000Z,https://www.sec.gov/Archives/edgar/data/865752/000110465926020831/mnst-20251231x10k.htm,dei:DocumentFiscalYearFocus,9397,62,0.0065978503777801,115,0.0122379482813663,178,0.0189422156007236,-0.0056400979035862,0.0353304246035968,0.0571458976269022,0.0218154730233053,3f089303e6e60e009fe00bc611bb95d6fbb5c561d22d1b457e7c3c61e0d5a7a4,e2d1328682bab7d2187684fb9f5420bb730401c9eefc00daf835edd203f4859d,
MO,764180,"ALTRIA GROUP, INC.",current,2016,2016-12-31,2017-02-27,0000764180-17-000028,2017-02-27T18:56:20.000Z,https://www.sec.gov/Archives/edgar/data/764180/000076418017000028/a2016form10-k.htm,cover_fiscal_year_ended,18557,63,0.0033949453036589,328,0.0176752707873039,255,0.0137414452767149,-0.0142803254836449,0.0276984426362019,0.0490380988306299,0.0213396561944279,c69b90a5ab405337eef20388b5fd2db086eb7545f7c8675c49f17069f5103968,e2d1328682bab7d2187684fb9f5420bb730401c9eefc00daf835edd203f4859d,
MO,764180,"ALTRIA GROUP, INC.",current,2017,2017-12-31,2018-02-27,0000764180-18-000028,2018-02-27T22:31:37.000Z,https://www.sec.gov/Archives/edgar/data/764180/000076418018000028/a2017form10-kq4.htm,cover_fiscal_year_ended,18678,62,0.0033194132134061,292,0.015633365456687,261,0.0139736588499839,-0.0123139522432808,0.0275725452403897,0.0488274975907484,0.0212549523503587,29d6784263216820874116f4ef39ff354d34376e9b2819204a5509bfb89a128c,e2d1328682bab7d2187684fb9f5420bb730401c9eefc00daf835edd203f4859d,
MO,764180,"ALTRIA GROUP, INC.",current,2018,2018-12-31,2019-02-26,0000764180-19-000023,2019-02-26T18:49:51.000Z,https://www.sec.gov/Archives/edgar/data/764180/000076418019000023/a2018form10-kq4.htm,cover_fiscal_year_ended,19331,68,0.0035176659251978,308,0.0159329574258962,260,0.0134498991257565,-0.0124152915006983,0.0291242046453882,0.0499198179090579,0.0207956132636697,8cdcabe9906b293221e59624a7a98adebc9c61363392cfa506de3febcfa8f6f3,e2d1328682bab7d2187684fb9f5420bb730401c9eefc00daf835edd203f4859d,
MO,764180,"ALTRIA GROUP, INC.",current,2019,2019-12-31,2020-02-25,0000764180-20-000018,2020-02-25T21:31:52.000Z,https://www.sec.gov/Archives/edgar/data/764180/000076418020000018/a2019form10-kq4.htm,dei:DocumentFiscalYearFocus,20946,73,0.0034851522963811,384,0.0183328559152105,302,0.0144180273083166,-0.0148477036188293,0.0291702473025876,0.0498424520194786,0.020672204716891,46b2965082d04b0b6719cb91fe3657dd03ddef7d753dfad6f63e4643099f7558,e2d1328682bab7d2187684fb9f5420bb730401c9eefc00daf835edd203f4859d,
MO,764180,"ALTRIA GROUP, INC.",current,2020,2020-12-31,2021-02-26,0000764180-21-000037,2021-02-26T19:45:40.000Z,https://www.sec.gov/Archives/edgar/data/764180/000076418021000037/mo-20201231.htm,dei:DocumentFiscalYearFocus,24904,77,0.0030918727915194,485,0.0194747831673626,350,0.0140539672341792,-0.0163829103758432,0.0266222293607452,0.0499518149694828,0.0233295856087375,74e8f260e0d3c6a706a681904d7aed33e64a61a85e6af548157cb18552809704,e2d1328682bab7d2187684fb9f5420bb730401c9eefc00daf835edd203f4859d,
MO,764180,"ALTRIA GROUP, INC.",current,2021,2021-12-31,2022-02-25,0000764180-22-000019,2022-02-25T17:52:58.000Z,https://www.sec.gov/Archives/edgar/data/764180/000076418022000019/mo-20211231.htm,dei:DocumentFiscalYearFocus,22563,103,0.0045649957895669,469,0.0207862429641448,346,0.0153348402251473,-0.0162212471745778,0.0298719141958072,0.0512343216770819,0.0213624074812746,2e3b46bd91b5aaebc4cde3b7872a715657b6d6631b31e28bbcedc1ea64a6bb00,e2d1328682bab7d2187684fb9f5420bb730401c9eefc00daf835edd203f4859d,
MO,764180,"ALTRIA GROUP, INC.",current,2022,2022-12-31,2023-02-27,0000764180-23-000020,2023-02-27T19:16:53.000Z,https://www.sec.gov/Archives/edgar/data/764180/000076418023000020/mo-20221231.htm,dei:DocumentFiscalYearFocus,21383,74,0.0034606930739372,373,0.0174437637375485,320,0.0149651592386475,-0.0139830706636112,0.0322686246083337,0.0520039283543001,0.0197353037459664,9ed148eb7eb994dea368917961646000849c2d61cd88bd83b39776ae0a9bd3f1,e2d1328682bab7d2187684fb9f5420bb730401c9eefc00daf835edd203f4859d,
MO,764180,"ALTRIA GROUP, INC.",current,2023,2023-12-31,2024-02-27,0000764180-24-000018,2024-02-27T19:18:36.000Z,https://www.sec.gov/Archives/edgar/data/764180/000076418024000018/mo-20231231.htm,dei:DocumentFiscalYearFocus,21255,88,0.0041402023053399,416,0.019571865443425,302,0.014208421547871,-0.0154316631380851,0.0308162785227005,0.0518936720771583,0.0210773935544577,5abf532aecaf736217bbd844c710b6b2d62223b5816956e938893e15a24d1449,e2d1328682bab7d2187684fb9f5420bb730401c9eefc00daf835edd203f4859d,
MO,764180,"ALTRIA GROUP, INC.",current,2024,2024-12-31,2025-02-26,0000764180-25-000019,2025-02-26T19:13:50.000Z,https://www.sec.gov/Archives/edgar/data/764180/000076418025000019/mo-20241231.htm,dei:DocumentFiscalYearFocus,22714,137,0.0060315224090869,484,0.0213084441313727,326,0.0143523817909659,-0.0152769217222858,0.0316985119309676,0.0518182618649291,0.0201197499339614,d9d6eac6838313ffb01f2700c309a4ae031aa17a918774c3ad2b1e7e163b0fb7,e2d1328682bab7d2187684fb9f5420bb730401c9eefc00daf835edd203f4859d,
MO,764180,"ALTRIA GROUP, INC.",current,2025,2025-12-31,2026-02-25,0000764180-26-000017,2026-02-25T18:51:59.000Z,https://www.sec.gov/Archives/edgar/data/764180/000076418026000017/mo-20251231.htm,dei:DocumentFiscalYearFocus,21192,81,0.0038221970554926,443,0.0209041147602869,335,0.01580785201963,-0.0170819177047942,0.0325594563986409,0.052567006417516,0.020007550018875,d273b446bf72900855d4ca2f4270e1e1604db9784371f965f6558874aba93893,e2d1328682bab7d2187684fb9f5420bb730401c9eefc00daf835edd203f4859d,
MSCI,1408198,MSCI Inc.,current,2016,2016-12-31,2017-02-24,0001564590-17-002336,2017-02-24T17:14:24.000Z,https://www.sec.gov/Archives/edgar/data/1408198/000156459017002336/msci-10k_20161231.htm,cover_fiscal_year_ended,12520,47,0.0037539936102236,93,0.0074281150159744,125,0.0099840255591054,-0.0036741214057507,0.0460063897763578,0.0535143769968051,0.0075079872204472,03d5ebcd5f838f9f22d9c0928fe831e9787ed153487fb83e2c63eb163758901b,e2d1328682bab7d2187684fb9f5420bb730401c9eefc00daf835edd203f4859d,
MSCI,1408198,MSCI Inc.,current,2017,2017-12-31,2018-02-26,0001564590-18-003147,2018-02-26T15:45:53.000Z,https://www.sec.gov/Archives/edgar/data/1408198/000156459018003147/msci-10k_20171231.htm,cover_fiscal_year_ended,13893,57,0.0041027855754696,96,0.0069099546534225,150,0.0107968041459727,-0.0028071690779529,0.0459224069675376,0.0543439142013963,0.0084215072338587,5cc9e67a535d3fa91af9e46b3d6aeb5fe59e09318607f8bc945aa307937bcc6b,e2d1328682bab7d2187684fb9f5420bb730401c9eefc00daf835edd203f4859d,
MSCI,1408198,MSCI Inc.,current,2018,2018-12-31,2019-02-22,0001564590-19-003885,2019-02-22T20:26:15.000Z,https://www.sec.gov/Archives/edgar/data/1408198/000156459019003885/msci-10k_20181231.htm,cover_fiscal_year_ended,13069,68,0.0052031524982783,81,0.0061978728288315,136,0.0104063049965567,-0.0009947203305532,0.0498125334761649,0.0570051266355497,0.0071925931593848,26082870f5e4207de31343fcb08c6209afe17c8d23a857f83b691d82d2835511,e2d1328682bab7d2187684fb9f5420bb730401c9eefc00daf835edd203f4859d,
MSCI,1408198,MSCI Inc.,current,2019,2019-12-31,2020-02-18,0001564590-20-004992,2020-02-18T18:24:25.000Z,https://www.sec.gov/Archives/edgar/data/1408198/000156459020004992/msci-10k_20191231.htm,dei:DocumentFiscalYearFocus,8913,52,0.0058341748008526,70,0.0078536968473016,84,0.009424436216762,-0.002019522046449,0.047683159430046,0.0555368562773476,0.0078536968473016,d0bccff36fadc3da161a8d2e43267c67b2b6d42db9aa32bdd8dfced56ad304bc,e2d1328682bab7d2187684fb9f5420bb730401c9eefc00daf835edd203f4859d,
MSCI,1408198,MSCI Inc.,current,2020,2020-12-31,2021-02-12,0001564590-21-005811,2021-02-12T21:54:12.000Z,https://www.sec.gov/Archives/edgar/data/1408198/000156459021005811/msci-10k_20201231.htm,dei:DocumentFiscalYearFocus,8916,47,0.0052714221624046,65,0.0072902646926873,83,0.0093091072229699,-0.0020188425302826,0.044302377747869,0.0533871691341408,0.0090847913862718,8caedb9d38ce041a6fd2e11177b2065671de67bf43769d99cc4bf568be33f933,e2d1328682bab7d2187684fb9f5420bb730401c9eefc00daf835edd203f4859d,
MSCI,1408198,MSCI Inc.,current,2021,2021-12-31,2022-02-11,0001564590-22-004803,2022-02-11T21:30:54.000Z,https://www.sec.gov/Archives/edgar/data/1408198/000156459022004803/msci-10k_20211231.htm,dei:DocumentFiscalYearFocus,11576,50,0.0043192812715964,100,0.0086385625431928,138,0.011921216309606,-0.0043192812715964,0.051572218382861,0.0607290946786454,0.0091568762957843,e9213b5f5f6574b3c211456691817e2ea2a2a26df786933474ad6ffcb0708d38,e2d1328682bab7d2187684fb9f5420bb730401c9eefc00daf835edd203f4859d,
MSCI,1408198,MSCI Inc.,current,2022,2022-12-31,2023-02-10,0001408198-23-000011,2023-02-10T21:28:55.000Z,https://www.sec.gov/Archives/edgar/data/1408198/000140819823000011/msci-20221231.htm,dei:DocumentFiscalYearFocus,9626,47,0.0048826095990027,93,0.0096613338873883,113,0.0117390400997298,-0.0047787242883856,0.0520465406191564,0.0609806773322252,0.0089341367130687,0d3880db697e5f67ecde2121f0f6efdb859ee8433458d12a198b13a1822bfc16,e2d1328682bab7d2187684fb9f5420bb730401c9eefc00daf835edd203f4859d,
MSCI,1408198,MSCI Inc.,current,2023,2023-12-31,2024-02-09,0001408198-24-000030,2024-02-09T21:39:39.000Z,https://www.sec.gov/Archives/edgar/data/1408198/000140819824000030/msci-20231231.htm,dei:DocumentFiscalYearFocus,9902,48,0.0048475055544334,82,0.0082811553221571,116,0.0117148050898808,-0.0034336497677236,0.0565542314683902,0.0640274691981417,0.0074732377297515,671f3fc5a15a2d203dc470aa67a4eb69ff4c86564ff87f97743bcf693171823b,e2d1328682bab7d2187684fb9f5420bb730401c9eefc00daf835edd203f4859d,
MSCI,1408198,MSCI Inc.,current,2024,2024-12-31,2025-02-07,0001408198-25-000053,2025-02-07T21:02:25.000Z,https://www.sec.gov/Archives/edgar/data/1408198/000140819825000053/msci-20241231.htm,dei:DocumentFiscalYearFocus,10204,41,0.0040180321442571,96,0.0094080752646021,149,0.0146021168169345,-0.0053900431203449,0.0531164249313994,0.062328498627989,0.0092120736965895,fbe4d86e292e2099ea6bf9091aa4476ed8679e4eb3c5594d9c82a1e9b781106c,e2d1328682bab7d2187684fb9f5420bb730401c9eefc00daf835edd203f4859d,
MSCI,1408198,MSCI Inc.,current,2025,2025-12-31,2026-02-06,0001408198-26-000011,2026-02-06T19:54:21.000Z,https://www.sec.gov/Archives/edgar/data/1408198/000140819826000011/msci-20251231.htm,dei:DocumentFiscalYearFocus,9569,38,0.0039711568606959,90,0.0094053715121747,120,0.0125404953495663,-0.0054342146514787,0.051729543316961,0.0611349148291357,0.0094053715121747,51b4051dd04b44f99fe3f318157c3d9551b60325622476b73f571a02ecc27344,e2d1328682bab7d2187684fb9f5420bb730401c9eefc00daf835edd203f4859d,
MTD,1037646,METTLER TOLEDO INTERNATIONAL INC/,current,2016,2016-12-31,2017-02-02,0001037646-17-000004,2017-02-02T22:24:53.000Z,https://www.sec.gov/Archives/edgar/data/1037646/000103764617000004/mtd_10kx12312016.htm,cover_fiscal_year_ended,7875,62,0.0078730158730158,84,0.0106666666666666,134,0.017015873015873,-0.0027936507936507,0.0533333333333333,0.0681904761904761,0.0148571428571428,9e0261759fb0dc3e4e4e1768571b48c6c7be05c7e570ddf2d1e7724461b71568,e2d1328682bab7d2187684fb9f5420bb730401c9eefc00daf835edd203f4859d,
MTD,1037646,METTLER TOLEDO INTERNATIONAL INC/,current,2017,2017-12-31,2018-02-09,0001037646-18-000006,2018-02-08T22:34:21.000Z,https://www.sec.gov/Archives/edgar/data/1037646/000103764618000006/mtd10k12312017.htm,cover_fiscal_year_ended,8391,65,0.0077463949469669,83,0.0098915504707424,123,0.014658562745799,-0.0021451555237754,0.0527946609462519,0.0664998212370396,0.0137051602907877,a2b751c3d1830ce80ecd618f9cb00a095cb5939a063fb64347c404ac23dd191b,e2d1328682bab7d2187684fb9f5420bb730401c9eefc00daf835edd203f4859d,
MTD,1037646,METTLER TOLEDO INTERNATIONAL INC/,current,2018,2018-12-31,2019-02-08,0001037646-19-000010,2019-02-08T18:56:30.000Z,https://www.sec.gov/Archives/edgar/data/1037646/000103764619000010/mtd_10kx12312018.htm,cover_fiscal_year_ended,8152,69,0.0084641805691854,75,0.0092001962708537,128,0.0157016683022571,-0.0007360157016683,0.0513984298331697,0.0652600588812561,0.0138616290480863,4f9f4e2dcf1f484116e56e76e66535e7cf54ce7744227a172cf70ee25a0e96e2,e2d1328682bab7d2187684fb9f5420bb730401c9eefc00daf835edd203f4859d,
MTD,1037646,METTLER TOLEDO INTERNATIONAL INC/,current,2019,2019-12-31,2020-02-07,0001037646-20-000005,2020-02-07T20:44:24.000Z,https://www.sec.gov/Archives/edgar/data/1037646/000103764620000005/mtd10k12312019.htm,dei:DocumentFiscalYearFocus,8399,65,0.0077390165495892,90,0.0107155613763543,132,0.0157161566853196,-0.002976544826765,0.0484581497797356,0.0629836885343493,0.0145255387546136,1991a91647451704ec938be11cbdd0c1cc54908c185ae2766a06e974967bd607,e2d1328682bab7d2187684fb9f5420bb730401c9eefc00daf835edd203f4859d,
MTD,1037646,METTLER TOLEDO INTERNATIONAL INC/,current,2020,2020-12-31,2021-02-08,0001037646-21-000008,2021-02-08T21:31:20.000Z,https://www.sec.gov/Archives/edgar/data/1037646/000103764621000008/mtd-20201231.htm,dei:DocumentFiscalYearFocus,8483,77,0.0090769774843805,79,0.0093127431333254,129,0.0152068843569491,-0.0002357656489449,0.0476246610868796,0.0628315454438288,0.0152068843569491,616a55c1c4d41037f42b82f0403b7901a163b4956e5cb6ebf44f9c7f3d1d2578,e2d1328682bab7d2187684fb9f5420bb730401c9eefc00daf835edd203f4859d,
MTD,1037646,METTLER TOLEDO INTERNATIONAL INC/,current,2021,2021-12-31,2022-02-11,0001037646-22-000008,2022-02-11T18:06:41.000Z,https://www.sec.gov/Archives/edgar/data/1037646/000103764622000008/mtd-20211231.htm,dei:DocumentFiscalYearFocus,7646,89,0.0116400732409102,73,0.0095474758043421,128,0.0167407794925451,0.0020925974365681,0.0582003662045514,0.0712791001831022,0.0130787339785508,658d198132763e338a39b158c5b6567d2e0fc1427586d0ce9e350ed2462b7174,e2d1328682bab7d2187684fb9f5420bb730401c9eefc00daf835edd203f4859d,
MTD,1037646,METTLER TOLEDO INTERNATIONAL INC/,current,2022,2022-12-31,2023-02-10,0001037646-23-000005,2023-02-10T17:35:21.000Z,https://www.sec.gov/Archives/edgar/data/1037646/000103764623000005/mtd-20221231.htm,dei:DocumentFiscalYearFocus,7582,88,0.0116064362964916,71,0.0093642838301239,127,0.0167501978369823,0.0022421524663677,0.0588235294117647,0.0729359008177261,0.0141123714059614,1aa904fb45488294ea81d3d3fd8108016d9780ff7679ebd6f5a8075536ca881c,e2d1328682bab7d2187684fb9f5420bb730401c9eefc00daf835edd203f4859d,
MTD,1037646,METTLER TOLEDO INTERNATIONAL INC/,current,2023,2023-12-31,2024-02-09,0001037646-24-000007,2024-02-09T18:06:36.000Z,https://www.sec.gov/Archives/edgar/data/1037646/000103764624000007/mtd-20231231.htm,dei:DocumentFiscalYearFocus,7403,81,0.0109415101985681,78,0.0105362690801026,114,0.0153991625016885,0.0004052411184654,0.0549777117384844,0.0692962312575982,0.0143185195191138,66aee34c1002812febec4f3ddf3a96fd80de37cdc52c239eab30e49928f3b676,e2d1328682bab7d2187684fb9f5420bb730401c9eefc00daf835edd203f4859d,
MTD,1037646,METTLER TOLEDO INTERNATIONAL INC/,current,2024,2024-12-31,2025-02-07,0001037646-25-000012,2025-02-07T16:47:43.000Z,https://www.sec.gov/Archives/edgar/data/1037646/000103764625000012/mtd-20241231.htm,dei:DocumentFiscalYearFocus,7260,88,0.0121212121212121,89,0.012258953168044,128,0.0176308539944903,-0.0001377410468319,0.0552341597796143,0.0681818181818181,0.0129476584022038,d6f94f368f9b33c89663cccf08089ebcc010ab1d98b91419f9e5a91d6ff0eba2,e2d1328682bab7d2187684fb9f5420bb730401c9eefc00daf835edd203f4859d,
MTD,1037646,METTLER TOLEDO INTERNATIONAL INC/,current,2025,2025-12-31,2026-02-06,0001037646-26-000011,2026-02-06T16:53:50.000Z,https://www.sec.gov/Archives/edgar/data/1037646/000103764626000011/mtd-20251231.htm,dei:DocumentFiscalYearFocus,7414,81,0.0109252765039115,92,0.012408956029134,136,0.0183436741300242,-0.0014836795252225,0.0526031831669813,0.0667655786350148,0.0141623954680334,73035bd3062a7db170a0f2045911a97e989434df434f978b99efe19470e32198,e2d1328682bab7d2187684fb9f5420bb730401c9eefc00daf835edd203f4859d,
NKE,320187,"NIKE, Inc.",current,2016,2016-05-31,2016-07-21,0000320187-16-000336,2016-07-21T20:11:03.000Z,https://www.sec.gov/Archives/edgar/data/320187/000032018716000336/nke-5312016x10k.htm,cover_fiscal_year_ended,16625,132,0.0079398496240601,189,0.0113684210526315,310,0.0186466165413533,-0.0034285714285714,0.0418646616541353,0.0606315789473684,0.018766917293233,4545f5f0b9c951fb2e45e843a3580fffab6302ab527045e29ceb1872fc246dbc,e2d1328682bab7d2187684fb9f5420bb730401c9eefc00daf835edd203f4859d,
NKE,320187,"NIKE, Inc.",current,2017,2017-05-31,2017-07-20,0000320187-17-000090,2017-07-20T20:18:16.000Z,https://www.sec.gov/Archives/edgar/data/320187/000032018717000090/nke-5312017x10k.htm,cover_fiscal_year_ended,15516,116,0.0074761536478473,176,0.011343129672596,293,0.0188837329208558,-0.0038669760247486,0.0346738850219128,0.0562645011600928,0.0215906161381799,1e835b9ee304b0be6edd5407c4feca83331aa14af7a0dd4dcf2cb5bb05a3467a,e2d1328682bab7d2187684fb9f5420bb730401c9eefc00daf835edd203f4859d,
NKE,320187,"NIKE, Inc.",current,2018,2018-05-31,2018-07-25,0000320187-18-000142,2018-07-24T22:22:39.000Z,https://www.sec.gov/Archives/edgar/data/320187/000032018718000142/nke-5312018x10k.htm,cover_fiscal_year_ended,13581,87,0.0064060083940799,156,0.0114866357411089,254,0.0187025992194978,-0.0050806273470289,0.0316618805684412,0.0530888741624328,0.0214269935939916,370e13b8197c3ca34e02b2b555c98cdcf989859ea0acd8f4a796fbd55c17590a,e2d1328682bab7d2187684fb9f5420bb730401c9eefc00daf835edd203f4859d,
NKE,320187,"NIKE, Inc.",current,2019,2019-05-31,2019-07-23,0000320187-19-000051,2019-07-23T20:13:55.000Z,https://www.sec.gov/Archives/edgar/data/320187/000032018719000051/nke-531201910k.htm,cover_fiscal_year_ended,11077,72,0.0064999548614245,105,0.0094791008395775,210,0.018958201679155,-0.0029791459781529,0.0335831001173602,0.0517288074388372,0.0181457073214769,45dbfd64a9c3643282e2848104950c11641fd2fc1bf4fb815078e9feb7cee67e,e2d1328682bab7d2187684fb9f5420bb730401c9eefc00daf835edd203f4859d,
NKE,320187,"NIKE, Inc.",current,2020,2020-05-31,2020-07-24,0000320187-20-000047,2020-07-24T20:07:45.000Z,https://www.sec.gov/Archives/edgar/data/320187/000032018720000047/nke-531202010k.htm,dei:DocumentFiscalYearFocus,13647,82,0.0060086465889939,225,0.0164871400307759,249,0.0182457683007254,-0.010478493441782,0.0249871766688649,0.0457243350186854,0.0207371583498204,62ed193d29a6159dadadc66966a9ffb00e0cad7aece3ae0a0c0dde21dddced65,e2d1328682bab7d2187684fb9f5420bb730401c9eefc00daf835edd203f4859d,
NKE,320187,"NIKE, Inc.",current,2021,2021-05-31,2021-07-20,0000320187-21-000028,2021-07-20T20:11:03.000Z,https://www.sec.gov/Archives/edgar/data/320187/000032018721000028/nke-20210531.htm,dei:DocumentFiscalYearFocus,12852,90,0.0070028011204481,162,0.0126050420168067,260,0.0202303143479614,-0.0056022408963585,0.0266884531590413,0.0501089324618736,0.0234204793028322,00578121fce9937890d0629081aaa08807dcbc8aa124fe31a8a55883b70a3ee2,e2d1328682bab7d2187684fb9f5420bb730401c9eefc00daf835edd203f4859d,
NKE,320187,"NIKE, Inc.",current,2022,2022-05-31,2022-07-21,0000320187-22-000038,2022-07-21T20:05:53.000Z,https://www.sec.gov/Archives/edgar/data/320187/000032018722000038/nke-20220531.htm,dei:DocumentFiscalYearFocus,12011,76,0.0063275330946632,142,0.0118224960452918,237,0.0197319124136208,-0.0054949629506285,0.0301390392140537,0.0489551244692365,0.0188160852551827,d1e720b1077967c489e9bcab131bc5fd1a469ccd7ebb4fc31db88ebdc0369e20,e2d1328682bab7d2187684fb9f5420bb730401c9eefc00daf835edd203f4859d,
NKE,320187,"NIKE, Inc.",current,2023,2023-05-31,2023-07-20,0000320187-23-000039,2023-07-20T20:20:36.000Z,https://www.sec.gov/Archives/edgar/data/320187/000032018723000039/nke-20230531.htm,dei:DocumentFiscalYearFocus,10126,58,0.0057278293501876,116,0.0114556587003752,204,0.0201461584041082,-0.0057278293501876,0.0266640331819079,0.0457238791230495,0.0190598459411416,6129232fd834d580ce53ba30914fde5553a79316d3b577b9618096c0af8d9a3a,e2d1328682bab7d2187684fb9f5420bb730401c9eefc00daf835edd203f4859d,
NKE,320187,"NIKE, Inc.",current,2024,2024-05-31,2024-07-25,0000320187-24-000044,2024-07-25T20:16:58.000Z,https://www.sec.gov/Archives/edgar/data/320187/000032018724000044/nke-20240531.htm,dei:DocumentFiscalYearFocus,9726,47,0.004832407978614,117,0.0120296113510178,192,0.0197409006785934,-0.0071972033724038,0.0174789224758379,0.0406127904585646,0.0231338679827267,3d67bab486b4c97c049c762d19c9b3b50ded79841893abfd484eb34d0ac0c95b,e2d1328682bab7d2187684fb9f5420bb730401c9eefc00daf835edd203f4859d,
NKE,320187,"NIKE, Inc.",current,2025,2025-05-31,2025-07-17,0000320187-25-000047,2025-07-17T20:25:25.000Z,https://www.sec.gov/Archives/edgar/data/320187/000032018725000047/nke-20250531.htm,dei:DocumentFiscalYearFocus,9047,43,0.0047529567812534,113,0.0124903282856195,192,0.0212225046976898,-0.007737371504366,0.0108323201061125,0.0385763236431966,0.0277440035370841,5acbc6779332c9e29773fff07357775eb7f7a629f458044d2baa1e840a9d032c,e2d1328682bab7d2187684fb9f5420bb730401c9eefc00daf835edd203f4859d,
NTAP,1002047,"NetApp, Inc.",current,2016,2016-04-29,2016-06-22,0001564590-16-020754,2016-06-22T20:07:00.000Z,https://www.sec.gov/Archives/edgar/data/1002047/000156459016020754/ntap-10k_20160429.htm,cover_fiscal_year_ended,11373,52,0.0045722324804361,127,0.0111667985579882,194,0.0170579442539347,-0.006594566077552,0.0281368152642222,0.0475688033060757,0.0194319880418535,215f6fc3c1af7f017567a5c14c967b93d446375a02e1e26144a4108ba2859a0b,e2d1328682bab7d2187684fb9f5420bb730401c9eefc00daf835edd203f4859d,
NTAP,1002047,"NetApp, Inc.",current,2017,2017-04-28,2017-06-20,0001564590-17-012758,2017-06-20T20:07:09.000Z,https://www.sec.gov/Archives/edgar/data/1002047/000156459017012758/ntap-10k_20170428.htm,cover_fiscal_year_ended,11775,57,0.0048407643312101,116,0.0098513800424628,197,0.0167303609341825,-0.0050106157112526,0.0309978768577494,0.0496815286624203,0.0186836518046709,5b3b75566fb4dbe020c4fc1b391034d6d517a95f0facb7b86b22893a489e7325,e2d1328682bab7d2187684fb9f5420bb730401c9eefc00daf835edd203f4859d,
NTAP,1002047,"NetApp, Inc.",current,2018,2018-04-27,2018-06-19,0001564590-18-015820,2018-06-19T20:30:25.000Z,https://www.sec.gov/Archives/edgar/data/1002047/000156459018015820/ntap-10k_20180427.htm,cover_fiscal_year_ended,12103,65,0.0053705692803437,116,0.0095844005618441,208,0.0171858216970998,-0.0042138312815004,0.0315624225398661,0.0494918615219367,0.0179294389820705,f31803dec6af623413d86f717393bceea75037f49fd141bb9c8f64cedd761c83,e2d1328682bab7d2187684fb9f5420bb730401c9eefc00daf835edd203f4859d,
NTAP,1002047,"NetApp, Inc.",current,2019,2019-04-26,2019-06-18,0001564590-19-022779,2019-06-18T20:43:53.000Z,https://www.sec.gov/Archives/edgar/data/1002047/000156459019022779/ntap-10k_20190426.htm,cover_fiscal_year_ended,11529,57,0.0049440541243819,109,0.0094544192904848,206,0.0178679850810998,-0.0045103651661028,0.0357359701621996,0.0529100529100529,0.0171740827478532,acdf3a7a1f15a36ccfc6444f1cb2c2fd45116088fe2c3f3f9ebab3d20306b65b,e2d1328682bab7d2187684fb9f5420bb730401c9eefc00daf835edd203f4859d,
NTAP,1002047,"NetApp, Inc.",current,2020,2020-04-24,2020-06-15,0001564590-20-029349,2020-06-15T20:08:13.000Z,https://www.sec.gov/Archives/edgar/data/1002047/000156459020029349/ntap-10k_20200424.htm,dei:DocumentFiscalYearFocus,11057,55,0.0049742244731844,121,0.0109432938410056,199,0.0179976485484308,-0.0059690693678212,0.032829881523017,0.0513701727412498,0.0185402912182327,f78b20a7fa6f5eeefe83c5a459998d28ac732db59f5a4c927f73a765b922500b,e2d1328682bab7d2187684fb9f5420bb730401c9eefc00daf835edd203f4859d,
NTAP,1002047,"NetApp, Inc.",current,2021,2021-04-30,2021-06-21,0001564590-21-033645,2021-06-21T20:40:13.000Z,https://www.sec.gov/Archives/edgar/data/1002047/000156459021033645/ntap-10k_20210430.htm,dei:DocumentFiscalYearFocus,10146,62,0.0061107825744135,108,0.0106445890005913,191,0.0188251527695643,-0.0045338064261778,0.0396215257244234,0.0578553124383993,0.0182337867139759,12c0f294113e538f11be553e4d031d2e9067bca2d0a2342a871e493a24738edf,e2d1328682bab7d2187684fb9f5420bb730401c9eefc00daf835edd203f4859d,
NTAP,1002047,"NetApp, Inc.",current,2022,2022-04-29,2022-06-16,0000950170-22-011708,2022-06-16T01:05:56.000Z,https://www.sec.gov/Archives/edgar/data/1002047/000095017022011708/ntap-20220429.htm,dei:DocumentFiscalYearFocus,9516,51,0.0053593947036569,96,0.0100882723833543,181,0.0190205968894493,-0.0047288776796973,0.0362547288776797,0.0548549810844892,0.0186002522068095,8aef01009fca13be51396748cda0117aa9fd6a3cfc6b48f3c9024c7cfb62399b,e2d1328682bab7d2187684fb9f5420bb730401c9eefc00daf835edd203f4859d,
NTAP,1002047,"NetApp, Inc.",current,2023,2023-04-28,2023-06-14,0000950170-23-027948,2023-06-14T20:11:35.000Z,https://www.sec.gov/Archives/edgar/data/1002047/000095017023027948/ntap-20230428.htm,dei:DocumentFiscalYearFocus,9527,46,0.0048283824918652,93,0.0097617298205101,199,0.020888002519156,-0.0049333473286449,0.0383121654245827,0.0561561876771281,0.0178440222525454,88f303a8e8a9fb29f8588db53954aa3d118b4ea718e8d213436ac4347ef2bace,e2d1328682bab7d2187684fb9f5420bb730401c9eefc00daf835edd203f4859d,
NTAP,1002047,"NetApp, Inc.",current,2024,2024-04-26,2024-06-10,0000950170-24-071327,2024-06-10T20:27:03.000Z,https://www.sec.gov/Archives/edgar/data/1002047/000095017024071327/ntap-20240426.htm,dei:DocumentFiscalYearFocus,8817,34,0.0038561869116479,86,0.0097538845412271,189,0.0214358625382783,-0.0058976976295792,0.0345922649427242,0.0531926959283202,0.018600430985596,1b02138f805c2d077ad82af6c17e94c5c636c82fc7fa3e1343b55843c7151594,e2d1328682bab7d2187684fb9f5420bb730401c9eefc00daf835edd203f4859d,
NTAP,1002047,"NetApp, Inc.",current,2025,2025-04-25,2025-06-09,0000950170-25-083705,2025-06-09T20:05:47.000Z,https://www.sec.gov/Archives/edgar/data/1002047/000095017025083705/ntap-20250425.htm,dei:DocumentFiscalYearFocus,8128,30,0.0036909448818897,64,0.0078740157480314,164,0.0201771653543307,-0.0041830708661417,0.0359251968503937,0.0525344488188976,0.0166092519685039,d0754e2b793db409015382ea8026479e0bd818e8c4df4954eaf7b40f38f39dcf,e2d1328682bab7d2187684fb9f5420bb730401c9eefc00daf835edd203f4859d,
NUE,73309,NUCOR CORP,current,2016,2016-12-31,2017-02-28,0001193125-17-062124,2017-02-28T20:38:21.000Z,https://www.sec.gov/Archives/edgar/data/73309/000119312517062124/d298801d10k.htm,cover_fiscal_year_ended,13150,168,0.0127756653992395,243,0.0184790874524714,166,0.0126235741444866,-0.0057034220532319,0.0364258555133079,0.0565019011406844,0.0200760456273764,4cfdadadaa7c13e7fcf880f6a74ff09e73528dfeff8ea138448b7f42ce772edb,e2d1328682bab7d2187684fb9f5420bb730401c9eefc00daf835edd203f4859d,https://www.sec.gov/Archives/edgar/data/73309/000119312517062124/d298801dex13.htm
NUE,73309,NUCOR CORP,current,2017,2017-12-31,2018-02-28,0001193125-18-064018,2018-02-28T21:22:31.000Z,https://www.sec.gov/Archives/edgar/data/73309/000119312518064018/d441208d10k.htm,cover_fiscal_year_ended,12968,163,0.0125694016039481,229,0.017658852560148,169,0.0130320789636027,-0.0050894509561998,0.0419494139420111,0.0606107341147439,0.0186613201727328,30eb3935b6bfa3a11b9d47eb28e375f185d0f5091b1607f8d34aa82fc0f66a7a,e2d1328682bab7d2187684fb9f5420bb730401c9eefc00daf835edd203f4859d,https://www.sec.gov/Archives/edgar/data/73309/000119312518064018/d441208dex13.htm
NUE,73309,NUCOR CORP,current,2018,2018-12-31,2019-02-28,0001193125-19-057744,2019-02-28T21:42:26.000Z,https://www.sec.gov/Archives/edgar/data/73309/000119312519057744/d691427d10k.htm,cover_fiscal_year_ended,12135,140,0.011536876802637,155,0.0127729707457766,157,0.0129377832715286,-0.0012360939431396,0.0471363823650597,0.0616398846312319,0.0145035022661722,34c82fb333679adcb5160e984172092f35e908eae5898a89d64fc31fef3c6a75,e2d1328682bab7d2187684fb9f5420bb730401c9eefc00daf835edd203f4859d,https://www.sec.gov/Archives/edgar/data/73309/000119312519057744/d691427dex13.htm
NUE,73309,NUCOR CORP,current,2019,2019-12-31,2020-02-28,0001564590-20-007794,2020-02-28T21:09:21.000Z,https://www.sec.gov/Archives/edgar/data/73309/000156459020007794/nue-10k_20191231.htm,dei:DocumentFiscalYearFocus,9822,115,0.0117084096925269,152,0.0154754632457747,168,0.0171044593769089,-0.0037670535532478,0.0378741600488698,0.0551822439421706,0.0173080838933007,c03a139019f287e2c9c101a71d4931f9a9b3f3ec10eebf87610ee7178138a245,e2d1328682bab7d2187684fb9f5420bb730401c9eefc00daf835edd203f4859d,
NUE,73309,NUCOR CORP,current,2020,2020-12-31,2021-02-26,0001564590-21-009503,2021-02-26T22:17:27.000Z,https://www.sec.gov/Archives/edgar/data/73309/000156459021009503/nue-10k_20201231.htm,dei:DocumentFiscalYearFocus,11011,119,0.010807374443738,190,0.0172554718009263,188,0.0170738352556534,-0.0064480973571882,0.0323313050585777,0.0514031423122332,0.0190718372536554,385e492bd6dad2ba43888c2b0b125baae17ec297828c757bd089ab9a6d7b758f,e2d1328682bab7d2187684fb9f5420bb730401c9eefc00daf835edd203f4859d,
NUE,73309,NUCOR CORP,current,2021,2021-12-31,2022-02-28,0001564590-22-007679,2022-02-28T22:13:52.000Z,https://www.sec.gov/Archives/edgar/data/73309/000156459022007679/nue-10k_20211231.htm,dei:DocumentFiscalYearFocus,9411,110,0.011688449686537,142,0.0150887259589841,162,0.0172138986292636,-0.0034002762724471,0.0414408670704494,0.0596110934013388,0.0181702263308893,04dd408b04e2dd10b1cd1b47c0ac8f4cb252314a4cc6fca3fbff9c28077b8323,e2d1328682bab7d2187684fb9f5420bb730401c9eefc00daf835edd203f4859d,
NUE,73309,NUCOR CORP,current,2022,2022-12-31,2023-03-01,0001564590-23-002793,2023-03-01T00:41:43.000Z,https://www.sec.gov/Archives/edgar/data/73309/000156459023002793/nue-10k_20221231.htm,dei:DocumentFiscalYearFocus,9318,78,0.0083708950418544,134,0.0143807684052371,160,0.017171066752522,-0.0060098733633827,0.0362738785147027,0.0537669027688345,0.0174930242541317,9ae35c15d32939fed357ed6d502997090fcb8582d106aea9a71ad5315b5bb4fa,e2d1328682bab7d2187684fb9f5420bb730401c9eefc00daf835edd203f4859d,
NUE,73309,NUCOR CORP,current,2023,2023-12-31,2024-02-27,0000950170-24-021195,2024-02-27T21:21:09.000Z,https://www.sec.gov/Archives/edgar/data/73309/000095017024021195/nue-20231231.htm,dei:DocumentFiscalYearFocus,8091,64,0.0079100234828822,85,0.0105054999382029,149,0.0184155234210851,-0.0025954764553207,0.0328760351007292,0.050179211469534,0.0173031763688048,12a3ea51a80ab488fdfcb3d90ec9904da02eb1986d613509a7368494fb433c05,e2d1328682bab7d2187684fb9f5420bb730401c9eefc00daf835edd203f4859d,
NUE,73309,NUCOR CORP,current,2024,2024-12-31,2025-02-27,0000950170-25-028427,2025-02-27T14:17:32.000Z,https://www.sec.gov/Archives/edgar/data/73309/000095017025028427/nue-20241231.htm,dei:DocumentFiscalYearFocus,7909,56,0.0070805411556454,85,0.0107472499683904,148,0.0187128587684915,-0.0036667088127449,0.0295865469718042,0.0482994057402958,0.0187128587684915,76f35630f51c8a94080d501f17dfd5b560b72f0253160b1ea316ba87bc5e9fc5,e2d1328682bab7d2187684fb9f5420bb730401c9eefc00daf835edd203f4859d,
NUE,73309,NUCOR CORP,current,2025,2025-12-31,2026-02-25,0001193125-26-071575,2026-02-25T21:13:00.000Z,https://www.sec.gov/Archives/edgar/data/73309/000119312526071575/nue-20251231.htm,dei:DocumentFiscalYearFocus,7515,51,0.0067864271457085,89,0.0118429807052561,135,0.0179640718562874,-0.0050565535595475,0.0330006653359946,0.0514970059880239,0.0184963406520292,ea1a0f175d69e6221835d794ea7627be25b679369d91504c78b77c55c655c693,e2d1328682bab7d2187684fb9f5420bb730401c9eefc00daf835edd203f4859d,
O,726728,REALTY INCOME CORP,current,2016,2016-12-31,2017-02-23,0001104659-17-011170,2017-02-23T21:13:19.000Z,https://www.sec.gov/Archives/edgar/data/726728/000110465917011170/a17-1163_110k.htm,cover_fiscal_year_ended,8742,49,0.0056051246854266,63,0.0072065888812628,95,0.0108670784717455,-0.0016014641958361,0.0436970944863875,0.0563944177533745,0.0126973232669869,7114c5d0d69d1a155a4d9ba20dacd8557439998acd4b95b2637f62215daf5975,e2d1328682bab7d2187684fb9f5420bb730401c9eefc00daf835edd203f4859d,
O,726728,REALTY INCOME CORP,current,2017,2017-12-31,2018-02-22,0001104659-18-011376,2018-02-22T21:47:24.000Z,https://www.sec.gov/Archives/edgar/data/726728/000110465918011376/a18-1096_110k.htm,cover_fiscal_year_ended,8534,43,0.0050386688539957,58,0.0067963440356222,82,0.0096086243262245,-0.0017576751816264,0.0421842043590344,0.0558940707757206,0.0137098664166861,32bae4252b39bf83915e65913b95acfa2a3492b0b25e5492aebb8ef3cc50f448,e2d1328682bab7d2187684fb9f5420bb730401c9eefc00daf835edd203f4859d,
O,726728,REALTY INCOME CORP,current,2018,2018-12-31,2019-02-22,0000726728-19-000038,2019-02-22T01:17:58.000Z,https://www.sec.gov/Archives/edgar/data/726728/000072672819000038/realtyincome10k2018.htm,cover_fiscal_year_ended,8759,42,0.004795067930129,49,0.0055942459184838,85,0.0097043041443087,-0.0007991779883548,0.0416714236785021,0.0548007763443315,0.0131293526658294,65a232d6b032520a5e275cde5100f3ef22399ce6e2c78b6b76d7c78d76db8a89,e2d1328682bab7d2187684fb9f5420bb730401c9eefc00daf835edd203f4859d,
O,726728,REALTY INCOME CORP,current,2019,2019-12-31,2020-02-24,0000726728-20-000033,2020-02-24T11:05:54.000Z,https://www.sec.gov/Archives/edgar/data/726728/000072672820000033/realtyincome10k2019.htm,dei:DocumentFiscalYearFocus,8916,45,0.0050471063257065,60,0.0067294751009421,90,0.0100942126514131,-0.0016823687752355,0.0407133243606998,0.0551816958277254,0.0144683714670255,b320013e2699ddfbee007ffe3c2f21504aeb3c6e1b99675cc01ab66d58accd54,e2d1328682bab7d2187684fb9f5420bb730401c9eefc00daf835edd203f4859d,
O,726728,REALTY INCOME CORP,current,2020,2020-12-31,2021-02-23,0000726728-21-000043,2021-02-23T21:24:32.000Z,https://www.sec.gov/Archives/edgar/data/726728/000072672821000043/o-20201231.htm,dei:DocumentFiscalYearFocus,10354,49,0.0047324705427853,79,0.0076299014873478,109,0.0105273324319103,-0.0028974309445624,0.0358315626810894,0.0490631639945914,0.013231601313502,03b7900a4b11c128276e4a93768e2ef5bdb310970951113a1b9e805b0ec0b3e1,e2d1328682bab7d2187684fb9f5420bb730401c9eefc00daf835edd203f4859d,
O,726728,REALTY INCOME CORP,current,2021,2021-12-31,2022-02-23,0000726728-22-000046,2022-02-23T21:07:21.000Z,https://www.sec.gov/Archives/edgar/data/726728/000072672822000046/o-20211231.htm,dei:DocumentFiscalYearFocus,12265,47,0.0038320423970648,92,0.0075010191602119,124,0.0101100693028944,-0.0036689767631471,0.0326131267835303,0.046799836934366,0.0141867101508357,0141aa4b363e356f8d26113558c753d9bbf977474bb77e4b9c87c9df005f5ef8,e2d1328682bab7d2187684fb9f5420bb730401c9eefc00daf835edd203f4859d,
O,726728,REALTY INCOME CORP,current,2022,2022-12-31,2023-02-22,0000726728-23-000044,2023-02-22T21:07:07.000Z,https://www.sec.gov/Archives/edgar/data/726728/000072672823000044/o-20221231.htm,dei:DocumentFiscalYearFocus,11058,66,0.005968529571351,90,0.0081389039609332,101,0.0091336588894917,-0.0021703743895822,0.0335503707722915,0.0500090432266232,0.0164586724543317,49727e670b0bd4570ee3e565d4c3ad9f2237d6c18540cc16f83ff8be46dd7f78,e2d1328682bab7d2187684fb9f5420bb730401c9eefc00daf835edd203f4859d,
O,726728,REALTY INCOME CORP,current,2023,2023-12-31,2024-02-21,0000726728-24-000047,2024-02-21T21:16:06.000Z,https://www.sec.gov/Archives/edgar/data/726728/000072672824000047/o-20231231.htm,dei:DocumentFiscalYearFocus,9397,57,0.0060657656698946,76,0.0080876875598595,97,0.0103224433329786,-0.0020219218899648,0.0314994147068213,0.0485261253591571,0.0170267106523358,e0f1a0dbe0d353dd3dda0ebecae851d7111dc094afc41dd923b9539b4cdd8c82,e2d1328682bab7d2187684fb9f5420bb730401c9eefc00daf835edd203f4859d,
O,726728,REALTY INCOME CORP,current,2024,2024-12-31,2025-02-25,0000726728-25-000055,2025-02-25T21:09:40.000Z,https://www.sec.gov/Archives/edgar/data/726728/000072672825000055/o-20241231.htm,dei:DocumentFiscalYearFocus,9466,47,0.0049651383900274,69,0.0072892457215296,106,0.011197971688147,-0.0023241073315022,0.0338051975491231,0.0497570251426156,0.0159518275934925,ff76d239f0002b696fb19b349834e6e25b7f8bc037123ac9138747629218a817,e2d1328682bab7d2187684fb9f5420bb730401c9eefc00daf835edd203f4859d,
O,726728,REALTY INCOME CORP,current,2025,2025-12-31,2026-02-25,0000726728-26-000011,2026-02-24T22:44:51.000Z,https://www.sec.gov/Archives/edgar/data/726728/000072672826000011/o-20251231.htm,dei:DocumentFiscalYearFocus,9661,48,0.004968429769175,73,0.007556153607287,112,0.0115930027947417,-0.0025877238381119,0.0372632232688127,0.0520650036228133,0.0148017803540006,547e31e03bdb1fa445d574c2feb841ab7bca09b173a53786ac1faf7d1bc6310f,e2d1328682bab7d2187684fb9f5420bb730401c9eefc00daf835edd203f4859d,
ODFL,878927,"OLD DOMINION FREIGHT LINE, INC.",current,2016,2016-12-31,2017-02-27,0000878927-17-000005,2017-02-27T21:50:23.000Z,https://www.sec.gov/Archives/edgar/data/878927/000087892717000005/a201610-k.htm,cover_fiscal_year_ended,5723,48,0.0083872095055041,53,0.0092608771623274,59,0.0103092783505154,-0.0008736676568233,0.0504979905643893,0.0615062030403634,0.0110082124759741,a266d024483189e6458e5d6267b6aee5a13d7d381daff81b0c66f52fe94fa2b4,e2d1328682bab7d2187684fb9f5420bb730401c9eefc00daf835edd203f4859d,
ODFL,878927,"OLD DOMINION FREIGHT LINE, INC.",current,2017,2017-12-31,2018-02-27,0000878927-18-000005,2018-02-27T17:54:04.000Z,https://www.sec.gov/Archives/edgar/data/878927/000087892718000005/a201710-k.htm,cover_fiscal_year_ended,5824,47,0.0080700549450549,53,0.0091002747252747,65,0.0111607142857142,-0.0010302197802197,0.0496222527472527,0.0599244505494505,0.0103021978021978,bbab0ece289be1789226a9372815fd65dab25cd587b0defe793734f503c39b6e,e2d1328682bab7d2187684fb9f5420bb730401c9eefc00daf835edd203f4859d,
ODFL,878927,"OLD DOMINION FREIGHT LINE, INC.",current,2018,2018-12-31,2019-02-27,0001564590-19-004755,2019-02-27T16:40:36.000Z,https://www.sec.gov/Archives/edgar/data/878927/000156459019004755/odfl-10k_20181231.htm,cover_fiscal_year_ended,5714,48,0.008400420021001,46,0.008050402520126,64,0.0112005600280014,0.000350017500875,0.0518025901295064,0.0623031151557577,0.0105005250262513,e70bc7c7d1f4a2d0d845c0a9f7491fbd413a04ef91d62b2a51acda6ec717e781,e2d1328682bab7d2187684fb9f5420bb730401c9eefc00daf835edd203f4859d,
ODFL,878927,"OLD DOMINION FREIGHT LINE, INC.",current,2019,2019-12-31,2020-02-26,0001564590-20-006626,2020-02-26T16:13:04.000Z,https://www.sec.gov/Archives/edgar/data/878927/000156459020006626/odfl-10k_20191231.htm,dei:DocumentFiscalYearFocus,5476,37,0.0067567567567567,47,0.0085829072315558,68,0.012417823228634,-0.0018261504747991,0.0482103725346968,0.0588020452885317,0.0105916727538349,fedd742a37f16d356a6c3a03bed4ae2b775f06f847102b0f379710cbcd6d20f1,e2d1328682bab7d2187684fb9f5420bb730401c9eefc00daf835edd203f4859d,
ODFL,878927,"OLD DOMINION FREIGHT LINE, INC.",current,2020,2020-12-31,2021-02-24,0001564590-21-008056,2021-02-24T20:53:17.000Z,https://www.sec.gov/Archives/edgar/data/878927/000156459021008056/odfl-10k_20201231.htm,dei:DocumentFiscalYearFocus,4942,29,0.0058680696074463,53,0.0107244030756778,64,0.0129502225819506,-0.0048563334682314,0.0426952650748684,0.0546337515176042,0.0119384864427357,958cccd160f89e00b61cb0d796ff17b0a330a2f2a1bc5bcbb884424cd183293a,e2d1328682bab7d2187684fb9f5420bb730401c9eefc00daf835edd203f4859d,
ODFL,878927,"OLD DOMINION FREIGHT LINE, INC.",current,2021,2021-12-31,2022-02-23,0001564590-22-006303,2022-02-23T21:44:18.000Z,https://www.sec.gov/Archives/edgar/data/878927/000156459022006303/odfl-10k_20211231.htm,dei:DocumentFiscalYearFocus,4768,31,0.0065016778523489,39,0.0081795302013422,52,0.0109060402684563,-0.0016778523489932,0.0515939597315436,0.061241610738255,0.0096476510067114,d576f2d2327cfa2c84b614b73e2ff3f68a56a1b09163116f914157a0c555e735,e2d1328682bab7d2187684fb9f5420bb730401c9eefc00daf835edd203f4859d,
ODFL,878927,"OLD DOMINION FREIGHT LINE, INC.",current,2022,2022-12-31,2023-02-22,0000950170-23-003783,2023-02-22T21:29:11.000Z,https://www.sec.gov/Archives/edgar/data/878927/000095017023003783/odfl-20221231.htm,dei:DocumentFiscalYearFocus,4596,25,0.0054395126196692,40,0.0087032201914708,48,0.010443864229765,-0.0032637075718015,0.0526544821583986,0.0613577023498694,0.0087032201914708,c576d212b1283f2298f6bf9e8d938a62bc7eb1a199045e4a436016577a2fbb3c,e2d1328682bab7d2187684fb9f5420bb730401c9eefc00daf835edd203f4859d,
ODFL,878927,"OLD DOMINION FREIGHT LINE, INC.",current,2023,2023-12-31,2024-02-26,0000950170-24-020176,2024-02-26T21:20:23.000Z,https://www.sec.gov/Archives/edgar/data/878927/000095017024020176/odfl-20231231.htm,dei:DocumentFiscalYearFocus,4703,20,0.0042526047203912,39,0.0082925792047629,45,0.0095683606208802,-0.0040399744843716,0.0455028705081862,0.0554964916011056,0.0099936210929194,e9f072291276103f9f7de581da94739f13ccf6bae4a734af204751aa94d949c3,e2d1328682bab7d2187684fb9f5420bb730401c9eefc00daf835edd203f4859d,
ODFL,878927,"OLD DOMINION FREIGHT LINE, INC.",current,2024,2024-12-31,2025-02-25,0000950170-25-026661,2025-02-25T21:11:23.000Z,https://www.sec.gov/Archives/edgar/data/878927/000095017025026661/odfl-20241231.htm,dei:DocumentFiscalYearFocus,4903,27,0.005506832551499,41,0.0083622272078319,54,0.0110136651029981,-0.0028553946563328,0.0503773200081582,0.05996328778299,0.0095859677748317,c91bbd8f2df49ac1bae9b785052ef78bfcc290520b4e41681ad8d20a5c607c31,e2d1328682bab7d2187684fb9f5420bb730401c9eefc00daf835edd203f4859d,
ODFL,878927,"OLD DOMINION FREIGHT LINE, INC.",current,2025,2025-12-31,2026-02-24,0001193125-26-067161,2026-02-24T21:28:07.000Z,https://www.sec.gov/Archives/edgar/data/878927/000119312526067161/odfl-20251231.htm,dei:DocumentFiscalYearFocus,4802,27,0.0056226572261557,39,0.0081216159933361,53,0.0110370678883798,-0.0024989587671803,0.0497709287796751,0.058725531028738,0.0089546022490628,46de0046a9a2552e0c90f3354357412ccc47c363e7285a5b68f359b2e6d0a8d5,e2d1328682bab7d2187684fb9f5420bb730401c9eefc00daf835edd203f4859d,
ORCL,1341439,ORACLE CORP,current,2016,2016-05-31,2016-06-22,0001193125-16-628942,2016-06-22T20:24:36.000Z,https://www.sec.gov/Archives/edgar/data/1341439/000119312516628942/d203801d10k.htm,cover_fiscal_year_ended,21301,87,0.0040843152903619,178,0.008356415191775,386,0.0181212149664335,-0.004272099901413,0.0433312990000469,0.0526735833998403,0.0093422843997934,47d45a5cb14f6bfb3f66d5b319aff6436d807d182f5fc3c2d8a45a4cb4c8aadf,e2d1328682bab7d2187684fb9f5420bb730401c9eefc00daf835edd203f4859d,
ORCL,1341439,ORACLE CORP,current,2017,2017-05-31,2017-06-27,0001193125-17-214833,2017-06-27T20:05:35.000Z,https://www.sec.gov/Archives/edgar/data/1341439/000119312517214833/d385998d10k.htm,cover_fiscal_year_ended,19120,67,0.0035041841004184,160,0.00836820083682,320,0.0167364016736401,-0.0048640167364016,0.0371861924686192,0.0475941422594142,0.0104079497907949,27bc18d12fd907892088cf70ef1f58e0d61e0b16ba77ed02d6b2d6a50c2dd7a0,e2d1328682bab7d2187684fb9f5420bb730401c9eefc00daf835edd203f4859d,
ORCL,1341439,ORACLE CORP,current,2018,2018-05-31,2018-06-22,0001193125-18-201034,2018-06-22T20:09:07.000Z,https://www.sec.gov/Archives/edgar/data/1341439/000119312518201034/d568983d10k.htm,cover_fiscal_year_ended,18494,49,0.0026495079485238,138,0.0074618795284957,321,0.0173569806423704,-0.0048123715799718,0.0370931112793338,0.047637071482643,0.0105439602033091,3ab686f9b7144b278e184ed4921ea5e11aa8315d40dd467e1e396eb0ea2eb413,e2d1328682bab7d2187684fb9f5420bb730401c9eefc00daf835edd203f4859d,
ORCL,1341439,ORACLE CORP,current,2019,2019-05-31,2019-06-21,0001564590-19-023119,2019-06-21T20:29:05.000Z,https://www.sec.gov/Archives/edgar/data/1341439/000156459019023119/orcl-10k_20190531.htm,cover_fiscal_year_ended,12938,35,0.0027052094605039,101,0.0078064615860256,239,0.0184727160302983,-0.0051012521255217,0.0342402226000927,0.0455248106353377,0.011284588035245,1809ff8b43f3c4f43fae681bb3885d902571ea42d110e1604989226124b1ecfa,e2d1328682bab7d2187684fb9f5420bb730401c9eefc00daf835edd203f4859d,
ORCL,1341439,ORACLE CORP,current,2020,2020-05-31,2020-06-22,0001564590-20-030125,2020-06-22T20:25:49.000Z,https://www.sec.gov/Archives/edgar/data/1341439/000156459020030125/orcl-10k_20200531.htm,dei:DocumentFiscalYearFocus,12567,34,0.0027054985278905,100,0.0079573486114426,239,0.0190180631813479,-0.0052518500835521,0.0320681149041139,0.0450385931407655,0.0129704782366515,823112f9902a68904153fdc659fda3a2ef85ea4d059aed137338ad14658203c7,e2d1328682bab7d2187684fb9f5420bb730401c9eefc00daf835edd203f4859d,
ORCL,1341439,ORACLE CORP,current,2021,2021-05-31,2021-06-21,0001564590-21-033616,2021-06-21T20:10:31.000Z,https://www.sec.gov/Archives/edgar/data/1341439/000156459021033616/orcl-10k_20210531.htm,dei:DocumentFiscalYearFocus,12245,36,0.0029399755002041,100,0.0081665986116782,225,0.018374846876276,-0.005226623111474,0.034136382196815,0.0472846059616169,0.0131482237648019,d6f0e93bff60c0da5ae5a8737db894207f8e852cc3ba756658dade9ccff310fe,e2d1328682bab7d2187684fb9f5420bb730401c9eefc00daf835edd203f4859d,
ORCL,1341439,ORACLE CORP,current,2022,2022-05-31,2022-06-21,0001564590-22-023675,2022-06-21T12:04:37.000Z,https://www.sec.gov/Archives/edgar/data/1341439/000156459022023675/orcl-10k_20220531.htm,dei:DocumentFiscalYearFocus,12288,46,0.0037434895833333,116,0.0094401041666666,222,0.01806640625,-0.0056966145833333,0.0367024739583333,0.0492350260416666,0.0125325520833333,2c019a8e3afc357e9cf79c3ea098670817c9ea64b4dfc3465bef0e27a7fdb162,e2d1328682bab7d2187684fb9f5420bb730401c9eefc00daf835edd203f4859d,
ORCL,1341439,ORACLE CORP,current,2023,2023-05-31,2023-06-20,0000950170-23-028914,2023-06-20T20:06:29.000Z,https://www.sec.gov/Archives/edgar/data/1341439/000095017023028914/orcl-20230531.htm,dei:DocumentFiscalYearFocus,12003,37,0.0030825626926601,107,0.0089144380571523,214,0.0178288761143047,-0.0058318753644922,0.0366575022910938,0.0486545030409064,0.0119970007498125,5568561f8485756f8cee2b25a4a3b77d6f615dde8a8a8e332049f701d1332fa4,e2d1328682bab7d2187684fb9f5420bb730401c9eefc00daf835edd203f4859d,
ORCL,1341439,ORACLE CORP,current,2024,2024-05-31,2024-06-20,0000950170-24-075605,2024-06-20T20:21:35.000Z,https://www.sec.gov/Archives/edgar/data/1341439/000095017024075605/orcl-20240531.htm,dei:DocumentFiscalYearFocus,10019,29,0.0028945004491466,93,0.0092823635093322,179,0.0178660544964567,-0.0063878630601856,0.0348338157500748,0.0470106797085537,0.0121768639584788,470a87f84dd07d071b089deb44c1bcff0fc223e0946e73894a028836abf52e05,e2d1328682bab7d2187684fb9f5420bb730401c9eefc00daf835edd203f4859d,
ORCL,1341439,ORACLE CORP,current,2025,2025-05-31,2025-06-18,0000950170-25-087926,2025-06-18T20:31:22.000Z,https://www.sec.gov/Archives/edgar/data/1341439/000095017025087926/orcl-20250531.htm,dei:DocumentFiscalYearFocus,10172,30,0.0029492725127801,93,0.0091427447896185,150,0.0147463625639009,-0.0061934722768383,0.0384388517499016,0.0485646873771136,0.0101258356272119,90a8a30ebcb461be570ce88b943c3fa1d6339c09508d24ae62ba9e66b9564aec,e2d1328682bab7d2187684fb9f5420bb730401c9eefc00daf835edd203f4859d,
P,1474432,"Everpure, Inc.",current,2016,2016-01-31,2016-03-25,0001564590-16-015322,2016-03-25T21:22:42.000Z,https://www.sec.gov/Archives/edgar/data/1474432/000156459016015322/pstg-10k_20160131.htm,cover_fiscal_year_ended,8632,53,0.0061399443929564,63,0.0072984244670991,72,0.0083410565338276,-0.0011584800741427,0.0454124189063948,0.0583873957367933,0.0129749768303985,306f04072e111eb193c1562120539cee9d485987b977d32dab67889cb63038ee,e2d1328682bab7d2187684fb9f5420bb730401c9eefc00daf835edd203f4859d,
P,1474432,"Everpure, Inc.",current,2017,2017-01-31,2017-03-29,0001628280-17-003034,2017-03-29T01:45:29.000Z,https://www.sec.gov/Archives/edgar/data/1474432/000162828017003034/a10k2017.htm,cover_fiscal_year_ended,8313,53,0.0063755563575123,54,0.0064958498736918,65,0.007819078551666,-0.0001202935161794,0.0454709491158426,0.0593047034764826,0.0138337543606399,b092610196d1492425b04857813bc5c8582d653e708aa95c45c040ff09ff14e8,e2d1328682bab7d2187684fb9f5420bb730401c9eefc00daf835edd203f4859d,
P,1474432,"Everpure, Inc.",current,2018,2018-01-31,2018-03-26,0001628280-18-003579,2018-03-26T21:24:53.000Z,https://www.sec.gov/Archives/edgar/data/1474432/000162828018003579/a10k2018.htm,cover_fiscal_year_ended,7821,57,0.0072880705792098,51,0.0065209052550824,61,0.007799514128628,0.0007671653241273,0.0482035545326684,0.0621403912543153,0.0139368367216468,ad2937f860996f663b4baa8ca6667f6d4dfb4faa5d0220fc5ff793e9efb5bb4b,e2d1328682bab7d2187684fb9f5420bb730401c9eefc00daf835edd203f4859d,
P,1474432,"Everpure, Inc.",current,2019,2019-01-31,2019-03-26,0001628280-19-003437,2019-03-26T20:57:46.000Z,https://www.sec.gov/Archives/edgar/data/1474432/000162828019003437/a10k2019.htm,cover_fiscal_year_ended,7913,59,0.0074560849235435,49,0.0061923417161632,63,0.0079615822064956,0.0012637432073802,0.0491596107670921,0.0625552887653228,0.0133956779982307,8b63f87e1d306c8ad6ffcbc9b425c14cc3896e9754b87acf54da0ec454c570ba,e2d1328682bab7d2187684fb9f5420bb730401c9eefc00daf835edd203f4859d,
P,1474432,"Everpure, Inc.",current,2020,2020-02-02,2020-03-27,0001628280-20-004133,2020-03-26T23:46:12.000Z,https://www.sec.gov/Archives/edgar/data/1474432/000162828020004133/pstg-20200202.htm,dei:DocumentFiscalYearFocus,5309,17,0.0032021096251648,38,0.0071576568091919,50,0.0094179694857788,-0.0039555471840271,0.0374835185533998,0.0495385194951968,0.0120550009417969,48c37d970e9e1bc14436ada578aea29bc16c9b4f7ba4beb1ba0fb942f4b4f892,e2d1328682bab7d2187684fb9f5420bb730401c9eefc00daf835edd203f4859d,
P,1474432,"Everpure, Inc.",current,2021,2021-01-31,2021-03-25,0001628280-21-005538,2021-03-25T01:57:00.000Z,https://www.sec.gov/Archives/edgar/data/1474432/000162828021005538/pstg-20210131.htm,dei:DocumentFiscalYearFocus,6545,22,0.0033613445378151,50,0.0076394194041252,75,0.0114591291061879,-0.0042780748663101,0.040183346065699,0.0530175706646294,0.0128342245989304,0e438177c61357004fdbffd2a46cc41847042bc13f7064ab047b9d003a65c8c9,e2d1328682bab7d2187684fb9f5420bb730401c9eefc00daf835edd203f4859d,
P,1474432,"Everpure, Inc.",current,2022,2022-02-06,2022-04-07,0001628280-22-008643,2022-04-07T01:00:34.000Z,https://www.sec.gov/Archives/edgar/data/1474432/000162828022008643/pstg-20220206.htm,dei:DocumentFiscalYearFocus,5725,16,0.0027947598253275,33,0.0057641921397379,47,0.0082096069868995,-0.0029694323144104,0.0405240174672489,0.05117903930131,0.0106550218340611,03d39eca317459080ae7ae8b85731b097dca747e971caf03253477e43152c26f,e2d1328682bab7d2187684fb9f5420bb730401c9eefc00daf835edd203f4859d,
P,1474432,"Everpure, Inc.",current,2023,2023-02-05,2023-04-03,0001628280-23-010275,2023-04-01T00:36:51.000Z,https://www.sec.gov/Archives/edgar/data/1474432/000162828023010275/pstg-20230205.htm,dei:DocumentFiscalYearFocus,5513,19,0.0034463994195537,28,0.0050789044077634,49,0.008888082713586,-0.0016325049882096,0.042989298022855,0.0526029385089787,0.0096136404861237,e70e82b7c4ddb22faeb31d817ed48f0627897d3cabb763b2d24c6fa51c90cfe4,e2d1328682bab7d2187684fb9f5420bb730401c9eefc00daf835edd203f4859d,
P,1474432,"Everpure, Inc.",current,2024,2024-02-04,2024-04-01,0001628280-24-013860,2024-03-30T01:12:45.000Z,https://www.sec.gov/Archives/edgar/data/1474432/000162828024013860/pstg-20240204.htm,dei:DocumentFiscalYearFocus,4137,14,0.0033840947546531,36,0.0087019579405366,43,0.0103940053178631,-0.0053178631858834,0.0391588107324147,0.0526951897510273,0.0135363790186125,98d98776830001cad7eb43e3de12e7d80ac2d662b42a239dd81624b86e701813,e2d1328682bab7d2187684fb9f5420bb730401c9eefc00daf835edd203f4859d,
P,1474432,"Everpure, Inc.",current,2025,2025-02-02,2025-03-27,0001628280-25-015044,2025-03-27T01:25:43.000Z,https://www.sec.gov/Archives/edgar/data/1474432/000162828025015044/pstg-20250202.htm,dei:DocumentFiscalYearFocus,4518,17,0.0037627268702965,38,0.0084108012394864,41,0.0090748118636564,-0.0046480743691899,0.0409473218238158,0.0528995130588756,0.0119521912350597,e9dbefb084770de8e47e1cb63a45bb93789667b73b9a1ba4de9e2f14762fb8a2,e2d1328682bab7d2187684fb9f5420bb730401c9eefc00daf835edd203f4859d,
PAYX,723531,PAYCHEX INC,current,2016,2016-05-31,2016-07-22,0000723531-16-000046,2016-07-22T21:28:47.000Z,https://www.sec.gov/Archives/edgar/data/723531/000072353116000046/payx-20160531x10k.htm,cover_fiscal_year_ended,8070,47,0.0058240396530359,61,0.0075588599752168,160,0.0198265179677819,-0.0017348203221809,0.049814126394052,0.0612143742255266,0.0114002478314745,58b5790b3671e2de96b5bbcaf50862004e4c45e5b903bb17d22bb3f7032c9d76,e2d1328682bab7d2187684fb9f5420bb730401c9eefc00daf835edd203f4859d,
PAYX,723531,PAYCHEX INC,current,2017,2017-05-31,2017-07-21,0000723531-17-000023,2017-07-21T21:29:04.000Z,https://www.sec.gov/Archives/edgar/data/723531/000072353117000023/payx-20170531x10k.htm,cover_fiscal_year_ended,8959,49,0.0054693604196896,64,0.0071436544257171,201,0.0224355396807679,-0.0016742940060274,0.0469918517691706,0.059270007813372,0.0122781560442013,e4d43018613f994710c4e8a8c4412d831fd3a91b582190eb334355d5018f9aa9,e2d1328682bab7d2187684fb9f5420bb730401c9eefc00daf835edd203f4859d,
PAYX,723531,PAYCHEX INC,current,2018,2018-05-31,2018-07-20,0000723531-18-000026,2018-07-20T21:11:56.000Z,https://www.sec.gov/Archives/edgar/data/723531/000072353118000026/payx-20180531x10k.htm,cover_fiscal_year_ended,8638,36,0.0041676313961565,69,0.0079879601759666,173,0.0200277842093077,-0.0038203287798101,0.0470016207455429,0.0585783746237555,0.0115767538782125,992c33fa428f40b78fb66ab03743d6be0aeab37de93b37bed9123b71861d626a,e2d1328682bab7d2187684fb9f5420bb730401c9eefc00daf835edd203f4859d,
PAYX,723531,PAYCHEX INC,current,2019,2019-05-31,2019-07-24,0000723531-19-000032,2019-07-24T21:25:48.000Z,https://www.sec.gov/Archives/edgar/data/723531/000072353119000032/payx-20190531x10k.htm,cover_fiscal_year_ended,9027,41,0.0045419297662567,74,0.0081976293342195,172,0.0190539492633211,-0.0036556995679627,0.0468594217347956,0.0593774232856984,0.0125180015509028,72c8902e680626a12c44ca319d41df4965ac57d196cae72803662e1420ad93ec,e2d1328682bab7d2187684fb9f5420bb730401c9eefc00daf835edd203f4859d,
PAYX,723531,PAYCHEX INC,current,2020,2020-05-31,2020-07-17,0000723531-20-000048,2020-07-17T20:53:00.000Z,https://www.sec.gov/Archives/edgar/data/723531/000072353120000048/payx-20200531x10k.htm,dei:DocumentFiscalYearFocus,8223,50,0.0060805058980907,86,0.010458470144716,144,0.0175118569865012,-0.0043779642466253,0.0441444728201386,0.0586160768575945,0.0144716040374559,0acbb5ac7364869e48ff463f170b4b1b0a9018823936a92a23556ecff2ea3715,e2d1328682bab7d2187684fb9f5420bb730401c9eefc00daf835edd203f4859d,
PAYX,723531,PAYCHEX INC,current,2021,2021-05-31,2021-07-16,0000723531-21-000035,2021-07-16T20:25:18.000Z,https://www.sec.gov/Archives/edgar/data/723531/000072353121000035/payx-20210531x10k.htm,dei:DocumentFiscalYearFocus,7656,60,0.0078369905956112,81,0.0105799373040752,144,0.018808777429467,-0.0027429467084639,0.0451933124346917,0.0586468129571577,0.013453500522466,abb428364781b209e6562839f788aa0f99e380c4026edd4b4735ee3458c82956,e2d1328682bab7d2187684fb9f5420bb730401c9eefc00daf835edd203f4859d,
PAYX,723531,PAYCHEX INC,current,2022,2022-05-31,2022-07-15,0000950170-22-012734,2022-07-15T20:24:49.000Z,https://www.sec.gov/Archives/edgar/data/723531/000095017022012734/payx-20220531.htm,dei:DocumentFiscalYearFocus,6952,42,0.0060414269275028,82,0.0117951668584579,134,0.0192750287686996,-0.0057537399309551,0.0455983889528193,0.0591196777905638,0.0135212888377445,297f8fdb13990a741654bb27a8e49de609c4978119c5761dc3d46ec2da56c048,e2d1328682bab7d2187684fb9f5420bb730401c9eefc00daf835edd203f4859d,
PAYX,723531,PAYCHEX INC,current,2023,2023-05-31,2023-07-14,0000950170-23-032988,2023-07-14T20:02:30.000Z,https://www.sec.gov/Archives/edgar/data/723531/000095017023032988/payx-20230531.htm,dei:DocumentFiscalYearFocus,6267,29,0.0046274134354555,76,0.0121270145205042,124,0.0197861815860858,-0.0074996010850486,0.044997606510292,0.0590394127971916,0.0140418062868996,9297536bb7120d8393fa2f15170d744760b66a53ac80aff778fdf9528940d4a8,e2d1328682bab7d2187684fb9f5420bb730401c9eefc00daf835edd203f4859d,
PAYX,723531,PAYCHEX INC,current,2024,2024-05-31,2024-07-11,0000950170-24-082958,2024-07-11T20:03:59.000Z,https://www.sec.gov/Archives/edgar/data/723531/000095017024082958/payx-20240531.htm,dei:DocumentFiscalYearFocus,7225,38,0.0052595155709342,75,0.0103806228373702,129,0.0178546712802768,-0.0051211072664359,0.0455363321799308,0.0584083044982699,0.0128719723183391,e3b9be1cb604be5f1b73f34229d36ab2a3b47b36ec1995c63f8e1e902f91f746,e2d1328682bab7d2187684fb9f5420bb730401c9eefc00daf835edd203f4859d,
PAYX,723531,PAYCHEX INC,current,2025,2025-05-31,2025-07-11,0000950170-25-095300,2025-07-11T20:19:29.000Z,https://www.sec.gov/Archives/edgar/data/723531/000095017025095300/payx-20250531.htm,dei:DocumentFiscalYearFocus,7810,38,0.004865556978233,76,0.009731113956466,154,0.0197183098591549,-0.004865556978233,0.0468629961587708,0.0595390524967989,0.0126760563380281,0a693d1ce121dd387fadbc9b2da319da59d5059068633f39456c9be3e4f62878,e2d1328682bab7d2187684fb9f5420bb730401c9eefc00daf835edd203f4859d,
PEG,788784,PUBLIC SERVICE ENTERPRISE GROUP INC,current,2016,2016-12-31,2017-02-27,0000788784-17-000003,2017-02-27T22:28:47.000Z,https://www.sec.gov/Archives/edgar/data/788784/000078878417000003/pseg201610kq4.htm,cover_fiscal_year_ended,13984,130,0.0092963386727688,160,0.011441647597254,210,0.0150171624713958,-0.0021453089244851,0.0363987414187643,0.0574227688787185,0.0210240274599542,82ad0fbf4b7c5c203651bcb3e66dfef04a4490d081b9a38a50b0af8a50b298d1,e2d1328682bab7d2187684fb9f5420bb730401c9eefc00daf835edd203f4859d,
PEG,788784,PUBLIC SERVICE ENTERPRISE GROUP INC,current,2017,2017-12-31,2018-02-26,0000788784-18-000004,2018-02-26T14:22:03.000Z,https://www.sec.gov/Archives/edgar/data/788784/000078878418000004/pseg201710kq4.htm,cover_fiscal_year_ended,14733,135,0.0091631032376298,154,0.0104527251747777,214,0.0145252155026131,-0.0012896219371478,0.0386886581144369,0.058711735559628,0.020023077445191,9ac25c7906eb3624d488e1375aa3dab24f8416827fa587930bda7e170bd0518d,e2d1328682bab7d2187684fb9f5420bb730401c9eefc00daf835edd203f4859d,
PEG,788784,PUBLIC SERVICE ENTERPRISE GROUP INC,current,2018,2018-12-31,2019-02-28,0000788784-19-000005,2019-02-28T00:35:09.000Z,https://www.sec.gov/Archives/edgar/data/788784/000078878419000005/pseg201810k.htm,cover_fiscal_year_ended,15664,132,0.0084269662921348,153,0.009767620020429,218,0.0139172625127681,-0.0013406537282941,0.0442415730337078,0.061414708886619,0.0171731358529111,37cc8a900f5149331b010483c90f3f905a574348104eeaef28a8250c6f8820e6,e2d1328682bab7d2187684fb9f5420bb730401c9eefc00daf835edd203f4859d,
PEG,788784,PUBLIC SERVICE ENTERPRISE GROUP INC,current,2019,2019-12-31,2020-02-26,0000788784-20-000004,2020-02-26T22:15:29.000Z,https://www.sec.gov/Archives/edgar/data/788784/000078878420000004/pseg201910k.htm,dei:DocumentFiscalYearFocus,13117,132,0.0100632766638713,138,0.0105206983304109,211,0.0160859952733094,-0.0004574216665396,0.0455896927651139,0.0630479530380422,0.0174582602729282,24226b1bfe26efdf85ab8f24306edcf849e5c3498ca55c50ce0f023e9c6fa309,e2d1328682bab7d2187684fb9f5420bb730401c9eefc00daf835edd203f4859d,
PEG,788784,PUBLIC SERVICE ENTERPRISE GROUP INC,current,2020,2020-12-31,2021-03-01,0000788784-21-000007,2021-02-26T23:54:08.000Z,https://www.sec.gov/Archives/edgar/data/788784/000078878421000007/pseg-20201231.htm,dei:DocumentFiscalYearFocus,15693,152,0.0096858471930159,203,0.0129357038169884,243,0.0154846109730453,-0.0032498566239724,0.0413560186070222,0.0581150831580959,0.0167590645510737,57025f04a0a0f8f6acbed718cffac062b860a277545cffe2c2d4122cfeb8d520,e2d1328682bab7d2187684fb9f5420bb730401c9eefc00daf835edd203f4859d,
PEG,788784,PUBLIC SERVICE ENTERPRISE GROUP INC,current,2021,2021-12-31,2022-02-24,0001628280-22-003860,2022-02-24T22:12:39.000Z,https://www.sec.gov/Archives/edgar/data/788784/000162828022003860/pseg-20211231.htm,dei:DocumentFiscalYearFocus,15416,131,0.0084976647638816,205,0.0132978723404255,205,0.0132978723404255,-0.0048002075765438,0.047029060716139,0.0633757135443694,0.0163466528282304,4f9372415f118a7fecf86242f1f5dce3d1c6da90c939e2dd530893fbb25de8c0,e2d1328682bab7d2187684fb9f5420bb730401c9eefc00daf835edd203f4859d,
PEG,788784,PUBLIC SERVICE ENTERPRISE GROUP INC,current,2022,2022-12-31,2023-02-22,0001628280-23-004411,2023-02-22T00:56:44.000Z,https://www.sec.gov/Archives/edgar/data/788784/000162828023004411/pseg-20221231.htm,dei:DocumentFiscalYearFocus,13164,95,0.0072166514737161,172,0.013065937405044,204,0.015496809480401,-0.0058492859313278,0.0458067456700091,0.0641142509875417,0.0183075053175326,0257c048c41840711b02b88d9c1735586c0840bc62fe5c00c0ce3918278032fb,e2d1328682bab7d2187684fb9f5420bb730401c9eefc00daf835edd203f4859d,
PEG,788784,PUBLIC SERVICE ENTERPRISE GROUP INC,current,2023,2023-12-31,2024-02-26,0001628280-24-006885,2024-02-26T21:26:07.000Z,https://www.sec.gov/Archives/edgar/data/788784/000162828024006885/pseg-20231231.htm,dei:DocumentFiscalYearFocus,11405,80,0.0070144673388864,122,0.0106970626918018,187,0.016396317404647,-0.0036825953529153,0.0469092503288031,0.0636562911003945,0.0167470407715914,67c7abd5c2c55162b24ea49514350b0b8ee68e010ddc0759eac5b45f3aff4f2c,e2d1328682bab7d2187684fb9f5420bb730401c9eefc00daf835edd203f4859d,
PEG,788784,PUBLIC SERVICE ENTERPRISE GROUP INC,current,2024,2024-12-31,2025-02-25,0000950170-25-026874,2025-02-25T22:24:49.000Z,https://www.sec.gov/Archives/edgar/data/788784/000095017025026874/peg-20241231.htm,dei:DocumentFiscalYearFocus,11309,75,0.0066318861084092,95,0.0084003890706516,202,0.0178618799186488,-0.0017685029622424,0.0488106817578919,0.0648156335661862,0.0160049518082942,2b9f210978cb7ad41c824d44ae15de97dc91bc12086723f919e458584db12d3e,e2d1328682bab7d2187684fb9f5420bb730401c9eefc00daf835edd203f4859d,
PEG,788784,PUBLIC SERVICE ENTERPRISE GROUP INC,current,2025,2025-12-31,2026-02-26,0001193125-26-077446,2026-02-26T22:27:05.000Z,https://www.sec.gov/Archives/edgar/data/788784/000119312526077446/peg-20251231.htm,dei:DocumentFiscalYearFocus,11753,76,0.0064664341019314,100,0.0085084659235939,198,0.016846762528716,-0.0020420318216625,0.0518165574746873,0.0667914575002127,0.0149749000255253,ee85798abe04173681f2f3df6af1a846e757524c0c3f84db4d134051479b4457,e2d1328682bab7d2187684fb9f5420bb730401c9eefc00daf835edd203f4859d,
PEP,77476,PEPSICO INC,current,2016,2016-12-31,2017-02-15,0000077476-17-000010,2017-02-15T21:35:15.000Z,https://www.sec.gov/Archives/edgar/data/77476/000007747617000010/pepsico201610-k.htm,cover_fiscal_year_ended,33428,198,0.0059231781739858,517,0.0154660763431853,410,0.0122651669259303,-0.0095428981691994,0.0496589685293765,0.0693430656934306,0.019684097164054,2fa4d63ddbf508a03b749afdc26c3f84240e08cbabd26968a9249ca44af01455,e2d1328682bab7d2187684fb9f5420bb730401c9eefc00daf835edd203f4859d,
PEP,77476,PEPSICO INC,current,2017,2017-12-30,2018-02-13,0000077476-18-000012,2018-02-13T21:32:31.000Z,https://www.sec.gov/Archives/edgar/data/77476/000007747618000012/pepsico201710-k.htm,cover_fiscal_year_ended,34000,182,0.0053529411764705,490,0.0144117647058823,436,0.0128235294117647,-0.0090588235294117,0.0474705882352941,0.0668529411764705,0.0193823529411764,1c61d88d4c86ad0603fa1fe3cb100c882152838266fcdb802d777f2585ae0f2c,e2d1328682bab7d2187684fb9f5420bb730401c9eefc00daf835edd203f4859d,
PEP,77476,PEPSICO INC,current,2018,2018-12-29,2019-02-15,0000077476-19-000017,2019-02-15T21:23:02.000Z,https://www.sec.gov/Archives/edgar/data/77476/000007747619000017/pepsico201810-k.htm,cover_fiscal_year_ended,33223,178,0.0053577340998705,447,0.0134545345092255,436,0.0131234385817054,-0.0080968004093549,0.0451193450320561,0.0650753995725852,0.0199560545405291,fb0463342c2c34fbae44c126c63c5486db31818281a12a0bc5161188328b4f8e,e2d1328682bab7d2187684fb9f5420bb730401c9eefc00daf835edd203f4859d,
PEP,77476,PEPSICO INC,current,2019,2019-12-28,2020-02-13,0000077476-20-000015,2020-02-13T11:09:23.000Z,https://www.sec.gov/Archives/edgar/data/77476/000007747620000015/pepsico201910-k.htm,dei:DocumentFiscalYearFocus,33305,177,0.0053145173397387,425,0.0127608467197117,444,0.0133313316318871,-0.0074463293799729,0.0458789971475754,0.0664765050292748,0.0205975078816994,7734a5a10ebf89d4810b3b1c4dbe598ed1c380843297f9fa7c1a2f40a070f1d7,e2d1328682bab7d2187684fb9f5420bb730401c9eefc00daf835edd203f4859d,
PEP,77476,PEPSICO INC,current,2020,2020-12-26,2021-02-11,0000077476-21-000007,2021-02-10T22:41:49.000Z,https://www.sec.gov/Archives/edgar/data/77476/000007747621000007/pep-20201226.htm,dei:DocumentFiscalYearFocus,33765,165,0.0048867170146601,422,0.0124981489708277,520,0.0154005627128683,-0.0076114319561676,0.0444839330667851,0.0654523915296905,0.0209684584629053,384691b849d5aaba0022554359f77dbe6eecf7b7cafcbc05c7dda8a4e2009404,e2d1328682bab7d2187684fb9f5420bb730401c9eefc00daf835edd203f4859d,
PEP,77476,PEPSICO INC,current,2021,2021-12-25,2022-02-10,0000077476-22-000010,2022-02-09T23:03:39.000Z,https://www.sec.gov/Archives/edgar/data/77476/000007747622000010/pep-20211225.htm,dei:DocumentFiscalYearFocus,32389,177,0.0054648183025101,428,0.0132143629009849,522,0.0161165827904535,-0.0077495445984747,0.0417734416005433,0.0631078452561054,0.021334403655562,081100a838646f0ed4a3ddce6758a4786386f942b4719a65ed05982b229ccacd,e2d1328682bab7d2187684fb9f5420bb730401c9eefc00daf835edd203f4859d,
PEP,77476,PEPSICO INC,current,2022,2022-12-31,2023-02-09,0000077476-23-000007,2023-02-08T23:06:37.000Z,https://www.sec.gov/Archives/edgar/data/77476/000007747623000007/pep-20221231.htm,dei:DocumentFiscalYearFocus,34283,194,0.0056587813201878,617,0.0179972581162675,573,0.0167138231776682,-0.0123384767960796,0.0401073418312283,0.0637633812676836,0.0236560394364553,e0421701c285748ce6805986ebbe185cc0bff7dd6119718653f39902d070987d,e2d1328682bab7d2187684fb9f5420bb730401c9eefc00daf835edd203f4859d,
PEP,77476,PEPSICO INC,current,2023,2023-12-30,2024-02-09,0000077476-24-000008,2024-02-08T22:58:51.000Z,https://www.sec.gov/Archives/edgar/data/77476/000007747624000008/pep-20231230.htm,dei:DocumentFiscalYearFocus,34271,207,0.0060400922062385,675,0.0196959528464299,571,0.0166613171486096,-0.0136558606401914,0.0398295935338916,0.0639607831694435,0.0241311896355519,835fc799632f539d4eab55656524dac6821b8ced4e57730ff75dcd1f506adc99,e2d1328682bab7d2187684fb9f5420bb730401c9eefc00daf835edd203f4859d,
PEP,77476,PEPSICO INC,current,2024,2024-12-28,2025-02-04,0000077476-25-000007,2025-02-03T23:22:47.000Z,https://www.sec.gov/Archives/edgar/data/77476/000007747625000007/pep-20241228.htm,dei:DocumentFiscalYearFocus,33874,188,0.0055499793351833,633,0.0186868985062289,566,0.0167089803389029,-0.0131369191710456,0.0414477180138159,0.0641199740213733,0.0226722560075574,3642e303575e23008fc5bd6fba1ac9ad1c1cb650100241a86c108bc8d8b7457d,e2d1328682bab7d2187684fb9f5420bb730401c9eefc00daf835edd203f4859d,
PEP,77476,PEPSICO INC,current,2025,2025-12-27,2026-02-03,0000077476-26-000007,2026-02-02T23:07:04.000Z,https://www.sec.gov/Archives/edgar/data/77476/000007747626000007/pep-20251227.htm,dei:DocumentFiscalYearFocus,31937,168,0.0052603563265178,518,0.0162194320067633,542,0.0169709114819801,-0.0109590756802454,0.0429282650217615,0.064376741710242,0.0214484766884804,fcc60b71621ec6ac2977dc367fb775b63375b48cf709b50e6e994f8f98c9e22b,e2d1328682bab7d2187684fb9f5420bb730401c9eefc00daf835edd203f4859d,
PSX,1534701,Phillips 66,current,2016,2016-12-31,2017-02-17,0001534701-17-000051,2017-02-17T17:47:19.000Z,https://www.sec.gov/Archives/edgar/data/1534701/000153470117000051/psx-20161231_10k.htm,cover_fiscal_year_ended,15895,104,0.0065429380308273,176,0.0110726643598615,184,0.0115759672853098,-0.0045297263290342,0.0271154451085246,0.0498269896193771,0.0227115445108524,6bac2a9b4078a80c614c8b6dc8152a0ab3d5269127c625bf9f81d894292e485d,e2d1328682bab7d2187684fb9f5420bb730401c9eefc00daf835edd203f4859d,
PSX,1534701,Phillips 66,current,2017,2017-12-31,2018-02-23,0001534701-18-000065,2018-02-23T17:22:21.000Z,https://www.sec.gov/Archives/edgar/data/1534701/000153470118000065/psx-20171231_10k.htm,cover_fiscal_year_ended,16620,99,0.005956678700361,164,0.0098676293622141,193,0.0116125150421179,-0.0039109506618531,0.0285198555956678,0.0488567990373044,0.0203369434416365,20f5d4fe36881b66e33eca0a1fc870109e2c66fd664b71562cfaf559fb834ea1,e2d1328682bab7d2187684fb9f5420bb730401c9eefc00daf835edd203f4859d,
PSX,1534701,Phillips 66,current,2018,2018-12-31,2019-02-22,0001534701-19-000063,2019-02-22T18:29:34.000Z,https://www.sec.gov/Archives/edgar/data/1534701/000153470119000063/psx-20181231_10k.htm,cover_fiscal_year_ended,15258,83,0.0054397693013501,145,0.0095032114300694,178,0.0116660112727749,-0.0040634421287193,0.0300825796303578,0.0490234631013239,0.018940883470966,e67d97d81623c4c9e5384a675f7060a661ad5bdd9a5f98624ef6749dbc713b90,e2d1328682bab7d2187684fb9f5420bb730401c9eefc00daf835edd203f4859d,
PSX,1534701,Phillips 66,current,2019,2019-12-31,2020-02-21,0001534701-20-000070,2020-02-21T20:05:37.000Z,https://www.sec.gov/Archives/edgar/data/1534701/000153470120000070/psx-2019123110k.htm,dei:DocumentFiscalYearFocus,15239,72,0.0047247194697814,161,0.0105649977032613,177,0.0116149353632128,-0.0058402782334798,0.0307106765535796,0.0489533433952359,0.0182426668416562,bf3a4e8ed2ba5947493525b773fe66bafc9bb26dddff7ccaf0246f0c5a1e8d86,e2d1328682bab7d2187684fb9f5420bb730401c9eefc00daf835edd203f4859d,
PSX,1534701,Phillips 66,current,2020,2020-12-31,2021-02-24,0001534701-21-000074,2021-02-24T19:54:14.000Z,https://www.sec.gov/Archives/edgar/data/1534701/000153470121000074/psx-20201231.htm,dei:DocumentFiscalYearFocus,15956,74,0.0046377538230132,229,0.0143519679117573,182,0.0114063675106542,-0.009714214088744,0.0237528202557031,0.0458761594384557,0.0221233391827525,3cc4404c8847d1a9d1d9952365a9b130301b54214349a259824d1f2325d1889c,e2d1328682bab7d2187684fb9f5420bb730401c9eefc00daf835edd203f4859d,
PSX,1534701,Phillips 66,current,2021,2021-12-31,2022-02-18,0001534701-22-000078,2022-02-18T21:16:05.000Z,https://www.sec.gov/Archives/edgar/data/1534701/000153470122000078/psx-20211231.htm,dei:DocumentFiscalYearFocus,16023,95,0.0059289770954253,208,0.0129813393247207,177,0.0110466204830556,-0.0070523622292953,0.0287711414841165,0.0500530487424327,0.0212819072583161,7ea320b7fec2583b8c2d000363ff2a0b8e2f8495b3ebd356b6bdc68c69735657,e2d1328682bab7d2187684fb9f5420bb730401c9eefc00daf835edd203f4859d,
PSX,1534701,Phillips 66,current,2022,2022-12-31,2023-02-22,0001534701-23-000053,2023-02-22T22:00:31.000Z,https://www.sec.gov/Archives/edgar/data/1534701/000153470123000053/psx-20221231.htm,dei:DocumentFiscalYearFocus,16491,106,0.0064277484688618,163,0.0098841792492874,142,0.0086107573828148,-0.0034564307804256,0.0355951731247347,0.0538475532108422,0.0182523800861075,5cb78d526240bf5e087e099f796a804fe03d0a7dd9ad839283e1db7dbe7e12df,e2d1328682bab7d2187684fb9f5420bb730401c9eefc00daf835edd203f4859d,
PSX,1534701,Phillips 66,current,2023,2023-12-31,2024-02-21,0001534701-24-000078,2024-02-21T22:09:50.000Z,https://www.sec.gov/Archives/edgar/data/1534701/000153470124000078/psx-20231231.htm,dei:DocumentFiscalYearFocus,15987,84,0.0052542690936385,156,0.0097579283167573,145,0.0090698692687808,-0.0045036592231187,0.0332770375930443,0.0513542253080628,0.0180771877150184,a55fff2a540306a41022eba474f13db69286c2c0a234a100e45c9fef24afdfe6,e2d1328682bab7d2187684fb9f5420bb730401c9eefc00daf835edd203f4859d,
PSX,1534701,Phillips 66,current,2024,2024-12-31,2025-02-21,0001534701-25-000074,2025-02-21T19:39:10.000Z,https://www.sec.gov/Archives/edgar/data/1534701/000153470125000074/psx-20241231.htm,dei:DocumentFiscalYearFocus,17304,92,0.0053166897827092,216,0.0124826629680998,169,0.0097665279704114,-0.0071659731853906,0.0299930651872399,0.0503929727230698,0.0203999075358298,29c3e6ac33711c0e31ef0e67d5fe53ee4a542109b56dbbd2e80543f410d98d44,e2d1328682bab7d2187684fb9f5420bb730401c9eefc00daf835edd203f4859d,
PSX,1534701,Phillips 66,current,2025,2025-12-31,2026-02-20,0001534701-26-000006,2026-02-20T17:46:04.000Z,https://www.sec.gov/Archives/edgar/data/1534701/000153470126000006/psx-20251231.htm,dei:DocumentFiscalYearFocus,17880,83,0.004642058165548,235,0.0131431767337807,171,0.0095637583892617,-0.0085011185682326,0.032662192393736,0.0516778523489932,0.0190156599552572,ad9d1fbd6b4bf05c7ab24b3ad3394b2434265ba81a1ed067c4bccd8f2fe27e84,e2d1328682bab7d2187684fb9f5420bb730401c9eefc00daf835edd203f4859d,
PWR,1050915,"QUANTA SERVICES, INC.",current,2016,2016-12-31,2017-03-01,0001193125-17-064821,2017-03-01T18:07:31.000Z,https://www.sec.gov/Archives/edgar/data/1050915/000119312517064821/d295903d10k.htm,cover_fiscal_year_ended,29655,211,0.0071151576462653,600,0.0202326757713707,556,0.0187489462148035,-0.0131175181251053,0.0360816051256112,0.0565166076546956,0.0204350025290844,9b047abe47b0b28fcbf7ae4a50f7a464237f343033bce82293cde6c1ce3091d4,e2d1328682bab7d2187684fb9f5420bb730401c9eefc00daf835edd203f4859d,
PWR,1050915,"QUANTA SERVICES, INC.",current,2017,2017-12-31,2018-02-28,0001050915-18-000003,2018-02-28T21:18:55.000Z,https://www.sec.gov/Archives/edgar/data/1050915/000105091518000003/pwr-123117x10k.htm,cover_fiscal_year_ended,25465,154,0.0060475161987041,520,0.0204201845670528,513,0.0201452974671117,-0.0143726683683487,0.036756332220695,0.0593756135872766,0.0226192813665815,7f8004c022eb7b3640eb987c47dbc16c3c73a0e791270f49738af9bbdaea3c03,e2d1328682bab7d2187684fb9f5420bb730401c9eefc00daf835edd203f4859d,
PWR,1050915,"QUANTA SERVICES, INC.",current,2018,2018-12-31,2019-02-28,0001050915-19-000014,2019-02-28T22:12:22.000Z,https://www.sec.gov/Archives/edgar/data/1050915/000105091519000014/pwr-123118x10k.htm,dei:DocumentFiscalYearFocus,22787,145,0.0063632773072365,458,0.0200991793566507,512,0.0224689515952077,-0.0137359020494141,0.0371264317373941,0.058937113266336,0.0218106815289419,9208a71a454fd2959dff5596319f2a2dbb4c0edfb296d7359d7284128520ccc4,e2d1328682bab7d2187684fb9f5420bb730401c9eefc00daf835edd203f4859d,
PWR,1050915,"QUANTA SERVICES, INC.",current,2019,2019-12-31,2020-02-28,0001050915-20-000020,2020-02-28T22:10:05.000Z,https://www.sec.gov/Archives/edgar/data/1050915/000105091520000020/pwr-123119x10k.htm,dei:DocumentFiscalYearFocus,14664,87,0.0059328968903436,304,0.0207310420076377,328,0.022367703218767,-0.014798145117294,0.0336197490452809,0.0576241134751773,0.0240043644298963,98875a6a77f8e8545f9987395a4552fb757d17f7e9bc123e1221a1bac12b90e4,e2d1328682bab7d2187684fb9f5420bb730401c9eefc00daf835edd203f4859d,
PWR,1050915,"QUANTA SERVICES, INC.",current,2020,2020-12-31,2021-03-01,0001050915-21-000009,2021-02-26T23:54:46.000Z,https://www.sec.gov/Archives/edgar/data/1050915/000105091521000009/pwr-20201231.htm,dei:DocumentFiscalYearFocus,15760,95,0.0060279187817258,292,0.0185279187817258,278,0.0176395939086294,-0.0125,0.0371192893401015,0.0570431472081218,0.0199238578680203,b812f121e6946f8e206b9c94565e1890bad48c89873489137fdacfc91e8ff706,e2d1328682bab7d2187684fb9f5420bb730401c9eefc00daf835edd203f4859d,
PWR,1050915,"QUANTA SERVICES, INC.",current,2021,2021-12-31,2022-02-25,0001050915-22-000008,2022-02-25T22:10:27.000Z,https://www.sec.gov/Archives/edgar/data/1050915/000105091522000008/pwr-20211231.htm,dei:DocumentFiscalYearFocus,13453,111,0.0082509477439976,249,0.0185088827770757,224,0.0166505612131123,-0.0102579350330781,0.0442280532223295,0.0637775960752248,0.0195495428528952,62530b1c18d5c1f0219c1bd9a6a9aeab555a5233b4999ad5d5b79efb74da652a,e2d1328682bab7d2187684fb9f5420bb730401c9eefc00daf835edd203f4859d,
PWR,1050915,"QUANTA SERVICES, INC.",current,2022,2022-12-31,2023-02-23,0001050915-23-000010,2023-02-23T15:03:37.000Z,https://www.sec.gov/Archives/edgar/data/1050915/000105091523000010/pwr-20221231.htm,dei:DocumentFiscalYearFocus,8803,40,0.0045439054867658,116,0.013177325911621,158,0.0179484266727252,-0.0086334204248551,0.0369192320799727,0.054981256389867,0.0180620243098943,a3233be520acd484ebebb84d95095a97e71ce5e6ca18b673e4097aafd115c499,e2d1328682bab7d2187684fb9f5420bb730401c9eefc00daf835edd203f4859d,
PWR,1050915,"QUANTA SERVICES, INC.",current,2023,2023-12-31,2024-02-22,0001050915-24-000009,2024-02-22T14:56:10.000Z,https://www.sec.gov/Archives/edgar/data/1050915/000105091524000009/pwr-20231231.htm,dei:DocumentFiscalYearFocus,9303,47,0.0050521337203052,128,0.0137590024723207,177,0.019026120606256,-0.0087068687520154,0.0334300763194668,0.0527786735461679,0.019348597226701,2f747c439bc6677d5b6a691af70437ac6020653799804491c320ece04e06d253,e2d1328682bab7d2187684fb9f5420bb730401c9eefc00daf835edd203f4859d,
PWR,1050915,"QUANTA SERVICES, INC.",current,2024,2024-12-31,2025-02-20,0001050915-25-000005,2025-02-20T15:10:36.000Z,https://www.sec.gov/Archives/edgar/data/1050915/000105091525000005/pwr-20241231.htm,dei:DocumentFiscalYearFocus,8902,36,0.0040440350483037,119,0.0133677825207818,168,0.0188721635587508,-0.009323747472478,0.0331386205347113,0.0525724556279487,0.0194338350932374,f3aa61f1f93b1eef78a4d4ebf17f9798f867971b8c580bd632f0d22ba5a1af46,e2d1328682bab7d2187684fb9f5420bb730401c9eefc00daf835edd203f4859d,
PWR,1050915,"QUANTA SERVICES, INC.",current,2025,2025-12-31,2026-02-19,0001050915-26-000006,2026-02-19T14:58:03.000Z,https://www.sec.gov/Archives/edgar/data/1050915/000105091526000006/pwr-20251231.htm,dei:DocumentFiscalYearFocus,9111,35,0.0038415102623202,111,0.0121830754033585,173,0.0189880364394687,-0.0083415651410383,0.0327077159477554,0.0520250246954231,0.0193173087476676,b5d8242ab9d83b777ee900d8ee71b4b99a7dd2416f10a04fd828c90c6a716c96,e2d1328682bab7d2187684fb9f5420bb730401c9eefc00daf835edd203f4859d,
ROP,882835,ROPER TECHNOLOGIES INC,current,2016,2016-12-31,2017-02-27,0000882835-17-000006,2017-02-27T18:56:23.000Z,https://www.sec.gov/Archives/edgar/data/882835/000088283517000006/cy2016_10-k.htm,cover_fiscal_year_ended,5976,19,0.0031793842034805,89,0.0148929049531459,63,0.0105421686746987,-0.0117135207496653,0.0304551539491298,0.0505354752342704,0.0200803212851405,dd9c5900583bcb6c9f61906a02fecb681444ac85439b2b85f333da48a225dd90,e2d1328682bab7d2187684fb9f5420bb730401c9eefc00daf835edd203f4859d,
ROP,882835,ROPER TECHNOLOGIES INC,current,2017,2017-12-31,2018-02-23,0000882835-18-000011,2018-02-23T21:10:12.000Z,https://www.sec.gov/Archives/edgar/data/882835/000088283518000011/a201710-kdoc.htm,cover_fiscal_year_ended,5386,11,0.0020423319717786,64,0.0118826587448941,56,0.0103973264017824,-0.0098403267731154,0.0328629780913479,0.0510582992944671,0.0181953212031192,637b2aea3e79907d1582de4d8e6c38814513f1081286a5b39d33eb4332968674,e2d1328682bab7d2187684fb9f5420bb730401c9eefc00daf835edd203f4859d,
ROP,882835,ROPER TECHNOLOGIES INC,current,2018,2018-12-31,2019-02-25,0000882835-19-000010,2019-02-25T16:44:47.000Z,https://www.sec.gov/Archives/edgar/data/882835/000088283519000010/a201810-kdoc.htm,cover_fiscal_year_ended,5586,11,0.001969208736126,63,0.0112781954887218,60,0.0107411385606874,-0.0093089867525957,0.0347296813462227,0.0526315789473684,0.0179018976011457,a7b002517a64e1d2c1fe745f1c3f3c2ee7b1a9d8ee6469efd4e2c3e1b5aac7ad,e2d1328682bab7d2187684fb9f5420bb730401c9eefc00daf835edd203f4859d,
ROP,882835,ROPER TECHNOLOGIES INC,current,2019,2019-12-31,2020-02-28,0000882835-20-000006,2020-02-28T19:02:08.000Z,https://www.sec.gov/Archives/edgar/data/882835/000088283520000006/a201910-kdoc.htm,dei:DocumentFiscalYearFocus,5432,13,0.0023932253313696,66,0.0121502209131075,63,0.0115979381443298,-0.0097569955817378,0.031480117820324,0.0497054491899852,0.0182253313696612,8eb44f17dc2684c61e9ac623133d25963829517171a86ebd7ee6ab90a3f0f569,e2d1328682bab7d2187684fb9f5420bb730401c9eefc00daf835edd203f4859d,
ROP,882835,ROPER TECHNOLOGIES INC,current,2020,2020-12-31,2021-02-22,0000882835-21-000011,2021-02-22T13:59:47.000Z,https://www.sec.gov/Archives/edgar/data/882835/000088283521000011/rop-20201231.htm,dei:DocumentFiscalYearFocus,4825,13,0.0026943005181347,66,0.0136787564766839,64,0.0132642487046632,-0.0109844559585492,0.0389637305699481,0.0580310880829015,0.0190673575129533,47cf78b62d2c4556b918e2d05769389e8a2ebde798e4835c950ad2e6bcc92188,e2d1328682bab7d2187684fb9f5420bb730401c9eefc00daf835edd203f4859d,
ROP,882835,ROPER TECHNOLOGIES INC,current,2021,2021-12-31,2022-02-22,0000882835-22-000012,2022-02-22T22:02:07.000Z,https://www.sec.gov/Archives/edgar/data/882835/000088283522000012/rop-20211231.htm,dei:DocumentFiscalYearFocus,5081,12,0.002361739814997,75,0.0147608738437315,65,0.012792757331234,-0.0123991340287345,0.0389687069474512,0.0551072623499311,0.0161385554024798,5430658857468bf2b01d80df48867cd5fe684f496de38050442f3ca602ec6929,e2d1328682bab7d2187684fb9f5420bb730401c9eefc00daf835edd203f4859d,
ROP,882835,ROPER TECHNOLOGIES INC,current,2022,2022-12-31,2023-02-27,0000882835-23-000016,2023-02-27T21:48:06.000Z,https://www.sec.gov/Archives/edgar/data/882835/000088283523000016/rop-20221231.htm,dei:DocumentFiscalYearFocus,5272,30,0.005690440060698,80,0.015174506828528,63,0.0119499241274658,-0.00948406676783,0.0364188163884673,0.0500758725341426,0.0136570561456752,ffc31a4eecad3610f0aca8582f447cc7474acc65d7ce291175fc6d941d0ab8d7,e2d1328682bab7d2187684fb9f5420bb730401c9eefc00daf835edd203f4859d,
ROP,882835,ROPER TECHNOLOGIES INC,current,2023,2023-12-31,2024-02-22,0000882835-24-000008,2024-02-22T22:05:32.000Z,https://www.sec.gov/Archives/edgar/data/882835/000088283524000008/rop-20231231.htm,dei:DocumentFiscalYearFocus,4406,26,0.0059010440308669,67,0.0152065365410803,62,0.0140717203812982,-0.0093054925102133,0.0399455288243304,0.0553790285973672,0.0154334997730367,9650e733cffa14ac799a89b44e2b2c22ed1bb2553dc99e9852f0656664a4c1cb,e2d1328682bab7d2187684fb9f5420bb730401c9eefc00daf835edd203f4859d,
ROP,882835,ROPER TECHNOLOGIES INC,current,2024,2024-12-31,2025-02-24,0000882835-25-000008,2025-02-24T22:06:17.000Z,https://www.sec.gov/Archives/edgar/data/882835/000088283525000008/rop-20241231.htm,dei:DocumentFiscalYearFocus,4516,29,0.0064216120460584,58,0.0128432240921169,60,0.0132860938883968,-0.0064216120460584,0.0405225863596102,0.0571302037201062,0.016607617360496,427cd08c333d369ef685f29b4b9726bf0fc3fdc191543dbc45d2e6f3d4351355,e2d1328682bab7d2187684fb9f5420bb730401c9eefc00daf835edd203f4859d,
ROP,882835,ROPER TECHNOLOGIES INC,current,2025,2025-12-31,2026-02-24,0000882835-26-000009,2026-02-24T22:25:37.000Z,https://www.sec.gov/Archives/edgar/data/882835/000088283526000009/rop-20251231.htm,dei:DocumentFiscalYearFocus,4777,31,0.0064894285116181,46,0.0096294745656269,65,0.013606866234038,-0.0031400460540087,0.043960644756123,0.0594515386225664,0.0154908938664433,9659418e48538fc6d3276c72077a17c83d1069743312321b9e88bc1a03f6284c,e2d1328682bab7d2187684fb9f5420bb730401c9eefc00daf835edd203f4859d,
ROST,745732,"ROSS STORES, INC.",current,2016,2017-01-28,2017-03-28,0000745732-17-000009,2017-03-27T22:50:48.000Z,https://www.sec.gov/Archives/edgar/data/745732/000074573217000009/rost-20170128x10k.htm,issuer_52_53_week_Jan_Feb_end_previous_year,4698,28,0.0059599829714772,29,0.0061728395061728,57,0.01213282247765,-0.0002128565346956,0.0455512984248616,0.0570455512984248,0.0114942528735632,72d5eba08c439950e422ff855fcc319263f20e40be81db9263cf835a3d3f3bb2,e2d1328682bab7d2187684fb9f5420bb730401c9eefc00daf835edd203f4859d,
ROST,745732,"ROSS STORES, INC.",current,2017,2018-02-03,2018-04-03,0000745732-18-000004,2018-04-03T00:28:09.000Z,https://www.sec.gov/Archives/edgar/data/745732/000074573218000004/rost-20180203x10k.htm,issuer_52_53_week_Jan_Feb_end_previous_year,5125,31,0.0060487804878048,34,0.0066341463414634,61,0.0119024390243902,-0.0005853658536585,0.0444878048780487,0.0561951219512195,0.0117073170731707,f176deaa29f8ead419617ba58337a7f0e65acdb9f6d55e63f34b751af62bdc8c,e2d1328682bab7d2187684fb9f5420bb730401c9eefc00daf835edd203f4859d,
ROST,745732,"ROSS STORES, INC.",current,2018,2019-02-02,2019-04-02,0000745732-19-000009,2019-04-01T22:02:54.000Z,https://www.sec.gov/Archives/edgar/data/745732/000074573219000009/rost-20190202x10k.htm,issuer_52_53_week_Jan_Feb_end_previous_year,5204,32,0.0061491160645657,32,0.0061491160645657,63,0.0121060722521137,0.0,0.043620292083013,0.0551498847040737,0.0115295926210607,b7626a9714ee2047f6431bd622048502f7e960d109fd0c5f94fba232898c4d0d,e2d1328682bab7d2187684fb9f5420bb730401c9eefc00daf835edd203f4859d,
ROST,745732,"ROSS STORES, INC.",current,2019,2020-02-01,2020-03-31,0000745732-20-000016,2020-03-30T21:56:18.000Z,https://www.sec.gov/Archives/edgar/data/745732/000074573220000016/rost-20200201.htm,issuer_52_53_week_Jan_Feb_end_previous_year,6368,36,0.0056532663316582,72,0.0113065326633165,87,0.0136620603015075,-0.0056532663316582,0.0375314070351758,0.0529208542713567,0.0153894472361809,74e0a5a096434e9e16a2f504bd450e13971b6be60ce8558bd2de4554176c369c,e2d1328682bab7d2187684fb9f5420bb730401c9eefc00daf835edd203f4859d,
ROST,745732,"ROSS STORES, INC.",current,2020,2021-01-30,2021-03-30,0000745732-21-000017,2021-03-29T22:05:12.000Z,https://www.sec.gov/Archives/edgar/data/745732/000074573221000017/rost-20210130.htm,issuer_52_53_week_Jan_Feb_end_previous_year,6912,33,0.0047743055555555,80,0.011574074074074,95,0.0137442129629629,-0.0067997685185185,0.0240162037037037,0.0438368055555555,0.0198206018518518,644f22084dbdfa5811965653efc4e6905b160d54936fddae1549f86bd2a75d9e,e2d1328682bab7d2187684fb9f5420bb730401c9eefc00daf835edd203f4859d,
ROST,745732,"ROSS STORES, INC.",current,2021,2022-01-29,2022-03-29,0000745732-22-000014,2022-03-28T21:52:31.000Z,https://www.sec.gov/Archives/edgar/data/745732/000074573222000014/rost-20220129.htm,issuer_52_53_week_Jan_Feb_end_previous_year,6328,34,0.0053729456384323,64,0.0101137800252844,73,0.01153603034134,-0.004740834386852,0.0327117572692793,0.0527812895069532,0.0200695322376738,284feba6a671f067af45ff862b41c6dc90aa12e4299bdcd5de512808f3fd16ec,e2d1328682bab7d2187684fb9f5420bb730401c9eefc00daf835edd203f4859d,
ROST,745732,"ROSS STORES, INC.",current,2022,2023-01-28,2023-03-28,0000745732-23-000013,2023-03-27T21:46:00.000Z,https://www.sec.gov/Archives/edgar/data/745732/000074573223000013/rost-20230128.htm,issuer_52_53_week_Jan_Feb_end_previous_year,4735,26,0.0054910242872228,48,0.0101372756071805,44,0.0092925026399155,-0.0046462513199577,0.0331573389651531,0.0523759239704329,0.0192185850052798,1c98e966ffa560f59b9ee0c7860c243684b0ba217d407fa0daa6b125d96ff264,e2d1328682bab7d2187684fb9f5420bb730401c9eefc00daf835edd203f4859d,
ROST,745732,"ROSS STORES, INC.",current,2023,2024-02-03,2024-04-02,0000745732-24-000009,2024-04-01T21:40:06.000Z,https://www.sec.gov/Archives/edgar/data/745732/000074573224000009/rost-20240203.htm,issuer_52_53_week_Jan_Feb_end_previous_year,3634,22,0.0060539350577875,21,0.0057787561915244,40,0.0110071546505228,0.000275178866263,0.0376995046780407,0.0514584479911942,0.0137589433131535,13a1170fe681a374aad1cefdadbc857421212287f0c48b5c178bf7fa0bb3463c,e2d1328682bab7d2187684fb9f5420bb730401c9eefc00daf835edd203f4859d,
ROST,745732,"ROSS STORES, INC.",current,2024,2025-02-01,2025-04-01,0000745732-25-000010,2025-03-31T21:41:13.000Z,https://www.sec.gov/Archives/edgar/data/745732/000074573225000010/rost-20250201.htm,issuer_52_53_week_Jan_Feb_end_previous_year,3654,27,0.0073891625615763,20,0.0054734537493158,42,0.0114942528735632,0.0019157088122605,0.0383141762452107,0.0525451559934318,0.0142309797482211,515639cea0400d9e1f61abc5881cebebd0aeb2c71e9fa4c03756970d5213f4fb,e2d1328682bab7d2187684fb9f5420bb730401c9eefc00daf835edd203f4859d,
ROST,745732,"ROSS STORES, INC.",current,2025,2026-01-31,2026-03-31,0000745732-26-000006,2026-03-30T22:02:45.000Z,https://www.sec.gov/Archives/edgar/data/745732/000074573226000006/rost-20260131.htm,issuer_52_53_week_Jan_Feb_end_previous_year,4056,21,0.0051775147928994,19,0.0046844181459566,64,0.0157790927021696,0.0004930966469428,0.0325443786982248,0.0465976331360946,0.0140532544378698,a872e07a54742690f88edd7a85f922a70c4d6a966586dc16f8ebbb51ddd7a54a,e2d1328682bab7d2187684fb9f5420bb730401c9eefc00daf835edd203f4859d,
SBUX,829224,STARBUCKS CORP,current,2016,2016-10-02,2016-11-18,0000829224-16-000083,2016-11-18T21:06:40.000Z,https://www.sec.gov/Archives/edgar/data/829224/000082922416000083/sbux-1022016x10xk.htm,cover_fiscal_year_ended,11364,63,0.0055438225976768,91,0.0080077437521999,223,0.0196233720520943,-0.002463921154523,0.0426786342837029,0.0548222456881379,0.012143611404435,0773293d384233794b8684c20a48eb7d1bc5a54ea17133ebe28756bb60336fe2,e2d1328682bab7d2187684fb9f5420bb730401c9eefc00daf835edd203f4859d,
SBUX,829224,STARBUCKS CORP,current,2017,2017-10-01,2017-11-17,0000829224-17-000049,2017-11-17T21:10:18.000Z,https://www.sec.gov/Archives/edgar/data/829224/000082922417000049/sbux-1012017x10xk.htm,cover_fiscal_year_ended,11345,62,0.0054649625385632,150,0.0132216835610401,201,0.0177170559717937,-0.0077567210224768,0.0394006170118995,0.0517408550022036,0.0123402379903041,c0df4cf32a89a947960f57cfd4343594b2e12f6e9728db4857a8ac9ef87f5f1a,e2d1328682bab7d2187684fb9f5420bb730401c9eefc00daf835edd203f4859d,
SBUX,829224,STARBUCKS CORP,current,2018,2018-09-30,2018-11-16,0000829224-18-000052,2018-11-16T21:44:31.000Z,https://www.sec.gov/Archives/edgar/data/829224/000082922418000052/sbux-9302018x10xk.htm,cover_fiscal_year_ended,12151,69,0.0056785449757221,171,0.0140729158093984,189,0.0155542753682824,-0.0083943708336762,0.0379392642580857,0.049790140729158,0.0118508764710723,821bd9187d3b13938fad4508fdc8803d75aa09892021f9c21dc9b032c2303d67,e2d1328682bab7d2187684fb9f5420bb730401c9eefc00daf835edd203f4859d,
SBUX,829224,STARBUCKS CORP,current,2019,2019-09-29,2019-11-15,0000829224-19-000051,2019-11-15T21:16:58.000Z,https://www.sec.gov/Archives/edgar/data/829224/000082922419000051/sbux-9292019x10xk.htm,dei:DocumentFiscalYearFocus,9464,55,0.0058114961961115,105,0.011094674556213,165,0.0174344885883347,-0.0052831783601014,0.0412087912087912,0.0543110735418427,0.0131022823330515,961a5fc9c228a9cf78a92b43be29e6ee30990bb98167e68dec6061d00d055b15,e2d1328682bab7d2187684fb9f5420bb730401c9eefc00daf835edd203f4859d,
SBUX,829224,STARBUCKS CORP,current,2020,2020-09-27,2020-11-12,0000829224-20-000078,2020-11-12T21:59:07.000Z,https://www.sec.gov/Archives/edgar/data/829224/000082922420000078/sbux-20200927.htm,dei:DocumentFiscalYearFocus,10827,62,0.0057264246790431,171,0.0157938487115544,192,0.0177334441673593,-0.0100674240325113,0.0394384409347002,0.0546781195160247,0.0152396785813244,cd0b86fefb7d11a77ebac17239d7ccf0e0308139b89f28cb6967f284f916166a,e2d1328682bab7d2187684fb9f5420bb730401c9eefc00daf835edd203f4859d,
SBUX,829224,STARBUCKS CORP,current,2021,2021-10-03,2021-11-19,0000829224-21-000086,2021-11-19T21:46:02.000Z,https://www.sec.gov/Archives/edgar/data/829224/000082922421000086/sbux-20211003.htm,dei:DocumentFiscalYearFocus,8244,50,0.0060650169820475,118,0.0143134400776322,154,0.0186802523047064,-0.0082484230955846,0.044517224648229,0.0621057738961669,0.0175885492479378,9822843f68a6e0eb3a48887e2a4bb1a5b5ee9d4888683ca2a2c67105d9d9fcb7,e2d1328682bab7d2187684fb9f5420bb730401c9eefc00daf835edd203f4859d,
SBUX,829224,STARBUCKS CORP,current,2022,2022-10-02,2022-11-18,0000829224-22-000058,2022-11-18T21:35:30.000Z,https://www.sec.gov/Archives/edgar/data/829224/000082922422000058/sbux-20221002.htm,dei:DocumentFiscalYearFocus,7666,42,0.0054787372815027,98,0.0127837203235063,150,0.0195669188625097,-0.0073049830420036,0.0422645447430211,0.0594834333420297,0.0172188885990086,8bfb93899e628320f00b2b7ca5650fc6f796cf5959e35a73d4b425badf73a01c,e2d1328682bab7d2187684fb9f5420bb730401c9eefc00daf835edd203f4859d,
SBUX,829224,STARBUCKS CORP,current,2023,2023-10-01,2023-11-17,0000829224-23-000058,2023-11-17T22:31:27.000Z,https://www.sec.gov/Archives/edgar/data/829224/000082922423000058/sbux-20231001.htm,dei:DocumentFiscalYearFocus,7170,49,0.006834030683403,69,0.009623430962343,153,0.0213389121338912,-0.00278940027894,0.0500697350069735,0.0666666666666666,0.0165969316596931,16ec1a17c27f5151d63e97153b08e9475a88c8a052cfc11d4cee596ba3b60384,e2d1328682bab7d2187684fb9f5420bb730401c9eefc00daf835edd203f4859d,
SBUX,829224,STARBUCKS CORP,current,2024,2024-09-29,2024-11-20,0000829224-24-000057,2024-11-20T21:08:06.000Z,https://www.sec.gov/Archives/edgar/data/829224/000082922424000057/sbux-20240929.htm,dei:DocumentFiscalYearFocus,7367,43,0.0058368399619926,90,0.0122166417809148,160,0.021718474277182,-0.0063798018189222,0.0426225057689697,0.0595900637980181,0.0169675580290484,ba073027aa4408a409aabdd71def519138b623f5a4a916c6f10c9c3da6e6d747,e2d1328682bab7d2187684fb9f5420bb730401c9eefc00daf835edd203f4859d,
SBUX,829224,STARBUCKS CORP,current,2025,2025-09-28,2025-11-14,0000829224-25-000114,2025-11-14T21:08:41.000Z,https://www.sec.gov/Archives/edgar/data/829224/000082922425000114/sbux-20250928.htm,dei:DocumentFiscalYearFocus,7801,33,0.0042302268939879,118,0.0151262658633508,159,0.0203820023073964,-0.0108960389693629,0.0402512498397641,0.0570439687219587,0.0167927188821945,85f204555781262c8a8dc3ac8e5cc1924c8798062ec00e1589ac88a169758c29,e2d1328682bab7d2187684fb9f5420bb730401c9eefc00daf835edd203f4859d,
SCCO,1001838,SOUTHERN COPPER CORP/,current,2016,2016-12-31,2017-03-01,0001047469-17-001143,2017-03-01T22:22:54.000Z,https://www.sec.gov/Archives/edgar/data/1001838/000104746917001143/a2231031z10-k.htm,cover_fiscal_year_ended,11135,61,0.0054782218230803,71,0.006376290974405,102,0.0091603053435114,-0.0008980691513246,0.0211046250561293,0.039784463403682,0.0186798383475527,2936ae3d0045eca40abd1f50694dba80d108988f34445405e87ba837763afce1,e2d1328682bab7d2187684fb9f5420bb730401c9eefc00daf835edd203f4859d,
SCCO,1001838,SOUTHERN COPPER CORP/,current,2017,2017-12-31,2018-03-01,0001047469-18-001211,2018-03-01T21:36:47.000Z,https://www.sec.gov/Archives/edgar/data/1001838/000104746918001211/a2234122z10-k.htm,cover_fiscal_year_ended,11580,50,0.0043177892918825,66,0.0056994818652849,112,0.0096718480138169,-0.0013816925734024,0.0204663212435233,0.03860103626943,0.0181347150259067,fb0d7566f69dfc20b31d92d984d545d6171cb0c5ad5e4445b460d0f5353aff32,e2d1328682bab7d2187684fb9f5420bb730401c9eefc00daf835edd203f4859d,
SCCO,1001838,SOUTHERN COPPER CORP/,current,2018,2018-12-31,2019-03-01,0001047469-19-000845,2019-03-01T21:48:11.000Z,https://www.sec.gov/Archives/edgar/data/1001838/000104746919000845/a2237832z10-k.htm,cover_fiscal_year_ended,11486,52,0.0045272505659063,85,0.0074003134250391,123,0.0107086888385861,-0.0028730628591328,0.0199373149921643,0.0376110047013755,0.0176736897092112,f860c8a87817c4b0b2f586c480a45fb91042b9fbd9e7674e4b3eb42c3f12e4ca,e2d1328682bab7d2187684fb9f5420bb730401c9eefc00daf835edd203f4859d,
SCCO,1001838,SOUTHERN COPPER CORP/,current,2019,2019-12-31,2020-02-28,0001558370-20-001781,2020-02-28T21:24:56.000Z,https://www.sec.gov/Archives/edgar/data/1001838/000155837020001781/scco-20191231x10k32f1e0.htm,dei:DocumentFiscalYearFocus,11680,51,0.0043664383561643,87,0.0074486301369863,109,0.0093321917808219,-0.0030821917808219,0.0208904109589041,0.0382705479452054,0.0173801369863013,80bb44bffd641ae573821eb189b5de155d136d537f2445e13bdca72049b99cb5,e2d1328682bab7d2187684fb9f5420bb730401c9eefc00daf835edd203f4859d,
SCCO,1001838,SOUTHERN COPPER CORP/,current,2020,2020-12-31,2021-02-26,0001558370-21-001894,2021-02-26T01:39:44.000Z,https://www.sec.gov/Archives/edgar/data/1001838/000155837021001894/scco-20201231x10k.htm,dei:DocumentFiscalYearFocus,12384,58,0.0046834625322997,92,0.0074289405684754,117,0.0094476744186046,-0.0027454780361757,0.025032299741602,0.0406169250645994,0.0155846253229974,ff6dde5396cdca7ac8904918b56bfce0c612d82121171f56ea4af134bd951cb7,e2d1328682bab7d2187684fb9f5420bb730401c9eefc00daf835edd203f4859d,
SCCO,1001838,SOUTHERN COPPER CORP/,current,2021,2021-12-31,2022-03-07,0001558370-22-002968,2022-03-07T22:15:56.000Z,https://www.sec.gov/Archives/edgar/data/1001838/000155837022002968/scco-20211231x10k.htm,dei:DocumentFiscalYearFocus,14103,96,0.0068070623271644,97,0.0068779692264057,129,0.0091469900021272,-7.09068992412968e-05,0.0340353116358221,0.0468694603984967,0.0128341487626746,763e64ee697bbc52098acb5dee6ed217815606be3dab1e2af2b8b600ae96bd2e,e2d1328682bab7d2187684fb9f5420bb730401c9eefc00daf835edd203f4859d,
SCCO,1001838,SOUTHERN COPPER CORP/,current,2022,2022-12-31,2023-02-28,0001558370-23-002328,2023-02-28T20:39:20.000Z,https://www.sec.gov/Archives/edgar/data/1001838/000155837023002328/scco-20221231x10k.htm,dei:DocumentFiscalYearFocus,12978,103,0.0079365079365079,80,0.0061642780089382,134,0.0103251656649714,0.0017722299275697,0.0353675450762829,0.0453074433656957,0.0099398982894128,8e495c766b2693d3afbb74aa86fbaf5813b8ac981def7fb904a91814fcb5ed51,e2d1328682bab7d2187684fb9f5420bb730401c9eefc00daf835edd203f4859d,
SCCO,1001838,SOUTHERN COPPER CORP/,current,2023,2023-12-31,2024-02-29,0001558370-24-002119,2024-02-29T15:15:22.000Z,https://www.sec.gov/Archives/edgar/data/1001838/000155837024002119/scco-20231231x10k.htm,dei:DocumentFiscalYearFocus,11687,96,0.0082142551553007,80,0.0068452126294173,116,0.009925558312655,0.0013690425258834,0.0302900658851715,0.0413279712501069,0.0110379053649353,1f544f6372a04f184e450990ba856ec6b49a700e6b86865058bea823bad03883,e2d1328682bab7d2187684fb9f5420bb730401c9eefc00daf835edd203f4859d,
SCCO,1001838,SOUTHERN COPPER CORP/,current,2024,2024-12-31,2025-03-03,0001558370-25-002017,2025-03-03T16:18:47.000Z,https://www.sec.gov/Archives/edgar/data/1001838/000155837025002017/scco-20241231x10k.htm,dei:DocumentFiscalYearFocus,11575,99,0.0085529157667386,80,0.0069114470842332,120,0.0103671706263498,0.0016414686825054,0.0365442764578833,0.0464794816414686,0.0099352051835853,4f0844b4f7a6220f69dee6f8ea07469a0376e9a36b1556955f0d345cd52554b6,e2d1328682bab7d2187684fb9f5420bb730401c9eefc00daf835edd203f4859d,
SCCO,1001838,SOUTHERN COPPER CORP/,current,2025,2025-12-31,2026-02-27,0001104659-26-021492,2026-02-27T20:29:39.000Z,https://www.sec.gov/Archives/edgar/data/1001838/000110465926021492/scco-20251231x10k.htm,dei:DocumentFiscalYearFocus,10927,115,0.0105243891278484,68,0.0062231170495103,114,0.0104328727006497,0.004301272078338,0.0371556694426649,0.0474055092889173,0.0102498398462524,58630559b33c92a880390b7c6575510a778bc10d54ecfb6c0eb94c66529833d4,e2d1328682bab7d2187684fb9f5420bb730401c9eefc00daf835edd203f4859d,
SNPS,883241,SYNOPSYS INC,current,2016,2016-10-31,2016-12-12,0000883241-16-000027,2016-12-10T00:54:04.000Z,https://www.sec.gov/Archives/edgar/data/883241/000088324116000027/snps10311610-k.htm,cover_fiscal_year_ended,8396,34,0.0040495474035254,42,0.0050023820867079,142,0.0169128156264888,-0.0009528346831824,0.0353739876131491,0.0463315864697475,0.0109575988565983,975c38393ccc8e138d3b4b570e51b5ada2aa5c21f5bdc2452183a0886840328c,e2d1328682bab7d2187684fb9f5420bb730401c9eefc00daf835edd203f4859d,
SNPS,883241,SYNOPSYS INC,current,2017,2017-10-31,2017-12-14,0000883241-17-000014,2017-12-13T23:49:27.000Z,https://www.sec.gov/Archives/edgar/data/883241/000088324117000014/snps10311710-k.htm,cover_fiscal_year_ended,9285,33,0.0035541195476575,42,0.0045234248788368,135,0.0145395799676898,-0.0009693053311793,0.0339256865912762,0.044695745826602,0.0107700592353257,4eb617852e0bf443fd1d44994bf96294c4bd5f8697a14ed8f77cb30018c7358a,e2d1328682bab7d2187684fb9f5420bb730401c9eefc00daf835edd203f4859d,
SNPS,883241,SYNOPSYS INC,current,2018,2018-10-31,2018-12-17,0000883241-18-000012,2018-12-15T01:07:29.000Z,https://www.sec.gov/Archives/edgar/data/883241/000088324118000012/snps10311810-k.htm,cover_fiscal_year_ended,8862,30,0.0033852403520649,45,0.0050778605280974,126,0.0142180094786729,-0.0016926201760324,0.0362220717670954,0.0477318889641164,0.0115098171970209,ff80d6044e6856706fbe557b7ed98e6e0b2317f102d382164d83056cc4700dd7,e2d1328682bab7d2187684fb9f5420bb730401c9eefc00daf835edd203f4859d,
SNPS,883241,SYNOPSYS INC,current,2019,2019-10-31,2019-12-20,0000883241-19-000019,2019-12-20T22:04:07.000Z,https://www.sec.gov/Archives/edgar/data/883241/000088324119000019/snps10311910-k.htm,dei:DocumentFiscalYearFocus,7773,42,0.005403319181783,49,0.0063038723787469,109,0.0140228997812942,-0.0009005531969638,0.0380805351858999,0.0500450276598481,0.0119644924739482,f01b4b01f8c185acb01b877bdb199b224af65cfd8b0d085ca8fb4a601e04f90a,e2d1328682bab7d2187684fb9f5420bb730401c9eefc00daf835edd203f4859d,
SNPS,883241,SYNOPSYS INC,current,2020,2020-10-31,2020-12-15,0000883241-20-000015,2020-12-15T01:00:04.000Z,https://www.sec.gov/Archives/edgar/data/883241/000088324120000015/snps10312010-k.htm,dei:DocumentFiscalYearFocus,7588,39,0.0051396942540853,48,0.0063257775434897,120,0.0158144438587243,-0.0011860832894043,0.0343964153927253,0.0474433315761729,0.0130469161834475,c5eb6275d5c486a1d71604d987f3448626813ded083b1137dcd7686cc047605c,e2d1328682bab7d2187684fb9f5420bb730401c9eefc00daf835edd203f4859d,
SNPS,883241,SYNOPSYS INC,current,2021,2021-10-31,2021-12-13,0000883241-21-000022,2021-12-13T22:22:49.000Z,https://www.sec.gov/Archives/edgar/data/883241/000088324121000022/snps-20211031.htm,dei:DocumentFiscalYearFocus,6286,36,0.0057270124085268,45,0.0071587655106586,111,0.0176582882596245,-0.0014317531021317,0.0367483296213808,0.0486796054724785,0.0119312758510976,05f7ed7d71fc8c16e6d7dc5ec2037a28c5ef17c349bb5c44f49924777d4b28fa,e2d1328682bab7d2187684fb9f5420bb730401c9eefc00daf835edd203f4859d,
SNPS,883241,SYNOPSYS INC,current,2022,2022-10-31,2022-12-12,0000883241-22-000017,2022-12-12T22:28:23.000Z,https://www.sec.gov/Archives/edgar/data/883241/000088324122000017/snps-20221031.htm,dei:DocumentFiscalYearFocus,6517,36,0.0055240141169249,52,0.0079791315022249,120,0.0184133803897498,-0.0024551173852999,0.0398956575111247,0.0537056928034371,0.0138100352923124,ce071066b1bb63beb92a9a44a7aa3586816d09ad4df93af5cfb5ef819c72fe09,e2d1328682bab7d2187684fb9f5420bb730401c9eefc00daf835edd203f4859d,
SNPS,883241,SYNOPSYS INC,current,2023,2023-10-31,2023-12-12,0000883241-23-000019,2023-12-12T22:22:32.000Z,https://www.sec.gov/Archives/edgar/data/883241/000088324123000019/snps-20231031.htm,dei:DocumentFiscalYearFocus,6911,35,0.0050643901027347,56,0.0081030241643756,123,0.0177977137896107,-0.0030386340616408,0.0374764867602373,0.0515120821878165,0.0140355954275792,060fabff1a2fede888e772414ab08cbf7e81f6b4bd59e28002ae51383e4426a2,e2d1328682bab7d2187684fb9f5420bb730401c9eefc00daf835edd203f4859d,
SNPS,883241,SYNOPSYS INC,current,2024,2024-10-31,2024-12-19,0000883241-24-000024,2024-12-19T02:23:35.000Z,https://www.sec.gov/Archives/edgar/data/883241/000088324124000024/snps-20241031.htm,dei:DocumentFiscalYearFocus,8814,53,0.0060131608804175,78,0.0088495575221238,134,0.0152030859995461,-0.0028363966417063,0.0513955071477195,0.0628545495802133,0.0114590424324937,06f66ce96d2b5b25c018a4c47283981fe95c4eb67b599183e0ce8b0139923d2f,e2d1328682bab7d2187684fb9f5420bb730401c9eefc00daf835edd203f4859d,
SNPS,883241,SYNOPSYS INC,current,2025,2025-10-31,2025-12-22,0000883241-25-000028,2025-12-20T02:37:00.000Z,https://www.sec.gov/Archives/edgar/data/883241/000088324125000028/snps-20251031.htm,dei:DocumentFiscalYearFocus,9834,53,0.0053894651210087,88,0.0089485458612975,154,0.0156599552572706,-0.0035590807402887,0.0440309131584299,0.0571486678869229,0.0131177547284929,b5a7d52d011e3580f11c9386aee6694a66d29cec8defc2da33850d5e58fa5a7b,e2d1328682bab7d2187684fb9f5420bb730401c9eefc00daf835edd203f4859d,
SPG,1063761,SIMON PROPERTY GROUP INC.,current,2016,2016-12-31,2017-02-24,0001558370-17-000934,2017-02-24T11:21:48.000Z,https://www.sec.gov/Archives/edgar/data/1063761/000155837017000934/spg-20161231x10k.htm,cover_fiscal_year_ended,11062,87,0.0078647622491412,76,0.0068703670222382,127,0.0114807448924245,0.0009943952269029,0.0365214246971614,0.0541493400831676,0.0176279153860061,e0eb8f6ec7c53311e7bf0ae24034f443a9955d4f0ed719a4de351a90162a0ddd,e2d1328682bab7d2187684fb9f5420bb730401c9eefc00daf835edd203f4859d,
SPG,1063761,SIMON PROPERTY GROUP INC.,current,2017,2017-12-31,2018-02-23,0001558370-18-000981,2018-02-23T11:36:17.000Z,https://www.sec.gov/Archives/edgar/data/1063761/000155837018000981/spg-20171231x10k.htm,cover_fiscal_year_ended,10628,82,0.0077154685735792,85,0.007997741814076,120,0.011290929619872,-0.0002822732404968,0.0354723372224313,0.0536319156943921,0.0181595784719608,7203a9939df1875a876eebe704cdc4323cd88b727e15dc732ffe15087d810e2b,e2d1328682bab7d2187684fb9f5420bb730401c9eefc00daf835edd203f4859d,
SPG,1063761,SIMON PROPERTY GROUP INC.,current,2018,2018-12-31,2019-02-22,0001558370-19-000875,2019-02-22T11:47:24.000Z,https://www.sec.gov/Archives/edgar/data/1063761/000155837019000875/spg-20181231x10k.htm,cover_fiscal_year_ended,10356,76,0.0073387408265739,98,0.0094631131711085,129,0.0124565469293163,-0.0021243723445345,0.0370799536500579,0.0548474314407107,0.0177674777906527,74d1f963b4131d84596fee966ddfd3b51ffd47aa98358cf5fc0667320b10a718,e2d1328682bab7d2187684fb9f5420bb730401c9eefc00daf835edd203f4859d,
SPG,1063761,SIMON PROPERTY GROUP INC.,current,2019,2019-12-31,2020-02-21,0001558370-20-001135,2020-02-21T15:36:58.000Z,https://www.sec.gov/Archives/edgar/data/1063761/000155837020001135/spg-20191231x10k.htm,dei:DocumentFiscalYearFocus,9957,70,0.0070302299889524,91,0.0091392989856382,124,0.0124535502661444,-0.0021090689966857,0.0354524455157175,0.0542332027719192,0.0187807572562016,9a20cadaa1b0eca9e51b654df1919b1157d4bff437d25c207ff7da7d48d43146,e2d1328682bab7d2187684fb9f5420bb730401c9eefc00daf835edd203f4859d,
SPG,1063761,SIMON PROPERTY GROUP INC.,current,2020,2020-12-31,2021-02-25,0001558370-21-001700,2021-02-25T11:28:02.000Z,https://www.sec.gov/Archives/edgar/data/1063761/000155837021001700/spg-20201231x10k.htm,dei:DocumentFiscalYearFocus,11442,77,0.0067295927285439,149,0.0130221989162733,143,0.0124978150672959,-0.0062926061877294,0.0353959098059779,0.0554972906834469,0.0201013808774689,6e4b913b855fba078fc8205bc380e8e533e1eff4cee3f1949b1a99a800eaa4b4,e2d1328682bab7d2187684fb9f5420bb730401c9eefc00daf835edd203f4859d,
SPG,1063761,SIMON PROPERTY GROUP INC.,current,2021,2021-12-31,2022-02-24,0001558370-22-001845,2022-02-24T12:50:39.000Z,https://www.sec.gov/Archives/edgar/data/1063761/000155837022001845/spg-20211231x10k.htm,dei:DocumentFiscalYearFocus,12215,96,0.0078591895210806,145,0.0118706508391322,133,0.0108882521489971,-0.0040114613180515,0.0409332787556283,0.0594351207531723,0.018501841997544,d85df737d0d601f21ea2fd16954c79379236953b3305bccfe10d2e622b9fcf96,e2d1328682bab7d2187684fb9f5420bb730401c9eefc00daf835edd203f4859d,
SPG,1063761,SIMON PROPERTY GROUP INC.,current,2022,2022-12-31,2023-02-23,0001558370-23-001840,2023-02-23T14:45:23.000Z,https://www.sec.gov/Archives/edgar/data/1063761/000155837023001840/spg-20221231x10k.htm,dei:DocumentFiscalYearFocus,12079,100,0.0082788310290586,139,0.0115075751303915,134,0.0110936335789386,-0.0032287441013328,0.0447884758672075,0.063333057372299,0.0185445815050914,3e7677ddf1643469f58e095c58cdb11736e02627d2becf8537e02f69f911e351,e2d1328682bab7d2187684fb9f5420bb730401c9eefc00daf835edd203f4859d,
SPG,1063761,SIMON PROPERTY GROUP INC.,current,2023,2023-12-31,2024-02-22,0001558370-24-001532,2024-02-22T21:11:39.000Z,https://www.sec.gov/Archives/edgar/data/1063761/000155837024001532/spg-20231231x10k.htm,dei:DocumentFiscalYearFocus,10994,98,0.0089139530653083,103,0.0093687465890485,121,0.0110060032745133,-0.0004547935237402,0.04511551755503,0.0619428779334182,0.0168273603783882,7584bc64dbfb6501aefa9c775f275584cabb52dfaca2b6a1edb4e1fbbbf6a958,e2d1328682bab7d2187684fb9f5420bb730401c9eefc00daf835edd203f4859d,
SPG,1063761,SIMON PROPERTY GROUP INC.,current,2024,2024-12-31,2025-02-21,0001558370-25-001271,2025-02-21T16:03:27.000Z,https://www.sec.gov/Archives/edgar/data/1063761/000155837025001271/spg-20241231x10k.htm,dei:DocumentFiscalYearFocus,11384,104,0.0091356289529163,106,0.0093113141250878,119,0.0104532677442023,-0.0001756851721714,0.0444483485593815,0.0604356992269852,0.0159873506676036,c533b57e563e5ecd128f9081f1ebbc39bd9b6a7da806746d3c43db66ca45d954,e2d1328682bab7d2187684fb9f5420bb730401c9eefc00daf835edd203f4859d,
SPG,1063761,SIMON PROPERTY GROUP INC.,current,2025,2025-12-31,2026-02-25,0001104659-26-019419,2026-02-25T13:27:38.000Z,https://www.sec.gov/Archives/edgar/data/1063761/000110465926019419/spg-20251231x10k.htm,dei:DocumentFiscalYearFocus,11864,107,0.0090188806473364,121,0.0101989211058664,116,0.0097774780849629,-0.00118004045853,0.0416385704652731,0.0587491571139581,0.0171105866486851,3f6f7664b247cfcc8e316f17ccce41aade853efa6c6765a397f4a95c5d4c5249,e2d1328682bab7d2187684fb9f5420bb730401c9eefc00daf835edd203f4859d,
TDY,1094285,TELEDYNE TECHNOLOGIES INC,current,2016,2017-01-01,2017-03-02,0001094285-17-000031,2017-03-02T20:44:39.000Z,https://www.sec.gov/Archives/edgar/data/1094285/000109428517000031/tdy-2016x10k.htm,issuer_52_53_week_Jan_Feb_end_previous_year,13952,65,0.0046588302752293,111,0.0079558486238532,218,0.015625,-0.0032970183486238,0.0332568807339449,0.0518922018348623,0.0186353211009174,b57832d8bfaa14ce0fc6a524ec85c8e32458110e1c3007d06ff50a165029aff5,e2d1328682bab7d2187684fb9f5420bb730401c9eefc00daf835edd203f4859d,
TDY,1094285,TELEDYNE TECHNOLOGIES INC,current,2017,2017-12-31,2018-02-27,0001094285-18-000053,2018-02-27T22:03:17.000Z,https://www.sec.gov/Archives/edgar/data/1094285/000109428518000053/tdy-2017x10k.htm,cover_fiscal_year_ended,14317,63,0.0044003632045819,96,0.0067053153593629,219,0.0152965006635468,-0.002304952154781,0.0321296360969476,0.0496612418802821,0.0175316057833344,5bb9085ce442959f0b73633d5d1d652f42df45eb6e775450e064bcfabd1299aa,e2d1328682bab7d2187684fb9f5420bb730401c9eefc00daf835edd203f4859d,
TDY,1094285,TELEDYNE TECHNOLOGIES INC,current,2018,2018-12-30,2019-02-25,0001094285-19-000064,2019-02-23T01:43:01.000Z,https://www.sec.gov/Archives/edgar/data/1094285/000109428519000064/tdy-2018x10k.htm,cover_fiscal_year_ended,14173,59,0.0041628448458336,93,0.0065617723841106,208,0.014675791998871,-0.002398927538277,0.0358427996895505,0.0508713751499329,0.0150285754603824,c4e7e68cbaedb56bce21c463a283cccf57293dc836ac243b59057879c1741e87,e2d1328682bab7d2187684fb9f5420bb730401c9eefc00daf835edd203f4859d,
TDY,1094285,TELEDYNE TECHNOLOGIES INC,current,2019,2019-12-29,2020-02-24,0001094285-20-000045,2020-02-22T01:25:22.000Z,https://www.sec.gov/Archives/edgar/data/1094285/000109428520000045/tdy-20191229.htm,dei:DocumentFiscalYearFocus,12133,40,0.0032967938679634,83,0.006840847276024,184,0.0151652517926316,-0.0035440534080606,0.0369240913211901,0.0524190225006181,0.015494931179428,c438e2acac8bbf63c1a664d97341bbacdad6887cb370e219fefc3226a71a9368,e2d1328682bab7d2187684fb9f5420bb730401c9eefc00daf835edd203f4859d,
TDY,1094285,TELEDYNE TECHNOLOGIES INC,current,2020,2021-01-03,2021-02-26,0001094285-21-000066,2021-02-26T01:33:11.000Z,https://www.sec.gov/Archives/edgar/data/1094285/000109428521000066/tdy-20210103.htm,issuer_52_53_week_Jan_Feb_end_previous_year,12265,59,0.0048104362005707,104,0.0084794129637178,204,0.0166326946596004,-0.0036689767631471,0.0321239298817774,0.0495719527109661,0.0174480228291887,9dfb43885750d7d2e7631f8c38006b740e02033ec524d460a553ac0d253f3a0d,e2d1328682bab7d2187684fb9f5420bb730401c9eefc00daf835edd203f4859d,
TDY,1094285,TELEDYNE TECHNOLOGIES INC,current,2021,2022-01-02,2022-02-25,0001094285-22-000049,2022-02-25T22:20:39.000Z,https://www.sec.gov/Archives/edgar/data/1094285/000109428522000049/tdy-20220102.htm,issuer_52_53_week_Jan_Feb_end_previous_year,13432,57,0.0042435973793924,108,0.0080405002977963,239,0.0177933293627159,-0.0037969029184038,0.0335020845741512,0.0516676593210244,0.0181655747468731,dbfd3369aff56572bcf2e22e2bbaa3ab30202050a04438d67e32386b80308771,e2d1328682bab7d2187684fb9f5420bb730401c9eefc00daf835edd203f4859d,
TDY,1094285,TELEDYNE TECHNOLOGIES INC,current,2022,2023-01-01,2023-02-24,0001094285-23-000053,2023-02-24T22:26:54.000Z,https://www.sec.gov/Archives/edgar/data/1094285/000109428523000053/tdy-20230101.htm,issuer_52_53_week_Jan_Feb_end_previous_year,9514,44,0.0046247635064116,106,0.0111414757199915,214,0.0224931679630018,-0.0065167122135799,0.0339499684675215,0.053079672062224,0.0191297035947025,83f72c7042b2649cc56e7ab642f6730058c8ce8bf374d659e3e4a6c119ee1f10,e2d1328682bab7d2187684fb9f5420bb730401c9eefc00daf835edd203f4859d,
TDY,1094285,TELEDYNE TECHNOLOGIES INC,current,2023,2023-12-31,2024-02-23,0001094285-24-000044,2024-02-23T21:38:34.000Z,https://www.sec.gov/Archives/edgar/data/1094285/000109428524000044/tdy-20231231.htm,dei:DocumentFiscalYearFocus,8688,48,0.005524861878453,100,0.0115101289134438,213,0.0245165745856353,-0.0059852670349907,0.0351058931860036,0.0539825046040515,0.0188766114180478,b8edd341b426ca47017705b3d492963fca394c88dc200eb45561a6ac7da5749f,e2d1328682bab7d2187684fb9f5420bb730401c9eefc00daf835edd203f4859d,
TDY,1094285,TELEDYNE TECHNOLOGIES INC,current,2024,2024-12-29,2025-02-21,0001094285-25-000053,2025-02-21T00:10:07.000Z,https://www.sec.gov/Archives/edgar/data/1094285/000109428525000053/tdy-20241229.htm,dei:DocumentFiscalYearFocus,8483,42,0.0049510786278439,121,0.0142638217611693,212,0.0249911587881645,-0.0093127431333254,0.0330071908522928,0.0529293881881409,0.0199221973358481,3de3c3bb45f98b1402d9ab9edfc088a9dd395b11032579c8f40bab19169e999b,e2d1328682bab7d2187684fb9f5420bb730401c9eefc00daf835edd203f4859d,
TDY,1094285,TELEDYNE TECHNOLOGIES INC,current,2025,2025-12-28,2026-02-20,0001094285-26-000017,2026-02-20T22:01:14.000Z,https://www.sec.gov/Archives/edgar/data/1094285/000109428526000017/tdy-20251228.htm,dei:DocumentFiscalYearFocus,9031,46,0.0050935666039198,130,0.0143948621415125,228,0.0252463736020374,-0.0093012955375927,0.0367622633152474,0.0556970435167755,0.018934780201528,fc3c63199a0e37857889616efabf2aa934eb5dbef8d1dba39d86435157369c5d,e2d1328682bab7d2187684fb9f5420bb730401c9eefc00daf835edd203f4859d,
TER,97210,"TERADYNE, INC",current,2016,2016-12-31,2017-03-01,0001193125-17-064638,2017-03-01T17:10:57.000Z,https://www.sec.gov/Archives/edgar/data/97210/000119312517064638/d274101d10k.htm,cover_fiscal_year_ended,10084,45,0.0044625148750495,144,0.0142800476001586,119,0.0118008726695755,-0.009817532725109,0.0334192780642602,0.0536493454978183,0.0202300674335581,f23128dda8f7177f2b300412bc3b60e53a240410eec9c8c3db25c6d6e1f2edf0,e2d1328682bab7d2187684fb9f5420bb730401c9eefc00daf835edd203f4859d,
TER,97210,"TERADYNE, INC",current,2017,2017-12-31,2018-03-01,0001193125-18-066579,2018-03-01T19:14:00.000Z,https://www.sec.gov/Archives/edgar/data/97210/000119312518066579/d504255d10k.htm,cover_fiscal_year_ended,9642,54,0.0056004978220286,138,0.014312383322962,112,0.0116158473345778,-0.0087118855009334,0.0372329392242273,0.0568346816013275,0.0196017423771001,ddb2c2c6d7da40fa5433fa5eb6b3413b75ea812af91154da15e6644f134ad842,e2d1328682bab7d2187684fb9f5420bb730401c9eefc00daf835edd203f4859d,
TER,97210,"TERADYNE, INC",current,2018,2018-12-31,2019-03-01,0001193125-19-059974,2019-03-01T17:03:21.000Z,https://www.sec.gov/Archives/edgar/data/97210/000119312519059974/d652525d10k.htm,cover_fiscal_year_ended,9245,59,0.0063818280151433,114,0.0123309897241752,113,0.0122228231476473,-0.0059491617090319,0.039697133585722,0.0586262844780962,0.0189291508923742,1813101b26cd5e4f90e0760456609de2378106d06302af7e9ca7d23b0e8d600a,e2d1328682bab7d2187684fb9f5420bb730401c9eefc00daf835edd203f4859d,
TER,97210,"TERADYNE, INC",current,2019,2019-12-31,2020-03-02,0001193125-20-058676,2020-03-02T19:20:16.000Z,https://www.sec.gov/Archives/edgar/data/97210/000119312520058676/d860886d10k.htm,dei:DocumentFiscalYearFocus,7471,45,0.0060232900548788,71,0.0095034131976977,110,0.0147235979119261,-0.0034801231428189,0.0418953286039352,0.0600990496586802,0.018203721054745,9872387c327bae3ef59d8b703d26688ee2f427db08fb2934446e55043cbba0fd,e2d1328682bab7d2187684fb9f5420bb730401c9eefc00daf835edd203f4859d,
TER,97210,"TERADYNE, INC",current,2020,2020-12-31,2021-02-22,0001193125-21-050735,2021-02-22T21:04:39.000Z,https://www.sec.gov/Archives/edgar/data/97210/000119312521050735/d69963d10k.htm,dei:DocumentFiscalYearFocus,8300,44,0.0053012048192771,103,0.0124096385542168,120,0.0144578313253012,-0.0071084337349397,0.0354216867469879,0.0583132530120481,0.0228915662650602,277410e97a3bf6a61be33fc201604066a044156bf2c7bbf559f03997649a689b,e2d1328682bab7d2187684fb9f5420bb730401c9eefc00daf835edd203f4859d,
TER,97210,"TERADYNE, INC",current,2021,2021-12-31,2022-02-23,0001193125-22-049828,2022-02-23T20:19:17.000Z,https://www.sec.gov/Archives/edgar/data/97210/000119312522049828/d213661d10k.htm,dei:DocumentFiscalYearFocus,6837,37,0.0054117302910633,72,0.0105309346204475,98,0.0143337721222758,-0.0051192043293842,0.0332016966505777,0.0586514553166593,0.0254497586660816,315b68fdcdc77a2ecdc8481860004bbb9923b21515b84eac855129372fadd8a7,e2d1328682bab7d2187684fb9f5420bb730401c9eefc00daf835edd203f4859d,
TER,97210,"TERADYNE, INC",current,2022,2022-12-31,2023-02-22,0001193125-23-044711,2023-02-22T20:12:27.000Z,https://www.sec.gov/Archives/edgar/data/97210/000119312523044711/d414778d10k.htm,dei:DocumentFiscalYearFocus,7202,40,0.0055540127742293,77,0.0106914745903915,98,0.0136073312968619,-0.0051374618161621,0.033462926964732,0.057484032213274,0.024021105248542,8b49a7461363a5caa1e7549408011563edbf21cdc416327eda10d7f4a89f433c,e2d1328682bab7d2187684fb9f5420bb730401c9eefc00daf835edd203f4859d,
TER,97210,"TERADYNE, INC",current,2023,2023-12-31,2024-02-22,0000950170-24-018701,2024-02-22T20:34:26.000Z,https://www.sec.gov/Archives/edgar/data/97210/000095017024018701/ter-20231231.htm,dei:DocumentFiscalYearFocus,6601,36,0.0054537191334646,73,0.011058930465081,85,0.0128768368429025,-0.0056052113316164,0.0312073928192698,0.0559006211180124,0.0246932282987426,e37e60b088a34023d116912d336023dc9cde157c0c3f75a57e483ffc3d6bdd3c,e2d1328682bab7d2187684fb9f5420bb730401c9eefc00daf835edd203f4859d,
TER,97210,"TERADYNE, INC",current,2024,2024-12-31,2025-02-20,0000950170-25-023784,2025-02-20T14:55:54.000Z,https://www.sec.gov/Archives/edgar/data/97210/000095017025023784/ter-20241231.htm,dei:DocumentFiscalYearFocus,6354,34,0.0053509600251809,57,0.0089707271010387,76,0.0119609694680516,-0.0036197670758577,0.0418633931381806,0.0604343720491029,0.0185709789109222,1522e884de7cfea5061b39fcf3c9509f329f0b3fd5a1bce4996c29127bdf0459,e2d1328682bab7d2187684fb9f5420bb730401c9eefc00daf835edd203f4859d,
TER,97210,"TERADYNE, INC",current,2025,2025-12-31,2026-02-19,0001193125-26-059002,2026-02-19T19:01:30.000Z,https://www.sec.gov/Archives/edgar/data/97210/000119312526059002/ter-20251231.htm,dei:DocumentFiscalYearFocus,6084,34,0.0055884286653517,44,0.007232084155161,94,0.0154503616042077,-0.0016436554898093,0.0486522024983563,0.0639381985535831,0.0152859960552268,39ced67c071b07021d059fed9945bcf90749dc835ed0e95ab628bc8c00c2f0b1,e2d1328682bab7d2187684fb9f5420bb730401c9eefc00daf835edd203f4859d,
TJX,109198,TJX COMPANIES INC /DE/,current,2016,2016-01-30,2016-03-29,0001193125-16-521424,2016-03-29T20:10:58.000Z,https://www.sec.gov/Archives/edgar/data/109198/000119312516521424/d110852d10k.htm,cover_fiscal_year_ended,7390,57,0.0077131258457374,77,0.0104194857916102,92,0.0124492557510148,-0.0027063599458728,0.0447902571041948,0.0550744248985115,0.0102841677943166,dca9b246a49e3006cebf1e5c2155b9565001ece46ba4fcb3e123a4a5008f734e,e2d1328682bab7d2187684fb9f5420bb730401c9eefc00daf835edd203f4859d,
TJX,109198,TJX COMPANIES INC /DE/,current,2017,2017-01-28,2017-03-28,0001193125-17-099642,2017-03-28T19:26:41.000Z,https://www.sec.gov/Archives/edgar/data/109198/000119312517099642/d269088d10k.htm,cover_fiscal_year_ended,7566,71,0.0093840867036743,84,0.0111022997620935,98,0.0129526830557758,-0.0017182130584192,0.0462595823420565,0.0576262225746761,0.0113666402326196,ad5da43c3bf1dc6a0235c7f07dda280583ea001245f58e147c86153deb29baf9,e2d1328682bab7d2187684fb9f5420bb730401c9eefc00daf835edd203f4859d,
TJX,109198,TJX COMPANIES INC /DE/,current,2018,2018-02-03,2018-04-04,0001193125-18-107423,2018-04-04T19:19:20.000Z,https://www.sec.gov/Archives/edgar/data/109198/000119312518107423/d518812d10k.htm,cover_fiscal_year_ended,8354,55,0.0065836724922192,92,0.0110126885324395,111,0.0132870481206607,-0.0044290160402202,0.0423749102226478,0.0543452238448647,0.0119703136222169,57aee36f512177cf78b3bf10e6608cc07689cab6bf0423d0c024a9b142fb7991,e2d1328682bab7d2187684fb9f5420bb730401c9eefc00daf835edd203f4859d,
TJX,109198,TJX COMPANIES INC /DE/,current,2019,2019-02-02,2019-04-03,0001628280-19-003834,2019-04-03T16:16:07.000Z,https://www.sec.gov/Archives/edgar/data/109198/000162828019003834/tjx-10kx20190202.htm,cover_fiscal_year_ended,7387,44,0.0059564099093001,76,0.0102883443887911,101,0.0136726682008934,-0.0043319344794909,0.040476512792744,0.0514417219439556,0.0109652091512115,b2c38366c373a3db7964a59b28bded88eed4b1f9900fef8cf69a81161cf83ead,e2d1328682bab7d2187684fb9f5420bb730401c9eefc00daf835edd203f4859d,
TJX,109198,TJX COMPANIES INC /DE/,current,2020,2020-02-01,2020-03-27,0000109198-20-000004,2020-03-27T16:02:19.000Z,https://www.sec.gov/Archives/edgar/data/109198/000010919820000004/tjx-20200201.htm,dei:DocumentFiscalYearFocus,6929,31,0.0044739500649444,76,0.0109683937076057,85,0.0122672824361379,-0.0064944436426612,0.0352143166402078,0.0467599942271612,0.0115456775869533,ab63754d54a0455471bd06ffaac285fce42996a397183b53cab8ae90e15de34b,e2d1328682bab7d2187684fb9f5420bb730401c9eefc00daf835edd203f4859d,
TJX,109198,TJX COMPANIES INC /DE/,current,2021,2021-01-30,2021-03-31,0000109198-21-000006,2021-03-31T15:20:19.000Z,https://www.sec.gov/Archives/edgar/data/109198/000010919821000006/tjx-20210130.htm,dei:DocumentFiscalYearFocus,8959,37,0.0041299252148677,128,0.0142873088514343,117,0.0130594932470141,-0.0101573836365665,0.0199799084719276,0.0349369349257729,0.0149570264538452,f41dfbb0eb37d4cdd1d2b1e2411d7b04065b927c4c3fe11910c76a782f310607,e2d1328682bab7d2187684fb9f5420bb730401c9eefc00daf835edd203f4859d,
TJX,109198,TJX COMPANIES INC /DE/,current,2022,2022-01-29,2022-03-30,0000109198-22-000008,2022-03-30T15:55:23.000Z,https://www.sec.gov/Archives/edgar/data/109198/000010919822000008/tjx-20220129.htm,dei:DocumentFiscalYearFocus,7178,35,0.0048760100306492,84,0.011702424073558,103,0.014349400947339,-0.0068264140429088,0.0293953747561994,0.0430482028420172,0.0136528280858177,4763ffb6e118ec4cc12252c531a1b01594039af5b5fcbcb06bee40ad3d15d8b2,e2d1328682bab7d2187684fb9f5420bb730401c9eefc00daf835edd203f4859d,
TJX,109198,TJX COMPANIES INC /DE/,current,2023,2023-01-28,2023-03-29,0000109198-23-000004,2023-03-29T15:38:54.000Z,https://www.sec.gov/Archives/edgar/data/109198/000010919823000004/tjx-20230128.htm,dei:DocumentFiscalYearFocus,5921,22,0.0037155885830096,71,0.0119912176997128,83,0.0140179023813545,-0.0082756291167032,0.0239824353994257,0.0383381185610538,0.0143556831616281,063a2217ffa2bf61accb852cf78f9552bb051661dbfc08bee55c08aa1818e1a2,e2d1328682bab7d2187684fb9f5420bb730401c9eefc00daf835edd203f4859d,
TJX,109198,TJX COMPANIES INC /DE/,current,2024,2024-02-03,2024-04-03,0000109198-24-000014,2024-04-03T15:58:03.000Z,https://www.sec.gov/Archives/edgar/data/109198/000010919824000014/tjx-20240203.htm,dei:DocumentFiscalYearFocus,5752,16,0.0027816411682892,51,0.0088664812239221,90,0.0156467315716272,-0.0060848400556328,0.0300764951321279,0.0417246175243393,0.0116481223922114,ecb88e72764f46192bc006a4f1b9c863ccfeb42966de29e205eb40f038e8992c,e2d1328682bab7d2187684fb9f5420bb730401c9eefc00daf835edd203f4859d,
TJX,109198,TJX COMPANIES INC /DE/,current,2025,2025-02-01,2025-04-02,0000109198-25-000010,2025-04-02T15:43:31.000Z,https://www.sec.gov/Archives/edgar/data/109198/000010919825000010/tjx-20250201.htm,dei:DocumentFiscalYearFocus,5861,19,0.0032417676164477,49,0.0083603480634703,87,0.0148438832963658,-0.0051185804470226,0.0276403344139225,0.0404367855314792,0.0127964511175567,61bb9b8e8b5f9f1e34a133dc1f8ae0b019f7fd9d2116abcbf25add8cae294838,e2d1328682bab7d2187684fb9f5420bb730401c9eefc00daf835edd203f4859d,
TTWO,946581,TAKE TWO INTERACTIVE SOFTWARE INC,current,2016,2016-03-31,2016-05-19,0001047469-16-013278,2016-05-18T22:19:21.000Z,https://www.sec.gov/Archives/edgar/data/946581/000104746916013278/a2228643z10-k.htm,cover_fiscal_year_ended,13825,67,0.0048462929475587,144,0.0104159132007233,147,0.010632911392405,-0.0055696202531645,0.0428933092224231,0.05750452079566,0.0146112115732368,d1ea826571a30017a6b2253d5eecf30ac1ac4239ff9f2ccffa80c2efd022b1b8,e2d1328682bab7d2187684fb9f5420bb730401c9eefc00daf835edd203f4859d,
TTWO,946581,TAKE TWO INTERACTIVE SOFTWARE INC,current,2017,2017-03-31,2017-05-24,0001628280-17-005833,2017-05-24T00:18:26.000Z,https://www.sec.gov/Archives/edgar/data/946581/000162828017005833/ttwo10k03312017.htm,cover_fiscal_year_ended,14257,68,0.0047695868696079,149,0.0104510065231114,160,0.0112225573402539,-0.0056814196535035,0.0455214982114049,0.0592691309532159,0.013747632741811,c5078bc3df23f54a0913da16742b06c48aca5f691749e6fe36e2da919207808f,e2d1328682bab7d2187684fb9f5420bb730401c9eefc00daf835edd203f4859d,
TTWO,946581,TAKE TWO INTERACTIVE SOFTWARE INC,current,2018,2018-03-31,2018-05-17,0001628280-18-006877,2018-05-16T22:45:03.000Z,https://www.sec.gov/Archives/edgar/data/946581/000162828018006877/ttwo10k03312018.htm,cover_fiscal_year_ended,9171,56,0.0061062043397666,105,0.0114491331370624,93,0.010140660778541,-0.0053429287972958,0.0457965325482499,0.0597535710391451,0.0139570384908952,e0e29005378183e372b5b377c1d69276b914dbc02b0cb9b79c97d366ccc1c48c,e2d1328682bab7d2187684fb9f5420bb730401c9eefc00daf835edd203f4859d,
TTWO,946581,TAKE TWO INTERACTIVE SOFTWARE INC,current,2019,2019-03-31,2019-05-14,0001628280-19-006691,2019-05-13T23:04:16.000Z,https://www.sec.gov/Archives/edgar/data/946581/000162828019006691/ttwo10k03312019.htm,cover_fiscal_year_ended,10571,56,0.0052975120612997,72,0.0068110869359568,110,0.0104058272632674,-0.001513574874657,0.044839655661716,0.05893482168196,0.014095166020244,5505d738b7f3c4ef7d739ac1c28e3294f4dec29b1a943a20aa1adcb88a7ad609,e2d1328682bab7d2187684fb9f5420bb730401c9eefc00daf835edd203f4859d,
TTWO,946581,TAKE TWO INTERACTIVE SOFTWARE INC,current,2020,2020-03-31,2020-05-22,0001628280-20-008291,2020-05-22T20:30:38.000Z,https://www.sec.gov/Archives/edgar/data/946581/000162828020008291/ttwo-20200331.htm,dei:DocumentFiscalYearFocus,7309,46,0.0062936106170474,67,0.0091667806813517,85,0.0116294978793268,-0.0028731700643042,0.0404980161444794,0.0560952250649883,0.0155972089205089,16735e68f701bee8cd175768e9a66ac4eefbd687d7f232adc0a508ae4effa30f,e2d1328682bab7d2187684fb9f5420bb730401c9eefc00daf835edd203f4859d,
TTWO,946581,TAKE TWO INTERACTIVE SOFTWARE INC,current,2021,2021-03-31,2021-05-19,0001628280-21-010627,2021-05-18T23:20:44.000Z,https://www.sec.gov/Archives/edgar/data/946581/000162828021010627/ttwo-20210331.htm,dei:DocumentFiscalYearFocus,5961,32,0.0053682268075826,60,0.0100654252642174,73,0.0122462674047978,-0.0046971984566347,0.0379131018285522,0.0545210535145109,0.0166079516859587,022fffe6b9230893d173f9568c74f963ff5fa9fc85a2380ed1669dcbae926fc6,e2d1328682bab7d2187684fb9f5420bb730401c9eefc00daf835edd203f4859d,
TTWO,946581,TAKE TWO INTERACTIVE SOFTWARE INC,current,2022,2022-03-31,2022-05-17,0001628280-22-014580,2022-05-17T00:16:44.000Z,https://www.sec.gov/Archives/edgar/data/946581/000162828022014580/ttwo-20220331.htm,dei:DocumentFiscalYearFocus,7323,39,0.0053256861941827,61,0.0083299194319268,84,0.0114707087259319,-0.003004233237744,0.0417861532158951,0.0570804315171377,0.0152942783012426,a90febda2f3a09bd5ff1b92fb2fc48021b31bd10d6555ed10cb55b0c9e7696ca,e2d1328682bab7d2187684fb9f5420bb730401c9eefc00daf835edd203f4859d,
TTWO,946581,TAKE TWO INTERACTIVE SOFTWARE INC,current,2023,2023-03-31,2023-05-26,0001628280-23-019851,2023-05-26T00:05:25.000Z,https://www.sec.gov/Archives/edgar/data/946581/000162828023019851/ttwo-20230331.htm,dei:DocumentFiscalYearFocus,7613,31,0.0040719821358203,81,0.0106396952581111,87,0.011427820832786,-0.0065677131222908,0.0409825298830947,0.0584526467883882,0.0174701169052935,07a1315c0fb554ae501ccd2bc017968562811484b36fb86f6d3412f34644f14d,e2d1328682bab7d2187684fb9f5420bb730401c9eefc00daf835edd203f4859d,
TTWO,946581,TAKE TWO INTERACTIVE SOFTWARE INC,current,2024,2024-03-31,2024-05-22,0001628280-24-024623,2024-05-22T01:04:08.000Z,https://www.sec.gov/Archives/edgar/data/946581/000162828024024623/ttwo-20240331.htm,dei:DocumentFiscalYearFocus,7408,31,0.0041846652267818,80,0.0107991360691144,91,0.0122840172786177,-0.0066144708423326,0.0299676025917926,0.0496760259179265,0.0197084233261339,a12d7a40b0de7101373364d0ab9449acd58598c41e51085962cdc389d83e7c2b,e2d1328682bab7d2187684fb9f5420bb730401c9eefc00daf835edd203f4859d,
TTWO,946581,TAKE TWO INTERACTIVE SOFTWARE INC,current,2025,2025-03-31,2025-05-20,0001628280-25-026694,2025-05-20T10:32:02.000Z,https://www.sec.gov/Archives/edgar/data/946581/000162828025026694/ttwo-20250331.htm,dei:DocumentFiscalYearFocus,5590,24,0.004293381037567,80,0.0143112701252236,80,0.0143112701252236,-0.0100178890876565,0.0330948121645796,0.0513416815742397,0.0182468694096601,e31969bbad410aaded1f9ffc85969c6e4a65297b1c914919320aaffdf073a8a3,e2d1328682bab7d2187684fb9f5420bb730401c9eefc00daf835edd203f4859d,
UI,1511737,Ubiquiti Inc.,current,2016,2016-06-30,2016-08-22,0001511737-16-000040,2016-08-22T18:37:18.000Z,https://www.sec.gov/Archives/edgar/data/1511737/000151173716000040/ubnt-06302016x10k.htm,cover_fiscal_year_ended,8048,32,0.003976143141153,120,0.014910536779324,95,0.0118041749502982,-0.0109343936381709,0.0262176938369781,0.0482107355864811,0.0219930417495029,941640ed69f5c4145c0f8b55301faec3ec6dfc28ac9686a11092aa992aa1eb1a,e2d1328682bab7d2187684fb9f5420bb730401c9eefc00daf835edd203f4859d,
UI,1511737,Ubiquiti Inc.,current,2017,2017-06-30,2017-08-25,0001628280-17-008894,2017-08-25T17:29:02.000Z,https://www.sec.gov/Archives/edgar/data/1511737/000162828017008894/ubnt-06302017x10k.htm,cover_fiscal_year_ended,7972,35,0.0043903662819869,96,0.012042147516307,81,0.010160561966884,-0.0076517812343201,0.029729051680883,0.0485449071751128,0.0188158554942298,2c0fb047ef9013585712cf7c6e24be506eb021c79ec524e29cd2ee0a3f43e09f,e2d1328682bab7d2187684fb9f5420bb730401c9eefc00daf835edd203f4859d,
UI,1511737,Ubiquiti Inc.,current,2018,2018-06-30,2018-08-24,0001511737-18-000012,2018-08-24T11:24:05.000Z,https://www.sec.gov/Archives/edgar/data/1511737/000151173718000012/ubnt-06302018x10k.htm,cover_fiscal_year_ended,7647,32,0.0041846475742121,82,0.0107231594089185,75,0.0098077677520596,-0.0065385118347064,0.0248463449718844,0.0435464888191447,0.0187001438472603,cad74e41d0ba4fdb8e38dbfc5bc8b96fec1266af4f9cc934cba83c80b903cb69,e2d1328682bab7d2187684fb9f5420bb730401c9eefc00daf835edd203f4859d,
UI,1511737,Ubiquiti Inc.,current,2019,2019-06-30,2019-08-21,0001511737-19-000026,2019-08-21T17:21:57.000Z,https://www.sec.gov/Archives/edgar/data/1511737/000151173719000026/ubnt-20190630.htm,dei:DocumentFiscalYearFocus,6022,21,0.0034872135503155,52,0.0086350049817336,73,0.0121222185320491,-0.0051477914314181,0.0232480903354367,0.0406841580870142,0.0174360677515775,509822f0085a143fa4d8e756230584ea2092d728104d258b1e8848a9e72bbd7d,e2d1328682bab7d2187684fb9f5420bb730401c9eefc00daf835edd203f4859d,
UI,1511737,Ubiquiti Inc.,current,2020,2020-06-30,2020-08-21,0001511737-20-000022,2020-08-21T11:15:30.000Z,https://www.sec.gov/Archives/edgar/data/1511737/000151173720000022/ubnt-20200630.htm,dei:DocumentFiscalYearFocus,6160,14,0.0022727272727272,64,0.0103896103896103,99,0.0160714285714285,-0.0081168831168831,0.0198051948051948,0.0396103896103896,0.0198051948051948,0081acccb53d44293d24f902c93c58fb5814fa0a881665bc04c11a4acad6e793,e2d1328682bab7d2187684fb9f5420bb730401c9eefc00daf835edd203f4859d,
UI,1511737,Ubiquiti Inc.,current,2021,2021-06-30,2021-08-27,0001511737-21-000036,2021-08-27T11:01:08.000Z,https://www.sec.gov/Archives/edgar/data/1511737/000151173721000036/ubnt-20210630.htm,dei:DocumentFiscalYearFocus,6253,14,0.0022389253158483,69,0.0110347033423956,97,0.0155125539740924,-0.0087957780265472,0.0198304813689429,0.0395010395010395,0.0196705581320965,3275b1baa40c53f412c1501b945cda8982ae6a8ec5e58c9a705cdde82789a5b1,e2d1328682bab7d2187684fb9f5420bb730401c9eefc00daf835edd203f4859d,
UI,1511737,Ubiquiti Inc.,current,2022,2022-06-30,2022-08-26,0001511737-22-000049,2022-08-26T11:00:34.000Z,https://www.sec.gov/Archives/edgar/data/1511737/000151173722000049/ubnt-20220630.htm,dei:DocumentFiscalYearFocus,6612,12,0.0018148820326678,91,0.013762855414398,109,0.0164851784633998,-0.0119479733817301,0.014519056261343,0.0369026013309134,0.0223835450695704,735952f09b00fee2642fe7e72c55252fcf648ebc1f0ec6d5ba17d0b0e931c397,e2d1328682bab7d2187684fb9f5420bb730401c9eefc00daf835edd203f4859d,
UI,1511737,Ubiquiti Inc.,current,2023,2023-06-30,2023-08-25,0001511737-23-000061,2023-08-25T10:59:41.000Z,https://www.sec.gov/Archives/edgar/data/1511737/000151173723000061/ubnt-20230630.htm,dei:DocumentFiscalYearFocus,6005,15,0.0024979184013322,64,0.0106577851790174,92,0.0153205661948376,-0.0081598667776852,0.0219816819317235,0.0424646128226477,0.0204829308909242,d8fae0898cb6c886d117071610eda14a96555c3197e4602aa68861cbc4572101,e2d1328682bab7d2187684fb9f5420bb730401c9eefc00daf835edd203f4859d,
UI,1511737,Ubiquiti Inc.,current,2024,2024-06-30,2024-08-23,0001511737-24-000053,2024-08-23T11:01:19.000Z,https://www.sec.gov/Archives/edgar/data/1511737/000151173724000053/ubnt-20240630.htm,dei:DocumentFiscalYearFocus,6143,12,0.0019534429431873,76,0.0123718053068533,97,0.0157903304574312,-0.0104183623636659,0.0208367247273319,0.0410223018069347,0.0201855770796028,f2f9a3398a35eab3f84f5b906c8b4720acd2ad123fda2098c8f1aa66ba8536a1,e2d1328682bab7d2187684fb9f5420bb730401c9eefc00daf835edd203f4859d,
UI,1511737,Ubiquiti Inc.,current,2025,2025-06-30,2025-08-22,0001511737-25-000053,2025-08-22T10:59:16.000Z,https://www.sec.gov/Archives/edgar/data/1511737/000151173725000053/ubnt-20250630.htm,dei:DocumentFiscalYearFocus,6325,15,0.0023715415019762,71,0.0112252964426877,102,0.0161264822134387,-0.0088537549407114,0.0202371541501976,0.0412648221343873,0.0210276679841897,ccff95b9dc5d438876d4f57b1771acee050cb37ab137f6ea5d162de28ea710f5,e2d1328682bab7d2187684fb9f5420bb730401c9eefc00daf835edd203f4859d,
ULTA,1403568,"Ulta Beauty, Inc.",current,2016,2017-01-28,2017-03-28,0001193125-17-099261,2017-03-28T16:35:05.000Z,https://www.sec.gov/Archives/edgar/data/1403568/000119312517099261/d329810d10k.htm,issuer_52_53_week_Jan_Feb_end_previous_year,6082,38,0.0062479447550147,33,0.0054258467609339,76,0.0124958895100295,0.0008220979940808,0.0537652088128905,0.0623150279513318,0.0085498191384413,6602340e31816891842c92a1af5e4a165d36d3719192b8f86ce82924deaeb016,e2d1328682bab7d2187684fb9f5420bb730401c9eefc00daf835edd203f4859d,
ULTA,1403568,"Ulta Beauty, Inc.",current,2017,2018-02-03,2018-04-03,0001558370-18-002733,2018-04-03T18:32:45.000Z,https://www.sec.gov/Archives/edgar/data/1403568/000155837018002733/ulta-20180203x10k.htm,issuer_52_53_week_Jan_Feb_end_previous_year,6372,36,0.0056497175141242,33,0.0051789077212806,86,0.0134965473948524,0.0004708097928436,0.0516321406151914,0.0610483364720652,0.0094161958568738,bee44fe647b48c5ea7bf81e5696859cb3be87265fc7fec63ef287460d1a3a30b,e2d1328682bab7d2187684fb9f5420bb730401c9eefc00daf835edd203f4859d,
ULTA,1403568,"Ulta Beauty, Inc.",current,2018,2019-02-02,2019-04-02,0001558370-19-002739,2019-04-02T17:31:13.000Z,https://www.sec.gov/Archives/edgar/data/1403568/000155837019002739/ulta-20190202x10k.htm,issuer_52_53_week_Jan_Feb_end_previous_year,6193,30,0.0048441789116744,29,0.0046827062812853,78,0.0125948651703536,0.0001614726303891,0.051025351202971,0.0597448732439851,0.008719522041014,a6518b58d05122874f6c1dec76c437b0f1fef300d014c99e3a46dd5121a2c207,e2d1328682bab7d2187684fb9f5420bb730401c9eefc00daf835edd203f4859d,
ULTA,1403568,"Ulta Beauty, Inc.",current,2019,2020-02-01,2020-03-27,0001558370-20-003272,2020-03-27T20:43:34.000Z,https://www.sec.gov/Archives/edgar/data/1403568/000155837020003272/ulta-20200201x10k11b4b7.htm,issuer_52_53_week_Jan_Feb_end_previous_year,6074,42,0.0069147184721764,45,0.0074086269344748,77,0.0126769838656568,-0.0004939084622983,0.0482383931511359,0.0595982877839973,0.0113598946328613,8c9e7c942cdb8b125144af3a55754d06479eca9036abd30cb94aa81dba636235,e2d1328682bab7d2187684fb9f5420bb730401c9eefc00daf835edd203f4859d,
ULTA,1403568,"Ulta Beauty, Inc.",current,2020,2021-01-30,2021-03-26,0001558370-21-003523,2021-03-26T17:07:31.000Z,https://www.sec.gov/Archives/edgar/data/1403568/000155837021003523/ulta-20210130x10k.htm,issuer_52_53_week_Jan_Feb_end_previous_year,6666,40,0.006000600060006,83,0.0124512451245124,70,0.0105010501050105,-0.0064506450645064,0.0424542454245424,0.055055505550555,0.0126012601260126,394ee21113e079c001474509f32778300a6eb107c87bbfc8480e13a1e60f95fd,e2d1328682bab7d2187684fb9f5420bb730401c9eefc00daf835edd203f4859d,
ULTA,1403568,"Ulta Beauty, Inc.",current,2021,2022-01-29,2022-03-25,0001558370-22-004330,2022-03-25T13:38:09.000Z,https://www.sec.gov/Archives/edgar/data/1403568/000155837022004330/ulta-20220129x10k.htm,issuer_52_53_week_Jan_Feb_end_previous_year,6249,33,0.0052808449351896,82,0.0131220995359257,67,0.0107217154744759,-0.0078412546007361,0.04688750200032,0.0592094735157625,0.0123219715154424,a1595db7f3dcf97179fb3d54801f94fe495633bf70834dbcc07565ffbb3bbf97,e2d1328682bab7d2187684fb9f5420bb730401c9eefc00daf835edd203f4859d,
ULTA,1403568,"Ulta Beauty, Inc.",current,2022,2023-01-28,2023-03-24,0001558370-23-004581,2023-03-24T20:46:46.000Z,https://www.sec.gov/Archives/edgar/data/1403568/000155837023004581/ulta-20230128x10k.htm,issuer_52_53_week_Jan_Feb_end_previous_year,5993,31,0.0051727014850659,60,0.0100116802936759,65,0.0108459869848156,-0.00483897880861,0.0510595694977473,0.0629067245119305,0.0118471550141832,b37d386d2185a0cf7f8ab90670ef66b5d90f5c4a7ffae37670a461d1221806f9,e2d1328682bab7d2187684fb9f5420bb730401c9eefc00daf835edd203f4859d,
ULTA,1403568,"Ulta Beauty, Inc.",current,2023,2024-02-03,2024-03-26,0001558370-24-003941,2024-03-26T20:02:48.000Z,https://www.sec.gov/Archives/edgar/data/1403568/000155837024003941/ulta-20240203x10k.htm,issuer_52_53_week_Jan_Feb_end_previous_year,5845,27,0.0046193327630453,33,0.0056458511548331,65,0.011120615911035,-0.0010265183917878,0.0516680923866552,0.0629597946963216,0.0112917023096663,f3dfdfb52ca4f3b29ef1b9fc2b21fc6122e5d204beb283dae6803478530d2608,e2d1328682bab7d2187684fb9f5420bb730401c9eefc00daf835edd203f4859d,
ULTA,1403568,"Ulta Beauty, Inc.",current,2024,2025-02-01,2025-03-27,0001558370-25-003810,2025-03-27T20:05:28.000Z,https://www.sec.gov/Archives/edgar/data/1403568/000155837025003810/ulta-20250201x10k.htm,issuer_52_53_week_Jan_Feb_end_previous_year,5671,31,0.0054664080409098,29,0.0051137365543995,65,0.0114618233115852,0.0003526714865103,0.0490213366249338,0.0606594956797742,0.0116381590548404,13e76397ca39d8c508c4a074afbd6670e27e4f682fcdca149e1641a9e79bad4f,e2d1328682bab7d2187684fb9f5420bb730401c9eefc00daf835edd203f4859d,
ULTA,1403568,"Ulta Beauty, Inc.",current,2025,2026-01-31,2026-03-26,0001104659-26-035243,2026-03-26T20:33:00.000Z,https://www.sec.gov/Archives/edgar/data/1403568/000110465926035243/ulta-20260131x10k.htm,issuer_52_53_week_Jan_Feb_end_previous_year,5917,27,0.0045631232043265,51,0.0086192327192834,86,0.0145343924285955,-0.0040561095149569,0.0501943552475916,0.0638837248605712,0.0136893696129795,358ef295bbf437708657ba12a56a46a69c3720800cacc1e94a5d4935f1de472c,e2d1328682bab7d2187684fb9f5420bb730401c9eefc00daf835edd203f4859d,
URI,1067701,"UNITED RENTALS, INC.",current,2016,2016-12-31,2017-01-25,0001067701-17-000006,2017-01-25T21:40:38.000Z,https://www.sec.gov/Archives/edgar/data/1067701/000106770117000006/uri-2016123110k.htm,cover_fiscal_year_ended,11803,59,0.0049987291366601,159,0.0134711514021858,126,0.0106752520545624,-0.0084724222655257,0.0404134542065576,0.0580360925188511,0.0176226383122934,c8047ecbe857badc9370737f9aecf67f2d3c7e02ed7127d18f0a4131ee0d517b,e2d1328682bab7d2187684fb9f5420bb730401c9eefc00daf835edd203f4859d,
URI,1067701,"UNITED RENTALS, INC.",current,2017,2017-12-31,2018-01-24,0001067701-18-000006,2018-01-24T21:30:00.000Z,https://www.sec.gov/Archives/edgar/data/1067701/000106770118000006/uri-2017123110k.htm,cover_fiscal_year_ended,11813,79,0.006687547617032,128,0.0108355201896216,126,0.0106662151866587,-0.0041479725725895,0.044273258274782,0.0606111910606958,0.0163379327859138,cfe80845fb200e97d93e6068ef7788ae5aef24117486d1a337a4f5f26fbfc322,e2d1328682bab7d2187684fb9f5420bb730401c9eefc00daf835edd203f4859d,
URI,1067701,"UNITED RENTALS, INC.",current,2018,2018-12-31,2019-01-23,0001067701-19-000007,2019-01-23T21:40:59.000Z,https://www.sec.gov/Archives/edgar/data/1067701/000106770119000007/uri-2018123110k.htm,dei:DocumentFiscalYearFocus,12816,80,0.0062421972534332,120,0.0093632958801498,139,0.0108458177278402,-0.0031210986267166,0.0465823970037453,0.0616416978776529,0.0150593008739076,50c05364aaeefd0e887d64bfd77b82ab558aa701b556f43909025314bf58aee8,e2d1328682bab7d2187684fb9f5420bb730401c9eefc00daf835edd203f4859d,
URI,1067701,"UNITED RENTALS, INC.",current,2019,2019-12-31,2020-01-29,0001067701-20-000008,2020-01-29T21:35:59.000Z,https://www.sec.gov/Archives/edgar/data/1067701/000106770120000008/uri-2019123110k.htm,dei:DocumentFiscalYearFocus,11699,54,0.004615779126421,105,0.008975126079152,136,0.0116249252072826,-0.004359346952731,0.0423967860500897,0.0584665356013334,0.0160697495512436,7adb7656bafb05d6e1bf944471133b40929c565794fdbc12e3af7fd7b0ef10ce,e2d1328682bab7d2187684fb9f5420bb730401c9eefc00daf835edd203f4859d,
URI,1067701,"UNITED RENTALS, INC.",current,2020,2020-12-31,2021-01-27,0001067701-21-000008,2021-01-27T21:24:35.000Z,https://www.sec.gov/Archives/edgar/data/1067701/000106770121000008/uri-20201231.htm,dei:DocumentFiscalYearFocus,14218,50,0.0035166690111126,139,0.0097763398508932,149,0.0104796736531157,-0.0062596708397805,0.0358700239133492,0.0514137009424673,0.015543677029118,dd6752626bb4c1af5d221fe7cea4d2a918e350ba9a1d6b6c3e2dec65bd677b7b,e2d1328682bab7d2187684fb9f5420bb730401c9eefc00daf835edd203f4859d,
URI,1067701,"UNITED RENTALS, INC.",current,2021,2021-12-31,2022-01-26,0001067701-22-000008,2022-01-26T21:21:38.000Z,https://www.sec.gov/Archives/edgar/data/1067701/000106770122000008/uri-20211231.htm,dei:DocumentFiscalYearFocus,11537,78,0.0067608563751408,121,0.0104879951460518,144,0.01248158100026,-0.0037271387709109,0.0399583947299991,0.056080436855335,0.0161220421253358,1c2c3742ed410b705546723aa8d51f6f402d0277728c049147af9cb13f13e7da,e2d1328682bab7d2187684fb9f5420bb730401c9eefc00daf835edd203f4859d,
URI,1067701,"UNITED RENTALS, INC.",current,2022,2022-12-31,2023-01-25,0001067701-23-000010,2023-01-25T21:21:53.000Z,https://www.sec.gov/Archives/edgar/data/1067701/000106770123000010/uri-20221231.htm,dei:DocumentFiscalYearFocus,12076,80,0.0066247101689301,113,0.0093574031136137,155,0.012835375952302,-0.0027326929446836,0.0370155680688969,0.0549850944021199,0.0179695263332229,559d372274d9631c25b20a67e1582126b52064b472252511004d6faf110db928,e2d1328682bab7d2187684fb9f5420bb730401c9eefc00daf835edd203f4859d,
URI,1067701,"UNITED RENTALS, INC.",current,2023,2023-12-31,2024-01-24,0001067701-24-000007,2024-01-24T21:27:28.000Z,https://www.sec.gov/Archives/edgar/data/1067701/000106770124000007/uri-20231231.htm,dei:DocumentFiscalYearFocus,11784,60,0.005091649694501,108,0.0091649694501018,143,0.0121350984385607,-0.0040733197556008,0.0363204344874406,0.0543109300746775,0.0179904955872369,d46ee2735058b45d119671b403d4b493f01907d3a18a9e40b533835c67c17366,e2d1328682bab7d2187684fb9f5420bb730401c9eefc00daf835edd203f4859d,
URI,1067701,"UNITED RENTALS, INC.",current,2024,2024-12-31,2025-01-29,0001067701-25-000008,2025-01-29T21:20:35.000Z,https://www.sec.gov/Archives/edgar/data/1067701/000106770125000008/uri-20241231.htm,dei:DocumentFiscalYearFocus,11011,44,0.0039960039960039,96,0.0087185541730996,145,0.0131686495322858,-0.0047225501770956,0.0374171283262192,0.0545817818545091,0.0171646535282898,c7c5a634e88e928a9ce43666d58d530eff3279f81d4d417cfb954c58afbe5320,e2d1328682bab7d2187684fb9f5420bb730401c9eefc00daf835edd203f4859d,
URI,1067701,"UNITED RENTALS, INC.",current,2025,2025-12-31,2026-01-28,0001067701-26-000007,2026-01-28T21:19:17.000Z,https://www.sec.gov/Archives/edgar/data/1067701/000106770126000007/uri-20251231.htm,dei:DocumentFiscalYearFocus,10822,45,0.0041581962668637,114,0.0105340972093882,135,0.0124745888005913,-0.0063759009425244,0.0374237664017741,0.0545185732766586,0.0170948068748844,bce0b43fc79bcce21a22a96507ac25c6acddbe4c7c16e2d1888c66bf9cbf8ad1,e2d1328682bab7d2187684fb9f5420bb730401c9eefc00daf835edd203f4859d,
V,1403161,VISA INC.,current,2016,2016-09-30,2016-11-15,0001403161-16-000058,2016-11-15T21:44:02.000Z,https://www.sec.gov/Archives/edgar/data/1403161/000140316116000058/v093016.htm,cover_fiscal_year_ended,10062,44,0.0043728880938183,115,0.011429139336116,134,0.013317431922083,-0.0070562512422977,0.0336911150864639,0.0518783542039356,0.0181872391174716,a6a6aa57fb91f68af04aed1098339de35d2d6d79c7f8dc6b0e2fee27096759e1,e2d1328682bab7d2187684fb9f5420bb730401c9eefc00daf835edd203f4859d,
V,1403161,VISA INC.,current,2017,2017-09-30,2017-11-17,0001403161-17-000044,2017-11-17T01:07:25.000Z,https://www.sec.gov/Archives/edgar/data/1403161/000140316117000044/v093017.htm,cover_fiscal_year_ended,10014,42,0.0041941282204913,95,0.0094867185939684,134,0.0133812662272818,-0.0052925903734771,0.0350509286998202,0.0512282804074296,0.0161773517076093,d84528189ebabe7ece925d6090c7d8ab66e692b55d6a1f7b664f28d9ffdd2df1,e2d1328682bab7d2187684fb9f5420bb730401c9eefc00daf835edd203f4859d,
V,1403161,VISA INC.,current,2018,2018-09-30,2018-11-16,0001403161-18-000055,2018-11-16T21:10:27.000Z,https://www.sec.gov/Archives/edgar/data/1403161/000140316118000055/v093018.htm,cover_fiscal_year_ended,10358,48,0.0046340992469588,125,0.0120679667889553,131,0.0126472291948252,-0.0074338675419965,0.0310870824483491,0.0495269357018729,0.0184398532535238,a2fe3b1a12d86261bfdafe16bc5d110e964442345af1171e52d16bede2bf55e2,e2d1328682bab7d2187684fb9f5420bb730401c9eefc00daf835edd203f4859d,
V,1403161,VISA INC.,current,2019,2019-09-30,2019-11-14,0001403161-19-000050,2019-11-14T20:35:00.000Z,https://www.sec.gov/Archives/edgar/data/1403161/000140316119000050/v093019form10k.htm,dei:DocumentFiscalYearFocus,8333,36,0.0043201728069122,109,0.0130805232209288,122,0.0146405856234249,-0.0087603504140165,0.0303612144485779,0.0500420016800672,0.0196807872314892,17d4551e907608f8a2515d615fea1bf4e981f89f47074c574c230a2416f74300,e2d1328682bab7d2187684fb9f5420bb730401c9eefc00daf835edd203f4859d,
V,1403161,VISA INC.,current,2020,2020-09-30,2020-11-19,0001403161-20-000070,2020-11-19T21:03:34.000Z,https://www.sec.gov/Archives/edgar/data/1403161/000140316120000070/v-20200930.htm,dei:DocumentFiscalYearFocus,8063,42,0.0052089792881061,127,0.0157509611807019,126,0.0156269378643184,-0.0105419818925958,0.0244325933275455,0.0473769068584893,0.0229443135309438,ab6be3b33b5b1b12a26af574728b3337b504773c7ad15235354b50460d909e9a,e2d1328682bab7d2187684fb9f5420bb730401c9eefc00daf835edd203f4859d,
V,1403161,VISA INC.,current,2021,2021-09-30,2021-11-18,0001403161-21-000060,2021-11-18T21:06:50.000Z,https://www.sec.gov/Archives/edgar/data/1403161/000140316121000060/v-20210930.htm,dei:DocumentFiscalYearFocus,6811,31,0.0045514608721186,82,0.012039348113346,115,0.0168844516223755,-0.0074878872412274,0.0265746586404345,0.0466891792688298,0.0201145206283952,1db8f5801cb278cbf7588ab651ba663e506cb4f235f99c9429604d01adc227a0,e2d1328682bab7d2187684fb9f5420bb730401c9eefc00daf835edd203f4859d,
V,1403161,VISA INC.,current,2022,2022-09-30,2022-11-16,0001403161-22-000081,2022-11-16T21:06:43.000Z,https://www.sec.gov/Archives/edgar/data/1403161/000140316122000081/v-20220930.htm,dei:DocumentFiscalYearFocus,7027,25,0.0035577059911768,96,0.0136615910061192,111,0.0157962146008253,-0.0101038850149423,0.0243347089796499,0.0468194108438878,0.0224847018642379,5571d344de52d449bcb6215f07646d8da72acfa1fcc8738c7248187339b20553,e2d1328682bab7d2187684fb9f5420bb730401c9eefc00daf835edd203f4859d,
V,1403161,VISA INC.,current,2023,2023-09-30,2023-11-15,0001403161-23-000099,2023-11-15T21:07:14.000Z,https://www.sec.gov/Archives/edgar/data/1403161/000140316123000099/v-20230930.htm,dei:DocumentFiscalYearFocus,5867,22,0.0037497869439236,95,0.0161922618033066,109,0.0185784898585307,-0.0124424748593829,0.0247145048576785,0.0485767854099198,0.0238622805522413,3db3e9e841cda7a5eccdba111d7f2097d68f881c341ec2ff1fcb74776c9ac9f1,e2d1328682bab7d2187684fb9f5420bb730401c9eefc00daf835edd203f4859d,
V,1403161,VISA INC.,current,2024,2024-09-30,2024-11-13,0001403161-24-000058,2024-11-13T22:14:01.000Z,https://www.sec.gov/Archives/edgar/data/1403161/000140316124000058/v-20240930.htm,dei:DocumentFiscalYearFocus,6386,28,0.0043845912934544,113,0.0176949577200125,106,0.0165988098966489,-0.013310366426558,0.0250548073911681,0.0483870967741935,0.0233322893830253,444914972f7a50b8087f3c9787f84f02077136f87da4ad982ce295df3fd5cbb9,e2d1328682bab7d2187684fb9f5420bb730401c9eefc00daf835edd203f4859d,
V,1403161,VISA INC.,current,2025,2025-09-30,2025-11-06,0001403161-25-000089,2025-11-06T21:09:41.000Z,https://www.sec.gov/Archives/edgar/data/1403161/000140316125000089/v-20250930.htm,dei:DocumentFiscalYearFocus,6422,26,0.0040485829959514,110,0.0171286203674867,103,0.0160386172531921,-0.0130800373715353,0.0288072251635004,0.0507630021800062,0.0219557770165057,abe524dfc9ac1139585880f7aadbd8b1cd838d0806b635cd81681f601a12e246,e2d1328682bab7d2187684fb9f5420bb730401c9eefc00daf835edd203f4859d,
VLO,1035002,VALERO ENERGY CORP/TX,current,2016,2016-12-31,2017-02-23,0001035002-17-000009,2017-02-23T20:34:55.000Z,https://www.sec.gov/Archives/edgar/data/1035002/000103500217000009/vloform10-kx12312016.htm,cover_fiscal_year_ended,12811,86,0.0067129810319256,136,0.0106158769807196,137,0.0106939348996955,-0.003902895948794,0.0093669502771056,0.041604870814144,0.0322379205370384,0f256fcd1c111e985059d6d4c4a039633baf334504a916652d15fc1505b35a73,e2d1328682bab7d2187684fb9f5420bb730401c9eefc00daf835edd203f4859d,
VLO,1035002,VALERO ENERGY CORP/TX,current,2017,2017-12-31,2018-02-28,0001035002-18-000010,2018-02-28T19:24:13.000Z,https://www.sec.gov/Archives/edgar/data/1035002/000103500218000010/vloform10-kx12312017.htm,cover_fiscal_year_ended,12399,70,0.0056456165819824,102,0.0082264698766029,116,0.0093555931929994,-0.0025808532946205,0.0191950963787402,0.0432292926848939,0.0240341963061537,51826deaa71a7b9721b92ac8126d3922ceadd55b6f876151c0a3e00b8c2e1ef2,e2d1328682bab7d2187684fb9f5420bb730401c9eefc00daf835edd203f4859d,
VLO,1035002,VALERO ENERGY CORP/TX,current,2018,2018-12-31,2019-02-28,0001035002-19-000008,2019-02-28T21:06:55.000Z,https://www.sec.gov/Archives/edgar/data/1035002/000103500219000008/vloform10-kx12312018.htm,cover_fiscal_year_ended,12748,75,0.0058832758079698,98,0.0076874803890806,114,0.0089425792281142,-0.0018042045811107,0.0235331032318795,0.0463602133668026,0.0228271101349231,bc2b836023ed3e5d82840f8fef0bd1c98d6bd827721abfe616fad2248b2453e4,e2d1328682bab7d2187684fb9f5420bb730401c9eefc00daf835edd203f4859d,
VLO,1035002,VALERO ENERGY CORP/TX,current,2019,2019-12-31,2020-02-26,0001035002-20-000007,2020-02-26T19:08:29.000Z,https://www.sec.gov/Archives/edgar/data/1035002/000103500220000007/vloform10-kx12312019.htm,dei:DocumentFiscalYearFocus,11548,60,0.0051957048839625,76,0.0065812261863526,119,0.0103048146865258,-0.00138552130239,0.0271042604780048,0.0472809144440595,0.0201766539660547,ceb13bd9cc83a19cb6fb08b5faa7db4510b8dbc16a0579eac0bc89b89b699c1a,e2d1328682bab7d2187684fb9f5420bb730401c9eefc00daf835edd203f4859d,
VLO,1035002,VALERO ENERGY CORP/TX,current,2020,2020-12-31,2021-02-23,0001035002-21-000051,2021-02-23T20:43:21.000Z,https://www.sec.gov/Archives/edgar/data/1035002/000103500221000051/vlo-20201231.htm,dei:DocumentFiscalYearFocus,11364,41,0.0036078845476944,181,0.0159274903203097,128,0.0112636395635339,-0.0123196057726152,0.0109996480112636,0.0359028511087645,0.0249032030975008,a54ca24e65d228417960d082a002eea6fae75b820c4bd3922354afec16744601,e2d1328682bab7d2187684fb9f5420bb730401c9eefc00daf835edd203f4859d,
VLO,1035002,VALERO ENERGY CORP/TX,current,2021,2021-12-31,2022-02-22,0001035002-22-000007,2022-02-22T19:55:26.000Z,https://www.sec.gov/Archives/edgar/data/1035002/000103500222000007/vlo-20211231.htm,dei:DocumentFiscalYearFocus,10453,48,0.0045919831627284,160,0.015306610542428,126,0.012053955802162,-0.0107146273796996,0.0127236200133932,0.0392231895149717,0.0264995695015784,bc687635ded2dafd38cd4610568c3cdf85d98b6ae6a7d25c8a921fc4275fbaa0,e2d1328682bab7d2187684fb9f5420bb730401c9eefc00daf835edd203f4859d,
VLO,1035002,VALERO ENERGY CORP/TX,current,2022,2022-12-31,2023-02-23,0001035002-23-000027,2023-02-23T19:28:38.000Z,https://www.sec.gov/Archives/edgar/data/1035002/000103500223000027/vlo-20221231.htm,dei:DocumentFiscalYearFocus,10000,38,0.0038,123,0.0123,131,0.0131,-0.0085,0.016,0.0385,0.0225,0a89afeaa506a267cb8921c6b76632661c8daf52a7359f61c8b2ab7f53981f40,e2d1328682bab7d2187684fb9f5420bb730401c9eefc00daf835edd203f4859d,
VLO,1035002,VALERO ENERGY CORP/TX,current,2023,2023-12-31,2024-02-22,0001035002-24-000007,2024-02-22T19:17:34.000Z,https://www.sec.gov/Archives/edgar/data/1035002/000103500224000007/vlo-20231231.htm,dei:DocumentFiscalYearFocus,9288,39,0.0041989664082687,104,0.0111972437553832,125,0.0134582256675279,-0.0069982773471145,0.012058570198105,0.0357450473729543,0.0236864771748492,00320244ec59904fbc31f265b5fcbccdb9cd1695ddcfcd92aa9bb62e63319cd7,e2d1328682bab7d2187684fb9f5420bb730401c9eefc00daf835edd203f4859d,
VLO,1035002,VALERO ENERGY CORP/TX,current,2024,2024-12-31,2025-02-26,0001035002-25-000005,2025-02-26T19:47:52.000Z,https://www.sec.gov/Archives/edgar/data/1035002/000103500225000005/vlo-20241231.htm,dei:DocumentFiscalYearFocus,8843,27,0.0030532624674884,84,0.0094990387877417,127,0.0143616419767047,-0.0064457763202533,0.0092728711975573,0.0326812167816351,0.0234083455840778,7d154b330ff574eacab82e1fc344a0cbaf4b06f30f2779f7075cae45fb0bb903,e2d1328682bab7d2187684fb9f5420bb730401c9eefc00daf835edd203f4859d,
VLO,1035002,VALERO ENERGY CORP/TX,current,2025,2025-12-31,2026-02-25,0001628280-26-011499,2026-02-25T18:27:19.000Z,https://www.sec.gov/Archives/edgar/data/1035002/000162828026011499/vlo-20251231.htm,dei:DocumentFiscalYearFocus,10565,29,0.0027449124467581,154,0.0145764316138192,144,0.0136299100804543,-0.011831519167061,0.0196876478939895,0.0433506862281116,0.0236630383341221,2d9f1609939faaff0289dfb2047464fb7f1cb2539274aa528afd02908aa5a2a6,e2d1328682bab7d2187684fb9f5420bb730401c9eefc00daf835edd203f4859d,
VMC,1396009,Vulcan Materials CO,current,2016,2016-12-31,2017-02-24,0001396009-17-000005,2017-02-24T16:20:42.000Z,https://www.sec.gov/Archives/edgar/data/1396009/000139600917000005/vmc-20161231x10k.htm,cover_fiscal_year_ended,11299,109,0.009646871404549,214,0.0189397291795734,114,0.0100893884414549,-0.0092928577750243,0.0372599345074785,0.0669085759801752,0.0296486414726966,40029cf0c1a7dd8f9d6c12d6a36d6f1cdf887490e83fe9e8c4e5778e7ea8e10f,e2d1328682bab7d2187684fb9f5420bb730401c9eefc00daf835edd203f4859d,
VMC,1396009,Vulcan Materials CO,current,2017,2017-12-31,2018-02-27,0001396009-18-000011,2018-02-27T15:53:25.000Z,https://www.sec.gov/Archives/edgar/data/1396009/000139600918000011/vmc-20171231x10k.htm,report_date_year_fallback_review_required,11867,101,0.00851099688211,193,0.0162635881014578,138,0.0116288868290216,-0.0077525912193477,0.0365720064043144,0.0672453020982556,0.0306732956939411,676f322e78af9aa1178712e5eef05f7a169976c18a23eb9d0d707d996a4aa6a8,e2d1328682bab7d2187684fb9f5420bb730401c9eefc00daf835edd203f4859d,
VMC,1396009,Vulcan Materials CO,current,2018,2018-12-31,2019-02-26,0001396009-19-000021,2019-02-26T15:27:58.000Z,https://www.sec.gov/Archives/edgar/data/1396009/000139600919000021/vmc-20181231x10k.htm,cover_fiscal_year_ended,11261,109,0.0096794245626498,184,0.0163395790782346,131,0.0116330698872213,-0.0066601545155847,0.0411153538762099,0.069887221383536,0.0287718675073261,088fae743031ba1e857e0258f37ac8198e0855c56a3d6b5ac56e7f5cb520279c,e2d1328682bab7d2187684fb9f5420bb730401c9eefc00daf835edd203f4859d,
VMC,1396009,Vulcan Materials CO,current,2019,2019-12-31,2020-02-26,0001396009-20-000006,2020-02-26T15:00:36.000Z,https://www.sec.gov/Archives/edgar/data/1396009/000139600920000006/vmc-20191231x10k.htm,dei:DocumentFiscalYearFocus,11589,127,0.0109586677021313,163,0.0140650616964362,133,0.0114764000345154,-0.0031063939943049,0.0421951850893088,0.0697212874277331,0.0275261023384243,932d9ffa2541d74594be2b86c2c4908efa66cfc7591d77c36ed4cfceba02191b,e2d1328682bab7d2187684fb9f5420bb730401c9eefc00daf835edd203f4859d,
VMC,1396009,Vulcan Materials CO,current,2020,2020-12-31,2021-02-25,0001396009-21-000009,2021-02-25T15:20:58.000Z,https://www.sec.gov/Archives/edgar/data/1396009/000139600921000009/vmc-20201231x10k.htm,dei:DocumentFiscalYearFocus,11492,119,0.0103550295857988,172,0.0149669335189697,142,0.0123564218586843,-0.0046119039331709,0.0379394361294813,0.0655238426731639,0.0275844065436825,4afbea2d1b316c9b1ed810de88d33362748ffa53f76b2efa16d73a6f913cce11,e2d1328682bab7d2187684fb9f5420bb730401c9eefc00daf835edd203f4859d,
VMC,1396009,Vulcan Materials CO,current,2021,2021-12-31,2022-02-25,0001396009-22-000010,2022-02-25T14:37:54.000Z,https://www.sec.gov/Archives/edgar/data/1396009/000139600922000010/vmc-20211231x10k.htm,dei:DocumentFiscalYearFocus,12589,135,0.0107236476288823,183,0.0145365001191516,145,0.0115179918976884,-0.0038128524902692,0.040114385574708,0.0679164349829216,0.0278020494082135,f8efb59cd31a24b39ab23a95ec42566b5fab7096877503f1b82e3c5fe543dd7f,e2d1328682bab7d2187684fb9f5420bb730401c9eefc00daf835edd203f4859d,
VMC,1396009,Vulcan Materials CO,current,2022,2022-12-31,2023-02-24,0001396009-23-000007,2023-02-24T16:43:25.000Z,https://www.sec.gov/Archives/edgar/data/1396009/000139600923000007/vmc-20221231x10k.htm,dei:DocumentFiscalYearFocus,12287,114,0.0092780988036135,214,0.0174167819646781,162,0.0131846667209245,-0.0081386831610645,0.0397981606576056,0.0666558150891185,0.0268576544315129,ab840b5abd92b1142257ac52e8277b36b907884d02248710178c29844d118703,e2d1328682bab7d2187684fb9f5420bb730401c9eefc00daf835edd203f4859d,
VMC,1396009,Vulcan Materials CO,current,2023,2023-12-31,2024-02-22,0001396009-24-000006,2024-02-22T19:36:22.000Z,https://www.sec.gov/Archives/edgar/data/1396009/000139600924000006/vmc-20231231x10k.htm,dei:DocumentFiscalYearFocus,11985,105,0.0087609511889862,203,0.0169378389653733,156,0.0130162703379224,-0.0081768877763871,0.0388819357530246,0.0654985398414685,0.0266166040884438,21fc20da5a30d94e3daa42825092f8a1451139c06d3bf9349c84ee1e975ba313,e2d1328682bab7d2187684fb9f5420bb730401c9eefc00daf835edd203f4859d,
VMC,1396009,Vulcan Materials CO,current,2024,2024-12-31,2025-02-20,0001396009-25-000005,2025-02-20T17:35:11.000Z,https://www.sec.gov/Archives/edgar/data/1396009/000139600925000005/vmc-20241231.htm,dei:DocumentFiscalYearFocus,11913,107,0.0089817846050533,199,0.0167044405271552,151,0.0126752287417107,-0.0077226559221019,0.0410475950642155,0.066733820196424,0.0256862251322085,99bb0496f3e8737ab8cf4dd62011f09fa703388f7c19c9241de8c7f2693c0214,e2d1328682bab7d2187684fb9f5420bb730401c9eefc00daf835edd203f4859d,
VMC,1396009,Vulcan Materials CO,current,2025,2025-12-31,2026-02-19,0001628280-26-009546,2026-02-19T16:58:02.000Z,https://www.sec.gov/Archives/edgar/data/1396009/000162828026009546/vmc-20251231.htm,dei:DocumentFiscalYearFocus,11823,119,0.0100651272942569,195,0.0164932758183202,158,0.013363782457921,-0.0064281485240632,0.0416138036031464,0.0690180157320477,0.0274042121289012,35308c22fa4be2a2f5b2764401c8073c9e298a808cec559801df77f3ccba80ea,e2d1328682bab7d2187684fb9f5420bb730401c9eefc00daf835edd203f4859d,
VMRK,906107,VIVMARK RESIDENTIAL,current,2016,2016-12-31,2017-02-23,0000906107-17-000007,2017-02-23T21:17:29.000Z,https://www.sec.gov/Archives/edgar/data/906107/000090610717000007/eqr-20161231x10k.htm,cover_fiscal_year_ended,15628,147,0.0094061940107499,118,0.0075505502943434,255,0.0163168671615049,0.0018556437164064,0.0310340414640389,0.0478628103404146,0.0168287688763757,632afe061e183eca7dad9aa23ef48f01613e043cccedd75c2309c7758fb5336b,e2d1328682bab7d2187684fb9f5420bb730401c9eefc00daf835edd203f4859d,
VMRK,906107,VIVMARK RESIDENTIAL,current,2017,2017-12-31,2018-02-22,0001564590-18-002873,2018-02-22T21:15:12.000Z,https://www.sec.gov/Archives/edgar/data/906107/000156459018002873/eqr-10k_20171231.htm,cover_fiscal_year_ended,10813,105,0.0097105336169425,83,0.0076759456210117,179,0.0165541477850735,0.0020345879959308,0.0300564135762508,0.0464255988162397,0.0163691852399889,765aded1961333473c02f17ca0b78e4d71b55ee5025cf1748a55a84a4fd9c49c,e2d1328682bab7d2187684fb9f5420bb730401c9eefc00daf835edd203f4859d,
VMRK,906107,VIVMARK RESIDENTIAL,current,2018,2018-12-31,2019-02-21,0001564590-19-003683,2019-02-21T21:17:35.000Z,https://www.sec.gov/Archives/edgar/data/906107/000156459019003683/eqr-10k_20181231.htm,cover_fiscal_year_ended,10685,112,0.0104819840898455,75,0.0070191857744501,181,0.0169396350023397,0.0034627983153954,0.0299485259709873,0.046607393542349,0.0166588675713617,678a74fce2e84cdfac559e3a5423fb1889a4dffbb0be87c5cbec098d3ce64db7,e2d1328682bab7d2187684fb9f5420bb730401c9eefc00daf835edd203f4859d,
VMRK,906107,VIVMARK RESIDENTIAL,current,2019,2019-12-31,2020-02-20,0001564590-20-005562,2020-02-20T21:16:57.000Z,https://www.sec.gov/Archives/edgar/data/906107/000156459020005562/eqr-10k_20191231.htm,dei:DocumentFiscalYearFocus,9378,117,0.0124760076775431,70,0.0074642780976754,148,0.0157816165493708,0.0050117295798677,0.0300703774792066,0.0484111750906376,0.018340797611431,571989b512374b2bfdfdd4f27f702f5709d7010ccddc496cef02bb2b75ff0e15,e2d1328682bab7d2187684fb9f5420bb730401c9eefc00daf835edd203f4859d,
VMRK,906107,VIVMARK RESIDENTIAL,current,2020,2020-12-31,2021-02-18,0001564590-21-006679,2021-02-18T21:27:25.000Z,https://www.sec.gov/Archives/edgar/data/906107/000156459021006679/eqr-10k_20201231.htm,dei:DocumentFiscalYearFocus,10754,129,0.0119955365445415,95,0.0088339222614841,165,0.0153431281383671,0.0031616142830574,0.0264087781290682,0.0458434071043332,0.019434628975265,bec8e0c6c4f221a5e01f92bd95f8363125d7458d583d7f1bf4570ee3de74f5f1,e2d1328682bab7d2187684fb9f5420bb730401c9eefc00daf835edd203f4859d,
VMRK,906107,VIVMARK RESIDENTIAL,current,2021,2021-12-31,2022-02-17,0001564590-22-005566,2022-02-17T21:15:55.000Z,https://www.sec.gov/Archives/edgar/data/906107/000156459022005566/eqr-10k_20211231.htm,dei:DocumentFiscalYearFocus,7231,59,0.0081593140644447,56,0.0077444336882865,101,0.0139676393306596,0.0004148803761582,0.0272438113677223,0.0468814825058774,0.0196376711381551,5d872228deed6c5680cb7876d67a10ea6ff0a0a3e7a546479408d82605e964d3,e2d1328682bab7d2187684fb9f5420bb730401c9eefc00daf835edd203f4859d,
VMRK,906107,VIVMARK RESIDENTIAL,current,2022,2022-12-31,2023-02-16,0000950170-23-003060,2023-02-16T21:24:34.000Z,https://www.sec.gov/Archives/edgar/data/906107/000095017023003060/eqr-20221231.htm,dei:DocumentFiscalYearFocus,7071,63,0.0089096308867204,55,0.0077782491868194,93,0.0131523122613491,0.001131381699901,0.0313958421722528,0.0494979493706689,0.018102107198416,ec4f0aed320ba56e859a0b24fe82e4d8cc85e9c0e063dfe5240b030a56275199,e2d1328682bab7d2187684fb9f5420bb730401c9eefc00daf835edd203f4859d,
VMRK,906107,VIVMARK RESIDENTIAL,current,2023,2023-12-31,2024-02-15,0000950170-24-015907,2024-02-15T21:20:41.000Z,https://www.sec.gov/Archives/edgar/data/906107/000095017024015907/eqr-20231231.htm,dei:DocumentFiscalYearFocus,7214,58,0.0080399223731632,51,0.0070695869143332,97,0.0134460770723593,0.00097033545883,0.0291100637649015,0.047685056833934,0.0185749930690324,8b9410770ba0e424b92615bcef2a502a1fb4809aa53517537bfc2aafe4c4094a,e2d1328682bab7d2187684fb9f5420bb730401c9eefc00daf835edd203f4859d,
VMRK,906107,VIVMARK RESIDENTIAL,current,2024,2024-12-31,2025-02-13,0000950170-25-019894,2025-02-13T21:13:57.000Z,https://www.sec.gov/Archives/edgar/data/906107/000095017025019894/eqr-20241231.htm,dei:DocumentFiscalYearFocus,6828,57,0.008347978910369,47,0.0068834212067955,86,0.0125951962507322,0.0014645577035735,0.0325131810193321,0.0502343292325717,0.0177211482132396,8b432dfcd300ce63790fd72cf14c92ef4d39612228e58d538d5e5175f734cdcb,e2d1328682bab7d2187684fb9f5420bb730401c9eefc00daf835edd203f4859d,
VMRK,906107,VIVMARK RESIDENTIAL,current,2025,2025-12-31,2026-02-13,0001193125-26-051433,2026-02-13T21:20:11.000Z,https://www.sec.gov/Archives/edgar/data/906107/000119312526051433/eqr-20251231.htm,dei:DocumentFiscalYearFocus,6633,52,0.0078395899291421,50,0.0075380672395597,79,0.0119101462385044,0.0003015226895823,0.0328659731644806,0.0515603799185888,0.0186944067541082,fae5d5c8b6c591a50eeeb6bf32ff5c77b2076d74df9b36da4c169a0d4adbd79f,e2d1328682bab7d2187684fb9f5420bb730401c9eefc00daf835edd203f4859d,
WAT,1000697,WATERS CORP /DE/,current,2016,2016-12-31,2017-02-24,0001193125-17-056239,2017-02-24T20:49:17.000Z,https://www.sec.gov/Archives/edgar/data/1000697/000119312517056239/d268303d10k.htm,cover_fiscal_year_ended,9229,54,0.0058511214649474,130,0.0140860331563549,135,0.0146278036623686,-0.0082349116914075,0.0391158305341857,0.0579694441434608,0.0188536136092751,f3a8040d84a18db8d2160d1263de9e78cc30cbaaf81226a35432bfcc14ed6848,e2d1328682bab7d2187684fb9f5420bb730401c9eefc00daf835edd203f4859d,
WAT,1000697,WATERS CORP /DE/,current,2017,2017-12-31,2018-02-27,0001193125-18-060830,2018-02-27T21:08:12.000Z,https://www.sec.gov/Archives/edgar/data/1000697/000119312518060830/d506350d10k.htm,cover_fiscal_year_ended,10547,58,0.0054991940836256,121,0.0114724566227363,162,0.015359817957713,-0.0059732625391106,0.0383995448942827,0.0554660092917417,0.0170664643974589,66aff90e46e47c11c67f79d20e62977896b4a901ddcecc28c69f04ecd9a34cb6,e2d1328682bab7d2187684fb9f5420bb730401c9eefc00daf835edd203f4859d,
WAT,1000697,WATERS CORP /DE/,current,2018,2018-12-31,2019-02-26,0001193125-19-051872,2019-02-26T20:49:47.000Z,https://www.sec.gov/Archives/edgar/data/1000697/000119312519051872/d612944d10k.htm,cover_fiscal_year_ended,11016,51,0.0046296296296296,111,0.0100762527233115,146,0.0132534495279593,-0.0054466230936819,0.0359477124183006,0.0536492374727668,0.0177015250544662,cb7c7aa2554f65c2b506cf9d6d7b0174b1586a8f1dfb563be1f73fb71f0bdf58,e2d1328682bab7d2187684fb9f5420bb730401c9eefc00daf835edd203f4859d,
WAT,1000697,WATERS CORP /DE/,current,2019,2019-12-31,2020-02-25,0001193125-20-048303,2020-02-25T21:02:20.000Z,https://www.sec.gov/Archives/edgar/data/1000697/000119312520048303/d862312d10k.htm,dei:DocumentFiscalYearFocus,9951,46,0.0046226509898502,114,0.0114561350618028,143,0.0143704150336649,-0.0068334840719525,0.0333634810571801,0.0524570394935182,0.019093558436338,95fdd521e0ed2e415c7d2faf928ab0259ec01821b3a2df3e77beb310341dc549,e2d1328682bab7d2187684fb9f5420bb730401c9eefc00daf835edd203f4859d,
WAT,1000697,WATERS CORP /DE/,current,2020,2020-12-31,2021-02-24,0001193125-21-054385,2021-02-24T19:57:56.000Z,https://www.sec.gov/Archives/edgar/data/1000697/000119312521054385/d32803d10k.htm,dei:DocumentFiscalYearFocus,10360,53,0.0051158301158301,169,0.0163127413127413,147,0.0141891891891891,-0.0111969111969112,0.0302123552123552,0.050096525096525,0.0198841698841698,cc096e604c224894fefcb4c1b2f218d088a169e7296ee3aaf4f51c1046126522,e2d1328682bab7d2187684fb9f5420bb730401c9eefc00daf835edd203f4859d,
WAT,1000697,WATERS CORP /DE/,current,2021,2021-12-31,2022-02-24,0001193125-22-051509,2022-02-24T18:04:47.000Z,https://www.sec.gov/Archives/edgar/data/1000697/000119312522051509/d208871d10k.htm,dei:DocumentFiscalYearFocus,9237,54,0.0058460539136083,119,0.0128829706614701,119,0.0128829706614701,-0.0070369167478618,0.0403810761069611,0.0572696763018296,0.0168886001948684,ea60a654cf00ecd20e63bf8592d9f55de1c985830f65fb81ed54bfe57196a7b0,e2d1328682bab7d2187684fb9f5420bb730401c9eefc00daf835edd203f4859d,
WAT,1000697,WATERS CORP /DE/,current,2022,2022-12-31,2023-02-27,0001193125-23-050827,2023-02-27T21:32:19.000Z,https://www.sec.gov/Archives/edgar/data/1000697/000119312523050827/d412746d10k.htm,dei:DocumentFiscalYearFocus,7222,44,0.006092495153697,73,0.0101080033231791,91,0.012600387704237,-0.0040155081694821,0.0443090556632511,0.0585710329548601,0.0142619772916089,483ca36c4ed92607eb4690c39a8cf75bd01acef0e29f4f061dd3cd1313f75c97,e2d1328682bab7d2187684fb9f5420bb730401c9eefc00daf835edd203f4859d,
WAT,1000697,WATERS CORP /DE/,current,2023,2023-12-31,2024-02-27,0001193125-24-047491,2024-02-27T16:52:37.000Z,https://www.sec.gov/Archives/edgar/data/1000697/000119312524047491/d691142d10k.htm,dei:DocumentFiscalYearFocus,6577,32,0.0048654401702904,41,0.0062338452181845,81,0.0123156454310475,-0.0013684050478941,0.0445491865592215,0.0594495970807359,0.0149004105215143,ff96891863418c29908feffd04de2f1971992890e39488570eeff469dc0061d0,e2d1328682bab7d2187684fb9f5420bb730401c9eefc00daf835edd203f4859d,
WAT,1000697,WATERS CORP /DE/,current,2024,2024-12-31,2025-02-25,0001193125-25-034579,2025-02-25T15:55:15.000Z,https://www.sec.gov/Archives/edgar/data/1000697/000119312525034579/d791800d10k.htm,dei:DocumentFiscalYearFocus,6635,22,0.0033157498116051,50,0.0075357950263752,82,0.0123587038432554,-0.0042200452147701,0.0396382818387339,0.0544084400904295,0.0147701582516955,ff27f384b812a4a1d7cf0dc7b85e295348e332c0f1b24ed74221ef48f22a7a1f,e2d1328682bab7d2187684fb9f5420bb730401c9eefc00daf835edd203f4859d,
WAT,1000697,WATERS CORP /DE/,current,2025,2025-12-31,2026-02-23,0001193125-26-062604,2026-02-23T14:10:03.000Z,https://www.sec.gov/Archives/edgar/data/1000697/000119312526062604/d778470d10k.htm,dei:DocumentFiscalYearFocus,7399,20,0.0027030679821597,58,0.0078388971482632,88,0.0118934991215029,-0.0051358291661035,0.0416272469252601,0.0551425868360589,0.0135153399107987,93dddab20650e40badee0d3b959498b7f8ad5f7514876e404e41de3bd3851674,e2d1328682bab7d2187684fb9f5420bb730401c9eefc00daf835edd203f4859d,
WELL,766704,WELLTOWER INC.,current,2016,2016-12-31,2017-02-22,0000766704-17-000012,2017-02-22T21:34:03.000Z,https://www.sec.gov/Archives/edgar/data/766704/000076670417000012/10-k.htm,report_date_year_fallback_review_required,10176,67,0.0065841194968553,130,0.0127751572327044,137,0.0134630503144654,-0.006191037735849,0.0302672955974842,0.054441823899371,0.0241745283018867,206e592064a04ccd5823476562b6839e2b4c8ac41c6dbfab4a73b07b12c5d040,e2d1328682bab7d2187684fb9f5420bb730401c9eefc00daf835edd203f4859d,
WELL,766704,WELLTOWER INC.,current,2017,2017-12-31,2018-02-28,0000766704-18-000012,2018-02-28T22:14:51.000Z,https://www.sec.gov/Archives/edgar/data/766704/000076670418000012/10-K.htm,report_date_year_fallback_review_required,10397,68,0.0065403481773588,138,0.0132730595364047,140,0.0134654227180917,-0.0067327113590458,0.0292392036164278,0.0541502356448975,0.0249110320284697,7bbe89aa938c18945ccfd2c0cc3604c4ed2cc57efbb70ca96c139bbb933863ae,e2d1328682bab7d2187684fb9f5420bb730401c9eefc00daf835edd203f4859d,
WELL,766704,WELLTOWER INC.,current,2018,2018-12-31,2019-02-25,0000766704-19-000014,2019-02-25T13:41:38.000Z,https://www.sec.gov/Archives/edgar/data/766704/000076670419000014/a201810-k.htm,dei:DocumentFiscalYearFocus,10192,68,0.0066718995290423,129,0.0126569858712715,137,0.0134419152276295,-0.0059850863422291,0.0298273155416012,0.0547488226059654,0.0249215070643642,11242dd80992066fc1f6b1e5877972ae2a65efe98150ffc282832008ee20dc97,e2d1328682bab7d2187684fb9f5420bb730401c9eefc00daf835edd203f4859d,
WELL,766704,WELLTOWER INC.,current,2019,2019-12-31,2020-02-14,0000766704-20-000015,2020-02-14T12:36:55.000Z,https://www.sec.gov/Archives/edgar/data/766704/000076670420000015/a201910-k.htm,dei:DocumentFiscalYearFocus,9831,65,0.0066117383785983,119,0.0121045671854338,136,0.0138337910690672,-0.0054928288068355,0.0283796155019835,0.0548265690163767,0.0264469535143932,5d3ee602f8912d83002e3379a7a52bb0a4158963ecefe2b52e330dbf30cabc93,e2d1328682bab7d2187684fb9f5420bb730401c9eefc00daf835edd203f4859d,
WELL,766704,WELLTOWER INC.,current,2020,2020-12-31,2021-02-10,0000766704-21-000018,2021-02-10T21:31:46.000Z,https://www.sec.gov/Archives/edgar/data/766704/000076670421000018/well-20201231.htm,dei:DocumentFiscalYearFocus,11891,72,0.0060549995795139,161,0.0135396518375241,154,0.0129509713228492,-0.0074846522580102,0.0264906231603733,0.0505424270456647,0.0240518038852913,002ad631b4b2704802e75f6b6e216ef5a5a193de0ca2454875a2188393cf40ea,e2d1328682bab7d2187684fb9f5420bb730401c9eefc00daf835edd203f4859d,
WELL,766704,WELLTOWER INC.,current,2021,2021-12-31,2022-02-16,0000766704-22-000013,2022-02-16T13:17:37.000Z,https://www.sec.gov/Archives/edgar/data/766704/000076670422000013/well-20211231.htm,dei:DocumentFiscalYearFocus,12507,66,0.0052770448548812,152,0.0121531942112417,156,0.0124730151115375,-0.0068761493563604,0.0301431198528823,0.0533301351243303,0.0231870152714479,02e53b8bcfac87041a41c49c35fab40b6fb769e4ce7417b94bd35a4e582fe0c8,e2d1328682bab7d2187684fb9f5420bb730401c9eefc00daf835edd203f4859d,
WELL,766704,WELLTOWER INC.,current,2022,2022-12-31,2023-02-21,0000766704-23-000010,2023-02-21T21:09:46.000Z,https://www.sec.gov/Archives/edgar/data/766704/000076670423000010/well-20221231.htm,dei:DocumentFiscalYearFocus,12797,69,0.0053918887239196,151,0.0117996405407517,148,0.0115652105962334,-0.006407751816832,0.0310228959912479,0.0539188872391966,0.0228959912479487,c95688b45125a977c563dddc9d9b392bf8ffa4f7af2f16d0852035273f210073,e2d1328682bab7d2187684fb9f5420bb730401c9eefc00daf835edd203f4859d,
WELL,766704,WELLTOWER INC.,current,2023,2023-12-31,2024-02-15,0000766704-24-000008,2024-02-15T12:25:22.000Z,https://www.sec.gov/Archives/edgar/data/766704/000076670424000008/well-20231231.htm,dei:DocumentFiscalYearFocus,12020,72,0.0059900166389351,160,0.0133111480865224,148,0.0123128119800332,-0.0073211314475873,0.0297004991680532,0.0548252911813643,0.0251247920133111,9be66c811cff5c75a12bd9f4fc52bf208a6f665c51281f9ad7f1e34ed51de078,e2d1328682bab7d2187684fb9f5420bb730401c9eefc00daf835edd203f4859d,
WELL,766704,WELLTOWER INC.,current,2024,2024-12-31,2025-02-12,0000766704-25-000009,2025-02-12T12:48:13.000Z,https://www.sec.gov/Archives/edgar/data/766704/000076670425000009/well-20241231.htm,dei:DocumentFiscalYearFocus,12137,75,0.0061794512647276,155,0.0127708659471038,142,0.0116997610612177,-0.0065914146823762,0.0281782977671582,0.0535552442943066,0.0253769465271483,5defcd65cee860d68a55a3a78152ea1a9d302d9d7f508cf063b66299781510b6,e2d1328682bab7d2187684fb9f5420bb730401c9eefc00daf835edd203f4859d,
WELL,766704,WELLTOWER INC.,current,2025,2025-12-31,2026-02-12,0000766704-26-000010,2026-02-12T11:49:59.000Z,https://www.sec.gov/Archives/edgar/data/766704/000076670426000010/well-20251231.htm,dei:DocumentFiscalYearFocus,12454,69,0.0055403886301589,157,0.0126063915207965,147,0.0118034366468604,-0.0070660028906375,0.0304319897221776,0.0549221133772282,0.0244901236550505,5c2358a13306207eafcd7e4acb6529b135e9aee43ae59ca2da7b317ac76c7c43,e2d1328682bab7d2187684fb9f5420bb730401c9eefc00daf835edd203f4859d,
WRB,11544,BERKLEY W R CORP,current,2016,2016-12-31,2017-02-28,0000011544-17-000009,2017-02-27T22:34:39.000Z,https://www.sec.gov/Archives/edgar/data/11544/000001154417000009/wrb1231201610k.htm,cover_fiscal_year_ended,11828,82,0.0069327020629015,423,0.0357625972269191,150,0.0126817720662833,-0.0288298951640175,0.0113290497125465,0.052164355765979,0.0408353060534325,af1aba63acf359e4e03c1801c9c3a8266f46b0c3552bfcb535ffe8216f7d0c02,e2d1328682bab7d2187684fb9f5420bb730401c9eefc00daf835edd203f4859d,
WRB,11544,BERKLEY W R CORP,current,2017,2017-12-31,2018-02-23,0000011544-18-000012,2018-02-23T21:41:12.000Z,https://www.sec.gov/Archives/edgar/data/11544/000001154418000012/wrb1231201710k.htm,cover_fiscal_year_ended,12161,84,0.0069073267001068,439,0.0360990050160348,143,0.0117589014061343,-0.0291916783159279,0.0110188306882657,0.0521338705698544,0.0411150398815886,759badc46ce3e8b91882861379f8a7a02076beef2d530b87d31b81b67df4cdfc,e2d1328682bab7d2187684fb9f5420bb730401c9eefc00daf835edd203f4859d,
WRB,11544,BERKLEY W R CORP,current,2018,2018-12-31,2019-02-22,0000011544-19-000016,2019-02-22T21:13:46.000Z,https://www.sec.gov/Archives/edgar/data/11544/000001154419000016/wrb1231201810-k.htm,dei:DocumentFiscalYearFocus,12061,80,0.0066329491750269,428,0.0354862780863941,139,0.0115247491916093,-0.0288533289113672,0.0146754000497471,0.0544730950999087,0.0397976950501616,b25f6914f8894e1bd2dc56c045e6472edd5d417b5382e411a4f535c5440a224c,e2d1328682bab7d2187684fb9f5420bb730401c9eefc00daf835edd203f4859d,
WRB,11544,BERKLEY W R CORP,current,2019,2019-12-31,2020-02-20,0000011544-20-000016,2020-02-20T21:20:08.000Z,https://www.sec.gov/Archives/edgar/data/11544/000001154420000016/wrb1231201910-k.htm,dei:DocumentFiscalYearFocus,12572,90,0.0071587655106586,428,0.034043907095132,149,0.0118517340120903,-0.0268851415844734,0.0173401209035952,0.0559974546611517,0.0386573337575564,998bbdfacff6b882eaa133d2b79f41b2f4b0d7330953ccf11251b4d927250473,e2d1328682bab7d2187684fb9f5420bb730401c9eefc00daf835edd203f4859d,
WRB,11544,BERKLEY W R CORP,current,2020,2020-12-31,2021-02-18,0000011544-21-000013,2021-02-18T22:21:32.000Z,https://www.sec.gov/Archives/edgar/data/11544/000001154421000013/wrb-20201231.htm,dei:DocumentFiscalYearFocus,12286,75,0.0061045091974605,477,0.0388246784958489,205,0.0166856584730587,-0.0327201692983884,0.0083021325085463,0.0509523034348038,0.0426501709262575,73c8629ec7b09412a20eefbd8ecf0f2da1de439e5c462e7a12aa309b75d7626c,e2d1328682bab7d2187684fb9f5420bb730401c9eefc00daf835edd203f4859d,
WRB,11544,BERKLEY W R CORP,current,2021,2021-12-31,2022-02-24,0000011544-22-000007,2022-02-24T21:51:04.000Z,https://www.sec.gov/Archives/edgar/data/11544/000001154422000007/wrb-20211231.htm,audited_December_cover_period_overrides_stale_DEI_or_cache,12098,76,0.0062820300876177,458,0.0378574971069598,179,0.0147958340221524,-0.031575467019342,0.0109108943627045,0.0536452306166308,0.0427343362539262,6ba9030619ae1c410d67f2dd19b53d141f554c7d7127296902da6793b5778e12,e2d1328682bab7d2187684fb9f5420bb730401c9eefc00daf835edd203f4859d,
WRB,11544,BERKLEY W R CORP,current,2022,2022-12-31,2023-02-24,0000011544-23-000004,2023-02-24T13:37:12.000Z,https://www.sec.gov/Archives/edgar/data/11544/000001154423000004/wrb-20221231.htm,audited_December_cover_period_overrides_stale_DEI_or_cache,12253,76,0.0062025626377213,455,0.0371337631600424,180,0.0146902799314453,-0.030931200522321,0.0116706112788704,0.0544356484126336,0.0427650371337631,42dc03dcb64fde20798cb12faec6ffefd7aacf8a510bdbfb94f39d9b88b5b6a6,e2d1328682bab7d2187684fb9f5420bb730401c9eefc00daf835edd203f4859d,
WRB,11544,BERKLEY W R CORP,current,2023,2023-12-31,2024-02-23,0000011544-24-000005,2024-02-23T21:09:29.000Z,https://www.sec.gov/Archives/edgar/data/11544/000001154424000005/wrb-20231231.htm,dei:DocumentFiscalYearFocus,11873,73,0.0061484039417164,457,0.0384906931693758,164,0.0138128526909795,-0.0323422892276593,0.0080013475953844,0.052219321148825,0.0442179735534405,a642fdc7818c89b68406c325d86fd549dd25ee1c525a97b6262061b2b3aaf625,e2d1328682bab7d2187684fb9f5420bb730401c9eefc00daf835edd203f4859d,
WRB,11544,BERKLEY W R CORP,current,2024,2024-12-31,2025-02-24,0000011544-25-000005,2025-02-24T21:18:40.000Z,https://www.sec.gov/Archives/edgar/data/11544/000001154425000005/wrb-20241231.htm,dei:DocumentFiscalYearFocus,11551,78,0.0067526621071768,442,0.0382650852740022,155,0.013418751623236,-0.0315124231668253,0.0117738723920006,0.0546273049952385,0.0428534326032378,9445c121a808f3a05e3daad85f81f8d33f0de867e5849ea70be49a7bdcc806fb,e2d1328682bab7d2187684fb9f5420bb730401c9eefc00daf835edd203f4859d,
WRB,11544,BERKLEY W R CORP,current,2025,2025-12-31,2026-02-27,0000011544-26-000005,2026-02-27T21:17:52.000Z,https://www.sec.gov/Archives/edgar/data/11544/000001154426000005/wrb-20251231.htm,dei:DocumentFiscalYearFocus,11109,83,0.0074714195697182,430,0.0387073543973355,146,0.0131424970744441,-0.0312359348276172,0.0117022234224502,0.0554505356017643,0.043748312179314,5828b59b671886bc882192ee750a54f5e92ffd5a98795dad70c9d00f14579bde,e2d1328682bab7d2187684fb9f5420bb730401c9eefc00daf835edd203f4859d,
WSM,719955,WILLIAMS SONOMA INC,current,2016,2017-01-29,2017-03-30,0001193125-17-104341,2017-03-30T21:22:12.000Z,https://www.sec.gov/Archives/edgar/data/719955/000119312517104341/d265187d10k.htm,issuer_52_53_week_Jan_Feb_end_previous_year,4833,24,0.004965859714463,70,0.0144837575005172,49,0.010138630250362,-0.0095178977860542,0.0401406993585764,0.0521415270018622,0.0120008276432857,99ebc3ead558ed70ac41488bbf9abe0ea28a5b9b2be73d9e718055a456c904dd,e2d1328682bab7d2187684fb9f5420bb730401c9eefc00daf835edd203f4859d,
WSM,719955,WILLIAMS SONOMA INC,current,2017,2018-01-28,2018-03-29,0001193125-18-102232,2018-03-29T21:22:02.000Z,https://www.sec.gov/Archives/edgar/data/719955/000119312518102232/d689546d10k.htm,issuer_52_53_week_Jan_Feb_end_previous_year,5483,33,0.0060186029545869,71,0.0129491154477475,50,0.0091190953857377,-0.0069305124931606,0.0412183111435345,0.0539850446835673,0.0127667335400328,24f7a33bfc394d0f6df3edcf40576cf5a4219cd6214b018b53c601f2e3988ec1,e2d1328682bab7d2187684fb9f5420bb730401c9eefc00daf835edd203f4859d,
WSM,719955,WILLIAMS SONOMA INC,current,2018,2019-02-03,2019-04-04,0001193125-19-097973,2019-04-04T21:00:21.000Z,https://www.sec.gov/Archives/edgar/data/719955/000119312519097973/d683578d10k.htm,issuer_52_53_week_Jan_Feb_end_previous_year,6207,35,0.0056387949089737,77,0.0124053487997422,61,0.0098276139842113,-0.0067665538907684,0.0410826486225229,0.0534879974222651,0.0124053487997422,84c94bb12009df0d62d33711b95532e941e6a4c52cf7cab3b759a43380b1f16f,e2d1328682bab7d2187684fb9f5420bb730401c9eefc00daf835edd203f4859d,
WSM,719955,WILLIAMS SONOMA INC,current,2019,2020-02-02,2020-03-27,0001193125-20-088937,2020-03-27T21:10:26.000Z,https://www.sec.gov/Archives/edgar/data/719955/000119312520088937/d856872d10k.htm,issuer_52_53_week_Jan_Feb_end_previous_year,5672,38,0.0066995768688293,75,0.0132228490832157,64,0.0112834978843441,-0.0065232722143864,0.0431946403385049,0.0580042313117066,0.0148095909732016,59b9db21a2d5ad43cf584df5c45a27a99e3cc854988442c098cdada5960edcd4,e2d1328682bab7d2187684fb9f5420bb730401c9eefc00daf835edd203f4859d,
WSM,719955,WILLIAMS SONOMA INC,current,2020,2021-01-31,2021-03-30,0001193125-21-100319,2021-03-30T20:54:04.000Z,https://www.sec.gov/Archives/edgar/data/719955/000119312521100319/d93631d10k.htm,issuer_52_53_week_Jan_Feb_end_previous_year,5764,26,0.0045107564191533,75,0.0130117973629424,78,0.01353226925746,-0.008501040943789,0.0431991672449687,0.0577723802914642,0.0145732130464954,bac7db767509553b8f0560d445402b99eb71d3ff669cf1a47833138659f87583,e2d1328682bab7d2187684fb9f5420bb730401c9eefc00daf835edd203f4859d,
WSM,719955,WILLIAMS SONOMA INC,current,2021,2022-01-30,2022-03-28,0001628280-22-007494,2022-03-28T21:26:27.000Z,https://www.sec.gov/Archives/edgar/data/719955/000162828022007494/wsm-20220130.htm,issuer_52_53_week_Jan_Feb_end_previous_year,5012,29,0.0057861133280127,65,0.0129688747007182,57,0.0113727055067837,-0.0071827613727055,0.0472865123703112,0.0598563447725458,0.0125698324022346,ffa7a8785a62761612977e72908a3a7c7c684928818f1efa27c5f27a295fc845,e2d1328682bab7d2187684fb9f5420bb730401c9eefc00daf835edd203f4859d,
WSM,719955,WILLIAMS SONOMA INC,current,2022,2023-01-29,2023-03-24,0001628280-23-009175,2023-03-24T21:18:59.000Z,https://www.sec.gov/Archives/edgar/data/719955/000162828023009175/wsm-20230129.htm,issuer_52_53_week_Jan_Feb_end_previous_year,5130,32,0.0062378167641325,79,0.0153996101364522,63,0.0122807017543859,-0.0091617933723196,0.0391812865497076,0.0551656920077972,0.0159844054580896,b6c8731bd6a1804e3ec792ed0a9438d412834b069ceb5307032fbd410e071e20,e2d1328682bab7d2187684fb9f5420bb730401c9eefc00daf835edd203f4859d,
WSM,719955,WILLIAMS SONOMA INC,current,2023,2024-01-28,2024-03-20,0001628280-24-012221,2024-03-20T20:17:51.000Z,https://www.sec.gov/Archives/edgar/data/719955/000162828024012221/wsm-20240128.htm,issuer_52_53_week_Jan_Feb_end_previous_year,5475,48,0.0087671232876712,84,0.0153424657534246,53,0.0096803652968036,-0.0065753424657534,0.0378082191780821,0.0549771689497716,0.0171689497716894,fa1d0997bfcd4d1ab123c7603b18b4169d5d899733d01855affd810ffdc224d1,e2d1328682bab7d2187684fb9f5420bb730401c9eefc00daf835edd203f4859d,
WSM,719955,WILLIAMS SONOMA INC,current,2024,2025-02-02,2025-03-27,0001628280-25-015037,2025-03-27T00:27:10.000Z,https://www.sec.gov/Archives/edgar/data/719955/000162828025015037/wsm-20250202.htm,issuer_52_53_week_Jan_Feb_end_previous_year,5183,49,0.0094539841790468,86,0.0165927069264904,57,0.0109974918001157,-0.0071387227474435,0.0397453212425236,0.0559521512637468,0.0162068300212232,d4419589efc6a14883a77d260a4cdb0570185cecbfaa730f1c28b9666f2cea48,e2d1328682bab7d2187684fb9f5420bb730401c9eefc00daf835edd203f4859d,
WSM,719955,WILLIAMS SONOMA INC,current,2025,2026-02-01,2026-03-26,0000719955-26-000059,2026-03-25T22:09:36.000Z,https://www.sec.gov/Archives/edgar/data/719955/000071995526000059/wsm-20260201.htm,issuer_52_53_week_Jan_Feb_end_previous_year,4850,46,0.0094845360824742,73,0.0150515463917525,57,0.0117525773195876,-0.0055670103092783,0.0406185567010309,0.0569072164948453,0.0162886597938144,0859858348282ab84e222af82fa9beed5a32f4a277ea75cd095453955eee1b2d,e2d1328682bab7d2187684fb9f5420bb730401c9eefc00daf835edd203f4859d,
WST,105770,WEST PHARMACEUTICAL SERVICES INC,current,2016,2016-12-31,2017-02-28,0000105770-17-000011,2017-02-28T17:15:34.000Z,https://www.sec.gov/Archives/edgar/data/105770/000010577017000011/wst10k123116.htm,cover_fiscal_year_ended,6438,44,0.006834420627524,72,0.0111835973904939,64,0.0099409754582168,-0.0043491767629698,0.0479962721342031,0.0636843740292016,0.0156881018949984,d9f12819ad30b53b60e52fae7c7e047315f1d3ea00ffe2e90b3716c5191478d1,e2d1328682bab7d2187684fb9f5420bb730401c9eefc00daf835edd203f4859d,
WST,105770,WEST PHARMACEUTICAL SERVICES INC,current,2017,2017-12-31,2018-02-26,0000105770-18-000006,2018-02-26T22:13:48.000Z,https://www.sec.gov/Archives/edgar/data/105770/000010577018000006/wst10k12312017.htm,cover_fiscal_year_ended,6116,52,0.0085022890778286,56,0.0091563113145846,59,0.0096468279921517,-0.000654022236756,0.052812295618051,0.0678548070634401,0.0150425114453891,5dc5975d8617feba8da84918123013f752c0493e17602276b42d130de0d55ad7,e2d1328682bab7d2187684fb9f5420bb730401c9eefc00daf835edd203f4859d,
WST,105770,WEST PHARMACEUTICAL SERVICES INC,current,2018,2018-12-31,2019-02-28,0000105770-19-000012,2019-02-27T22:33:18.000Z,https://www.sec.gov/Archives/edgar/data/105770/000010577019000012/wst10k12312018.htm,cover_fiscal_year_ended,6893,74,0.0107355287973306,59,0.008559408095169,54,0.0078340345277818,0.0021761207021616,0.0541128681270854,0.0677498911939648,0.0136370230668794,149cecd8de28b34c50485f76fa93cd0bd34bfdeff8ecaa312fda6bb234627557,e2d1328682bab7d2187684fb9f5420bb730401c9eefc00daf835edd203f4859d,
WST,105770,WEST PHARMACEUTICAL SERVICES INC,current,2019,2019-12-31,2020-02-24,0000105770-20-000015,2020-02-21T23:56:52.000Z,https://www.sec.gov/Archives/edgar/data/105770/000010577020000015/wst-20191231.htm,dei:DocumentFiscalYearFocus,6811,67,0.0098370283365144,58,0.0085156364704155,49,0.0071942446043165,0.0013213918660989,0.0554984583761562,0.0691528409925121,0.0136543826163558,8180406e674fe9806ec2db0345c51cbc27e273940819061268eae3a4682ed613,e2d1328682bab7d2187684fb9f5420bb730401c9eefc00daf835edd203f4859d,
WST,105770,WEST PHARMACEUTICAL SERVICES INC,current,2020,2020-12-31,2021-02-23,0000105770-21-000008,2021-02-23T21:49:23.000Z,https://www.sec.gov/Archives/edgar/data/105770/000010577021000008/wst-20201231.htm,dei:DocumentFiscalYearFocus,6623,62,0.0093613166238864,60,0.0090593386682772,52,0.0078514268458402,0.0003019779556092,0.0561678997433187,0.0696059187679299,0.0134380190246112,afe6c87c81c3806a44502269d97c1daf8c1cb06d7cc53114434dee144ad2f416,e2d1328682bab7d2187684fb9f5420bb730401c9eefc00daf835edd203f4859d,
WST,105770,WEST PHARMACEUTICAL SERVICES INC,current,2021,2021-12-31,2022-02-22,0001628280-22-003342,2022-02-22T21:22:31.000Z,https://www.sec.gov/Archives/edgar/data/105770/000162828022003342/wst-20211231.htm,dei:DocumentFiscalYearFocus,6425,54,0.0084046692607003,66,0.010272373540856,55,0.0085603112840466,-0.0018677042801556,0.053852140077821,0.0681712062256809,0.0143190661478599,4a0beb0fb1c58c1efe612ef88a51148077abcae509d0a32db518b33f39a87427,e2d1328682bab7d2187684fb9f5420bb730401c9eefc00daf835edd203f4859d,
WST,105770,WEST PHARMACEUTICAL SERVICES INC,current,2022,2022-12-31,2023-02-21,0000105770-23-000012,2023-02-21T21:18:23.000Z,https://www.sec.gov/Archives/edgar/data/105770/000010577023000012/wst-20221231.htm,dei:DocumentFiscalYearFocus,5768,32,0.0055478502080443,79,0.0136962552011095,70,0.012135922330097,-0.0081484049930651,0.0469833564493758,0.0624133148404993,0.0154299583911234,04fab7c5245695d2023199b5f0d6625772c74d1dfeee088be2ce53e2fa47135b,e2d1328682bab7d2187684fb9f5420bb730401c9eefc00daf835edd203f4859d,
WST,105770,WEST PHARMACEUTICAL SERVICES INC,current,2023,2023-12-31,2024-02-20,0000105770-24-000015,2024-02-20T21:44:29.000Z,https://www.sec.gov/Archives/edgar/data/105770/000010577024000015/wst-20231231.htm,dei:DocumentFiscalYearFocus,5528,35,0.0063314037626628,72,0.0130246020260492,55,0.0099493487698986,-0.0066931982633863,0.0441389290882778,0.0604196816208393,0.0162807525325615,aaa93b70a25575ebd01d6b02f6c04ce8d141613b1fb95b5c989ab7e911143aa8,e2d1328682bab7d2187684fb9f5420bb730401c9eefc00daf835edd203f4859d,
WST,105770,WEST PHARMACEUTICAL SERVICES INC,current,2024,2024-12-31,2025-02-18,0000105770-25-000013,2025-02-18T21:44:56.000Z,https://www.sec.gov/Archives/edgar/data/105770/000010577025000013/wst-20241231.htm,dei:DocumentFiscalYearFocus,5100,24,0.0047058823529411,63,0.0123529411764705,47,0.0092156862745098,-0.0076470588235294,0.0415686274509803,0.0580392156862745,0.0164705882352941,4789d02385882de3839b162343971f380deffc75698accc637ab2315be3de360,e2d1328682bab7d2187684fb9f5420bb730401c9eefc00daf835edd203f4859d,
WST,105770,WEST PHARMACEUTICAL SERVICES INC,current,2025,2025-12-31,2026-02-17,0000105770-26-000010,2026-02-17T21:28:34.000Z,https://www.sec.gov/Archives/edgar/data/105770/000010577026000010/wst-20251231.htm,dei:DocumentFiscalYearFocus,5129,30,0.0058490933905244,60,0.0116981867810489,46,0.0089686098654708,-0.0058490933905244,0.0506921427178787,0.0660947553129265,0.0154026125950477,3ca900795be5cea3b0436ce8a2a72b7a090efc83fa5f75c28cbcebae2bd93f76,e2d1328682bab7d2187684fb9f5420bb730401c9eefc00daf835edd203f4859d,
XYL,1524472,Xylem Inc.,current,2016,2016-12-31,2017-02-23,0001524472-17-000008,2017-02-23T16:50:48.000Z,https://www.sec.gov/Archives/edgar/data/1524472/000152447217000008/xyl1231201610k.htm,dei:DocumentFiscalYearFocus,11087,70,0.0063137007305853,209,0.0188509064670334,157,0.0141607287814557,-0.012537205736448,0.0380625958329575,0.0579056552719401,0.0198430594389825,cd0311c3883fa6b4b37a7f596083f7fc5d6bf17f5e0134ff2abfd7da4940907d,e2d1328682bab7d2187684fb9f5420bb730401c9eefc00daf835edd203f4859d,
XYL,1524472,Xylem Inc.,current,2017,2017-12-31,2018-02-23,0001524472-18-000006,2018-02-23T17:53:26.000Z,https://www.sec.gov/Archives/edgar/data/1524472/000152447218000006/xyl1231201710k.htm,dei:DocumentFiscalYearFocus,12780,106,0.0082942097026604,197,0.015414710485133,152,0.0118935837245696,-0.0071205007824726,0.0450704225352112,0.0633020344287949,0.0182316118935837,d69d6ea20ea8a16a1c16b9a4b3a718b3670ef7bd5b3f303f76028a9024a74e94,e2d1328682bab7d2187684fb9f5420bb730401c9eefc00daf835edd203f4859d,
XYL,1524472,Xylem Inc.,current,2018,2018-12-31,2019-02-22,0001524472-19-000009,2019-02-22T15:34:01.000Z,https://www.sec.gov/Archives/edgar/data/1524472/000152447219000009/xyl1231201810k.htm,dei:DocumentFiscalYearFocus,13784,139,0.0100841555426581,197,0.0142919326755658,161,0.011680208937899,-0.0042077771329077,0.049767846778874,0.0663813116656993,0.0166134648868253,329584cafa02c9d2acca8d12825c6c8ecc9cd9a8d9cb7be25701fdf0fab94c45,e2d1328682bab7d2187684fb9f5420bb730401c9eefc00daf835edd203f4859d,
XYL,1524472,Xylem Inc.,current,2019,2019-12-31,2020-02-28,0001524472-20-000006,2020-02-28T17:33:04.000Z,https://www.sec.gov/Archives/edgar/data/1524472/000152447220000006/xyl1231201910kv1.htm,dei:DocumentFiscalYearFocus,10499,95,0.0090484808076959,167,0.0159062767882655,144,0.0137155919611391,-0.0068577959805695,0.0461948757024478,0.0616249166587294,0.0154300409562815,b0792873b1b2a692b4ad8d71c8774ed590edc773690f1edc3b9c20e4a3f4ce75,e2d1328682bab7d2187684fb9f5420bb730401c9eefc00daf835edd203f4859d,
XYL,1524472,Xylem Inc.,current,2020,2020-12-31,2021-02-26,0001524472-21-000008,2021-02-26T19:41:14.000Z,https://www.sec.gov/Archives/edgar/data/1524472/000152447221000008/xyl-20201231.htm,dei:DocumentFiscalYearFocus,11834,73,0.0061686665539969,234,0.0197735338854149,179,0.0151259083995267,-0.0136048673314179,0.0296603008281223,0.0489268210241676,0.0192665201960452,cbcbc4a3ae69e6eb3f07ae14bdf23fd474c5c31c2c37b6b86400ba065c99545d,e2d1328682bab7d2187684fb9f5420bb730401c9eefc00daf835edd203f4859d,
XYL,1524472,Xylem Inc.,current,2021,2021-12-31,2022-02-25,0001524472-22-000009,2022-02-25T18:43:00.000Z,https://www.sec.gov/Archives/edgar/data/1524472/000152447222000009/xyl-20211231.htm,dei:DocumentFiscalYearFocus,11028,94,0.0085237577076532,168,0.015233949945593,157,0.0142364889372506,-0.0067101922379397,0.0436162495466086,0.0615705476967718,0.0179542981501632,ed9b345324e4b744769b22452ebd156b939640ed8e4391ed2764227846cecead,e2d1328682bab7d2187684fb9f5420bb730401c9eefc00daf835edd203f4859d,
XYL,1524472,Xylem Inc.,current,2022,2022-12-31,2023-02-24,0001524472-23-000009,2023-02-24T18:13:40.000Z,https://www.sec.gov/Archives/edgar/data/1524472/000152447223000009/xyl-20221231.htm,dei:DocumentFiscalYearFocus,10495,98,0.0093377798951881,169,0.0161029061457837,145,0.0138161029061457,-0.0067651262505955,0.0424011434016198,0.0606002858504049,0.0181991424487851,2c6f368f56acae3ccebdf2b13712b2ad0dba49a0250787c1ff319c7b3510b09c,e2d1328682bab7d2187684fb9f5420bb730401c9eefc00daf835edd203f4859d,
XYL,1524472,Xylem Inc.,current,2023,2023-12-31,2024-02-28,0001524472-24-000006,2024-02-28T19:28:06.000Z,https://www.sec.gov/Archives/edgar/data/1524472/000152447224000006/xyl-20231231.htm,dei:DocumentFiscalYearFocus,10111,85,0.0084066857877559,152,0.0150331322322223,147,0.0145386213035308,-0.0066264464444664,0.0505390169122737,0.0673523884877855,0.0168133715755118,eb0c6385afbf4a40cef1b5684264ca87285319ac7d074adf7aa0950ed5495efe,e2d1328682bab7d2187684fb9f5420bb730401c9eefc00daf835edd203f4859d,
XYL,1524472,Xylem Inc.,current,2024,2024-12-31,2025-03-03,0001524472-25-000013,2025-03-03T17:01:51.000Z,https://www.sec.gov/Archives/edgar/data/1524472/000152447225000013/xyl-20241231.htm,dei:DocumentFiscalYearFocus,12519,100,0.0079878584551481,229,0.0182921958622893,171,0.0136592379583033,-0.0103043374071411,0.0508826583592938,0.0687754612988257,0.0178928029395319,8337f312191324061488029313c69e5e9524eb7236402c105d2569a43c82c59b,e2d1328682bab7d2187684fb9f5420bb730401c9eefc00daf835edd203f4859d,
XYL,1524472,Xylem Inc.,current,2025,2025-12-31,2026-02-25,0001524472-26-000012,2026-02-25T18:36:17.000Z,https://www.sec.gov/Archives/edgar/data/1524472/000152447226000012/xyl-20251231.htm,dei:DocumentFiscalYearFocus,9599,75,0.0078133138868632,145,0.0151057401812688,147,0.0153140952182519,-0.0072924262944056,0.0481300135430774,0.0662569017606,0.0181268882175226,b681e00e172f9a6a613c2f46af139aed348be3536b7985db82aba630d8fdb10c,e2d1328682bab7d2187684fb9f5420bb730401c9eefc00daf835edd203f4859d,
